timestamp,iso_time,mode,armed,lat,lng,heading,sog_knots,battery_v,state,gate_x,error_px
1786032526.769,2026-08-06 23:08:46,MANUAL,False,-7.9266544,112.5954573,233.62,0.0,0.0,IDLE,,
1786032526.913,2026-08-06 23:08:46,MANUAL,False,-7.9266769,112.595484,233.59,0.0,0.0,IDLE,,
1786032527.071,2026-08-06 23:08:47,MANUAL,False,-7.9267268,112.5955432,233.5,0.0,0.0,IDLE,,
1786032527.213,2026-08-06 23:08:47,MANUAL,False,-7.9267511,112.595572,233.47,0.0,0.0,IDLE,,
1786032527.395,2026-08-06 23:08:47,MANUAL,False,-7.9268049,112.5956358,233.37,0.0,0.0,IDLE,,
1786032527.559,2026-08-06 23:08:47,MANUAL,False,-7.9268584,112.5956995,233.27,0.0,0.0,IDLE,,
1786032527.744,2026-08-06 23:08:47,MANUAL,False,-7.9269115,112.5957627,233.19,0.0,0.0,IDLE,,
1786032527.894,2026-08-06 23:08:47,MANUAL,False,-7.9269368,112.595793,233.13,0.0,0.0,IDLE,,
1786032528.045,2026-08-06 23:08:48,MANUAL,False,-7.926988,112.5958544,233.05,0.0,0.0,IDLE,,
1786032528.190,2026-08-06 23:08:48,MANUAL,False,-7.9270118,112.5958832,233.0,0.0,0.0,IDLE,,
1786032528.348,2026-08-06 23:08:48,MANUAL,False,-7.9270609,112.5959426,232.89,0.0,0.0,IDLE,,
1786032528.507,2026-08-06 23:08:48,MANUAL,False,-7.9270841,112.5959707,232.84,0.0,0.0,IDLE,,
1786032528.679,2026-08-06 23:08:48,MANUAL,False,-7.9271296,112.5960262,232.74,0.0,0.0,IDLE,,
1786032528.830,2026-08-06 23:08:48,MANUAL,False,-7.9271726,112.5960787,232.64,0.0,0.0,IDLE,,
1786032528.984,2026-08-06 23:08:48,MANUAL,False,-7.9271933,112.5961041,232.61,0.0,0.0,IDLE,,
1786032529.136,2026-08-06 23:08:49,MANUAL,False,-7.9272311,112.5961507,232.52,0.0,0.0,IDLE,,
1786032529.289,2026-08-06 23:08:49,MANUAL,False,-7.9272492,112.596173,232.47,0.0,0.0,IDLE,,
1786032529.431,2026-08-06 23:08:49,MANUAL,False,-7.9272825,112.5962147,232.39,0.0,0.0,IDLE,,
1786032529.575,2026-08-06 23:08:49,MANUAL,False,-7.9272977,112.5962339,232.34,0.0,0.0,IDLE,,
1786032529.725,2026-08-06 23:08:49,MANUAL,False,-7.9273251,112.596269,232.26,0.0,0.0,IDLE,,
1786032529.867,2026-08-06 23:08:49,MANUAL,False,-7.9273376,112.596285,232.22,0.0,0.0,IDLE,,
1786032530.059,2026-08-06 23:08:50,MANUAL,True,-7.9273589,112.5963133,232.14,0.0,0.0,IDLE,,
1786032530.340,2026-08-06 23:08:50,MANUAL,True,-7.9273827,112.5963464,232.0,0.0,0.0,IDLE,,
1786032530.554,2026-08-06 23:08:50,MANUAL,True,-7.9273932,112.5963625,231.96,0.0,0.0,IDLE,,
1786032530.706,2026-08-06 23:08:50,MANUAL,True,-7.9274003,112.5963732,231.92,0.0,0.0,IDLE,,
1786032530.869,2026-08-06 23:08:50,MANUAL,True,-7.9274026,112.5963793,231.88,0.0,0.0,IDLE,,
1786032531.022,2026-08-06 23:08:51,MANUAL,True,-7.9274028,112.5963816,231.85,0.0,0.0,IDLE,,
1786032531.167,2026-08-06 23:08:51,MANUAL,True,-7.9274039,112.596387,231.8,0.0,0.0,IDLE,,
1786032531.309,2026-08-06 23:08:51,MANUAL,True,-7.9273757,112.596355,224.97,0.0,0.0,IDLE,,
1786032531.453,2026-08-06 23:08:51,MANUAL,True,-7.9273676,112.5963497,224.96,0.0,0.0,IDLE,,
1786032531.589,2026-08-06 23:08:51,MANUAL,True,-7.9273615,112.5963446,224.95,0.0,0.0,IDLE,,
1786032531.732,2026-08-06 23:08:51,MANUAL,True,-7.9273489,112.5963338,224.98,0.0,0.0,IDLE,,
1786032531.871,2026-08-06 23:08:51,MANUAL,True,-7.9273427,112.5963284,224.99,0.0,0.0,IDLE,,
1786032532.016,2026-08-06 23:08:52,MANUAL,True,-7.9273338,112.59632,225.0,0.0,0.0,IDLE,,
1786032532.160,2026-08-06 23:08:52,MANUAL,True,-7.9273189,112.596306,225.03,0.0,0.0,IDLE,,
1786032532.310,2026-08-06 23:08:52,MANUAL,True,-7.9273097,112.5962969,225.05,0.0,0.0,IDLE,,
1786032532.476,2026-08-06 23:08:52,MANUAL,True,-7.9272882,112.5962751,225.09,0.0,0.0,IDLE,640,320
1786032532.623,2026-08-06 23:08:52,MANUAL,True,-7.927276,112.5962622,225.12,0.0,0.0,IDLE,640,320
1786032532.767,2026-08-06 23:08:52,MANUAL,True,-7.9272527,112.5962377,225.18,0.0,0.0,IDLE,640,320
1786032532.906,2026-08-06 23:08:52,MANUAL,True,-7.9272419,112.5962262,225.21,0.0,0.0,IDLE,640,320
1786032533.049,2026-08-06 23:08:53,MANUAL,True,-7.927217,112.5961989,225.25,0.0,0.0,IDLE,640,320
1786032533.193,2026-08-06 23:08:53,MANUAL,True,-7.9272057,112.5961864,225.28,0.0,0.0,IDLE,640,320
1786032533.336,2026-08-06 23:08:53,MANUAL,True,-7.9271778,112.5961547,225.33,0.0,0.0,IDLE,640,320
1786032533.472,2026-08-06 23:08:53,MANUAL,True,-7.927165,112.59614,225.38,0.0,0.0,IDLE,640,320
1786032533.635,2026-08-06 23:08:53,MANUAL,True,-7.9271499,112.5961224,225.42,0.0,0.0,IDLE,640,320
1786032533.779,2026-08-06 23:08:53,MANUAL,True,-7.9271218,112.5960893,225.49,0.0,0.0,IDLE,640,320
1786032533.921,2026-08-06 23:08:53,MANUAL,True,-7.9271088,112.596074,225.53,0.0,0.0,IDLE,640,320
1786032534.066,2026-08-06 23:08:54,MANUAL,True,-7.9270806,112.59604,225.6,0.0,0.0,IDLE,640,320
1786032534.218,2026-08-06 23:08:54,MANUAL,True,-7.9270681,112.5960248,225.64,0.0,0.0,IDLE,640,320
1786032534.373,2026-08-06 23:08:54,MANUAL,True,-7.9270383,112.5959885,225.72,0.0,0.0,IDLE,640,320
1786032534.512,2026-08-06 23:08:54,MANUAL,True,-7.9270249,112.595972,225.78,0.0,0.0,IDLE,640,320
1786032534.662,2026-08-06 23:08:54,MANUAL,True,-7.926996,112.5959364,225.87,0.0,0.0,IDLE,640,320
1786032534.813,2026-08-06 23:08:54,MANUAL,True,-7.9269804,112.595917,226.02,0.0,0.0,IDLE,640,320
1786032534.966,2026-08-06 23:08:54,MANUAL,True,-7.9269514,112.595881,226.21,0.0,0.0,IDLE,640,320
1786032535.119,2026-08-06 23:08:55,MANUAL,True,-7.9269379,112.5958643,226.28,0.0,0.0,IDLE,640,320
1786032535.271,2026-08-06 23:08:55,MANUAL,True,-7.9269106,112.5958302,226.35,0.0,0.0,IDLE,640,320
1786032535.427,2026-08-06 23:08:55,MANUAL,True,-7.9268809,112.5957928,226.46,0.0,0.0,IDLE,640,320
1786032535.573,2026-08-06 23:08:55,MANUAL,True,-7.9268586,112.5957649,226.45,0.0,0.0,IDLE,640,320
1786032535.726,2026-08-06 23:08:55,MANUAL,True,-7.9268105,112.5957048,226.64,0.0,0.0,IDLE,640,320
1786032535.877,2026-08-06 23:08:55,MANUAL,True,-7.9267868,112.5956753,226.72,0.0,0.0,IDLE,640,320
1786032536.190,2026-08-06 23:08:56,MANUAL,True,-7.9267127,112.5955824,227.01,0.0,0.0,IDLE,640,320
1786032536.423,2026-08-06 23:08:56,MANUAL,True,-7.9266653,112.5955245,227.22,0.0,0.0,IDLE,640,320
1786032536.595,2026-08-06 23:08:56,MANUAL,True,-7.9266244,112.5954748,227.39,0.0,0.0,IDLE,640,320
1786032536.767,2026-08-06 23:08:56,MANUAL,True,-7.9265901,112.5954322,227.54,0.0,0.0,IDLE,640,320
1786032536.943,2026-08-06 23:08:56,MANUAL,True,-7.9265615,112.5953959,227.66,0.0,0.0,IDLE,640,320
1786032537.125,2026-08-06 23:08:57,MANUAL,True,-7.9265385,112.5953667,227.78,0.0,0.0,IDLE,640,320
1786032537.286,2026-08-06 23:08:57,MANUAL,True,-7.9265277,112.5953532,227.84,0.0,0.0,IDLE,640,320
1786032537.434,2026-08-06 23:08:57,MANUAL,True,-7.9265084,112.5953283,227.95,0.0,0.0,IDLE,640,320
1786032537.605,2026-08-06 23:08:57,MANUAL,True,-7.9264995,112.5953167,227.99,0.0,0.0,IDLE,640,320
1786032537.762,2026-08-06 23:08:57,MANUAL,True,-7.926484,112.5952965,228.07,0.0,0.0,IDLE,640,320
1786032537.908,2026-08-06 23:08:57,MANUAL,True,-7.9264773,112.5952876,228.12,0.0,0.0,IDLE,640,320
1786032538.058,2026-08-06 23:08:58,MANUAL,True,-7.9264641,112.5952699,228.22,0.0,0.0,IDLE,640,320
1786032538.198,2026-08-06 23:08:58,MANUAL,True,-7.9264584,112.5952621,228.25,0.0,0.0,IDLE,640,320
1786032538.358,2026-08-06 23:08:58,MANUAL,True,-7.9264464,112.5952461,228.34,0.0,0.0,IDLE,640,320
1786032538.503,2026-08-06 23:08:58,MANUAL,True,-7.926441,112.5952387,228.38,0.0,0.0,IDLE,640,320
1786032538.697,2026-08-06 23:08:58,MANUAL,True,-7.926429,112.5952227,228.47,0.0,0.0,IDLE,640,320
1786032538.870,2026-08-06 23:08:58,MANUAL,True,-7.9264192,112.5952094,228.54,0.0,0.0,IDLE,640,320
1786032539.071,2026-08-06 23:08:59,MANUAL,True,-7.9264086,112.5951953,228.63,0.0,0.0,IDLE,640,320
1786032539.269,2026-08-06 23:08:59,MANUAL,True,-7.9263987,112.5951817,228.7,0.0,0.0,IDLE,640,320
1786032539.440,2026-08-06 23:08:59,MANUAL,True,-7.9263881,112.5951674,228.77,0.0,0.0,IDLE,640,320
1786032539.595,2026-08-06 23:08:59,MANUAL,True,-7.9263828,112.5951601,228.81,0.0,0.0,IDLE,640,320
1786032539.761,2026-08-06 23:08:59,MANUAL,True,-7.9263728,112.5951461,228.87,0.0,0.0,IDLE,640,320
1786032539.963,2026-08-06 23:08:59,MANUAL,True,-7.9263627,112.5951319,228.92,0.0,0.0,IDLE,640,320
1786032540.154,2026-08-06 23:09:00,MANUAL,True,-7.9263521,112.5951174,229.0,0.0,0.0,IDLE,640,320
1786032540.390,2026-08-06 23:09:00,MANUAL,True,-7.9263404,112.5951015,229.07,0.0,0.0,IDLE,640,320
1786032540.540,2026-08-06 23:09:00,MANUAL,True,-7.9263286,112.5950857,229.18,0.0,0.0,IDLE,640,320
1786032540.705,2026-08-06 23:09:00,MANUAL,True,-7.9263228,112.595078,229.23,0.0,0.0,START,640,320
1786032540.848,2026-08-06 23:09:00,MANUAL,True,-7.9263112,112.5950624,229.3,0.0,0.0,START,640,320
1786032541.002,2026-08-06 23:09:01,MANUAL,True,-7.9263054,112.5950546,229.35,0.0,0.0,START,640,320
1786032541.149,2026-08-06 23:09:01,MANUAL,True,-7.9262944,112.5950398,229.43,0.0,0.0,START,640,320
1786032541.290,2026-08-06 23:09:01,MANUAL,True,-7.9262889,112.5950324,229.47,0.0,0.0,START,640,320
1786032541.432,2026-08-06 23:09:01,MANUAL,True,-7.9262999,112.5950522,234.69,0.0,0.0,START,640,320
1786032541.571,2026-08-06 23:09:01,MANUAL,True,-7.9262962,112.5950469,234.7,0.0,0.0,START,640,320
1786032541.711,2026-08-06 23:09:01,MANUAL,True,-7.9262918,112.5950409,234.73,0.0,0.0,START,640,320
1786032541.857,2026-08-06 23:09:01,MANUAL,True,-7.9262847,112.5950309,234.78,0.0,0.0,START,640,320
1786032542.011,2026-08-06 23:09:02,MANUAL,True,-7.9262805,112.5950251,234.82,0.0,0.0,START,640,320
1786032542.161,2026-08-06 23:09:02,MANUAL,True,-7.9262721,112.5950137,234.89,0.0,0.0,START,640,320
1786032542.316,2026-08-06 23:09:02,MANUAL,True,-7.9262677,112.5950077,234.93,0.0,0.0,START,625,305
1786032542.474,2026-08-06 23:09:02,MANUAL,True,-7.9262585,112.5949953,234.99,0.0,0.0,START,597,277
1786032542.643,2026-08-06 23:09:02,MANUAL,True,-7.9262538,112.5949889,235.05,0.0,0.0,START,582,262
1786032542.792,2026-08-06 23:09:02,MANUAL,True,-7.9262485,112.5949817,235.13,0.0,0.0,TRACKING_BUOY (MANUAL),573,253
1786032542.943,2026-08-06 23:09:02,MANUAL,True,-7.9262404,112.5949708,235.46,0.0,0.0,TRACKING_BUOY (MANUAL),575,255
1786032543.095,2026-08-06 23:09:03,MANUAL,True,-7.926232,112.5949593,235.49,0.0,0.0,TRACKING_BUOY (MANUAL),574,254
1786032543.239,2026-08-06 23:09:03,MANUAL,True,-7.926228,112.5949539,235.5,0.0,0.0,TRACKING_BUOY (MANUAL),573,253
1786032543.392,2026-08-06 23:09:03,MANUAL,True,-7.9262204,112.5949432,235.52,0.0,0.0,TRACKING_BUOY (MANUAL),573,253
1786032543.549,2026-08-06 23:09:03,MANUAL,True,-7.926213,112.594933,235.5,0.0,0.0,TRACKING_BUOY (MANUAL),580,260
1786032543.704,2026-08-06 23:09:03,MANUAL,True,-7.926208,112.594926,235.43,0.0,0.0,TRACKING_BUOY (MANUAL),584,264
1786032543.856,2026-08-06 23:09:03,MANUAL,True,-7.9262026,112.5949183,235.3,0.0,0.0,TRACKING_BUOY (MANUAL),572,252
1786032544.004,2026-08-06 23:09:04,MANUAL,True,-7.9261994,112.5949138,235.25,0.0,0.0,TRACKING_BUOY (MANUAL),546,226
1786032544.147,2026-08-06 23:09:04,MANUAL,True,-7.9261929,112.5949048,235.04,0.0,0.0,TRACKING_BUOY (MANUAL),534,214
1786032544.294,2026-08-06 23:09:04,MANUAL,True,-7.9261897,112.5949004,235.05,0.0,0.0,TRACKING_BUOY (MANUAL),514,194
1786032544.436,2026-08-06 23:09:04,MANUAL,True,-7.9261866,112.5948961,235.05,0.0,0.0,TRACKING_BUOY (MANUAL),477,157
1786032544.575,2026-08-06 23:09:04,MANUAL,True,-7.9261797,112.594887,235.15,0.0,0.0,TRACKING_BUOY (MANUAL),403,83
1786032544.718,2026-08-06 23:09:04,MANUAL,True,-7.9261761,112.5948823,235.23,0.0,0.0,TRACKING_BUOY (MANUAL),361,41
1786032544.859,2026-08-06 23:09:04,MANUAL,True,-7.9261692,112.5948731,235.34,0.0,0.0,TRACKING_BUOY (MANUAL),332,12
1786032545.006,2026-08-06 23:09:05,MANUAL,True,-7.926166,112.5948689,235.41,0.0,0.0,TRACKING_BUOY (MANUAL),308,-12
1786032545.156,2026-08-06 23:09:05,MANUAL,True,-7.9261593,112.59486,235.5,0.0,0.0,TRACKING_BUOY (MANUAL),293,-27
1786032545.305,2026-08-06 23:09:05,MANUAL,True,-7.926156,112.5948556,235.57,0.0,0.0,TRACKING_BUOY (MANUAL),282,-38
1786032545.452,2026-08-06 23:09:05,MANUAL,True,-7.92615,112.5948475,235.59,0.0,0.0,TRACKING_BUOY (MANUAL),277,-43
1786032545.591,2026-08-06 23:09:05,MANUAL,True,-7.9261473,112.5948438,235.61,0.0,0.0,TRACKING_BUOY (MANUAL),280,-40
1786032545.732,2026-08-06 23:09:05,MANUAL,True,-7.9261434,112.5948387,235.61,0.0,0.0,TRACKING_BUOY (MANUAL),285,-35
1786032545.872,2026-08-06 23:09:05,MANUAL,True,-7.9261386,112.5948322,235.63,0.0,0.0,TRACKING_BUOY (MANUAL),297,-23
1786032546.022,2026-08-06 23:09:06,MANUAL,True,-7.9261363,112.5948289,235.61,0.0,0.0,TRACKING_BUOY (MANUAL),305,-15
1786032546.169,2026-08-06 23:09:06,MANUAL,True,-7.9261311,112.5948217,235.44,0.0,0.0,TRACKING_BUOY (MANUAL),314,-6
1786032546.313,2026-08-06 23:09:06,MANUAL,True,-7.9261286,112.5948182,235.44,0.0,0.0,TRACKING_BUOY (MANUAL),327,7
1786032546.474,2026-08-06 23:09:06,MANUAL,True,-7.9261245,112.5948123,235.43,0.0,0.0,TRACKING_BUOY (MANUAL),341,21
1786032546.638,2026-08-06 23:09:06,MANUAL,True,-7.926123,112.59481,235.49,0.0,0.0,TRACKING_BUOY (MANUAL),356,36
1786032546.774,2026-08-06 23:09:06,MANUAL,True,-7.9261194,112.5948048,235.71,0.0,0.0,TRACKING_BUOY (MANUAL),376,56
1786032546.927,2026-08-06 23:09:06,MANUAL,True,-7.9261174,112.5948019,235.8,0.0,0.0,TRACKING_BUOY (MANUAL),388,68
1786032547.073,2026-08-06 23:09:07,MANUAL,True,-7.9261144,112.5947973,235.98,0.0,0.0,TRACKING_BUOY (MANUAL),402,82
1786032547.236,2026-08-06 23:09:07,MANUAL,True,-7.9261132,112.5947953,236.07,0.0,0.0,TRACKING_BUOY (MANUAL),410,90
1786032547.379,2026-08-06 23:09:07,MANUAL,True,-7.9261113,112.5947918,236.28,0.0,0.0,TRACKING_BUOY (MANUAL),421,101
1786032547.524,2026-08-06 23:09:07,MANUAL,True,-7.92611,112.5947896,236.37,0.0,0.0,TRACKING_BUOY (MANUAL),431,111
1786032547.665,2026-08-06 23:09:07,MANUAL,True,-7.9261087,112.5947865,236.52,0.0,0.0,TRACKING_BUOY (MANUAL),435,115
1786032547.821,2026-08-06 23:09:07,MANUAL,True,-7.9261086,112.5947855,236.61,0.0,0.0,TRACKING_BUOY (MANUAL),437,117
1786032547.967,2026-08-06 23:09:07,MANUAL,True,-7.9261076,112.5947829,236.78,0.0,0.0,TRACKING_BUOY (MANUAL),440,120
1786032548.109,2026-08-06 23:09:08,MANUAL,True,-7.926111,112.5947804,247.18,0.0,0.0,TRACKING_BUOY (MANUAL),444,124
1786032548.249,2026-08-06 23:09:08,MANUAL,True,-7.9261184,112.5947884,244.91,0.0,0.0,TRACKING_BUOY (MANUAL),447,127
1786032548.387,2026-08-06 23:09:08,MANUAL,True,-7.9261237,112.5947945,243.55,0.0,0.0,TRACKING_BUOY (MANUAL),450,130
1786032548.529,2026-08-06 23:09:08,MANUAL,True,-7.926128,112.5947993,242.24,0.0,0.0,TRACKING_BUOY (MANUAL),451,131
1786032548.683,2026-08-06 23:09:08,MANUAL,True,-7.926139,112.5948115,239.6,0.0,0.0,TRACKING_BUOY (MANUAL),454,134
1786032548.823,2026-08-06 23:09:08,MANUAL,True,-7.9261434,112.5948167,238.78,0.0,0.0,TRACKING_BUOY (MANUAL),454,134
1786032548.972,2026-08-06 23:09:08,MANUAL,True,-7.9261517,112.5948262,237.32,0.0,0.0,TRACKING_BUOY (MANUAL),464,144
1786032549.120,2026-08-06 23:09:09,MANUAL,True,-7.9261551,112.5948301,236.9,0.0,0.0,TRACKING_BUOY (MANUAL),481,161
1786032549.272,2026-08-06 23:09:09,MANUAL,True,-7.9261612,112.5948372,236.21,0.0,0.0,TRACKING_BUOY (MANUAL),485,165
1786032549.415,2026-08-06 23:09:09,MANUAL,True,-7.9261641,112.5948407,236.02,0.0,0.0,TRACKING_BUOY (MANUAL),493,173
1786032549.556,2026-08-06 23:09:09,MANUAL,True,-7.9261688,112.5948458,236.13,0.0,0.0,TRACKING_BUOY (MANUAL),500,180
1786032549.707,2026-08-06 23:09:09,MANUAL,True,-7.9261714,112.5948485,236.29,0.0,0.0,TRACKING_BUOY (MANUAL),509,189
1786032549.847,2026-08-06 23:09:09,MANUAL,True,-7.9261741,112.5948516,236.44,0.0,0.0,TRACKING_BUOY (MANUAL),529,209
1786032549.990,2026-08-06 23:09:09,MANUAL,True,-7.9261757,112.5948534,236.58,0.0,0.0,TRACKING_BUOY (MANUAL),544,224
1786032550.135,2026-08-06 23:09:10,MANUAL,True,-7.9261769,112.594855,236.75,0.0,0.0,TRACKING_BUOY (MANUAL),559,239
1786032550.274,2026-08-06 23:09:10,MANUAL,True,-7.926179,112.594858,237.0,0.0,0.0,TRACKING_BUOY (MANUAL),567,247
1786032550.410,2026-08-06 23:09:10,MANUAL,True,-7.9261797,112.594859,237.08,0.0,0.0,TRACKING_BUOY (MANUAL),560,240
1786032550.552,2026-08-06 23:09:10,MANUAL,True,-7.9261803,112.5948601,237.37,0.0,0.0,TRACKING_BUOY (MANUAL),541,221
1786032550.699,2026-08-06 23:09:10,MANUAL,True,-7.9261803,112.5948603,237.61,0.0,0.0,TRACKING_BUOY (MANUAL),518,198
1786032550.845,2026-08-06 23:09:10,MANUAL,True,-7.9261798,112.5948598,238.12,0.0,0.0,TRACKING_BUOY (MANUAL),460,140
1786032551.000,2026-08-06 23:09:11,MANUAL,True,-7.9261793,112.5948591,238.42,0.0,0.0,TRACKING_BUOY (MANUAL),410,90
1786032551.145,2026-08-06 23:09:11,MANUAL,True,-7.926178,112.5948577,238.92,0.0,0.0,TRACKING_BUOY (MANUAL),373,53
1786032551.286,2026-08-06 23:09:11,MANUAL,True,-7.9261773,112.5948568,239.13,0.0,0.0,TRACKING_BUOY (MANUAL),343,23
1786032551.427,2026-08-06 23:09:11,MANUAL,True,-7.9261765,112.5948555,239.33,0.0,0.0,TRACKING_BUOY (MANUAL),316,-4
1786032551.568,2026-08-06 23:09:11,MANUAL,True,-7.9261748,112.5948531,239.73,0.0,0.0,TRACKING_BUOY (MANUAL),275,-45
1786032551.717,2026-08-06 23:09:11,MANUAL,True,-7.9261738,112.5948518,239.99,0.0,0.0,TRACKING_BUOY (MANUAL),262,-58
1786032551.858,2026-08-06 23:09:11,MANUAL,True,-7.9261721,112.5948494,240.39,0.0,0.0,TRACKING_BUOY (MANUAL),257,-63
1786032552.007,2026-08-06 23:09:12,MANUAL,True,-7.9261713,112.5948481,240.57,0.0,0.0,TRACKING_BUOY (MANUAL),252,-68
1786032552.151,2026-08-06 23:09:12,MANUAL,True,-7.92617,112.5948459,241.03,0.0,0.0,TRACKING_BUOY (MANUAL),247,-73
1786032552.291,2026-08-06 23:09:12,MANUAL,True,-7.9261694,112.5948448,241.3,0.0,0.0,TRACKING_BUOY (MANUAL),245,-75
1786032552.440,2026-08-06 23:09:12,MANUAL,True,-7.9261689,112.5948433,241.57,0.0,0.0,TRACKING_BUOY (MANUAL),247,-73
1786032552.586,2026-08-06 23:09:12,MANUAL,True,-7.9261678,112.5948405,241.89,0.0,0.0,TRACKING_BUOY (MANUAL),246,-74
1786032552.736,2026-08-06 23:09:12,MANUAL,True,-7.9261672,112.5948389,241.78,0.0,0.0,TRACKING_BUOY (MANUAL),244,-76
1786032552.896,2026-08-06 23:09:12,MANUAL,True,-7.9261669,112.5948375,241.47,0.0,0.0,TRACKING_BUOY (MANUAL),251,-69
1786032553.042,2026-08-06 23:09:13,MANUAL,True,-7.9261669,112.5948373,241.22,0.0,0.0,TRACKING_BUOY (MANUAL),287,-33
1786032553.186,2026-08-06 23:09:13,MANUAL,True,-7.9261672,112.5948377,240.73,0.0,0.0,TRACKING_BUOY (MANUAL),321,1
1786032553.327,2026-08-06 23:09:13,MANUAL,True,-7.9261674,112.5948382,240.5,0.0,0.0,TRACKING_BUOY (MANUAL),358,38
1786032553.470,2026-08-06 23:09:13,MANUAL,True,-7.9261678,112.5948402,240.14,0.0,0.0,TRACKING_BUOY (MANUAL),401,81
1786032553.620,2026-08-06 23:09:13,MANUAL,True,-7.9261682,112.5948414,239.98,0.0,0.0,TRACKING_BUOY (MANUAL),434,114
1786032553.760,2026-08-06 23:09:13,MANUAL,True,-7.9261689,112.5948436,239.95,0.0,0.0,TRACKING_BUOY (MANUAL),462,142
1786032553.901,2026-08-06 23:09:13,MANUAL,True,-7.9261691,112.5948447,240.05,0.0,0.0,TRACKING_BUOY (MANUAL),488,168
1786032554.049,2026-08-06 23:09:14,MANUAL,True,-7.9261694,112.5948462,240.32,0.0,0.0,TRACKING_BUOY (MANUAL),496,176
1786032554.188,2026-08-06 23:09:14,MANUAL,True,-7.9261694,112.5948467,240.44,0.0,0.0,TRACKING_BUOY (MANUAL),498,178
1786032554.338,2026-08-06 23:09:14,MANUAL,True,-7.9261695,112.594847,240.54,0.0,0.0,TRACKING_BUOY (MANUAL),486,166
1786032554.478,2026-08-06 23:09:14,MANUAL,True,-7.9261693,112.5948473,240.68,0.0,0.0,TRACKING_BUOY (MANUAL),469,149
1786032554.629,2026-08-06 23:09:14,MANUAL,True,-7.9261691,112.5948472,240.74,0.0,0.0,TRACKING_BUOY (MANUAL),444,124
1786032554.769,2026-08-06 23:09:14,MANUAL,True,-7.9261689,112.5948471,240.92,0.0,0.0,TRACKING_BUOY (MANUAL),407,87
1786032554.908,2026-08-06 23:09:14,MANUAL,True,-7.9261688,112.5948472,241.03,0.0,0.0,TRACKING_BUOY (MANUAL),385,65
1786032555.055,2026-08-06 23:09:15,MANUAL,True,-7.9261686,112.594846,241.28,0.0,0.0,TRACKING_BUOY (MANUAL),372,52
1786032555.198,2026-08-06 23:09:15,MANUAL,True,-7.9261685,112.5948449,241.42,0.0,0.0,TRACKING_BUOY (MANUAL),362,42
1786032555.343,2026-08-06 23:09:15,MANUAL,True,-7.926158,112.5948263,251.6,0.0,0.0,TRACKING_BUOY (MANUAL),352,32
1786032555.490,2026-08-06 23:09:15,MANUAL,True,-7.9261576,112.5948234,252.0,0.0,0.0,TRACKING_BUOY (MANUAL),345,25
1786032555.638,2026-08-06 23:09:15,MANUAL,True,-7.9261576,112.5948221,252.21,0.0,0.0,TRACKING_BUOY (MANUAL),339,19
1786032555.791,2026-08-06 23:09:15,MANUAL,True,-7.9261575,112.5948197,252.56,0.0,0.0,TRACKING_BUOY (MANUAL),336,16
1786032555.935,2026-08-06 23:09:15,MANUAL,True,-7.9261574,112.5948188,252.67,0.0,0.0,TRACKING_BUOY (MANUAL),334,14
1786032556.085,2026-08-06 23:09:16,MANUAL,True,-7.9261576,112.594818,252.87,0.0,0.0,TRACKING_BUOY (MANUAL),326,6
1786032556.223,2026-08-06 23:09:16,MANUAL,True,-7.9261582,112.5948184,252.95,0.0,0.0,TRACKING_BUOY (MANUAL),319,-1
1786032556.369,2026-08-06 23:09:16,MANUAL,True,-7.9261601,112.5948214,253.05,0.0,0.0,TRACKING_BUOY (MANUAL),315,-5
1786032556.526,2026-08-06 23:09:16,MANUAL,True,-7.9261612,112.5948234,253.11,0.0,0.0,TRACKING_BUOY (MANUAL),314,-6
1786032556.675,2026-08-06 23:09:16,MANUAL,True,-7.9261643,112.5948296,253.15,0.0,0.0,TRACKING_BUOY (MANUAL),313,-7
1786032556.821,2026-08-06 23:09:16,MANUAL,True,-7.9261662,112.5948332,253.16,0.0,0.0,TRACKING_BUOY (MANUAL),313,-7
1786032556.976,2026-08-06 23:09:16,MANUAL,True,-7.9261689,112.5948389,253.19,0.0,0.0,TRACKING_BUOY (MANUAL),312,-8
1786032557.123,2026-08-06 23:09:17,MANUAL,True,-7.9261701,112.5948412,253.23,0.0,0.0,TRACKING_BUOY (MANUAL),310,-10
1786032557.278,2026-08-06 23:09:17,MANUAL,True,-7.9261722,112.594846,253.36,0.0,0.0,TRACKING_BUOY (MANUAL),309,-11
1786032557.421,2026-08-06 23:09:17,MANUAL,True,-7.9261733,112.5948481,253.46,0.0,0.0,TRACKING_BUOY (MANUAL),311,-9
1786032557.559,2026-08-06 23:09:17,MANUAL,True,-7.9261754,112.5948516,253.61,0.0,0.0,TRACKING_BUOY (MANUAL),313,-7
1786032557.703,2026-08-06 23:09:17,MANUAL,True,-7.9261764,112.5948533,253.72,0.0,0.0,TRACKING_BUOY (MANUAL),313,-7
1786032557.857,2026-08-06 23:09:17,MANUAL,True,-7.9261779,112.5948554,253.88,0.0,0.0,TRACKING_BUOY (MANUAL),313,-7
1786032558.007,2026-08-06 23:09:18,MANUAL,True,-7.9261787,112.5948563,253.94,0.0,0.0,TRACKING_BUOY (MANUAL),313,-7
1786032558.149,2026-08-06 23:09:18,MANUAL,True,-7.9261802,112.5948583,254.04,0.0,0.0,TRACKING_BUOY (MANUAL),313,-7
1786032558.287,2026-08-06 23:09:18,MANUAL,True,-7.9261809,112.5948593,254.11,0.0,0.0,TRACKING_BUOY (MANUAL),313,-7
1786032558.423,2026-08-06 23:09:18,MANUAL,True,-7.9261817,112.5948603,254.19,0.0,0.0,TRACKING_BUOY (MANUAL),315,-5
1786032558.571,2026-08-06 23:09:18,MANUAL,True,-7.9261831,112.5948622,254.32,0.0,0.0,TRACKING_BUOY (MANUAL),316,-4
1786032558.710,2026-08-06 23:09:18,MANUAL,True,-7.926184,112.5948634,254.38,0.0,0.0,TRACKING_BUOY (MANUAL),314,-6
1786032558.855,2026-08-06 23:09:18,MANUAL,True,-7.9261848,112.5948647,254.49,0.0,0.0,TRACKING_BUOY (MANUAL),309,-11
1786032559.001,2026-08-06 23:09:19,MANUAL,True,-7.9261852,112.5948652,254.54,0.0,0.0,TRACKING_BUOY (MANUAL),304,-16
1786032559.142,2026-08-06 23:09:19,MANUAL,True,-7.9261857,112.5948658,254.61,0.0,0.0,TRACKING_BUOY (MANUAL),303,-17
1786032559.291,2026-08-06 23:09:19,MANUAL,True,-7.9261865,112.5948666,254.71,0.0,0.0,TRACKING_BUOY (MANUAL),304,-16
1786032559.430,2026-08-06 23:09:19,MANUAL,True,-7.9261868,112.5948666,254.79,0.0,0.0,TRACKING_BUOY (MANUAL),302,-18
1786032559.575,2026-08-06 23:09:19,MANUAL,True,-7.9261873,112.594867,254.94,0.0,0.0,TRACKING_BUOY (MANUAL),302,-18
1786032559.721,2026-08-06 23:09:19,MANUAL,True,-7.9261876,112.5948673,255.02,0.0,0.0,TRACKING_BUOY (MANUAL),307,-13
1786032559.861,2026-08-06 23:09:19,MANUAL,True,-7.9261884,112.594868,254.96,0.0,0.0,TRACKING_BUOY (MANUAL),318,-2
1786032560.010,2026-08-06 23:09:20,MANUAL,True,-7.9261887,112.5948685,254.81,0.0,0.0,TRACKING_BUOY (MANUAL),323,3
1786032560.156,2026-08-06 23:09:20,MANUAL,True,-7.9261894,112.5948699,254.49,0.0,0.0,TRACKING_BUOY (MANUAL),326,6
1786032560.298,2026-08-06 23:09:20,MANUAL,True,-7.9261897,112.5948704,254.35,0.0,0.0,TRACKING_BUOY (MANUAL),329,9
1786032560.440,2026-08-06 23:09:20,MANUAL,True,-7.9261899,112.5948705,254.28,0.0,0.0,TRACKING_BUOY (MANUAL),329,9
1786032560.582,2026-08-06 23:09:20,MANUAL,True,-7.9261903,112.5948703,254.31,0.0,0.0,TRACKING_BUOY (MANUAL),329,9
1786032560.724,2026-08-06 23:09:20,MANUAL,True,-7.9261905,112.5948703,254.39,0.0,0.0,TRACKING_BUOY (MANUAL),329,9
1786032560.879,2026-08-06 23:09:20,MANUAL,True,-7.9261906,112.5948692,254.49,0.0,0.0,TRACKING_BUOY (MANUAL),329,9
1786032561.018,2026-08-06 23:09:21,MANUAL,True,-7.9261907,112.5948687,254.55,0.0,0.0,TRACKING_BUOY (MANUAL),329,9
1786032561.161,2026-08-06 23:09:21,MANUAL,True,-7.9261911,112.5948684,254.59,0.0,0.0,TRACKING_BUOY (MANUAL),331,11
1786032561.304,2026-08-06 23:09:21,MANUAL,True,-7.9261914,112.5948682,254.63,0.0,0.0,TRACKING_BUOY (MANUAL),330,10
1786032561.451,2026-08-06 23:09:21,MANUAL,True,-7.9261921,112.5948676,254.73,0.0,0.0,TRACKING_BUOY (MANUAL),332,12
1786032561.593,2026-08-06 23:09:21,MANUAL,True,-7.9261924,112.5948673,254.76,0.0,0.0,TRACKING_BUOY (MANUAL),333,13
1786032561.734,2026-08-06 23:09:21,MANUAL,True,-7.9261931,112.5948673,254.8,0.0,0.0,TRACKING_BUOY (MANUAL),333,13
1786032561.875,2026-08-06 23:09:21,MANUAL,True,-7.926194,112.5948674,254.88,0.0,0.0,TRACKING_BUOY (MANUAL),334,14
1786032562.028,2026-08-06 23:09:22,MANUAL,True,-7.9261948,112.5948676,254.88,0.0,0.0,TRACKING_BUOY (MANUAL),335,15
1786032562.172,2026-08-06 23:09:22,MANUAL,True,-7.9261963,112.5948685,254.92,0.0,0.0,TRACKING_BUOY (MANUAL),343,23
1786032562.321,2026-08-06 23:09:22,MANUAL,True,-7.9261971,112.5948691,254.97,0.0,0.0,TRACKING_BUOY (MANUAL),361,41
1786032562.469,2026-08-06 23:09:22,MANUAL,True,-7.926199,112.5948703,255.06,0.0,0.0,TRACKING_BUOY (MANUAL),377,57
1786032562.610,2026-08-06 23:09:22,MANUAL,True,-7.9261995,112.5948701,255.06,0.0,0.0,TRACKING_BUOY (MANUAL),394,74
1786032562.748,2026-08-06 23:09:22,MANUAL,True,-7.9262006,112.5948699,255.07,0.0,0.0,TRACKING_BUOY (MANUAL),409,89
1786032562.894,2026-08-06 23:09:22,MANUAL,True,-7.9262012,112.5948698,255.12,0.0,0.0,TRACKING_BUOY (MANUAL),431,111
1786032563.055,2026-08-06 23:09:23,MANUAL,True,-7.9262025,112.5948692,255.17,0.0,0.0,TRACKING_BUOY (MANUAL),447,127
1786032563.202,2026-08-06 23:09:23,MANUAL,True,-7.926203,112.5948687,255.22,0.0,0.0,TRACKING_BUOY (MANUAL),463,143
1786032563.355,2026-08-06 23:09:23,MANUAL,True,-7.9262041,112.5948677,255.32,0.0,0.0,TRACKING_BUOY (MANUAL),479,159
1786032563.503,2026-08-06 23:09:23,MANUAL,True,-7.9262049,112.5948674,255.39,0.0,0.0,TRACKING_BUOY (MANUAL),478,158
1786032563.658,2026-08-06 23:09:23,MANUAL,True,-7.9262055,112.5948668,255.44,0.0,0.0,TRACKING_BUOY (MANUAL),451,131
1786032563.803,2026-08-06 23:09:23,MANUAL,True,-7.9262069,112.5948661,255.51,0.0,0.0,TRACKING_BUOY (MANUAL),413,93
1786032563.944,2026-08-06 23:09:23,MANUAL,True,-7.9262082,112.5948657,255.58,0.0,0.0,TRACKING_BUOY (MANUAL),365,45
1786032564.088,2026-08-06 23:09:24,MANUAL,True,-7.9262089,112.5948656,255.62,0.0,0.0,TRACKING_BUOY (MANUAL),305,-15
1786032564.269,2026-08-06 23:09:24,MANUAL,True,-7.9262104,112.5948651,255.68,0.0,0.0,TRACKING_BUOY (MANUAL),282,-38
1786032564.438,2026-08-06 23:09:24,MANUAL,True,-7.926211,112.5948647,255.76,0.0,0.0,TRACKING_BUOY (MANUAL),269,-51
1786032564.652,2026-08-06 23:09:24,MANUAL,True,-7.9262125,112.5948642,255.95,0.0,0.0,TRACKING_BUOY (MANUAL),259,-61
1786032564.793,2026-08-06 23:09:24,MANUAL,True,-7.9262146,112.5948641,256.03,0.0,0.0,TRACKING_BUOY (MANUAL),254,-66
1786032564.935,2026-08-06 23:09:24,MANUAL,True,-7.9262158,112.5948643,256.1,0.0,0.0,TRACKING_BUOY (MANUAL),253,-67
1786032565.080,2026-08-06 23:09:25,MANUAL,True,-7.9262188,112.5948651,256.21,0.0,0.0,TRACKING_BUOY (MANUAL),253,-67
1786032565.220,2026-08-06 23:09:25,MANUAL,True,-7.9262204,112.5948654,256.22,0.0,0.0,TRACKING_BUOY (MANUAL),255,-65
1786032565.358,2026-08-06 23:09:25,MANUAL,True,-7.9262234,112.5948658,256.19,0.0,0.0,TRACKING_BUOY (MANUAL),264,-56
1786032565.503,2026-08-06 23:09:25,MANUAL,True,-7.9262248,112.5948661,256.18,0.0,0.0,TRACKING_BUOY (MANUAL),278,-42
1786032565.651,2026-08-06 23:09:25,MANUAL,True,-7.9262274,112.5948661,256.15,0.0,0.0,TRACKING_BUOY (MANUAL),300,-20
1786032565.787,2026-08-06 23:09:25,MANUAL,True,-7.9262285,112.5948659,256.13,0.0,0.0,TRACKING_BUOY (MANUAL),322,2
1786032565.933,2026-08-06 23:09:25,MANUAL,True,-7.9262297,112.594866,256.14,0.0,0.0,TRACKING_BUOY (MANUAL),345,25
1786032566.080,2026-08-06 23:09:26,MANUAL,True,-7.9262314,112.5948653,256.13,0.0,0.0,TRACKING_BUOY (MANUAL),363,43
1786032566.231,2026-08-06 23:09:26,MANUAL,True,-7.9262322,112.5948647,256.14,0.0,0.0,TRACKING_BUOY (MANUAL),375,55
1786032566.371,2026-08-06 23:09:26,MANUAL,True,-7.9262333,112.594863,256.24,0.0,0.0,TRACKING_BUOY (MANUAL),377,57
1786032566.544,2026-08-06 23:09:26,MANUAL,True,-7.926234,112.594861,256.33,0.0,0.0,TRACKING_BUOY (MANUAL),375,55
1786032566.687,2026-08-06 23:09:26,MANUAL,True,-7.9262345,112.5948602,256.37,0.0,0.0,TRACKING_BUOY (MANUAL),368,48
1786032566.827,2026-08-06 23:09:26,MANUAL,True,-7.9262345,112.5948593,256.41,0.0,0.0,TRACKING_BUOY (MANUAL),367,47
1786032566.993,2026-08-06 23:09:26,MANUAL,True,-7.9262348,112.5948581,256.5,0.0,0.0,TRACKING_BUOY (MANUAL),383,63
1786032567.146,2026-08-06 23:09:27,MANUAL,True,-7.9262351,112.5948571,256.57,0.0,0.0,TRACKING_BUOY (MANUAL),380,60
1786032567.301,2026-08-06 23:09:27,MANUAL,True,-7.9262352,112.5948565,256.61,0.0,0.0,TRACKING_BUOY (MANUAL),365,45
1786032567.440,2026-08-06 23:09:27,MANUAL,True,-7.9262348,112.5948553,256.65,0.0,0.0,TRACKING_BUOY (MANUAL),354,34
1786032567.584,2026-08-06 23:09:27,MANUAL,True,-7.9262342,112.5948532,256.73,0.0,0.0,TRACKING_BUOY (MANUAL),345,25
1786032567.721,2026-08-06 23:09:27,MANUAL,True,-7.9262338,112.594852,256.78,0.0,0.0,TRACKING_BUOY (MANUAL),339,19
1786032567.861,2026-08-06 23:09:27,MANUAL,True,-7.9262328,112.5948503,256.84,0.0,0.0,TRACKING_BUOY (MANUAL),334,14
1786032568.010,2026-08-06 23:09:28,MANUAL,True,-7.9262324,112.5948495,256.86,0.0,0.0,TRACKING_BUOY (MANUAL),330,10
1786032568.163,2026-08-06 23:09:28,MANUAL,True,-7.9262322,112.5948487,256.92,0.0,0.0,TRACKING_BUOY (MANUAL),328,8
1786032568.307,2026-08-06 23:09:28,MANUAL,True,-7.9262323,112.5948485,256.95,0.0,0.0,TRACKING_BUOY (MANUAL),324,4
1786032568.452,2026-08-06 23:09:28,MANUAL,True,-7.926232,112.5948477,257.02,0.0,0.0,TRACKING_BUOY (MANUAL),320,0
1786032568.611,2026-08-06 23:09:28,MANUAL,True,-7.9262315,112.5948471,257.06,0.0,0.0,TRACKING_BUOY (MANUAL),317,-3
1786032568.755,2026-08-06 23:09:28,MANUAL,True,-7.9262309,112.5948458,257.11,0.0,0.0,TRACKING_BUOY (MANUAL),316,-4
1786032568.893,2026-08-06 23:09:28,MANUAL,True,-7.9262307,112.5948452,257.12,0.0,0.0,TRACKING_BUOY (MANUAL),316,-4
1786032569.040,2026-08-06 23:09:29,MANUAL,True,-7.9262299,112.5948441,257.15,0.0,0.0,TRACKING_BUOY (MANUAL),316,-4
1786032569.179,2026-08-06 23:09:29,MANUAL,True,-7.9262288,112.5948422,257.21,0.0,0.0,TRACKING_BUOY (MANUAL),316,-4
1786032569.332,2026-08-06 23:09:29,MANUAL,True,-7.9262283,112.5948414,257.25,0.0,0.0,TRACKING_BUOY (MANUAL),316,-4
1786032569.472,2026-08-06 23:09:29,MANUAL,True,-7.926227,112.5948397,257.33,0.0,0.0,TRACKING_BUOY (MANUAL),316,-4
1786032569.624,2026-08-06 23:09:29,MANUAL,True,-7.9262261,112.5948389,257.36,0.0,0.0,TRACKING_BUOY (MANUAL),316,-4
1786032569.792,2026-08-06 23:09:29,MANUAL,True,-7.9262248,112.5948373,257.39,0.0,0.0,TRACKING_BUOY (MANUAL),316,-4
1786032569.938,2026-08-06 23:09:29,MANUAL,True,-7.9262244,112.5948368,257.41,0.0,0.0,TRACKING_BUOY (MANUAL),315,-5
1786032570.078,2026-08-06 23:09:30,MANUAL,True,-7.9262233,112.5948355,257.45,0.0,0.0,TRACKING_BUOY (MANUAL),317,-3
1786032570.215,2026-08-06 23:09:30,MANUAL,True,-7.9262228,112.594835,257.48,0.0,0.0,TRACKING_BUOY (MANUAL),317,-3
1786032570.361,2026-08-06 23:09:30,MANUAL,True,-7.9262219,112.594834,257.55,0.0,0.0,TRACKING_BUOY (MANUAL),319,-1
1786032570.509,2026-08-06 23:09:30,MANUAL,True,-7.9262214,112.5948336,257.59,0.0,0.0,TRACKING_BUOY (MANUAL),319,-1
1786032570.650,2026-08-06 23:09:30,MANUAL,True,-7.9262206,112.5948327,257.64,0.0,0.0,TRACKING_BUOY (MANUAL),320,0
1786032570.789,2026-08-06 23:09:30,MANUAL,True,-7.926219,112.5948312,257.67,0.0,0.0,TRACKING_BUOY (MANUAL),320,0
1786032570.941,2026-08-06 23:09:30,MANUAL,True,-7.9262185,112.5948306,257.68,0.0,0.0,TRACKING_BUOY (MANUAL),322,2
1786032571.173,2026-08-06 23:09:31,MANUAL,True,-7.9262163,112.5948288,257.8,0.0,0.0,TRACKING_BUOY (MANUAL),326,6
1786032571.314,2026-08-06 23:09:31,MANUAL,True,-7.9262157,112.5948284,257.82,0.0,0.0,TRACKING_BUOY (MANUAL),337,17
1786032571.456,2026-08-06 23:09:31,MANUAL,True,-7.9262141,112.5948272,257.83,0.0,0.0,TRACKING_BUOY (MANUAL),343,23
1786032571.598,2026-08-06 23:09:31,MANUAL,True,-7.9262136,112.5948267,257.83,0.0,0.0,TRACKING_BUOY (MANUAL),341,21
1786032571.737,2026-08-06 23:09:31,MANUAL,True,-7.9262134,112.5948263,257.83,0.0,0.0,TRACKING_BUOY (MANUAL),342,22
1786032571.874,2026-08-06 23:09:31,MANUAL,True,-7.9262132,112.5948256,257.83,0.0,0.0,TRACKING_BUOY (MANUAL),344,24
1786032572.021,2026-08-06 23:09:32,MANUAL,True,-7.9262132,112.5948253,257.83,0.0,0.0,TRACKING_BUOY (MANUAL),346,26
1786032572.160,2026-08-06 23:09:32,MANUAL,True,-7.9262136,112.594825,257.83,0.0,0.0,TRACKING_BUOY (MANUAL),350,30
1786032572.308,2026-08-06 23:09:32,MANUAL,True,-7.9262139,112.594825,257.84,0.0,0.0,TRACKING_BUOY (MANUAL),361,41
1786032572.450,2026-08-06 23:09:32,MANUAL,True,-7.9262144,112.5948247,257.83,0.0,0.0,TRACKING_BUOY (MANUAL),381,61
1786032572.599,2026-08-06 23:09:32,MANUAL,True,-7.9262145,112.5948246,257.83,0.0,0.0,TRACKING_BUOY (MANUAL),414,94
1786032572.738,2026-08-06 23:09:32,MANUAL,True,-7.9262149,112.5948245,257.81,0.0,0.0,🔴 FAILSAFE: TARGET LOST,,
1786032572.877,2026-08-06 23:09:32,MANUAL,True,-7.9262153,112.5948243,257.83,0.0,0.0,TRACKING_BUOY (MANUAL),468,148
1786032573.017,2026-08-06 23:09:33,MANUAL,True,-7.9262154,112.5948244,257.82,0.0,0.0,TRACKING_BUOY (MANUAL),484,164
1786032573.175,2026-08-06 23:09:33,MANUAL,True,-7.9262154,112.5948246,258.15,0.0,0.0,TRACKING_BUOY (MANUAL),495,175
1786032573.325,2026-08-06 23:09:33,MANUAL,True,-7.9262153,112.5948248,257.97,0.0,0.0,TRACKING_BUOY (MANUAL),500,180
1786032573.469,2026-08-06 23:09:33,MANUAL,True,-7.9262143,112.5948252,257.98,0.0,0.0,TRACKING_BUOY (MANUAL),513,193
1786032573.613,2026-08-06 23:09:33,MANUAL,True,-7.9262133,112.5948254,258.15,0.0,0.0,TRACKING_BUOY (MANUAL),522,202
1786032573.750,2026-08-06 23:09:33,MANUAL,True,-7.9262133,112.5948254,258.15,0.0,0.0,TRACKING_BUOY (MANUAL),515,195
1786032573.888,2026-08-06 23:09:33,MANUAL,True,-7.9262103,112.5948249,258.15,0.0,0.0,🔴 FAILSAFE: TARGET LOST,,
1786032574.029,2026-08-06 23:09:34,MANUAL,True,-7.9262089,112.5948239,258.03,0.0,0.0,TRACKING_BUOY (MANUAL),451,131
1786032574.173,2026-08-06 23:09:34,MANUAL,True,-7.9262081,112.5948232,258.02,0.0,0.0,TRACKING_BUOY (MANUAL),414,94
1786032574.313,2026-08-06 23:09:34,MANUAL,True,-7.9262057,112.5948211,257.95,0.0,0.0,🔴 FAILSAFE: TARGET LOST,,
1786032574.452,2026-08-06 23:09:34,MANUAL,True,-7.9262039,112.5948193,257.91,0.0,0.0,🔴 FAILSAFE: TARGET LOST,,
1786032574.587,2026-08-06 23:09:34,MANUAL,True,-7.9262029,112.5948181,257.9,0.0,0.0,🔴 FAILSAFE: TARGET LOST,,
1786032574.725,2026-08-06 23:09:34,MANUAL,True,-7.9262006,112.5948153,257.86,0.0,0.0,🔴 FAILSAFE: TARGET LOST,,
1786032574.868,2026-08-06 23:09:34,MANUAL,True,-7.9261996,112.5948134,257.83,0.0,0.0,🔴 FAILSAFE: TARGET LOST,,
1786032575.011,2026-08-06 23:09:35,MANUAL,True,-7.9261995,112.5948127,257.8,0.0,0.0,🔴 FAILSAFE: TARGET LOST,,
1786032575.156,2026-08-06 23:09:35,MANUAL,True,-7.9261998,112.5948118,257.74,0.0,0.0,🔴 FAILSAFE: TARGET LOST,,
1786032575.298,2026-08-06 23:09:35,MANUAL,True,-7.9262001,112.5948115,257.7,0.0,0.0,🔴 FAILSAFE: TARGET LOST,,
1786032575.444,2026-08-06 23:09:35,MANUAL,True,-7.9262011,112.594811,257.61,0.0,0.0,🔴 FAILSAFE: TARGET LOST,,
1786032575.591,2026-08-06 23:09:35,MANUAL,True,-7.9262017,112.5948108,257.58,0.0,0.0,🔴 FAILSAFE: TARGET LOST,,
1786032575.733,2026-08-06 23:09:35,MANUAL,True,-7.926203,112.5948105,257.49,0.0,0.0,🔴 FAILSAFE: TARGET LOST,,
1786032575.872,2026-08-06 23:09:35,MANUAL,True,-7.9262037,112.5948104,257.44,0.0,0.0,🔴 FAILSAFE: TARGET LOST,,
1786032576.010,2026-08-06 23:09:36,MANUAL,True,-7.9262044,112.5948103,257.39,0.0,0.0,🔴 FAILSAFE: TARGET LOST,,
1786032576.158,2026-08-06 23:09:36,MANUAL,True,-7.9262056,112.59481,257.34,0.0,0.0,TRACKING_BUOY (MANUAL),519,199
1786032576.307,2026-08-06 23:09:36,MANUAL,True,-7.9262064,112.5948099,257.32,0.0,0.0,TRACKING_BUOY (MANUAL),513,193
1786032576.458,2026-08-06 23:09:36,MANUAL,True,-7.9262078,112.5948096,257.21,0.0,0.0,TRACKING_BUOY (MANUAL),487,167
1786032576.658,2026-08-06 23:09:36,MANUAL,True,-7.9262093,112.5948093,257.13,0.0,0.0,TRACKING_BUOY (MANUAL),485,165
1786032576.802,2026-08-06 23:09:36,MANUAL,True,-7.9262101,112.5948092,257.11,0.0,0.0,TRACKING_BUOY (MANUAL),499,179
1786032576.943,2026-08-06 23:09:36,MANUAL,True,-7.9262115,112.5948088,257.08,0.0,0.0,TRACKING_BUOY (MANUAL),503,183
1786032577.100,2026-08-06 23:09:37,MANUAL,True,-7.9262123,112.5948087,257.03,0.0,0.0,TRACKING_BUOY (MANUAL),501,181
1786032577.242,2026-08-06 23:09:37,MANUAL,True,-7.9262138,112.5948083,257.0,0.0,0.0,TRACKING_BUOY (MANUAL),498,178
1786032577.390,2026-08-06 23:09:37,MANUAL,True,-7.9262146,112.5948081,257.02,0.0,0.0,TRACKING_BUOY (MANUAL),498,178
1786032577.541,2026-08-06 23:09:37,MANUAL,True,-7.9262162,112.5948078,256.96,0.0,0.0,TRACKING_BUOY (MANUAL),499,179
1786032577.682,2026-08-06 23:09:37,MANUAL,True,-7.9262172,112.5948075,256.92,0.0,0.0,TRACKING_BUOY (MANUAL),500,180
1786032577.821,2026-08-06 23:09:37,MANUAL,True,-7.9262172,112.5948075,256.92,0.0,0.0,TRACKING_BUOY (MANUAL),507,187
1786032577.969,2026-08-06 23:09:37,MANUAL,True,-7.9262198,112.5948069,256.88,0.0,0.0,TRACKING_BUOY (MANUAL),517,197
1786032578.113,2026-08-06 23:09:38,MANUAL,True,-7.9262207,112.5948067,256.86,0.0,0.0,TRACKING_BUOY (MANUAL),527,207
1786032578.277,2026-08-06 23:09:38,MANUAL,True,-7.9262225,112.5948063,256.82,0.0,0.0,TRACKING_BUOY (MANUAL),537,217
1786032578.414,2026-08-06 23:09:38,MANUAL,True,-7.9262234,112.594806,256.81,0.0,0.0,TRACKING_BUOY (MANUAL),557,237
1786032578.552,2026-08-06 23:09:38,MANUAL,True,-7.9262253,112.5948056,256.81,0.0,0.0,TRACKING_BUOY (MANUAL),570,250
1786032578.690,2026-08-06 23:09:38,MANUAL,True,-7.9262264,112.5948053,256.79,0.0,0.0,TRACKING_BUOY (MANUAL),579,259
1786032578.834,2026-08-06 23:09:38,MANUAL,True,-7.9262271,112.5948051,256.78,0.0,0.0,TRACKING_BUOY (MANUAL),573,253
1786032578.978,2026-08-06 23:09:38,MANUAL,True,-7.9262291,112.5948046,256.72,0.0,0.0,TRACKING_BUOY (MANUAL),543,223
1786032579.127,2026-08-06 23:09:39,MANUAL,True,-7.92623,112.5948043,256.7,0.0,0.0,TRACKING_BUOY (MANUAL),509,189
1786032579.272,2026-08-06 23:09:39,MANUAL,True,-7.9262321,112.5948038,256.69,0.0,0.0,TRACKING_BUOY (MANUAL),474,154
1786032579.413,2026-08-06 23:09:39,MANUAL,True,-7.9262331,112.5948035,256.66,0.0,0.0,TRACKING_BUOY (MANUAL),449,129
1786032579.562,2026-08-06 23:09:39,MANUAL,True,-7.9262352,112.594803,256.63,0.0,0.0,TRACKING_BUOY (MANUAL),428,108
1786032579.707,2026-08-06 23:09:39,MANUAL,True,-7.9262367,112.5948026,256.61,0.0,0.0,TRACKING_BUOY (MANUAL),413,93
1786032579.849,2026-08-06 23:09:39,MANUAL,True,-7.9262385,112.5948021,256.62,0.0,0.0,TRACKING_BUOY (MANUAL),398,78
1786032579.990,2026-08-06 23:09:39,MANUAL,True,-7.9262396,112.5948018,256.61,0.0,0.0,TRACKING_BUOY (MANUAL),391,71
1786032580.154,2026-08-06 23:09:40,MANUAL,True,-7.9262419,112.5948012,256.56,0.0,0.0,TRACKING_BUOY (MANUAL),388,68
1786032580.296,2026-08-06 23:09:40,MANUAL,True,-7.926243,112.5948009,256.55,0.0,0.0,TRACKING_BUOY (MANUAL),383,63
1786032580.439,2026-08-06 23:09:40,MANUAL,True,-7.9262442,112.5948006,256.53,0.0,0.0,TRACKING_BUOY (MANUAL),379,59
1786032580.580,2026-08-06 23:09:40,MANUAL,True,-7.9262466,112.5947999,256.51,0.0,0.0,TRACKING_BUOY (MANUAL),373,53
1786032580.720,2026-08-06 23:09:40,MANUAL,True,-7.9262478,112.5947996,256.49,0.0,0.0,TRACKING_BUOY (MANUAL),365,45
1786032580.875,2026-08-06 23:09:40,MANUAL,True,-7.9262503,112.5947989,256.46,0.0,0.0,TRACKING_BUOY (MANUAL),358,38
1786032581.014,2026-08-06 23:09:41,MANUAL,True,-7.9262516,112.5947985,256.44,0.0,0.0,TRACKING_BUOY (MANUAL),343,23
1786032581.157,2026-08-06 23:09:41,MANUAL,True,-7.9262542,112.5947978,256.42,0.0,0.0,TRACKING_BUOY (MANUAL),338,18
1786032581.297,2026-08-06 23:09:41,MANUAL,True,-7.9262556,112.5947974,256.4,0.0,0.0,TRACKING_BUOY (MANUAL),334,14
1786032581.440,2026-08-06 23:09:41,MANUAL,True,-7.9262569,112.594797,256.4,0.0,0.0,TRACKING_BUOY (MANUAL),331,11
1786032581.583,2026-08-06 23:09:41,MANUAL,True,-7.9261565,112.5947808,256.38,0.0,0.0,TRACKING_BUOY (MANUAL),329,9
1786032581.740,2026-08-06 23:09:41,MANUAL,True,-7.9261565,112.5947808,256.34,0.0,0.0,TRACKING_BUOY (MANUAL),327,7
1786032581.881,2026-08-06 23:09:41,MANUAL,True,-7.9261565,112.5947808,256.32,0.0,0.0,TRACKING_BUOY (MANUAL),322,2
1786032582.025,2026-08-06 23:09:42,MANUAL,True,-7.9261565,112.5947808,256.32,0.0,0.0,TRACKING_BUOY (MANUAL),319,-1
1786032582.173,2026-08-06 23:09:42,MANUAL,True,-7.9261565,112.5947808,256.29,0.0,0.0,TRACKING_BUOY (MANUAL),318,-2
1786032582.318,2026-08-06 23:09:42,MANUAL,True,-7.9261565,112.5947808,256.27,0.0,0.0,TRACKING_BUOY (MANUAL),315,-5
1786032582.457,2026-08-06 23:09:42,MANUAL,True,-7.9261565,112.5947808,256.23,0.0,0.0,TRACKING_BUOY (MANUAL),315,-5
1786032582.599,2026-08-06 23:09:42,MANUAL,True,-7.9261565,112.5947808,256.23,0.0,0.0,TRACKING_BUOY (MANUAL),313,-7
1786032582.745,2026-08-06 23:09:42,MANUAL,True,-7.9261565,112.5947808,256.2,0.0,0.0,TRACKING_BUOY (MANUAL),311,-9
1786032582.885,2026-08-06 23:09:42,MANUAL,True,-7.9261565,112.5947808,256.18,0.0,0.0,TRACKING_BUOY (MANUAL),310,-10
1786032583.032,2026-08-06 23:09:43,MANUAL,True,-7.9261565,112.5947808,256.16,0.0,0.0,TRACKING_BUOY (MANUAL),309,-11
1786032583.171,2026-08-06 23:09:43,MANUAL,True,-7.9261565,112.5947808,256.17,0.0,0.0,TRACKING_BUOY (MANUAL),306,-14
1786032583.329,2026-08-06 23:09:43,MANUAL,True,-7.9261565,112.5947808,256.17,0.0,0.0,TRACKING_BUOY (MANUAL),306,-14
1786032583.496,2026-08-06 23:09:43,MANUAL,True,-7.9261565,112.5947808,256.2,0.0,0.0,TRACKING_BUOY (MANUAL),306,-14
1786032583.648,2026-08-06 23:09:43,MANUAL,True,-7.9261565,112.5947808,256.23,0.0,0.0,TRACKING_BUOY (MANUAL),306,-14
1786032583.786,2026-08-06 23:09:43,MANUAL,True,-7.9261565,112.5947808,256.26,0.0,0.0,TRACKING_BUOY (MANUAL),307,-13
1786032583.924,2026-08-06 23:09:43,MANUAL,True,-7.9261565,112.5947808,256.27,0.0,0.0,TRACKING_BUOY (MANUAL),307,-13
1786032584.069,2026-08-06 23:09:44,MANUAL,True,-7.9261565,112.5947808,256.28,0.0,0.0,TRACKING_BUOY (MANUAL),307,-13
1786032584.213,2026-08-06 23:09:44,MANUAL,True,-7.9261565,112.5947808,256.3,0.0,0.0,TRACKING_BUOY (MANUAL),307,-13
1786032584.358,2026-08-06 23:09:44,MANUAL,True,-7.9261565,112.5947808,256.32,0.0,0.0,TRACKING_BUOY (MANUAL),308,-12
1786032584.494,2026-08-06 23:09:44,MANUAL,True,-7.9261565,112.5947808,256.33,0.0,0.0,TRACKING_BUOY (MANUAL),309,-11
1786032584.638,2026-08-06 23:09:44,MANUAL,True,-7.9261565,112.5947808,256.33,0.0,0.0,TRACKING_BUOY (MANUAL),310,-10
1786032584.782,2026-08-06 23:09:44,MANUAL,True,-7.9261565,112.5947808,256.33,0.0,0.0,TRACKING_BUOY (MANUAL),311,-9
1786032584.925,2026-08-06 23:09:44,MANUAL,True,-7.9261565,112.5947808,256.32,0.0,0.0,TRACKING_BUOY (MANUAL),312,-8
1786032585.084,2026-08-06 23:09:45,MANUAL,True,-7.9261565,112.5947808,256.32,0.0,0.0,TRACKING_BUOY (MANUAL),311,-9
1786032585.233,2026-08-06 23:09:45,MANUAL,True,-7.9261565,112.5947808,256.3,0.0,0.0,TRACKING_BUOY (MANUAL),311,-9
1786032585.391,2026-08-06 23:09:45,MANUAL,True,-7.9261565,112.5947808,256.3,0.0,0.0,TRACKING_BUOY (MANUAL),311,-9
1786032585.541,2026-08-06 23:09:45,MANUAL,True,-7.9261565,112.5947808,256.3,0.0,0.0,TRACKING_BUOY (MANUAL),311,-9
1786032585.690,2026-08-06 23:09:45,MANUAL,True,-7.9261565,112.5947808,256.32,0.0,0.0,TRACKING_BUOY (MANUAL),312,-8
1786032585.836,2026-08-06 23:09:45,MANUAL,True,-7.9261565,112.5947808,256.33,0.0,0.0,TRACKING_BUOY (MANUAL),311,-9
1786032585.987,2026-08-06 23:09:45,MANUAL,True,-7.9261565,112.5947808,256.33,0.0,0.0,TRACKING_BUOY (MANUAL),310,-10
1786032586.131,2026-08-06 23:09:46,MANUAL,True,-7.9261565,112.5947808,256.34,0.0,0.0,TRACKING_BUOY (MANUAL),304,-16
1786032586.278,2026-08-06 23:09:46,MANUAL,True,-7.9261565,112.5947808,256.35,0.0,0.0,TRACKING_BUOY (MANUAL),303,-17
1786032586.426,2026-08-06 23:09:46,MANUAL,True,-7.9261565,112.5947808,256.34,0.0,0.0,TRACKING_BUOY (MANUAL),302,-18
1786032586.564,2026-08-06 23:09:46,MANUAL,True,-7.9261565,112.5947808,256.33,0.0,0.0,TRACKING_BUOY (MANUAL),301,-19
1786032586.729,2026-08-06 23:09:46,MANUAL,True,-7.9261565,112.5947808,256.33,0.0,0.0,TRACKING_BUOY (MANUAL),301,-19
1786032586.865,2026-08-06 23:09:46,MANUAL,True,-7.9261565,112.5947808,256.35,0.0,0.0,TRACKING_BUOY (MANUAL),303,-17
1786032587.007,2026-08-06 23:09:47,MANUAL,True,-7.9261565,112.5947808,256.34,0.0,0.0,TRACKING_BUOY (MANUAL),305,-15
1786032587.160,2026-08-06 23:09:47,MANUAL,True,-7.9261565,112.5947808,256.33,0.0,0.0,TRACKING_BUOY (MANUAL),308,-12
1786032587.303,2026-08-06 23:09:47,MANUAL,True,-7.9261565,112.5947808,256.35,0.0,0.0,TRACKING_BUOY (MANUAL),309,-11
1786032587.457,2026-08-06 23:09:47,MANUAL,True,-7.9261565,112.5947808,256.39,0.0,0.0,TRACKING_BUOY (MANUAL),309,-11
1786032587.598,2026-08-06 23:09:47,MANUAL,True,-7.9261565,112.5947808,256.4,0.0,0.0,TRACKING_BUOY (MANUAL),297,-23
1786032587.739,2026-08-06 23:09:47,MANUAL,True,-7.9261565,112.5947808,256.42,0.0,0.0,TRACKING_BUOY (MANUAL),288,-32
1786032587.878,2026-08-06 23:09:47,MANUAL,True,-7.9261565,112.5947808,256.43,0.0,0.0,TRACKING_BUOY (MANUAL),281,-39
1786032588.023,2026-08-06 23:09:48,MANUAL,True,-7.9261565,112.5947808,256.45,0.0,0.0,TRACKING_BUOY (MANUAL),278,-42
1786032588.163,2026-08-06 23:09:48,MANUAL,True,-7.9262863,112.5950009,256.47,0.0,0.0,TRACKING_BUOY (MANUAL),278,-42
1786032588.306,2026-08-06 23:09:48,MANUAL,True,-7.9262866,112.5950016,256.5,0.0,0.0,TRACKING_BUOY (MANUAL),283,-37
1786032588.480,2026-08-06 23:09:48,MANUAL,True,-7.9262867,112.5950016,256.54,0.0,0.0,TRACKING_BUOY (MANUAL),286,-34
1786032588.631,2026-08-06 23:09:48,MANUAL,True,-7.9262863,112.5950008,256.58,0.0,0.0,TRACKING_BUOY (MANUAL),299,-21
1786032588.773,2026-08-06 23:09:48,MANUAL,True,-7.926285,112.5949982,256.63,0.0,0.0,TRACKING_BUOY (MANUAL),306,-14
1786032588.914,2026-08-06 23:09:48,MANUAL,True,-7.9262841,112.5949964,256.65,0.0,0.0,TRACKING_BUOY (MANUAL),308,-12
1786032589.056,2026-08-06 23:09:49,MANUAL,True,-7.9262815,112.5949915,256.77,0.0,0.0,TRACKING_BUOY (MANUAL),310,-10
1786032589.221,2026-08-06 23:09:49,MANUAL,True,-7.9262799,112.5949886,256.82,0.0,0.0,TRACKING_BUOY (MANUAL),314,-6
1786032589.397,2026-08-06 23:09:49,MANUAL,True,-7.9262763,112.5949824,256.87,0.0,0.0,TRACKING_BUOY (MANUAL),317,-3
1786032589.570,2026-08-06 23:09:49,MANUAL,True,-7.9262726,112.594976,256.93,0.0,0.0,TRACKING_BUOY (MANUAL),319,-1
1786032589.720,2026-08-06 23:09:49,MANUAL,True,-7.926271,112.5949732,256.98,0.0,0.0,TRACKING_BUOY (MANUAL),320,0
1786032589.861,2026-08-06 23:09:49,MANUAL,True,-7.9262673,112.5949668,257.07,0.0,0.0,TRACKING_BUOY (MANUAL),319,-1
1786032590.008,2026-08-06 23:09:50,MANUAL,True,-7.9262654,112.5949634,257.1,0.0,0.0,TRACKING_BUOY (MANUAL),322,2
1786032590.161,2026-08-06 23:09:50,MANUAL,True,-7.9262622,112.5949574,257.12,0.0,0.0,TRACKING_BUOY (MANUAL),320,0
1786032590.316,2026-08-06 23:09:50,MANUAL,True,-7.9262608,112.5949544,257.11,0.0,0.0,TRACKING_BUOY (MANUAL),320,0
1786032590.457,2026-08-06 23:09:50,MANUAL,True,-7.9262575,112.5949474,257.09,0.0,0.0,TRACKING_BUOY (MANUAL),320,0
1786032590.602,2026-08-06 23:09:50,MANUAL,True,-7.9262557,112.5949435,257.09,0.0,0.0,TRACKING_BUOY (MANUAL),321,1
1786032590.744,2026-08-06 23:09:50,MANUAL,True,-7.9262525,112.5949361,257.06,0.0,0.0,TRACKING_BUOY (MANUAL),322,2
1786032590.889,2026-08-06 23:09:50,MANUAL,True,-7.926251,112.5949326,257.07,0.0,0.0,TRACKING_BUOY (MANUAL),321,1
1786032591.030,2026-08-06 23:09:51,MANUAL,True,-7.9262493,112.5949283,257.06,0.0,0.0,TRACKING_BUOY (MANUAL),322,2
1786032591.175,2026-08-06 23:09:51,MANUAL,True,-7.9262463,112.5949204,257.09,0.0,0.0,TRACKING_BUOY (MANUAL),322,2
1786032591.320,2026-08-06 23:09:51,MANUAL,True,-7.9262448,112.5949164,257.09,0.0,0.0,TRACKING_BUOY (MANUAL),322,2
1786032591.456,2026-08-06 23:09:51,MANUAL,True,-7.9262425,112.5949093,257.12,0.0,0.0,TRACKING_BUOY (MANUAL),323,3
1786032591.593,2026-08-06 23:09:51,MANUAL,True,-7.9262415,112.5949059,257.12,0.0,0.0,TRACKING_BUOY (MANUAL),322,2
1786032591.735,2026-08-06 23:09:51,MANUAL,True,-7.9262404,112.5949018,257.12,0.0,0.0,TRACKING_BUOY (MANUAL),322,2
1786032591.885,2026-08-06 23:09:51,MANUAL,True,-7.9262392,112.594897,257.1,0.0,0.0,TRACKING_BUOY (MANUAL),322,2
1786032592.033,2026-08-06 23:09:52,MANUAL,True,-7.9262384,112.594894,257.11,0.0,0.0,TRACKING_BUOY (MANUAL),323,3
1786032592.187,2026-08-06 23:09:52,MANUAL,True,-7.9262367,112.5948881,257.12,0.0,0.0,TRACKING_BUOY (MANUAL),323,3
1786032592.332,2026-08-06 23:09:52,MANUAL,True,-7.9262356,112.5948849,257.11,0.0,0.0,TRACKING_BUOY (MANUAL),323,3
1786032592.477,2026-08-06 23:09:52,MANUAL,True,-7.9262327,112.5948786,257.11,0.0,0.0,TRACKING_BUOY (MANUAL),322,2
1786032592.620,2026-08-06 23:09:52,MANUAL,True,-7.9262312,112.5948758,257.12,0.0,0.0,TRACKING_BUOY (MANUAL),323,3
1786032592.767,2026-08-06 23:09:52,MANUAL,True,-7.9262286,112.5948709,257.12,0.0,0.0,TRACKING_BUOY (MANUAL),323,3
1786032592.912,2026-08-06 23:09:52,MANUAL,True,-7.9262275,112.5948688,257.12,0.0,0.0,TRACKING_BUOY (MANUAL),324,4
1786032593.052,2026-08-06 23:09:53,MANUAL,True,-7.9262248,112.5948666,257.11,0.0,0.0,TRACKING_BUOY (MANUAL),325,5
1786032593.211,2026-08-06 23:09:53,MANUAL,True,-7.9262236,112.5948666,257.1,0.0,0.0,TRACKING_BUOY (MANUAL),326,6
1786032593.360,2026-08-06 23:09:53,MANUAL,True,-7.9262216,112.594868,257.1,0.0,0.0,TRACKING_BUOY (MANUAL),330,10
1786032593.541,2026-08-06 23:09:53,MANUAL,True,-7.9262209,112.5948688,257.08,0.0,0.0,TRACKING_BUOY (MANUAL),336,16
1786032593.698,2026-08-06 23:09:53,MANUAL,True,-7.9262198,112.5948713,257.03,0.0,0.0,TRACKING_BUOY (MANUAL),342,22
1786032593.845,2026-08-06 23:09:53,MANUAL,True,-7.926219,112.5948739,257.02,0.0,0.0,TRACKING_BUOY (MANUAL),347,27
1786032593.994,2026-08-06 23:09:53,MANUAL,True,-7.9262185,112.5948754,257.01,0.0,0.0,TRACKING_BUOY (MANUAL),353,33
1786032594.137,2026-08-06 23:09:54,MANUAL,True,-7.9262182,112.5948764,257.03,0.0,0.0,TRACKING_BUOY (MANUAL),362,42
1786032594.281,2026-08-06 23:09:54,MANUAL,True,-7.9262176,112.5948784,256.99,0.0,0.0,TRACKING_BUOY (MANUAL),372,52
1786032594.425,2026-08-06 23:09:54,MANUAL,True,-7.9262172,112.5948792,256.98,0.0,0.0,TRACKING_BUOY (MANUAL),379,59
1786032594.570,2026-08-06 23:09:54,MANUAL,True,-7.9262163,112.5948795,256.98,0.0,0.0,TRACKING_BUOY (MANUAL),386,66
1786032594.726,2026-08-06 23:09:54,MANUAL,True,-7.9262156,112.594879,256.93,0.0,0.0,TRACKING_BUOY (MANUAL),387,67
1786032594.868,2026-08-06 23:09:54,MANUAL,True,-7.9262147,112.5948779,256.89,0.0,0.0,TRACKING_BUOY (MANUAL),389,69
1786032595.010,2026-08-06 23:09:55,MANUAL,True,-7.926214,112.5948769,256.86,0.0,0.0,TRACKING_BUOY (MANUAL),386,66
1786032595.151,2026-08-06 23:09:55,MANUAL,True,-7.9262128,112.5948749,256.82,0.0,0.0,TRACKING_BUOY (MANUAL),372,52
1786032595.300,2026-08-06 23:09:55,MANUAL,True,-7.9262123,112.5948739,256.78,0.0,0.0,TRACKING_BUOY (MANUAL),355,35
1786032595.445,2026-08-06 23:09:55,MANUAL,True,-7.9262112,112.5948722,256.72,0.0,0.0,TRACKING_BUOY (MANUAL),338,18
1786032595.593,2026-08-06 23:09:55,MANUAL,True,-7.9262108,112.5948714,256.7,0.0,0.0,TRACKING_BUOY (MANUAL),323,3
1786032595.739,2026-08-06 23:09:55,MANUAL,True,-7.9262106,112.5948704,256.65,0.0,0.0,TRACKING_BUOY (MANUAL),318,-2
1786032595.885,2026-08-06 23:09:55,MANUAL,True,-7.9262102,112.5948685,256.56,0.0,0.0,TRACKING_BUOY (MANUAL),315,-5
1786032596.032,2026-08-06 23:09:56,MANUAL,True,-7.92621,112.5948681,256.5,0.0,0.0,TRACKING_BUOY (MANUAL),314,-6
1786032596.173,2026-08-06 23:09:56,MANUAL,True,-7.92621,112.5948677,256.38,0.0,0.0,TRACKING_BUOY (MANUAL),310,-10
1786032596.317,2026-08-06 23:09:56,MANUAL,True,-7.9262102,112.5948679,256.32,0.0,0.0,TRACKING_BUOY (MANUAL),308,-12
1786032596.450,2026-08-06 23:09:56,MANUAL,True,-7.926211,112.5948684,256.22,0.0,0.0,TRACKING_BUOY (MANUAL),303,-17
1786032596.588,2026-08-06 23:09:56,MANUAL,True,-7.9262115,112.5948688,256.16,0.0,0.0,TRACKING_BUOY (MANUAL),300,-20
1786032596.749,2026-08-06 23:09:56,MANUAL,True,-7.9262123,112.5948692,256.02,0.0,0.0,TRACKING_BUOY (MANUAL),294,-26
1786032596.895,2026-08-06 23:09:56,MANUAL,True,-7.9262127,112.5948691,255.97,0.0,0.0,TRACKING_BUOY (MANUAL),292,-28
1786032597.038,2026-08-06 23:09:57,MANUAL,True,-7.9262129,112.5948692,255.94,0.0,0.0,TRACKING_BUOY (MANUAL),290,-30
1786032597.194,2026-08-06 23:09:57,MANUAL,True,-7.9262133,112.5948692,255.84,0.0,0.0,TRACKING_BUOY (MANUAL),286,-34
1786032597.346,2026-08-06 23:09:57,MANUAL,True,-7.9262141,112.5948697,255.69,0.0,0.0,TRACKING_BUOY (MANUAL),283,-37
1786032597.506,2026-08-06 23:09:57,MANUAL,True,-7.9262147,112.59487,255.58,0.0,0.0,TRACKING_BUOY (MANUAL),278,-42
1786032597.655,2026-08-06 23:09:57,MANUAL,True,-7.9262159,112.5948707,255.49,0.0,0.0,TRACKING_BUOY (MANUAL),278,-42
1786032597.794,2026-08-06 23:09:57,MANUAL,True,-7.9262187,112.5948718,255.33,0.0,0.0,TRACKING_BUOY (MANUAL),275,-45
1786032597.931,2026-08-06 23:09:57,MANUAL,True,-7.9262203,112.5948725,255.25,0.0,0.0,TRACKING_BUOY (MANUAL),271,-49
1786032598.072,2026-08-06 23:09:58,MANUAL,True,-7.9262233,112.594874,255.2,0.0,0.0,TRACKING_BUOY (MANUAL),270,-50
1786032598.214,2026-08-06 23:09:58,MANUAL,True,-7.9262248,112.5948746,255.14,0.0,0.0,TRACKING_BUOY (MANUAL),266,-54
1786032598.357,2026-08-06 23:09:58,MANUAL,True,-7.9262269,112.5948758,255.08,0.0,0.0,TRACKING_BUOY (MANUAL),262,-58
1786032598.499,2026-08-06 23:09:58,MANUAL,True,-7.9262276,112.594876,255.05,0.0,0.0,TRACKING_BUOY (MANUAL),261,-59
1786032598.698,2026-08-06 23:09:58,MANUAL,True,-7.9262283,112.5948763,254.97,0.0,0.0,TRACKING_BUOY (MANUAL),261,-59
1786032598.836,2026-08-06 23:09:58,MANUAL,True,-7.9262287,112.5948767,254.94,0.0,0.0,TRACKING_BUOY (MANUAL),261,-59
1786032598.979,2026-08-06 23:09:58,MANUAL,True,-7.9262298,112.5948774,254.87,0.0,0.0,TRACKING_BUOY (MANUAL),261,-59
1786032599.130,2026-08-06 23:09:59,MANUAL,True,-7.9262304,112.5948777,254.83,0.0,0.0,TRACKING_BUOY (MANUAL),261,-59
1786032599.272,2026-08-06 23:09:59,MANUAL,True,-7.9262316,112.5948782,254.75,0.0,0.0,TRACKING_BUOY (MANUAL),262,-58
1786032599.417,2026-08-06 23:09:59,MANUAL,True,-7.9262322,112.5948783,254.71,0.0,0.0,TRACKING_BUOY (MANUAL),269,-51
1786032599.555,2026-08-06 23:09:59,MANUAL,True,-7.9262332,112.5948778,254.66,0.0,0.0,TRACKING_BUOY (MANUAL),280,-40
1786032599.704,2026-08-06 23:09:59,MANUAL,True,-7.9262337,112.5948772,254.64,0.0,0.0,TRACKING_BUOY (MANUAL),291,-29
1786032599.845,2026-08-06 23:09:59,MANUAL,True,-7.926234,112.5948752,254.55,0.0,0.0,TRACKING_BUOY (MANUAL),305,-15
1786032599.990,2026-08-06 23:09:59,MANUAL,True,-7.9262342,112.5948739,254.46,0.0,0.0,TRACKING_BUOY (MANUAL),311,-9
1786032600.135,2026-08-06 23:10:00,MANUAL,True,-7.9262344,112.5948729,254.44,0.0,0.0,TRACKING_BUOY (MANUAL),316,-4
1786032600.278,2026-08-06 23:10:00,MANUAL,True,-7.9262354,112.5948717,254.39,0.0,0.0,TRACKING_BUOY (MANUAL),318,-2
1786032600.428,2026-08-06 23:10:00,MANUAL,True,-7.9262361,112.5948713,254.36,0.0,0.0,TRACKING_BUOY (MANUAL),316,-4
1786032600.568,2026-08-06 23:10:00,MANUAL,True,-7.9262371,112.5948702,254.29,0.0,0.0,TRACKING_BUOY (MANUAL),316,-4
1786032600.708,2026-08-06 23:10:00,MANUAL,True,-7.9262376,112.5948692,254.21,0.0,0.0,TRACKING_BUOY (MANUAL),315,-5
1786032600.852,2026-08-06 23:10:00,MANUAL,True,-7.9262379,112.5948674,254.09,0.0,0.0,TRACKING_BUOY (MANUAL),312,-8
1786032600.993,2026-08-06 23:10:00,MANUAL,True,-7.9262379,112.5948659,254.01,0.0,0.0,TRACKING_BUOY (MANUAL),309,-11
1786032601.142,2026-08-06 23:10:01,MANUAL,True,-7.9262381,112.5948631,253.87,0.0,0.0,TRACKING_BUOY (MANUAL),311,-9
1786032601.290,2026-08-06 23:10:01,MANUAL,True,-7.9262383,112.5948618,253.8,0.0,0.0,TRACKING_BUOY (MANUAL),308,-12
1786032601.433,2026-08-06 23:10:01,MANUAL,True,-7.9262383,112.5948605,253.74,0.0,0.0,TRACKING_BUOY (MANUAL),308,-12
1786032601.574,2026-08-06 23:10:01,MANUAL,True,-7.9262385,112.5948581,253.63,0.0,0.0,TRACKING_BUOY (MANUAL),308,-12
1786032601.715,2026-08-06 23:10:01,MANUAL,True,-7.9262385,112.5948569,253.57,0.0,0.0,TRACKING_BUOY (MANUAL),308,-12
1786032601.858,2026-08-06 23:10:01,MANUAL,True,-7.9262382,112.5948543,253.45,0.0,0.0,TRACKING_BUOY (MANUAL),308,-12
1786032601.998,2026-08-06 23:10:01,MANUAL,True,-7.926238,112.594853,253.4,0.0,0.0,TRACKING_BUOY (MANUAL),309,-11
1786032602.141,2026-08-06 23:10:02,MANUAL,True,-7.9262379,112.5948519,253.35,0.0,0.0,TRACKING_BUOY (MANUAL),312,-8
1786032602.284,2026-08-06 23:10:02,MANUAL,True,-7.9262379,112.5948498,253.23,0.0,0.0,TRACKING_BUOY (MANUAL),312,-8
1786032602.424,2026-08-06 23:10:02,MANUAL,True,-7.9262378,112.594849,253.18,0.0,0.0,TRACKING_BUOY (MANUAL),312,-8
1786032602.566,2026-08-06 23:10:02,MANUAL,True,-7.9262376,112.5948475,253.08,0.0,0.0,TRACKING_BUOY (MANUAL),313,-7
1786032602.710,2026-08-06 23:10:02,MANUAL,True,-7.9262376,112.5948467,253.0,0.0,0.0,TRACKING_BUOY (MANUAL),311,-9
1786032602.852,2026-08-06 23:10:02,MANUAL,True,-7.9262376,112.5948458,252.9,0.0,0.0,TRACKING_BUOY,312,-8
1786032602.998,2026-08-06 23:10:02,MANUAL,True,-7.9262376,112.5948455,252.83,0.0,0.0,FINISH,312,-8
1786032603.148,2026-08-06 23:10:03,MANUAL,True,-7.926238,112.5948449,252.71,0.0,0.0,IDLE,312,-8
1786032603.293,2026-08-06 23:10:03,MANUAL,True,-7.9262382,112.5948447,252.65,0.0,0.0,IDLE,312,-8
1786032603.461,2026-08-06 23:10:03,MANUAL,True,-7.9262387,112.5948445,252.52,0.0,0.0,IDLE,312,-8
1786032603.624,2026-08-06 23:10:03,MANUAL,True,-7.9262391,112.5948446,252.47,0.0,0.0,IDLE,312,-8
1786032603.804,2026-08-06 23:10:03,MANUAL,True,-7.9262398,112.5948449,252.37,0.0,0.0,IDLE,313,-7
1786032603.947,2026-08-06 23:10:03,MANUAL,True,-7.9262406,112.5948452,252.24,0.0,0.0,IDLE,313,-7
1786032604.095,2026-08-06 23:10:04,MANUAL,True,-7.926241,112.5948453,252.18,0.0,0.0,IDLE,315,-5
1786032604.244,2026-08-06 23:10:04,MANUAL,True,-7.9262414,112.5948451,252.07,0.0,0.0,IDLE,315,-5
1786032604.397,2026-08-06 23:10:04,MANUAL,True,-7.9262414,112.5948449,252.01,0.0,0.0,IDLE,314,-6
1786032604.545,2026-08-06 23:10:04,MANUAL,True,-7.9262415,112.5948443,251.86,0.0,0.0,IDLE,314,-6
1786032604.691,2026-08-06 23:10:04,MANUAL,True,-7.9262416,112.5948439,251.8,0.0,0.0,IDLE,315,-5
1786032604.835,2026-08-06 23:10:04,MANUAL,True,-7.9262415,112.5948434,251.73,0.0,0.0,IDLE,318,-2
1786032604.972,2026-08-06 23:10:04,MANUAL,True,-7.9262415,112.594842,251.62,0.0,0.0,IDLE,319,-1
1786032605.125,2026-08-06 23:10:05,MANUAL,True,-7.9262415,112.5948412,251.57,0.0,0.0,IDLE,321,1
1786032605.272,2026-08-06 23:10:05,MANUAL,True,-7.9262414,112.5948394,251.5,0.0,0.0,IDLE,325,5
1786032605.423,2026-08-06 23:10:05,MANUAL,True,-7.9262413,112.5948384,251.44,0.0,0.0,IDLE,375,55
1786032605.561,2026-08-06 23:10:05,MANUAL,True,-7.9262411,112.5948366,251.32,0.0,0.0,IDLE,,
1786032605.704,2026-08-06 23:10:05,MANUAL,True,-7.9262412,112.5948357,251.26,0.0,0.0,IDLE,,
1786032605.840,2026-08-06 23:10:05,MANUAL,True,-7.9262411,112.5948351,251.21,0.0,0.0,IDLE,,
1786032605.979,2026-08-06 23:10:05,MANUAL,True,-7.9262408,112.5948334,251.1,0.0,0.0,IDLE,,
1786032606.121,2026-08-06 23:10:06,MANUAL,True,-7.9262406,112.5948324,251.06,0.0,0.0,IDLE,,
1786032606.260,2026-08-06 23:10:06,MANUAL,True,-7.9262402,112.59483,250.95,0.0,0.0,IDLE,,
1786032606.401,2026-08-06 23:10:06,MANUAL,True,-7.92624,112.594829,250.91,0.0,0.0,IDLE,,
1786032606.567,2026-08-06 23:10:06,MANUAL,True,-7.9262399,112.5948276,250.81,0.0,0.0,IDLE,,
1786032606.709,2026-08-06 23:10:06,MANUAL,True,-7.92624,112.5948269,250.75,0.0,0.0,IDLE,,
1786032606.857,2026-08-06 23:10:06,MANUAL,True,-7.9262403,112.5948266,250.68,0.0,0.0,IDLE,,
1786032607.004,2026-08-06 23:10:07,MANUAL,True,-7.9262406,112.5948265,250.64,0.0,0.0,IDLE,,
1786032607.143,2026-08-06 23:10:07,MANUAL,True,-7.9262414,112.5948261,250.53,0.0,0.0,IDLE,,
1786032607.310,2026-08-06 23:10:07,MANUAL,True,-7.9262417,112.5948258,250.49,0.0,0.0,IDLE,,
1786032607.456,2026-08-06 23:10:07,MANUAL,True,-7.9262424,112.5948257,250.38,0.0,0.0,IDLE,,
1786032607.595,2026-08-06 23:10:07,MANUAL,True,-7.9262428,112.5948256,250.29,0.0,0.0,IDLE,,
1786032607.760,2026-08-06 23:10:07,MANUAL,True,-7.9262435,112.5948255,250.15,0.0,0.0,IDLE,,
1786032607.920,2026-08-06 23:10:07,MANUAL,True,-7.9262439,112.5948255,250.11,0.0,0.0,IDLE,,
1786032608.076,2026-08-06 23:10:08,MANUAL,True,-7.9262444,112.5948258,250.03,0.0,0.0,IDLE,,
1786032608.225,2026-08-06 23:10:08,MANUAL,True,-7.9262448,112.5948261,249.98,0.0,0.0,IDLE,,
1786032608.384,2026-08-06 23:10:08,MANUAL,True,-7.9262456,112.5948269,249.89,0.0,0.0,IDLE,,
1786032608.545,2026-08-06 23:10:08,MANUAL,True,-7.9262465,112.5948276,249.81,0.0,0.0,IDLE,,
1786032608.694,2026-08-06 23:10:08,MANUAL,True,-7.926247,112.594828,249.76,0.0,0.0,IDLE,,
1786032608.894,2026-08-06 23:10:08,MANUAL,True,-7.9262477,112.5948287,249.67,0.0,0.0,IDLE,,
1786032609.051,2026-08-06 23:10:09,MANUAL,True,-7.9262484,112.5948291,249.64,0.0,0.0,IDLE,,
1786032609.198,2026-08-06 23:10:09,MANUAL,True,-7.9262487,112.5948294,249.62,0.0,0.0,IDLE,,
1786032609.348,2026-08-06 23:10:09,MANUAL,True,-7.9262493,112.5948302,249.58,0.0,0.0,IDLE,,
1786032609.494,2026-08-06 23:10:09,MANUAL,True,-7.9262495,112.5948307,249.56,0.0,0.0,IDLE,,
1786032609.822,2026-08-06 23:10:09,MANUAL,True,-7.9262499,112.5948324,249.55,0.0,0.0,IDLE,,
1786032610.092,2026-08-06 23:10:10,MANUAL,True,-7.9262502,112.5948338,249.53,0.0,0.0,IDLE,,
1786032610.404,2026-08-06 23:10:10,MANUAL,True,-7.9262489,112.594834,249.52,0.0,0.0,IDLE,,
1786032610.615,2026-08-06 23:10:10,MANUAL,True,-7.9262481,112.5948337,249.52,0.0,0.0,IDLE,,
1786032610.751,2026-08-06 23:10:10,MANUAL,True,-7.9262473,112.5948333,249.51,0.0,0.0,IDLE,,
1786032610.890,2026-08-06 23:10:10,MANUAL,True,-7.9262469,112.5948331,249.5,0.0,0.0,IDLE,,
1786032611.037,2026-08-06 23:10:11,MANUAL,True,-7.9262465,112.594833,249.5,0.0,0.0,IDLE,,
1786032611.183,2026-08-06 23:10:11,MANUAL,True,-7.9262459,112.5948329,249.49,0.0,0.0,IDLE,,
1786032611.322,2026-08-06 23:10:11,MANUAL,True,-7.9262457,112.5948329,249.5,0.0,0.0,IDLE,,
1786032611.463,2026-08-06 23:10:11,MANUAL,True,-7.9262448,112.5948329,249.49,0.0,0.0,IDLE,,
1786032611.606,2026-08-06 23:10:11,MANUAL,True,-7.9262444,112.5948327,249.49,0.0,0.0,IDLE,,
1786032611.746,2026-08-06 23:10:11,MANUAL,True,-7.9262437,112.5948322,249.48,0.0,0.0,IDLE,,
1786032611.889,2026-08-06 23:10:11,MANUAL,True,-7.9262434,112.594832,249.48,0.0,0.0,IDLE,,
1786032612.034,2026-08-06 23:10:12,MANUAL,True,-7.9262432,112.5948319,249.47,0.0,0.0,IDLE,,
1786032612.167,2026-08-06 23:10:12,MANUAL,True,-7.9262429,112.594832,249.49,0.0,0.0,IDLE,,
1786032612.302,2026-08-06 23:10:12,MANUAL,True,-7.9262428,112.5948322,249.49,0.0,0.0,IDLE,,
1786032612.437,2026-08-06 23:10:12,MANUAL,True,-7.9262426,112.5948326,249.49,0.0,0.0,IDLE,,
1786032612.571,2026-08-06 23:10:12,MANUAL,True,-7.9262426,112.5948334,249.48,0.0,0.0,IDLE,,
1786032612.709,2026-08-06 23:10:12,MANUAL,True,-7.9262426,112.594834,249.49,0.0,0.0,IDLE,,
1786032612.845,2026-08-06 23:10:12,MANUAL,True,-7.9262427,112.5948346,249.49,0.0,0.0,IDLE,,
1786032612.993,2026-08-06 23:10:12,MANUAL,True,-7.9262426,112.5948351,249.48,0.0,0.0,IDLE,,
1786032613.135,2026-08-06 23:10:13,MANUAL,True,-7.9262425,112.5948356,249.47,0.0,0.0,IDLE,,
1786032613.274,2026-08-06 23:10:13,MANUAL,True,-7.9262421,112.5948364,249.45,0.0,0.0,IDLE,,
1786032613.422,2026-08-06 23:10:13,MANUAL,True,-7.9262417,112.5948367,249.45,0.0,0.0,IDLE,,
1786032613.569,2026-08-06 23:10:13,MANUAL,True,-7.9262411,112.5948377,249.44,0.0,0.0,IDLE,,
1786032613.712,2026-08-06 23:10:13,MANUAL,True,-7.9262409,112.5948383,249.45,0.0,0.0,IDLE,,
1786032613.870,2026-08-06 23:10:13,MANUAL,True,-7.9262406,112.5948398,249.45,0.0,0.0,IDLE,,
1786032614.009,2026-08-06 23:10:14,MANUAL,True,-7.9262405,112.5948403,249.45,0.0,0.0,IDLE,,
1786032614.194,2026-08-06 23:10:14,MANUAL,True,-7.9262403,112.5948413,249.43,0.0,0.0,IDLE,,
1786032614.359,2026-08-06 23:10:14,MANUAL,True,-7.9262401,112.594842,249.43,0.0,0.0,IDLE,,
1786032614.525,2026-08-06 23:10:14,MANUAL,True,-7.92624,112.5948423,249.44,0.0,0.0,IDLE,,
1786032614.730,2026-08-06 23:10:14,MANUAL,True,-7.9262396,112.5948423,249.45,0.0,0.0,IDLE,,
1786032614.916,2026-08-06 23:10:14,MANUAL,True,-7.9262395,112.5948427,249.45,0.0,0.0,IDLE,,
1786032615.074,2026-08-06 23:10:15,MANUAL,True,-7.9262394,112.5948432,249.48,0.0,0.0,IDLE,,
1786032615.259,2026-08-06 23:10:15,MANUAL,True,-7.9262392,112.5948435,249.5,0.0,0.0,IDLE,,
1786032615.390,2026-08-06 23:10:15,MANUAL,True,-7.9262393,112.5948436,249.51,0.0,0.0,IDLE,,
1786032615.549,2026-08-06 23:10:15,MANUAL,True,-7.9262395,112.594844,249.51,0.0,0.0,IDLE,,
1786032615.716,2026-08-06 23:10:15,MANUAL,True,-7.9262398,112.5948443,249.51,0.0,0.0,IDLE,,
1786032615.878,2026-08-06 23:10:15,MANUAL,True,-7.9262402,112.5948443,249.54,0.0,0.0,IDLE,,
1786032616.029,2026-08-06 23:10:16,MANUAL,True,-7.9262403,112.5948442,249.54,0.0,0.0,IDLE,,
1786032616.161,2026-08-06 23:10:16,MANUAL,True,-7.9262405,112.5948444,249.57,0.0,0.0,IDLE,,
1786032616.493,2026-08-06 23:10:16,MANUAL,True,-7.9262409,112.5948452,249.56,0.0,0.0,IDLE,,
1786032616.639,2026-08-06 23:10:16,MANUAL,True,-7.926241,112.5948457,249.56,0.0,0.0,IDLE,,
1786032616.773,2026-08-06 23:10:16,MANUAL,True,-7.9262411,112.5948466,249.55,0.0,0.0,IDLE,,
1786032616.908,2026-08-06 23:10:16,MANUAL,True,-7.9262413,112.5948471,249.54,0.0,0.0,IDLE,,
1786032617.045,2026-08-06 23:10:17,MANUAL,True,-7.9262416,112.5948485,249.54,0.0,0.0,IDLE,,
1786032617.174,2026-08-06 23:10:17,MANUAL,True,-7.9262418,112.594849,249.55,0.0,0.0,IDLE,,
1786032617.316,2026-08-06 23:10:17,MANUAL,True,-7.926242,112.5948495,249.54,0.0,0.0,IDLE,,
1786032617.449,2026-08-06 23:10:17,MANUAL,True,-7.9262424,112.5948503,249.56,0.0,0.0,IDLE,,
1786032617.602,2026-08-06 23:10:17,MANUAL,True,-7.9262426,112.5948507,249.56,0.0,0.0,IDLE,,
1786032617.733,2026-08-06 23:10:17,MANUAL,True,-7.9262429,112.5948511,249.56,0.0,0.0,IDLE,,
1786032617.866,2026-08-06 23:10:17,MANUAL,True,-7.9262433,112.594852,249.56,0.0,0.0,IDLE,,
1786032617.999,2026-08-06 23:10:17,MANUAL,True,-7.9262434,112.5948524,249.57,0.0,0.0,IDLE,,
1786032618.130,2026-08-06 23:10:18,MANUAL,True,-7.9262434,112.5948528,249.56,0.0,0.0,IDLE,,
1786032618.271,2026-08-06 23:10:18,MANUAL,True,-7.9262434,112.5948533,249.56,0.0,0.0,IDLE,,
1786032618.404,2026-08-06 23:10:18,MANUAL,True,-7.9262434,112.5948534,249.56,0.0,0.0,IDLE,,
1786032618.540,2026-08-06 23:10:18,MANUAL,True,-7.9262434,112.5948535,249.56,0.0,0.0,IDLE,,
1786032618.675,2026-08-06 23:10:18,MANUAL,True,-7.9262435,112.5948536,249.55,0.0,0.0,IDLE,,
1786032618.813,2026-08-06 23:10:18,MANUAL,True,-7.9262436,112.5948539,249.56,0.0,0.0,IDLE,,
1786032618.973,2026-08-06 23:10:18,MANUAL,True,-7.9262436,112.5948543,249.56,0.0,0.0,IDLE,,
1786032619.102,2026-08-06 23:10:19,MANUAL,True,-7.9262437,112.5948545,249.56,0.0,0.0,IDLE,,
1786032619.230,2026-08-06 23:10:19,MANUAL,True,-7.9262437,112.5948547,249.55,0.0,0.0,IDLE,,
1786032619.367,2026-08-06 23:10:19,MANUAL,True,-7.9262437,112.5948547,249.55,0.0,0.0,IDLE,,
1786032619.507,2026-08-06 23:10:19,MANUAL,True,-7.9262436,112.5948546,249.56,0.0,0.0,IDLE,,
1786032619.646,2026-08-06 23:10:19,MANUAL,True,-7.9262436,112.5948546,249.58,0.0,0.0,IDLE,,
1786032619.780,2026-08-06 23:10:19,MANUAL,True,-7.9262434,112.5948546,249.57,0.0,0.0,IDLE,,
1786032619.923,2026-08-06 23:10:19,MANUAL,True,-7.9262432,112.5948546,249.58,0.0,0.0,IDLE,,
1786032620.073,2026-08-06 23:10:20,MANUAL,True,-7.9262429,112.5948549,249.61,0.0,0.0,IDLE,,
1786032620.208,2026-08-06 23:10:20,MANUAL,True,-7.9262426,112.5948552,249.62,0.0,0.0,IDLE,,
1786032620.348,2026-08-06 23:10:20,MANUAL,True,-7.9262417,112.5948556,249.61,0.0,0.0,IDLE,,
1786032620.478,2026-08-06 23:10:20,MANUAL,True,-7.9262413,112.5948557,249.63,0.0,0.0,IDLE,,
1786032620.615,2026-08-06 23:10:20,MANUAL,True,-7.9262408,112.5948557,249.63,0.0,0.0,IDLE,,
1786032620.746,2026-08-06 23:10:20,MANUAL,True,-7.9262399,112.5948558,249.66,0.0,0.0,IDLE,,
1786032620.877,2026-08-06 23:10:20,MANUAL,True,-7.9262395,112.5948559,249.67,0.0,0.0,IDLE,,
1786032621.013,2026-08-06 23:10:21,MANUAL,True,-7.9262392,112.5948559,249.66,0.0,0.0,IDLE,,
1786032621.153,2026-08-06 23:10:21,MANUAL,True,-7.9262386,112.594856,249.68,0.0,0.0,IDLE,,
1786032621.290,2026-08-06 23:10:21,MANUAL,True,-7.9262383,112.594856,249.69,0.0,0.0,IDLE,,
1786032621.423,2026-08-06 23:10:21,MANUAL,True,-7.9262381,112.5948558,249.67,0.0,0.0,IDLE,,
1786032621.555,2026-08-06 23:10:21,MANUAL,True,-7.9262375,112.5948552,249.67,0.0,0.0,IDLE,,
1786032621.690,2026-08-06 23:10:21,MANUAL,True,-7.926237,112.5948547,249.68,0.0,0.0,IDLE,,
1786032621.819,2026-08-06 23:10:21,MANUAL,True,-7.9262368,112.5948542,249.68,0.0,0.0,IDLE,,
1786032621.949,2026-08-06 23:10:21,MANUAL,True,-7.9262358,112.5948524,249.71,0.0,0.0,IDLE,,
1786032622.085,2026-08-06 23:10:22,MANUAL,True,-7.9262352,112.5948516,249.71,0.0,0.0,IDLE,,
1786032622.212,2026-08-06 23:10:22,MANUAL,True,-7.9262347,112.5948508,249.71,0.0,0.0,IDLE,,
1786032622.348,2026-08-06 23:10:22,MANUAL,True,-7.9262338,112.5948489,249.71,0.0,0.0,IDLE,,
1786032622.479,2026-08-06 23:10:22,MANUAL,True,-7.9262334,112.5948481,249.7,0.0,0.0,IDLE,,
1786032622.609,2026-08-06 23:10:22,MANUAL,True,-7.9262331,112.5948473,249.7,0.0,0.0,IDLE,,
1786032622.742,2026-08-06 23:10:22,MANUAL,True,-7.9262326,112.5948458,249.7,0.0,0.0,IDLE,,
1786032622.873,2026-08-06 23:10:22,MANUAL,True,-7.9262324,112.5948451,249.69,0.0,0.0,IDLE,,
1786032623.007,2026-08-06 23:10:23,MANUAL,True,-7.9262324,112.5948445,249.69,0.0,0.0,IDLE,,
1786032623.138,2026-08-06 23:10:23,MANUAL,True,-7.9262324,112.594844,249.69,0.0,0.0,IDLE,,
1786032623.277,2026-08-06 23:10:23,MANUAL,True,-7.9262327,112.5948435,249.7,0.0,0.0,IDLE,,
1786032623.416,2026-08-06 23:10:23,MANUAL,True,-7.9262329,112.5948434,249.72,0.0,0.0,IDLE,,
1786032623.547,2026-08-06 23:10:23,MANUAL,True,-7.9262331,112.5948432,249.71,0.0,0.0,IDLE,,
1786032623.674,2026-08-06 23:10:23,MANUAL,True,-7.9262331,112.5948432,249.73,0.0,0.0,IDLE,,
1786032623.805,2026-08-06 23:10:23,MANUAL,True,-7.9262331,112.5948433,249.74,0.0,0.0,IDLE,,
1786032623.935,2026-08-06 23:10:23,MANUAL,True,-7.9262331,112.5948435,249.73,0.0,0.0,IDLE,,
1786032624.114,2026-08-06 23:10:24,MANUAL,True,-7.926233,112.5948441,249.74,0.0,0.0,IDLE,,
1786032624.248,2026-08-06 23:10:24,MANUAL,True,-7.9262328,112.5948447,249.75,0.0,0.0,IDLE,,
1786032624.391,2026-08-06 23:10:24,MANUAL,True,-7.9262326,112.5948451,249.75,0.0,0.0,IDLE,,
1786032624.525,2026-08-06 23:10:24,MANUAL,True,-7.9262324,112.5948455,249.77,0.0,0.0,IDLE,,
1786032624.660,2026-08-06 23:10:24,MANUAL,True,-7.926232,112.5948463,249.77,0.0,0.0,IDLE,,
1786032624.790,2026-08-06 23:10:24,MANUAL,True,-7.9262313,112.5948478,249.76,0.0,0.0,IDLE,,
1786032624.920,2026-08-06 23:10:24,MANUAL,True,-7.926231,112.5948486,249.77,0.0,0.0,IDLE,,
1786032625.058,2026-08-06 23:10:25,MANUAL,True,-7.9262303,112.5948499,249.77,0.0,0.0,IDLE,,
1786032625.194,2026-08-06 23:10:25,MANUAL,True,-7.92623,112.5948506,249.76,0.0,0.0,IDLE,,
1786032625.332,2026-08-06 23:10:25,MANUAL,True,-7.9262296,112.5948513,249.74,0.0,0.0,IDLE,,
1786032625.475,2026-08-06 23:10:25,MANUAL,True,-7.9262287,112.5948527,249.74,0.0,0.0,IDLE,,
1786032625.601,2026-08-06 23:10:25,MANUAL,True,-7.9262283,112.5948535,249.75,0.0,0.0,IDLE,,
1786032625.735,2026-08-06 23:10:25,MANUAL,True,-7.9262279,112.5948542,249.76,0.0,0.0,IDLE,,
1786032625.871,2026-08-06 23:10:25,MANUAL,True,-7.9262274,112.594856,249.75,0.0,0.0,IDLE,,
1786032626.008,2026-08-06 23:10:26,MANUAL,True,-7.9262274,112.594857,249.74,0.0,0.0,IDLE,,
1786032626.144,2026-08-06 23:10:26,MANUAL,True,-7.9262273,112.5948589,249.7,0.0,0.0,IDLE,,
1786032626.279,2026-08-06 23:10:26,MANUAL,True,-7.9262273,112.5948598,249.71,0.0,0.0,IDLE,,
1786032626.408,2026-08-06 23:10:26,MANUAL,True,-7.9262272,112.5948607,249.72,0.0,0.0,IDLE,,
1786032626.542,2026-08-06 23:10:26,MANUAL,True,-7.9262268,112.5948624,249.72,0.0,0.0,IDLE,,
1786032626.677,2026-08-06 23:10:26,MANUAL,True,-7.9262264,112.5948634,249.72,0.0,0.0,IDLE,,
1786032626.816,2026-08-06 23:10:26,MANUAL,True,-7.9262262,112.5948642,249.72,0.0,0.0,IDLE,,
1786032626.944,2026-08-06 23:10:26,MANUAL,True,-7.9262257,112.5948663,249.73,0.0,0.0,IDLE,,
1786032627.103,2026-08-06 23:10:27,MANUAL,True,-7.9262254,112.5948673,249.73,0.0,0.0,IDLE,,
1786032627.425,2026-08-06 23:10:27,MANUAL,True,-7.9262248,112.594871,249.73,0.0,0.0,IDLE,,
1786032627.760,2026-08-06 23:10:27,MANUAL,True,-7.926224,112.5948764,249.75,0.0,0.0,IDLE,,
1786032627.895,2026-08-06 23:10:27,MANUAL,True,-7.9262238,112.5948776,249.74,0.0,0.0,IDLE,,
1786032628.030,2026-08-06 23:10:28,MANUAL,True,-7.9262236,112.5948787,249.74,0.0,0.0,IDLE,,
1786032628.171,2026-08-06 23:10:28,MANUAL,True,-7.9262231,112.5948806,249.74,0.0,0.0,IDLE,,
1786032628.325,2026-08-06 23:10:28,MANUAL,True,-7.9262229,112.5948814,249.74,0.0,0.0,IDLE,,
1786032628.454,2026-08-06 23:10:28,MANUAL,True,-7.9262226,112.5948827,249.73,0.0,0.0,IDLE,,
1786032628.598,2026-08-06 23:10:28,MANUAL,True,-7.9262224,112.5948835,249.73,0.0,0.0,IDLE,,
1786032628.730,2026-08-06 23:10:28,MANUAL,True,-7.9262223,112.5948843,249.72,0.0,0.0,IDLE,,
1786032628.864,2026-08-06 23:10:28,MANUAL,True,-7.9262219,112.594886,249.71,0.0,0.0,IDLE,,
1786032629.010,2026-08-06 23:10:29,MANUAL,True,-7.9262217,112.594887,249.72,0.0,0.0,IDLE,,
1786032629.291,2026-08-06 23:10:29,MANUAL,True,-7.926221,112.5948899,249.73,0.0,0.0,IDLE,,
1786032629.435,2026-08-06 23:10:29,MANUAL,True,-7.9262207,112.5948912,249.72,0.0,0.0,IDLE,,
1786032629.573,2026-08-06 23:10:29,MANUAL,True,-7.92622,112.5948936,249.7,0.0,0.0,IDLE,,
1786032629.712,2026-08-06 23:10:29,MANUAL,True,-7.9262196,112.5948947,249.71,0.0,0.0,IDLE,,
1786032629.866,2026-08-06 23:10:29,MANUAL,True,-7.9262191,112.5948961,249.71,0.0,0.0,IDLE,,
1786032630.041,2026-08-06 23:10:30,MANUAL,True,-7.9262184,112.594897,249.69,0.0,0.0,IDLE,,
1786032630.172,2026-08-06 23:10:30,MANUAL,True,-7.926218,112.5948975,249.69,0.0,0.0,IDLE,,
1786032630.300,2026-08-06 23:10:30,MANUAL,True,-7.9262176,112.594898,249.68,0.0,0.0,IDLE,,
1786032630.433,2026-08-06 23:10:30,MANUAL,True,-7.9262172,112.5948985,249.69,0.0,0.0,IDLE,,
1786032630.562,2026-08-06 23:10:30,MANUAL,True,-7.9262164,112.5948995,249.69,0.0,0.0,IDLE,,
1786032630.744,2026-08-06 23:10:30,MANUAL,True,-7.9262155,112.5949002,249.69,0.0,0.0,IDLE,,
1786032630.875,2026-08-06 23:10:30,MANUAL,True,-7.9262151,112.5949005,249.7,0.0,0.0,IDLE,,
1786032631.008,2026-08-06 23:10:31,MANUAL,True,-7.9262148,112.5949007,249.69,0.0,0.0,IDLE,,
1786032631.140,2026-08-06 23:10:31,MANUAL,True,-7.9262145,112.594901,249.69,0.0,0.0,IDLE,,
1786032631.322,2026-08-06 23:10:31,MANUAL,True,-7.9262138,112.5949018,249.7,0.0,0.0,IDLE,,
1786032631.483,2026-08-06 23:10:31,MANUAL,True,-7.9262131,112.5949026,249.7,0.0,0.0,IDLE,,
1786032631.617,2026-08-06 23:10:31,MANUAL,True,-7.9262127,112.5949029,249.69,0.0,0.0,IDLE,,
1786032631.754,2026-08-06 23:10:31,MANUAL,True,-7.9262118,112.5949033,249.69,0.0,0.0,IDLE,,
1786032631.956,2026-08-06 23:10:31,MANUAL,True,-7.9262109,112.5949035,249.69,0.0,0.0,IDLE,,
1786032632.107,2026-08-06 23:10:32,MANUAL,True,-7.9262104,112.5949036,249.67,0.0,0.0,IDLE,,
1786032632.241,2026-08-06 23:10:32,MANUAL,True,-7.9262099,112.5949038,249.65,0.0,0.0,IDLE,,
1786032632.385,2026-08-06 23:10:32,MANUAL,True,-7.9262086,112.5949042,249.66,0.0,0.0,IDLE,,
1786032632.523,2026-08-06 23:10:32,MANUAL,True,-7.926208,112.5949046,249.68,0.0,0.0,IDLE,,
1786032632.664,2026-08-06 23:10:32,MANUAL,True,-7.9262064,112.5949055,249.64,0.0,0.0,IDLE,,
1786032632.800,2026-08-06 23:10:32,MANUAL,True,-7.9262059,112.5949058,249.63,0.0,0.0,IDLE,,
1786032632.931,2026-08-06 23:10:32,MANUAL,True,-7.9262053,112.5949062,249.61,0.0,0.0,IDLE,,
1786032633.066,2026-08-06 23:10:33,MANUAL,True,-7.9262039,112.5949067,249.54,0.0,0.0,IDLE,,
1786032633.213,2026-08-06 23:10:33,MANUAL,True,-7.9262032,112.5949069,249.41,0.0,0.0,IDLE,,
1786032633.367,2026-08-06 23:10:33,MANUAL,True,-7.9262022,112.5949072,249.46,0.0,0.0,IDLE,,
1786032633.502,2026-08-06 23:10:33,MANUAL,True,-7.9262018,112.5949072,249.38,0.0,0.0,IDLE,,
1786032633.690,2026-08-06 23:10:33,MANUAL,True,-7.9262014,112.5949073,249.51,0.0,0.0,IDLE,,
1786032633.915,2026-08-06 23:10:33,MANUAL,True,-7.926201,112.5949069,249.31,0.0,0.0,IDLE,,
1786032634.050,2026-08-06 23:10:34,MANUAL,True,-7.9262004,112.5949067,249.08,0.0,0.0,IDLE,,
1786032634.187,2026-08-06 23:10:34,MANUAL,True,-7.9262,112.5949068,249.0,0.0,0.0,IDLE,,
1786032634.322,2026-08-06 23:10:34,MANUAL,True,-7.9261996,112.5949068,248.91,0.0,0.0,IDLE,,
1786032634.456,2026-08-06 23:10:34,MANUAL,True,-7.926199,112.5949073,248.76,0.0,0.0,IDLE,,
1786032634.589,2026-08-06 23:10:34,MANUAL,True,-7.9261988,112.5949076,248.65,0.0,0.0,IDLE,,
1786032634.730,2026-08-06 23:10:34,MANUAL,True,-7.9261986,112.594908,248.58,0.0,0.0,IDLE,,
1786032634.867,2026-08-06 23:10:34,MANUAL,True,-7.9261984,112.5949091,248.36,0.0,0.0,IDLE,,
1786032635.003,2026-08-06 23:10:35,MANUAL,True,-7.9261984,112.5949096,248.23,0.0,0.0,IDLE,,
1786032635.136,2026-08-06 23:10:35,MANUAL,True,-7.9261984,112.5949102,248.1,0.0,0.0,IDLE,,
1786032635.266,2026-08-06 23:10:35,MANUAL,True,-7.9261983,112.5949111,247.87,0.0,0.0,IDLE,,
1786032635.396,2026-08-06 23:10:35,MANUAL,True,-7.9261982,112.5949113,247.79,0.0,0.0,IDLE,,
1786032635.530,2026-08-06 23:10:35,MANUAL,True,-7.9261981,112.5949115,247.68,0.0,0.0,IDLE,,
1786032635.664,2026-08-06 23:10:35,MANUAL,True,-7.9261978,112.5949116,247.53,0.0,0.0,IDLE,,
1786032635.798,2026-08-06 23:10:35,MANUAL,True,-7.9261977,112.5949117,247.47,0.0,0.0,IDLE,,
1786032635.929,2026-08-06 23:10:35,MANUAL,True,-7.9261975,112.5949119,247.39,0.0,0.0,IDLE,,
1786032636.061,2026-08-06 23:10:36,MANUAL,True,-7.9261973,112.5949119,247.24,0.0,0.0,IDLE,,
1786032636.221,2026-08-06 23:10:36,MANUAL,True,-7.9261974,112.594912,247.2,0.0,0.0,IDLE,,
1786032636.353,2026-08-06 23:10:36,MANUAL,True,-7.9261977,112.5949123,247.04,0.0,0.0,IDLE,,
1786032636.483,2026-08-06 23:10:36,MANUAL,True,-7.9261979,112.5949124,246.96,0.0,0.0,IDLE,,
1786032636.621,2026-08-06 23:10:36,MANUAL,True,-7.9261982,112.5949126,246.88,0.0,0.0,IDLE,,
1786032636.757,2026-08-06 23:10:36,MANUAL,True,-7.926199,112.5949129,246.7,0.0,0.0,IDLE,,
1786032636.897,2026-08-06 23:10:36,MANUAL,True,-7.9261995,112.594913,246.61,0.0,0.0,IDLE,,
1786032637.031,2026-08-06 23:10:37,MANUAL,True,-7.9261999,112.5949132,246.6,0.0,0.0,IDLE,,
1786032637.159,2026-08-06 23:10:37,MANUAL,True,-7.9262006,112.5949134,246.45,0.0,0.0,IDLE,,
1786032637.296,2026-08-06 23:10:37,MANUAL,True,-7.9262011,112.5949135,244.98,0.0,0.0,IDLE,,
1786032637.445,2026-08-06 23:10:37,MANUAL,True,-7.9262021,112.5949133,244.26,0.0,0.0,IDLE,,
1786032637.578,2026-08-06 23:10:37,MANUAL,True,-7.9262027,112.5949132,244.15,0.0,0.0,IDLE,,
1786032637.726,2026-08-06 23:10:37,MANUAL,True,-7.9262032,112.5949131,244.03,0.0,0.0,IDLE,,
1786032637.857,2026-08-06 23:10:37,MANUAL,True,-7.9262046,112.5949136,243.89,0.0,0.0,IDLE,,
1786032637.990,2026-08-06 23:10:37,MANUAL,True,-7.9262051,112.5949137,243.83,0.0,0.0,IDLE,,
1786032638.233,2026-08-06 23:10:38,MANUAL,True,-7.926206,112.5949138,243.72,0.0,0.0,IDLE,,
1786032638.570,2026-08-06 23:10:38,MANUAL,True,-7.9262086,112.5949149,243.48,0.0,0.0,IDLE,,
1786032638.721,2026-08-06 23:10:38,MANUAL,True,-7.9262093,112.5949154,243.4,0.0,0.0,IDLE,,
1786032638.851,2026-08-06 23:10:38,MANUAL,True,-7.9262105,112.5949162,243.33,0.0,0.0,IDLE,,
1786032638.983,2026-08-06 23:10:38,MANUAL,True,-7.9262111,112.5949164,243.28,0.0,0.0,IDLE,,
1786032639.117,2026-08-06 23:10:39,MANUAL,True,-7.9262117,112.5949167,243.21,0.0,0.0,IDLE,,
1786032639.252,2026-08-06 23:10:39,MANUAL,True,-7.9262128,112.5949174,243.1,0.0,0.0,IDLE,,
1786032639.387,2026-08-06 23:10:39,MANUAL,True,-7.9262134,112.5949178,243.04,0.0,0.0,IDLE,,
1786032639.517,2026-08-06 23:10:39,MANUAL,True,-7.9262139,112.5949182,242.98,0.0,0.0,IDLE,,
1786032639.654,2026-08-06 23:10:39,MANUAL,True,-7.9262145,112.5949187,242.93,0.0,0.0,IDLE,,
1786032639.794,2026-08-06 23:10:39,MANUAL,True,-7.9262156,112.5949195,242.78,0.0,0.0,IDLE,,
1786032639.924,2026-08-06 23:10:39,MANUAL,True,-7.926216,112.5949198,242.73,0.0,0.0,IDLE,,
1786032640.055,2026-08-06 23:10:40,MANUAL,True,-7.9262169,112.5949201,242.62,0.0,0.0,IDLE,,
1786032640.194,2026-08-06 23:10:40,MANUAL,True,-7.9262173,112.5949201,242.55,0.0,0.0,IDLE,,
1786032640.327,2026-08-06 23:10:40,MANUAL,True,-7.9262177,112.5949201,242.48,0.0,0.0,IDLE,,
1786032640.468,2026-08-06 23:10:40,MANUAL,True,-7.9262184,112.5949202,242.32,0.0,0.0,IDLE,,
1786032640.600,2026-08-06 23:10:40,MANUAL,True,-7.9262186,112.5949203,242.25,0.0,0.0,IDLE,,
1786032640.727,2026-08-06 23:10:40,MANUAL,True,-7.9262188,112.5949205,242.22,0.0,0.0,IDLE,,
1786032640.860,2026-08-06 23:10:40,MANUAL,True,-7.926219,112.5949207,242.09,0.0,0.0,IDLE,,
1786032640.998,2026-08-06 23:10:40,MANUAL,True,-7.9262192,112.5949209,242.04,0.0,0.0,IDLE,,
1786032641.134,2026-08-06 23:10:41,MANUAL,True,-7.9262194,112.594921,241.97,0.0,0.0,IDLE,,
1786032641.268,2026-08-06 23:10:41,MANUAL,True,-7.9262198,112.5949215,241.85,0.0,0.0,IDLE,,
1786032641.399,2026-08-06 23:10:41,MANUAL,True,-7.9262199,112.5949216,241.79,0.0,0.0,IDLE,,
1786032641.548,2026-08-06 23:10:41,MANUAL,True,-7.9262201,112.5949217,241.69,0.0,0.0,IDLE,,
1786032641.685,2026-08-06 23:10:41,MANUAL,True,-7.9262203,112.5949217,241.62,0.0,0.0,IDLE,,
1786032641.816,2026-08-06 23:10:41,MANUAL,True,-7.9262202,112.5949215,241.59,0.0,0.0,IDLE,,
1786032641.960,2026-08-06 23:10:41,MANUAL,True,-7.92622,112.5949211,241.47,0.0,0.0,IDLE,,
1786032642.171,2026-08-06 23:10:42,MANUAL,True,-7.9262199,112.5949206,241.37,0.0,0.0,IDLE,,
1786032642.300,2026-08-06 23:10:42,MANUAL,True,-7.9262198,112.5949204,241.31,0.0,0.0,IDLE,,
1786032642.431,2026-08-06 23:10:42,MANUAL,True,-7.9262199,112.5949204,241.26,0.0,0.0,IDLE,,
1786032642.563,2026-08-06 23:10:42,MANUAL,True,-7.9262203,112.5949205,241.13,0.0,0.0,IDLE,,
1786032642.693,2026-08-06 23:10:42,MANUAL,True,-7.9262205,112.5949206,241.04,0.0,0.0,IDLE,,
1786032642.825,2026-08-06 23:10:42,MANUAL,True,-7.9262205,112.5949206,241.01,0.0,0.0,IDLE,,
1786032642.959,2026-08-06 23:10:42,MANUAL,True,-7.9262208,112.5949205,240.91,0.0,0.0,IDLE,,
1786032643.093,2026-08-06 23:10:43,MANUAL,True,-7.9262209,112.5949205,240.85,0.0,0.0,IDLE,,
1786032643.223,2026-08-06 23:10:43,MANUAL,True,-7.9262211,112.5949205,240.8,0.0,0.0,IDLE,,
1786032643.357,2026-08-06 23:10:43,MANUAL,True,-7.9262212,112.5949202,240.7,0.0,0.0,IDLE,,
1786032643.489,2026-08-06 23:10:43,MANUAL,True,-7.9262214,112.59492,240.64,0.0,0.0,IDLE,,
1786032643.629,2026-08-06 23:10:43,MANUAL,True,-7.9262215,112.5949198,240.59,0.0,0.0,IDLE,,
1786032643.765,2026-08-06 23:10:43,MANUAL,True,-7.9262217,112.5949193,240.43,0.0,0.0,IDLE,,
1786032643.899,2026-08-06 23:10:43,MANUAL,True,-7.9262218,112.594919,240.37,0.0,0.0,IDLE,,
1786032644.038,2026-08-06 23:10:44,MANUAL,True,-7.9262218,112.5949189,240.33,0.0,0.0,IDLE,,
1786032644.170,2026-08-06 23:10:44,MANUAL,True,-7.926222,112.5949188,240.25,0.0,0.0,IDLE,,
1786032644.303,2026-08-06 23:10:44,MANUAL,True,-7.926222,112.5949186,240.2,0.0,0.0,IDLE,,
1786032644.445,2026-08-06 23:10:44,MANUAL,True,-7.9262219,112.5949185,240.02,0.0,0.0,IDLE,,
1786032644.695,2026-08-06 23:10:44,MANUAL,True,-7.9262218,112.5949185,239.89,0.0,0.0,IDLE,,
1786032644.900,2026-08-06 23:10:44,MANUAL,True,-7.9262217,112.5949178,239.82,0.0,0.0,IDLE,,
1786032645.030,2026-08-06 23:10:45,MANUAL,True,-7.9262216,112.5949173,239.34,0.0,0.0,IDLE,,
1786032645.164,2026-08-06 23:10:45,MANUAL,True,-7.9262215,112.5949163,238.37,0.0,0.0,IDLE,,
1786032645.292,2026-08-06 23:10:45,MANUAL,True,-7.9262214,112.5949159,238.3,0.0,0.0,IDLE,,
1786032645.424,2026-08-06 23:10:45,MANUAL,True,-7.9262213,112.5949155,238.22,0.0,0.0,IDLE,,
1786032645.558,2026-08-06 23:10:45,MANUAL,True,-7.9262211,112.5949148,237.71,0.0,0.0,IDLE,,
1786032645.697,2026-08-06 23:10:45,MANUAL,True,-7.9262209,112.5949144,237.56,0.0,0.0,IDLE,,
1786032645.836,2026-08-06 23:10:45,MANUAL,True,-7.9262208,112.5949142,237.49,0.0,0.0,IDLE,,
1786032645.967,2026-08-06 23:10:45,MANUAL,True,-7.9262203,112.5949135,237.31,0.0,0.0,IDLE,,
1786032646.096,2026-08-06 23:10:46,MANUAL,True,-7.9262202,112.5949131,237.07,0.0,0.0,IDLE,,
1786032646.234,2026-08-06 23:10:46,MANUAL,True,-7.92622,112.5949128,237.01,0.0,0.0,IDLE,,
1786032646.366,2026-08-06 23:10:46,MANUAL,True,-7.9262195,112.5949119,237.21,0.0,0.0,IDLE,,
1786032646.499,2026-08-06 23:10:46,MANUAL,True,-7.9262193,112.5949115,237.21,0.0,0.0,IDLE,,
1786032646.635,2026-08-06 23:10:46,MANUAL,True,-7.926219,112.5949111,237.28,0.0,0.0,IDLE,,
1786032646.775,2026-08-06 23:10:46,MANUAL,True,-7.9262186,112.5949104,237.69,0.0,0.0,IDLE,,
1786032646.918,2026-08-06 23:10:46,MANUAL,True,-7.9262184,112.59491,237.85,0.0,0.0,IDLE,,
1786032647.058,2026-08-06 23:10:47,MANUAL,True,-7.9262179,112.594909,237.84,0.0,0.0,IDLE,,
1786032647.192,2026-08-06 23:10:47,MANUAL,True,-7.9262177,112.5949085,237.81,0.0,0.0,IDLE,,
1786032647.326,2026-08-06 23:10:47,MANUAL,True,-7.9262174,112.594908,237.76,0.0,0.0,IDLE,,
1786032647.468,2026-08-06 23:10:47,MANUAL,True,-7.9262168,112.594907,237.69,0.0,0.0,IDLE,,
1786032647.603,2026-08-06 23:10:47,MANUAL,True,-7.9262165,112.5949065,237.66,0.0,0.0,IDLE,,
1786032647.753,2026-08-06 23:10:47,MANUAL,True,-7.9262161,112.5949056,237.56,0.0,0.0,IDLE,,
1786032647.885,2026-08-06 23:10:47,MANUAL,True,-7.926216,112.5949052,237.49,0.0,0.0,IDLE,,
1786032648.025,2026-08-06 23:10:48,MANUAL,True,-7.9262159,112.5949049,237.47,0.0,0.0,IDLE,,
1786032648.158,2026-08-06 23:10:48,MANUAL,True,-7.9262156,112.5949043,237.41,0.0,0.0,IDLE,,
1786032648.301,2026-08-06 23:10:48,MANUAL,True,-7.9262155,112.594904,237.37,0.0,0.0,IDLE,,
1786032648.444,2026-08-06 23:10:48,MANUAL,True,-7.9262152,112.5949036,237.32,0.0,0.0,IDLE,,
1786032648.674,2026-08-06 23:10:48,MANUAL,True,-7.926215,112.5949032,237.31,0.0,0.0,IDLE,,
1786032648.832,2026-08-06 23:10:48,MANUAL,True,-7.9262147,112.5949026,237.24,0.0,0.0,IDLE,,
1786032648.970,2026-08-06 23:10:48,MANUAL,True,-7.9262145,112.5949021,237.16,0.0,0.0,IDLE,,
1786032649.102,2026-08-06 23:10:49,MANUAL,True,-7.9262144,112.5949019,237.13,0.0,0.0,IDLE,,
1786032649.231,2026-08-06 23:10:49,MANUAL,True,-7.9262144,112.5949017,237.12,0.0,0.0,IDLE,,
1786032649.366,2026-08-06 23:10:49,MANUAL,True,-7.9262143,112.5949016,237.0,0.0,0.0,IDLE,,
1786032649.517,2026-08-06 23:10:49,MANUAL,True,-7.9262142,112.5949015,236.95,0.0,0.0,IDLE,,
1786032649.656,2026-08-06 23:10:49,MANUAL,True,-7.926214,112.5949011,236.84,0.0,0.0,IDLE,,
1786032649.788,2026-08-06 23:10:49,MANUAL,True,-7.9262139,112.594901,236.75,0.0,0.0,IDLE,,
1786032649.921,2026-08-06 23:10:49,MANUAL,True,-7.9262139,112.5949008,236.72,0.0,0.0,IDLE,,
1786032650.056,2026-08-06 23:10:50,MANUAL,True,-7.9262137,112.5949006,236.64,0.0,0.0,IDLE,,
1786032650.190,2026-08-06 23:10:50,MANUAL,True,-7.9262136,112.5949005,236.59,0.0,0.0,IDLE,,
1786032650.324,2026-08-06 23:10:50,MANUAL,True,-7.9262135,112.5949003,236.59,0.0,0.0,IDLE,,
1786032650.459,2026-08-06 23:10:50,MANUAL,True,-7.9262132,112.5949001,236.56,0.0,0.0,IDLE,,
1786032650.590,2026-08-06 23:10:50,MANUAL,True,-7.9262131,112.5949,236.55,0.0,0.0,IDLE,,
1786032650.725,2026-08-06 23:10:50,MANUAL,True,-7.9262129,112.5948999,236.51,0.0,0.0,IDLE,,
1786032650.852,2026-08-06 23:10:50,MANUAL,True,-7.9262127,112.5948997,236.44,0.0,0.0,IDLE,,
1786032650.983,2026-08-06 23:10:50,MANUAL,True,-7.9262126,112.5948997,236.4,0.0,0.0,IDLE,,
1786032651.117,2026-08-06 23:10:51,MANUAL,True,-7.9262125,112.5948997,236.36,0.0,0.0,IDLE,,
1786032651.244,2026-08-06 23:10:51,MANUAL,True,-7.9262123,112.5948998,236.28,0.0,0.0,IDLE,,
1786032651.377,2026-08-06 23:10:51,MANUAL,True,-7.9262123,112.5949,236.26,0.0,0.0,IDLE,,
1786032651.509,2026-08-06 23:10:51,MANUAL,True,-7.9262122,112.5949001,236.22,0.0,0.0,IDLE,,
1786032651.645,2026-08-06 23:10:51,MANUAL,True,-7.9262121,112.5949003,236.19,0.0,0.0,IDLE,,
1786032651.778,2026-08-06 23:10:51,MANUAL,True,-7.9262119,112.5949005,236.12,0.0,0.0,IDLE,,
1786032651.964,2026-08-06 23:10:51,MANUAL,True,-7.9262118,112.5949009,236.06,0.0,0.0,IDLE,,
1786032652.121,2026-08-06 23:10:52,MANUAL,True,-7.9262118,112.594901,236.03,0.0,0.0,IDLE,,
1786032652.273,2026-08-06 23:10:52,MANUAL,True,-7.9262118,112.5949012,235.96,0.0,0.0,IDLE,,
1786032652.556,2026-08-06 23:10:52,MANUAL,True,-7.9262116,112.594902,235.84,0.0,0.0,IDLE,,
1786032652.724,2026-08-06 23:10:52,MANUAL,True,-7.9262115,112.5949023,235.81,0.0,0.0,IDLE,,
1786032652.865,2026-08-06 23:10:52,MANUAL,True,-7.9262115,112.5949032,235.75,0.0,0.0,IDLE,,
1786032653.006,2026-08-06 23:10:53,MANUAL,True,-7.9262115,112.5949038,235.71,0.0,0.0,IDLE,,
1786032653.151,2026-08-06 23:10:53,MANUAL,True,-7.9262116,112.5949048,235.64,0.0,0.0,IDLE,,
1786032653.291,2026-08-06 23:10:53,MANUAL,True,-7.9262115,112.5949052,235.61,0.0,0.0,IDLE,,
1786032653.431,2026-08-06 23:10:53,MANUAL,True,-7.9262115,112.5949057,235.56,0.0,0.0,IDLE,,
1786032653.579,2026-08-06 23:10:53,MANUAL,True,-7.9262114,112.5949068,235.5,0.0,0.0,IDLE,,
1786032653.718,2026-08-06 23:10:53,MANUAL,True,-7.9262113,112.5949074,235.46,0.0,0.0,IDLE,,
1786032653.858,2026-08-06 23:10:53,MANUAL,True,-7.9262113,112.5949085,235.4,0.0,0.0,IDLE,,
1786032654.006,2026-08-06 23:10:54,MANUAL,True,-7.9262114,112.5949091,235.36,0.0,0.0,IDLE,,
1786032654.175,2026-08-06 23:10:54,MANUAL,True,-7.9262114,112.5949103,235.29,0.0,0.0,IDLE,,
1786032654.358,2026-08-06 23:10:54,MANUAL,True,-7.9262115,112.5949117,235.24,0.0,0.0,IDLE,,
1786032654.660,2026-08-06 23:10:54,MANUAL,True,-7.9262114,112.5949131,235.18,0.0,0.0,IDLE,,
1786032654.809,2026-08-06 23:10:54,MANUAL,True,-7.9262114,112.5949146,235.15,0.0,0.0,IDLE,,
1786032654.956,2026-08-06 23:10:54,MANUAL,True,-7.9262114,112.5949162,235.08,0.0,0.0,IDLE,,
1786032655.104,2026-08-06 23:10:55,MANUAL,True,-7.9262114,112.594917,235.04,0.0,0.0,IDLE,,
1786032655.245,2026-08-06 23:10:55,MANUAL,True,-7.9262113,112.5949185,234.98,0.0,0.0,IDLE,,
1786032655.401,2026-08-06 23:10:55,MANUAL,True,-7.9262113,112.5949194,234.95,0.0,0.0,IDLE,,
1786032655.650,2026-08-06 23:10:55,MANUAL,True,-7.9262114,112.5949216,234.84,0.0,0.0,IDLE,,
1786032655.910,2026-08-06 23:10:55,MANUAL,True,-7.9262115,112.5949231,234.82,0.0,0.0,IDLE,,
1786032656.070,2026-08-06 23:10:56,MANUAL,True,-7.9262113,112.5949244,234.76,0.0,0.0,IDLE,,
1786032656.221,2026-08-06 23:10:56,MANUAL,True,-7.9262112,112.594925,234.74,0.0,0.0,IDLE,,
1786032656.515,2026-08-06 23:10:56,MANUAL,True,-7.9262108,112.5949267,234.68,0.0,0.0,IDLE,,
1786032656.661,2026-08-06 23:10:56,MANUAL,True,-7.9262109,112.5949283,234.62,0.0,0.0,IDLE,,
1786032656.843,2026-08-06 23:10:56,MANUAL,True,-7.926211,112.5949295,234.59,0.0,0.0,IDLE,,
1786032657.305,2026-08-06 23:10:57,MANUAL,True,-7.9262109,112.5949321,234.5,0.0,0.0,IDLE,,
1786032657.551,2026-08-06 23:10:57,MANUAL,True,-7.9262111,112.5949337,234.45,0.0,0.0,IDLE,,
1786032657.698,2026-08-06 23:10:57,MANUAL,True,-7.9262111,112.5949344,234.42,0.0,0.0,IDLE,,
1786032657.869,2026-08-06 23:10:57,MANUAL,True,-7.9262112,112.5949352,234.38,0.0,0.0,IDLE,,
1786032658.009,2026-08-06 23:10:58,MANUAL,True,-7.9262112,112.5949358,234.37,0.0,0.0,IDLE,,
1786032658.160,2026-08-06 23:10:58,MANUAL,True,-7.9262113,112.5949369,234.36,0.0,0.0,IDLE,,
1786032658.314,2026-08-06 23:10:58,MANUAL,True,-7.9262114,112.5949374,234.33,0.0,0.0,IDLE,,
1786032658.458,2026-08-06 23:10:58,MANUAL,True,-7.9262114,112.5949382,234.29,0.0,0.0,IDLE,,
1786032658.637,2026-08-06 23:10:58,MANUAL,True,-7.9262114,112.5949386,234.26,0.0,0.0,IDLE,,
1786032658.866,2026-08-06 23:10:58,MANUAL,True,-7.9262115,112.5949399,234.22,0.0,0.0,IDLE,,
1786032659.023,2026-08-06 23:10:59,MANUAL,True,-7.9262116,112.5949405,234.2,0.0,0.0,IDLE,,
1786032659.335,2026-08-06 23:10:59,MANUAL,True,-7.9262118,112.5949423,234.14,0.0,0.0,IDLE,,
1786032659.470,2026-08-06 23:10:59,MANUAL,True,-7.9262118,112.5949433,234.12,0.0,0.0,IDLE,,
1786032659.604,2026-08-06 23:10:59,MANUAL,True,-7.9262118,112.5949439,234.11,0.0,0.0,IDLE,,
1786032659.764,2026-08-06 23:10:59,MANUAL,True,-7.9262119,112.5949452,234.05,0.0,0.0,IDLE,,
1786032659.903,2026-08-06 23:10:59,MANUAL,True,-7.926212,112.5949458,234.04,0.0,0.0,IDLE,,
1786032660.045,2026-08-06 23:11:00,MANUAL,True,-7.9262123,112.594947,234.02,0.0,0.0,IDLE,,
1786032660.182,2026-08-06 23:11:00,MANUAL,True,-7.9262125,112.5949477,233.99,0.0,0.0,IDLE,,
1786032660.317,2026-08-06 23:11:00,MANUAL,True,-7.9262126,112.5949483,233.96,0.0,0.0,IDLE,,
1786032660.450,2026-08-06 23:11:00,MANUAL,True,-7.9262129,112.5949496,233.94,0.0,0.0,IDLE,,
1786032660.593,2026-08-06 23:11:00,MANUAL,True,-7.9262131,112.5949501,233.91,0.0,0.0,IDLE,,
1786032660.732,2026-08-06 23:11:00,MANUAL,True,-7.9262134,112.5949509,233.92,0.0,0.0,IDLE,,
1786032660.862,2026-08-06 23:11:00,MANUAL,True,-7.9262138,112.5949516,233.89,0.0,0.0,IDLE,477,157
1786032661.008,2026-08-06 23:11:01,MANUAL,True,-7.926214,112.594952,233.87,0.0,0.0,IDLE,,
1786032661.153,2026-08-06 23:11:01,MANUAL,True,-7.9262144,112.5949526,233.85,0.0,0.0,IDLE,,
1786032661.297,2026-08-06 23:11:01,MANUAL,True,-7.9262146,112.5949529,233.84,0.0,0.0,IDLE,,
1786032661.434,2026-08-06 23:11:01,MANUAL,True,-7.9262148,112.5949532,233.83,0.0,0.0,IDLE,,
1786032661.569,2026-08-06 23:11:01,MANUAL,True,-7.9262154,112.5949539,233.8,0.0,0.0,IDLE,,
1786032661.710,2026-08-06 23:11:01,MANUAL,True,-7.9262157,112.5949542,233.79,0.0,0.0,IDLE,,
1786032661.856,2026-08-06 23:11:01,MANUAL,True,-7.9262165,112.5949546,233.76,0.0,0.0,IDLE,,
1786032662.006,2026-08-06 23:11:02,MANUAL,True,-7.9262168,112.5949549,233.76,0.0,0.0,IDLE,,
1786032662.156,2026-08-06 23:11:02,MANUAL,True,-7.9262176,112.5949552,233.73,0.0,0.0,IDLE,,
1786032662.286,2026-08-06 23:11:02,MANUAL,True,-7.9262179,112.5949553,233.71,0.0,0.0,IDLE,,
1786032662.417,2026-08-06 23:11:02,MANUAL,True,-7.9262184,112.5949552,233.7,0.0,0.0,IDLE,,
1786032662.562,2026-08-06 23:11:02,MANUAL,True,-7.9262191,112.5949549,233.7,0.0,0.0,IDLE,,
1786032662.713,2026-08-06 23:11:02,MANUAL,True,-7.9262195,112.5949548,233.69,0.0,0.0,IDLE,,
1786032662.871,2026-08-06 23:11:02,MANUAL,True,-7.9262202,112.5949544,233.65,0.0,0.0,IDLE,,
1786032663.059,2026-08-06 23:11:03,MANUAL,True,-7.9262211,112.5949543,233.61,0.0,0.0,IDLE,,
1786032663.212,2026-08-06 23:11:03,MANUAL,True,-7.9262216,112.5949542,233.59,0.0,0.0,IDLE,,
1786032663.377,2026-08-06 23:11:03,MANUAL,True,-7.9262225,112.5949543,233.56,0.0,0.0,IDLE,,
1786032663.518,2026-08-06 23:11:03,MANUAL,True,-7.9262229,112.5949544,233.54,0.0,0.0,IDLE,,
1786032663.706,2026-08-06 23:11:03,MANUAL,True,-7.926224,112.5949544,233.51,0.0,0.0,IDLE,,
1786032663.858,2026-08-06 23:11:03,MANUAL,True,-7.9262247,112.594954,233.5,0.0,0.0,IDLE,,
1786032664.166,2026-08-06 23:11:04,MANUAL,True,-7.926226,112.5949535,233.48,0.0,0.0,IDLE,,
1786032664.404,2026-08-06 23:11:04,MANUAL,True,-7.9262268,112.5949532,233.45,0.0,0.0,IDLE,,
1786032664.544,2026-08-06 23:11:04,MANUAL,True,-7.9262275,112.5949527,233.42,0.0,0.0,IDLE,,
1786032664.776,2026-08-06 23:11:04,MANUAL,True,-7.9262281,112.5949521,233.38,0.0,0.0,IDLE,,
1786032664.923,2026-08-06 23:11:04,MANUAL,True,-7.9262284,112.5949518,233.38,0.0,0.0,IDLE,,
1786032665.072,2026-08-06 23:11:05,MANUAL,True,-7.9262288,112.5949514,233.36,0.0,0.0,IDLE,,
1786032665.206,2026-08-06 23:11:05,MANUAL,True,-7.9262291,112.5949511,233.35,0.0,0.0,IDLE,,
1786032665.344,2026-08-06 23:11:05,MANUAL,True,-7.9262295,112.5949505,233.32,0.0,0.0,IDLE,,
1786032665.504,2026-08-06 23:11:05,MANUAL,True,-7.9262296,112.5949501,233.33,0.0,0.0,IDLE,,
1786032665.638,2026-08-06 23:11:05,MANUAL,True,-7.9262298,112.5949497,233.31,0.0,0.0,IDLE,,
1786032665.772,2026-08-06 23:11:05,MANUAL,True,-7.9262298,112.5949488,233.29,0.0,0.0,IDLE,,
1786032665.910,2026-08-06 23:11:05,MANUAL,True,-7.9262298,112.5949483,233.28,0.0,0.0,IDLE,,
1786032666.053,2026-08-06 23:11:06,MANUAL,True,-7.9262297,112.594947,233.26,0.0,0.0,IDLE,,
1786032666.190,2026-08-06 23:11:06,MANUAL,True,-7.9262297,112.5949464,233.25,0.0,0.0,IDLE,,
1786032666.330,2026-08-06 23:11:06,MANUAL,True,-7.9262297,112.5949458,233.24,0.0,0.0,IDLE,,
1786032666.464,2026-08-06 23:11:06,MANUAL,True,-7.9262297,112.5949444,233.22,0.0,0.0,IDLE,,
1786032666.605,2026-08-06 23:11:06,MANUAL,True,-7.9262296,112.5949438,233.2,0.0,0.0,IDLE,,
1786032666.984,2026-08-06 23:11:06,MANUAL,True,-7.9262294,112.5949416,233.16,0.0,0.0,IDLE,,
1786032667.119,2026-08-06 23:11:07,MANUAL,True,-7.9262293,112.5949411,233.15,0.0,0.0,IDLE,,
1786032667.252,2026-08-06 23:11:07,MANUAL,True,-7.9262293,112.59494,233.1,0.0,0.0,IDLE,,
1786032667.383,2026-08-06 23:11:07,MANUAL,True,-7.9262293,112.5949397,233.09,0.0,0.0,IDLE,,
1786032667.542,2026-08-06 23:11:07,MANUAL,True,-7.9262294,112.5949393,233.06,0.0,0.0,IDLE,,
1786032667.677,2026-08-06 23:11:07,MANUAL,True,-7.9262294,112.5949392,233.06,0.0,0.0,IDLE,,
1786032667.808,2026-08-06 23:11:07,MANUAL,True,-7.9262294,112.5949392,233.04,0.0,0.0,IDLE,,
1786032667.943,2026-08-06 23:11:07,MANUAL,True,-7.9262294,112.5949393,233.02,0.0,0.0,IDLE,,
1786032668.076,2026-08-06 23:11:08,MANUAL,True,-7.9262294,112.5949393,233.01,0.0,0.0,IDLE,,
1786032668.212,2026-08-06 23:11:08,MANUAL,True,-7.9262293,112.5949392,233.0,0.0,0.0,IDLE,,
1786032668.343,2026-08-06 23:11:08,MANUAL,True,-7.9262292,112.5949392,232.99,0.0,0.0,IDLE,,
1786032668.475,2026-08-06 23:11:08,MANUAL,True,-7.9262292,112.5949392,232.99,0.0,0.0,IDLE,,
1786032668.614,2026-08-06 23:11:08,MANUAL,True,-7.9262291,112.5949393,232.99,0.0,0.0,IDLE,,
1786032668.752,2026-08-06 23:11:08,MANUAL,True,-7.926229,112.5949394,232.99,0.0,0.0,IDLE,,
1786032668.885,2026-08-06 23:11:08,MANUAL,True,-7.9262289,112.5949394,232.97,0.0,0.0,IDLE,,
1786032669.020,2026-08-06 23:11:09,MANUAL,True,-7.9262288,112.5949395,232.94,0.0,0.0,IDLE,,
1786032669.152,2026-08-06 23:11:09,MANUAL,True,-7.9262286,112.5949396,232.93,0.0,0.0,IDLE,,
1786032669.281,2026-08-06 23:11:09,MANUAL,True,-7.9262285,112.5949395,232.93,0.0,0.0,IDLE,,
1786032669.414,2026-08-06 23:11:09,MANUAL,True,-7.9262284,112.5949396,232.93,0.0,0.0,IDLE,,
1786032669.544,2026-08-06 23:11:09,MANUAL,True,-7.926228,112.5949395,232.92,0.0,0.0,IDLE,,
1786032669.677,2026-08-06 23:11:09,MANUAL,True,-7.926228,112.5949395,232.92,0.0,0.0,IDLE,,
1786032669.815,2026-08-06 23:11:09,MANUAL,True,-7.9262276,112.5949392,232.91,0.0,0.0,IDLE,,
1786032669.949,2026-08-06 23:11:09,MANUAL,True,-7.9262269,112.5949387,232.89,0.0,0.0,IDLE,,
1786032670.083,2026-08-06 23:11:10,MANUAL,True,-7.9262268,112.5949383,232.88,0.0,0.0,IDLE,,
1786032670.219,2026-08-06 23:11:10,MANUAL,True,-7.9262266,112.594938,232.85,0.0,0.0,IDLE,,
1786032670.353,2026-08-06 23:11:10,MANUAL,True,-7.9262262,112.5949374,232.84,0.0,0.0,IDLE,,
1786032670.487,2026-08-06 23:11:10,MANUAL,True,-7.9262261,112.5949371,232.84,0.0,0.0,IDLE,,
1786032670.648,2026-08-06 23:11:10,MANUAL,True,-7.9262259,112.5949368,232.81,0.0,0.0,IDLE,,
1786032670.810,2026-08-06 23:11:10,MANUAL,True,-7.9262258,112.5949365,232.81,0.0,0.0,IDLE,,
1786032670.948,2026-08-06 23:11:10,MANUAL,True,-7.9262255,112.5949357,232.79,0.0,0.0,IDLE,,
1786032671.084,2026-08-06 23:11:11,MANUAL,True,-7.9262253,112.5949352,232.77,0.0,0.0,IDLE,,
1786032671.289,2026-08-06 23:11:11,MANUAL,True,-7.9262248,112.5949341,232.76,0.0,0.0,IDLE,,
1786032671.515,2026-08-06 23:11:11,MANUAL,True,-7.9262242,112.5949327,232.74,0.0,0.0,IDLE,,
1786032671.675,2026-08-06 23:11:11,MANUAL,True,-7.9262233,112.5949308,232.73,0.0,0.0,IDLE,,
1786032671.824,2026-08-06 23:11:11,MANUAL,True,-7.926223,112.5949301,232.72,0.0,0.0,IDLE,,
1786032671.949,2026-08-06 23:11:11,MANUAL,True,-7.9262224,112.5949284,232.68,0.0,0.0,IDLE,,
1786032672.102,2026-08-06 23:11:12,MANUAL,True,-7.9262221,112.5949277,232.68,0.0,0.0,IDLE,,
1786032672.255,2026-08-06 23:11:12,MANUAL,True,-7.9262215,112.5949259,232.66,0.0,0.0,IDLE,,
1786032672.439,2026-08-06 23:11:12,MANUAL,True,-7.9262212,112.594925,232.65,0.0,0.0,IDLE,,
1786032672.574,2026-08-06 23:11:12,MANUAL,True,-7.9262207,112.5949235,232.61,0.0,0.0,IDLE,,
1786032672.705,2026-08-06 23:11:12,MANUAL,True,-7.9262204,112.5949223,232.6,0.0,0.0,IDLE,,
1786032672.838,2026-08-06 23:11:12,MANUAL,True,-7.9262203,112.5949218,232.59,0.0,0.0,IDLE,,
1786032672.973,2026-08-06 23:11:12,MANUAL,True,-7.92622,112.5949204,232.58,0.0,0.0,IDLE,,
1786032673.115,2026-08-06 23:11:13,MANUAL,True,-7.9262199,112.5949198,232.57,0.0,0.0,IDLE,,
1786032673.249,2026-08-06 23:11:13,MANUAL,True,-7.9262197,112.5949186,232.57,0.0,0.0,IDLE,,
1786032673.382,2026-08-06 23:11:13,MANUAL,True,-7.9262196,112.5949179,232.57,0.0,0.0,IDLE,,
1786032673.518,2026-08-06 23:11:13,MANUAL,True,-7.9262194,112.5949172,232.57,0.0,0.0,IDLE,,
1786032673.663,2026-08-06 23:11:13,MANUAL,True,-7.9262191,112.5949158,232.54,0.0,0.0,IDLE,,
1786032673.795,2026-08-06 23:11:13,MANUAL,True,-7.926219,112.5949152,232.54,0.0,0.0,IDLE,,
1786032673.928,2026-08-06 23:11:13,MANUAL,True,-7.9262189,112.5949147,232.53,0.0,0.0,IDLE,,
1786032674.067,2026-08-06 23:11:14,MANUAL,True,-7.9262186,112.5949135,232.5,0.0,0.0,IDLE,,
1786032674.217,2026-08-06 23:11:14,MANUAL,True,-7.9262184,112.594913,232.49,0.0,0.0,IDLE,,
1786032674.371,2026-08-06 23:11:14,MANUAL,True,-7.9262182,112.5949119,232.48,0.0,0.0,IDLE,,
1786032674.554,2026-08-06 23:11:14,MANUAL,True,-7.926218,112.5949109,232.46,0.0,0.0,IDLE,,
1786032674.747,2026-08-06 23:11:14,MANUAL,True,-7.9262179,112.5949102,232.45,0.0,0.0,IDLE,,
1786032674.941,2026-08-06 23:11:14,MANUAL,True,-7.9262178,112.5949095,232.44,0.0,0.0,IDLE,,
1786032675.098,2026-08-06 23:11:15,MANUAL,True,-7.9262177,112.5949092,232.42,0.0,0.0,IDLE,,
1786032675.269,2026-08-06 23:11:15,MANUAL,True,-7.9262176,112.5949085,232.38,0.0,0.0,IDLE,,
1786032675.405,2026-08-06 23:11:15,MANUAL,True,-7.9262176,112.5949082,232.37,0.0,0.0,IDLE,,
1786032675.539,2026-08-06 23:11:15,MANUAL,True,-7.9262176,112.5949078,232.37,0.0,0.0,IDLE,,
1786032675.666,2026-08-06 23:11:15,MANUAL,True,-7.9262175,112.5949075,232.37,0.0,0.0,IDLE,,
1786032675.796,2026-08-06 23:11:15,MANUAL,True,-7.9262174,112.5949069,232.35,0.0,0.0,IDLE,,
1786032675.934,2026-08-06 23:11:15,MANUAL,True,-7.9262174,112.5949067,232.33,0.0,0.0,IDLE,,
1786032676.079,2026-08-06 23:11:16,MANUAL,True,-7.9262173,112.5949062,232.32,0.0,0.0,IDLE,,
1786032676.213,2026-08-06 23:11:16,MANUAL,True,-7.9262173,112.5949059,232.32,0.0,0.0,IDLE,,
1786032676.407,2026-08-06 23:11:16,MANUAL,True,-7.9262172,112.5949054,232.29,0.0,0.0,IDLE,,
1786032676.650,2026-08-06 23:11:16,MANUAL,True,-7.926217,112.5949046,232.26,0.0,0.0,IDLE,,
1786032676.781,2026-08-06 23:11:16,MANUAL,True,-7.9262169,112.5949043,232.24,0.0,0.0,IDLE,,
1786032676.910,2026-08-06 23:11:16,MANUAL,True,-7.9262168,112.5949039,232.26,0.0,0.0,IDLE,,
1786032677.048,2026-08-06 23:11:17,MANUAL,True,-7.9262167,112.5949031,232.25,0.0,0.0,IDLE,,
1786032677.191,2026-08-06 23:11:17,MANUAL,True,-7.9262167,112.5949028,232.23,0.0,0.0,IDLE,,
1786032677.328,2026-08-06 23:11:17,MANUAL,True,-7.9262168,112.5949025,232.22,0.0,0.0,IDLE,,
1786032677.602,2026-08-06 23:11:17,MANUAL,True,-7.9262168,112.5949012,232.16,0.0,0.0,IDLE,,
1786032677.793,2026-08-06 23:11:17,MANUAL,True,-7.9262168,112.5949003,232.13,0.0,0.0,IDLE,,
1786032677.944,2026-08-06 23:11:17,MANUAL,True,-7.9262171,112.5948995,232.12,0.0,0.0,IDLE,,
1786032678.137,2026-08-06 23:11:18,MANUAL,True,-7.9262172,112.5948992,232.1,0.0,0.0,IDLE,,
1786032678.327,2026-08-06 23:11:18,MANUAL,True,-7.9262176,112.5948986,232.08,0.0,0.0,IDLE,,
1786032678.504,2026-08-06 23:11:18,MANUAL,True,-7.9262179,112.5948979,232.07,0.0,0.0,IDLE,,
1786032678.638,2026-08-06 23:11:18,MANUAL,True,-7.926218,112.5948974,232.06,0.0,0.0,IDLE,,
1786032678.770,2026-08-06 23:11:18,MANUAL,True,-7.9262181,112.5948965,232.06,0.0,0.0,IDLE,,
1786032678.901,2026-08-06 23:11:18,MANUAL,True,-7.9262182,112.5948961,232.04,0.0,0.0,IDLE,,
1786032679.030,2026-08-06 23:11:19,MANUAL,True,-7.9262183,112.5948956,232.03,0.0,0.0,IDLE,,
1786032679.287,2026-08-06 23:11:19,MANUAL,True,-7.9262185,112.5948945,232.05,0.0,0.0,IDLE,,
1786032679.419,2026-08-06 23:11:19,MANUAL,True,-7.9262186,112.5948941,232.05,0.0,0.0,IDLE,,
1786032679.568,2026-08-06 23:11:19,MANUAL,True,-7.9262187,112.5948935,232.03,0.0,0.0,IDLE,,
1786032679.707,2026-08-06 23:11:19,MANUAL,True,-7.9262188,112.5948933,232.03,0.0,0.0,IDLE,,
1786032679.846,2026-08-06 23:11:19,MANUAL,True,-7.9262188,112.5948926,232.03,0.0,0.0,IDLE,,
1786032679.982,2026-08-06 23:11:19,MANUAL,True,-7.9262188,112.5948921,232.04,0.0,0.0,IDLE,,
1786032680.118,2026-08-06 23:11:20,MANUAL,True,-7.9262187,112.5948917,232.04,0.0,0.0,IDLE,,
1786032680.266,2026-08-06 23:11:20,MANUAL,True,-7.9262187,112.5948909,232.05,0.0,0.0,IDLE,,
1786032680.409,2026-08-06 23:11:20,MANUAL,True,-7.9262187,112.5948904,232.05,0.0,0.0,IDLE,,
1786032680.567,2026-08-06 23:11:20,MANUAL,True,-7.9262187,112.5948895,232.04,0.0,0.0,IDLE,,
1786032680.713,2026-08-06 23:11:20,MANUAL,True,-7.9262188,112.5948889,232.04,0.0,0.0,IDLE,,
1786032680.854,2026-08-06 23:11:20,MANUAL,True,-7.9262189,112.5948883,232.02,0.0,0.0,IDLE,,
1786032681.014,2026-08-06 23:11:21,MANUAL,True,-7.9262189,112.5948878,232.01,0.0,0.0,IDLE,,
1786032681.147,2026-08-06 23:11:21,MANUAL,True,-7.9262188,112.5948869,232.0,0.0,0.0,IDLE,,
1786032681.289,2026-08-06 23:11:21,MANUAL,True,-7.9262188,112.5948864,232.0,0.0,0.0,IDLE,,
1786032681.421,2026-08-06 23:11:21,MANUAL,True,-7.9262189,112.594886,231.98,0.0,0.0,IDLE,,
1786032681.557,2026-08-06 23:11:21,MANUAL,True,-7.9262189,112.5948854,231.96,0.0,0.0,IDLE,,
1786032681.693,2026-08-06 23:11:21,MANUAL,True,-7.9262189,112.594885,231.94,0.0,0.0,IDLE,,
1786032681.827,2026-08-06 23:11:21,MANUAL,True,-7.9262189,112.5948848,231.93,0.0,0.0,IDLE,,
1786032681.963,2026-08-06 23:11:21,MANUAL,True,-7.926219,112.5948844,231.89,0.0,0.0,IDLE,,
1786032682.094,2026-08-06 23:11:22,MANUAL,True,-7.9262191,112.5948842,231.9,0.0,0.0,IDLE,,
1786032682.226,2026-08-06 23:11:22,MANUAL,True,-7.9262191,112.594884,231.88,0.0,0.0,IDLE,,
1786032682.358,2026-08-06 23:11:22,MANUAL,True,-7.9262193,112.5948835,231.87,0.0,0.0,IDLE,,
1786032682.491,2026-08-06 23:11:22,MANUAL,True,-7.9262194,112.5948833,231.86,0.0,0.0,IDLE,,
1786032682.634,2026-08-06 23:11:22,MANUAL,True,-7.9262195,112.5948832,231.86,0.0,0.0,IDLE,,
1786032682.769,2026-08-06 23:11:22,MANUAL,True,-7.9262198,112.594883,231.86,0.0,0.0,IDLE,,
1786032682.927,2026-08-06 23:11:22,MANUAL,True,-7.9262199,112.5948829,231.84,0.0,0.0,IDLE,,
1786032683.064,2026-08-06 23:11:23,MANUAL,True,-7.9262204,112.5948827,231.84,0.0,0.0,IDLE,,
1786032683.223,2026-08-06 23:11:23,MANUAL,True,-7.9262206,112.5948826,231.84,0.0,0.0,IDLE,,
1786032683.415,2026-08-06 23:11:23,MANUAL,True,-7.926221,112.5948824,231.82,0.0,0.0,IDLE,,
1786032683.600,2026-08-06 23:11:23,MANUAL,True,-7.9262213,112.5948822,231.79,0.0,0.0,IDLE,,
1786032683.778,2026-08-06 23:11:23,MANUAL,True,-7.9262216,112.5948818,231.77,0.0,0.0,IDLE,,
1786032683.958,2026-08-06 23:11:23,MANUAL,True,-7.9262218,112.5948814,231.79,0.0,0.0,IDLE,,
1786032684.279,2026-08-06 23:11:24,MANUAL,True,-7.926222,112.5948811,231.76,0.0,0.0,IDLE,,
1786032684.453,2026-08-06 23:11:24,MANUAL,True,-7.9262221,112.5948809,231.74,0.0,0.0,IDLE,,
1786032684.626,2026-08-06 23:11:24,MANUAL,True,-7.9262222,112.5948808,231.74,0.0,0.0,IDLE,,
1786032684.787,2026-08-06 23:11:24,MANUAL,True,-7.9262225,112.5948808,231.72,0.0,0.0,IDLE,,
1786032684.925,2026-08-06 23:11:24,MANUAL,True,-7.9262226,112.5948808,231.72,0.0,0.0,IDLE,,
1786032685.071,2026-08-06 23:11:25,MANUAL,True,-7.9262229,112.594881,231.7,0.0,0.0,IDLE,,
1786032685.228,2026-08-06 23:11:25,MANUAL,True,-7.926223,112.594881,231.7,0.0,0.0,IDLE,,
1786032685.398,2026-08-06 23:11:25,MANUAL,True,-7.9262232,112.5948811,231.69,0.0,0.0,IDLE,,
1786032685.527,2026-08-06 23:11:25,MANUAL,True,-7.9262233,112.5948811,231.69,0.0,0.0,IDLE,,
1786032685.655,2026-08-06 23:11:25,MANUAL,True,-7.9262235,112.5948811,231.67,0.0,0.0,IDLE,,
1786032685.787,2026-08-06 23:11:25,MANUAL,True,-7.9262235,112.5948811,231.65,0.0,0.0,IDLE,,
1786032685.920,2026-08-06 23:11:25,MANUAL,True,-7.9262236,112.5948811,231.65,0.0,0.0,IDLE,,
1786032686.060,2026-08-06 23:11:26,MANUAL,True,-7.9262238,112.5948812,231.65,0.0,0.0,IDLE,,
1786032686.241,2026-08-06 23:11:26,MANUAL,True,-7.926224,112.5948814,231.63,0.0,0.0,IDLE,,
1786032686.377,2026-08-06 23:11:26,MANUAL,True,-7.9262241,112.5948815,231.63,0.0,0.0,IDLE,,
1786032686.526,2026-08-06 23:11:26,MANUAL,True,-7.9262243,112.5948817,231.62,0.0,0.0,IDLE,,
1786032686.666,2026-08-06 23:11:26,MANUAL,True,-7.9262247,112.594882,231.61,0.0,0.0,IDLE,,
1786032686.850,2026-08-06 23:11:26,MANUAL,True,-7.926225,112.5948823,231.59,0.0,0.0,IDLE,,
1786032687.003,2026-08-06 23:11:27,MANUAL,True,-7.9262252,112.5948825,231.57,0.0,0.0,IDLE,,
1786032687.180,2026-08-06 23:11:27,MANUAL,True,-7.9262255,112.5948826,231.55,0.0,0.0,IDLE,,
1786032687.352,2026-08-06 23:11:27,MANUAL,True,-7.9262258,112.5948828,231.55,0.0,0.0,IDLE,,
1786032687.495,2026-08-06 23:11:27,MANUAL,True,-7.926226,112.594883,231.54,0.0,0.0,IDLE,,
1786032687.653,2026-08-06 23:11:27,MANUAL,True,-7.9262262,112.5948832,231.54,0.0,0.0,IDLE,,
1786032687.791,2026-08-06 23:11:27,MANUAL,True,-7.9262266,112.5948836,231.54,0.0,0.0,IDLE,,
1786032687.980,2026-08-06 23:11:27,MANUAL,True,-7.926227,112.5948839,231.52,0.0,0.0,IDLE,,
1786032688.115,2026-08-06 23:11:28,MANUAL,True,-7.9262272,112.5948842,231.52,0.0,0.0,IDLE,,
1786032688.260,2026-08-06 23:11:28,MANUAL,True,-7.9262275,112.5948845,231.51,0.0,0.0,IDLE,,
1786032688.395,2026-08-06 23:11:28,MANUAL,True,-7.9262277,112.5948846,231.5,0.0,0.0,IDLE,,
1786032688.547,2026-08-06 23:11:28,MANUAL,True,-7.9262279,112.5948847,231.51,0.0,0.0,IDLE,,
1786032688.691,2026-08-06 23:11:28,MANUAL,True,-7.926228,112.5948847,231.5,0.0,0.0,IDLE,,
1786032688.823,2026-08-06 23:11:28,MANUAL,True,-7.9262281,112.5948847,231.5,0.0,0.0,IDLE,,
1786032688.967,2026-08-06 23:11:28,MANUAL,True,-7.9262283,112.5948846,231.49,0.0,0.0,IDLE,,
1786032689.103,2026-08-06 23:11:29,MANUAL,True,-7.9262284,112.5948846,231.49,0.0,0.0,IDLE,,
1786032689.235,2026-08-06 23:11:29,MANUAL,True,-7.9262284,112.5948845,231.49,0.0,0.0,IDLE,,
1786032689.373,2026-08-06 23:11:29,MANUAL,True,-7.9262286,112.5948844,231.49,0.0,0.0,IDLE,,
1786032689.508,2026-08-06 23:11:29,MANUAL,True,-7.9262287,112.5948844,231.49,0.0,0.0,IDLE,,
1786032689.662,2026-08-06 23:11:29,MANUAL,True,-7.9262289,112.5948844,231.49,0.0,0.0,IDLE,,
1786032689.797,2026-08-06 23:11:29,MANUAL,True,-7.926229,112.5948844,231.49,0.0,0.0,IDLE,,
1786032689.933,2026-08-06 23:11:29,MANUAL,True,-7.926229,112.5948844,231.48,0.0,0.0,IDLE,,
1786032690.079,2026-08-06 23:11:30,MANUAL,True,-7.9262292,112.5948843,231.48,0.0,0.0,IDLE,,
1786032690.324,2026-08-06 23:11:30,MANUAL,True,-7.9262294,112.5948842,231.47,0.0,0.0,IDLE,,
1786032690.479,2026-08-06 23:11:30,MANUAL,True,-7.9262295,112.594884,231.46,0.0,0.0,IDLE,,
1786032690.620,2026-08-06 23:11:30,MANUAL,True,-7.9262295,112.5948839,231.47,0.0,0.0,IDLE,,
1786032690.760,2026-08-06 23:11:30,MANUAL,True,-7.9262294,112.5948836,231.47,0.0,0.0,IDLE,,
1786032690.892,2026-08-06 23:11:30,MANUAL,True,-7.9262294,112.5948835,231.46,0.0,0.0,IDLE,,
1786032691.045,2026-08-06 23:11:31,MANUAL,True,-7.9262293,112.5948831,231.46,0.0,0.0,IDLE,,
1786032691.176,2026-08-06 23:11:31,MANUAL,True,-7.9262292,112.5948829,231.46,0.0,0.0,IDLE,,
1786032691.312,2026-08-06 23:11:31,MANUAL,True,-7.926229,112.5948829,231.46,0.0,0.0,IDLE,,
1786032691.452,2026-08-06 23:11:31,MANUAL,True,-7.9262289,112.5948825,231.47,0.0,0.0,IDLE,,
1786032691.591,2026-08-06 23:11:31,MANUAL,True,-7.9262288,112.5948823,231.45,0.0,0.0,IDLE,,
1786032691.733,2026-08-06 23:11:31,MANUAL,True,-7.9262287,112.5948821,231.44,0.0,0.0,IDLE,,
1786032691.880,2026-08-06 23:11:31,MANUAL,True,-7.9262287,112.5948821,231.42,0.0,0.0,IDLE,,
1786032692.033,2026-08-06 23:11:32,MANUAL,True,-7.9262288,112.5948822,231.43,0.0,0.0,IDLE,,
1786032692.173,2026-08-06 23:11:32,MANUAL,True,-7.926229,112.5948823,231.43,0.0,0.0,IDLE,,
1786032692.320,2026-08-06 23:11:32,MANUAL,True,-7.926229,112.5948824,231.43,0.0,0.0,IDLE,,
1786032692.459,2026-08-06 23:11:32,MANUAL,True,-7.926229,112.5948824,231.42,0.0,0.0,IDLE,,
1786032692.609,2026-08-06 23:11:32,MANUAL,True,-7.9262291,112.5948824,231.4,0.0,0.0,IDLE,,
1786032692.967,2026-08-06 23:11:32,MANUAL,True,-7.9262291,112.5948822,231.43,0.0,0.0,IDLE,,
1786032693.276,2026-08-06 23:11:33,MANUAL,True,-7.9262284,112.5948814,231.44,0.0,0.0,IDLE,,
1786032693.459,2026-08-06 23:11:33,MANUAL,True,-7.9262279,112.5948809,231.44,0.0,0.0,IDLE,,
1786032693.663,2026-08-06 23:11:33,MANUAL,True,-7.9262271,112.5948799,231.43,0.0,0.0,IDLE,,
1786032693.851,2026-08-06 23:11:33,MANUAL,True,-7.9262263,112.5948788,231.43,0.0,0.0,IDLE,,
1786032694.004,2026-08-06 23:11:34,MANUAL,True,-7.9262258,112.5948783,231.43,0.0,0.0,IDLE,,
1786032694.185,2026-08-06 23:11:34,MANUAL,True,-7.9262252,112.5948775,231.41,0.0,0.0,IDLE,,
1786032694.354,2026-08-06 23:11:34,MANUAL,True,-7.9262245,112.5948766,231.41,0.0,0.0,IDLE,,
1786032694.492,2026-08-06 23:11:34,MANUAL,True,-7.9262242,112.5948762,231.4,0.0,0.0,IDLE,,
1786032694.622,2026-08-06 23:11:34,MANUAL,True,-7.9262239,112.5948758,231.41,0.0,0.0,IDLE,,
1786032694.761,2026-08-06 23:11:34,MANUAL,True,-7.9262232,112.5948751,231.4,0.0,0.0,IDLE,,
1786032694.906,2026-08-06 23:11:34,MANUAL,True,-7.9262229,112.5948746,231.4,0.0,0.0,IDLE,,
1786032695.124,2026-08-06 23:11:35,MANUAL,True,-7.9262222,112.5948737,231.42,0.0,0.0,IDLE,,
1786032695.357,2026-08-06 23:11:35,MANUAL,True,-7.9262216,112.5948726,231.43,0.0,0.0,IDLE,364,44
1786032695.551,2026-08-06 23:11:35,MANUAL,True,-7.9262211,112.5948717,231.43,0.0,0.0,IDLE,364,44
1786032695.692,2026-08-06 23:11:35,MANUAL,True,-7.9262207,112.5948712,231.43,0.0,0.0,IDLE,,
1786032695.859,2026-08-06 23:11:35,MANUAL,True,-7.9262204,112.5948706,231.43,0.0,0.0,IDLE,,
1786032696.044,2026-08-06 23:11:36,MANUAL,True,-7.9262201,112.5948699,231.41,0.0,0.0,IDLE,,
1786032696.212,2026-08-06 23:11:36,MANUAL,True,-7.92622,112.5948697,231.42,0.0,0.0,IDLE,,
1786032696.355,2026-08-06 23:11:36,MANUAL,True,-7.9262198,112.5948691,231.4,0.0,0.0,IDLE,,
1786032696.501,2026-08-06 23:11:36,MANUAL,True,-7.9262197,112.5948689,231.4,0.0,0.0,IDLE,,
1786032696.772,2026-08-06 23:11:36,MANUAL,True,-7.9262195,112.5948682,231.4,0.0,0.0,IDLE,,
1786032696.949,2026-08-06 23:11:36,MANUAL,True,-7.9262193,112.5948677,231.39,0.0,0.0,IDLE,,
1786032697.138,2026-08-06 23:11:37,MANUAL,True,-7.9262192,112.5948676,231.4,0.0,0.0,IDLE,,
1786032697.326,2026-08-06 23:11:37,MANUAL,True,-7.9262193,112.5948676,231.41,0.0,0.0,IDLE,,
1786032697.514,2026-08-06 23:11:37,MANUAL,True,-7.9262195,112.5948676,231.4,0.0,0.0,IDLE,,
1786032697.681,2026-08-06 23:11:37,MANUAL,True,-7.9262196,112.5948677,231.4,0.0,0.0,IDLE,,
1786032697.856,2026-08-06 23:11:37,MANUAL,True,-7.9262196,112.5948675,231.38,0.0,0.0,IDLE,,
1786032698.115,2026-08-06 23:11:38,MANUAL,True,-7.9262195,112.5948673,231.38,0.0,0.0,IDLE,,
1786032698.286,2026-08-06 23:11:38,MANUAL,True,-7.9262195,112.5948672,231.38,0.0,0.0,IDLE,,
1786032698.423,2026-08-06 23:11:38,MANUAL,True,-7.9262194,112.5948672,231.37,0.0,0.0,IDLE,,
1786032698.576,2026-08-06 23:11:38,MANUAL,True,-7.9262194,112.5948671,231.36,0.0,0.0,IDLE,,
1786032698.998,2026-08-06 23:11:38,MANUAL,True,-7.9262194,112.5948673,231.36,0.0,0.0,IDLE,,
1786032699.508,2026-08-06 23:11:39,MANUAL,True,-7.9262192,112.5948675,231.38,0.0,0.0,IDLE,,
1786032700.074,2026-08-06 23:11:40,MANUAL,True,-7.9262192,112.5948679,231.36,0.0,0.0,IDLE,,
1786032700.452,2026-08-06 23:11:40,MANUAL,True,-7.9262195,112.5948683,231.37,0.0,0.0,IDLE,,
1786032700.672,2026-08-06 23:11:40,MANUAL,True,-7.9262195,112.5948686,231.35,0.0,0.0,IDLE,,
1786032700.860,2026-08-06 23:11:40,MANUAL,True,-7.9262196,112.5948691,231.35,0.0,0.0,IDLE,,
1786032701.013,2026-08-06 23:11:41,MANUAL,True,-7.9262197,112.5948694,231.34,0.0,0.0,IDLE,,
1786032701.158,2026-08-06 23:11:41,MANUAL,True,-7.9262198,112.5948697,231.35,0.0,0.0,IDLE,,
1786032701.306,2026-08-06 23:11:41,MANUAL,True,-7.9262199,112.59487,231.34,0.0,0.0,IDLE,,
1786032701.461,2026-08-06 23:11:41,MANUAL,True,-7.9262201,112.5948704,231.34,0.0,0.0,IDLE,,
1786032701.618,2026-08-06 23:11:41,MANUAL,True,-7.9262201,112.5948706,231.35,0.0,0.0,IDLE,,
1786032701.781,2026-08-06 23:11:41,MANUAL,True,-7.9262202,112.5948709,231.36,0.0,0.0,IDLE,,
1786032701.938,2026-08-06 23:11:41,MANUAL,True,-7.9262202,112.5948711,231.35,0.0,0.0,IDLE,,
1786032702.135,2026-08-06 23:11:42,MANUAL,True,-7.9262204,112.5948716,231.35,0.0,0.0,IDLE,,
1786032702.331,2026-08-06 23:11:42,MANUAL,True,-7.9262205,112.5948719,231.35,0.0,0.0,IDLE,,
1786032702.560,2026-08-06 23:11:42,MANUAL,True,-7.9262205,112.5948723,231.37,0.0,0.0,IDLE,,
1786032702.746,2026-08-06 23:11:42,MANUAL,True,-7.9262204,112.5948725,231.35,0.0,0.0,IDLE,,
1786032702.929,2026-08-06 23:11:42,MANUAL,True,-7.9262204,112.5948726,231.37,0.0,0.0,IDLE,,
1786032703.206,2026-08-06 23:11:43,MANUAL,True,-7.9262207,112.5948732,231.35,0.0,0.0,IDLE,,
1786032703.371,2026-08-06 23:11:43,MANUAL,True,-7.926221,112.5948738,231.36,0.0,0.0,IDLE,,
1786032703.509,2026-08-06 23:11:43,MANUAL,True,-7.9262212,112.5948741,231.37,0.0,0.0,IDLE,,
1786032703.655,2026-08-06 23:11:43,MANUAL,True,-7.9262216,112.5948749,231.36,0.0,0.0,IDLE,,
1786032703.796,2026-08-06 23:11:43,MANUAL,True,-7.9262218,112.5948752,231.37,0.0,0.0,IDLE,,
1786032703.930,2026-08-06 23:11:43,MANUAL,True,-7.9262219,112.5948754,231.36,0.0,0.0,IDLE,,
1786032704.095,2026-08-06 23:11:44,MANUAL,True,-7.9262223,112.5948762,231.38,0.0,0.0,IDLE,,
1786032704.270,2026-08-06 23:11:44,MANUAL,True,-7.9262226,112.5948767,231.39,0.0,0.0,IDLE,,
1786032704.414,2026-08-06 23:11:44,MANUAL,True,-7.9262228,112.594877,231.4,0.0,0.0,IDLE,,
1786032704.558,2026-08-06 23:11:44,MANUAL,True,-7.9262232,112.5948775,231.4,0.0,0.0,IDLE,,
1786032704.708,2026-08-06 23:11:44,MANUAL,True,-7.9262234,112.5948778,231.4,0.0,0.0,IDLE,,
1786032704.867,2026-08-06 23:11:44,MANUAL,True,-7.9262238,112.5948785,231.4,0.0,0.0,IDLE,,
1786032705.026,2026-08-06 23:11:45,MANUAL,True,-7.9262241,112.5948789,231.41,0.0,0.0,IDLE,,
1786032705.236,2026-08-06 23:11:45,MANUAL,True,-7.9262245,112.5948796,231.4,0.0,0.0,IDLE,,
1786032705.445,2026-08-06 23:11:45,MANUAL,True,-7.9262248,112.5948804,231.43,0.0,0.0,IDLE,,
1786032705.880,2026-08-06 23:11:45,MANUAL,True,-7.9262255,112.5948818,231.45,0.0,0.0,IDLE,,
1786032706.123,2026-08-06 23:11:46,MANUAL,True,-7.9262262,112.5948829,231.46,0.0,0.0,IDLE,,
1786032706.301,2026-08-06 23:11:46,MANUAL,True,-7.9262266,112.5948835,231.48,0.0,0.0,IDLE,,
1786032706.450,2026-08-06 23:11:46,MANUAL,True,-7.9262271,112.5948843,231.49,0.0,0.0,IDLE,,
1786032706.612,2026-08-06 23:11:46,MANUAL,True,-7.9262274,112.5948846,231.5,0.0,0.0,IDLE,,
1786032706.763,2026-08-06 23:11:46,MANUAL,True,-7.9262279,112.5948853,231.51,0.0,0.0,IDLE,,
1786032706.907,2026-08-06 23:11:46,MANUAL,True,-7.9262281,112.5948857,231.52,0.0,0.0,IDLE,,
1786032707.056,2026-08-06 23:11:47,MANUAL,True,-7.9262286,112.5948863,231.51,0.0,0.0,IDLE,,
1786032707.197,2026-08-06 23:11:47,MANUAL,True,-7.9262288,112.5948865,231.51,0.0,0.0,IDLE,,
1786032707.347,2026-08-06 23:11:47,MANUAL,True,-7.9262292,112.5948872,231.53,0.0,0.0,IDLE,,
1786032707.486,2026-08-06 23:11:47,MANUAL,True,-7.9262294,112.5948875,231.55,0.0,0.0,IDLE,,
1786032707.627,2026-08-06 23:11:47,MANUAL,True,-7.9262297,112.5948879,231.55,0.0,0.0,IDLE,,
1786032707.785,2026-08-06 23:11:47,MANUAL,True,-7.9262302,112.5948885,231.55,0.0,0.0,IDLE,,
1786032707.943,2026-08-06 23:11:47,MANUAL,True,-7.9262306,112.5948891,231.56,0.0,0.0,IDLE,,
1786032708.100,2026-08-06 23:11:48,MANUAL,True,-7.9262308,112.5948893,231.57,0.0,0.0,IDLE,,
1786032708.251,2026-08-06 23:11:48,MANUAL,True,-7.9262312,112.5948898,231.57,0.0,0.0,IDLE,,
1786032708.385,2026-08-06 23:11:48,MANUAL,True,-7.9262314,112.59489,231.55,0.0,0.0,IDLE,,
1786032708.526,2026-08-06 23:11:48,MANUAL,True,-7.9262316,112.5948902,231.56,0.0,0.0,IDLE,,
1786032708.672,2026-08-06 23:11:48,MANUAL,True,-7.9262318,112.5948904,231.58,0.0,0.0,IDLE,,
1786032708.813,2026-08-06 23:11:48,MANUAL,True,-7.926232,112.5948907,231.58,0.0,0.0,IDLE,,
1786032708.953,2026-08-06 23:11:48,MANUAL,True,-7.9262324,112.5948912,231.56,0.0,0.0,IDLE,,
1786032709.101,2026-08-06 23:11:49,MANUAL,True,-7.9262325,112.5948914,231.58,0.0,0.0,IDLE,,
1786032709.243,2026-08-06 23:11:49,MANUAL,True,-7.9262328,112.5948917,231.57,0.0,0.0,IDLE,,
1786032709.447,2026-08-06 23:11:49,MANUAL,True,-7.9262328,112.5948919,231.55,0.0,0.0,IDLE,,
1786032709.597,2026-08-06 23:11:49,MANUAL,True,-7.9262328,112.5948919,231.54,0.0,0.0,IDLE,,
1786032709.730,2026-08-06 23:11:49,MANUAL,True,-7.9262327,112.5948919,231.56,0.0,0.0,IDLE,,
1786032709.860,2026-08-06 23:11:49,MANUAL,True,-7.9262325,112.5948917,231.57,0.0,0.0,IDLE,,
1786032709.990,2026-08-06 23:11:49,MANUAL,True,-7.9262324,112.5948917,231.58,0.0,0.0,IDLE,,
1786032710.119,2026-08-06 23:11:50,MANUAL,True,-7.9262324,112.5948916,231.58,0.0,0.0,IDLE,,
1786032710.252,2026-08-06 23:11:50,MANUAL,True,-7.9262323,112.5948916,231.6,0.0,0.0,IDLE,,
1786032710.386,2026-08-06 23:11:50,MANUAL,True,-7.9262323,112.5948916,231.61,0.0,0.0,IDLE,,
1786032710.517,2026-08-06 23:11:50,MANUAL,True,-7.9262323,112.5948917,231.6,0.0,0.0,IDLE,,
1786032710.658,2026-08-06 23:11:50,MANUAL,True,-7.9262323,112.5948917,231.59,0.0,0.0,IDLE,,
1786032710.788,2026-08-06 23:11:50,MANUAL,True,-7.9262323,112.5948919,231.58,0.0,0.0,IDLE,,
1786032710.920,2026-08-06 23:11:50,MANUAL,True,-7.9262323,112.594892,231.6,0.0,0.0,IDLE,,
1786032711.087,2026-08-06 23:11:51,MANUAL,True,-7.9262325,112.5948922,231.61,0.0,0.0,IDLE,,
1786032711.247,2026-08-06 23:11:51,MANUAL,True,-7.9262326,112.5948923,231.6,0.0,0.0,IDLE,,
1786032711.430,2026-08-06 23:11:51,MANUAL,True,-7.9262327,112.5948923,231.6,0.0,0.0,IDLE,,
1786032711.660,2026-08-06 23:11:51,MANUAL,True,-7.9262327,112.5948922,231.62,0.0,0.0,IDLE,,
1786032711.799,2026-08-06 23:11:51,MANUAL,True,-7.9262326,112.594892,231.64,0.0,0.0,IDLE,,
1786032711.936,2026-08-06 23:11:51,MANUAL,True,-7.9262325,112.594892,231.64,0.0,0.0,IDLE,,
1786032712.078,2026-08-06 23:11:52,MANUAL,True,-7.9262325,112.5948919,231.66,0.0,0.0,IDLE,,
1786032712.223,2026-08-06 23:11:52,MANUAL,True,-7.9262324,112.5948918,231.66,0.0,0.0,IDLE,,
1786032712.462,2026-08-06 23:11:52,MANUAL,True,-7.9262324,112.5948918,231.67,0.0,0.0,IDLE,,
1786032712.684,2026-08-06 23:11:52,MANUAL,True,-7.9262324,112.594892,231.67,0.0,0.0,IDLE,,
1786032712.849,2026-08-06 23:11:52,MANUAL,True,-7.9262324,112.5948922,231.67,0.0,0.0,IDLE,,
1786032712.994,2026-08-06 23:11:52,MANUAL,True,-7.9262326,112.5948924,231.68,0.0,0.0,IDLE,380,60
1786032713.203,2026-08-06 23:11:53,MANUAL,True,-7.9262326,112.5948927,231.67,0.0,0.0,IDLE,,
1786032713.355,2026-08-06 23:11:53,MANUAL,True,-7.9262326,112.5948927,231.67,0.0,0.0,IDLE,,
1786032713.494,2026-08-06 23:11:53,MANUAL,True,-7.9262326,112.5948927,231.67,0.0,0.0,IDLE,,
1786032713.633,2026-08-06 23:11:53,MANUAL,True,-7.9262326,112.5948927,231.67,0.0,0.0,IDLE,,
1786032713.769,2026-08-06 23:11:53,MANUAL,True,-7.9262326,112.5948928,231.68,0.0,0.0,IDLE,,
1786032713.909,2026-08-06 23:11:53,MANUAL,True,-7.9262326,112.5948929,231.66,0.0,0.0,IDLE,,
1786032714.044,2026-08-06 23:11:54,MANUAL,True,-7.9262329,112.5948932,231.66,0.0,0.0,IDLE,,
1786032714.212,2026-08-06 23:11:54,MANUAL,True,-7.9262329,112.5948933,231.67,0.0,0.0,IDLE,,
1786032714.350,2026-08-06 23:11:54,MANUAL,True,-7.926233,112.5948933,231.66,0.0,0.0,IDLE,,
1786032714.492,2026-08-06 23:11:54,MANUAL,True,-7.926233,112.5948934,231.66,0.0,0.0,IDLE,,
1786032714.659,2026-08-06 23:11:54,MANUAL,True,-7.9262331,112.5948938,231.64,0.0,0.0,IDLE,,
1786032714.796,2026-08-06 23:11:54,MANUAL,True,-7.9262332,112.5948941,231.65,0.0,0.0,IDLE,,
1786032715.060,2026-08-06 23:11:55,MANUAL,True,-7.9262339,112.5948948,231.64,0.0,0.0,IDLE,,
1786032715.321,2026-08-06 23:11:55,MANUAL,True,-7.9262344,112.5948954,231.68,0.0,0.0,IDLE,,
1786032715.466,2026-08-06 23:11:55,MANUAL,True,-7.9262347,112.5948957,231.69,0.0,0.0,IDLE,,
1786032715.607,2026-08-06 23:11:55,MANUAL,True,-7.9262349,112.5948959,231.69,0.0,0.0,IDLE,,
1786032715.755,2026-08-06 23:11:55,MANUAL,True,-7.9262353,112.5948962,231.71,0.0,0.0,IDLE,,
1786032715.895,2026-08-06 23:11:55,MANUAL,True,-7.9262354,112.5948963,231.7,0.0,0.0,IDLE,,
1786032716.066,2026-08-06 23:11:56,MANUAL,True,-7.9262358,112.5948967,231.7,0.0,0.0,IDLE,,
1786032716.272,2026-08-06 23:11:56,MANUAL,True,-7.9262362,112.5948971,231.69,0.0,0.0,IDLE,,
1786032716.442,2026-08-06 23:11:56,MANUAL,True,-7.9262367,112.5948976,231.7,0.0,0.0,IDLE,,
1786032716.631,2026-08-06 23:11:56,MANUAL,True,-7.9262369,112.5948977,231.7,0.0,0.0,IDLE,383,63
1786032716.814,2026-08-06 23:11:56,MANUAL,True,-7.9262373,112.5948981,231.72,0.0,0.0,IDLE,,
1786032717.006,2026-08-06 23:11:57,MANUAL,True,-7.9262377,112.5948986,231.72,0.0,0.0,IDLE,,
1786032717.185,2026-08-06 23:11:57,MANUAL,True,-7.926238,112.5948989,231.74,0.0,0.0,IDLE,,
1786032717.393,2026-08-06 23:11:57,MANUAL,True,-7.9262384,112.5948994,231.75,0.0,0.0,IDLE,,
1786032717.878,2026-08-06 23:11:57,MANUAL,True,-7.9262392,112.5949007,231.8,0.0,0.0,IDLE,382,62
1786032718.522,2026-08-06 23:11:58,MANUAL,True,-7.92624,112.5949023,231.8,0.0,0.0,IDLE,,
1786032718.735,2026-08-06 23:11:58,MANUAL,True,-7.9262401,112.5949026,231.81,0.0,0.0,IDLE,,
1786032718.895,2026-08-06 23:11:58,MANUAL,True,-7.9262401,112.5949027,231.8,0.0,0.0,IDLE,,
1786032719.032,2026-08-06 23:11:59,MANUAL,True,-7.9262401,112.5949029,231.79,0.0,0.0,IDLE,,
1786032719.181,2026-08-06 23:11:59,MANUAL,True,-7.9262402,112.5949031,231.8,0.0,0.0,IDLE,,
1786032719.343,2026-08-06 23:11:59,MANUAL,True,-7.9262403,112.5949035,231.82,0.0,0.0,IDLE,,
1786032719.539,2026-08-06 23:11:59,MANUAL,True,-7.9262405,112.594904,231.83,0.0,0.0,IDLE,,
1786032719.961,2026-08-06 23:11:59,MANUAL,True,-7.926241,112.5949053,231.83,0.0,0.0,IDLE,,
1786032720.102,2026-08-06 23:12:00,MANUAL,True,-7.9262411,112.5949056,231.84,0.0,0.0,IDLE,,
1786032720.283,2026-08-06 23:12:00,MANUAL,True,-7.9262411,112.5949058,231.85,0.0,0.0,IDLE,,
1786032720.444,2026-08-06 23:12:00,MANUAL,True,-7.9262411,112.594906,231.85,0.0,0.0,IDLE,,
1786032720.596,2026-08-06 23:12:00,MANUAL,True,-7.9262411,112.5949062,231.87,0.0,0.0,IDLE,,
1786032720.825,2026-08-06 23:12:00,MANUAL,True,-7.9262411,112.5949064,231.88,0.0,0.0,IDLE,,
1786032721.115,2026-08-06 23:12:01,MANUAL,True,-7.9262411,112.5949068,231.9,0.0,0.0,IDLE,,
1786032721.358,2026-08-06 23:12:01,MANUAL,True,-7.9262412,112.5949072,231.92,0.0,0.0,IDLE,,
1786032721.530,2026-08-06 23:12:01,MANUAL,True,-7.9262412,112.5949073,231.93,0.0,0.0,IDLE,,
1786032721.783,2026-08-06 23:12:01,MANUAL,True,-7.9262415,112.5949076,231.97,0.0,0.0,IDLE,,
1786032722.053,2026-08-06 23:12:02,MANUAL,True,-7.9262417,112.5949078,231.98,0.0,0.0,IDLE,,
1786032722.255,2026-08-06 23:12:02,MANUAL,True,-7.9262418,112.594908,231.99,0.0,0.0,IDLE,,
1786032722.495,2026-08-06 23:12:02,MANUAL,True,-7.9262419,112.5949079,231.96,0.0,0.0,IDLE,,
1786032722.807,2026-08-06 23:12:02,MANUAL,True,-7.9262421,112.5949077,231.98,0.0,0.0,IDLE,,
1786032722.981,2026-08-06 23:12:02,MANUAL,True,-7.9262422,112.5949077,232.0,0.0,0.0,IDLE,,
1786032723.189,2026-08-06 23:12:03,MANUAL,True,-7.9262422,112.5949076,232.01,0.0,0.0,IDLE,,
1786032723.354,2026-08-06 23:12:03,MANUAL,True,-7.9262421,112.5949075,232.02,0.0,0.0,IDLE,,
1786032723.488,2026-08-06 23:12:03,MANUAL,True,-7.9262421,112.5949075,232.03,0.0,0.0,IDLE,,
1786032723.634,2026-08-06 23:12:03,MANUAL,True,-7.9262421,112.5949074,232.04,0.0,0.0,IDLE,,
1786032723.772,2026-08-06 23:12:03,MANUAL,True,-7.926242,112.5949073,232.05,0.0,0.0,IDLE,,
1786032723.904,2026-08-06 23:12:03,MANUAL,True,-7.9262418,112.5949073,232.06,0.0,0.0,IDLE,,
1786032724.036,2026-08-06 23:12:04,MANUAL,True,-7.9262416,112.5949071,232.08,0.0,0.0,IDLE,,
1786032724.178,2026-08-06 23:12:04,MANUAL,True,-7.9262415,112.594907,232.08,0.0,0.0,IDLE,,
1786032724.304,2026-08-06 23:12:04,MANUAL,True,-7.9262414,112.594907,232.08,0.0,0.0,IDLE,,
1786032724.430,2026-08-06 23:12:04,MANUAL,True,-7.9262414,112.5949069,232.09,0.0,0.0,IDLE,,
1786032724.664,2026-08-06 23:12:04,MANUAL,True,-7.9262412,112.5949066,232.12,0.0,0.0,IDLE,,
1786032724.897,2026-08-06 23:12:04,MANUAL,True,-7.9262411,112.5949063,232.14,0.0,0.0,IDLE,,
1786032725.028,2026-08-06 23:12:05,MANUAL,True,-7.926241,112.594906,232.16,0.0,0.0,IDLE,,
1786032725.161,2026-08-06 23:12:05,MANUAL,True,-7.9262409,112.5949058,232.17,0.0,0.0,IDLE,,
1786032725.294,2026-08-06 23:12:05,MANUAL,True,-7.9262408,112.5949056,232.17,0.0,0.0,IDLE,,
1786032725.430,2026-08-06 23:12:05,MANUAL,True,-7.9262407,112.5949054,232.17,0.0,0.0,IDLE,,
1786032725.579,2026-08-06 23:12:05,MANUAL,True,-7.9262404,112.5949051,232.17,0.0,0.0,IDLE,,
1786032725.709,2026-08-06 23:12:05,MANUAL,True,-7.9262403,112.5949048,232.17,0.0,0.0,IDLE,,
1786032725.858,2026-08-06 23:12:05,MANUAL,True,-7.92624,112.5949045,232.18,0.0,0.0,IDLE,,
1786032725.988,2026-08-06 23:12:05,MANUAL,True,-7.9262398,112.5949043,232.19,0.0,0.0,IDLE,,
1786032726.119,2026-08-06 23:12:06,MANUAL,True,-7.9262397,112.5949041,232.19,0.0,0.0,IDLE,,
1786032726.255,2026-08-06 23:12:06,MANUAL,True,-7.9262394,112.5949038,232.2,0.0,0.0,IDLE,,
1786032726.389,2026-08-06 23:12:06,MANUAL,True,-7.9262392,112.5949035,232.2,0.0,0.0,IDLE,,
1786032726.524,2026-08-06 23:12:06,MANUAL,True,-7.926239,112.5949033,232.21,0.0,0.0,IDLE,,
1786032726.651,2026-08-06 23:12:06,MANUAL,True,-7.9262388,112.594903,232.2,0.0,0.0,IDLE,,
1786032726.786,2026-08-06 23:12:06,MANUAL,True,-7.9262385,112.5949026,232.23,0.0,0.0,IDLE,,
1786032726.920,2026-08-06 23:12:06,MANUAL,True,-7.9262383,112.5949023,232.24,0.0,0.0,IDLE,,
1786032727.061,2026-08-06 23:12:07,MANUAL,True,-7.9262379,112.5949019,232.24,0.0,0.0,IDLE,,
1786032727.196,2026-08-06 23:12:07,MANUAL,True,-7.9262378,112.5949017,232.25,0.0,0.0,IDLE,,
1786032727.327,2026-08-06 23:12:07,MANUAL,True,-7.9262376,112.5949016,232.24,0.0,0.0,IDLE,,
1786032727.465,2026-08-06 23:12:07,MANUAL,True,-7.9262373,112.5949012,232.24,0.0,0.0,IDLE,,
1786032727.602,2026-08-06 23:12:07,MANUAL,True,-7.9262372,112.5949011,232.26,0.0,0.0,IDLE,,
1786032727.736,2026-08-06 23:12:07,MANUAL,True,-7.9262371,112.5949009,232.25,0.0,0.0,IDLE,,
1786032727.875,2026-08-06 23:12:07,MANUAL,True,-7.9262369,112.5949006,232.26,0.0,0.0,IDLE,,
1786032728.031,2026-08-06 23:12:08,MANUAL,True,-7.9262367,112.5949005,232.26,0.0,0.0,IDLE,,
1786032728.177,2026-08-06 23:12:08,MANUAL,True,-7.9262364,112.5949004,232.27,0.0,0.0,IDLE,,
1786032728.427,2026-08-06 23:12:08,MANUAL,True,-7.9262362,112.5949003,232.25,0.0,0.0,IDLE,,
1786032728.564,2026-08-06 23:12:08,MANUAL,True,-7.926236,112.5949001,232.26,0.0,0.0,IDLE,,
1786032728.693,2026-08-06 23:12:08,MANUAL,True,-7.9262358,112.5949,232.26,0.0,0.0,IDLE,,
1786032728.827,2026-08-06 23:12:08,MANUAL,True,-7.9262357,112.5948999,232.27,0.0,0.0,IDLE,,
1786032728.960,2026-08-06 23:12:08,MANUAL,True,-7.9262355,112.5948996,232.28,0.0,0.0,IDLE,,
1786032729.103,2026-08-06 23:12:09,MANUAL,True,-7.9262354,112.5948994,232.29,0.0,0.0,IDLE,,
1786032729.402,2026-08-06 23:12:09,MANUAL,True,-7.9262353,112.5948989,232.32,0.0,0.0,IDLE,,
1786032729.557,2026-08-06 23:12:09,MANUAL,True,-7.9262353,112.5948987,232.35,0.0,0.0,IDLE,,
1786032729.696,2026-08-06 23:12:09,MANUAL,True,-7.9262353,112.5948986,232.37,0.0,0.0,IDLE,,
1786032729.832,2026-08-06 23:12:09,MANUAL,True,-7.9262353,112.5948987,232.38,0.0,0.0,IDLE,,
1786032729.962,2026-08-06 23:12:09,MANUAL,True,-7.9262352,112.5948985,232.39,0.0,0.0,IDLE,,
1786032730.100,2026-08-06 23:12:10,MANUAL,True,-7.9262351,112.5948983,232.4,0.0,0.0,IDLE,,
1786032730.288,2026-08-06 23:12:10,MANUAL,True,-7.926235,112.5948978,232.4,0.0,0.0,IDLE,,
1786032730.466,2026-08-06 23:12:10,MANUAL,True,-7.926235,112.5948975,232.38,0.0,0.0,IDLE,,
1786032730.642,2026-08-06 23:12:10,MANUAL,True,-7.9262349,112.5948971,232.38,0.0,0.0,IDLE,,
1786032730.774,2026-08-06 23:12:10,MANUAL,True,-7.9262348,112.5948969,232.38,0.0,0.0,IDLE,,
1786032730.921,2026-08-06 23:12:10,MANUAL,True,-7.9262347,112.5948967,232.38,0.0,0.0,IDLE,,
1786032731.086,2026-08-06 23:12:11,MANUAL,True,-7.9262347,112.5948961,232.38,0.0,0.0,IDLE,,
1786032731.373,2026-08-06 23:12:11,MANUAL,True,-7.9262344,112.5948953,232.37,0.0,0.0,IDLE,,
1786032731.544,2026-08-06 23:12:11,MANUAL,True,-7.9262345,112.594895,232.38,0.0,0.0,IDLE,,
1786032731.950,2026-08-06 23:12:11,MANUAL,True,-7.9262347,112.5948952,232.38,0.0,0.0,IDLE,,
1786032732.133,2026-08-06 23:12:12,MANUAL,True,-7.9262347,112.5948954,232.38,0.0,0.0,IDLE,,
1786032732.276,2026-08-06 23:12:12,MANUAL,True,-7.9262349,112.5948959,232.39,0.0,0.0,IDLE,,
1786032732.414,2026-08-06 23:12:12,MANUAL,True,-7.926235,112.5948963,232.41,0.0,0.0,IDLE,,
1786032732.544,2026-08-06 23:12:12,MANUAL,True,-7.9262352,112.5948973,232.42,0.0,0.0,IDLE,,
1786032732.677,2026-08-06 23:12:12,MANUAL,True,-7.9262352,112.5948973,232.42,0.0,0.0,IDLE,,
1786032732.807,2026-08-06 23:12:12,MANUAL,True,-7.9262355,112.5948983,232.4,0.0,0.0,IDLE,,
1786032732.943,2026-08-06 23:12:12,MANUAL,True,-7.9262358,112.5948994,232.4,0.0,0.0,IDLE,,
1786032733.077,2026-08-06 23:12:13,MANUAL,True,-7.9262359,112.5948999,232.39,0.0,0.0,IDLE,,
1786032733.234,2026-08-06 23:12:13,MANUAL,True,-7.9262359,112.5949003,232.39,0.0,0.0,IDLE,,
1786032733.368,2026-08-06 23:12:13,MANUAL,True,-7.9262362,112.5949014,232.38,0.0,0.0,IDLE,,
1786032733.503,2026-08-06 23:12:13,MANUAL,True,-7.9262364,112.5949019,232.37,0.0,0.0,IDLE,,
1786032733.639,2026-08-06 23:12:13,MANUAL,True,-7.9262365,112.5949023,232.38,0.0,0.0,IDLE,,
1786032733.775,2026-08-06 23:12:13,MANUAL,True,-7.9262366,112.5949029,232.39,0.0,0.0,IDLE,,
1786032733.914,2026-08-06 23:12:13,MANUAL,True,-7.9262367,112.5949031,232.41,0.0,0.0,IDLE,,
1786032734.049,2026-08-06 23:12:14,MANUAL,True,-7.9262368,112.594903,232.42,0.0,0.0,IDLE,,
1786032734.188,2026-08-06 23:12:14,MANUAL,True,-7.9262368,112.594903,232.43,0.0,0.0,IDLE,,
1786032734.349,2026-08-06 23:12:14,MANUAL,True,-7.9262369,112.594903,232.43,0.0,0.0,IDLE,,
1786032734.533,2026-08-06 23:12:14,MANUAL,True,-7.9262369,112.5949031,232.43,0.0,0.0,IDLE,,
1786032734.669,2026-08-06 23:12:14,MANUAL,True,-7.9262371,112.594903,232.47,0.0,0.0,IDLE,,
1786032734.813,2026-08-06 23:12:14,MANUAL,True,-7.9262372,112.5949031,232.47,0.0,0.0,IDLE,,
1786032735.097,2026-08-06 23:12:15,MANUAL,True,-7.9262376,112.5949041,232.48,0.0,0.0,IDLE,,
1786032735.331,2026-08-06 23:12:15,MANUAL,True,-7.9262378,112.5949047,232.48,0.0,0.0,IDLE,,
1786032735.470,2026-08-06 23:12:15,MANUAL,True,-7.9262381,112.5949055,232.48,0.0,0.0,IDLE,,
1786032735.609,2026-08-06 23:12:15,MANUAL,True,-7.9262383,112.594906,232.49,0.0,0.0,IDLE,,
1786032735.747,2026-08-06 23:12:15,MANUAL,True,-7.9262387,112.5949068,232.48,0.0,0.0,IDLE,,
1786032735.887,2026-08-06 23:12:15,MANUAL,True,-7.9262388,112.5949071,232.51,0.0,0.0,IDLE,,
1786032736.070,2026-08-06 23:12:16,MANUAL,True,-7.9262391,112.5949076,232.52,0.0,0.0,IDLE,,
1786032736.210,2026-08-06 23:12:16,MANUAL,True,-7.9262392,112.5949077,232.53,0.0,0.0,IDLE,,
1786032736.348,2026-08-06 23:12:16,MANUAL,True,-7.9262394,112.5949078,232.53,0.0,0.0,IDLE,,
1786032736.500,2026-08-06 23:12:16,MANUAL,True,-7.9262394,112.5949078,232.53,0.0,0.0,IDLE,,
1786032736.644,2026-08-06 23:12:16,MANUAL,True,-7.9262394,112.5949076,232.54,0.0,0.0,IDLE,,
1786032736.792,2026-08-06 23:12:16,MANUAL,True,-7.9262393,112.5949073,232.56,0.0,0.0,IDLE,,
1786032736.936,2026-08-06 23:12:16,MANUAL,True,-7.9262393,112.5949071,232.57,0.0,0.0,IDLE,,
1786032737.135,2026-08-06 23:12:17,MANUAL,True,-7.9262392,112.5949065,232.56,0.0,0.0,IDLE,,
1786032737.269,2026-08-06 23:12:17,MANUAL,True,-7.9262391,112.5949056,232.56,0.0,0.0,IDLE,,
1786032737.406,2026-08-06 23:12:17,MANUAL,True,-7.926239,112.5949051,232.58,0.0,0.0,IDLE,,
1786032737.540,2026-08-06 23:12:17,MANUAL,True,-7.9262388,112.5949041,232.58,0.0,0.0,IDLE,,
1786032737.671,2026-08-06 23:12:17,MANUAL,True,-7.9262387,112.5949035,232.59,0.0,0.0,IDLE,,
1786032737.802,2026-08-06 23:12:17,MANUAL,True,-7.9262386,112.5949032,232.59,0.0,0.0,IDLE,,
1786032737.957,2026-08-06 23:12:17,MANUAL,True,-7.9262384,112.5949025,232.58,0.0,0.0,IDLE,,
1786032738.092,2026-08-06 23:12:18,MANUAL,True,-7.9262383,112.5949022,232.57,0.0,0.0,IDLE,,
1786032738.223,2026-08-06 23:12:18,MANUAL,True,-7.9262382,112.5949021,232.58,0.0,0.0,IDLE,,
1786032738.366,2026-08-06 23:12:18,MANUAL,True,-7.9262381,112.5949016,232.6,0.0,0.0,IDLE,,
1786032738.508,2026-08-06 23:12:18,MANUAL,True,-7.926238,112.5949014,232.62,0.0,0.0,IDLE,,
1786032738.657,2026-08-06 23:12:18,MANUAL,True,-7.9262379,112.5949011,232.63,0.0,0.0,IDLE,,
1786032738.798,2026-08-06 23:12:18,MANUAL,True,-7.9262378,112.5949005,232.62,0.0,0.0,IDLE,,
1786032738.972,2026-08-06 23:12:18,MANUAL,True,-7.9262375,112.5948998,232.64,0.0,0.0,IDLE,,
1786032739.159,2026-08-06 23:12:19,MANUAL,True,-7.9262374,112.5948994,232.64,0.0,0.0,IDLE,,
1786032739.349,2026-08-06 23:12:19,MANUAL,True,-7.9262371,112.5948989,232.66,0.0,0.0,IDLE,,
1786032739.528,2026-08-06 23:12:19,MANUAL,True,-7.9262369,112.5948986,232.67,0.0,0.0,IDLE,,
1786032739.721,2026-08-06 23:12:19,MANUAL,True,-7.9262366,112.5948976,232.68,0.0,0.0,IDLE,,
1786032740.070,2026-08-06 23:12:20,MANUAL,True,-7.9262358,112.5948952,232.68,0.0,0.0,IDLE,,
1786032740.318,2026-08-06 23:12:20,MANUAL,True,-7.9262354,112.5948943,232.7,0.0,0.0,IDLE,,
1786032740.450,2026-08-06 23:12:20,MANUAL,True,-7.9262351,112.5948939,232.68,0.0,0.0,IDLE,,
1786032740.590,2026-08-06 23:12:20,MANUAL,True,-7.926235,112.5948937,232.71,0.0,0.0,IDLE,,
1786032740.741,2026-08-06 23:12:20,MANUAL,True,-7.9262348,112.5948934,232.71,0.0,0.0,IDLE,,
1786032740.878,2026-08-06 23:12:20,MANUAL,True,-7.9262346,112.5948933,232.71,0.0,0.0,IDLE,,
1786032741.030,2026-08-06 23:12:21,MANUAL,True,-7.9262346,112.5948931,232.71,0.0,0.0,IDLE,,
1786032741.197,2026-08-06 23:12:21,MANUAL,True,-7.9262344,112.5948927,232.73,0.0,0.0,IDLE,,
1786032741.340,2026-08-06 23:12:21,MANUAL,True,-7.9262342,112.5948919,232.75,0.0,0.0,IDLE,,
1786032741.479,2026-08-06 23:12:21,MANUAL,True,-7.9262342,112.5948915,232.75,0.0,0.0,IDLE,,
1786032741.620,2026-08-06 23:12:21,MANUAL,True,-7.9262341,112.5948908,232.76,0.0,0.0,IDLE,,
1786032741.758,2026-08-06 23:12:21,MANUAL,True,-7.9262338,112.5948894,232.8,0.0,0.0,IDLE,,
1786032741.909,2026-08-06 23:12:21,MANUAL,True,-7.9262337,112.5948888,232.79,0.0,0.0,IDLE,,
1786032742.052,2026-08-06 23:12:22,MANUAL,True,-7.9262335,112.5948875,232.8,0.0,0.0,IDLE,,
1786032742.187,2026-08-06 23:12:22,MANUAL,True,-7.9262334,112.5948868,232.81,0.0,0.0,IDLE,,
1786032742.336,2026-08-06 23:12:22,MANUAL,True,-7.9262333,112.594886,232.83,0.0,0.0,IDLE,,
1786032742.470,2026-08-06 23:12:22,MANUAL,True,-7.9262331,112.5948847,232.83,0.0,0.0,IDLE,,
1786032742.610,2026-08-06 23:12:22,MANUAL,True,-7.926233,112.5948842,232.83,0.0,0.0,IDLE,,
1786032742.747,2026-08-06 23:12:22,MANUAL,True,-7.9262329,112.594883,232.84,0.0,0.0,IDLE,,
1786032742.881,2026-08-06 23:12:22,MANUAL,True,-7.9262328,112.5948825,232.85,0.0,0.0,IDLE,,
1786032743.020,2026-08-06 23:12:23,MANUAL,True,-7.9262327,112.594882,232.87,0.0,0.0,IDLE,,
1786032743.153,2026-08-06 23:12:23,MANUAL,True,-7.9262325,112.5948811,232.87,0.0,0.0,IDLE,,
1786032743.291,2026-08-06 23:12:23,MANUAL,True,-7.9262324,112.5948807,232.86,0.0,0.0,IDLE,,
1786032743.445,2026-08-06 23:12:23,MANUAL,True,-7.9262323,112.5948798,232.85,0.0,0.0,IDLE,,
1786032743.709,2026-08-06 23:12:23,MANUAL,True,-7.9262322,112.5948788,232.86,0.0,0.0,IDLE,,
1786032743.881,2026-08-06 23:12:23,MANUAL,True,-7.9262322,112.5948786,232.85,0.0,0.0,IDLE,,
1786032744.015,2026-08-06 23:12:24,MANUAL,True,-7.9262322,112.5948786,232.86,0.0,0.0,IDLE,,
1786032744.228,2026-08-06 23:12:24,MANUAL,True,-7.9262322,112.5948784,232.87,0.0,0.0,IDLE,,
1786032744.441,2026-08-06 23:12:24,MANUAL,True,-7.9262324,112.5948781,232.88,0.0,0.0,IDLE,,
1786032744.629,2026-08-06 23:12:24,MANUAL,True,-7.9262325,112.5948779,232.89,0.0,0.0,IDLE,,
1786032744.884,2026-08-06 23:12:24,MANUAL,True,-7.9262326,112.5948771,232.9,0.0,0.0,IDLE,,
1786032745.097,2026-08-06 23:12:25,MANUAL,True,-7.9262327,112.5948766,232.92,0.0,0.0,IDLE,,
1786032745.258,2026-08-06 23:12:25,MANUAL,True,-7.9262329,112.594876,232.92,0.0,0.0,IDLE,,
1786032745.397,2026-08-06 23:12:25,MANUAL,True,-7.9262329,112.594876,232.93,0.0,0.0,IDLE,,
1786032745.573,2026-08-06 23:12:25,MANUAL,True,-7.926233,112.5948763,232.92,0.0,0.0,IDLE,,
1786032745.723,2026-08-06 23:12:25,MANUAL,True,-7.9262331,112.5948765,232.91,0.0,0.0,IDLE,,
1786032745.916,2026-08-06 23:12:25,MANUAL,True,-7.9262333,112.5948772,232.91,0.0,0.0,IDLE,,
1786032746.127,2026-08-06 23:12:26,MANUAL,True,-7.9262335,112.5948782,232.92,0.0,0.0,IDLE,,
1786032746.362,2026-08-06 23:12:26,MANUAL,True,-7.9262337,112.5948794,232.92,0.0,0.0,IDLE,,
1786032746.749,2026-08-06 23:12:26,MANUAL,True,-7.9262339,112.5948803,232.94,0.0,0.0,IDLE,,
1786032746.962,2026-08-06 23:12:26,MANUAL,True,-7.9262339,112.5948805,232.95,0.0,0.0,IDLE,,
1786032747.102,2026-08-06 23:12:27,MANUAL,True,-7.9262339,112.5948805,232.96,0.0,0.0,IDLE,,
1786032747.239,2026-08-06 23:12:27,MANUAL,True,-7.9262338,112.5948798,232.97,0.0,0.0,IDLE,,
1786032747.431,2026-08-06 23:12:27,MANUAL,True,-7.9262337,112.5948794,232.97,0.0,0.0,IDLE,,
1786032747.632,2026-08-06 23:12:27,MANUAL,True,-7.9262337,112.5948786,232.98,0.0,0.0,IDLE,,
1786032747.776,2026-08-06 23:12:27,MANUAL,True,-7.9262335,112.594878,232.99,0.0,0.0,IDLE,,
1786032747.937,2026-08-06 23:12:27,MANUAL,True,-7.9262335,112.5948778,232.99,0.0,0.0,IDLE,,
1786032748.129,2026-08-06 23:12:28,MANUAL,True,-7.9262331,112.5948774,233.0,0.0,0.0,IDLE,,
1786032748.323,2026-08-06 23:12:28,MANUAL,True,-7.926233,112.5948763,233.0,0.0,0.0,IDLE,,
1786032748.519,2026-08-06 23:12:28,MANUAL,True,-7.9262327,112.5948746,233.01,0.0,0.0,IDLE,,
1786032748.722,2026-08-06 23:12:28,MANUAL,True,-7.9262324,112.5948728,233.01,0.0,0.0,IDLE,,
1786032748.922,2026-08-06 23:12:28,MANUAL,True,-7.9262321,112.5948708,233.02,0.0,0.0,IDLE,,
1786032749.097,2026-08-06 23:12:29,MANUAL,True,-7.9262316,112.594869,233.02,0.0,0.0,IDLE,,
1786032749.246,2026-08-06 23:12:29,MANUAL,True,-7.9262312,112.5948672,233.01,0.0,0.0,IDLE,,
1786032749.439,2026-08-06 23:12:29,MANUAL,True,-7.9262308,112.5948653,233.03,0.0,0.0,IDLE,,
1786032749.625,2026-08-06 23:12:29,MANUAL,True,-7.9262307,112.5948647,233.05,0.0,0.0,IDLE,,
1786032750.069,2026-08-06 23:12:30,MANUAL,True,-7.9262299,112.5948615,233.04,0.0,0.0,IDLE,,
1786032750.258,2026-08-06 23:12:30,MANUAL,True,-7.9262296,112.5948609,233.05,0.0,0.0,IDLE,,
1786032750.436,2026-08-06 23:12:30,MANUAL,True,-7.9262295,112.5948603,233.07,0.0,0.0,IDLE,,
1786032750.568,2026-08-06 23:12:30,MANUAL,True,-7.9262292,112.5948589,233.09,0.0,0.0,IDLE,,
1786032750.705,2026-08-06 23:12:30,MANUAL,True,-7.926229,112.5948578,233.1,0.0,0.0,IDLE,,
1786032750.835,2026-08-06 23:12:30,MANUAL,True,-7.9262289,112.5948571,233.11,0.0,0.0,IDLE,,
1786032750.969,2026-08-06 23:12:30,MANUAL,True,-7.9262285,112.5948553,233.12,0.0,0.0,IDLE,,
1786032751.120,2026-08-06 23:12:31,MANUAL,True,-7.9262284,112.5948546,233.12,0.0,0.0,IDLE,,
1786032751.289,2026-08-06 23:12:31,MANUAL,True,-7.9262281,112.594853,233.11,0.0,0.0,IDLE,,
1786032751.427,2026-08-06 23:12:31,MANUAL,True,-7.9262279,112.5948521,233.11,0.0,0.0,IDLE,,
1786032751.599,2026-08-06 23:12:31,MANUAL,True,-7.9262275,112.5948501,233.12,0.0,0.0,IDLE,,
1786032751.745,2026-08-06 23:12:31,MANUAL,True,-7.9262271,112.5948479,233.12,0.0,0.0,IDLE,,
1786032751.890,2026-08-06 23:12:31,MANUAL,True,-7.9262268,112.5948467,233.13,0.0,0.0,IDLE,,
1786032752.049,2026-08-06 23:12:32,MANUAL,True,-7.9262263,112.5948446,233.16,0.0,0.0,IDLE,,
1786032752.232,2026-08-06 23:12:32,MANUAL,True,-7.9262261,112.5948437,233.15,0.0,0.0,IDLE,,
1786032752.462,2026-08-06 23:12:32,MANUAL,True,-7.9262256,112.5948417,233.15,0.0,0.0,IDLE,,
1786032752.633,2026-08-06 23:12:32,MANUAL,True,-7.9262254,112.5948409,233.14,0.0,0.0,IDLE,,
1786032752.799,2026-08-06 23:12:32,MANUAL,True,-7.9262251,112.5948395,233.13,0.0,0.0,IDLE,,
1786032752.931,2026-08-06 23:12:32,MANUAL,True,-7.9262249,112.5948389,233.13,0.0,0.0,IDLE,,
1786032753.127,2026-08-06 23:12:33,MANUAL,True,-7.9262246,112.5948373,233.14,0.0,0.0,IDLE,,
1786032753.291,2026-08-06 23:12:33,MANUAL,True,-7.9262243,112.5948355,233.15,0.0,0.0,IDLE,,
1786032753.494,2026-08-06 23:12:33,MANUAL,True,-7.9262239,112.5948341,233.17,0.0,0.0,IDLE,,
1786032753.763,2026-08-06 23:12:33,MANUAL,True,-7.9262233,112.5948324,233.15,0.0,0.0,IDLE,,
1786032753.908,2026-08-06 23:12:33,MANUAL,True,-7.9262232,112.5948319,233.16,0.0,0.0,IDLE,,
1786032754.060,2026-08-06 23:12:34,MANUAL,True,-7.9262228,112.5948307,233.15,0.0,0.0,IDLE,,
1786032754.204,2026-08-06 23:12:34,MANUAL,True,-7.9262227,112.5948301,233.14,0.0,0.0,IDLE,,
1786032754.565,2026-08-06 23:12:34,MANUAL,True,-7.9262221,112.5948269,233.18,0.0,0.0,IDLE,,
1786032754.714,2026-08-06 23:12:34,MANUAL,True,-7.9262219,112.594826,233.17,0.0,0.0,IDLE,,
1786032754.857,2026-08-06 23:12:34,MANUAL,True,-7.9262217,112.5948244,233.17,0.0,0.0,IDLE,,
1786032755.004,2026-08-06 23:12:35,MANUAL,True,-7.9262215,112.5948236,233.18,0.0,0.0,IDLE,,
1786032755.152,2026-08-06 23:12:35,MANUAL,True,-7.9262212,112.5948221,233.18,0.0,0.0,IDLE,,
1786032755.294,2026-08-06 23:12:35,MANUAL,True,-7.926221,112.5948213,233.19,0.0,0.0,IDLE,,
1786032755.458,2026-08-06 23:12:35,MANUAL,True,-7.9262207,112.5948198,233.2,0.0,0.0,IDLE,,
1786032755.666,2026-08-06 23:12:35,MANUAL,True,-7.9262203,112.5948179,233.22,0.0,0.0,IDLE,,
1786032755.798,2026-08-06 23:12:35,MANUAL,True,-7.9262201,112.5948171,233.23,0.0,0.0,IDLE,,
1786032755.931,2026-08-06 23:12:35,MANUAL,True,-7.9262199,112.5948163,233.24,0.0,0.0,IDLE,,
1786032756.072,2026-08-06 23:12:36,MANUAL,True,-7.9262196,112.5948148,233.26,0.0,0.0,IDLE,,
1786032756.201,2026-08-06 23:12:36,MANUAL,True,-7.9262194,112.594814,233.26,0.0,0.0,IDLE,,
1786032756.345,2026-08-06 23:12:36,MANUAL,True,-7.926219,112.5948126,233.26,0.0,0.0,IDLE,,
1786032756.477,2026-08-06 23:12:36,MANUAL,True,-7.9262188,112.594812,233.26,0.0,0.0,IDLE,,
1786032756.625,2026-08-06 23:12:36,MANUAL,True,-7.9262187,112.5948115,233.27,0.0,0.0,IDLE,,
1786032756.765,2026-08-06 23:12:36,MANUAL,True,-7.9262184,112.5948108,233.28,0.0,0.0,IDLE,,
1786032756.907,2026-08-06 23:12:36,MANUAL,True,-7.9262182,112.5948105,233.27,0.0,0.0,IDLE,,
1786032757.057,2026-08-06 23:12:37,MANUAL,True,-7.926218,112.5948096,233.28,0.0,0.0,IDLE,,
1786032757.227,2026-08-06 23:12:37,MANUAL,True,-7.9262179,112.5948091,233.28,0.0,0.0,IDLE,,
1786032757.364,2026-08-06 23:12:37,MANUAL,True,-7.9262178,112.5948081,233.29,0.0,0.0,IDLE,,
1786032757.522,2026-08-06 23:12:37,MANUAL,True,-7.9262177,112.5948076,233.29,0.0,0.0,IDLE,,
1786032757.686,2026-08-06 23:12:37,MANUAL,True,-7.9262178,112.5948071,233.32,0.0,0.0,IDLE,,
1786032757.825,2026-08-06 23:12:37,MANUAL,True,-7.9262178,112.5948067,233.33,0.0,0.0,IDLE,,
1786032757.956,2026-08-06 23:12:37,MANUAL,True,-7.9262177,112.5948056,233.31,0.0,0.0,IDLE,,
1786032758.141,2026-08-06 23:12:38,MANUAL,True,-7.9262176,112.5948044,233.33,0.0,0.0,IDLE,,
1786032758.602,2026-08-06 23:12:38,MANUAL,True,-7.9262173,112.5948027,233.33,0.0,0.0,IDLE,,
1786032758.764,2026-08-06 23:12:38,MANUAL,True,-7.9262171,112.594802,233.33,0.0,0.0,IDLE,,
1786032758.918,2026-08-06 23:12:38,MANUAL,True,-7.9262171,112.5948015,233.34,0.0,0.0,IDLE,,
1786032759.064,2026-08-06 23:12:39,MANUAL,True,-7.9262169,112.5948005,233.35,0.0,0.0,IDLE,,
1786032759.215,2026-08-06 23:12:39,MANUAL,True,-7.9262168,112.5948001,233.36,0.0,0.0,IDLE,,
1786032759.458,2026-08-06 23:12:39,MANUAL,True,-7.9262165,112.5947991,233.37,0.0,0.0,IDLE,,
1786032759.719,2026-08-06 23:12:39,MANUAL,True,-7.9262164,112.5947988,233.4,0.0,0.0,IDLE,,
1786032760.042,2026-08-06 23:12:40,MANUAL,True,-7.9262166,112.5947986,233.43,0.0,0.0,IDLE,,
1786032760.210,2026-08-06 23:12:40,MANUAL,True,-7.9262166,112.5947986,233.43,0.0,0.0,IDLE,,
1786032760.370,2026-08-06 23:12:40,MANUAL,True,-7.9262168,112.594799,233.43,0.0,0.0,IDLE,,
1786032760.531,2026-08-06 23:12:40,MANUAL,True,-7.9262168,112.5947992,233.42,0.0,0.0,IDLE,,
1786032760.665,2026-08-06 23:12:40,MANUAL,True,-7.9262169,112.5947991,233.41,0.0,0.0,IDLE,,
1786032760.832,2026-08-06 23:12:40,MANUAL,True,-7.926217,112.594799,233.42,0.0,0.0,IDLE,,
1786032760.966,2026-08-06 23:12:40,MANUAL,True,-7.9262172,112.5947988,233.42,0.0,0.0,IDLE,,
1786032761.115,2026-08-06 23:12:41,MANUAL,True,-7.9262173,112.5947989,233.43,0.0,0.0,IDLE,,
