timestamp,iso_time,mode,armed,lat,lng,heading,sog_knots,battery_v,state,gate_x,error_px
1786036085.131,2026-08-07 00:08:05,MANUAL,False,-7.9262088,112.5948946,233.67,0.0,0.0,IDLE,,
1786036085.291,2026-08-07 00:08:05,MANUAL,False,-7.9262085,112.5948943,233.67,0.0,0.0,IDLE,,
1786036085.463,2026-08-07 00:08:05,MANUAL,False,-7.9262082,112.5948938,233.67,0.0,0.0,IDLE,,
1786036085.636,2026-08-07 00:08:05,MANUAL,False,-7.9262078,112.5948933,233.69,0.0,0.0,IDLE,,
1786036085.773,2026-08-07 00:08:05,MANUAL,False,-7.9262076,112.594893,233.7,0.0,0.0,IDLE,,
1786036085.920,2026-08-07 00:08:05,MANUAL,False,-7.9262072,112.5948924,233.71,0.0,0.0,IDLE,487,167
1786036086.040,2026-08-07 00:08:06,MANUAL,False,-7.9262071,112.5948922,233.73,0.0,0.0,IDLE,,
1786036086.156,2026-08-07 00:08:06,MANUAL,False,-7.9262069,112.594892,233.74,0.0,0.0,IDLE,283,-37
1786036086.278,2026-08-07 00:08:06,MANUAL,False,-7.9262068,112.5948919,233.75,0.0,0.0,IDLE,283,-37
1786036086.396,2026-08-07 00:08:06,MANUAL,False,-7.9262067,112.5948919,233.76,0.0,0.0,IDLE,,
1786036086.516,2026-08-07 00:08:06,MANUAL,False,-7.9262067,112.5948919,233.76,0.0,0.0,IDLE,284,-36
1786036086.649,2026-08-07 00:08:06,MANUAL,False,-7.9262065,112.594892,233.76,0.0,0.0,IDLE,,
1786036086.766,2026-08-07 00:08:06,MANUAL,False,-7.9262065,112.5948921,233.76,0.0,0.0,IDLE,236,-84
1786036086.885,2026-08-07 00:08:06,MANUAL,False,-7.9262065,112.5948921,233.75,0.0,0.0,IDLE,291,-29
1786036087.027,2026-08-07 00:08:07,MANUAL,False,-7.9262063,112.5948922,233.75,0.0,0.0,IDLE,288,-32
1786036087.145,2026-08-07 00:08:07,MANUAL,False,-7.9262062,112.5948922,233.76,0.0,0.0,IDLE,279,-41
1786036087.263,2026-08-07 00:08:07,MANUAL,False,-7.9262061,112.5948923,233.77,0.0,0.0,IDLE,274,-46
1786036087.383,2026-08-07 00:08:07,MANUAL,False,-7.926206,112.5948924,233.77,0.0,0.0,IDLE,271,-49
1786036087.512,2026-08-07 00:08:07,MANUAL,False,-7.9262058,112.5948927,233.76,0.0,0.0,IDLE,372,52
1786036087.634,2026-08-07 00:08:07,MANUAL,False,-7.9262058,112.5948929,233.74,0.0,0.0,IDLE,345,25
1786036087.754,2026-08-07 00:08:07,MANUAL,False,-7.9262057,112.594893,233.74,0.0,0.0,IDLE,330,10
1786036087.868,2026-08-07 00:08:07,MANUAL,False,-7.9262057,112.5948931,233.73,0.0,0.0,IDLE,322,2
1786036087.984,2026-08-07 00:08:07,MANUAL,False,-7.9262057,112.5948932,233.72,0.0,0.0,IDLE,314,-6
1786036088.116,2026-08-07 00:08:08,MANUAL,False,-7.9262055,112.5948932,233.73,0.0,0.0,IDLE,310,-10
1786036088.250,2026-08-07 00:08:08,MANUAL,False,-7.9262054,112.5948932,233.74,0.0,0.0,IDLE,305,-15
1786036088.372,2026-08-07 00:08:08,MANUAL,False,-7.9262054,112.5948933,233.73,0.0,0.0,IDLE,303,-17
1786036088.495,2026-08-07 00:08:08,MANUAL,False,-7.9262054,112.5948932,233.73,0.0,0.0,IDLE,282,-38
1786036088.611,2026-08-07 00:08:08,MANUAL,False,-7.9262053,112.594893,233.73,0.0,0.0,IDLE,359,39
1786036088.727,2026-08-07 00:08:08,MANUAL,False,-7.9262052,112.5948928,233.73,0.0,0.0,IDLE,377,57
1786036088.846,2026-08-07 00:08:08,MANUAL,False,-7.9262052,112.5948927,233.73,0.0,0.0,IDLE,328,8
1786036088.983,2026-08-07 00:08:08,MANUAL,False,-7.9262051,112.5948924,233.72,0.0,0.0,IDLE,336,16
1786036089.102,2026-08-07 00:08:09,MANUAL,False,-7.9262051,112.5948921,233.73,0.0,0.0,IDLE,358,38
1786036089.219,2026-08-07 00:08:09,MANUAL,False,-7.926205,112.5948919,233.73,0.0,0.0,IDLE,386,66
1786036089.338,2026-08-07 00:08:09,MANUAL,False,-7.9262049,112.5948916,233.72,0.0,0.0,IDLE,391,71
1786036089.457,2026-08-07 00:08:09,MANUAL,False,-7.9262048,112.5948913,233.72,0.0,0.0,IDLE,388,68
1786036089.578,2026-08-07 00:08:09,MANUAL,False,-7.9262047,112.594891,233.71,0.0,0.0,IDLE,379,59
1786036089.691,2026-08-07 00:08:09,MANUAL,False,-7.9262047,112.5948909,233.71,0.0,0.0,IDLE,348,28
1786036089.812,2026-08-07 00:08:09,MANUAL,False,-7.9262046,112.5948905,233.7,0.0,0.0,IDLE,330,10
1786036089.929,2026-08-07 00:08:09,MANUAL,False,-7.9262045,112.5948904,233.69,0.0,0.0,IDLE,341,21
1786036090.050,2026-08-07 00:08:10,MANUAL,False,-7.9262045,112.5948904,233.69,0.0,0.0,IDLE,,
1786036090.169,2026-08-07 00:08:10,MANUAL,False,-7.9262044,112.5948904,233.69,0.0,0.0,IDLE,,
1786036090.282,2026-08-07 00:08:10,MANUAL,False,-7.9262044,112.5948904,233.69,0.0,0.0,IDLE,,
1786036090.409,2026-08-07 00:08:10,MANUAL,False,-7.9262043,112.5948905,233.69,0.0,0.0,IDLE,119,-201
1786036090.530,2026-08-07 00:08:10,MANUAL,False,-7.9262042,112.5948905,233.69,0.0,0.0,IDLE,112,-208
1786036090.647,2026-08-07 00:08:10,MANUAL,False,-7.9262041,112.5948905,233.69,0.0,0.0,IDLE,117,-203
1786036090.767,2026-08-07 00:08:10,MANUAL,False,-7.926204,112.5948905,233.71,0.0,0.0,IDLE,115,-205
1786036090.883,2026-08-07 00:08:10,MANUAL,False,-7.9262039,112.5948905,233.71,0.0,0.0,IDLE,119,-201
1786036090.995,2026-08-07 00:08:10,MANUAL,False,-7.9262037,112.5948904,233.71,0.0,0.0,IDLE,,
1786036091.114,2026-08-07 00:08:11,MANUAL,False,-7.9262037,112.5948904,233.71,0.0,0.0,IDLE,,
1786036091.237,2026-08-07 00:08:11,MANUAL,False,-7.9262037,112.5948904,233.73,0.0,0.0,IDLE,,
1786036091.355,2026-08-07 00:08:11,MANUAL,False,-7.9262036,112.5948904,233.74,0.0,0.0,IDLE,391,71
1786036091.481,2026-08-07 00:08:11,MANUAL,False,-7.9262036,112.5948904,233.73,0.0,0.0,IDLE,,
1786036091.602,2026-08-07 00:08:11,MANUAL,False,-7.9262034,112.5948904,233.73,0.0,0.0,IDLE,,
1786036091.745,2026-08-07 00:08:11,MANUAL,False,-7.9262034,112.5948904,233.72,0.0,0.0,IDLE,,
1786036091.878,2026-08-07 00:08:11,MANUAL,False,-7.9262033,112.5948905,233.7,0.0,0.0,IDLE,,
1786036091.999,2026-08-07 00:08:11,MANUAL,False,-7.926203,112.5948906,233.7,0.0,0.0,IDLE,394,74
1786036092.126,2026-08-07 00:08:12,MANUAL,False,-7.9262029,112.5948906,233.7,0.0,0.0,IDLE,,
1786036092.252,2026-08-07 00:08:12,MANUAL,False,-7.9262028,112.5948906,233.7,0.0,0.0,IDLE,,
1786036092.378,2026-08-07 00:08:12,MANUAL,False,-7.9262027,112.5948906,233.7,0.0,0.0,IDLE,,
1786036092.496,2026-08-07 00:08:12,MANUAL,False,-7.9262025,112.5948905,233.68,0.0,0.0,IDLE,,
1786036092.611,2026-08-07 00:08:12,MANUAL,False,-7.9262023,112.5948906,233.69,0.0,0.0,IDLE,394,74
1786036092.725,2026-08-07 00:08:12,MANUAL,False,-7.9262021,112.5948907,233.69,0.0,0.0,IDLE,,
1786036092.843,2026-08-07 00:08:12,MANUAL,False,-7.926202,112.5948907,233.7,0.0,0.0,IDLE,,
1786036092.968,2026-08-07 00:08:12,MANUAL,False,-7.9262019,112.5948907,233.7,0.0,0.0,IDLE,,
1786036093.086,2026-08-07 00:08:13,MANUAL,False,-7.9262019,112.5948908,233.7,0.0,0.0,IDLE,395,75
1786036093.201,2026-08-07 00:08:13,MANUAL,False,-7.9262017,112.5948908,233.69,0.0,0.0,IDLE,,
1786036093.315,2026-08-07 00:08:13,MANUAL,False,-7.9262016,112.5948908,233.7,0.0,0.0,IDLE,396,76
1786036093.439,2026-08-07 00:08:13,MANUAL,False,-7.9262015,112.5948909,233.71,0.0,0.0,IDLE,,
1786036093.564,2026-08-07 00:08:13,MANUAL,False,-7.9262013,112.5948909,233.69,0.0,0.0,IDLE,,
1786036093.682,2026-08-07 00:08:13,MANUAL,False,-7.9262011,112.5948911,233.7,0.0,0.0,IDLE,,
1786036093.803,2026-08-07 00:08:13,MANUAL,False,-7.9262009,112.5948915,233.69,0.0,0.0,IDLE,,
1786036093.927,2026-08-07 00:08:13,MANUAL,False,-7.9262008,112.5948917,233.69,0.0,0.0,IDLE,398,78
1786036094.041,2026-08-07 00:08:14,MANUAL,False,-7.9262006,112.5948918,233.69,0.0,0.0,IDLE,,
1786036094.175,2026-08-07 00:08:14,MANUAL,False,-7.9262005,112.5948919,233.7,0.0,0.0,IDLE,398,78
1786036094.301,2026-08-07 00:08:14,MANUAL,False,-7.9262002,112.594892,233.71,0.0,0.0,IDLE,,
1786036094.443,2026-08-07 00:08:14,MANUAL,False,-7.9262001,112.594892,233.71,0.0,0.0,IDLE,,
1786036094.590,2026-08-07 00:08:14,MANUAL,False,-7.9262,112.594892,233.73,0.0,0.0,IDLE,,
1786036094.728,2026-08-07 00:08:14,MANUAL,False,-7.9261998,112.5948921,233.72,0.0,0.0,IDLE,,
1786036094.850,2026-08-07 00:08:14,MANUAL,False,-7.9261998,112.5948921,233.73,0.0,0.0,IDLE,,
1786036094.996,2026-08-07 00:08:14,MANUAL,False,-7.9261997,112.5948922,233.73,0.0,0.0,IDLE,,
1786036095.122,2026-08-07 00:08:15,MANUAL,True,-7.9261997,112.5948922,233.73,0.0,0.0,IDLE,499,179
1786036095.258,2026-08-07 00:08:15,MANUAL,True,-7.9261996,112.5948922,233.72,0.0,0.0,IDLE,501,181
1786036095.383,2026-08-07 00:08:15,MANUAL,True,-7.9261996,112.5948922,233.71,0.0,0.0,IDLE,502,182
1786036095.508,2026-08-07 00:08:15,MANUAL,True,-7.9261996,112.5948922,233.74,0.0,0.0,IDLE,502,182
1786036095.641,2026-08-07 00:08:15,MANUAL,True,-7.9261995,112.5948924,233.73,0.0,0.0,IDLE,501,181
1786036095.757,2026-08-07 00:08:15,MANUAL,True,-7.9261995,112.5948925,233.72,0.0,0.0,IDLE,502,182
1786036095.874,2026-08-07 00:08:15,MANUAL,True,-7.9261995,112.5948926,233.73,0.0,0.0,IDLE,502,182
1786036095.992,2026-08-07 00:08:15,MANUAL,True,-7.9261996,112.5948927,233.73,0.0,0.0,IDLE,501,181
1786036096.128,2026-08-07 00:08:16,MANUAL,True,-7.9261997,112.5948929,233.74,0.0,0.0,IDLE,,
1786036096.258,2026-08-07 00:08:16,MANUAL,True,-7.9261997,112.5948931,233.72,0.0,0.0,IDLE,,
1786036096.377,2026-08-07 00:08:16,MANUAL,True,-7.9261997,112.5948932,233.73,0.0,0.0,IDLE,,
1786036096.494,2026-08-07 00:08:16,MANUAL,True,-7.9261997,112.5948932,233.73,0.0,0.0,IDLE,,
1786036096.613,2026-08-07 00:08:16,MANUAL,True,-7.9261997,112.5948933,233.71,0.0,0.0,IDLE,251,-69
1786036096.735,2026-08-07 00:08:16,MANUAL,True,-7.9261998,112.5948933,233.71,0.0,0.0,IDLE,239,-81
1786036096.891,2026-08-07 00:08:16,MANUAL,True,-7.9261999,112.5948933,233.71,0.0,0.0,IDLE,,
1786036097.040,2026-08-07 00:08:17,MANUAL,True,-7.9262001,112.5948933,233.72,0.0,0.0,IDLE,,
1786036097.163,2026-08-07 00:08:17,MANUAL,True,-7.9262002,112.5948933,233.72,0.0,0.0,IDLE,,
1786036097.290,2026-08-07 00:08:17,MANUAL,True,-7.9262003,112.5948932,233.72,0.0,0.0,IDLE,,
1786036097.413,2026-08-07 00:08:17,MANUAL,True,-7.9262002,112.5948934,233.72,0.0,0.0,IDLE,,
1786036097.564,2026-08-07 00:08:17,MANUAL,True,-7.9262001,112.5948936,233.74,0.0,0.0,IDLE,,
1786036097.683,2026-08-07 00:08:17,MANUAL,True,-7.9262001,112.5948938,233.74,0.0,0.0,IDLE,,
1786036097.802,2026-08-07 00:08:17,MANUAL,True,-7.9262,112.5948942,233.73,0.0,0.0,IDLE,,
1786036097.920,2026-08-07 00:08:17,MANUAL,True,-7.9261999,112.5948943,233.73,0.0,0.0,IDLE,303,-17
1786036098.038,2026-08-07 00:08:18,MANUAL,True,-7.9261999,112.5948944,233.73,0.0,0.0,IDLE,320,0
1786036098.172,2026-08-07 00:08:18,MANUAL,True,-7.9261998,112.5948945,233.73,0.0,0.0,IDLE,325,5
1786036098.289,2026-08-07 00:08:18,MANUAL,True,-7.9261998,112.5948946,233.74,0.0,0.0,IDLE,340,20
1786036098.409,2026-08-07 00:08:18,MANUAL,True,-7.9261997,112.5948947,233.73,0.0,0.0,IDLE,332,12
1786036098.535,2026-08-07 00:08:18,MANUAL,True,-7.9261995,112.5948948,233.73,0.0,0.0,IDLE,,
1786036098.670,2026-08-07 00:08:18,MANUAL,True,-7.9261995,112.5948948,233.74,0.0,0.0,IDLE,333,13
1786036098.787,2026-08-07 00:08:18,MANUAL,True,-7.9261994,112.5948949,233.72,0.0,0.0,IDLE,,
1786036098.906,2026-08-07 00:08:18,MANUAL,True,-7.9261995,112.5948953,233.71,0.0,0.0,IDLE,,
1786036099.021,2026-08-07 00:08:19,MANUAL,True,-7.9261995,112.5948955,233.72,0.0,0.0,IDLE,,
1786036099.143,2026-08-07 00:08:19,MANUAL,True,-7.9261995,112.5948957,233.71,0.0,0.0,IDLE,,
1786036099.258,2026-08-07 00:08:19,MANUAL,True,-7.9261996,112.5948959,233.69,0.0,0.0,IDLE,,
1786036099.373,2026-08-07 00:08:19,MANUAL,True,-7.9261996,112.5948961,233.69,0.0,0.0,IDLE,,
1786036099.491,2026-08-07 00:08:19,MANUAL,True,-7.9261997,112.5948963,233.69,0.0,0.0,IDLE,,
1786036099.616,2026-08-07 00:08:19,MANUAL,True,-7.9261998,112.5948963,233.68,0.0,0.0,IDLE,,
1786036099.731,2026-08-07 00:08:19,MANUAL,True,-7.9261998,112.5948962,233.68,0.0,0.0,IDLE,,
1786036099.846,2026-08-07 00:08:19,MANUAL,True,-7.9261998,112.5948961,233.68,0.0,0.0,IDLE,,
1786036099.986,2026-08-07 00:08:19,MANUAL,True,-7.9261998,112.5948961,233.69,0.0,0.0,IDLE,,
1786036100.110,2026-08-07 00:08:20,MANUAL,True,-7.9261999,112.5948961,233.66,0.0,0.0,IDLE,,
1786036100.236,2026-08-07 00:08:20,MANUAL,True,-7.9261999,112.5948961,233.66,0.0,0.0,IDLE,,
1786036100.359,2026-08-07 00:08:20,MANUAL,True,-7.9262,112.594896,233.66,0.0,0.0,IDLE,,
1786036100.477,2026-08-07 00:08:20,MANUAL,True,-7.9262,112.5948959,233.66,0.0,0.0,IDLE,,
1786036100.598,2026-08-07 00:08:20,MANUAL,True,-7.9262001,112.5948956,233.67,0.0,0.0,IDLE,,
1786036100.729,2026-08-07 00:08:20,MANUAL,True,-7.9262001,112.5948954,233.67,0.0,0.0,IDLE,,
1786036100.968,2026-08-07 00:08:20,MANUAL,True,-7.9262002,112.594895,233.68,0.0,0.0,IDLE,,
1786036101.116,2026-08-07 00:08:21,MANUAL,True,-7.9262003,112.5948949,233.65,0.0,0.0,IDLE,,
1786036101.270,2026-08-07 00:08:21,MANUAL,True,-7.9262003,112.5948948,233.66,0.0,0.0,IDLE,,
1786036101.416,2026-08-07 00:08:21,MANUAL,True,-7.9262002,112.5948944,233.65,0.0,0.0,IDLE,,
1786036101.569,2026-08-07 00:08:21,MANUAL,True,-7.9262002,112.5948942,233.66,0.0,0.0,IDLE,,
1786036101.692,2026-08-07 00:08:21,MANUAL,True,-7.9262002,112.5948941,233.65,0.0,0.0,IDLE,,
1786036101.837,2026-08-07 00:08:21,MANUAL,True,-7.9262001,112.5948941,233.66,0.0,0.0,IDLE,,
1786036102.019,2026-08-07 00:08:22,MANUAL,True,-7.9262001,112.5948942,233.65,0.0,0.0,IDLE,,
1786036102.158,2026-08-07 00:08:22,MANUAL,True,-7.9262001,112.5948942,233.64,0.0,0.0,IDLE,,
1786036102.392,2026-08-07 00:08:22,MANUAL,True,-7.9262001,112.5948943,233.65,0.0,0.0,IDLE,,
1786036102.537,2026-08-07 00:08:22,MANUAL,True,-7.9262002,112.5948944,233.66,0.0,0.0,IDLE,,
1786036102.704,2026-08-07 00:08:22,MANUAL,True,-7.9262002,112.5948945,233.66,0.0,0.0,IDLE,,
1786036102.850,2026-08-07 00:08:22,MANUAL,True,-7.9262003,112.5948945,233.68,0.0,0.0,IDLE,,
1786036102.989,2026-08-07 00:08:22,MANUAL,True,-7.9262003,112.5948946,233.69,0.0,0.0,IDLE,,
1786036103.140,2026-08-07 00:08:23,MANUAL,True,-7.9262003,112.5948946,233.7,0.0,0.0,IDLE,,
1786036103.327,2026-08-07 00:08:23,MANUAL,True,-7.9262003,112.5948946,233.68,0.0,0.0,IDLE,,
1786036103.475,2026-08-07 00:08:23,MANUAL,True,-7.9262003,112.5948949,233.69,0.0,0.0,IDLE,,
1786036103.651,2026-08-07 00:08:23,MANUAL,True,-7.9262003,112.5948953,233.67,0.0,0.0,IDLE,,
1786036103.765,2026-08-07 00:08:23,MANUAL,True,-7.9262003,112.5948955,233.66,0.0,0.0,IDLE,,
1786036103.882,2026-08-07 00:08:23,MANUAL,True,-7.9262003,112.5948958,233.64,0.0,0.0,IDLE,,
1786036104.009,2026-08-07 00:08:24,MANUAL,True,-7.9262004,112.5948961,233.63,0.0,0.0,IDLE,,
1786036104.140,2026-08-07 00:08:24,MANUAL,True,-7.9262004,112.5948968,233.62,0.0,0.0,IDLE,,
1786036104.264,2026-08-07 00:08:24,MANUAL,True,-7.9262005,112.5948971,233.62,0.0,0.0,IDLE,,
1786036104.386,2026-08-07 00:08:24,MANUAL,True,-7.9262005,112.5948973,233.62,0.0,0.0,IDLE,,
1786036104.506,2026-08-07 00:08:24,MANUAL,True,-7.9262005,112.5948974,233.61,0.0,0.0,IDLE,,
1786036104.618,2026-08-07 00:08:24,MANUAL,True,-7.9262005,112.5948974,233.61,0.0,0.0,IDLE,,
1786036104.740,2026-08-07 00:08:24,MANUAL,True,-7.9262005,112.5948973,233.6,0.0,0.0,IDLE,,
1786036104.858,2026-08-07 00:08:24,MANUAL,True,-7.9262005,112.5948972,233.6,0.0,0.0,IDLE,,
1786036105.005,2026-08-07 00:08:25,MANUAL,True,-7.9262005,112.5948969,233.62,0.0,0.0,IDLE,,
1786036105.119,2026-08-07 00:08:25,MANUAL,True,-7.9262005,112.5948968,233.63,0.0,0.0,IDLE,,
1786036105.248,2026-08-07 00:08:25,MANUAL,True,-7.9262004,112.5948964,233.65,0.0,0.0,IDLE,,
1786036105.364,2026-08-07 00:08:25,MANUAL,True,-7.9262004,112.5948962,233.64,0.0,0.0,IDLE,,
1786036105.487,2026-08-07 00:08:25,MANUAL,True,-7.9262004,112.594896,233.66,0.0,0.0,IDLE,,
1786036105.612,2026-08-07 00:08:25,MANUAL,True,-7.9262004,112.594896,233.66,0.0,0.0,IDLE,,
1786036105.728,2026-08-07 00:08:25,MANUAL,True,-7.9262004,112.5948958,233.66,0.0,0.0,IDLE,,
1786036105.855,2026-08-07 00:08:25,MANUAL,True,-7.9262003,112.5948957,233.65,0.0,0.0,IDLE,,
1786036105.985,2026-08-07 00:08:25,MANUAL,True,-7.9262002,112.5948955,233.65,0.0,0.0,IDLE,,
1786036106.147,2026-08-07 00:08:26,MANUAL,True,-7.9262002,112.5948954,233.64,0.0,0.0,IDLE,,
1786036106.282,2026-08-07 00:08:26,MANUAL,True,-7.9262001,112.5948951,233.62,0.0,0.0,IDLE,,
1786036106.411,2026-08-07 00:08:26,MANUAL,True,-7.9262,112.594895,233.64,0.0,0.0,IDLE,,
1786036106.530,2026-08-07 00:08:26,MANUAL,True,-7.9261999,112.5948948,233.64,0.0,0.0,IDLE,,
1786036106.646,2026-08-07 00:08:26,MANUAL,True,-7.9261999,112.5948946,233.64,0.0,0.0,IDLE,,
1786036106.772,2026-08-07 00:08:26,MANUAL,True,-7.9261999,112.5948943,233.63,0.0,0.0,IDLE,,
1786036106.915,2026-08-07 00:08:26,MANUAL,True,-7.9262,112.5948942,233.62,0.0,0.0,IDLE,,
1786036107.050,2026-08-07 00:08:27,MANUAL,True,-7.9262,112.5948944,233.62,0.0,0.0,IDLE,,
1786036107.195,2026-08-07 00:08:27,MANUAL,True,-7.9262,112.5948949,233.6,0.0,0.0,IDLE,,
1786036107.330,2026-08-07 00:08:27,MANUAL,True,-7.9261999,112.5948952,233.62,0.0,0.0,IDLE,,
1786036107.481,2026-08-07 00:08:27,GUIDED,True,-7.9261997,112.5948951,233.61,0.0,0.0,START,,
1786036107.600,2026-08-07 00:08:27,GUIDED,True,-7.9261997,112.5948951,233.61,0.0,0.0,START,,
1786036107.716,2026-08-07 00:08:27,GUIDED,True,-7.9261996,112.594895,233.62,0.0,0.0,START,,
1786036107.835,2026-08-07 00:08:27,GUIDED,True,-7.9261995,112.5948949,233.61,0.0,0.0,START,,
1786036107.962,2026-08-07 00:08:27,GUIDED,True,-7.9261995,112.5948949,233.61,0.0,0.0,START,,
1786036108.098,2026-08-07 00:08:28,GUIDED,True,-7.9261993,112.5948947,233.6,0.0,0.0,START,,
1786036108.210,2026-08-07 00:08:28,GUIDED,True,-7.9261993,112.5948945,233.61,0.0,0.0,START,269,-51
1786036108.326,2026-08-07 00:08:28,GUIDED,True,-7.9261992,112.5948943,233.61,0.0,0.0,START,268,-52
1786036108.446,2026-08-07 00:08:28,GUIDED,True,-7.9261991,112.5948942,233.62,0.0,0.0,START,,
1786036108.564,2026-08-07 00:08:28,GUIDED,True,-7.9261991,112.594894,233.62,0.0,0.0,START,,
1786036108.696,2026-08-07 00:08:28,GUIDED,True,-7.9261991,112.5948937,233.62,0.0,0.0,START,278,-42
1786036108.821,2026-08-07 00:08:28,GUIDED,True,-7.9261991,112.5948935,233.64,0.0,0.0,START,284,-36
1786036108.961,2026-08-07 00:08:28,GUIDED,True,-7.9261991,112.5948934,233.64,0.0,0.0,START,284,-36
1786036109.086,2026-08-07 00:08:29,GUIDED,True,-7.9261991,112.594893,233.66,0.0,0.0,START,282,-38
1786036109.212,2026-08-07 00:08:29,GUIDED,True,-7.926199,112.5948927,233.65,0.0,0.0,START,284,-36
1786036109.344,2026-08-07 00:08:29,GUIDED,True,-7.926199,112.5948926,233.66,0.0,0.0,START,286,-34
1786036109.475,2026-08-07 00:08:29,GUIDED,True,-7.926199,112.5948924,233.66,0.0,0.0,START,291,-29
1786036109.595,2026-08-07 00:08:29,GUIDED,True,-7.9261989,112.5948922,233.66,0.0,0.0,TRACKING_BUOY (MANUAL),291,-29
1786036109.717,2026-08-07 00:08:29,MANUAL,True,-7.9261988,112.5948917,233.64,0.0,0.0,TRACKING_BUOY (MANUAL),293,-27
1786036109.839,2026-08-07 00:08:29,MANUAL,True,-7.9261988,112.5948914,233.65,0.0,0.0,TRACKING_BUOY (MANUAL),292,-28
1786036109.971,2026-08-07 00:08:29,MANUAL,True,-7.9261988,112.5948911,233.64,0.0,0.0,TRACKING_BUOY (MANUAL),332,12
1786036110.106,2026-08-07 00:08:30,MANUAL,True,-7.9261987,112.5948905,233.64,0.0,0.0,TRACKING_BUOY (MANUAL),325,5
1786036110.224,2026-08-07 00:08:30,MANUAL,True,-7.9261986,112.5948902,233.65,0.0,0.0,TRACKING_BUOY (MANUAL),323,3
1786036110.353,2026-08-07 00:08:30,MANUAL,True,-7.9261986,112.5948899,233.63,0.0,0.0,TRACKING_BUOY (MANUAL),322,2
1786036110.481,2026-08-07 00:08:30,MANUAL,True,-7.9261986,112.5948897,233.64,0.0,0.0,TRACKING_BUOY (MANUAL),321,1
1786036110.603,2026-08-07 00:08:30,MANUAL,True,-7.9261986,112.5948897,233.64,0.0,0.0,TRACKING_BUOY (MANUAL),321,1
1786036110.730,2026-08-07 00:08:30,MANUAL,True,-7.9261985,112.5948895,233.6,0.0,0.0,TRACKING_BUOY (MANUAL),324,4
1786036110.849,2026-08-07 00:08:30,MANUAL,True,-7.9261985,112.5948894,233.58,0.0,0.0,TRACKING_BUOY (MANUAL),330,10
1786036110.962,2026-08-07 00:08:30,MANUAL,True,-7.9261986,112.5948894,233.56,0.0,0.0,TRACKING_BUOY (MANUAL),338,18
1786036111.078,2026-08-07 00:08:31,MANUAL,True,-7.9261986,112.5948894,233.57,0.0,0.0,TRACKING_BUOY (MANUAL),349,29
1786036111.192,2026-08-07 00:08:31,MANUAL,True,-7.9261987,112.5948895,233.58,0.0,0.0,TRACKING_BUOY (MANUAL),354,34
1786036111.319,2026-08-07 00:08:31,MANUAL,True,-7.9261987,112.5948895,233.59,0.0,0.0,TRACKING_BUOY (MANUAL),367,47
1786036111.453,2026-08-07 00:08:31,MANUAL,True,-7.9261989,112.5948897,233.59,0.0,0.0,TRACKING_BUOY (MANUAL),376,56
1786036111.565,2026-08-07 00:08:31,MANUAL,True,-7.9261989,112.5948897,233.59,0.0,0.0,TRACKING_BUOY (MANUAL),386,66
1786036111.679,2026-08-07 00:08:31,MANUAL,True,-7.9261989,112.5948894,233.59,0.0,0.0,TRACKING_BUOY (MANUAL),392,72
1786036111.797,2026-08-07 00:08:31,MANUAL,True,-7.9261989,112.5948892,233.57,0.0,0.0,TRACKING_BUOY (MANUAL),396,76
1786036111.916,2026-08-07 00:08:31,MANUAL,True,-7.926199,112.594889,233.58,0.0,0.0,TRACKING_BUOY (MANUAL),399,79
1786036112.041,2026-08-07 00:08:32,MANUAL,True,-7.926199,112.594889,233.57,0.0,0.0,TRACKING_BUOY (MANUAL),401,81
1786036112.177,2026-08-07 00:08:32,MANUAL,True,-7.9261991,112.5948892,233.55,0.0,0.0,TRACKING_BUOY (MANUAL),435,115
1786036112.292,2026-08-07 00:08:32,MANUAL,True,-7.9261992,112.5948894,233.56,0.0,0.0,TRACKING_BUOY (MANUAL),392,72
1786036112.417,2026-08-07 00:08:32,MANUAL,True,-7.9261994,112.5948898,233.57,0.0,0.0,TRACKING_BUOY (MANUAL),380,60
1786036112.545,2026-08-07 00:08:32,MANUAL,True,-7.9261995,112.59489,233.58,0.0,0.0,TRACKING_BUOY (MANUAL),375,55
1786036112.661,2026-08-07 00:08:32,MANUAL,True,-7.9261995,112.59489,233.58,0.0,0.0,TRACKING_BUOY (MANUAL),359,39
1786036112.777,2026-08-07 00:08:32,MANUAL,True,-7.9261999,112.5948912,233.58,0.0,0.0,TRACKING_BUOY (MANUAL),347,27
1786036112.893,2026-08-07 00:08:32,MANUAL,True,-7.9262,112.5948915,233.58,0.0,0.0,TRACKING_BUOY (MANUAL),333,13
1786036113.009,2026-08-07 00:08:33,MANUAL,True,-7.9262001,112.5948918,233.58,0.0,0.0,TRACKING_BUOY (MANUAL),320,0
1786036113.127,2026-08-07 00:08:33,MANUAL,True,-7.9262002,112.5948921,233.58,0.0,0.0,TRACKING_BUOY (MANUAL),311,-9
1786036113.245,2026-08-07 00:08:33,MANUAL,True,-7.9262003,112.5948925,233.59,0.0,0.0,TRACKING_BUOY (MANUAL),295,-25
1786036113.366,2026-08-07 00:08:33,MANUAL,True,-7.9262003,112.5948928,233.6,0.0,0.0,TRACKING_BUOY (MANUAL),282,-38
1786036113.484,2026-08-07 00:08:33,MANUAL,True,-7.9262006,112.5948935,233.59,0.0,0.0,TRACKING_BUOY (MANUAL),271,-49
1786036113.605,2026-08-07 00:08:33,MANUAL,True,-7.9262007,112.5948939,233.6,0.0,0.0,TRACKING_BUOY (MANUAL),268,-52
1786036113.721,2026-08-07 00:08:33,MANUAL,True,-7.9262008,112.5948941,233.59,0.0,0.0,TRACKING_BUOY (MANUAL),259,-61
1786036113.838,2026-08-07 00:08:33,MANUAL,True,-7.9262008,112.5948945,233.6,0.0,0.0,TRACKING_BUOY (MANUAL),250,-70
1786036113.975,2026-08-07 00:08:33,MANUAL,True,-7.9262008,112.5948953,233.61,0.0,0.0,TRACKING_BUOY (MANUAL),241,-79
1786036114.103,2026-08-07 00:08:34,MANUAL,True,-7.9262008,112.5948956,233.61,0.0,0.0,TRACKING_BUOY (MANUAL),230,-90
1786036114.222,2026-08-07 00:08:34,MANUAL,True,-7.9262008,112.5948958,233.62,0.0,0.0,TRACKING_BUOY (MANUAL),223,-97
1786036114.340,2026-08-07 00:08:34,MANUAL,True,-7.9262009,112.594896,233.62,0.0,0.0,TRACKING_BUOY (MANUAL),220,-100
1786036114.482,2026-08-07 00:08:34,MANUAL,True,-7.9262009,112.5948963,233.61,0.0,0.0,TRACKING_BUOY (MANUAL),139,-181
1786036114.601,2026-08-07 00:08:34,MANUAL,True,-7.9262009,112.5948968,233.62,0.0,0.0,TRACKING_BUOY (MANUAL),136,-184
1786036114.716,2026-08-07 00:08:34,MANUAL,True,-7.9262009,112.5948971,233.64,0.0,0.0,TRACKING_BUOY (MANUAL),140,-180
1786036114.855,2026-08-07 00:08:34,MANUAL,True,-7.9262011,112.5948974,233.64,0.0,0.0,TRACKING_BUOY (MANUAL),230,-90
1786036114.989,2026-08-07 00:08:34,MANUAL,True,-7.9262013,112.5948979,233.64,0.0,0.0,TRACKING_BUOY (MANUAL),249,-71
1786036115.117,2026-08-07 00:08:35,MANUAL,True,-7.9262014,112.5948981,233.65,0.0,0.0,TRACKING_BUOY (MANUAL),264,-56
1786036115.232,2026-08-07 00:08:35,MANUAL,True,-7.9262014,112.5948981,233.64,0.0,0.0,TRACKING_BUOY (MANUAL),279,-41
1786036115.355,2026-08-07 00:08:35,MANUAL,True,-7.9262015,112.5948981,233.64,0.0,0.0,TRACKING_BUOY (MANUAL),295,-25
1786036115.477,2026-08-07 00:08:35,MANUAL,True,-7.9262016,112.5948983,233.64,0.0,0.0,TRACKING_BUOY (MANUAL),303,-17
1786036115.609,2026-08-07 00:08:35,MANUAL,True,-7.9262018,112.5948985,233.65,0.0,0.0,TRACKING_BUOY (MANUAL),297,-23
1786036115.724,2026-08-07 00:08:35,MANUAL,True,-7.9262018,112.5948986,233.66,0.0,0.0,TRACKING_BUOY (MANUAL),359,39
1786036115.846,2026-08-07 00:08:35,MANUAL,True,-7.9262018,112.5948986,233.64,0.0,0.0,TRACKING_BUOY (MANUAL),333,13
1786036115.958,2026-08-07 00:08:35,MANUAL,True,-7.9262018,112.5948987,233.64,0.0,0.0,TRACKING_BUOY (MANUAL),374,54
1786036116.075,2026-08-07 00:08:36,MANUAL,True,-7.9262018,112.5948988,233.62,0.0,0.0,TRACKING_BUOY (MANUAL),401,81
1786036116.200,2026-08-07 00:08:36,MANUAL,True,-7.9262018,112.5948988,233.63,0.0,0.0,TRACKING_BUOY (MANUAL),410,90
1786036116.320,2026-08-07 00:08:36,MANUAL,True,-7.9262018,112.5948989,233.62,0.0,0.0,TRACKING_BUOY (MANUAL),427,107
1786036116.437,2026-08-07 00:08:36,MANUAL,True,-7.9262018,112.594899,233.62,0.0,0.0,TRACKING_BUOY (MANUAL),444,124
1786036116.568,2026-08-07 00:08:36,MANUAL,True,-7.9262018,112.594899,233.63,0.0,0.0,TRACKING_BUOY (MANUAL),451,131
1786036116.691,2026-08-07 00:08:36,MANUAL,True,-7.9262018,112.5948992,233.62,0.0,0.0,TRACKING_BUOY (MANUAL),453,133
1786036116.825,2026-08-07 00:08:36,MANUAL,True,-7.9262018,112.5948994,233.61,0.0,0.0,TRACKING_BUOY (MANUAL),453,133
1786036116.943,2026-08-07 00:08:36,MANUAL,True,-7.9262018,112.5948996,233.6,0.0,0.0,TRACKING_BUOY (MANUAL),438,118
1786036117.063,2026-08-07 00:08:37,MANUAL,True,-7.9262018,112.5948999,233.6,0.0,0.0,TRACKING_BUOY (MANUAL),432,112
1786036117.247,2026-08-07 00:08:37,MANUAL,True,-7.9262017,112.5949005,233.6,0.0,0.0,TRACKING_BUOY (MANUAL),419,99
1786036117.367,2026-08-07 00:08:37,MANUAL,True,-7.9262017,112.5949007,233.62,0.0,0.0,TRACKING_BUOY (MANUAL),361,41
1786036117.492,2026-08-07 00:08:37,MANUAL,True,-7.9262017,112.5949008,233.61,0.0,0.0,TRACKING_BUOY (MANUAL),358,38
1786036117.620,2026-08-07 00:08:37,MANUAL,True,-7.9262016,112.594901,233.6,0.0,0.0,TRACKING_BUOY (MANUAL),323,3
1786036117.764,2026-08-07 00:08:37,MANUAL,True,-7.9262015,112.594901,233.6,0.0,0.0,TRACKING_BUOY (MANUAL),338,18
1786036117.891,2026-08-07 00:08:37,MANUAL,True,-7.9262012,112.5949008,233.6,0.0,0.0,TRACKING_BUOY (MANUAL),352,32
1786036118.021,2026-08-07 00:08:38,MANUAL,True,-7.9262012,112.5949007,233.6,0.0,0.0,🔴 FAILSAFE: TARGET LOST,,
1786036118.150,2026-08-07 00:08:38,MANUAL,True,-7.9262012,112.5949007,233.6,0.0,0.0,🔴 FAILSAFE: TARGET LOST,,
1786036118.272,2026-08-07 00:08:38,MANUAL,True,-7.9262011,112.5949005,233.61,0.0,0.0,🔴 FAILSAFE: TARGET LOST,,
1786036118.427,2026-08-07 00:08:38,MANUAL,True,-7.9262009,112.5949003,233.61,0.0,0.0,TRACKING_BUOY (MANUAL),125,-195
1786036118.552,2026-08-07 00:08:38,MANUAL,True,-7.9262008,112.5949003,233.62,0.0,0.0,🔴 FAILSAFE: TARGET LOST,,
1786036118.672,2026-08-07 00:08:38,MANUAL,True,-7.9262008,112.5949003,233.62,0.0,0.0,🔴 FAILSAFE: TARGET LOST,,
1786036118.791,2026-08-07 00:08:38,MANUAL,True,-7.9262008,112.5949006,233.62,0.0,0.0,🔴 FAILSAFE: TARGET LOST,,
1786036118.906,2026-08-07 00:08:38,MANUAL,True,-7.9262008,112.5949007,233.61,0.0,0.0,🔴 FAILSAFE: TARGET LOST,,
1786036119.018,2026-08-07 00:08:39,MANUAL,True,-7.9262007,112.594901,233.61,0.0,0.0,🔴 FAILSAFE: TARGET LOST,,
1786036119.133,2026-08-07 00:08:39,MANUAL,True,-7.9262007,112.5949011,233.61,0.0,0.0,🔴 FAILSAFE: TARGET LOST,,
1786036119.255,2026-08-07 00:08:39,MANUAL,True,-7.9262007,112.5949012,233.61,0.0,0.0,🔴 FAILSAFE: TARGET LOST,,
1786036119.383,2026-08-07 00:08:39,MANUAL,True,-7.9262006,112.5949013,233.6,0.0,0.0,🔴 FAILSAFE: TARGET LOST,,
1786036119.510,2026-08-07 00:08:39,MANUAL,True,-7.9262005,112.5949013,233.6,0.0,0.0,🔴 FAILSAFE: TARGET LOST,,
1786036119.637,2026-08-07 00:08:39,MANUAL,True,-7.9262002,112.5949015,233.59,0.0,0.0,🔴 FAILSAFE: TARGET LOST,,
1786036119.760,2026-08-07 00:08:39,MANUAL,True,-7.9262001,112.5949016,233.6,0.0,0.0,🔴 FAILSAFE: TARGET LOST,,
1786036119.881,2026-08-07 00:08:39,MANUAL,True,-7.9262,112.5949017,233.59,0.0,0.0,🔴 FAILSAFE: TARGET LOST,,
1786036120.002,2026-08-07 00:08:40,MANUAL,True,-7.9261999,112.5949018,233.61,0.0,0.0,🔴 FAILSAFE: TARGET LOST,,
1786036120.132,2026-08-07 00:08:40,MANUAL,True,-7.9261998,112.5949019,233.61,0.0,0.0,🔴 FAILSAFE: TARGET LOST,,
1786036120.251,2026-08-07 00:08:40,MANUAL,True,-7.9261998,112.5949019,233.62,0.0,0.0,🔴 FAILSAFE: TARGET LOST,,
1786036120.385,2026-08-07 00:08:40,MANUAL,True,-7.9261998,112.5949019,233.62,0.0,0.0,IDLE,,
1786036120.508,2026-08-07 00:08:40,MANUAL,True,-7.9261998,112.5949019,233.62,0.0,0.0,IDLE,,
1786036120.629,2026-08-07 00:08:40,MANUAL,True,-7.9261998,112.594902,233.6,0.0,0.0,IDLE,,
1786036120.754,2026-08-07 00:08:40,MANUAL,True,-7.9261997,112.594902,233.59,0.0,0.0,IDLE,,
1786036120.873,2026-08-07 00:08:40,MANUAL,True,-7.9261997,112.5949021,233.59,0.0,0.0,IDLE,,
1786036120.991,2026-08-07 00:08:40,MANUAL,True,-7.9261997,112.5949021,233.6,0.0,0.0,IDLE,,
1786036121.106,2026-08-07 00:08:41,MANUAL,True,-7.9261996,112.5949021,233.62,0.0,0.0,IDLE,401,81
1786036121.224,2026-08-07 00:08:41,MANUAL,True,-7.9261995,112.5949021,233.61,0.0,0.0,IDLE,365,45
1786036121.340,2026-08-07 00:08:41,MANUAL,True,-7.9261995,112.5949019,233.6,0.0,0.0,IDLE,317,-3
1786036121.456,2026-08-07 00:08:41,MANUAL,True,-7.9261994,112.5949017,233.63,0.0,0.0,IDLE,313,-7
1786036121.573,2026-08-07 00:08:41,MANUAL,True,-7.9261994,112.5949017,233.63,0.0,0.0,IDLE,305,-15
1786036121.698,2026-08-07 00:08:41,MANUAL,True,-7.9261993,112.5949013,233.63,0.0,0.0,IDLE,298,-22
1786036121.819,2026-08-07 00:08:41,MANUAL,True,-7.9261993,112.594901,233.63,0.0,0.0,IDLE,292,-28
1786036121.933,2026-08-07 00:08:41,MANUAL,True,-7.9261993,112.5949008,233.63,0.0,0.0,IDLE,286,-34
1786036122.052,2026-08-07 00:08:42,MANUAL,True,-7.9261993,112.5949007,233.63,0.0,0.0,IDLE,281,-39
1786036122.174,2026-08-07 00:08:42,MANUAL,True,-7.9261993,112.5949004,233.63,0.0,0.0,IDLE,270,-50
1786036122.315,2026-08-07 00:08:42,MANUAL,True,-7.9261992,112.5948993,233.65,0.0,0.0,IDLE,261,-59
1786036122.434,2026-08-07 00:08:42,MANUAL,True,-7.9261991,112.5948987,233.66,0.0,0.0,IDLE,253,-67
1786036122.559,2026-08-07 00:08:42,MANUAL,True,-7.9261991,112.5948987,233.66,0.0,0.0,IDLE,245,-75
1786036122.682,2026-08-07 00:08:42,MANUAL,True,-7.9261989,112.5948976,233.66,0.0,0.0,IDLE,212,-108
1786036122.801,2026-08-07 00:08:42,MANUAL,True,-7.9261988,112.5948972,233.67,0.0,0.0,IDLE,233,-87
1786036122.919,2026-08-07 00:08:42,MANUAL,True,-7.9261987,112.5948969,233.67,0.0,0.0,IDLE,212,-108
1786036123.038,2026-08-07 00:08:43,MANUAL,True,-7.9261986,112.5948962,233.68,0.0,0.0,IDLE,245,-75
1786036123.158,2026-08-07 00:08:43,MANUAL,True,-7.9261985,112.5948957,233.69,0.0,0.0,IDLE,259,-61
1786036123.275,2026-08-07 00:08:43,MANUAL,True,-7.9261984,112.5948953,233.7,0.0,0.0,IDLE,278,-42
1786036123.401,2026-08-07 00:08:43,MANUAL,True,-7.9261984,112.5948949,233.7,0.0,0.0,IDLE,290,-30
1786036123.517,2026-08-07 00:08:43,MANUAL,True,-7.9261983,112.5948946,233.7,0.0,0.0,IDLE,290,-30
1786036123.631,2026-08-07 00:08:43,MANUAL,True,-7.9261983,112.5948946,233.7,0.0,0.0,IDLE,317,-3
1786036123.747,2026-08-07 00:08:43,MANUAL,True,-7.9261982,112.5948937,233.71,0.0,0.0,IDLE,367,47
1786036123.864,2026-08-07 00:08:43,MANUAL,True,-7.926198,112.594893,233.69,0.0,0.0,IDLE,367,47
1786036124.021,2026-08-07 00:08:44,MANUAL,True,-7.926198,112.5948927,233.68,0.0,0.0,IDLE,401,81
1786036124.139,2026-08-07 00:08:44,MANUAL,True,-7.926198,112.5948925,233.7,0.0,0.0,IDLE,426,106
1786036124.280,2026-08-07 00:08:44,MANUAL,True,-7.926198,112.5948921,233.69,0.0,0.0,IDLE,431,111
1786036124.399,2026-08-07 00:08:44,MANUAL,True,-7.9261979,112.5948917,233.69,0.0,0.0,IDLE,439,119
1786036124.517,2026-08-07 00:08:44,MANUAL,True,-7.9261978,112.5948915,233.7,0.0,0.0,IDLE,427,107
1786036124.642,2026-08-07 00:08:44,MANUAL,True,-7.9261978,112.5948915,233.7,0.0,0.0,IDLE,431,111
1786036124.754,2026-08-07 00:08:44,MANUAL,True,-7.9261977,112.5948907,233.69,0.0,0.0,IDLE,419,99
1786036124.919,2026-08-07 00:08:44,MANUAL,True,-7.9261974,112.5948899,233.68,0.0,0.0,IDLE,380,60
1786036125.040,2026-08-07 00:08:45,MANUAL,True,-7.9261974,112.5948895,233.68,0.0,0.0,IDLE,378,58
1786036125.202,2026-08-07 00:08:45,MANUAL,True,-7.9261972,112.5948889,233.67,0.0,0.0,IDLE,366,46
1786036125.363,2026-08-07 00:08:45,MANUAL,True,-7.9261971,112.5948887,233.68,0.0,0.0,IDLE,335,15
1786036125.480,2026-08-07 00:08:45,MANUAL,True,-7.9261969,112.5948882,233.71,0.0,0.0,IDLE,322,2
1786036125.617,2026-08-07 00:08:45,MANUAL,True,-7.9261968,112.594888,233.7,0.0,0.0,IDLE,282,-38
1786036125.736,2026-08-07 00:08:45,MANUAL,True,-7.9261967,112.5948878,233.7,0.0,0.0,IDLE,258,-62
1786036125.859,2026-08-07 00:08:45,MANUAL,True,-7.9261967,112.5948876,233.7,0.0,0.0,IDLE,249,-71
1786036125.989,2026-08-07 00:08:45,MANUAL,True,-7.9261967,112.5948873,233.7,0.0,0.0,IDLE,237,-83
1786036126.102,2026-08-07 00:08:46,MANUAL,True,-7.9261967,112.5948872,233.7,0.0,0.0,IDLE,154,-166
1786036126.223,2026-08-07 00:08:46,MANUAL,True,-7.9261967,112.5948871,233.68,0.0,0.0,IDLE,222,-98
1786036126.389,2026-08-07 00:08:46,MANUAL,True,-7.9261967,112.5948868,233.68,0.0,0.0,IDLE,244,-76
1786036126.506,2026-08-07 00:08:46,MANUAL,True,-7.9261966,112.5948865,233.67,0.0,0.0,IDLE,273,-47
1786036126.625,2026-08-07 00:08:46,MANUAL,True,-7.9261965,112.5948861,233.67,0.0,0.0,IDLE,,
1786036126.747,2026-08-07 00:08:46,MANUAL,True,-7.9261964,112.5948856,233.68,0.0,0.0,IDLE,380,60
1786036126.862,2026-08-07 00:08:46,MANUAL,True,-7.9261962,112.5948851,233.67,0.0,0.0,IDLE,,
1786036126.981,2026-08-07 00:08:46,MANUAL,True,-7.9261961,112.5948841,233.69,0.0,0.0,IDLE,,
1786036127.109,2026-08-07 00:08:47,MANUAL,True,-7.926196,112.5948837,233.69,0.0,0.0,IDLE,,
1786036127.232,2026-08-07 00:08:47,MANUAL,True,-7.9261961,112.5948832,233.68,0.0,0.0,IDLE,287,-33
1786036127.415,2026-08-07 00:08:47,MANUAL,True,-7.9261962,112.5948824,233.7,0.0,0.0,IDLE,,
1786036127.531,2026-08-07 00:08:47,MANUAL,True,-7.9261962,112.5948818,233.71,0.0,0.0,IDLE,,
1786036127.667,2026-08-07 00:08:47,MANUAL,True,-7.9261962,112.5948815,233.71,0.0,0.0,IDLE,,
1786036127.784,2026-08-07 00:08:47,MANUAL,True,-7.9261962,112.5948805,233.73,0.0,0.0,IDLE,,
1786036127.903,2026-08-07 00:08:47,MANUAL,True,-7.9261962,112.59488,233.73,0.0,0.0,IDLE,,
1786036128.021,2026-08-07 00:08:48,MANUAL,True,-7.9261962,112.5948796,233.73,0.0,0.0,IDLE,,
1786036128.150,2026-08-07 00:08:48,MANUAL,True,-7.9261962,112.5948792,233.73,0.0,0.0,IDLE,,
1786036128.267,2026-08-07 00:08:48,MANUAL,True,-7.9261962,112.5948787,233.73,0.0,0.0,IDLE,,
1786036128.418,2026-08-07 00:08:48,MANUAL,True,-7.9261962,112.5948775,233.74,0.0,0.0,IDLE,,
1786036128.543,2026-08-07 00:08:48,MANUAL,True,-7.9261963,112.594877,233.75,0.0,0.0,IDLE,,
1786036128.658,2026-08-07 00:08:48,MANUAL,True,-7.9261963,112.594877,233.75,0.0,0.0,IDLE,,
1786036128.775,2026-08-07 00:08:48,MANUAL,True,-7.9261964,112.5948757,233.76,0.0,0.0,IDLE,,
1786036128.921,2026-08-07 00:08:48,MANUAL,True,-7.9261964,112.5948744,233.73,0.0,0.0,IDLE,,
1786036129.057,2026-08-07 00:08:49,MANUAL,True,-7.9261964,112.5948738,233.75,0.0,0.0,IDLE,,
1786036129.340,2026-08-07 00:08:49,MANUAL,True,-7.9261964,112.594872,233.74,0.0,0.0,IDLE,,
1786036129.562,2026-08-07 00:08:49,MANUAL,True,-7.9261964,112.5948706,233.77,0.0,0.0,IDLE,,
1786036129.694,2026-08-07 00:08:49,MANUAL,True,-7.9261966,112.5948696,233.78,0.0,0.0,IDLE,,
1786036129.863,2026-08-07 00:08:49,MANUAL,True,-7.9261966,112.5948688,233.77,0.0,0.0,IDLE,,
1786036129.981,2026-08-07 00:08:49,MANUAL,True,-7.9261966,112.5948682,233.77,0.0,0.0,IDLE,,
1786036130.093,2026-08-07 00:08:50,MANUAL,True,-7.9261965,112.594867,233.76,0.0,0.0,IDLE,,
1786036130.223,2026-08-07 00:08:50,MANUAL,True,-7.9261965,112.5948661,233.76,0.0,0.0,IDLE,,
1786036130.393,2026-08-07 00:08:50,MANUAL,True,-7.9261965,112.5948647,233.75,0.0,0.0,IDLE,,
1786036130.521,2026-08-07 00:08:50,MANUAL,True,-7.9261965,112.5948639,233.75,0.0,0.0,IDLE,,
1786036130.639,2026-08-07 00:08:50,MANUAL,True,-7.9261965,112.5948634,233.74,0.0,0.0,IDLE,,
1786036130.753,2026-08-07 00:08:50,MANUAL,True,-7.9261964,112.5948629,233.75,0.0,0.0,IDLE,,
1786036130.864,2026-08-07 00:08:50,MANUAL,True,-7.9261964,112.5948622,233.76,0.0,0.0,IDLE,,
1786036130.990,2026-08-07 00:08:50,MANUAL,True,-7.9261963,112.5948616,233.78,0.0,0.0,IDLE,,
1786036131.101,2026-08-07 00:08:51,MANUAL,True,-7.9261962,112.5948605,233.78,0.0,0.0,IDLE,,
1786036131.214,2026-08-07 00:08:51,MANUAL,True,-7.9261962,112.5948597,233.77,0.0,0.0,IDLE,,
1786036131.334,2026-08-07 00:08:51,MANUAL,True,-7.9261962,112.5948593,233.78,0.0,0.0,IDLE,,
1786036131.449,2026-08-07 00:08:51,MANUAL,True,-7.9261961,112.5948586,233.77,0.0,0.0,IDLE,,
1786036131.567,2026-08-07 00:08:51,MANUAL,True,-7.9261961,112.5948581,233.77,0.0,0.0,IDLE,,
1786036131.678,2026-08-07 00:08:51,MANUAL,True,-7.926196,112.5948571,233.76,0.0,0.0,IDLE,,
1786036131.789,2026-08-07 00:08:51,MANUAL,True,-7.926196,112.5948571,233.76,0.0,0.0,IDLE,,
1786036131.902,2026-08-07 00:08:51,MANUAL,True,-7.926196,112.5948559,233.77,0.0,0.0,IDLE,,
1786036132.042,2026-08-07 00:08:52,MANUAL,True,-7.926196,112.5948552,233.78,0.0,0.0,IDLE,,
1786036132.286,2026-08-07 00:08:52,MANUAL,True,-7.9261959,112.5948535,233.76,0.0,0.0,IDLE,,
1786036132.674,2026-08-07 00:08:52,MANUAL,True,-7.9261958,112.5948519,233.79,0.0,0.0,IDLE,,
1786036132.826,2026-08-07 00:08:52,MANUAL,True,-7.9261957,112.5948499,233.8,0.0,0.0,IDLE,,
1786036132.982,2026-08-07 00:08:52,MANUAL,True,-7.9261957,112.5948492,233.8,0.0,0.0,IDLE,,
1786036133.154,2026-08-07 00:08:53,MANUAL,True,-7.9261957,112.5948479,233.81,0.0,0.0,IDLE,,
1786036133.271,2026-08-07 00:08:53,MANUAL,True,-7.9261958,112.5948473,233.81,0.0,0.0,IDLE,,
1786036133.388,2026-08-07 00:08:53,MANUAL,True,-7.9261959,112.5948468,233.81,0.0,0.0,IDLE,,
1786036133.508,2026-08-07 00:08:53,MANUAL,True,-7.9261959,112.5948463,233.81,0.0,0.0,IDLE,,
1786036133.628,2026-08-07 00:08:53,MANUAL,True,-7.926196,112.5948453,233.81,0.0,0.0,IDLE,,
1786036133.749,2026-08-07 00:08:53,MANUAL,True,-7.9261961,112.5948448,233.82,0.0,0.0,IDLE,,
1786036133.856,2026-08-07 00:08:53,MANUAL,True,-7.9261962,112.5948443,233.83,0.0,0.0,IDLE,,
1786036133.972,2026-08-07 00:08:53,MANUAL,True,-7.9261964,112.5948439,233.85,0.0,0.0,IDLE,,
1786036134.085,2026-08-07 00:08:54,MANUAL,True,-7.9261965,112.5948434,233.85,0.0,0.0,IDLE,,
1786036134.196,2026-08-07 00:08:54,MANUAL,True,-7.9261965,112.5948423,233.84,0.0,0.0,IDLE,,
1786036134.305,2026-08-07 00:08:54,MANUAL,True,-7.9261965,112.5948418,233.84,0.0,0.0,IDLE,,
1786036134.421,2026-08-07 00:08:54,MANUAL,True,-7.9261966,112.5948413,233.85,0.0,0.0,IDLE,,
1786036134.533,2026-08-07 00:08:54,MANUAL,True,-7.9261966,112.5948413,233.85,0.0,0.0,IDLE,,
1786036134.648,2026-08-07 00:08:54,MANUAL,True,-7.9261967,112.5948402,233.84,0.0,0.0,IDLE,,
1786036134.762,2026-08-07 00:08:54,MANUAL,True,-7.9261967,112.5948399,233.84,0.0,0.0,IDLE,,
1786036134.875,2026-08-07 00:08:54,MANUAL,True,-7.9261968,112.5948394,233.84,0.0,0.0,IDLE,,
1786036135.005,2026-08-07 00:08:55,MANUAL,True,-7.926197,112.5948384,233.82,0.0,0.0,IDLE,125,-195
1786036135.122,2026-08-07 00:08:55,MANUAL,True,-7.926197,112.5948379,233.81,0.0,0.0,IDLE,,
1786036135.245,2026-08-07 00:08:55,MANUAL,True,-7.9261971,112.5948373,233.81,0.0,0.0,IDLE,,
1786036135.360,2026-08-07 00:08:55,MANUAL,True,-7.9261971,112.5948369,233.83,0.0,0.0,IDLE,,
1786036135.472,2026-08-07 00:08:55,MANUAL,True,-7.9261972,112.5948366,233.83,0.0,0.0,IDLE,,
1786036135.588,2026-08-07 00:08:55,MANUAL,True,-7.9261972,112.5948362,233.83,0.0,0.0,IDLE,,
1786036135.703,2026-08-07 00:08:55,MANUAL,True,-7.9261972,112.5948362,233.83,0.0,0.0,IDLE,,
1786036135.816,2026-08-07 00:08:55,MANUAL,True,-7.9261971,112.5948353,233.82,0.0,0.0,IDLE,,
1786036135.930,2026-08-07 00:08:55,MANUAL,True,-7.9261971,112.594835,233.81,0.0,0.0,IDLE,,
1786036136.041,2026-08-07 00:08:56,MANUAL,True,-7.9261971,112.5948347,233.81,0.0,0.0,IDLE,,
1786036136.151,2026-08-07 00:08:56,MANUAL,True,-7.9261971,112.5948345,233.8,0.0,0.0,IDLE,,
1786036136.261,2026-08-07 00:08:56,MANUAL,True,-7.9261971,112.5948341,233.79,0.0,0.0,IDLE,,
1786036136.420,2026-08-07 00:08:56,MANUAL,True,-7.9261971,112.5948335,233.78,0.0,0.0,IDLE,,
1786036136.593,2026-08-07 00:08:56,MANUAL,True,-7.9261971,112.5948335,233.78,0.0,0.0,IDLE,,
1786036136.741,2026-08-07 00:08:56,MANUAL,True,-7.926197,112.5948323,233.77,0.0,0.0,IDLE,,
1786036136.959,2026-08-07 00:08:56,MANUAL,True,-7.9261968,112.5948316,233.76,0.0,0.0,IDLE,,
1786036137.113,2026-08-07 00:08:57,MANUAL,True,-7.9261968,112.5948313,233.76,0.0,0.0,IDLE,,
1786036137.270,2026-08-07 00:08:57,MANUAL,True,-7.9261968,112.5948306,233.76,0.0,0.0,IDLE,,
1786036137.464,2026-08-07 00:08:57,MANUAL,True,-7.9261968,112.5948299,233.75,0.0,0.0,IDLE,,
1786036137.600,2026-08-07 00:08:57,MANUAL,True,-7.9261968,112.5948299,233.75,0.0,0.0,IDLE,,
1786036137.768,2026-08-07 00:08:57,MANUAL,True,-7.9261968,112.5948287,233.74,0.0,0.0,IDLE,,
1786036138.151,2026-08-07 00:08:58,MANUAL,True,-7.9261967,112.5948276,233.76,0.0,0.0,IDLE,,
1786036138.257,2026-08-07 00:08:58,MANUAL,True,-7.9261967,112.5948273,233.75,0.0,0.0,IDLE,,
1786036138.365,2026-08-07 00:08:58,MANUAL,True,-7.9261967,112.594827,233.75,0.0,0.0,IDLE,,
1786036138.477,2026-08-07 00:08:58,MANUAL,True,-7.9261967,112.5948267,233.76,0.0,0.0,IDLE,,
1786036138.585,2026-08-07 00:08:58,MANUAL,True,-7.9261967,112.5948267,233.76,0.0,0.0,IDLE,,
1786036138.696,2026-08-07 00:08:58,MANUAL,True,-7.9261967,112.5948261,233.76,0.0,0.0,IDLE,,
1786036138.809,2026-08-07 00:08:58,MANUAL,True,-7.9261967,112.5948257,233.76,0.0,0.0,IDLE,,
1786036138.917,2026-08-07 00:08:58,MANUAL,True,-7.9261967,112.5948254,233.76,0.0,0.0,IDLE,,
1786036139.029,2026-08-07 00:08:59,MANUAL,True,-7.9261969,112.594825,233.77,0.0,0.0,IDLE,,
1786036139.140,2026-08-07 00:08:59,MANUAL,True,-7.9261969,112.5948248,233.76,0.0,0.0,IDLE,,
1786036139.248,2026-08-07 00:08:59,MANUAL,True,-7.9261969,112.5948245,233.76,0.0,0.0,IDLE,,
1786036139.363,2026-08-07 00:08:59,MANUAL,True,-7.9261969,112.5948241,233.75,0.0,0.0,IDLE,,
1786036139.474,2026-08-07 00:08:59,MANUAL,True,-7.9261969,112.5948241,233.75,0.0,0.0,IDLE,,
1786036139.582,2026-08-07 00:08:59,MANUAL,True,-7.926197,112.5948239,233.75,0.0,0.0,IDLE,,
1786036139.691,2026-08-07 00:08:59,MANUAL,True,-7.926197,112.5948237,233.74,0.0,0.0,IDLE,,
1786036139.801,2026-08-07 00:08:59,MANUAL,True,-7.926197,112.5948236,233.75,0.0,0.0,IDLE,,
1786036139.913,2026-08-07 00:08:59,MANUAL,True,-7.926197,112.5948235,233.74,0.0,0.0,IDLE,,
1786036140.021,2026-08-07 00:09:00,MANUAL,True,-7.9261971,112.5948234,233.73,0.0,0.0,IDLE,,
1786036140.132,2026-08-07 00:09:00,MANUAL,True,-7.9261971,112.5948233,233.73,0.0,0.0,IDLE,,
1786036140.242,2026-08-07 00:09:00,MANUAL,True,-7.9261971,112.5948231,233.72,0.0,0.0,IDLE,,
1786036140.355,2026-08-07 00:09:00,MANUAL,True,-7.9261972,112.5948229,233.72,0.0,0.0,IDLE,,
1786036140.470,2026-08-07 00:09:00,MANUAL,True,-7.9261972,112.5948227,233.73,0.0,0.0,IDLE,,
1786036140.579,2026-08-07 00:09:00,MANUAL,True,-7.9261972,112.5948226,233.72,0.0,0.0,IDLE,,
1786036140.691,2026-08-07 00:09:00,MANUAL,True,-7.9261972,112.5948223,233.71,0.0,0.0,IDLE,,
1786036140.801,2026-08-07 00:09:00,MANUAL,True,-7.9261972,112.5948221,233.71,0.0,0.0,IDLE,,
1786036140.910,2026-08-07 00:09:00,MANUAL,True,-7.9261972,112.5948221,233.71,0.0,0.0,IDLE,,
1786036141.019,2026-08-07 00:09:01,MANUAL,True,-7.9261972,112.5948219,233.72,0.0,0.0,IDLE,,
1786036141.134,2026-08-07 00:09:01,MANUAL,True,-7.9261972,112.5948219,233.71,0.0,0.0,IDLE,,
1786036141.249,2026-08-07 00:09:01,MANUAL,True,-7.9261972,112.5948217,233.71,0.0,0.0,IDLE,,
1786036141.366,2026-08-07 00:09:01,MANUAL,True,-7.9261972,112.5948216,233.7,0.0,0.0,IDLE,,
1786036141.478,2026-08-07 00:09:01,MANUAL,True,-7.9261972,112.5948215,233.7,0.0,0.0,IDLE,,
1786036141.587,2026-08-07 00:09:01,MANUAL,True,-7.9261973,112.5948214,233.7,0.0,0.0,IDLE,,
1786036141.695,2026-08-07 00:09:01,MANUAL,True,-7.9261973,112.5948214,233.7,0.0,0.0,IDLE,,
1786036141.808,2026-08-07 00:09:01,MANUAL,True,-7.9261973,112.5948214,233.69,0.0,0.0,IDLE,,
1786036141.921,2026-08-07 00:09:01,MANUAL,True,-7.9261972,112.5948214,233.68,0.0,0.0,IDLE,,
1786036142.034,2026-08-07 00:09:02,MANUAL,True,-7.9261972,112.5948215,233.66,0.0,0.0,IDLE,128,-192
1786036142.144,2026-08-07 00:09:02,MANUAL,True,-7.9261972,112.5948215,233.66,0.0,0.0,IDLE,,
1786036142.253,2026-08-07 00:09:02,MANUAL,True,-7.9261973,112.5948214,233.68,0.0,0.0,IDLE,,
1786036142.361,2026-08-07 00:09:02,MANUAL,True,-7.9261973,112.5948213,233.67,0.0,0.0,IDLE,,
1786036142.473,2026-08-07 00:09:02,MANUAL,True,-7.9261973,112.5948213,233.67,0.0,0.0,IDLE,,
1786036142.587,2026-08-07 00:09:02,MANUAL,True,-7.9261974,112.5948212,233.66,0.0,0.0,IDLE,,
1786036142.702,2026-08-07 00:09:02,MANUAL,True,-7.9261974,112.5948211,233.65,0.0,0.0,IDLE,,
1786036142.969,2026-08-07 00:09:02,MANUAL,True,-7.9261977,112.5948208,233.67,0.0,0.0,IDLE,,
1786036143.233,2026-08-07 00:09:03,MANUAL,True,-7.9261979,112.5948204,233.65,0.0,0.0,IDLE,,
1786036143.388,2026-08-07 00:09:03,MANUAL,True,-7.9261981,112.5948202,233.65,0.0,0.0,IDLE,,
1786036143.506,2026-08-07 00:09:03,MANUAL,True,-7.9261981,112.5948201,233.65,0.0,0.0,IDLE,,
1786036143.619,2026-08-07 00:09:03,MANUAL,True,-7.9261981,112.5948201,233.65,0.0,0.0,IDLE,,
1786036143.730,2026-08-07 00:09:03,MANUAL,True,-7.9261981,112.5948201,233.64,0.0,0.0,IDLE,,
1786036143.844,2026-08-07 00:09:03,MANUAL,True,-7.9261983,112.59482,233.64,0.0,0.0,IDLE,,
1786036143.965,2026-08-07 00:09:03,MANUAL,True,-7.9261985,112.5948198,233.65,0.0,0.0,IDLE,,
1786036144.080,2026-08-07 00:09:04,MANUAL,True,-7.9261986,112.5948198,233.62,0.0,0.0,IDLE,,
1786036144.194,2026-08-07 00:09:04,MANUAL,True,-7.9261987,112.5948198,233.63,0.0,0.0,IDLE,,
1786036144.312,2026-08-07 00:09:04,MANUAL,True,-7.9261988,112.5948198,233.62,0.0,0.0,IDLE,,
1786036144.432,2026-08-07 00:09:04,MANUAL,True,-7.9261989,112.5948198,233.63,0.0,0.0,IDLE,,
1786036144.568,2026-08-07 00:09:04,MANUAL,True,-7.926199,112.5948198,233.63,0.0,0.0,IDLE,,
1786036144.677,2026-08-07 00:09:04,MANUAL,True,-7.9261992,112.5948198,233.62,0.0,0.0,IDLE,,
1786036144.791,2026-08-07 00:09:04,MANUAL,True,-7.9261992,112.5948198,233.62,0.0,0.0,IDLE,,
1786036144.903,2026-08-07 00:09:04,MANUAL,True,-7.9261996,112.59482,233.63,0.0,0.0,IDLE,,
1786036145.022,2026-08-07 00:09:05,MANUAL,True,-7.9261997,112.59482,233.66,0.0,0.0,IDLE,,
1786036145.142,2026-08-07 00:09:05,MANUAL,True,-7.9261998,112.59482,233.66,0.0,0.0,IDLE,,
1786036145.266,2026-08-07 00:09:05,MANUAL,True,-7.9261999,112.59482,233.64,0.0,0.0,IDLE,,
1786036145.382,2026-08-07 00:09:05,MANUAL,True,-7.9261999,112.5948201,233.65,0.0,0.0,IDLE,,
1786036145.502,2026-08-07 00:09:05,MANUAL,True,-7.9262,112.5948202,233.65,0.0,0.0,IDLE,,
1786036145.615,2026-08-07 00:09:05,MANUAL,True,-7.9262001,112.5948205,233.66,0.0,0.0,IDLE,,
1786036145.725,2026-08-07 00:09:05,MANUAL,True,-7.9262002,112.5948207,233.65,0.0,0.0,IDLE,,
1786036145.834,2026-08-07 00:09:05,MANUAL,True,-7.9262002,112.5948208,233.65,0.0,0.0,IDLE,,
1786036145.950,2026-08-07 00:09:05,MANUAL,True,-7.9262003,112.5948209,233.66,0.0,0.0,IDLE,,
1786036146.059,2026-08-07 00:09:06,MANUAL,True,-7.9262003,112.594821,233.67,0.0,0.0,IDLE,,
1786036146.177,2026-08-07 00:09:06,MANUAL,True,-7.9262004,112.5948211,233.68,0.0,0.0,IDLE,122,-198
1786036146.296,2026-08-07 00:09:06,MANUAL,True,-7.9262005,112.5948212,233.7,0.0,0.0,IDLE,,
1786036146.414,2026-08-07 00:09:06,MANUAL,True,-7.9262005,112.5948212,233.72,0.0,0.0,IDLE,,
1786036146.590,2026-08-07 00:09:06,MANUAL,True,-7.9262005,112.5948212,233.72,0.0,0.0,IDLE,,
1786036146.737,2026-08-07 00:09:06,MANUAL,True,-7.9262006,112.5948212,233.7,0.0,0.0,IDLE,,
1786036146.855,2026-08-07 00:09:06,MANUAL,True,-7.9262006,112.5948212,233.7,0.0,0.0,IDLE,120,-200
1786036146.975,2026-08-07 00:09:06,MANUAL,True,-7.9262006,112.5948212,233.7,0.0,0.0,IDLE,119,-201
1786036147.091,2026-08-07 00:09:07,MANUAL,True,-7.9262006,112.5948212,233.7,0.0,0.0,IDLE,,
1786036147.214,2026-08-07 00:09:07,MANUAL,True,-7.9262006,112.5948214,233.68,0.0,0.0,IDLE,,
1786036147.349,2026-08-07 00:09:07,MANUAL,True,-7.9262006,112.5948215,233.68,0.0,0.0,IDLE,,
1786036147.467,2026-08-07 00:09:07,MANUAL,True,-7.9262006,112.5948217,233.68,0.0,0.0,IDLE,,
1786036147.605,2026-08-07 00:09:07,MANUAL,True,-7.9262005,112.5948219,233.67,0.0,0.0,IDLE,,
1786036147.734,2026-08-07 00:09:07,MANUAL,True,-7.9262006,112.5948222,233.69,0.0,0.0,IDLE,,
1786036147.876,2026-08-07 00:09:07,MANUAL,True,-7.9262007,112.5948224,233.7,0.0,0.0,IDLE,,
1786036147.995,2026-08-07 00:09:07,MANUAL,True,-7.9262008,112.5948227,233.69,0.0,0.0,IDLE,,
1786036148.121,2026-08-07 00:09:08,MANUAL,True,-7.9262008,112.5948229,233.69,0.0,0.0,IDLE,,
1786036148.244,2026-08-07 00:09:08,MANUAL,True,-7.9262008,112.5948231,233.7,0.0,0.0,IDLE,,
1786036148.357,2026-08-07 00:09:08,MANUAL,True,-7.9262008,112.5948233,233.7,0.0,0.0,IDLE,,
1786036148.477,2026-08-07 00:09:08,MANUAL,True,-7.9262007,112.5948235,233.7,0.0,0.0,IDLE,124,-196
1786036148.596,2026-08-07 00:09:08,MANUAL,True,-7.9262007,112.5948237,233.72,0.0,0.0,IDLE,124,-196
1786036148.720,2026-08-07 00:09:08,MANUAL,True,-7.9262007,112.5948238,233.74,0.0,0.0,IDLE,,
1786036148.847,2026-08-07 00:09:08,MANUAL,True,-7.9262007,112.5948239,233.73,0.0,0.0,IDLE,,
1786036148.974,2026-08-07 00:09:08,MANUAL,True,-7.9262005,112.5948242,233.73,0.0,0.0,IDLE,,
1786036149.086,2026-08-07 00:09:09,MANUAL,True,-7.9262005,112.5948244,233.72,0.0,0.0,IDLE,125,-195
1786036149.199,2026-08-07 00:09:09,MANUAL,True,-7.9262005,112.5948248,233.74,0.0,0.0,IDLE,,
1786036149.311,2026-08-07 00:09:09,MANUAL,True,-7.9262005,112.594825,233.73,0.0,0.0,IDLE,,
1786036149.421,2026-08-07 00:09:09,MANUAL,True,-7.9262005,112.5948252,233.72,0.0,0.0,IDLE,,
1786036149.529,2026-08-07 00:09:09,MANUAL,True,-7.9262005,112.5948252,233.72,0.0,0.0,IDLE,,
1786036149.638,2026-08-07 00:09:09,MANUAL,True,-7.9262005,112.5948255,233.71,0.0,0.0,IDLE,,
1786036149.748,2026-08-07 00:09:09,MANUAL,True,-7.9262005,112.5948257,233.74,0.0,0.0,IDLE,,
1786036149.859,2026-08-07 00:09:09,MANUAL,True,-7.9262005,112.5948258,233.74,0.0,0.0,IDLE,,
1786036149.982,2026-08-07 00:09:09,MANUAL,True,-7.9262004,112.594826,233.72,0.0,0.0,IDLE,,
1786036150.089,2026-08-07 00:09:10,MANUAL,True,-7.9262004,112.5948262,233.72,0.0,0.0,IDLE,,
1786036150.202,2026-08-07 00:09:10,MANUAL,True,-7.9262005,112.5948265,233.71,0.0,0.0,IDLE,,
1786036150.338,2026-08-07 00:09:10,MANUAL,True,-7.9262005,112.5948266,233.72,0.0,0.0,IDLE,,
1786036150.455,2026-08-07 00:09:10,MANUAL,True,-7.9262005,112.5948267,233.73,0.0,0.0,IDLE,,
1786036150.569,2026-08-07 00:09:10,MANUAL,True,-7.9262005,112.5948268,233.73,0.0,0.0,IDLE,,
1786036150.678,2026-08-07 00:09:10,MANUAL,True,-7.9262005,112.5948269,233.72,0.0,0.0,IDLE,,
1786036150.786,2026-08-07 00:09:10,MANUAL,True,-7.9262005,112.594827,233.71,0.0,0.0,IDLE,,
1786036151.241,2026-08-07 00:09:11,MANUAL,True,-7.9262007,112.5948277,233.72,0.0,0.0,IDLE,,
1786036151.404,2026-08-07 00:09:11,MANUAL,True,-7.9262007,112.594828,233.72,0.0,0.0,IDLE,126,-194
1786036151.538,2026-08-07 00:09:11,MANUAL,True,-7.9262008,112.5948282,233.71,0.0,0.0,IDLE,,
1786036151.647,2026-08-07 00:09:11,MANUAL,True,-7.9262008,112.5948283,233.71,0.0,0.0,IDLE,,
1786036151.761,2026-08-07 00:09:11,MANUAL,True,-7.9262009,112.5948284,233.73,0.0,0.0,IDLE,,
1786036151.873,2026-08-07 00:09:11,MANUAL,True,-7.9262009,112.5948285,233.72,0.0,0.0,IDLE,124,-196
1786036151.991,2026-08-07 00:09:11,MANUAL,True,-7.9262009,112.5948286,233.73,0.0,0.0,IDLE,,
1786036152.097,2026-08-07 00:09:12,MANUAL,True,-7.9262009,112.5948289,233.73,0.0,0.0,IDLE,,
1786036152.210,2026-08-07 00:09:12,MANUAL,True,-7.926201,112.594829,233.73,0.0,0.0,IDLE,,
1786036152.323,2026-08-07 00:09:12,MANUAL,True,-7.926201,112.5948291,233.73,0.0,0.0,IDLE,,
1786036152.436,2026-08-07 00:09:12,MANUAL,True,-7.926201,112.5948292,233.72,0.0,0.0,IDLE,,
1786036152.546,2026-08-07 00:09:12,MANUAL,True,-7.926201,112.5948294,233.74,0.0,0.0,IDLE,,
1786036152.656,2026-08-07 00:09:12,MANUAL,True,-7.926201,112.5948294,233.74,0.0,0.0,IDLE,,
1786036152.766,2026-08-07 00:09:12,MANUAL,True,-7.926201,112.5948295,233.74,0.0,0.0,IDLE,,
1786036152.876,2026-08-07 00:09:12,MANUAL,True,-7.926201,112.5948296,233.75,0.0,0.0,IDLE,,
1786036153.005,2026-08-07 00:09:13,MANUAL,True,-7.9262012,112.5948299,233.74,0.0,0.0,IDLE,,
1786036153.116,2026-08-07 00:09:13,MANUAL,True,-7.9262012,112.59483,233.74,0.0,0.0,IDLE,,
1786036153.227,2026-08-07 00:09:13,MANUAL,True,-7.9262012,112.5948302,233.75,0.0,0.0,IDLE,,
1786036153.337,2026-08-07 00:09:13,MANUAL,True,-7.9262012,112.5948304,233.76,0.0,0.0,IDLE,,
1786036153.452,2026-08-07 00:09:13,MANUAL,True,-7.9262012,112.5948306,233.76,0.0,0.0,IDLE,,
1786036153.566,2026-08-07 00:09:13,MANUAL,True,-7.9262012,112.5948308,233.77,0.0,0.0,IDLE,122,-198
1786036153.679,2026-08-07 00:09:13,MANUAL,True,-7.9262012,112.5948309,233.78,0.0,0.0,IDLE,122,-198
1786036153.787,2026-08-07 00:09:13,MANUAL,True,-7.9262012,112.5948311,233.79,0.0,0.0,IDLE,,
1786036153.925,2026-08-07 00:09:13,MANUAL,True,-7.9262014,112.5948317,233.8,0.0,0.0,IDLE,124,-196
1786036154.034,2026-08-07 00:09:14,MANUAL,True,-7.9262014,112.5948318,233.8,0.0,0.0,IDLE,,
1786036154.147,2026-08-07 00:09:14,MANUAL,True,-7.9262014,112.5948319,233.79,0.0,0.0,IDLE,,
1786036154.262,2026-08-07 00:09:14,MANUAL,True,-7.9262014,112.5948321,233.79,0.0,0.0,IDLE,,
1786036154.371,2026-08-07 00:09:14,MANUAL,True,-7.9262014,112.5948322,233.8,0.0,0.0,IDLE,,
1786036154.483,2026-08-07 00:09:14,MANUAL,True,-7.9262014,112.5948325,233.8,0.0,0.0,IDLE,121,-199
1786036154.609,2026-08-07 00:09:14,MANUAL,True,-7.9262015,112.594833,233.78,0.0,0.0,IDLE,124,-196
1786036155.159,2026-08-07 00:09:15,MANUAL,True,-7.9262018,112.5948339,233.78,0.0,0.0,IDLE,,
1786036155.295,2026-08-07 00:09:15,MANUAL,True,-7.9262018,112.5948342,233.79,0.0,0.0,IDLE,127,-193
1786036155.426,2026-08-07 00:09:15,MANUAL,True,-7.9262019,112.5948346,233.78,0.0,0.0,IDLE,,
1786036155.538,2026-08-07 00:09:15,MANUAL,True,-7.9262019,112.5948349,233.78,0.0,0.0,IDLE,,
1786036155.651,2026-08-07 00:09:15,MANUAL,True,-7.9262019,112.594835,233.78,0.0,0.0,IDLE,,
1786036155.766,2026-08-07 00:09:15,MANUAL,True,-7.9262019,112.5948352,233.77,0.0,0.0,IDLE,,
1786036155.881,2026-08-07 00:09:15,MANUAL,True,-7.9262019,112.5948354,233.79,0.0,0.0,IDLE,,
1786036156.000,2026-08-07 00:09:16,MANUAL,True,-7.926202,112.5948359,233.81,0.0,0.0,IDLE,,
1786036156.115,2026-08-07 00:09:16,MANUAL,True,-7.926202,112.5948361,233.82,0.0,0.0,IDLE,,
1786036156.226,2026-08-07 00:09:16,MANUAL,True,-7.9262021,112.5948363,233.83,0.0,0.0,IDLE,,
1786036156.338,2026-08-07 00:09:16,MANUAL,True,-7.9262021,112.5948366,233.82,0.0,0.0,IDLE,,
1786036156.453,2026-08-07 00:09:16,MANUAL,True,-7.9262022,112.5948368,233.79,0.0,0.0,IDLE,,
1786036156.565,2026-08-07 00:09:16,MANUAL,True,-7.9262022,112.594837,233.79,0.0,0.0,IDLE,,
1786036156.680,2026-08-07 00:09:16,MANUAL,True,-7.9262023,112.5948372,233.79,0.0,0.0,IDLE,,
1786036156.793,2026-08-07 00:09:16,MANUAL,True,-7.9262025,112.5948376,233.8,0.0,0.0,IDLE,,
1786036156.908,2026-08-07 00:09:16,MANUAL,True,-7.9262027,112.5948378,233.8,0.0,0.0,IDLE,,
1786036157.018,2026-08-07 00:09:17,MANUAL,True,-7.9262027,112.594838,233.79,0.0,0.0,IDLE,,
1786036157.130,2026-08-07 00:09:17,MANUAL,True,-7.9262028,112.5948382,233.8,0.0,0.0,IDLE,,
1786036157.238,2026-08-07 00:09:17,MANUAL,True,-7.9262029,112.5948384,233.79,0.0,0.0,IDLE,,
1786036157.349,2026-08-07 00:09:17,MANUAL,True,-7.926203,112.5948386,233.78,0.0,0.0,IDLE,,
1786036157.469,2026-08-07 00:09:17,MANUAL,True,-7.9262031,112.5948388,233.79,0.0,0.0,IDLE,,
1786036157.581,2026-08-07 00:09:17,MANUAL,True,-7.9262032,112.594839,233.81,0.0,0.0,IDLE,,
1786036157.698,2026-08-07 00:09:17,MANUAL,True,-7.9262033,112.5948393,233.79,0.0,0.0,IDLE,,
1786036157.808,2026-08-07 00:09:17,MANUAL,True,-7.9262034,112.5948395,233.79,0.0,0.0,IDLE,,
1786036157.932,2026-08-07 00:09:17,MANUAL,True,-7.9262036,112.5948397,233.79,0.0,0.0,IDLE,,
1786036158.043,2026-08-07 00:09:18,MANUAL,True,-7.9262036,112.5948398,233.78,0.0,0.0,IDLE,,
1786036158.154,2026-08-07 00:09:18,MANUAL,True,-7.9262037,112.59484,233.76,0.0,0.0,IDLE,,
1786036158.266,2026-08-07 00:09:18,MANUAL,True,-7.9262039,112.5948401,233.76,0.0,0.0,IDLE,,
1786036158.377,2026-08-07 00:09:18,MANUAL,True,-7.926204,112.5948403,233.76,0.0,0.0,IDLE,,
1786036158.491,2026-08-07 00:09:18,MANUAL,True,-7.9262041,112.5948404,233.77,0.0,0.0,IDLE,,
1786036158.604,2026-08-07 00:09:18,MANUAL,True,-7.9262042,112.5948406,233.75,0.0,0.0,IDLE,,
1786036158.717,2026-08-07 00:09:18,MANUAL,True,-7.9262043,112.5948406,233.75,0.0,0.0,IDLE,,
1786036158.827,2026-08-07 00:09:18,MANUAL,True,-7.9262043,112.5948407,233.75,0.0,0.0,IDLE,,
1786036158.940,2026-08-07 00:09:18,MANUAL,True,-7.9262044,112.5948408,233.74,0.0,0.0,IDLE,,
1786036159.051,2026-08-07 00:09:19,MANUAL,True,-7.9262045,112.5948408,233.73,0.0,0.0,IDLE,,
1786036159.165,2026-08-07 00:09:19,MANUAL,True,-7.9262046,112.5948408,233.72,0.0,0.0,IDLE,,
1786036159.284,2026-08-07 00:09:19,MANUAL,True,-7.9262046,112.5948409,233.73,0.0,0.0,IDLE,,
1786036159.396,2026-08-07 00:09:19,MANUAL,True,-7.9262047,112.5948409,233.72,0.0,0.0,IDLE,,
1786036159.515,2026-08-07 00:09:19,MANUAL,True,-7.9262048,112.5948409,233.72,0.0,0.0,IDLE,,
1786036159.623,2026-08-07 00:09:19,MANUAL,True,-7.9262048,112.5948408,233.73,0.0,0.0,IDLE,,
1786036159.733,2026-08-07 00:09:19,MANUAL,True,-7.9262048,112.5948408,233.73,0.0,0.0,IDLE,,
1786036159.844,2026-08-07 00:09:19,MANUAL,True,-7.9262049,112.5948408,233.74,0.0,0.0,IDLE,,
1786036159.957,2026-08-07 00:09:19,MANUAL,True,-7.9262049,112.5948407,233.75,0.0,0.0,IDLE,,
1786036160.069,2026-08-07 00:09:20,MANUAL,True,-7.926205,112.5948407,233.75,0.0,0.0,IDLE,,
1786036160.182,2026-08-07 00:09:20,MANUAL,True,-7.926205,112.5948407,233.76,0.0,0.0,IDLE,,
1786036160.291,2026-08-07 00:09:20,MANUAL,True,-7.926205,112.5948407,233.77,0.0,0.0,IDLE,,
1786036160.403,2026-08-07 00:09:20,MANUAL,True,-7.926205,112.5948405,233.78,0.0,0.0,IDLE,,
1786036160.517,2026-08-07 00:09:20,MANUAL,True,-7.9262051,112.5948405,233.78,0.0,0.0,IDLE,,
1786036160.628,2026-08-07 00:09:20,MANUAL,True,-7.9262051,112.5948405,233.78,0.0,0.0,IDLE,,
1786036160.744,2026-08-07 00:09:20,MANUAL,True,-7.9262051,112.5948405,233.78,0.0,0.0,IDLE,,
1786036160.859,2026-08-07 00:09:20,MANUAL,True,-7.9262051,112.5948405,233.79,0.0,0.0,IDLE,,
1786036160.979,2026-08-07 00:09:20,MANUAL,True,-7.9262051,112.5948405,233.79,0.0,0.0,IDLE,,
1786036161.090,2026-08-07 00:09:21,MANUAL,True,-7.9262052,112.5948405,233.78,0.0,0.0,IDLE,,
1786036161.201,2026-08-07 00:09:21,MANUAL,True,-7.9262053,112.5948405,233.79,0.0,0.0,IDLE,,
1786036161.312,2026-08-07 00:09:21,MANUAL,True,-7.9262053,112.5948404,233.78,0.0,0.0,IDLE,,
1786036161.422,2026-08-07 00:09:21,MANUAL,True,-7.9262053,112.5948404,233.79,0.0,0.0,IDLE,,
1786036161.759,2026-08-07 00:09:21,MANUAL,True,-7.9262054,112.5948403,233.79,0.0,0.0,IDLE,125,-195
1786036161.870,2026-08-07 00:09:21,MANUAL,True,-7.9262054,112.5948402,233.79,0.0,0.0,IDLE,125,-195
1786036161.986,2026-08-07 00:09:21,MANUAL,True,-7.9262054,112.5948402,233.79,0.0,0.0,IDLE,,
1786036162.098,2026-08-07 00:09:22,MANUAL,True,-7.9262054,112.5948401,233.81,0.0,0.0,IDLE,,
1786036162.209,2026-08-07 00:09:22,MANUAL,True,-7.9262054,112.59484,233.82,0.0,0.0,IDLE,,
1786036162.322,2026-08-07 00:09:22,MANUAL,True,-7.9262054,112.59484,233.82,0.0,0.0,IDLE,,
1786036162.440,2026-08-07 00:09:22,MANUAL,True,-7.9262053,112.59484,233.82,0.0,0.0,IDLE,,
1786036162.548,2026-08-07 00:09:22,MANUAL,True,-7.9262053,112.59484,233.81,0.0,0.0,IDLE,,
1786036162.659,2026-08-07 00:09:22,MANUAL,True,-7.9262054,112.59484,233.82,0.0,0.0,IDLE,,
1786036162.768,2026-08-07 00:09:22,MANUAL,True,-7.9262054,112.59484,233.82,0.0,0.0,IDLE,126,-194
1786036162.875,2026-08-07 00:09:22,MANUAL,True,-7.9262054,112.5948401,233.82,0.0,0.0,IDLE,,
1786036162.989,2026-08-07 00:09:22,MANUAL,True,-7.9262056,112.5948402,233.82,0.0,0.0,IDLE,,
1786036163.103,2026-08-07 00:09:23,MANUAL,True,-7.9262056,112.5948403,233.82,0.0,0.0,IDLE,,
1786036163.221,2026-08-07 00:09:23,MANUAL,True,-7.9262056,112.5948404,233.82,0.0,0.0,IDLE,,
1786036163.329,2026-08-07 00:09:23,MANUAL,True,-7.9262057,112.5948405,233.81,0.0,0.0,IDLE,,
1786036163.441,2026-08-07 00:09:23,MANUAL,True,-7.9262057,112.5948405,233.8,0.0,0.0,IDLE,,
1786036163.550,2026-08-07 00:09:23,MANUAL,True,-7.9262057,112.5948405,233.81,0.0,0.0,IDLE,,
1786036163.663,2026-08-07 00:09:23,MANUAL,True,-7.9262057,112.5948405,233.81,0.0,0.0,IDLE,,
1786036163.776,2026-08-07 00:09:23,MANUAL,True,-7.9262057,112.5948405,233.82,0.0,0.0,IDLE,,
1786036163.888,2026-08-07 00:09:23,MANUAL,True,-7.9262056,112.5948405,233.82,0.0,0.0,IDLE,,
1786036164.002,2026-08-07 00:09:24,MANUAL,True,-7.9262056,112.5948406,233.83,0.0,0.0,IDLE,,
1786036164.113,2026-08-07 00:09:24,MANUAL,True,-7.9262056,112.5948406,233.84,0.0,0.0,IDLE,,
1786036164.223,2026-08-07 00:09:24,MANUAL,True,-7.9262056,112.5948406,233.82,0.0,0.0,IDLE,,
1786036164.334,2026-08-07 00:09:24,MANUAL,True,-7.9262056,112.5948407,233.84,0.0,0.0,IDLE,,
1786036164.447,2026-08-07 00:09:24,MANUAL,True,-7.9262056,112.5948407,233.84,0.0,0.0,IDLE,,
1786036164.559,2026-08-07 00:09:24,MANUAL,True,-7.9262055,112.5948407,233.85,0.0,0.0,IDLE,,
1786036164.671,2026-08-07 00:09:24,MANUAL,True,-7.9262055,112.5948407,233.84,0.0,0.0,IDLE,,
1786036164.780,2026-08-07 00:09:24,MANUAL,True,-7.9262055,112.5948407,233.84,0.0,0.0,IDLE,,
1786036164.895,2026-08-07 00:09:24,MANUAL,True,-7.9262053,112.5948409,233.85,0.0,0.0,IDLE,,
1786036165.011,2026-08-07 00:09:25,MANUAL,True,-7.9262053,112.594841,233.88,0.0,0.0,IDLE,,
1786036165.143,2026-08-07 00:09:25,MANUAL,True,-7.9262053,112.594841,233.88,0.0,0.0,IDLE,,
1786036165.255,2026-08-07 00:09:25,MANUAL,True,-7.9262053,112.594841,233.88,0.0,0.0,IDLE,,
1786036165.379,2026-08-07 00:09:25,MANUAL,True,-7.9262053,112.594841,233.89,0.0,0.0,IDLE,,
1786036165.496,2026-08-07 00:09:25,MANUAL,True,-7.9262052,112.5948411,233.91,0.0,0.0,IDLE,,
1786036165.612,2026-08-07 00:09:25,MANUAL,True,-7.9262052,112.5948411,233.92,0.0,0.0,IDLE,,
1786036165.740,2026-08-07 00:09:25,MANUAL,True,-7.9262052,112.5948411,233.92,0.0,0.0,IDLE,,
1786036165.860,2026-08-07 00:09:25,MANUAL,True,-7.9262051,112.5948411,233.93,0.0,0.0,IDLE,,
1786036165.974,2026-08-07 00:09:25,MANUAL,True,-7.9262051,112.5948411,233.94,0.0,0.0,IDLE,,
1786036166.089,2026-08-07 00:09:26,MANUAL,True,-7.9262051,112.5948411,233.94,0.0,0.0,IDLE,,
1786036166.200,2026-08-07 00:09:26,MANUAL,True,-7.9262052,112.5948411,233.95,0.0,0.0,IDLE,,
1786036166.314,2026-08-07 00:09:26,MANUAL,True,-7.9262052,112.5948411,233.96,0.0,0.0,IDLE,,
1786036166.448,2026-08-07 00:09:26,MANUAL,True,-7.9262052,112.5948412,233.95,0.0,0.0,IDLE,,
1786036166.569,2026-08-07 00:09:26,MANUAL,True,-7.9262052,112.5948413,233.94,0.0,0.0,IDLE,,
1786036166.681,2026-08-07 00:09:26,MANUAL,True,-7.9262052,112.5948414,233.93,0.0,0.0,IDLE,,
1786036166.983,2026-08-07 00:09:26,MANUAL,True,-7.926205,112.5948415,233.91,0.0,0.0,IDLE,,
1786036167.089,2026-08-07 00:09:27,MANUAL,True,-7.926205,112.5948415,233.92,0.0,0.0,IDLE,,
1786036167.206,2026-08-07 00:09:27,MANUAL,True,-7.9262049,112.5948416,233.94,0.0,0.0,IDLE,,
1786036167.322,2026-08-07 00:09:27,MANUAL,True,-7.9262049,112.5948416,233.94,0.0,0.0,IDLE,,
1786036167.439,2026-08-07 00:09:27,MANUAL,True,-7.9262048,112.5948416,233.95,0.0,0.0,IDLE,,
1786036167.549,2026-08-07 00:09:27,MANUAL,True,-7.9262047,112.5948416,233.95,0.0,0.0,IDLE,,
1786036167.665,2026-08-07 00:09:27,MANUAL,True,-7.9262046,112.5948416,233.96,0.0,0.0,IDLE,,
1786036167.784,2026-08-07 00:09:27,MANUAL,True,-7.9262046,112.5948416,233.97,0.0,0.0,IDLE,,
1786036167.921,2026-08-07 00:09:27,MANUAL,True,-7.9262044,112.5948416,233.98,0.0,0.0,IDLE,,
1786036168.028,2026-08-07 00:09:28,MANUAL,True,-7.9262043,112.5948417,233.98,0.0,0.0,IDLE,,
1786036168.146,2026-08-07 00:09:28,MANUAL,True,-7.9262043,112.5948417,233.97,0.0,0.0,IDLE,,
1786036168.288,2026-08-07 00:09:28,MANUAL,True,-7.9262042,112.5948417,233.98,0.0,0.0,IDLE,,
1786036168.427,2026-08-07 00:09:28,MANUAL,True,-7.9262041,112.5948418,233.98,0.0,0.0,IDLE,,
1786036168.535,2026-08-07 00:09:28,MANUAL,True,-7.926204,112.5948419,233.99,0.0,0.0,IDLE,,
1786036168.656,2026-08-07 00:09:28,MANUAL,True,-7.9262039,112.5948419,233.99,0.0,0.0,IDLE,,
1786036168.769,2026-08-07 00:09:28,MANUAL,True,-7.9262039,112.5948419,234.01,0.0,0.0,IDLE,,
1786036168.879,2026-08-07 00:09:28,MANUAL,True,-7.9262038,112.594842,234.01,0.0,0.0,IDLE,,
1786036169.001,2026-08-07 00:09:29,MANUAL,True,-7.9262036,112.5948421,234.02,0.0,0.0,IDLE,,
1786036169.196,2026-08-07 00:09:29,MANUAL,True,-7.9262035,112.5948422,234.01,0.0,0.0,IDLE,127,-193
1786036169.335,2026-08-07 00:09:29,MANUAL,True,-7.9262034,112.5948423,234.02,0.0,0.0,IDLE,,
1786036169.442,2026-08-07 00:09:29,MANUAL,True,-7.9262033,112.5948424,234.02,0.0,0.0,IDLE,,
1786036169.547,2026-08-07 00:09:29,MANUAL,True,-7.9262033,112.5948425,234.02,0.0,0.0,IDLE,,
1786036169.655,2026-08-07 00:09:29,MANUAL,True,-7.9262033,112.5948425,234.02,0.0,0.0,IDLE,,
1786036169.770,2026-08-07 00:09:29,MANUAL,True,-7.9262032,112.5948428,234.03,0.0,0.0,IDLE,,
1786036169.880,2026-08-07 00:09:29,MANUAL,True,-7.9262032,112.5948429,234.04,0.0,0.0,IDLE,,
1786036169.995,2026-08-07 00:09:29,MANUAL,True,-7.9262032,112.5948432,234.02,0.0,0.0,IDLE,,
1786036170.110,2026-08-07 00:09:30,MANUAL,True,-7.9262031,112.5948432,234.02,0.0,0.0,IDLE,,
1786036170.334,2026-08-07 00:09:30,MANUAL,True,-7.926203,112.5948436,234.03,0.0,0.0,IDLE,,
1786036170.459,2026-08-07 00:09:30,MANUAL,True,-7.926203,112.5948437,234.05,0.0,0.0,IDLE,,
1786036170.568,2026-08-07 00:09:30,MANUAL,True,-7.926203,112.5948437,234.05,0.0,0.0,IDLE,,
1786036170.683,2026-08-07 00:09:30,MANUAL,True,-7.9262029,112.5948439,234.04,0.0,0.0,IDLE,,
1786036170.798,2026-08-07 00:09:30,MANUAL,True,-7.9262028,112.594844,234.03,0.0,0.0,IDLE,,
1786036170.908,2026-08-07 00:09:30,MANUAL,True,-7.9262027,112.5948441,234.03,0.0,0.0,IDLE,,
1786036171.017,2026-08-07 00:09:31,MANUAL,True,-7.9262026,112.5948442,234.03,0.0,0.0,IDLE,,
1786036171.127,2026-08-07 00:09:31,MANUAL,True,-7.9262026,112.5948442,234.05,0.0,0.0,IDLE,,
1786036171.235,2026-08-07 00:09:31,MANUAL,True,-7.9262025,112.5948444,234.06,0.0,0.0,IDLE,122,-198
1786036171.345,2026-08-07 00:09:31,MANUAL,True,-7.9262025,112.5948445,234.06,0.0,0.0,IDLE,,
1786036171.483,2026-08-07 00:09:31,MANUAL,True,-7.9262024,112.5948446,234.05,0.0,0.0,IDLE,,
1786036171.600,2026-08-07 00:09:31,MANUAL,True,-7.9262024,112.5948446,234.05,0.0,0.0,IDLE,,
1786036171.717,2026-08-07 00:09:31,MANUAL,True,-7.9262024,112.5948447,234.08,0.0,0.0,IDLE,,
1786036171.827,2026-08-07 00:09:31,MANUAL,True,-7.9262023,112.5948447,234.09,0.0,0.0,IDLE,,
1786036171.938,2026-08-07 00:09:31,MANUAL,True,-7.9262023,112.5948447,234.08,0.0,0.0,IDLE,,
1786036172.048,2026-08-07 00:09:32,MANUAL,True,-7.9262023,112.5948447,234.08,0.0,0.0,IDLE,,
1786036172.160,2026-08-07 00:09:32,MANUAL,True,-7.9262022,112.5948447,234.09,0.0,0.0,IDLE,,
1786036172.284,2026-08-07 00:09:32,MANUAL,True,-7.9262022,112.5948447,234.07,0.0,0.0,IDLE,,
1786036172.717,2026-08-07 00:09:32,MANUAL,True,-7.9262019,112.5948445,234.08,0.0,0.0,IDLE,,
1786036172.825,2026-08-07 00:09:32,MANUAL,True,-7.9262019,112.5948445,234.08,0.0,0.0,IDLE,,
1786036172.933,2026-08-07 00:09:32,MANUAL,True,-7.9262019,112.5948444,234.08,0.0,0.0,IDLE,,
1786036173.043,2026-08-07 00:09:33,MANUAL,True,-7.9262018,112.5948443,234.09,0.0,0.0,IDLE,,
1786036173.153,2026-08-07 00:09:33,MANUAL,True,-7.9262018,112.5948442,234.08,0.0,0.0,IDLE,,
1786036173.260,2026-08-07 00:09:33,MANUAL,True,-7.9262017,112.5948442,234.08,0.0,0.0,IDLE,,
1786036173.383,2026-08-07 00:09:33,MANUAL,True,-7.9262016,112.5948441,234.09,0.0,0.0,IDLE,,
1786036173.491,2026-08-07 00:09:33,MANUAL,True,-7.9262016,112.594844,234.1,0.0,0.0,IDLE,,
1786036173.604,2026-08-07 00:09:33,MANUAL,True,-7.9262016,112.594844,234.1,0.0,0.0,IDLE,,
1786036173.711,2026-08-07 00:09:33,MANUAL,True,-7.9262015,112.5948438,234.12,0.0,0.0,IDLE,,
1786036173.823,2026-08-07 00:09:33,MANUAL,True,-7.9262014,112.5948437,234.11,0.0,0.0,IDLE,,
1786036173.935,2026-08-07 00:09:33,MANUAL,True,-7.9262014,112.5948436,234.12,0.0,0.0,IDLE,,
1786036174.043,2026-08-07 00:09:34,MANUAL,True,-7.9262014,112.5948435,234.12,0.0,0.0,IDLE,,
1786036174.154,2026-08-07 00:09:34,MANUAL,True,-7.9262014,112.5948435,234.12,0.0,0.0,IDLE,,
1786036174.268,2026-08-07 00:09:34,MANUAL,True,-7.9262013,112.5948434,234.14,0.0,0.0,IDLE,125,-195
1786036174.387,2026-08-07 00:09:34,MANUAL,True,-7.9262012,112.5948432,234.15,0.0,0.0,IDLE,,
1786036174.500,2026-08-07 00:09:34,MANUAL,True,-7.9262011,112.5948431,234.16,0.0,0.0,IDLE,,
1786036174.612,2026-08-07 00:09:34,MANUAL,True,-7.926201,112.594843,234.16,0.0,0.0,IDLE,,
1786036174.724,2026-08-07 00:09:34,MANUAL,True,-7.926201,112.594843,234.16,0.0,0.0,IDLE,,
1786036174.838,2026-08-07 00:09:34,MANUAL,True,-7.926201,112.5948429,234.17,0.0,0.0,IDLE,,
1786036174.950,2026-08-07 00:09:34,MANUAL,True,-7.9262009,112.5948428,234.18,0.0,0.0,IDLE,,
1786036175.065,2026-08-07 00:09:35,MANUAL,True,-7.9262009,112.5948427,234.18,0.0,0.0,IDLE,,
1786036175.181,2026-08-07 00:09:35,MANUAL,True,-7.9262008,112.5948426,234.19,0.0,0.0,IDLE,,
1786036175.317,2026-08-07 00:09:35,MANUAL,True,-7.9262007,112.5948425,234.19,0.0,0.0,IDLE,,
1786036175.461,2026-08-07 00:09:35,MANUAL,True,-7.9262006,112.5948424,234.2,0.0,0.0,IDLE,,
1786036175.572,2026-08-07 00:09:35,MANUAL,True,-7.9262005,112.5948422,234.22,0.0,0.0,IDLE,,
1786036175.685,2026-08-07 00:09:35,MANUAL,True,-7.9262005,112.5948421,234.21,0.0,0.0,IDLE,,
1786036175.800,2026-08-07 00:09:35,MANUAL,True,-7.9262004,112.594842,234.2,0.0,0.0,IDLE,,
1786036175.909,2026-08-07 00:09:35,MANUAL,True,-7.9262003,112.5948419,234.21,0.0,0.0,IDLE,,
1786036176.018,2026-08-07 00:09:36,MANUAL,True,-7.9262003,112.5948418,234.19,0.0,0.0,IDLE,,
1786036176.130,2026-08-07 00:09:36,MANUAL,True,-7.9262002,112.5948418,234.2,0.0,0.0,IDLE,,
1786036176.240,2026-08-07 00:09:36,MANUAL,True,-7.9262002,112.5948417,234.2,0.0,0.0,IDLE,,
1786036176.351,2026-08-07 00:09:36,MANUAL,True,-7.9262001,112.5948416,234.2,0.0,0.0,IDLE,,
1786036176.460,2026-08-07 00:09:36,MANUAL,True,-7.9262002,112.5948415,234.18,0.0,0.0,IDLE,,
1786036176.585,2026-08-07 00:09:36,MANUAL,True,-7.9262002,112.5948415,234.17,0.0,0.0,IDLE,,
1786036176.696,2026-08-07 00:09:36,MANUAL,True,-7.9262003,112.5948414,234.16,0.0,0.0,IDLE,,
1786036176.807,2026-08-07 00:09:36,MANUAL,True,-7.9262003,112.5948413,234.17,0.0,0.0,IDLE,,
1786036176.917,2026-08-07 00:09:36,MANUAL,True,-7.9262003,112.5948413,234.18,0.0,0.0,IDLE,,
1786036177.025,2026-08-07 00:09:37,MANUAL,True,-7.9262004,112.5948412,234.2,0.0,0.0,IDLE,,
1786036177.150,2026-08-07 00:09:37,MANUAL,True,-7.9262004,112.5948412,234.21,0.0,0.0,IDLE,,
1786036177.292,2026-08-07 00:09:37,MANUAL,True,-7.9262004,112.5948411,234.21,0.0,0.0,IDLE,,
1786036177.425,2026-08-07 00:09:37,MANUAL,True,-7.9262004,112.594841,234.21,0.0,0.0,IDLE,,
1786036177.532,2026-08-07 00:09:37,MANUAL,True,-7.9262004,112.5948409,234.22,0.0,0.0,IDLE,,
1786036177.647,2026-08-07 00:09:37,MANUAL,True,-7.9262004,112.5948408,234.2,0.0,0.0,IDLE,,
1786036177.770,2026-08-07 00:09:37,MANUAL,True,-7.9262005,112.5948408,234.21,0.0,0.0,IDLE,,
1786036177.883,2026-08-07 00:09:37,MANUAL,True,-7.9262006,112.5948407,234.19,0.0,0.0,IDLE,,
1786036177.995,2026-08-07 00:09:37,MANUAL,True,-7.9262006,112.5948406,234.2,0.0,0.0,IDLE,,
1786036178.111,2026-08-07 00:09:38,MANUAL,True,-7.9262006,112.5948405,234.2,0.0,0.0,IDLE,,
1786036178.226,2026-08-07 00:09:38,MANUAL,True,-7.9262007,112.5948405,234.19,0.0,0.0,IDLE,,
1786036178.336,2026-08-07 00:09:38,MANUAL,True,-7.9262007,112.5948404,234.18,0.0,0.0,IDLE,,
1786036178.464,2026-08-07 00:09:38,MANUAL,True,-7.9262007,112.5948404,234.19,0.0,0.0,IDLE,,
1786036178.578,2026-08-07 00:09:38,MANUAL,True,-7.9262007,112.5948403,234.2,0.0,0.0,IDLE,,
1786036178.693,2026-08-07 00:09:38,MANUAL,True,-7.9262007,112.5948402,234.22,0.0,0.0,IDLE,,
1786036178.806,2026-08-07 00:09:38,MANUAL,True,-7.9262006,112.5948402,234.23,0.0,0.0,IDLE,,
1786036178.918,2026-08-07 00:09:38,MANUAL,True,-7.9262006,112.5948401,234.23,0.0,0.0,IDLE,,
1786036179.024,2026-08-07 00:09:39,MANUAL,True,-7.9262006,112.5948401,234.22,0.0,0.0,IDLE,,
1786036179.138,2026-08-07 00:09:39,MANUAL,True,-7.9262006,112.59484,234.23,0.0,0.0,IDLE,,
1786036179.248,2026-08-07 00:09:39,MANUAL,True,-7.9262006,112.59484,234.25,0.0,0.0,IDLE,,
1786036179.398,2026-08-07 00:09:39,MANUAL,True,-7.9262006,112.5948399,234.22,0.0,0.0,IDLE,,
1786036179.547,2026-08-07 00:09:39,MANUAL,True,-7.9262006,112.5948399,234.22,0.0,0.0,IDLE,,
1786036179.658,2026-08-07 00:09:39,MANUAL,True,-7.9262006,112.5948397,234.21,0.0,0.0,IDLE,,
1786036179.768,2026-08-07 00:09:39,MANUAL,True,-7.9262006,112.5948396,234.23,0.0,0.0,IDLE,,
1786036179.879,2026-08-07 00:09:39,MANUAL,True,-7.9262005,112.5948394,234.24,0.0,0.0,IDLE,,
1786036179.997,2026-08-07 00:09:39,MANUAL,True,-7.9262005,112.5948393,234.23,0.0,0.0,IDLE,,
1786036180.115,2026-08-07 00:09:40,MANUAL,True,-7.9262005,112.5948392,234.23,0.0,0.0,IDLE,,
1786036180.226,2026-08-07 00:09:40,MANUAL,True,-7.9262005,112.5948391,234.23,0.0,0.0,IDLE,,
1786036180.486,2026-08-07 00:09:40,MANUAL,True,-7.9262004,112.5948389,234.24,0.0,0.0,IDLE,,
1786036180.602,2026-08-07 00:09:40,MANUAL,True,-7.9262004,112.5948388,234.24,0.0,0.0,IDLE,,
1786036180.714,2026-08-07 00:09:40,MANUAL,True,-7.9262004,112.5948387,234.26,0.0,0.0,IDLE,,
1786036180.825,2026-08-07 00:09:40,MANUAL,True,-7.9262004,112.5948385,234.25,0.0,0.0,IDLE,,
1786036180.936,2026-08-07 00:09:40,MANUAL,True,-7.9262004,112.5948385,234.26,0.0,0.0,IDLE,,
1786036181.047,2026-08-07 00:09:41,MANUAL,True,-7.9262004,112.5948384,234.26,0.0,0.0,IDLE,,
1786036181.158,2026-08-07 00:09:41,MANUAL,True,-7.9262005,112.5948384,234.25,0.0,0.0,IDLE,,
1786036181.267,2026-08-07 00:09:41,MANUAL,True,-7.9262005,112.5948383,234.24,0.0,0.0,IDLE,,
1786036181.383,2026-08-07 00:09:41,MANUAL,True,-7.9262005,112.5948383,234.24,0.0,0.0,IDLE,,
1786036181.500,2026-08-07 00:09:41,MANUAL,True,-7.9262006,112.5948382,234.25,0.0,0.0,IDLE,,
1786036181.617,2026-08-07 00:09:41,MANUAL,True,-7.9262007,112.5948381,234.25,0.0,0.0,IDLE,,
1786036181.728,2026-08-07 00:09:41,MANUAL,True,-7.9262007,112.594838,234.24,0.0,0.0,IDLE,,
1786036181.848,2026-08-07 00:09:41,MANUAL,True,-7.9262007,112.594838,234.24,0.0,0.0,IDLE,,
1786036181.972,2026-08-07 00:09:41,MANUAL,True,-7.9262008,112.594838,234.24,0.0,0.0,IDLE,,
1786036182.088,2026-08-07 00:09:42,MANUAL,True,-7.9262008,112.594838,234.24,0.0,0.0,IDLE,,
1786036182.209,2026-08-07 00:09:42,MANUAL,True,-7.9262009,112.5948379,234.24,0.0,0.0,IDLE,,
1786036182.359,2026-08-07 00:09:42,MANUAL,True,-7.9262009,112.5948378,234.22,0.0,0.0,IDLE,,
1786036182.477,2026-08-07 00:09:42,MANUAL,True,-7.9262009,112.5948377,234.22,0.0,0.0,IDLE,,
1786036182.604,2026-08-07 00:09:42,MANUAL,True,-7.9262009,112.5948376,234.22,0.0,0.0,IDLE,,
1786036182.732,2026-08-07 00:09:42,MANUAL,True,-7.9262009,112.5948375,234.22,0.0,0.0,IDLE,,
1786036182.844,2026-08-07 00:09:42,MANUAL,True,-7.9262009,112.5948374,234.22,0.0,0.0,IDLE,,
1786036183.014,2026-08-07 00:09:43,MANUAL,True,-7.9262009,112.5948372,234.22,0.0,0.0,IDLE,,
1786036183.232,2026-08-07 00:09:43,MANUAL,True,-7.9262008,112.594837,234.22,0.0,0.0,IDLE,,
1786036183.400,2026-08-07 00:09:43,MANUAL,True,-7.9262009,112.5948369,234.24,0.0,0.0,IDLE,,
1786036183.568,2026-08-07 00:09:43,MANUAL,True,-7.9262009,112.5948368,234.23,0.0,0.0,IDLE,,
1786036183.720,2026-08-07 00:09:43,MANUAL,True,-7.9262009,112.5948367,234.25,0.0,0.0,IDLE,,
1786036183.841,2026-08-07 00:09:43,MANUAL,True,-7.9262009,112.5948368,234.26,0.0,0.0,IDLE,,
1786036184.260,2026-08-07 00:09:44,MANUAL,True,-7.9262009,112.5948366,234.25,0.0,0.0,IDLE,,
1786036184.424,2026-08-07 00:09:44,MANUAL,True,-7.926201,112.5948366,234.28,0.0,0.0,IDLE,,
1786036184.541,2026-08-07 00:09:44,MANUAL,True,-7.926201,112.5948366,234.27,0.0,0.0,IDLE,,
1786036184.665,2026-08-07 00:09:44,MANUAL,True,-7.926201,112.5948366,234.27,0.0,0.0,IDLE,,
1786036184.786,2026-08-07 00:09:44,MANUAL,True,-7.9262011,112.5948366,234.28,0.0,0.0,IDLE,,
1786036184.903,2026-08-07 00:09:44,MANUAL,True,-7.9262011,112.5948366,234.29,0.0,0.0,IDLE,,
1786036185.025,2026-08-07 00:09:45,MANUAL,True,-7.9262012,112.5948366,234.29,0.0,0.0,IDLE,,
1786036185.142,2026-08-07 00:09:45,MANUAL,True,-7.9262012,112.5948365,234.27,0.0,0.0,IDLE,,
1786036185.285,2026-08-07 00:09:45,MANUAL,True,-7.9262012,112.5948365,234.28,0.0,0.0,IDLE,,
1786036185.399,2026-08-07 00:09:45,MANUAL,True,-7.9262012,112.5948366,234.27,0.0,0.0,IDLE,,
1786036185.553,2026-08-07 00:09:45,MANUAL,True,-7.9262012,112.5948366,234.28,0.0,0.0,IDLE,,
1786036185.662,2026-08-07 00:09:45,MANUAL,True,-7.9262012,112.5948366,234.27,0.0,0.0,IDLE,,
1786036185.774,2026-08-07 00:09:45,MANUAL,True,-7.9262012,112.5948366,234.27,0.0,0.0,IDLE,,
1786036185.885,2026-08-07 00:09:45,MANUAL,True,-7.9262011,112.5948366,234.28,0.0,0.0,IDLE,,
1786036185.996,2026-08-07 00:09:45,MANUAL,True,-7.9262011,112.5948368,234.28,0.0,0.0,IDLE,,
1786036186.112,2026-08-07 00:09:46,MANUAL,True,-7.9262011,112.5948368,234.28,0.0,0.0,IDLE,,
1786036186.223,2026-08-07 00:09:46,MANUAL,True,-7.9262011,112.5948368,234.27,0.0,0.0,IDLE,,
1786036186.334,2026-08-07 00:09:46,MANUAL,True,-7.9262011,112.5948368,234.27,0.0,0.0,IDLE,,
1786036186.445,2026-08-07 00:09:46,MANUAL,True,-7.9262011,112.5948369,234.27,0.0,0.0,IDLE,,
1786036186.556,2026-08-07 00:09:46,MANUAL,True,-7.9262011,112.5948369,234.27,0.0,0.0,IDLE,,
1786036186.668,2026-08-07 00:09:46,MANUAL,True,-7.9262011,112.594837,234.27,0.0,0.0,IDLE,,
1786036186.781,2026-08-07 00:09:46,MANUAL,True,-7.9262012,112.5948371,234.27,0.0,0.0,IDLE,,
1786036186.894,2026-08-07 00:09:46,MANUAL,True,-7.9262012,112.5948374,234.26,0.0,0.0,IDLE,,
1786036187.003,2026-08-07 00:09:47,MANUAL,True,-7.9262012,112.5948374,234.27,0.0,0.0,IDLE,,
1786036187.114,2026-08-07 00:09:47,MANUAL,True,-7.9262012,112.5948375,234.26,0.0,0.0,IDLE,,
1786036187.223,2026-08-07 00:09:47,MANUAL,True,-7.9262012,112.5948376,234.25,0.0,0.0,IDLE,,
1786036187.332,2026-08-07 00:09:47,MANUAL,True,-7.9262012,112.5948377,234.25,0.0,0.0,IDLE,,
1786036187.445,2026-08-07 00:09:47,MANUAL,True,-7.9262013,112.5948378,234.27,0.0,0.0,IDLE,,
1786036187.554,2026-08-07 00:09:47,MANUAL,True,-7.9262013,112.5948378,234.26,0.0,0.0,IDLE,,
1786036187.662,2026-08-07 00:09:47,MANUAL,True,-7.9262013,112.5948378,234.24,0.0,0.0,IDLE,,
1786036187.776,2026-08-07 00:09:47,MANUAL,True,-7.9262014,112.5948379,234.25,0.0,0.0,IDLE,,
1786036187.895,2026-08-07 00:09:47,MANUAL,True,-7.9262015,112.594838,234.26,0.0,0.0,IDLE,,
1786036188.004,2026-08-07 00:09:48,MANUAL,True,-7.9262015,112.5948381,234.26,0.0,0.0,IDLE,,
1786036188.117,2026-08-07 00:09:48,MANUAL,True,-7.9262016,112.5948381,234.27,0.0,0.0,IDLE,,
1786036188.229,2026-08-07 00:09:48,MANUAL,True,-7.9262016,112.5948382,234.28,0.0,0.0,IDLE,,
1786036188.340,2026-08-07 00:09:48,MANUAL,True,-7.9262017,112.5948382,234.29,0.0,0.0,IDLE,,
1786036188.445,2026-08-07 00:09:48,MANUAL,True,-7.9262017,112.5948383,234.28,0.0,0.0,IDLE,,
1786036188.554,2026-08-07 00:09:48,MANUAL,True,-7.9262017,112.5948384,234.29,0.0,0.0,IDLE,,
1786036188.679,2026-08-07 00:09:48,MANUAL,True,-7.9262018,112.5948384,234.29,0.0,0.0,IDLE,,
1786036188.785,2026-08-07 00:09:48,MANUAL,True,-7.9262018,112.5948385,234.28,0.0,0.0,IDLE,,
1786036188.904,2026-08-07 00:09:48,MANUAL,True,-7.9262019,112.5948386,234.26,0.0,0.0,IDLE,,
1786036189.012,2026-08-07 00:09:49,MANUAL,True,-7.9262019,112.5948387,234.26,0.0,0.0,IDLE,,
1786036189.119,2026-08-07 00:09:49,MANUAL,True,-7.926202,112.5948387,234.27,0.0,0.0,IDLE,,
1786036189.230,2026-08-07 00:09:49,MANUAL,True,-7.926202,112.5948388,234.27,0.0,0.0,IDLE,,
1786036189.342,2026-08-07 00:09:49,MANUAL,True,-7.9262021,112.5948389,234.27,0.0,0.0,IDLE,,
1786036189.452,2026-08-07 00:09:49,MANUAL,True,-7.9262021,112.5948389,234.28,0.0,0.0,IDLE,,
1786036189.560,2026-08-07 00:09:49,MANUAL,True,-7.9262021,112.594839,234.27,0.0,0.0,IDLE,,
1786036189.674,2026-08-07 00:09:49,MANUAL,True,-7.9262022,112.5948391,234.26,0.0,0.0,IDLE,,
1786036189.781,2026-08-07 00:09:49,MANUAL,True,-7.9262023,112.5948392,234.28,0.0,0.0,IDLE,,
1786036189.896,2026-08-07 00:09:49,MANUAL,True,-7.9262024,112.5948394,234.29,0.0,0.0,IDLE,,
1786036190.361,2026-08-07 00:09:50,MANUAL,True,-7.9262027,112.5948398,234.28,0.0,0.0,IDLE,,
1786036190.477,2026-08-07 00:09:50,MANUAL,True,-7.9262027,112.5948399,234.29,0.0,0.0,IDLE,,
1786036190.587,2026-08-07 00:09:50,MANUAL,True,-7.9262028,112.5948399,234.31,0.0,0.0,IDLE,,
1786036190.697,2026-08-07 00:09:50,MANUAL,True,-7.9262028,112.59484,234.31,0.0,0.0,IDLE,,
1786036191.028,2026-08-07 00:09:51,MANUAL,True,-7.9262029,112.5948402,234.34,0.0,0.0,IDLE,,
1786036191.142,2026-08-07 00:09:51,MANUAL,True,-7.9262029,112.5948403,234.33,0.0,0.0,IDLE,,
1786036191.254,2026-08-07 00:09:51,MANUAL,True,-7.926203,112.5948404,234.33,0.0,0.0,IDLE,,
1786036191.377,2026-08-07 00:09:51,MANUAL,True,-7.926203,112.5948404,234.33,0.0,0.0,IDLE,,
1786036191.487,2026-08-07 00:09:51,MANUAL,True,-7.926203,112.5948405,234.33,0.0,0.0,IDLE,,
1786036191.599,2026-08-07 00:09:51,MANUAL,True,-7.9262031,112.5948407,234.34,0.0,0.0,IDLE,,
1786036191.712,2026-08-07 00:09:51,MANUAL,True,-7.9262031,112.5948407,234.34,0.0,0.0,IDLE,,
1786036191.829,2026-08-07 00:09:51,MANUAL,True,-7.9262032,112.5948408,234.33,0.0,0.0,IDLE,,
1786036191.936,2026-08-07 00:09:51,MANUAL,True,-7.9262033,112.5948409,234.34,0.0,0.0,IDLE,,
1786036192.045,2026-08-07 00:09:52,MANUAL,True,-7.9262033,112.594841,234.35,0.0,0.0,IDLE,,
1786036192.240,2026-08-07 00:09:52,MANUAL,True,-7.9262033,112.5948411,234.35,0.0,0.0,IDLE,,
1786036192.352,2026-08-07 00:09:52,MANUAL,True,-7.9262033,112.5948412,234.35,0.0,0.0,IDLE,,
1786036192.465,2026-08-07 00:09:52,MANUAL,True,-7.9262033,112.5948412,234.36,0.0,0.0,IDLE,,
1786036192.579,2026-08-07 00:09:52,MANUAL,True,-7.9262033,112.5948412,234.36,0.0,0.0,IDLE,,
1786036192.689,2026-08-07 00:09:52,MANUAL,True,-7.9262033,112.5948413,234.36,0.0,0.0,IDLE,,
1786036192.799,2026-08-07 00:09:52,MANUAL,True,-7.9262032,112.5948413,234.38,0.0,0.0,IDLE,,
1786036192.915,2026-08-07 00:09:52,MANUAL,True,-7.9262032,112.5948413,234.39,0.0,0.0,IDLE,,
1786036193.023,2026-08-07 00:09:53,MANUAL,True,-7.9262031,112.5948413,234.39,0.0,0.0,IDLE,,
1786036193.132,2026-08-07 00:09:53,MANUAL,True,-7.926203,112.5948413,234.38,0.0,0.0,IDLE,,
1786036193.241,2026-08-07 00:09:53,MANUAL,True,-7.926203,112.5948414,234.38,0.0,0.0,IDLE,,
1786036193.352,2026-08-07 00:09:53,MANUAL,True,-7.926203,112.5948414,234.36,0.0,0.0,IDLE,,
1786036193.466,2026-08-07 00:09:53,MANUAL,True,-7.926203,112.5948415,234.37,0.0,0.0,IDLE,,
1786036193.582,2026-08-07 00:09:53,MANUAL,True,-7.926203,112.5948415,234.37,0.0,0.0,IDLE,310,-10
1786036193.694,2026-08-07 00:09:53,MANUAL,True,-7.9262029,112.5948417,234.37,0.0,0.0,IDLE,,
1786036193.811,2026-08-07 00:09:53,MANUAL,True,-7.9262029,112.5948418,234.36,0.0,0.0,IDLE,,
1786036193.925,2026-08-07 00:09:53,MANUAL,True,-7.9262029,112.5948419,234.36,0.0,0.0,IDLE,125,-195
1786036194.034,2026-08-07 00:09:54,MANUAL,True,-7.9262029,112.5948419,234.35,0.0,0.0,IDLE,,
1786036194.145,2026-08-07 00:09:54,MANUAL,True,-7.9262029,112.5948419,234.36,0.0,0.0,IDLE,,
1786036194.255,2026-08-07 00:09:54,MANUAL,True,-7.9262029,112.5948419,234.37,0.0,0.0,IDLE,,
1786036194.370,2026-08-07 00:09:54,MANUAL,True,-7.9262029,112.5948419,234.37,0.0,0.0,IDLE,,
1786036194.482,2026-08-07 00:09:54,MANUAL,True,-7.9262028,112.5948419,234.37,0.0,0.0,IDLE,,
1786036194.591,2026-08-07 00:09:54,MANUAL,True,-7.9262028,112.5948419,234.37,0.0,0.0,IDLE,,
1786036194.703,2026-08-07 00:09:54,MANUAL,True,-7.9262027,112.5948418,234.38,0.0,0.0,IDLE,,
1786036194.817,2026-08-07 00:09:54,MANUAL,True,-7.9262026,112.5948418,234.38,0.0,0.0,IDLE,,
1786036194.924,2026-08-07 00:09:54,MANUAL,True,-7.9262026,112.5948418,234.38,0.0,0.0,IDLE,,
1786036195.032,2026-08-07 00:09:55,MANUAL,True,-7.9262024,112.5948417,234.39,0.0,0.0,IDLE,,
1786036195.140,2026-08-07 00:09:55,MANUAL,True,-7.9262024,112.5948417,234.39,0.0,0.0,IDLE,,
1786036195.252,2026-08-07 00:09:55,MANUAL,True,-7.9262023,112.5948417,234.39,0.0,0.0,IDLE,,
1786036195.379,2026-08-07 00:09:55,MANUAL,True,-7.9262023,112.5948417,234.39,0.0,0.0,IDLE,,
1786036195.490,2026-08-07 00:09:55,MANUAL,True,-7.9262022,112.5948417,234.39,0.0,0.0,IDLE,,
1786036195.608,2026-08-07 00:09:55,MANUAL,True,-7.9262022,112.5948417,234.38,0.0,0.0,IDLE,,
1786036195.717,2026-08-07 00:09:55,MANUAL,True,-7.9262022,112.5948417,234.38,0.0,0.0,IDLE,,
1786036195.827,2026-08-07 00:09:55,MANUAL,True,-7.9262022,112.5948417,234.37,0.0,0.0,IDLE,,
1786036195.931,2026-08-07 00:09:55,MANUAL,True,-7.9262022,112.5948417,234.36,0.0,0.0,IDLE,,
1786036196.042,2026-08-07 00:09:56,MANUAL,True,-7.9262022,112.5948417,234.37,0.0,0.0,IDLE,,
1786036196.154,2026-08-07 00:09:56,MANUAL,True,-7.9262022,112.5948417,234.36,0.0,0.0,IDLE,,
1786036196.268,2026-08-07 00:09:56,MANUAL,True,-7.9262022,112.5948417,234.36,0.0,0.0,IDLE,,
1786036196.385,2026-08-07 00:09:56,MANUAL,True,-7.9262022,112.5948417,234.35,0.0,0.0,IDLE,,
1786036196.494,2026-08-07 00:09:56,MANUAL,True,-7.9262022,112.5948417,234.37,0.0,0.0,IDLE,,
1786036196.605,2026-08-07 00:09:56,MANUAL,True,-7.9262022,112.5948417,234.37,0.0,0.0,IDLE,,
1786036196.719,2026-08-07 00:09:56,MANUAL,True,-7.9262021,112.5948418,234.36,0.0,0.0,IDLE,,
1786036196.829,2026-08-07 00:09:56,MANUAL,True,-7.9262021,112.5948417,234.36,0.0,0.0,IDLE,,
1786036196.937,2026-08-07 00:09:56,MANUAL,True,-7.9262021,112.5948417,234.37,0.0,0.0,IDLE,,
1786036197.047,2026-08-07 00:09:57,MANUAL,True,-7.9262021,112.5948417,234.37,0.0,0.0,IDLE,,
1786036197.158,2026-08-07 00:09:57,MANUAL,True,-7.9262022,112.5948417,234.37,0.0,0.0,IDLE,,
1786036197.393,2026-08-07 00:09:57,MANUAL,True,-7.9262021,112.5948417,234.38,0.0,0.0,IDLE,,
1786036197.510,2026-08-07 00:09:57,MANUAL,True,-7.9262021,112.5948417,234.36,0.0,0.0,IDLE,,
1786036197.624,2026-08-07 00:09:57,MANUAL,True,-7.9262021,112.5948417,234.36,0.0,0.0,IDLE,,
1786036197.738,2026-08-07 00:09:57,MANUAL,True,-7.9262022,112.5948417,234.36,0.0,0.0,IDLE,,
1786036197.873,2026-08-07 00:09:57,MANUAL,True,-7.9262021,112.5948417,234.36,0.0,0.0,IDLE,,
1786036197.983,2026-08-07 00:09:57,MANUAL,True,-7.9262021,112.5948417,234.36,0.0,0.0,IDLE,,
1786036198.095,2026-08-07 00:09:58,MANUAL,True,-7.9262021,112.5948417,234.36,0.0,0.0,IDLE,,
1786036198.207,2026-08-07 00:09:58,MANUAL,True,-7.9262021,112.5948417,234.35,0.0,0.0,IDLE,,
1786036198.318,2026-08-07 00:09:58,MANUAL,True,-7.9262021,112.5948417,234.35,0.0,0.0,IDLE,,
1786036198.424,2026-08-07 00:09:58,MANUAL,True,-7.9262021,112.5948417,234.35,0.0,0.0,IDLE,,
1786036198.536,2026-08-07 00:09:58,MANUAL,True,-7.9262021,112.5948418,234.34,0.0,0.0,IDLE,,
1786036198.656,2026-08-07 00:09:58,MANUAL,True,-7.9262021,112.5948418,234.34,0.0,0.0,IDLE,,
1786036198.769,2026-08-07 00:09:58,MANUAL,True,-7.9262021,112.5948418,234.33,0.0,0.0,IDLE,,
1786036198.886,2026-08-07 00:09:58,MANUAL,True,-7.9262019,112.5948418,234.31,0.0,0.0,IDLE,,
1786036199.012,2026-08-07 00:09:59,MANUAL,True,-7.9262018,112.5948418,234.31,0.0,0.0,IDLE,,
1786036199.122,2026-08-07 00:09:59,MANUAL,True,-7.9262017,112.5948417,234.31,0.0,0.0,IDLE,,
1786036199.231,2026-08-07 00:09:59,MANUAL,True,-7.9262017,112.5948418,234.3,0.0,0.0,IDLE,,
1786036199.535,2026-08-07 00:09:59,MANUAL,True,-7.9262016,112.5948417,234.3,0.0,0.0,IDLE,,
1786036199.648,2026-08-07 00:09:59,MANUAL,True,-7.9262016,112.5948418,234.3,0.0,0.0,IDLE,,
1786036199.760,2026-08-07 00:09:59,MANUAL,True,-7.9262016,112.5948418,234.3,0.0,0.0,IDLE,,
1786036199.876,2026-08-07 00:09:59,MANUAL,True,-7.9262017,112.594842,234.29,0.0,0.0,IDLE,,
1786036199.988,2026-08-07 00:09:59,MANUAL,True,-7.9262017,112.594842,234.29,0.0,0.0,IDLE,,
1786036200.100,2026-08-07 00:10:00,MANUAL,True,-7.9262017,112.594842,234.3,0.0,0.0,IDLE,,
1786036200.213,2026-08-07 00:10:00,MANUAL,True,-7.9262016,112.594842,234.29,0.0,0.0,IDLE,,
1786036200.331,2026-08-07 00:10:00,MANUAL,True,-7.9262015,112.5948421,234.29,0.0,0.0,IDLE,,
1786036200.439,2026-08-07 00:10:00,MANUAL,True,-7.9262015,112.5948421,234.3,0.0,0.0,IDLE,,
1786036200.549,2026-08-07 00:10:00,MANUAL,True,-7.9262015,112.5948421,234.3,0.0,0.0,IDLE,,
1786036200.661,2026-08-07 00:10:00,MANUAL,True,-7.9262014,112.5948421,234.29,0.0,0.0,IDLE,,
1786036200.770,2026-08-07 00:10:00,MANUAL,True,-7.9262014,112.5948422,234.28,0.0,0.0,IDLE,,
1786036200.885,2026-08-07 00:10:00,MANUAL,True,-7.9262014,112.5948422,234.3,0.0,0.0,IDLE,,
1786036200.999,2026-08-07 00:10:00,MANUAL,True,-7.9262014,112.5948422,234.3,0.0,0.0,IDLE,,
1786036201.108,2026-08-07 00:10:01,MANUAL,True,-7.9262014,112.5948422,234.29,0.0,0.0,IDLE,,
1786036201.217,2026-08-07 00:10:01,MANUAL,True,-7.9262013,112.5948422,234.29,0.0,0.0,IDLE,,
1786036201.331,2026-08-07 00:10:01,MANUAL,True,-7.9262013,112.5948422,234.29,0.0,0.0,IDLE,128,-192
1786036201.443,2026-08-07 00:10:01,MANUAL,True,-7.9262013,112.5948422,234.31,0.0,0.0,IDLE,,
1786036201.682,2026-08-07 00:10:01,MANUAL,True,-7.9262012,112.5948422,234.32,0.0,0.0,IDLE,,
1786036201.810,2026-08-07 00:10:01,MANUAL,True,-7.9262011,112.5948421,234.31,0.0,0.0,IDLE,,
1786036201.920,2026-08-07 00:10:01,MANUAL,True,-7.9262011,112.5948421,234.33,0.0,0.0,IDLE,,
1786036202.028,2026-08-07 00:10:02,MANUAL,True,-7.9262011,112.5948421,234.34,0.0,0.0,IDLE,,
1786036202.137,2026-08-07 00:10:02,MANUAL,True,-7.9262011,112.5948421,234.33,0.0,0.0,IDLE,,
1786036202.251,2026-08-07 00:10:02,MANUAL,True,-7.9262011,112.5948421,234.33,0.0,0.0,IDLE,,
1786036202.529,2026-08-07 00:10:02,MANUAL,True,-7.9262012,112.5948418,234.32,0.0,0.0,IDLE,,
1786036202.644,2026-08-07 00:10:02,MANUAL,True,-7.9262012,112.5948418,234.33,0.0,0.0,IDLE,,
1786036202.756,2026-08-07 00:10:02,MANUAL,True,-7.9262012,112.5948417,234.33,0.0,0.0,IDLE,,
1786036202.867,2026-08-07 00:10:02,MANUAL,True,-7.9262013,112.5948417,234.33,0.0,0.0,IDLE,,
1786036202.978,2026-08-07 00:10:02,MANUAL,True,-7.9262013,112.5948415,234.33,0.0,0.0,IDLE,,
1786036203.090,2026-08-07 00:10:03,MANUAL,True,-7.9262013,112.5948414,234.34,0.0,0.0,IDLE,,
1786036203.205,2026-08-07 00:10:03,MANUAL,True,-7.9262014,112.5948413,234.35,0.0,0.0,IDLE,,
1786036203.318,2026-08-07 00:10:03,MANUAL,True,-7.9262014,112.5948412,234.34,0.0,0.0,IDLE,,
1786036203.429,2026-08-07 00:10:03,MANUAL,True,-7.9262015,112.594841,234.33,0.0,0.0,IDLE,,
1786036203.537,2026-08-07 00:10:03,MANUAL,True,-7.9262016,112.594841,234.33,0.0,0.0,IDLE,,
1786036203.648,2026-08-07 00:10:03,MANUAL,True,-7.9262016,112.594841,234.33,0.0,0.0,IDLE,,
1786036203.760,2026-08-07 00:10:03,MANUAL,True,-7.9262017,112.5948408,234.33,0.0,0.0,IDLE,,
1786036203.969,2026-08-07 00:10:03,MANUAL,True,-7.9262018,112.5948407,234.32,0.0,0.0,IDLE,,
1786036204.138,2026-08-07 00:10:04,MANUAL,True,-7.9262019,112.5948406,234.33,0.0,0.0,IDLE,,
1786036204.284,2026-08-07 00:10:04,MANUAL,True,-7.926202,112.5948405,234.33,0.0,0.0,IDLE,,
1786036204.396,2026-08-07 00:10:04,MANUAL,True,-7.9262021,112.5948405,234.33,0.0,0.0,IDLE,,
1786036204.503,2026-08-07 00:10:04,MANUAL,True,-7.9262023,112.5948405,234.34,0.0,0.0,IDLE,,
1786036204.614,2026-08-07 00:10:04,MANUAL,True,-7.9262024,112.5948405,234.33,0.0,0.0,IDLE,,
1786036204.726,2026-08-07 00:10:04,MANUAL,True,-7.9262026,112.5948406,234.33,0.0,0.0,IDLE,,
1786036204.835,2026-08-07 00:10:04,MANUAL,True,-7.9262027,112.5948406,234.33,0.0,0.0,IDLE,,
1786036204.945,2026-08-07 00:10:04,MANUAL,True,-7.9262028,112.5948407,234.33,0.0,0.0,IDLE,,
1786036205.057,2026-08-07 00:10:05,MANUAL,True,-7.9262029,112.5948407,234.31,0.0,0.0,IDLE,,
1786036205.168,2026-08-07 00:10:05,MANUAL,True,-7.926203,112.5948407,234.31,0.0,0.0,IDLE,,
1786036205.281,2026-08-07 00:10:05,MANUAL,True,-7.9262031,112.5948408,234.3,0.0,0.0,IDLE,,
1786036205.406,2026-08-07 00:10:05,MANUAL,True,-7.9262032,112.5948408,234.29,0.0,0.0,IDLE,,
1786036205.590,2026-08-07 00:10:05,MANUAL,True,-7.9262033,112.5948408,234.3,0.0,0.0,IDLE,,
1786036205.696,2026-08-07 00:10:05,MANUAL,True,-7.9262035,112.5948408,234.28,0.0,0.0,IDLE,,
1786036205.806,2026-08-07 00:10:05,MANUAL,True,-7.9262037,112.5948409,234.28,0.0,0.0,IDLE,,
1786036205.919,2026-08-07 00:10:05,MANUAL,True,-7.9262038,112.594841,234.27,0.0,0.0,IDLE,,
1786036206.024,2026-08-07 00:10:06,MANUAL,True,-7.9262039,112.5948411,234.27,0.0,0.0,IDLE,,
1786036206.134,2026-08-07 00:10:06,MANUAL,True,-7.926204,112.5948411,234.27,0.0,0.0,IDLE,,
1786036206.247,2026-08-07 00:10:06,MANUAL,True,-7.9262041,112.5948412,234.27,0.0,0.0,IDLE,,
1786036206.361,2026-08-07 00:10:06,MANUAL,True,-7.9262041,112.5948412,234.28,0.0,0.0,IDLE,,
1786036206.473,2026-08-07 00:10:06,MANUAL,True,-7.9262041,112.5948412,234.27,0.0,0.0,IDLE,,
1786036206.598,2026-08-07 00:10:06,MANUAL,True,-7.9262041,112.5948412,234.27,0.0,0.0,IDLE,,
1786036206.709,2026-08-07 00:10:06,MANUAL,True,-7.9262041,112.5948413,234.28,0.0,0.0,IDLE,,
1786036206.825,2026-08-07 00:10:06,MANUAL,True,-7.9262041,112.5948413,234.28,0.0,0.0,IDLE,,
1786036206.941,2026-08-07 00:10:06,MANUAL,True,-7.9262042,112.5948415,234.28,0.0,0.0,IDLE,,
1786036207.053,2026-08-07 00:10:07,MANUAL,True,-7.9262043,112.5948416,234.25,0.0,0.0,IDLE,,
1786036207.165,2026-08-07 00:10:07,MANUAL,True,-7.9262043,112.5948417,234.26,0.0,0.0,IDLE,,
1786036207.279,2026-08-07 00:10:07,MANUAL,True,-7.9262045,112.5948418,234.26,0.0,0.0,IDLE,,
1786036207.396,2026-08-07 00:10:07,MANUAL,True,-7.9262046,112.5948418,234.26,0.0,0.0,IDLE,,
1786036207.508,2026-08-07 00:10:07,MANUAL,True,-7.9262047,112.5948419,234.27,0.0,0.0,IDLE,,
1786036207.624,2026-08-07 00:10:07,MANUAL,True,-7.9262048,112.594842,234.27,0.0,0.0,IDLE,,
1786036207.741,2026-08-07 00:10:07,MANUAL,True,-7.9262048,112.594842,234.27,0.0,0.0,IDLE,,
1786036207.849,2026-08-07 00:10:07,MANUAL,True,-7.9262049,112.5948421,234.27,0.0,0.0,IDLE,,
1786036207.979,2026-08-07 00:10:07,MANUAL,True,-7.926205,112.5948422,234.3,0.0,0.0,IDLE,,
1786036208.096,2026-08-07 00:10:08,MANUAL,True,-7.926205,112.5948422,234.31,0.0,0.0,IDLE,,
1786036208.215,2026-08-07 00:10:08,MANUAL,True,-7.9262051,112.5948422,234.32,0.0,0.0,IDLE,,
1786036208.334,2026-08-07 00:10:08,MANUAL,True,-7.9262052,112.5948423,234.31,0.0,0.0,IDLE,,
1786036208.444,2026-08-07 00:10:08,MANUAL,True,-7.9262053,112.5948422,234.32,0.0,0.0,IDLE,,
1786036208.556,2026-08-07 00:10:08,MANUAL,True,-7.9262054,112.5948422,234.3,0.0,0.0,IDLE,,
1786036208.669,2026-08-07 00:10:08,MANUAL,True,-7.9262054,112.5948422,234.3,0.0,0.0,IDLE,,
1786036208.782,2026-08-07 00:10:08,MANUAL,True,-7.9262055,112.5948423,234.32,0.0,0.0,IDLE,,
1786036208.892,2026-08-07 00:10:08,MANUAL,True,-7.9262057,112.5948424,234.33,0.0,0.0,IDLE,,
1786036209.047,2026-08-07 00:10:09,MANUAL,True,-7.9262057,112.5948424,234.33,0.0,0.0,IDLE,,
1786036209.159,2026-08-07 00:10:09,MANUAL,True,-7.9262058,112.5948424,234.32,0.0,0.0,IDLE,,
1786036209.270,2026-08-07 00:10:09,MANUAL,True,-7.9262059,112.5948424,234.33,0.0,0.0,IDLE,,
1786036209.383,2026-08-07 00:10:09,MANUAL,True,-7.9262061,112.5948426,234.35,0.0,0.0,IDLE,,
1786036209.493,2026-08-07 00:10:09,MANUAL,True,-7.9262061,112.5948428,234.32,0.0,0.0,IDLE,,
1786036209.605,2026-08-07 00:10:09,MANUAL,True,-7.9262063,112.594843,234.33,0.0,0.0,IDLE,,
1786036209.722,2026-08-07 00:10:09,MANUAL,True,-7.9262064,112.5948431,234.34,0.0,0.0,IDLE,,
1786036209.840,2026-08-07 00:10:09,MANUAL,True,-7.9262064,112.5948432,234.34,0.0,0.0,IDLE,,
1786036209.956,2026-08-07 00:10:09,MANUAL,True,-7.9262065,112.5948434,234.34,0.0,0.0,IDLE,,
1786036210.066,2026-08-07 00:10:10,MANUAL,True,-7.9262065,112.5948435,234.35,0.0,0.0,IDLE,,
1786036210.179,2026-08-07 00:10:10,MANUAL,True,-7.9262066,112.5948437,234.33,0.0,0.0,IDLE,,
1786036210.288,2026-08-07 00:10:10,MANUAL,True,-7.9262067,112.5948438,234.32,0.0,0.0,IDLE,,
1786036210.401,2026-08-07 00:10:10,MANUAL,True,-7.9262067,112.5948439,234.32,0.0,0.0,IDLE,,
1786036210.513,2026-08-07 00:10:10,MANUAL,True,-7.9262067,112.5948441,234.3,0.0,0.0,IDLE,,
1786036210.626,2026-08-07 00:10:10,MANUAL,True,-7.9262067,112.5948442,234.3,0.0,0.0,IDLE,,
1786036210.739,2026-08-07 00:10:10,MANUAL,True,-7.9262067,112.5948444,234.29,0.0,0.0,IDLE,,
1786036210.858,2026-08-07 00:10:10,MANUAL,True,-7.9262067,112.5948445,234.29,0.0,0.0,IDLE,,
1786036210.972,2026-08-07 00:10:10,MANUAL,True,-7.9262067,112.5948448,234.27,0.0,0.0,IDLE,,
1786036211.083,2026-08-07 00:10:11,MANUAL,True,-7.9262068,112.594845,234.28,0.0,0.0,IDLE,,
1786036211.201,2026-08-07 00:10:11,MANUAL,True,-7.9262068,112.5948452,234.29,0.0,0.0,IDLE,,
1786036211.313,2026-08-07 00:10:11,MANUAL,True,-7.9262068,112.5948453,234.29,0.0,0.0,IDLE,,
1786036211.425,2026-08-07 00:10:11,MANUAL,True,-7.9262068,112.5948455,234.29,0.0,0.0,IDLE,,
1786036211.539,2026-08-07 00:10:11,MANUAL,True,-7.9262068,112.5948457,234.28,0.0,0.0,IDLE,,
1786036211.653,2026-08-07 00:10:11,MANUAL,True,-7.9262068,112.5948457,234.28,0.0,0.0,IDLE,,
1786036211.767,2026-08-07 00:10:11,MANUAL,True,-7.9262068,112.594846,234.27,0.0,0.0,IDLE,,
1786036211.880,2026-08-07 00:10:11,MANUAL,True,-7.9262069,112.5948462,234.28,0.0,0.0,IDLE,,
1786036211.992,2026-08-07 00:10:11,MANUAL,True,-7.9262069,112.5948464,234.26,0.0,0.0,IDLE,,
1786036212.102,2026-08-07 00:10:12,MANUAL,True,-7.9262069,112.5948466,234.26,0.0,0.0,IDLE,,
1786036212.212,2026-08-07 00:10:12,MANUAL,True,-7.926207,112.5948467,234.25,0.0,0.0,IDLE,,
1786036212.326,2026-08-07 00:10:12,MANUAL,True,-7.9262071,112.5948469,234.24,0.0,0.0,IDLE,,
1786036212.437,2026-08-07 00:10:12,MANUAL,True,-7.9262071,112.5948471,234.25,0.0,0.0,IDLE,,
1786036212.769,2026-08-07 00:10:12,MANUAL,True,-7.9262074,112.5948475,234.25,0.0,0.0,IDLE,,
1786036212.889,2026-08-07 00:10:12,MANUAL,True,-7.9262074,112.5948477,234.24,0.0,0.0,IDLE,,
1786036213.003,2026-08-07 00:10:13,MANUAL,True,-7.9262075,112.5948479,234.23,0.0,0.0,IDLE,,
1786036213.110,2026-08-07 00:10:13,MANUAL,True,-7.9262075,112.594848,234.24,0.0,0.0,IDLE,,
1786036213.424,2026-08-07 00:10:13,MANUAL,True,-7.9262076,112.5948483,234.22,0.0,0.0,IDLE,,
1786036213.533,2026-08-07 00:10:13,MANUAL,True,-7.9262076,112.5948484,234.21,0.0,0.0,IDLE,,
1786036213.645,2026-08-07 00:10:13,MANUAL,True,-7.9262076,112.5948484,234.21,0.0,0.0,IDLE,,
1786036213.758,2026-08-07 00:10:13,MANUAL,True,-7.9262077,112.5948488,234.2,0.0,0.0,IDLE,,
1786036213.872,2026-08-07 00:10:13,MANUAL,True,-7.9262078,112.5948489,234.19,0.0,0.0,IDLE,,
1786036213.987,2026-08-07 00:10:13,MANUAL,True,-7.9262079,112.5948491,234.18,0.0,0.0,IDLE,,
1786036214.110,2026-08-07 00:10:14,MANUAL,True,-7.9262079,112.5948494,234.18,0.0,0.0,IDLE,389,69
1786036214.217,2026-08-07 00:10:14,MANUAL,True,-7.9262079,112.5948496,234.18,0.0,0.0,IDLE,,
1786036214.324,2026-08-07 00:10:14,MANUAL,True,-7.926208,112.5948497,234.17,0.0,0.0,IDLE,,
1786036214.433,2026-08-07 00:10:14,MANUAL,True,-7.926208,112.5948498,234.19,0.0,0.0,IDLE,,
1786036214.544,2026-08-07 00:10:14,MANUAL,True,-7.926208,112.5948498,234.19,0.0,0.0,IDLE,,
1786036214.659,2026-08-07 00:10:14,MANUAL,True,-7.9262081,112.5948501,234.18,0.0,0.0,IDLE,,
1786036214.780,2026-08-07 00:10:14,MANUAL,True,-7.9262081,112.5948502,234.17,0.0,0.0,IDLE,,
1786036214.893,2026-08-07 00:10:14,MANUAL,True,-7.9262081,112.5948503,234.19,0.0,0.0,IDLE,,
1786036215.005,2026-08-07 00:10:15,MANUAL,True,-7.926208,112.5948503,234.19,0.0,0.0,IDLE,,
1786036215.118,2026-08-07 00:10:15,MANUAL,True,-7.9262079,112.5948504,234.2,0.0,0.0,IDLE,,
1786036215.229,2026-08-07 00:10:15,MANUAL,True,-7.9262078,112.5948505,234.21,0.0,0.0,IDLE,,
1786036215.342,2026-08-07 00:10:15,MANUAL,True,-7.9262077,112.5948506,234.2,0.0,0.0,IDLE,,
1786036215.467,2026-08-07 00:10:15,MANUAL,True,-7.9262076,112.5948506,234.2,0.0,0.0,IDLE,,
1786036215.580,2026-08-07 00:10:15,MANUAL,True,-7.9262076,112.5948506,234.2,0.0,0.0,IDLE,,
1786036215.700,2026-08-07 00:10:15,MANUAL,True,-7.9262074,112.5948507,234.2,0.0,0.0,IDLE,,
1786036215.810,2026-08-07 00:10:15,MANUAL,True,-7.9262073,112.5948507,234.21,0.0,0.0,IDLE,,
1786036215.922,2026-08-07 00:10:15,MANUAL,True,-7.9262072,112.5948507,234.2,0.0,0.0,IDLE,,
1786036216.033,2026-08-07 00:10:16,MANUAL,True,-7.9262069,112.5948507,234.22,0.0,0.0,IDLE,,
1786036216.142,2026-08-07 00:10:16,MANUAL,True,-7.9262068,112.5948508,234.23,0.0,0.0,IDLE,,
1786036216.249,2026-08-07 00:10:16,MANUAL,True,-7.9262067,112.5948509,234.23,0.0,0.0,IDLE,,
1786036216.360,2026-08-07 00:10:16,MANUAL,True,-7.9262066,112.5948509,234.24,0.0,0.0,IDLE,,
1786036216.471,2026-08-07 00:10:16,MANUAL,True,-7.9262066,112.5948509,234.24,0.0,0.0,IDLE,,
1786036216.583,2026-08-07 00:10:16,MANUAL,True,-7.9262066,112.594851,234.23,0.0,0.0,IDLE,,
1786036216.696,2026-08-07 00:10:16,MANUAL,True,-7.9262067,112.594851,234.23,0.0,0.0,IDLE,,
1786036216.809,2026-08-07 00:10:16,MANUAL,True,-7.9262067,112.594851,234.23,0.0,0.0,IDLE,,
1786036216.924,2026-08-07 00:10:16,MANUAL,True,-7.9262067,112.5948511,234.22,0.0,0.0,IDLE,,
1786036217.036,2026-08-07 00:10:17,MANUAL,True,-7.9262066,112.5948511,234.22,0.0,0.0,IDLE,,
1786036217.151,2026-08-07 00:10:17,MANUAL,True,-7.9262065,112.5948511,234.21,0.0,0.0,IDLE,,
1786036217.264,2026-08-07 00:10:17,MANUAL,True,-7.9262065,112.5948511,234.21,0.0,0.0,IDLE,,
1786036217.378,2026-08-07 00:10:17,MANUAL,True,-7.9262064,112.5948511,234.21,0.0,0.0,IDLE,,
1786036217.489,2026-08-07 00:10:17,MANUAL,True,-7.9262063,112.5948511,234.2,0.0,0.0,IDLE,,
1786036217.604,2026-08-07 00:10:17,MANUAL,True,-7.9262063,112.5948511,234.2,0.0,0.0,IDLE,,
1786036217.724,2026-08-07 00:10:17,MANUAL,True,-7.9262062,112.5948511,234.19,0.0,0.0,IDLE,,
1786036217.917,2026-08-07 00:10:17,MANUAL,True,-7.9262062,112.5948513,234.21,0.0,0.0,IDLE,,
1786036218.033,2026-08-07 00:10:18,MANUAL,True,-7.9262062,112.5948515,234.22,0.0,0.0,IDLE,,
1786036218.141,2026-08-07 00:10:18,MANUAL,True,-7.9262062,112.5948515,234.21,0.0,0.0,IDLE,,
1786036218.253,2026-08-07 00:10:18,MANUAL,True,-7.9262062,112.5948515,234.22,0.0,0.0,IDLE,,
1786036218.365,2026-08-07 00:10:18,MANUAL,True,-7.9262062,112.5948517,234.23,0.0,0.0,IDLE,,
1786036218.479,2026-08-07 00:10:18,MANUAL,True,-7.9262062,112.5948519,234.23,0.0,0.0,IDLE,,
1786036218.591,2026-08-07 00:10:18,MANUAL,True,-7.9262062,112.5948519,234.23,0.0,0.0,IDLE,,
1786036218.705,2026-08-07 00:10:18,MANUAL,True,-7.9262061,112.594852,234.21,0.0,0.0,IDLE,,
1786036218.818,2026-08-07 00:10:18,MANUAL,True,-7.9262061,112.5948521,234.21,0.0,0.0,IDLE,,
1786036218.924,2026-08-07 00:10:18,MANUAL,True,-7.9262061,112.5948522,234.21,0.0,0.0,IDLE,,
1786036219.031,2026-08-07 00:10:19,MANUAL,True,-7.9262061,112.5948522,234.22,0.0,0.0,IDLE,,
1786036219.144,2026-08-07 00:10:19,MANUAL,True,-7.9262061,112.5948522,234.22,0.0,0.0,IDLE,,
1786036219.251,2026-08-07 00:10:19,MANUAL,True,-7.9262061,112.5948523,234.23,0.0,0.0,IDLE,,
1786036219.360,2026-08-07 00:10:19,MANUAL,True,-7.9262062,112.5948524,234.23,0.0,0.0,IDLE,,
1786036219.468,2026-08-07 00:10:19,MANUAL,True,-7.9262062,112.5948525,234.23,0.0,0.0,IDLE,,
1786036219.588,2026-08-07 00:10:19,MANUAL,True,-7.9262063,112.5948528,234.24,0.0,0.0,IDLE,,
1786036219.708,2026-08-07 00:10:19,MANUAL,True,-7.9262063,112.5948528,234.26,0.0,0.0,IDLE,,
1786036219.824,2026-08-07 00:10:19,MANUAL,True,-7.9262063,112.5948529,234.23,0.0,0.0,IDLE,,
1786036219.932,2026-08-07 00:10:19,MANUAL,True,-7.9262065,112.594853,234.24,0.0,0.0,IDLE,,
1786036220.037,2026-08-07 00:10:20,MANUAL,True,-7.9262065,112.594853,234.24,0.0,0.0,IDLE,,
1786036220.149,2026-08-07 00:10:20,MANUAL,True,-7.9262065,112.594853,234.23,0.0,0.0,IDLE,,
1786036220.259,2026-08-07 00:10:20,MANUAL,True,-7.9262065,112.5948531,234.21,0.0,0.0,IDLE,,
1786036220.373,2026-08-07 00:10:20,MANUAL,True,-7.9262066,112.5948532,234.2,0.0,0.0,IDLE,,
1786036220.487,2026-08-07 00:10:20,MANUAL,True,-7.9262066,112.5948532,234.2,0.0,0.0,IDLE,,
1786036220.602,2026-08-07 00:10:20,MANUAL,True,-7.9262069,112.5948535,234.2,0.0,0.0,IDLE,,
1786036220.818,2026-08-07 00:10:20,MANUAL,True,-7.926207,112.5948537,234.18,0.0,0.0,IDLE,,
1786036220.959,2026-08-07 00:10:20,MANUAL,True,-7.926207,112.5948539,234.18,0.0,0.0,IDLE,,
1786036221.068,2026-08-07 00:10:21,MANUAL,True,-7.926207,112.5948539,234.2,0.0,0.0,IDLE,,
1786036221.177,2026-08-07 00:10:21,MANUAL,True,-7.9262069,112.5948541,234.2,0.0,0.0,IDLE,,
1786036221.289,2026-08-07 00:10:21,MANUAL,True,-7.9262069,112.5948542,234.2,0.0,0.0,IDLE,,
1786036221.444,2026-08-07 00:10:21,MANUAL,True,-7.9262069,112.5948543,234.21,0.0,0.0,IDLE,,
1786036221.588,2026-08-07 00:10:21,MANUAL,True,-7.926207,112.5948545,234.21,0.0,0.0,IDLE,,
1786036221.703,2026-08-07 00:10:21,MANUAL,True,-7.9262071,112.5948546,234.23,0.0,0.0,IDLE,,
1786036221.814,2026-08-07 00:10:21,MANUAL,True,-7.9262072,112.5948546,234.23,0.0,0.0,IDLE,,
1786036221.932,2026-08-07 00:10:21,MANUAL,True,-7.9262072,112.5948547,234.22,0.0,0.0,IDLE,,
1786036222.051,2026-08-07 00:10:22,MANUAL,True,-7.9262073,112.5948548,234.22,0.0,0.0,IDLE,,
1786036222.163,2026-08-07 00:10:22,MANUAL,True,-7.9262073,112.5948549,234.22,0.0,0.0,IDLE,,
1786036222.282,2026-08-07 00:10:22,MANUAL,True,-7.9262075,112.594855,234.23,0.0,0.0,IDLE,,
1786036222.402,2026-08-07 00:10:22,MANUAL,True,-7.9262076,112.5948551,234.23,0.0,0.0,IDLE,,
1786036222.514,2026-08-07 00:10:22,MANUAL,True,-7.9262077,112.5948552,234.23,0.0,0.0,IDLE,,
1786036222.629,2026-08-07 00:10:22,MANUAL,True,-7.9262077,112.5948553,234.23,0.0,0.0,IDLE,,
1786036222.745,2026-08-07 00:10:22,MANUAL,True,-7.9262078,112.5948554,234.22,0.0,0.0,IDLE,,
1786036222.860,2026-08-07 00:10:22,MANUAL,True,-7.9262078,112.5948554,234.23,0.0,0.0,IDLE,,
1786036222.973,2026-08-07 00:10:22,MANUAL,True,-7.9262078,112.5948555,234.22,0.0,0.0,IDLE,,
1786036223.082,2026-08-07 00:10:23,MANUAL,True,-7.9262078,112.5948555,234.23,0.0,0.0,IDLE,,
1786036223.200,2026-08-07 00:10:23,MANUAL,True,-7.9262078,112.5948555,234.23,0.0,0.0,IDLE,,
1786036223.346,2026-08-07 00:10:23,MANUAL,True,-7.9262078,112.5948555,234.23,0.0,0.0,IDLE,,
1786036223.532,2026-08-07 00:10:23,MANUAL,True,-7.9262079,112.5948554,234.22,0.0,0.0,IDLE,,
1786036223.658,2026-08-07 00:10:23,MANUAL,True,-7.9262079,112.5948554,234.22,0.0,0.0,IDLE,,
1786036223.777,2026-08-07 00:10:23,MANUAL,True,-7.9262079,112.5948553,234.23,0.0,0.0,IDLE,,
1786036223.895,2026-08-07 00:10:23,MANUAL,True,-7.9262079,112.5948551,234.25,0.0,0.0,IDLE,,
1786036224.044,2026-08-07 00:10:24,MANUAL,True,-7.9262079,112.594855,234.27,0.0,0.0,IDLE,,
1786036224.171,2026-08-07 00:10:24,MANUAL,True,-7.9262079,112.594855,234.26,0.0,0.0,IDLE,,
1786036224.362,2026-08-07 00:10:24,MANUAL,True,-7.9262081,112.5948549,234.26,0.0,0.0,IDLE,,
1786036224.562,2026-08-07 00:10:24,MANUAL,True,-7.926208,112.5948548,234.26,0.0,0.0,IDLE,,
1786036224.681,2026-08-07 00:10:24,MANUAL,True,-7.926208,112.5948549,234.26,0.0,0.0,IDLE,,
1786036224.812,2026-08-07 00:10:24,MANUAL,True,-7.926208,112.5948548,234.27,0.0,0.0,IDLE,,
1786036224.928,2026-08-07 00:10:24,MANUAL,True,-7.9262081,112.5948547,234.27,0.0,0.0,IDLE,,
1786036225.298,2026-08-07 00:10:25,MANUAL,True,-7.9262085,112.5948545,234.28,0.0,0.0,IDLE,,
1786036225.422,2026-08-07 00:10:25,MANUAL,True,-7.9262086,112.5948544,234.29,0.0,0.0,IDLE,,
1786036225.583,2026-08-07 00:10:25,MANUAL,True,-7.9262087,112.5948543,234.29,0.0,0.0,IDLE,,
1786036225.791,2026-08-07 00:10:25,MANUAL,True,-7.9262091,112.5948543,234.3,0.0,0.0,IDLE,,
1786036225.945,2026-08-07 00:10:25,MANUAL,True,-7.9262095,112.5948542,234.32,0.0,0.0,IDLE,,
1786036226.143,2026-08-07 00:10:26,MANUAL,True,-7.9262097,112.5948542,234.31,0.0,0.0,IDLE,,
1786036226.299,2026-08-07 00:10:26,MANUAL,True,-7.9262099,112.5948541,234.3,0.0,0.0,IDLE,,
1786036226.464,2026-08-07 00:10:26,MANUAL,True,-7.9262102,112.594854,234.3,0.0,0.0,IDLE,,
1786036226.610,2026-08-07 00:10:26,MANUAL,True,-7.9262104,112.5948538,234.33,0.0,0.0,IDLE,,
1786036226.726,2026-08-07 00:10:26,MANUAL,True,-7.9262105,112.5948537,234.33,0.0,0.0,IDLE,,
1786036226.863,2026-08-07 00:10:26,MANUAL,True,-7.9262106,112.5948536,234.34,0.0,0.0,IDLE,,
1786036227.035,2026-08-07 00:10:27,MANUAL,True,-7.9262108,112.5948534,234.34,0.0,0.0,IDLE,,
1786036227.172,2026-08-07 00:10:27,MANUAL,True,-7.926211,112.5948533,234.34,0.0,0.0,IDLE,,
1786036227.288,2026-08-07 00:10:27,MANUAL,True,-7.9262111,112.5948532,234.33,0.0,0.0,IDLE,,
1786036227.406,2026-08-07 00:10:27,MANUAL,True,-7.9262112,112.5948531,234.32,0.0,0.0,IDLE,,
1786036227.538,2026-08-07 00:10:27,MANUAL,True,-7.9262113,112.5948529,234.33,0.0,0.0,IDLE,,
1786036227.682,2026-08-07 00:10:27,MANUAL,True,-7.9262116,112.5948527,234.32,0.0,0.0,IDLE,,
1786036227.829,2026-08-07 00:10:27,MANUAL,True,-7.9262118,112.5948526,234.31,0.0,0.0,IDLE,,
1786036228.259,2026-08-07 00:10:28,MANUAL,True,-7.9262125,112.5948521,234.28,0.0,0.0,IDLE,,
1786036228.408,2026-08-07 00:10:28,MANUAL,True,-7.9262126,112.594852,234.27,0.0,0.0,IDLE,,
1786036228.538,2026-08-07 00:10:28,MANUAL,True,-7.9262128,112.5948519,234.29,0.0,0.0,IDLE,,
1786036228.669,2026-08-07 00:10:28,MANUAL,True,-7.926213,112.5948517,234.31,0.0,0.0,IDLE,,
1786036228.780,2026-08-07 00:10:28,MANUAL,True,-7.9262131,112.5948516,234.32,0.0,0.0,IDLE,,
1786036228.891,2026-08-07 00:10:28,MANUAL,True,-7.9262132,112.5948516,234.31,0.0,0.0,IDLE,,
1786036229.036,2026-08-07 00:10:29,MANUAL,True,-7.9262134,112.5948515,234.34,0.0,0.0,IDLE,,
1786036229.176,2026-08-07 00:10:29,MANUAL,True,-7.9262135,112.5948515,234.34,0.0,0.0,IDLE,,
1786036229.426,2026-08-07 00:10:29,MANUAL,True,-7.9262138,112.5948515,234.34,0.0,0.0,IDLE,,
1786036229.554,2026-08-07 00:10:29,MANUAL,True,-7.9262139,112.5948515,234.33,0.0,0.0,IDLE,,
1786036229.664,2026-08-07 00:10:29,MANUAL,True,-7.9262142,112.5948515,234.32,0.0,0.0,IDLE,,
1786036229.777,2026-08-07 00:10:29,MANUAL,True,-7.9262143,112.5948515,234.33,0.0,0.0,IDLE,,
1786036229.892,2026-08-07 00:10:29,MANUAL,True,-7.9262144,112.5948515,234.33,0.0,0.0,IDLE,,
1786036230.011,2026-08-07 00:10:30,MANUAL,True,-7.9262146,112.5948515,234.34,0.0,0.0,IDLE,,
1786036230.128,2026-08-07 00:10:30,MANUAL,True,-7.9262147,112.5948515,234.36,0.0,0.0,IDLE,,
1786036230.245,2026-08-07 00:10:30,MANUAL,True,-7.9262148,112.5948516,234.36,0.0,0.0,IDLE,,
1786036230.362,2026-08-07 00:10:30,MANUAL,True,-7.9262151,112.5948518,234.37,0.0,0.0,IDLE,,
1786036230.475,2026-08-07 00:10:30,MANUAL,True,-7.9262152,112.5948519,234.37,0.0,0.0,IDLE,,
1786036230.588,2026-08-07 00:10:30,MANUAL,True,-7.9262152,112.5948519,234.37,0.0,0.0,IDLE,,
1786036230.703,2026-08-07 00:10:30,MANUAL,True,-7.9262154,112.594852,234.35,0.0,0.0,IDLE,,
1786036230.817,2026-08-07 00:10:30,MANUAL,True,-7.9262156,112.5948522,234.35,0.0,0.0,IDLE,,
1786036230.938,2026-08-07 00:10:30,MANUAL,True,-7.9262157,112.5948525,234.35,0.0,0.0,IDLE,,
1786036231.057,2026-08-07 00:10:31,MANUAL,True,-7.9262159,112.5948527,234.37,0.0,0.0,IDLE,,
1786036231.167,2026-08-07 00:10:31,MANUAL,True,-7.926216,112.5948528,234.36,0.0,0.0,IDLE,,
1786036231.278,2026-08-07 00:10:31,MANUAL,True,-7.9262164,112.5948532,234.36,0.0,0.0,IDLE,,
1786036231.440,2026-08-07 00:10:31,MANUAL,True,-7.9262166,112.5948535,234.36,0.0,0.0,IDLE,,
1786036231.600,2026-08-07 00:10:31,MANUAL,True,-7.9262168,112.5948537,234.37,0.0,0.0,IDLE,,
1786036231.723,2026-08-07 00:10:31,MANUAL,True,-7.9262172,112.5948542,234.4,0.0,0.0,IDLE,,
1786036231.848,2026-08-07 00:10:31,MANUAL,True,-7.9262174,112.5948545,234.41,0.0,0.0,IDLE,,
1786036231.971,2026-08-07 00:10:31,MANUAL,True,-7.9262175,112.5948548,234.42,0.0,0.0,IDLE,,
1786036232.096,2026-08-07 00:10:32,MANUAL,True,-7.9262178,112.5948552,234.42,0.0,0.0,IDLE,,
1786036232.220,2026-08-07 00:10:32,MANUAL,True,-7.9262179,112.5948554,234.43,0.0,0.0,IDLE,,
1786036232.391,2026-08-07 00:10:32,MANUAL,True,-7.926218,112.5948559,234.45,0.0,0.0,IDLE,,
1786036232.523,2026-08-07 00:10:32,MANUAL,True,-7.9262182,112.5948562,234.45,0.0,0.0,IDLE,,
1786036232.651,2026-08-07 00:10:32,MANUAL,True,-7.9262183,112.5948564,234.45,0.0,0.0,IDLE,,
1786036232.808,2026-08-07 00:10:32,MANUAL,True,-7.9262187,112.5948567,234.44,0.0,0.0,IDLE,,
1786036232.975,2026-08-07 00:10:32,MANUAL,True,-7.9262189,112.5948569,234.44,0.0,0.0,IDLE,,
1786036233.150,2026-08-07 00:10:33,MANUAL,True,-7.9262193,112.5948573,234.41,0.0,0.0,IDLE,,
1786036233.315,2026-08-07 00:10:33,MANUAL,True,-7.9262198,112.5948578,234.44,0.0,0.0,IDLE,,
1786036233.427,2026-08-07 00:10:33,MANUAL,True,-7.92622,112.594858,234.43,0.0,0.0,IDLE,,
1786036233.539,2026-08-07 00:10:33,MANUAL,True,-7.9262204,112.5948583,234.43,0.0,0.0,IDLE,,
1786036233.661,2026-08-07 00:10:33,MANUAL,True,-7.9262205,112.5948584,234.43,0.0,0.0,IDLE,,
1786036233.781,2026-08-07 00:10:33,MANUAL,True,-7.9262208,112.5948587,234.43,0.0,0.0,IDLE,,
1786036233.905,2026-08-07 00:10:33,MANUAL,True,-7.9262214,112.5948592,234.42,0.0,0.0,IDLE,,
1786036234.092,2026-08-07 00:10:34,MANUAL,True,-7.926222,112.5948597,234.43,0.0,0.0,IDLE,,
1786036234.555,2026-08-07 00:10:34,MANUAL,True,-7.9262228,112.5948605,234.4,0.0,0.0,IDLE,,
1786036235.112,2026-08-07 00:10:35,MANUAL,True,-7.9262232,112.5948607,234.38,0.0,0.0,IDLE,,
1786036235.222,2026-08-07 00:10:35,MANUAL,True,-7.9262233,112.5948607,234.38,0.0,0.0,IDLE,,
1786036235.381,2026-08-07 00:10:35,MANUAL,True,-7.9262233,112.5948608,234.37,0.0,0.0,IDLE,,
1786036235.574,2026-08-07 00:10:35,MANUAL,True,-7.9262236,112.594861,234.37,0.0,0.0,IDLE,,
1786036235.726,2026-08-07 00:10:35,MANUAL,True,-7.9262238,112.5948611,234.37,0.0,0.0,IDLE,,
1786036235.870,2026-08-07 00:10:35,MANUAL,True,-7.9262239,112.5948612,234.38,0.0,0.0,IDLE,,
1786036235.994,2026-08-07 00:10:35,MANUAL,True,-7.926224,112.5948612,234.39,0.0,0.0,IDLE,,
1786036236.146,2026-08-07 00:10:36,MANUAL,True,-7.9262242,112.5948613,234.4,0.0,0.0,IDLE,,
1786036236.277,2026-08-07 00:10:36,MANUAL,True,-7.9262243,112.5948613,234.4,0.0,0.0,IDLE,,
1786036236.429,2026-08-07 00:10:36,MANUAL,True,-7.9262245,112.5948615,234.42,0.0,0.0,IDLE,,
1786036236.590,2026-08-07 00:10:36,MANUAL,True,-7.9262245,112.5948615,234.42,0.0,0.0,IDLE,,
1786036236.704,2026-08-07 00:10:36,MANUAL,True,-7.9262248,112.5948616,234.43,0.0,0.0,IDLE,,
1786036236.828,2026-08-07 00:10:36,MANUAL,True,-7.9262249,112.5948616,234.41,0.0,0.0,IDLE,,
1786036236.942,2026-08-07 00:10:36,MANUAL,True,-7.9262251,112.5948618,234.41,0.0,0.0,IDLE,,
1786036237.060,2026-08-07 00:10:37,MANUAL,True,-7.9262252,112.594862,234.4,0.0,0.0,IDLE,,
1786036237.178,2026-08-07 00:10:37,MANUAL,True,-7.9262253,112.5948621,234.39,0.0,0.0,IDLE,,
1786036237.297,2026-08-07 00:10:37,MANUAL,True,-7.9262253,112.5948622,234.39,0.0,0.0,IDLE,,
1786036237.426,2026-08-07 00:10:37,MANUAL,True,-7.9262253,112.5948622,234.39,0.0,0.0,IDLE,,
1786036237.541,2026-08-07 00:10:37,MANUAL,True,-7.9262254,112.5948623,234.4,0.0,0.0,IDLE,,
1786036237.683,2026-08-07 00:10:37,MANUAL,True,-7.9262253,112.5948624,234.41,0.0,0.0,IDLE,,
1786036237.809,2026-08-07 00:10:37,MANUAL,True,-7.9262253,112.5948625,234.41,0.0,0.0,IDLE,,
1786036237.923,2026-08-07 00:10:37,MANUAL,True,-7.9262253,112.5948626,234.4,0.0,0.0,IDLE,,
1786036238.307,2026-08-07 00:10:38,MANUAL,True,-7.9262253,112.5948632,234.4,0.0,0.0,IDLE,,
1786036238.425,2026-08-07 00:10:38,MANUAL,True,-7.9262253,112.5948633,234.41,0.0,0.0,IDLE,,
1786036238.537,2026-08-07 00:10:38,MANUAL,True,-7.9262253,112.5948635,234.42,0.0,0.0,IDLE,,
1786036238.647,2026-08-07 00:10:38,MANUAL,True,-7.9262253,112.5948636,234.42,0.0,0.0,IDLE,,
1786036238.774,2026-08-07 00:10:38,MANUAL,True,-7.9262252,112.5948638,234.43,0.0,0.0,IDLE,,
1786036238.928,2026-08-07 00:10:38,MANUAL,True,-7.9262252,112.5948639,234.42,0.0,0.0,IDLE,,
1786036239.072,2026-08-07 00:10:39,MANUAL,True,-7.9262252,112.594864,234.41,0.0,0.0,IDLE,,
1786036239.394,2026-08-07 00:10:39,MANUAL,True,-7.9262256,112.5948647,234.41,0.0,0.0,IDLE,,
1786036239.569,2026-08-07 00:10:39,MANUAL,True,-7.9262257,112.594865,234.42,0.0,0.0,IDLE,,
1786036239.691,2026-08-07 00:10:39,MANUAL,True,-7.9262257,112.594865,234.42,0.0,0.0,IDLE,,
1786036239.816,2026-08-07 00:10:39,MANUAL,True,-7.9262256,112.594865,234.41,0.0,0.0,IDLE,,
1786036239.963,2026-08-07 00:10:39,MANUAL,True,-7.9262255,112.594865,234.43,0.0,0.0,IDLE,,
1786036240.092,2026-08-07 00:10:40,MANUAL,True,-7.9262254,112.594865,234.44,0.0,0.0,IDLE,,
1786036240.227,2026-08-07 00:10:40,MANUAL,True,-7.9262253,112.5948649,234.44,0.0,0.0,IDLE,,
1786036240.337,2026-08-07 00:10:40,MANUAL,True,-7.9262252,112.5948648,234.46,0.0,0.0,IDLE,,
1786036240.446,2026-08-07 00:10:40,MANUAL,True,-7.9262252,112.5948647,234.46,0.0,0.0,IDLE,,
1786036240.655,2026-08-07 00:10:40,MANUAL,True,-7.9262251,112.5948647,234.47,0.0,0.0,IDLE,,
1786036240.801,2026-08-07 00:10:40,MANUAL,True,-7.9262252,112.5948654,234.49,0.0,0.0,IDLE,,
1786036240.954,2026-08-07 00:10:40,MANUAL,True,-7.9262254,112.5948658,234.5,0.0,0.0,IDLE,,
1786036241.108,2026-08-07 00:10:41,MANUAL,True,-7.9262257,112.5948665,234.51,0.0,0.0,IDLE,,
1786036241.322,2026-08-07 00:10:41,MANUAL,True,-7.9262259,112.5948674,234.53,0.0,0.0,IDLE,,
1786036241.436,2026-08-07 00:10:41,MANUAL,True,-7.9262261,112.5948679,234.53,0.0,0.0,IDLE,,
1786036241.568,2026-08-07 00:10:41,MANUAL,True,-7.9262264,112.5948686,234.53,0.0,0.0,IDLE,,
1786036241.679,2026-08-07 00:10:41,MANUAL,True,-7.9262266,112.5948694,234.54,0.0,0.0,IDLE,,
1786036241.798,2026-08-07 00:10:41,MANUAL,True,-7.9262268,112.5948699,234.55,0.0,0.0,IDLE,,
1786036241.944,2026-08-07 00:10:41,MANUAL,True,-7.9262271,112.5948705,234.54,0.0,0.0,IDLE,,
1786036242.096,2026-08-07 00:10:42,MANUAL,True,-7.9262273,112.5948713,234.54,0.0,0.0,IDLE,,
1786036242.243,2026-08-07 00:10:42,MANUAL,True,-7.9262275,112.5948719,234.55,0.0,0.0,IDLE,,
1786036242.499,2026-08-07 00:10:42,MANUAL,True,-7.9262282,112.5948737,234.55,0.0,0.0,IDLE,,
1786036242.757,2026-08-07 00:10:42,MANUAL,True,-7.9262285,112.5948747,234.54,0.0,0.0,IDLE,,
1786036242.929,2026-08-07 00:10:42,MANUAL,True,-7.9262289,112.5948759,234.53,0.0,0.0,IDLE,,
1786036243.042,2026-08-07 00:10:43,MANUAL,True,-7.926229,112.5948764,234.53,0.0,0.0,IDLE,,
1786036243.151,2026-08-07 00:10:43,MANUAL,True,-7.9262291,112.5948769,234.53,0.0,0.0,IDLE,,
1786036243.344,2026-08-07 00:10:43,MANUAL,True,-7.9262295,112.594878,234.54,0.0,0.0,IDLE,,
1786036243.479,2026-08-07 00:10:43,MANUAL,True,-7.9262296,112.5948785,234.54,0.0,0.0,IDLE,,
1786036243.587,2026-08-07 00:10:43,MANUAL,True,-7.9262298,112.5948793,234.54,0.0,0.0,IDLE,,
1786036243.729,2026-08-07 00:10:43,MANUAL,True,-7.9262299,112.5948797,234.54,0.0,0.0,IDLE,,
1786036243.870,2026-08-07 00:10:43,MANUAL,True,-7.9262299,112.5948801,234.55,0.0,0.0,IDLE,,
1786036243.993,2026-08-07 00:10:43,MANUAL,True,-7.9262299,112.5948808,234.54,0.0,0.0,IDLE,,
1786036244.121,2026-08-07 00:10:44,MANUAL,True,-7.9262299,112.5948812,234.55,0.0,0.0,IDLE,,
1786036244.236,2026-08-07 00:10:44,MANUAL,True,-7.9262299,112.5948816,234.57,0.0,0.0,IDLE,,
1786036244.396,2026-08-07 00:10:44,MANUAL,True,-7.92623,112.5948824,234.56,0.0,0.0,IDLE,,
1786036244.519,2026-08-07 00:10:44,MANUAL,True,-7.9262301,112.594883,234.56,0.0,0.0,IDLE,,
1786036244.645,2026-08-07 00:10:44,MANUAL,True,-7.9262302,112.5948833,234.57,0.0,0.0,IDLE,,
1786036244.750,2026-08-07 00:10:44,MANUAL,True,-7.9262303,112.5948838,234.56,0.0,0.0,IDLE,,
1786036244.858,2026-08-07 00:10:44,MANUAL,True,-7.9262304,112.5948844,234.55,0.0,0.0,IDLE,,
1786036244.967,2026-08-07 00:10:44,MANUAL,True,-7.9262305,112.5948849,234.55,0.0,0.0,IDLE,,
1786036245.082,2026-08-07 00:10:45,MANUAL,True,-7.9262308,112.5948859,234.55,0.0,0.0,IDLE,,
1786036245.197,2026-08-07 00:10:45,MANUAL,True,-7.9262308,112.5948864,234.56,0.0,0.0,IDLE,,
1786036245.318,2026-08-07 00:10:45,MANUAL,True,-7.9262309,112.5948868,234.56,0.0,0.0,IDLE,,
1786036245.427,2026-08-07 00:10:45,MANUAL,True,-7.9262309,112.5948873,234.57,0.0,0.0,IDLE,,
1786036245.539,2026-08-07 00:10:45,MANUAL,True,-7.9262309,112.5948876,234.56,0.0,0.0,IDLE,,
1786036245.663,2026-08-07 00:10:45,MANUAL,True,-7.9262309,112.5948876,234.56,0.0,0.0,IDLE,,
1786036245.790,2026-08-07 00:10:45,MANUAL,True,-7.9262308,112.5948884,234.57,0.0,0.0,IDLE,,
1786036245.910,2026-08-07 00:10:45,MANUAL,True,-7.9262307,112.5948886,234.56,0.0,0.0,IDLE,,
1786036246.029,2026-08-07 00:10:46,MANUAL,True,-7.9262307,112.5948888,234.58,0.0,0.0,IDLE,,
1786036246.152,2026-08-07 00:10:46,MANUAL,True,-7.9262307,112.5948891,234.59,0.0,0.0,IDLE,,
1786036246.268,2026-08-07 00:10:46,MANUAL,True,-7.9262307,112.5948893,234.59,0.0,0.0,IDLE,,
1786036246.749,2026-08-07 00:10:46,MANUAL,True,-7.9262304,112.5948904,234.59,0.0,0.0,IDLE,,
1786036247.134,2026-08-07 00:10:47,MANUAL,True,-7.9262298,112.5948905,234.6,0.0,0.0,IDLE,,
1786036247.254,2026-08-07 00:10:47,MANUAL,True,-7.9262297,112.5948905,234.6,0.0,0.0,IDLE,,
1786036247.376,2026-08-07 00:10:47,MANUAL,True,-7.9262295,112.5948904,234.6,0.0,0.0,IDLE,,
1786036247.492,2026-08-07 00:10:47,MANUAL,True,-7.9262294,112.5948903,234.59,0.0,0.0,IDLE,,
1786036247.611,2026-08-07 00:10:47,MANUAL,True,-7.9262292,112.5948905,234.58,0.0,0.0,IDLE,,
1786036247.725,2026-08-07 00:10:47,MANUAL,True,-7.9262291,112.5948906,234.6,0.0,0.0,IDLE,,
1786036247.926,2026-08-07 00:10:47,MANUAL,True,-7.9262288,112.5948907,234.6,0.0,0.0,IDLE,,
1786036248.040,2026-08-07 00:10:48,MANUAL,True,-7.9262287,112.5948907,234.6,0.0,0.0,IDLE,,
1786036248.155,2026-08-07 00:10:48,MANUAL,True,-7.9262286,112.5948907,234.61,0.0,0.0,IDLE,,
1786036248.286,2026-08-07 00:10:48,MANUAL,True,-7.9262283,112.5948907,234.61,0.0,0.0,IDLE,,
1786036248.401,2026-08-07 00:10:48,MANUAL,True,-7.9262282,112.5948908,234.61,0.0,0.0,IDLE,,
1786036248.514,2026-08-07 00:10:48,MANUAL,True,-7.9262282,112.5948908,234.61,0.0,0.0,IDLE,,
1786036248.629,2026-08-07 00:10:48,MANUAL,True,-7.926228,112.5948909,234.6,0.0,0.0,IDLE,,
1786036248.746,2026-08-07 00:10:48,MANUAL,True,-7.926228,112.594891,234.6,0.0,0.0,IDLE,,
1786036248.860,2026-08-07 00:10:48,MANUAL,True,-7.9262279,112.5948911,234.6,0.0,0.0,IDLE,,
1786036248.985,2026-08-07 00:10:48,MANUAL,True,-7.9262279,112.5948912,234.6,0.0,0.0,IDLE,,
1786036249.101,2026-08-07 00:10:49,MANUAL,True,-7.9262277,112.5948915,234.6,0.0,0.0,IDLE,,
1786036249.214,2026-08-07 00:10:49,MANUAL,True,-7.9262276,112.5948916,234.61,0.0,0.0,IDLE,,
1786036249.330,2026-08-07 00:10:49,MANUAL,True,-7.9262275,112.5948916,234.62,0.0,0.0,IDLE,,
1786036249.446,2026-08-07 00:10:49,MANUAL,True,-7.9262274,112.5948917,234.64,0.0,0.0,IDLE,,
1786036249.561,2026-08-07 00:10:49,MANUAL,True,-7.9262273,112.5948918,234.63,0.0,0.0,IDLE,,
1786036249.677,2026-08-07 00:10:49,MANUAL,True,-7.9262271,112.5948918,234.63,0.0,0.0,IDLE,,
1786036249.797,2026-08-07 00:10:49,MANUAL,True,-7.9262269,112.5948919,234.62,0.0,0.0,IDLE,,
1786036249.910,2026-08-07 00:10:49,MANUAL,True,-7.9262268,112.5948919,234.62,0.0,0.0,IDLE,,
1786036250.028,2026-08-07 00:10:50,MANUAL,True,-7.9262267,112.594892,234.63,0.0,0.0,IDLE,,
1786036250.144,2026-08-07 00:10:50,MANUAL,True,-7.9262267,112.5948921,234.63,0.0,0.0,IDLE,,
1786036250.262,2026-08-07 00:10:50,MANUAL,True,-7.9262267,112.5948922,234.61,0.0,0.0,IDLE,,
1786036250.379,2026-08-07 00:10:50,MANUAL,True,-7.9262267,112.5948923,234.61,0.0,0.0,IDLE,,
1786036250.493,2026-08-07 00:10:50,MANUAL,True,-7.9262268,112.5948925,234.64,0.0,0.0,IDLE,,
1786036250.606,2026-08-07 00:10:50,MANUAL,True,-7.9262269,112.5948928,234.64,0.0,0.0,IDLE,,
1786036250.717,2026-08-07 00:10:50,MANUAL,True,-7.926227,112.5948929,234.64,0.0,0.0,IDLE,,
1786036250.826,2026-08-07 00:10:50,MANUAL,True,-7.926227,112.5948929,234.65,0.0,0.0,IDLE,,
1786036250.941,2026-08-07 00:10:50,MANUAL,True,-7.926227,112.5948929,234.65,0.0,0.0,IDLE,,
1786036251.059,2026-08-07 00:10:51,MANUAL,True,-7.9262269,112.5948929,234.65,0.0,0.0,IDLE,,
1786036251.178,2026-08-07 00:10:51,MANUAL,True,-7.9262268,112.5948928,234.63,0.0,0.0,IDLE,,
1786036251.294,2026-08-07 00:10:51,MANUAL,True,-7.9262267,112.5948927,234.65,0.0,0.0,IDLE,,
1786036251.411,2026-08-07 00:10:51,MANUAL,True,-7.9262265,112.5948926,234.65,0.0,0.0,IDLE,,
1786036251.529,2026-08-07 00:10:51,MANUAL,True,-7.9262264,112.5948926,234.66,0.0,0.0,IDLE,,
1786036251.644,2026-08-07 00:10:51,MANUAL,True,-7.9262263,112.5948924,234.64,0.0,0.0,IDLE,,
1786036251.770,2026-08-07 00:10:51,MANUAL,True,-7.9262262,112.5948924,234.65,0.0,0.0,IDLE,,
1786036251.894,2026-08-07 00:10:51,MANUAL,True,-7.9262261,112.5948923,234.65,0.0,0.0,IDLE,,
1786036252.006,2026-08-07 00:10:52,MANUAL,True,-7.9262261,112.5948925,234.64,0.0,0.0,IDLE,,
1786036252.330,2026-08-07 00:10:52,MANUAL,True,-7.926226,112.5948928,234.65,0.0,0.0,IDLE,,
1786036252.554,2026-08-07 00:10:52,MANUAL,True,-7.9262261,112.594893,234.67,0.0,0.0,IDLE,,
1786036252.693,2026-08-07 00:10:52,MANUAL,True,-7.9262259,112.5948929,234.68,0.0,0.0,IDLE,,
1786036252.828,2026-08-07 00:10:52,MANUAL,True,-7.9262258,112.5948929,234.69,0.0,0.0,IDLE,,
1786036252.947,2026-08-07 00:10:52,MANUAL,True,-7.9262256,112.5948928,234.69,0.0,0.0,IDLE,,
1786036253.081,2026-08-07 00:10:53,MANUAL,True,-7.9262255,112.5948928,234.69,0.0,0.0,IDLE,,
1786036253.202,2026-08-07 00:10:53,MANUAL,True,-7.9262252,112.5948927,234.69,0.0,0.0,IDLE,,
1786036253.320,2026-08-07 00:10:53,MANUAL,True,-7.9262252,112.5948926,234.7,0.0,0.0,IDLE,,
1786036253.436,2026-08-07 00:10:53,MANUAL,True,-7.9262251,112.5948927,234.72,0.0,0.0,IDLE,,
1786036253.555,2026-08-07 00:10:53,MANUAL,True,-7.9262251,112.5948927,234.73,0.0,0.0,IDLE,,
1786036253.667,2026-08-07 00:10:53,MANUAL,True,-7.9262251,112.5948927,234.73,0.0,0.0,IDLE,,
1786036253.785,2026-08-07 00:10:53,MANUAL,True,-7.926225,112.5948927,234.73,0.0,0.0,IDLE,,
1786036253.927,2026-08-07 00:10:53,MANUAL,True,-7.926225,112.5948927,234.72,0.0,0.0,IDLE,,
1786036254.079,2026-08-07 00:10:54,MANUAL,True,-7.926225,112.5948927,234.73,0.0,0.0,IDLE,,
1786036254.215,2026-08-07 00:10:54,MANUAL,True,-7.9262251,112.5948928,234.74,0.0,0.0,IDLE,,
1786036254.353,2026-08-07 00:10:54,MANUAL,True,-7.9262252,112.5948929,234.74,0.0,0.0,IDLE,,
1786036254.490,2026-08-07 00:10:54,MANUAL,True,-7.9262253,112.594893,234.75,0.0,0.0,IDLE,,
1786036254.639,2026-08-07 00:10:54,MANUAL,True,-7.9262253,112.594893,234.75,0.0,0.0,IDLE,,
1786036254.777,2026-08-07 00:10:54,MANUAL,True,-7.9262255,112.5948935,234.73,0.0,0.0,IDLE,,
1786036254.887,2026-08-07 00:10:54,MANUAL,True,-7.9262257,112.5948938,234.72,0.0,0.0,IDLE,,
1786036255.002,2026-08-07 00:10:55,MANUAL,True,-7.9262263,112.5948944,234.72,0.0,0.0,IDLE,,
1786036255.118,2026-08-07 00:10:55,MANUAL,True,-7.9262265,112.5948946,234.72,0.0,0.0,IDLE,,
1786036255.232,2026-08-07 00:10:55,MANUAL,True,-7.9262266,112.5948949,234.73,0.0,0.0,IDLE,,
1786036255.345,2026-08-07 00:10:55,MANUAL,True,-7.9262268,112.5948951,234.72,0.0,0.0,IDLE,,
1786036255.461,2026-08-07 00:10:55,MANUAL,True,-7.9262271,112.5948954,234.73,0.0,0.0,IDLE,,
1786036255.577,2026-08-07 00:10:55,MANUAL,True,-7.9262273,112.5948957,234.71,0.0,0.0,IDLE,,
1786036255.713,2026-08-07 00:10:55,MANUAL,True,-7.9262279,112.5948965,234.72,0.0,0.0,IDLE,,
1786036255.827,2026-08-07 00:10:55,MANUAL,True,-7.9262282,112.5948969,234.71,0.0,0.0,IDLE,,
1786036255.944,2026-08-07 00:10:55,MANUAL,True,-7.9262286,112.5948974,234.71,0.0,0.0,IDLE,,
1786036256.061,2026-08-07 00:10:56,MANUAL,True,-7.9262287,112.5948978,234.71,0.0,0.0,IDLE,,
1786036256.171,2026-08-07 00:10:56,MANUAL,True,-7.926229,112.5948981,234.72,0.0,0.0,IDLE,,
1786036256.287,2026-08-07 00:10:56,MANUAL,True,-7.9262293,112.5948986,234.72,0.0,0.0,IDLE,,
1786036256.403,2026-08-07 00:10:56,MANUAL,True,-7.9262297,112.5948992,234.73,0.0,0.0,IDLE,0,-320
1786036256.516,2026-08-07 00:10:56,MANUAL,True,-7.9262299,112.5948996,234.73,0.0,0.0,IDLE,,
1786036256.631,2026-08-07 00:10:56,MANUAL,True,-7.9262305,112.5949005,234.74,0.0,0.0,IDLE,,
1786036256.742,2026-08-07 00:10:56,MANUAL,True,-7.9262308,112.594901,234.74,0.0,0.0,IDLE,,
1786036256.856,2026-08-07 00:10:56,MANUAL,True,-7.926231,112.5949014,234.74,0.0,0.0,IDLE,,
1786036256.970,2026-08-07 00:10:56,MANUAL,True,-7.9262313,112.5949021,234.74,0.0,0.0,IDLE,,
1786036257.087,2026-08-07 00:10:57,MANUAL,True,-7.9262316,112.5949025,234.75,0.0,0.0,IDLE,,
1786036257.205,2026-08-07 00:10:57,MANUAL,True,-7.9262319,112.594903,234.75,0.0,0.0,IDLE,,
1786036257.322,2026-08-07 00:10:57,MANUAL,True,-7.9262324,112.594904,234.76,0.0,0.0,IDLE,,
1786036257.436,2026-08-07 00:10:57,MANUAL,True,-7.9262326,112.5949045,234.77,0.0,0.0,IDLE,,
1786036257.552,2026-08-07 00:10:57,MANUAL,True,-7.9262326,112.5949045,234.77,0.0,0.0,IDLE,,
1786036257.666,2026-08-07 00:10:57,MANUAL,True,-7.9262331,112.5949057,234.77,0.0,0.0,IDLE,,
1786036257.777,2026-08-07 00:10:57,MANUAL,True,-7.9262333,112.5949062,234.77,0.0,0.0,IDLE,,
1786036257.891,2026-08-07 00:10:57,MANUAL,True,-7.9262335,112.5949066,234.78,0.0,0.0,IDLE,,
1786036258.005,2026-08-07 00:10:58,MANUAL,True,-7.9262336,112.5949071,234.78,0.0,0.0,IDLE,,
1786036258.121,2026-08-07 00:10:58,MANUAL,True,-7.9262338,112.5949074,234.78,0.0,0.0,IDLE,,
1786036258.241,2026-08-07 00:10:58,MANUAL,True,-7.9262341,112.5949081,234.76,0.0,0.0,IDLE,,
1786036258.353,2026-08-07 00:10:58,MANUAL,True,-7.9262342,112.5949084,234.77,0.0,0.0,IDLE,,
1786036258.469,2026-08-07 00:10:58,MANUAL,True,-7.9262343,112.5949087,234.76,0.0,0.0,IDLE,,
1786036258.580,2026-08-07 00:10:58,MANUAL,True,-7.9262343,112.5949087,234.76,0.0,0.0,IDLE,,
1786036258.691,2026-08-07 00:10:58,MANUAL,True,-7.9262346,112.5949093,234.76,0.0,0.0,IDLE,,
1786036258.805,2026-08-07 00:10:58,MANUAL,True,-7.9262346,112.5949097,234.77,0.0,0.0,IDLE,,
1786036258.921,2026-08-07 00:10:58,MANUAL,True,-7.9262347,112.59491,234.77,0.0,0.0,IDLE,,
1786036259.039,2026-08-07 00:10:59,MANUAL,True,-7.9262345,112.5949101,234.76,0.0,0.0,IDLE,,
1786036259.154,2026-08-07 00:10:59,MANUAL,True,-7.9262344,112.5949103,234.75,0.0,0.0,IDLE,,
1786036259.273,2026-08-07 00:10:59,MANUAL,True,-7.9262344,112.5949105,234.76,0.0,0.0,IDLE,,
1786036259.389,2026-08-07 00:10:59,MANUAL,True,-7.9262344,112.5949107,234.75,0.0,0.0,IDLE,,
1786036259.508,2026-08-07 00:10:59,MANUAL,True,-7.9262345,112.5949109,234.75,0.0,0.0,IDLE,,
1786036259.628,2026-08-07 00:10:59,MANUAL,True,-7.9262345,112.5949112,234.73,0.0,0.0,IDLE,,
1786036259.743,2026-08-07 00:10:59,MANUAL,True,-7.9262346,112.5949114,234.73,0.0,0.0,IDLE,,
1786036259.872,2026-08-07 00:10:59,MANUAL,True,-7.9262347,112.5949117,234.75,0.0,0.0,IDLE,,
1786036259.991,2026-08-07 00:10:59,MANUAL,True,-7.9262347,112.5949118,234.76,0.0,0.0,IDLE,,
1786036260.108,2026-08-07 00:11:00,MANUAL,True,-7.9262347,112.5949118,234.75,0.0,0.0,IDLE,,
1786036260.221,2026-08-07 00:11:00,MANUAL,True,-7.9262347,112.5949119,234.73,0.0,0.0,IDLE,,
1786036260.336,2026-08-07 00:11:00,MANUAL,True,-7.9262347,112.5949119,234.73,0.0,0.0,IDLE,,
1786036260.451,2026-08-07 00:11:00,MANUAL,True,-7.9262346,112.5949118,234.74,0.0,0.0,IDLE,,
1786036260.565,2026-08-07 00:11:00,MANUAL,True,-7.9262346,112.5949116,234.72,0.0,0.0,IDLE,,
1786036260.681,2026-08-07 00:11:00,MANUAL,True,-7.9262344,112.5949113,234.71,0.0,0.0,IDLE,,
1786036260.795,2026-08-07 00:11:00,MANUAL,True,-7.9262342,112.594911,234.71,0.0,0.0,IDLE,,
1786036260.908,2026-08-07 00:11:00,MANUAL,True,-7.9262342,112.5949109,234.7,0.0,0.0,IDLE,,
1786036261.026,2026-08-07 00:11:01,MANUAL,True,-7.9262341,112.5949107,234.7,0.0,0.0,IDLE,,
1786036261.143,2026-08-07 00:11:01,MANUAL,True,-7.926234,112.5949105,234.69,0.0,0.0,IDLE,,
1786036261.262,2026-08-07 00:11:01,MANUAL,True,-7.9262339,112.5949103,234.69,0.0,0.0,IDLE,,
1786036261.375,2026-08-07 00:11:01,MANUAL,True,-7.9262338,112.5949101,234.68,0.0,0.0,IDLE,,
1786036261.489,2026-08-07 00:11:01,MANUAL,True,-7.9262338,112.5949101,234.68,0.0,0.0,IDLE,,
1786036261.603,2026-08-07 00:11:01,MANUAL,True,-7.9262337,112.5949101,234.69,0.0,0.0,IDLE,,
1786036261.716,2026-08-07 00:11:01,MANUAL,True,-7.9262337,112.5949101,234.71,0.0,0.0,IDLE,,
1786036261.832,2026-08-07 00:11:01,MANUAL,True,-7.9262337,112.5949101,234.71,0.0,0.0,IDLE,,
1786036261.948,2026-08-07 00:11:01,MANUAL,True,-7.9262336,112.5949099,234.7,0.0,0.0,IDLE,,
1786036262.068,2026-08-07 00:11:02,MANUAL,True,-7.9262336,112.5949099,234.71,0.0,0.0,IDLE,,
1786036262.186,2026-08-07 00:11:02,MANUAL,True,-7.9262335,112.5949098,234.72,0.0,0.0,IDLE,,
1786036262.305,2026-08-07 00:11:02,MANUAL,True,-7.9262335,112.5949097,234.71,0.0,0.0,IDLE,0,-320
1786036262.420,2026-08-07 00:11:02,MANUAL,True,-7.9262334,112.5949096,234.71,0.0,0.0,IDLE,0,-320
1786036262.532,2026-08-07 00:11:02,MANUAL,True,-7.9262334,112.5949095,234.7,0.0,0.0,IDLE,,
1786036262.644,2026-08-07 00:11:02,MANUAL,True,-7.9262334,112.5949095,234.7,0.0,0.0,IDLE,,
1786036262.757,2026-08-07 00:11:02,MANUAL,True,-7.9262334,112.5949094,234.69,0.0,0.0,IDLE,392,72
1786036262.871,2026-08-07 00:11:02,MANUAL,True,-7.9262334,112.5949094,234.7,0.0,0.0,IDLE,,
1786036262.988,2026-08-07 00:11:02,MANUAL,True,-7.9262333,112.5949094,234.69,0.0,0.0,IDLE,,
1786036263.106,2026-08-07 00:11:03,MANUAL,True,-7.9262333,112.5949093,234.68,0.0,0.0,IDLE,,
1786036263.218,2026-08-07 00:11:03,MANUAL,True,-7.9262332,112.5949091,234.66,0.0,0.0,IDLE,,
1786036263.333,2026-08-07 00:11:03,MANUAL,True,-7.9262331,112.594909,234.66,0.0,0.0,IDLE,,
1786036263.448,2026-08-07 00:11:03,MANUAL,True,-7.9262331,112.5949088,234.66,0.0,0.0,IDLE,,
1786036263.570,2026-08-07 00:11:03,MANUAL,True,-7.926233,112.5949086,234.66,0.0,0.0,IDLE,,
1786036263.689,2026-08-07 00:11:03,MANUAL,True,-7.9262328,112.5949083,234.65,0.0,0.0,IDLE,,
1786036263.805,2026-08-07 00:11:03,MANUAL,True,-7.9262327,112.5949081,234.65,0.0,0.0,IDLE,,
1786036263.920,2026-08-07 00:11:03,MANUAL,True,-7.9262327,112.5949079,234.64,0.0,0.0,IDLE,,
1786036264.037,2026-08-07 00:11:04,MANUAL,True,-7.9262326,112.5949077,234.64,0.0,0.0,IDLE,,
1786036264.149,2026-08-07 00:11:04,MANUAL,True,-7.9262325,112.5949075,234.64,0.0,0.0,IDLE,,
1786036264.270,2026-08-07 00:11:04,MANUAL,True,-7.9262324,112.5949073,234.65,0.0,0.0,IDLE,,
1786036264.384,2026-08-07 00:11:04,MANUAL,True,-7.9262323,112.5949071,234.64,0.0,0.0,IDLE,,
1786036264.503,2026-08-07 00:11:04,MANUAL,True,-7.9262321,112.5949066,234.67,0.0,0.0,IDLE,,
1786036264.617,2026-08-07 00:11:04,MANUAL,True,-7.9262321,112.5949066,234.67,0.0,0.0,IDLE,,
1786036264.730,2026-08-07 00:11:04,MANUAL,True,-7.926232,112.5949063,234.67,0.0,0.0,IDLE,,
1786036264.844,2026-08-07 00:11:04,MANUAL,True,-7.9262319,112.5949062,234.66,0.0,0.0,IDLE,,
1786036264.995,2026-08-07 00:11:04,MANUAL,True,-7.9262319,112.594906,234.66,0.0,0.0,IDLE,,
1786036265.108,2026-08-07 00:11:05,MANUAL,True,-7.9262318,112.5949059,234.65,0.0,0.0,IDLE,,
1786036265.221,2026-08-07 00:11:05,MANUAL,True,-7.9262318,112.5949058,234.65,0.0,0.0,IDLE,,
1786036265.338,2026-08-07 00:11:05,MANUAL,True,-7.9262318,112.5949058,234.66,0.0,0.0,IDLE,,
1786036265.454,2026-08-07 00:11:05,MANUAL,True,-7.9262319,112.5949059,234.65,0.0,0.0,IDLE,,
1786036265.574,2026-08-07 00:11:05,MANUAL,True,-7.9262319,112.5949058,234.67,0.0,0.0,IDLE,,
1786036265.690,2026-08-07 00:11:05,MANUAL,True,-7.9262319,112.5949055,234.67,0.0,0.0,IDLE,,
1786036265.806,2026-08-07 00:11:05,MANUAL,True,-7.9262318,112.5949051,234.68,0.0,0.0,IDLE,,
1786036265.930,2026-08-07 00:11:05,MANUAL,True,-7.9262317,112.5949048,234.67,0.0,0.0,IDLE,,
1786036266.053,2026-08-07 00:11:06,MANUAL,True,-7.9262316,112.5949044,234.67,0.0,0.0,IDLE,,
1786036266.170,2026-08-07 00:11:06,MANUAL,True,-7.9262316,112.5949042,234.65,0.0,0.0,IDLE,,
1786036266.288,2026-08-07 00:11:06,MANUAL,True,-7.9262317,112.5949039,234.66,0.0,0.0,IDLE,,
1786036266.404,2026-08-07 00:11:06,MANUAL,True,-7.9262318,112.5949039,234.65,0.0,0.0,IDLE,,
1786036266.521,2026-08-07 00:11:06,MANUAL,True,-7.9262318,112.5949039,234.65,0.0,0.0,IDLE,,
1786036266.636,2026-08-07 00:11:06,MANUAL,True,-7.9262319,112.5949039,234.65,0.0,0.0,IDLE,,
1786036266.751,2026-08-07 00:11:06,MANUAL,True,-7.9262319,112.5949039,234.66,0.0,0.0,IDLE,,
1786036266.868,2026-08-07 00:11:06,MANUAL,True,-7.926232,112.5949039,234.66,0.0,0.0,IDLE,,
1786036266.983,2026-08-07 00:11:06,MANUAL,True,-7.9262322,112.5949039,234.65,0.0,0.0,IDLE,,
1786036267.100,2026-08-07 00:11:07,MANUAL,True,-7.9262324,112.594904,234.63,0.0,0.0,IDLE,,
1786036267.212,2026-08-07 00:11:07,MANUAL,True,-7.9262326,112.5949042,234.64,0.0,0.0,IDLE,,
1786036267.334,2026-08-07 00:11:07,MANUAL,True,-7.9262327,112.5949043,234.62,0.0,0.0,IDLE,,
1786036267.445,2026-08-07 00:11:07,MANUAL,True,-7.9262328,112.5949045,234.63,0.0,0.0,IDLE,,
1786036267.564,2026-08-07 00:11:07,MANUAL,True,-7.926233,112.5949047,234.62,0.0,0.0,IDLE,,
1786036267.679,2026-08-07 00:11:07,MANUAL,True,-7.926233,112.5949047,234.62,0.0,0.0,IDLE,,
1786036267.793,2026-08-07 00:11:07,MANUAL,True,-7.9262333,112.5949051,234.6,0.0,0.0,IDLE,,
1786036267.904,2026-08-07 00:11:07,MANUAL,True,-7.9262335,112.5949055,234.59,0.0,0.0,IDLE,,
1786036268.015,2026-08-07 00:11:08,MANUAL,True,-7.926234,112.5949062,234.61,0.0,0.0,IDLE,,
1786036268.132,2026-08-07 00:11:08,MANUAL,True,-7.926234,112.5949065,234.61,0.0,0.0,IDLE,,
1786036268.250,2026-08-07 00:11:08,MANUAL,True,-7.9262342,112.5949068,234.6,0.0,0.0,IDLE,,
1786036268.369,2026-08-07 00:11:08,MANUAL,True,-7.9262344,112.5949071,234.59,0.0,0.0,IDLE,,
1786036268.483,2026-08-07 00:11:08,MANUAL,True,-7.9262346,112.5949073,234.58,0.0,0.0,IDLE,,
1786036268.596,2026-08-07 00:11:08,MANUAL,True,-7.9262349,112.594908,234.6,0.0,0.0,IDLE,,
1786036268.709,2026-08-07 00:11:08,MANUAL,True,-7.9262351,112.5949084,234.6,0.0,0.0,IDLE,,
1786036268.822,2026-08-07 00:11:08,MANUAL,True,-7.9262352,112.5949086,234.59,0.0,0.0,IDLE,,
1786036268.940,2026-08-07 00:11:08,MANUAL,True,-7.9262356,112.5949091,234.59,0.0,0.0,IDLE,,
1786036269.048,2026-08-07 00:11:09,MANUAL,True,-7.9262357,112.5949094,234.58,0.0,0.0,IDLE,,
1786036269.160,2026-08-07 00:11:09,MANUAL,True,-7.9262358,112.5949095,234.58,0.0,0.0,IDLE,,
1786036269.274,2026-08-07 00:11:09,MANUAL,True,-7.9262361,112.59491,234.58,0.0,0.0,IDLE,,
1786036269.393,2026-08-07 00:11:09,MANUAL,True,-7.9262363,112.5949104,234.6,0.0,0.0,IDLE,,
1786036269.511,2026-08-07 00:11:09,MANUAL,True,-7.9262366,112.594911,234.6,0.0,0.0,IDLE,,
1786036269.623,2026-08-07 00:11:09,MANUAL,True,-7.9262366,112.594911,234.6,0.0,0.0,IDLE,,
1786036269.738,2026-08-07 00:11:09,MANUAL,True,-7.9262377,112.594913,234.58,0.0,0.0,IDLE,,
1786036269.861,2026-08-07 00:11:09,MANUAL,True,-7.926238,112.5949135,234.59,0.0,0.0,IDLE,,
1786036269.980,2026-08-07 00:11:09,MANUAL,True,-7.9262383,112.594914,234.59,0.0,0.0,IDLE,,
1786036270.123,2026-08-07 00:11:10,MANUAL,True,-7.9262385,112.5949145,234.6,0.0,0.0,IDLE,,
1786036270.235,2026-08-07 00:11:10,MANUAL,True,-7.926239,112.5949153,234.59,0.0,0.0,IDLE,,
1786036270.348,2026-08-07 00:11:10,MANUAL,True,-7.9262392,112.5949157,234.59,0.0,0.0,IDLE,,
1786036270.462,2026-08-07 00:11:10,MANUAL,True,-7.9262394,112.594916,234.59,0.0,0.0,IDLE,,
1786036270.580,2026-08-07 00:11:10,MANUAL,True,-7.9262394,112.594916,234.59,0.0,0.0,IDLE,,
1786036270.695,2026-08-07 00:11:10,MANUAL,True,-7.9262399,112.5949169,234.58,0.0,0.0,IDLE,,
1786036270.811,2026-08-07 00:11:10,MANUAL,True,-7.9262401,112.5949176,234.58,0.0,0.0,IDLE,0,-320
1786036270.926,2026-08-07 00:11:10,MANUAL,True,-7.9262404,112.5949182,234.58,0.0,0.0,IDLE,,
1786036271.041,2026-08-07 00:11:11,MANUAL,True,-7.9262407,112.5949193,234.58,0.0,0.0,IDLE,,
1786036271.156,2026-08-07 00:11:11,MANUAL,True,-7.9262413,112.5949209,234.57,0.0,0.0,IDLE,,
1786036271.276,2026-08-07 00:11:11,MANUAL,True,-7.9262416,112.5949216,234.57,0.0,0.0,IDLE,,
1786036271.395,2026-08-07 00:11:11,MANUAL,True,-7.9262417,112.5949223,234.57,0.0,0.0,IDLE,,
1786036271.514,2026-08-07 00:11:11,MANUAL,True,-7.9262419,112.5949229,234.56,0.0,0.0,IDLE,,
1786036271.632,2026-08-07 00:11:11,MANUAL,True,-7.9262419,112.5949229,234.56,0.0,0.0,IDLE,,
1786036271.749,2026-08-07 00:11:11,MANUAL,True,-7.9262422,112.5949239,234.54,0.0,0.0,IDLE,,
1786036271.864,2026-08-07 00:11:11,MANUAL,True,-7.9262423,112.5949242,234.54,0.0,0.0,IDLE,,
1786036271.982,2026-08-07 00:11:11,MANUAL,True,-7.9262425,112.594925,234.55,0.0,0.0,IDLE,,
1786036272.102,2026-08-07 00:11:12,MANUAL,True,-7.9262426,112.5949254,234.55,0.0,0.0,IDLE,,
1786036272.219,2026-08-07 00:11:12,MANUAL,True,-7.9262427,112.5949257,234.56,0.0,0.0,IDLE,,
1786036272.337,2026-08-07 00:11:12,MANUAL,True,-7.9262429,112.594926,234.57,0.0,0.0,IDLE,,
1786036272.453,2026-08-07 00:11:12,MANUAL,True,-7.9262429,112.5949263,234.57,0.0,0.0,IDLE,,
1786036272.571,2026-08-07 00:11:12,MANUAL,True,-7.9262431,112.5949267,234.56,0.0,0.0,IDLE,,
1786036272.688,2026-08-07 00:11:12,MANUAL,True,-7.9262432,112.5949269,234.55,0.0,0.0,IDLE,0,-320
1786036272.829,2026-08-07 00:11:12,MANUAL,True,-7.9262433,112.5949269,234.55,0.0,0.0,IDLE,,
1786036272.977,2026-08-07 00:11:12,MANUAL,True,-7.9262434,112.594927,234.54,0.0,0.0,IDLE,,
1786036273.092,2026-08-07 00:11:13,MANUAL,True,-7.9262435,112.5949271,234.53,0.0,0.0,IDLE,,
1786036273.207,2026-08-07 00:11:13,MANUAL,True,-7.9262435,112.594927,234.54,0.0,0.0,IDLE,,
1786036273.323,2026-08-07 00:11:13,MANUAL,True,-7.9262436,112.5949269,234.54,0.0,0.0,IDLE,,
1786036273.436,2026-08-07 00:11:13,MANUAL,True,-7.9262436,112.5949268,234.54,0.0,0.0,IDLE,,
1786036273.559,2026-08-07 00:11:13,MANUAL,True,-7.9262437,112.5949268,234.53,0.0,0.0,IDLE,,
1786036273.678,2026-08-07 00:11:13,MANUAL,True,-7.9262438,112.5949269,234.54,0.0,0.0,IDLE,,
1786036273.792,2026-08-07 00:11:13,MANUAL,True,-7.9262439,112.5949269,234.55,0.0,0.0,IDLE,,
1786036273.906,2026-08-07 00:11:13,MANUAL,True,-7.9262439,112.594927,234.56,0.0,0.0,IDLE,0,-320
1786036274.035,2026-08-07 00:11:14,MANUAL,True,-7.926244,112.594927,234.56,0.0,0.0,IDLE,,
1786036274.147,2026-08-07 00:11:14,MANUAL,True,-7.926244,112.594927,234.56,0.0,0.0,IDLE,,
1786036274.262,2026-08-07 00:11:14,MANUAL,True,-7.926244,112.5949269,234.56,0.0,0.0,IDLE,,
1786036274.374,2026-08-07 00:11:14,MANUAL,True,-7.9262439,112.5949262,234.58,0.0,0.0,IDLE,,
1786036274.494,2026-08-07 00:11:14,MANUAL,True,-7.9262439,112.5949262,234.58,0.0,0.0,IDLE,,
1786036274.608,2026-08-07 00:11:14,MANUAL,True,-7.9262437,112.5949255,234.58,0.0,0.0,IDLE,,
1786036274.723,2026-08-07 00:11:14,MANUAL,True,-7.9262437,112.5949254,234.57,0.0,0.0,IDLE,,
1786036274.839,2026-08-07 00:11:14,MANUAL,True,-7.9262436,112.5949251,234.56,0.0,0.0,IDLE,,
1786036274.953,2026-08-07 00:11:14,MANUAL,True,-7.9262436,112.5949248,234.55,0.0,0.0,IDLE,,
1786036275.072,2026-08-07 00:11:15,MANUAL,True,-7.9262436,112.5949247,234.56,0.0,0.0,IDLE,,
1786036275.191,2026-08-07 00:11:15,MANUAL,True,-7.9262436,112.5949245,234.56,0.0,0.0,IDLE,,
1786036275.306,2026-08-07 00:11:15,MANUAL,True,-7.9262436,112.5949244,234.55,0.0,0.0,IDLE,,
1786036275.424,2026-08-07 00:11:15,MANUAL,True,-7.9262435,112.5949242,234.55,0.0,0.0,IDLE,,
1786036275.542,2026-08-07 00:11:15,MANUAL,True,-7.9262435,112.5949241,234.55,0.0,0.0,IDLE,,
1786036275.655,2026-08-07 00:11:15,MANUAL,True,-7.9262435,112.594924,234.56,0.0,0.0,IDLE,,
1786036275.772,2026-08-07 00:11:15,MANUAL,True,-7.9262434,112.5949238,234.54,0.0,0.0,IDLE,,
1786036275.888,2026-08-07 00:11:15,MANUAL,True,-7.9262435,112.5949239,234.53,0.0,0.0,IDLE,,
1786036276.024,2026-08-07 00:11:16,MANUAL,True,-7.9262435,112.5949239,234.53,0.0,0.0,IDLE,,
1786036276.138,2026-08-07 00:11:16,MANUAL,True,-7.9262435,112.594924,234.52,0.0,0.0,IDLE,,
1786036276.253,2026-08-07 00:11:16,MANUAL,True,-7.9262435,112.594924,234.52,0.0,0.0,IDLE,,
1786036276.364,2026-08-07 00:11:16,MANUAL,True,-7.9262436,112.594924,234.52,0.0,0.0,IDLE,,
1786036276.481,2026-08-07 00:11:16,MANUAL,True,-7.9262436,112.5949239,234.51,0.0,0.0,IDLE,,
1786036276.597,2026-08-07 00:11:16,MANUAL,True,-7.9262436,112.594924,234.51,0.0,0.0,IDLE,,
1786036276.712,2026-08-07 00:11:16,MANUAL,True,-7.9262436,112.5949241,234.51,0.0,0.0,IDLE,,
1786036276.825,2026-08-07 00:11:16,MANUAL,True,-7.9262437,112.5949242,234.52,0.0,0.0,IDLE,,
1786036276.940,2026-08-07 00:11:16,MANUAL,True,-7.9262437,112.5949243,234.49,0.0,0.0,IDLE,,
1786036277.055,2026-08-07 00:11:17,MANUAL,True,-7.9262437,112.5949243,234.49,0.0,0.0,IDLE,,
1786036277.170,2026-08-07 00:11:17,MANUAL,True,-7.9262437,112.5949242,234.48,0.0,0.0,IDLE,,
1786036277.287,2026-08-07 00:11:17,MANUAL,True,-7.9262436,112.5949242,234.5,0.0,0.0,IDLE,,
1786036277.400,2026-08-07 00:11:17,MANUAL,True,-7.9262435,112.594924,234.51,0.0,0.0,IDLE,,
1786036277.513,2026-08-07 00:11:17,MANUAL,True,-7.9262435,112.5949238,234.52,0.0,0.0,IDLE,,
1786036277.624,2026-08-07 00:11:17,MANUAL,True,-7.9262435,112.5949236,234.52,0.0,0.0,IDLE,,
1786036277.737,2026-08-07 00:11:17,MANUAL,True,-7.9262434,112.5949235,234.51,0.0,0.0,IDLE,,
1786036277.858,2026-08-07 00:11:17,MANUAL,True,-7.9262433,112.5949234,234.51,0.0,0.0,IDLE,,
1786036277.971,2026-08-07 00:11:17,MANUAL,True,-7.9262431,112.5949229,234.52,0.0,0.0,IDLE,,
1786036278.088,2026-08-07 00:11:18,MANUAL,True,-7.926243,112.5949227,234.52,0.0,0.0,IDLE,,
1786036278.202,2026-08-07 00:11:18,MANUAL,True,-7.926243,112.5949225,234.53,0.0,0.0,IDLE,,
1786036278.319,2026-08-07 00:11:18,MANUAL,True,-7.9262429,112.5949221,234.52,0.0,0.0,IDLE,,
1786036278.427,2026-08-07 00:11:18,MANUAL,True,-7.9262428,112.5949216,234.52,0.0,0.0,IDLE,,
1786036278.539,2026-08-07 00:11:18,MANUAL,True,-7.9262426,112.5949211,234.51,0.0,0.0,IDLE,,
1786036278.652,2026-08-07 00:11:18,MANUAL,True,-7.9262425,112.5949206,234.51,0.0,0.0,IDLE,,
1786036278.763,2026-08-07 00:11:18,MANUAL,True,-7.9262423,112.5949201,234.5,0.0,0.0,IDLE,,
1786036278.878,2026-08-07 00:11:18,MANUAL,True,-7.9262419,112.5949189,234.49,0.0,0.0,IDLE,,
1786036278.999,2026-08-07 00:11:18,MANUAL,True,-7.9262418,112.5949186,234.5,0.0,0.0,IDLE,,
1786036279.117,2026-08-07 00:11:19,MANUAL,True,-7.9262417,112.5949183,234.5,0.0,0.0,IDLE,,
1786036279.231,2026-08-07 00:11:19,MANUAL,True,-7.9262416,112.5949179,234.5,0.0,0.0,IDLE,,
1786036279.350,2026-08-07 00:11:19,MANUAL,True,-7.9262414,112.5949175,234.5,0.0,0.0,IDLE,,
1786036279.477,2026-08-07 00:11:19,MANUAL,True,-7.9262413,112.5949172,234.49,0.0,0.0,IDLE,,
1786036279.611,2026-08-07 00:11:19,MANUAL,True,-7.9262411,112.5949167,234.48,0.0,0.0,IDLE,,
1786036279.758,2026-08-07 00:11:19,MANUAL,True,-7.926241,112.5949166,234.47,0.0,0.0,IDLE,,
1786036279.902,2026-08-07 00:11:19,MANUAL,True,-7.9262408,112.5949163,234.49,0.0,0.0,IDLE,,
1786036280.046,2026-08-07 00:11:20,MANUAL,True,-7.9262407,112.5949162,234.49,0.0,0.0,IDLE,,
1786036280.195,2026-08-07 00:11:20,MANUAL,True,-7.9262405,112.594916,234.48,0.0,0.0,IDLE,,
1786036280.311,2026-08-07 00:11:20,MANUAL,True,-7.9262404,112.594916,234.48,0.0,0.0,IDLE,,
1786036280.428,2026-08-07 00:11:20,MANUAL,True,-7.9262403,112.594916,234.48,0.0,0.0,IDLE,,
1786036280.552,2026-08-07 00:11:20,MANUAL,True,-7.9262401,112.5949159,234.48,0.0,0.0,IDLE,,
1786036280.662,2026-08-07 00:11:20,MANUAL,True,-7.92624,112.5949158,234.49,0.0,0.0,IDLE,,
1786036280.784,2026-08-07 00:11:20,MANUAL,True,-7.9262395,112.5949155,234.47,0.0,0.0,IDLE,,
1786036280.903,2026-08-07 00:11:20,MANUAL,True,-7.9262393,112.5949154,234.47,0.0,0.0,IDLE,,
1786036281.023,2026-08-07 00:11:21,MANUAL,True,-7.9262391,112.5949154,234.46,0.0,0.0,IDLE,,
1786036281.139,2026-08-07 00:11:21,MANUAL,True,-7.926239,112.5949153,234.47,0.0,0.0,IDLE,,
1786036281.257,2026-08-07 00:11:21,MANUAL,True,-7.9262388,112.5949153,234.48,0.0,0.0,IDLE,,
1786036281.378,2026-08-07 00:11:21,MANUAL,True,-7.9262384,112.5949153,234.46,0.0,0.0,IDLE,,
1786036281.513,2026-08-07 00:11:21,MANUAL,True,-7.9262382,112.5949152,234.46,0.0,0.0,IDLE,,
1786036281.630,2026-08-07 00:11:21,MANUAL,True,-7.9262381,112.5949152,234.46,0.0,0.0,IDLE,,
1786036281.744,2026-08-07 00:11:21,MANUAL,True,-7.926238,112.5949152,234.46,0.0,0.0,IDLE,,
1786036281.873,2026-08-07 00:11:21,MANUAL,True,-7.9262379,112.5949152,234.46,0.0,0.0,IDLE,,
1786036281.986,2026-08-07 00:11:21,MANUAL,True,-7.9262379,112.5949154,234.46,0.0,0.0,IDLE,,
1786036282.103,2026-08-07 00:11:22,MANUAL,True,-7.9262379,112.5949156,234.46,0.0,0.0,IDLE,,
1786036282.217,2026-08-07 00:11:22,MANUAL,True,-7.9262379,112.5949157,234.48,0.0,0.0,IDLE,,
1786036282.362,2026-08-07 00:11:22,MANUAL,True,-7.9262378,112.5949158,234.49,0.0,0.0,IDLE,,
1786036282.481,2026-08-07 00:11:22,MANUAL,True,-7.9262377,112.594916,234.5,0.0,0.0,IDLE,,
1786036282.614,2026-08-07 00:11:22,MANUAL,True,-7.9262376,112.5949162,234.49,0.0,0.0,IDLE,,
1786036282.743,2026-08-07 00:11:22,MANUAL,True,-7.9262374,112.5949162,234.51,0.0,0.0,IDLE,,
1786036282.858,2026-08-07 00:11:22,MANUAL,True,-7.9262373,112.5949163,234.52,0.0,0.0,IDLE,,
1786036283.074,2026-08-07 00:11:23,MANUAL,True,-7.9262368,112.594916,234.5,0.0,0.0,IDLE,,
1786036283.197,2026-08-07 00:11:23,MANUAL,True,-7.9262367,112.594916,234.5,0.0,0.0,IDLE,,
1786036283.327,2026-08-07 00:11:23,MANUAL,True,-7.9262366,112.594916,234.5,0.0,0.0,IDLE,,
1786036283.453,2026-08-07 00:11:23,MANUAL,True,-7.9262366,112.5949162,234.52,0.0,0.0,IDLE,,
1786036283.573,2026-08-07 00:11:23,MANUAL,True,-7.9262364,112.5949163,234.52,0.0,0.0,IDLE,,
1786036283.692,2026-08-07 00:11:23,MANUAL,True,-7.9262364,112.5949165,234.54,0.0,0.0,IDLE,,
1786036283.839,2026-08-07 00:11:23,MANUAL,True,-7.9262363,112.5949166,234.54,0.0,0.0,IDLE,,
1786036283.958,2026-08-07 00:11:23,MANUAL,True,-7.9262363,112.5949169,234.53,0.0,0.0,IDLE,,
1786036284.077,2026-08-07 00:11:24,MANUAL,True,-7.9262362,112.5949173,234.53,0.0,0.0,IDLE,,
1786036284.192,2026-08-07 00:11:24,MANUAL,True,-7.9262362,112.5949174,234.53,0.0,0.0,IDLE,,
1786036284.314,2026-08-07 00:11:24,MANUAL,True,-7.9262361,112.5949175,234.52,0.0,0.0,IDLE,,
1786036284.430,2026-08-07 00:11:24,MANUAL,True,-7.926236,112.5949175,234.52,0.0,0.0,IDLE,,
1786036284.564,2026-08-07 00:11:24,MANUAL,True,-7.9262359,112.5949176,234.52,0.0,0.0,IDLE,,
1786036284.691,2026-08-07 00:11:24,MANUAL,True,-7.9262357,112.5949178,234.51,0.0,0.0,IDLE,,
1786036284.815,2026-08-07 00:11:24,MANUAL,True,-7.9262356,112.5949179,234.5,0.0,0.0,IDLE,,
1786036284.944,2026-08-07 00:11:24,MANUAL,True,-7.9262355,112.5949179,234.49,0.0,0.0,IDLE,,
1786036285.074,2026-08-07 00:11:25,MANUAL,True,-7.9262352,112.5949177,234.48,0.0,0.0,IDLE,,
1786036285.192,2026-08-07 00:11:25,MANUAL,True,-7.9262351,112.5949178,234.49,0.0,0.0,IDLE,,
1786036285.353,2026-08-07 00:11:25,MANUAL,True,-7.926235,112.5949179,234.48,0.0,0.0,IDLE,,
1786036285.471,2026-08-07 00:11:25,MANUAL,True,-7.926235,112.594918,234.47,0.0,0.0,IDLE,,
1786036285.594,2026-08-07 00:11:25,MANUAL,True,-7.9262348,112.5949183,234.46,0.0,0.0,IDLE,,
1786036285.711,2026-08-07 00:11:25,MANUAL,True,-7.9262347,112.5949185,234.45,0.0,0.0,IDLE,,
1786036285.844,2026-08-07 00:11:25,MANUAL,True,-7.9262346,112.5949187,234.47,0.0,0.0,IDLE,,
1786036285.958,2026-08-07 00:11:25,MANUAL,True,-7.9262345,112.5949188,234.46,0.0,0.0,IDLE,,
1786036286.107,2026-08-07 00:11:26,MANUAL,True,-7.9262341,112.5949188,234.47,0.0,0.0,IDLE,,
1786036286.229,2026-08-07 00:11:26,MANUAL,True,-7.9262339,112.5949188,234.48,0.0,0.0,IDLE,,
1786036286.345,2026-08-07 00:11:26,MANUAL,True,-7.9262337,112.5949187,234.47,0.0,0.0,IDLE,,
1786036286.535,2026-08-07 00:11:26,MANUAL,True,-7.9262333,112.5949189,234.48,0.0,0.0,IDLE,,
1786036286.787,2026-08-07 00:11:26,MANUAL,True,-7.9262326,112.5949187,234.47,0.0,0.0,IDLE,,
1786036286.989,2026-08-07 00:11:26,MANUAL,True,-7.926232,112.5949182,234.48,0.0,0.0,IDLE,,
1786036287.202,2026-08-07 00:11:27,MANUAL,True,-7.9262314,112.5949177,234.49,0.0,0.0,IDLE,,
1786036287.409,2026-08-07 00:11:27,MANUAL,True,-7.9262307,112.5949169,234.49,0.0,0.0,IDLE,,
1786036287.563,2026-08-07 00:11:27,MANUAL,True,-7.9262304,112.5949166,234.5,0.0,0.0,IDLE,,
1786036287.703,2026-08-07 00:11:27,MANUAL,True,-7.9262299,112.5949161,234.49,0.0,0.0,IDLE,,
1786036287.827,2026-08-07 00:11:27,MANUAL,True,-7.9262297,112.5949159,234.49,0.0,0.0,IDLE,,
1786036287.960,2026-08-07 00:11:27,MANUAL,True,-7.9262294,112.5949158,234.5,0.0,0.0,IDLE,,
1786036288.095,2026-08-07 00:11:28,MANUAL,True,-7.926229,112.5949156,234.52,0.0,0.0,IDLE,,
1786036288.228,2026-08-07 00:11:28,MANUAL,True,-7.9262289,112.5949155,234.52,0.0,0.0,IDLE,,
1786036288.369,2026-08-07 00:11:28,MANUAL,True,-7.9262284,112.5949151,234.51,0.0,0.0,IDLE,,
1786036288.510,2026-08-07 00:11:28,MANUAL,True,-7.9262282,112.5949148,234.5,0.0,0.0,IDLE,,
1786036288.638,2026-08-07 00:11:28,MANUAL,True,-7.926228,112.5949146,234.5,0.0,0.0,IDLE,,
1786036288.761,2026-08-07 00:11:28,MANUAL,True,-7.9262279,112.5949144,234.5,0.0,0.0,IDLE,,
1786036288.883,2026-08-07 00:11:28,MANUAL,True,-7.9262275,112.5949136,234.51,0.0,0.0,IDLE,,
1786036289.030,2026-08-07 00:11:29,MANUAL,True,-7.9262273,112.5949131,234.51,0.0,0.0,IDLE,,
1786036289.152,2026-08-07 00:11:29,MANUAL,True,-7.9262271,112.5949129,234.52,0.0,0.0,IDLE,,
1786036289.276,2026-08-07 00:11:29,MANUAL,True,-7.9262268,112.5949122,234.5,0.0,0.0,IDLE,,
1786036289.407,2026-08-07 00:11:29,MANUAL,True,-7.9262267,112.5949119,234.5,0.0,0.0,IDLE,,
1786036289.579,2026-08-07 00:11:29,MANUAL,True,-7.9262265,112.5949114,234.5,0.0,0.0,IDLE,,
1786036289.708,2026-08-07 00:11:29,MANUAL,True,-7.9262262,112.5949108,234.51,0.0,0.0,IDLE,,
1786036289.842,2026-08-07 00:11:29,MANUAL,True,-7.9262261,112.5949104,234.52,0.0,0.0,IDLE,,
1786036289.965,2026-08-07 00:11:29,MANUAL,True,-7.9262259,112.5949101,234.51,0.0,0.0,IDLE,,
1786036290.086,2026-08-07 00:11:30,MANUAL,True,-7.9262257,112.5949094,234.5,0.0,0.0,IDLE,,
1786036290.225,2026-08-07 00:11:30,MANUAL,True,-7.9262255,112.5949089,234.5,0.0,0.0,IDLE,,
1786036290.367,2026-08-07 00:11:30,MANUAL,True,-7.9262254,112.5949084,234.5,0.0,0.0,IDLE,,
1786036290.554,2026-08-07 00:11:30,MANUAL,True,-7.9262251,112.5949077,234.5,0.0,0.0,IDLE,,
1786036290.711,2026-08-07 00:11:30,MANUAL,True,-7.9262249,112.5949069,234.49,0.0,0.0,IDLE,,
1786036290.867,2026-08-07 00:11:30,MANUAL,True,-7.9262248,112.5949065,234.47,0.0,0.0,IDLE,,
1786036291.005,2026-08-07 00:11:31,MANUAL,True,-7.9262246,112.5949058,234.48,0.0,0.0,IDLE,,
1786036291.148,2026-08-07 00:11:31,MANUAL,True,-7.9262246,112.5949055,234.47,0.0,0.0,IDLE,,
1786036291.275,2026-08-07 00:11:31,MANUAL,True,-7.9262244,112.594905,234.48,0.0,0.0,IDLE,,
1786036291.392,2026-08-07 00:11:31,MANUAL,True,-7.9262243,112.5949048,234.48,0.0,0.0,IDLE,,
1786036291.536,2026-08-07 00:11:31,MANUAL,True,-7.9262243,112.5949046,234.48,0.0,0.0,IDLE,,
1786036291.665,2026-08-07 00:11:31,MANUAL,True,-7.9262242,112.5949044,234.48,0.0,0.0,IDLE,,
1786036291.825,2026-08-07 00:11:31,MANUAL,True,-7.9262241,112.594904,234.48,0.0,0.0,IDLE,,
1786036291.966,2026-08-07 00:11:31,MANUAL,True,-7.926224,112.5949039,234.48,0.0,0.0,IDLE,,
1786036292.114,2026-08-07 00:11:32,MANUAL,True,-7.9262239,112.5949037,234.49,0.0,0.0,IDLE,,
1786036292.247,2026-08-07 00:11:32,MANUAL,True,-7.9262238,112.5949034,234.48,0.0,0.0,IDLE,,
1786036292.387,2026-08-07 00:11:32,MANUAL,True,-7.9262237,112.5949032,234.48,0.0,0.0,IDLE,,
1786036292.543,2026-08-07 00:11:32,MANUAL,True,-7.9262236,112.5949026,234.48,0.0,0.0,IDLE,,
1786036292.688,2026-08-07 00:11:32,MANUAL,True,-7.9262235,112.5949023,234.47,0.0,0.0,IDLE,,
1786036292.869,2026-08-07 00:11:32,MANUAL,True,-7.9262234,112.5949022,234.46,0.0,0.0,IDLE,,
1786036292.997,2026-08-07 00:11:32,MANUAL,True,-7.9262234,112.5949022,234.47,0.0,0.0,IDLE,,
1786036293.150,2026-08-07 00:11:33,MANUAL,True,-7.9262234,112.5949021,234.47,0.0,0.0,IDLE,,
1786036293.283,2026-08-07 00:11:33,MANUAL,True,-7.9262234,112.5949021,234.48,0.0,0.0,IDLE,391,71
1786036293.419,2026-08-07 00:11:33,MANUAL,True,-7.9262234,112.5949019,234.46,0.0,0.0,IDLE,388,68
1786036293.553,2026-08-07 00:11:33,MANUAL,True,-7.9262234,112.5949019,234.46,0.0,0.0,IDLE,391,71
1786036293.677,2026-08-07 00:11:33,MANUAL,True,-7.9262234,112.5949015,234.47,0.0,0.0,IDLE,391,71
1786036293.801,2026-08-07 00:11:33,MANUAL,True,-7.9262234,112.5949014,234.45,0.0,0.0,IDLE,392,72
1786036293.946,2026-08-07 00:11:33,MANUAL,True,-7.9262234,112.5949013,234.46,0.0,0.0,IDLE,,
1786036294.086,2026-08-07 00:11:34,MANUAL,True,-7.9262234,112.5949011,234.46,0.0,0.0,IDLE,392,72
1786036294.214,2026-08-07 00:11:34,MANUAL,True,-7.9262234,112.5949008,234.44,0.0,0.0,IDLE,392,72
1786036294.347,2026-08-07 00:11:34,MANUAL,True,-7.9262234,112.5949007,234.45,0.0,0.0,IDLE,392,72
1786036294.481,2026-08-07 00:11:34,MANUAL,True,-7.9262234,112.5949008,234.44,0.0,0.0,IDLE,390,70
1786036294.621,2026-08-07 00:11:34,MANUAL,True,-7.9262235,112.594901,234.43,0.0,0.0,IDLE,390,70
1786036294.746,2026-08-07 00:11:34,MANUAL,True,-7.9262235,112.5949011,234.44,0.0,0.0,IDLE,390,70
1786036294.882,2026-08-07 00:11:34,MANUAL,True,-7.9262237,112.5949012,234.45,0.0,0.0,IDLE,389,69
1786036295.023,2026-08-07 00:11:35,MANUAL,True,-7.9262239,112.5949016,234.44,0.0,0.0,IDLE,,
1786036295.153,2026-08-07 00:11:35,MANUAL,True,-7.9262239,112.5949018,234.44,0.0,0.0,IDLE,,
1786036295.280,2026-08-07 00:11:35,MANUAL,True,-7.9262241,112.5949022,234.42,0.0,0.0,IDLE,,
1786036295.404,2026-08-07 00:11:35,MANUAL,True,-7.9262242,112.5949024,234.43,0.0,0.0,IDLE,,
1786036295.556,2026-08-07 00:11:35,MANUAL,True,-7.9262244,112.5949026,234.42,0.0,0.0,IDLE,,
1786036295.678,2026-08-07 00:11:35,MANUAL,True,-7.9262245,112.5949029,234.42,0.0,0.0,IDLE,,
1786036295.810,2026-08-07 00:11:35,MANUAL,True,-7.9262246,112.5949032,234.42,0.0,0.0,IDLE,,
1786036295.957,2026-08-07 00:11:35,MANUAL,True,-7.9262247,112.5949034,234.42,0.0,0.0,IDLE,,
1786036296.097,2026-08-07 00:11:36,MANUAL,True,-7.9262249,112.5949037,234.42,0.0,0.0,IDLE,389,69
1786036296.231,2026-08-07 00:11:36,MANUAL,True,-7.9262249,112.5949039,234.42,0.0,0.0,IDLE,391,71
1786036296.364,2026-08-07 00:11:36,MANUAL,True,-7.926225,112.594904,234.4,0.0,0.0,IDLE,389,69
1786036296.495,2026-08-07 00:11:36,MANUAL,True,-7.926225,112.5949041,234.4,0.0,0.0,IDLE,390,70
1786036296.636,2026-08-07 00:11:36,MANUAL,True,-7.9262252,112.5949043,234.4,0.0,0.0,IDLE,391,71
1786036296.775,2026-08-07 00:11:36,MANUAL,True,-7.9262252,112.5949043,234.41,0.0,0.0,IDLE,391,71
1786036296.907,2026-08-07 00:11:36,MANUAL,True,-7.9262253,112.5949044,234.4,0.0,0.0,IDLE,,
1786036297.041,2026-08-07 00:11:37,MANUAL,True,-7.9262254,112.5949044,234.4,0.0,0.0,IDLE,392,72
1786036297.193,2026-08-07 00:11:37,MANUAL,True,-7.9262256,112.5949044,234.39,0.0,0.0,IDLE,392,72
1786036297.326,2026-08-07 00:11:37,MANUAL,True,-7.9262257,112.5949043,234.4,0.0,0.0,IDLE,,
1786036297.460,2026-08-07 00:11:37,MANUAL,True,-7.9262258,112.5949042,234.41,0.0,0.0,IDLE,,
1786036297.597,2026-08-07 00:11:37,MANUAL,True,-7.9262258,112.5949042,234.4,0.0,0.0,IDLE,,
1786036297.726,2026-08-07 00:11:37,MANUAL,True,-7.926226,112.5949042,234.41,0.0,0.0,IDLE,,
1786036297.861,2026-08-07 00:11:37,MANUAL,True,-7.9262261,112.5949041,234.39,0.0,0.0,IDLE,,
1786036298.004,2026-08-07 00:11:38,MANUAL,True,-7.9262262,112.5949042,234.39,0.0,0.0,IDLE,,
1786036298.137,2026-08-07 00:11:38,MANUAL,True,-7.9262263,112.5949043,234.38,0.0,0.0,IDLE,,
1786036298.276,2026-08-07 00:11:38,MANUAL,True,-7.9262264,112.5949044,234.4,0.0,0.0,IDLE,,
1786036298.460,2026-08-07 00:11:38,MANUAL,True,-7.9262267,112.5949047,234.43,0.0,0.0,IDLE,,
1786036298.584,2026-08-07 00:11:38,MANUAL,True,-7.9262268,112.5949049,234.41,0.0,0.0,IDLE,,
1786036298.719,2026-08-07 00:11:38,MANUAL,True,-7.926227,112.5949051,234.4,0.0,0.0,IDLE,,
1786036298.861,2026-08-07 00:11:38,MANUAL,True,-7.9262271,112.5949053,234.39,0.0,0.0,IDLE,,
1786036299.017,2026-08-07 00:11:39,MANUAL,True,-7.9262273,112.5949056,234.39,0.0,0.0,IDLE,,
1786036299.146,2026-08-07 00:11:39,MANUAL,True,-7.9262274,112.5949057,234.38,0.0,0.0,IDLE,,
1786036299.281,2026-08-07 00:11:39,MANUAL,True,-7.9262275,112.5949059,234.38,0.0,0.0,IDLE,,
1786036299.418,2026-08-07 00:11:39,MANUAL,True,-7.9262277,112.5949065,234.35,0.0,0.0,IDLE,,
1786036299.553,2026-08-07 00:11:39,MANUAL,True,-7.9262278,112.594907,234.36,0.0,0.0,IDLE,,
1786036299.671,2026-08-07 00:11:39,MANUAL,True,-7.9262279,112.5949072,234.35,0.0,0.0,IDLE,,
1786036299.791,2026-08-07 00:11:39,MANUAL,True,-7.926228,112.5949078,234.34,0.0,0.0,IDLE,,
1786036299.917,2026-08-07 00:11:39,MANUAL,True,-7.926228,112.5949082,234.33,0.0,0.0,IDLE,125,-195
1786036300.042,2026-08-07 00:11:40,MANUAL,True,-7.9262281,112.5949084,234.32,0.0,0.0,IDLE,125,-195
1786036300.168,2026-08-07 00:11:40,MANUAL,True,-7.9262281,112.5949087,234.32,0.0,0.0,IDLE,,
1786036300.306,2026-08-07 00:11:40,MANUAL,True,-7.9262281,112.5949094,234.29,0.0,0.0,IDLE,,
1786036300.446,2026-08-07 00:11:40,MANUAL,True,-7.9262281,112.5949098,234.28,0.0,0.0,IDLE,,
1786036300.630,2026-08-07 00:11:40,MANUAL,True,-7.926228,112.5949103,234.26,0.0,0.0,IDLE,,
1786036300.758,2026-08-07 00:11:40,MANUAL,True,-7.926228,112.5949105,234.26,0.0,0.0,IDLE,,
1786036300.887,2026-08-07 00:11:40,MANUAL,True,-7.926228,112.5949108,234.27,0.0,0.0,IDLE,393,73
1786036301.014,2026-08-07 00:11:41,MANUAL,True,-7.9262279,112.5949112,234.28,0.0,0.0,IDLE,392,72
1786036301.144,2026-08-07 00:11:41,MANUAL,True,-7.9262279,112.5949114,234.29,0.0,0.0,IDLE,392,72
1786036301.280,2026-08-07 00:11:41,MANUAL,True,-7.9262278,112.5949116,234.3,0.0,0.0,IDLE,391,71
1786036301.409,2026-08-07 00:11:41,MANUAL,True,-7.9262277,112.5949122,234.3,0.0,0.0,IDLE,392,72
1786036301.557,2026-08-07 00:11:41,MANUAL,True,-7.9262276,112.5949125,234.3,0.0,0.0,IDLE,392,72
1786036301.695,2026-08-07 00:11:41,MANUAL,True,-7.9262275,112.594913,234.29,0.0,0.0,IDLE,392,72
1786036301.830,2026-08-07 00:11:41,MANUAL,True,-7.9262275,112.5949133,234.28,0.0,0.0,IDLE,391,71
1786036301.967,2026-08-07 00:11:41,MANUAL,True,-7.9262274,112.5949136,234.28,0.0,0.0,IDLE,391,71
1786036302.103,2026-08-07 00:11:42,MANUAL,True,-7.9262274,112.5949142,234.3,0.0,0.0,IDLE,392,72
1786036302.221,2026-08-07 00:11:42,MANUAL,True,-7.9262273,112.5949146,234.3,0.0,0.0,IDLE,392,72
1786036302.348,2026-08-07 00:11:42,MANUAL,True,-7.9262273,112.5949149,234.3,0.0,0.0,IDLE,390,70
1786036302.484,2026-08-07 00:11:42,MANUAL,True,-7.9262272,112.5949153,234.3,0.0,0.0,IDLE,391,71
1786036302.615,2026-08-07 00:11:42,MANUAL,True,-7.9262271,112.5949161,234.31,0.0,0.0,IDLE,,
1786036302.751,2026-08-07 00:11:42,MANUAL,True,-7.9262271,112.5949165,234.32,0.0,0.0,IDLE,392,72
1786036302.873,2026-08-07 00:11:42,MANUAL,True,-7.926227,112.5949169,234.32,0.0,0.0,IDLE,,
1786036303.002,2026-08-07 00:11:43,MANUAL,True,-7.9262268,112.5949175,234.31,0.0,0.0,IDLE,392,72
1786036303.142,2026-08-07 00:11:43,MANUAL,True,-7.9262268,112.5949178,234.3,0.0,0.0,IDLE,391,71
1786036303.280,2026-08-07 00:11:43,MANUAL,True,-7.9262267,112.5949182,234.28,0.0,0.0,IDLE,392,72
1786036303.403,2026-08-07 00:11:43,MANUAL,True,-7.9262266,112.5949187,234.28,0.0,0.0,IDLE,391,71
1786036303.560,2026-08-07 00:11:43,MANUAL,True,-7.9262265,112.594919,234.29,0.0,0.0,IDLE,392,72
1786036303.678,2026-08-07 00:11:43,MANUAL,True,-7.9262264,112.5949192,234.28,0.0,0.0,IDLE,391,71
1786036303.814,2026-08-07 00:11:43,MANUAL,True,-7.9262262,112.5949197,234.29,0.0,0.0,IDLE,392,72
1786036303.942,2026-08-07 00:11:43,MANUAL,True,-7.9262261,112.5949199,234.28,0.0,0.0,IDLE,,
1786036304.074,2026-08-07 00:11:44,MANUAL,True,-7.926226,112.5949201,234.28,0.0,0.0,IDLE,,
1786036304.203,2026-08-07 00:11:44,MANUAL,True,-7.9262259,112.5949206,234.26,0.0,0.0,IDLE,,
1786036304.326,2026-08-07 00:11:44,MANUAL,True,-7.9262259,112.5949209,234.25,0.0,0.0,IDLE,,
1786036304.467,2026-08-07 00:11:44,MANUAL,True,-7.9262258,112.5949213,234.25,0.0,0.0,IDLE,,
1786036304.604,2026-08-07 00:11:44,MANUAL,True,-7.9262258,112.594922,234.29,0.0,0.0,IDLE,,
1786036304.730,2026-08-07 00:11:44,MANUAL,True,-7.9262257,112.5949223,234.28,0.0,0.0,IDLE,,
1786036304.862,2026-08-07 00:11:44,MANUAL,True,-7.9262257,112.5949226,234.27,0.0,0.0,IDLE,,
1786036304.993,2026-08-07 00:11:44,MANUAL,True,-7.9262256,112.5949232,234.29,0.0,0.0,IDLE,,
1786036305.129,2026-08-07 00:11:45,MANUAL,True,-7.9262256,112.5949234,234.28,0.0,0.0,IDLE,,
1786036305.271,2026-08-07 00:11:45,MANUAL,True,-7.9262255,112.5949236,234.29,0.0,0.0,IDLE,,
1786036305.408,2026-08-07 00:11:45,MANUAL,True,-7.9262254,112.594924,234.29,0.0,0.0,IDLE,,
1786036305.550,2026-08-07 00:11:45,MANUAL,True,-7.9262254,112.5949242,234.3,0.0,0.0,IDLE,392,72
1786036305.731,2026-08-07 00:11:45,MANUAL,True,-7.9262253,112.5949244,234.29,0.0,0.0,IDLE,392,72
1786036305.860,2026-08-07 00:11:45,MANUAL,True,-7.9262253,112.5949245,234.29,0.0,0.0,IDLE,392,72
1786036306.001,2026-08-07 00:11:46,MANUAL,True,-7.9262253,112.5949247,234.26,0.0,0.0,IDLE,392,72
1786036306.139,2026-08-07 00:11:46,MANUAL,True,-7.9262253,112.5949249,234.24,0.0,0.0,IDLE,392,72
1786036306.266,2026-08-07 00:11:46,MANUAL,True,-7.9262252,112.5949249,234.23,0.0,0.0,IDLE,392,72
1786036306.401,2026-08-07 00:11:46,MANUAL,True,-7.9262251,112.5949252,234.21,0.0,0.0,IDLE,392,72
1786036306.537,2026-08-07 00:11:46,MANUAL,True,-7.9262251,112.5949252,234.2,0.0,0.0,IDLE,392,72
1786036306.671,2026-08-07 00:11:46,MANUAL,True,-7.926225,112.5949252,234.2,0.0,0.0,IDLE,,
1786036306.809,2026-08-07 00:11:46,MANUAL,True,-7.926225,112.5949254,234.21,0.0,0.0,IDLE,391,71
1786036306.940,2026-08-07 00:11:46,MANUAL,True,-7.926225,112.5949255,234.22,0.0,0.0,IDLE,390,70
1786036307.063,2026-08-07 00:11:47,MANUAL,True,-7.926225,112.5949256,234.21,0.0,0.0,IDLE,391,71
1786036307.252,2026-08-07 00:11:47,MANUAL,True,-7.9262249,112.5949258,234.21,0.0,0.0,IDLE,390,70
1786036307.428,2026-08-07 00:11:47,MANUAL,True,-7.9262249,112.594926,234.22,0.0,0.0,IDLE,391,71
1786036307.631,2026-08-07 00:11:47,MANUAL,True,-7.9262248,112.5949262,234.22,0.0,0.0,IDLE,392,72
1786036307.801,2026-08-07 00:11:47,MANUAL,True,-7.9262247,112.5949262,234.21,0.0,0.0,IDLE,391,71
1786036307.943,2026-08-07 00:11:47,MANUAL,True,-7.9262246,112.5949262,234.2,0.0,0.0,IDLE,390,70
1786036308.075,2026-08-07 00:11:48,MANUAL,True,-7.9262246,112.5949262,234.2,0.0,0.0,IDLE,,
1786036308.206,2026-08-07 00:11:48,MANUAL,True,-7.9262245,112.5949262,234.2,0.0,0.0,IDLE,,
1786036308.341,2026-08-07 00:11:48,MANUAL,True,-7.9262245,112.5949263,234.18,0.0,0.0,IDLE,,
1786036308.485,2026-08-07 00:11:48,MANUAL,True,-7.9262244,112.5949263,234.19,0.0,0.0,IDLE,,
1786036308.624,2026-08-07 00:11:48,MANUAL,True,-7.9262243,112.5949263,234.18,0.0,0.0,IDLE,,
1786036308.762,2026-08-07 00:11:48,MANUAL,True,-7.9262242,112.5949264,234.18,0.0,0.0,IDLE,,
1786036308.887,2026-08-07 00:11:48,MANUAL,True,-7.926224,112.5949264,234.16,0.0,0.0,IDLE,,
1786036309.048,2026-08-07 00:11:49,MANUAL,True,-7.9262239,112.5949263,234.17,0.0,0.0,IDLE,,
1786036309.182,2026-08-07 00:11:49,MANUAL,True,-7.9262238,112.5949263,234.18,0.0,0.0,IDLE,,
1786036309.321,2026-08-07 00:11:49,MANUAL,True,-7.9262235,112.5949262,234.17,0.0,0.0,IDLE,,
1786036309.464,2026-08-07 00:11:49,MANUAL,True,-7.9262234,112.5949262,234.17,0.0,0.0,IDLE,,
1786036309.603,2026-08-07 00:11:49,MANUAL,True,-7.9262233,112.5949263,234.16,0.0,0.0,IDLE,,
1786036309.745,2026-08-07 00:11:49,MANUAL,True,-7.9262232,112.5949264,234.18,0.0,0.0,IDLE,,
1786036309.876,2026-08-07 00:11:49,MANUAL,True,-7.9262231,112.5949266,234.18,0.0,0.0,IDLE,,
1786036310.019,2026-08-07 00:11:50,MANUAL,True,-7.9262229,112.5949268,234.18,0.0,0.0,IDLE,,
1786036310.148,2026-08-07 00:11:50,MANUAL,True,-7.9262228,112.5949268,234.17,0.0,0.0,IDLE,,
1786036310.279,2026-08-07 00:11:50,MANUAL,True,-7.9262227,112.5949269,234.17,0.0,0.0,IDLE,,
1786036310.414,2026-08-07 00:11:50,MANUAL,True,-7.9262224,112.594927,234.18,0.0,0.0,IDLE,,
1786036310.546,2026-08-07 00:11:50,MANUAL,True,-7.9262222,112.5949271,234.18,0.0,0.0,IDLE,,
1786036310.677,2026-08-07 00:11:50,MANUAL,True,-7.9262221,112.5949272,234.18,0.0,0.0,IDLE,,
1786036310.824,2026-08-07 00:11:50,MANUAL,True,-7.9262218,112.5949274,234.18,0.0,0.0,IDLE,,
1786036310.957,2026-08-07 00:11:50,MANUAL,True,-7.9262216,112.5949277,234.18,0.0,0.0,IDLE,,
1786036311.082,2026-08-07 00:11:51,MANUAL,True,-7.9262215,112.5949279,234.17,0.0,0.0,IDLE,,
1786036311.207,2026-08-07 00:11:51,MANUAL,True,-7.9262212,112.5949283,234.17,0.0,0.0,IDLE,,
1786036311.345,2026-08-07 00:11:51,MANUAL,True,-7.926221,112.5949285,234.17,0.0,0.0,IDLE,,
1786036311.478,2026-08-07 00:11:51,MANUAL,True,-7.9262209,112.5949287,234.18,0.0,0.0,IDLE,,
1786036311.616,2026-08-07 00:11:51,MANUAL,True,-7.9262205,112.5949292,234.2,0.0,0.0,IDLE,,
1786036311.746,2026-08-07 00:11:51,MANUAL,True,-7.9262203,112.5949294,234.21,0.0,0.0,IDLE,,
1786036311.876,2026-08-07 00:11:51,MANUAL,True,-7.9262201,112.5949296,234.21,0.0,0.0,IDLE,,
1786036312.002,2026-08-07 00:11:52,MANUAL,True,-7.9262197,112.5949299,234.21,0.0,0.0,IDLE,,
1786036312.137,2026-08-07 00:11:52,MANUAL,True,-7.9262196,112.5949299,234.21,0.0,0.0,IDLE,,
1786036312.261,2026-08-07 00:11:52,MANUAL,True,-7.9262193,112.5949301,234.2,0.0,0.0,IDLE,,
1786036312.399,2026-08-07 00:11:52,MANUAL,True,-7.9262189,112.5949305,234.21,0.0,0.0,IDLE,,
1786036312.527,2026-08-07 00:11:52,MANUAL,True,-7.9262187,112.5949306,234.2,0.0,0.0,IDLE,,
1786036312.659,2026-08-07 00:11:52,MANUAL,True,-7.9262185,112.5949309,234.2,0.0,0.0,IDLE,,
1786036312.804,2026-08-07 00:11:52,MANUAL,True,-7.9262181,112.5949311,234.18,0.0,0.0,IDLE,,
1786036312.933,2026-08-07 00:11:52,MANUAL,True,-7.9262179,112.5949314,234.19,0.0,0.0,IDLE,,
1786036313.055,2026-08-07 00:11:53,MANUAL,True,-7.9262178,112.5949315,234.19,0.0,0.0,IDLE,,
1786036313.181,2026-08-07 00:11:53,MANUAL,True,-7.9262176,112.5949316,234.19,0.0,0.0,IDLE,,
1786036313.315,2026-08-07 00:11:53,MANUAL,True,-7.9262173,112.594932,234.18,0.0,0.0,IDLE,,
1786036313.450,2026-08-07 00:11:53,MANUAL,True,-7.9262172,112.5949322,234.19,0.0,0.0,IDLE,,
1786036313.581,2026-08-07 00:11:53,MANUAL,True,-7.926217,112.5949324,234.18,0.0,0.0,IDLE,,
1786036313.709,2026-08-07 00:11:53,MANUAL,True,-7.9262168,112.5949327,234.18,0.0,0.0,IDLE,,
1786036313.864,2026-08-07 00:11:53,MANUAL,True,-7.9262166,112.5949328,234.17,0.0,0.0,IDLE,,
1786036314.030,2026-08-07 00:11:54,MANUAL,True,-7.9262163,112.5949329,234.16,0.0,0.0,IDLE,,
1786036314.158,2026-08-07 00:11:54,MANUAL,True,-7.9262162,112.594933,234.16,0.0,0.0,IDLE,,
1786036314.305,2026-08-07 00:11:54,MANUAL,True,-7.9262161,112.5949331,234.16,0.0,0.0,IDLE,,
1786036314.462,2026-08-07 00:11:54,MANUAL,True,-7.9262158,112.5949333,234.18,0.0,0.0,IDLE,,
1786036314.607,2026-08-07 00:11:54,MANUAL,True,-7.9262158,112.5949333,234.18,0.0,0.0,IDLE,,
1786036314.730,2026-08-07 00:11:54,MANUAL,True,-7.9262155,112.594934,234.18,0.0,0.0,IDLE,,
1786036314.854,2026-08-07 00:11:54,MANUAL,True,-7.9262154,112.5949342,234.19,0.0,0.0,IDLE,,
1786036314.980,2026-08-07 00:11:54,MANUAL,True,-7.9262153,112.5949344,234.2,0.0,0.0,IDLE,,
1786036315.117,2026-08-07 00:11:55,MANUAL,True,-7.9262153,112.5949346,234.2,0.0,0.0,IDLE,,
1786036315.248,2026-08-07 00:11:55,MANUAL,True,-7.9262151,112.5949348,234.19,0.0,0.0,IDLE,,
1786036315.371,2026-08-07 00:11:55,MANUAL,True,-7.926215,112.594935,234.18,0.0,0.0,IDLE,,
1786036315.520,2026-08-07 00:11:55,MANUAL,True,-7.9262149,112.5949352,234.18,0.0,0.0,IDLE,,
1786036315.638,2026-08-07 00:11:55,MANUAL,True,-7.9262149,112.5949352,234.18,0.0,0.0,IDLE,,
1786036315.768,2026-08-07 00:11:55,MANUAL,True,-7.9262148,112.5949362,234.2,0.0,0.0,IDLE,,
1786036315.892,2026-08-07 00:11:55,MANUAL,True,-7.9262147,112.5949365,234.18,0.0,0.0,IDLE,,
1786036316.054,2026-08-07 00:11:56,MANUAL,True,-7.9262146,112.5949371,234.18,0.0,0.0,IDLE,,
1786036316.189,2026-08-07 00:11:56,MANUAL,True,-7.9262146,112.5949373,234.18,0.0,0.0,IDLE,,
1786036316.325,2026-08-07 00:11:56,MANUAL,True,-7.9262145,112.5949376,234.18,0.0,0.0,IDLE,,
1786036316.450,2026-08-07 00:11:56,MANUAL,True,-7.9262144,112.5949381,234.17,0.0,0.0,IDLE,,
1786036316.576,2026-08-07 00:11:56,MANUAL,True,-7.9262144,112.5949385,234.18,0.0,0.0,IDLE,,
1786036316.699,2026-08-07 00:11:56,MANUAL,True,-7.9262144,112.5949388,234.18,0.0,0.0,IDLE,,
1786036316.832,2026-08-07 00:11:56,MANUAL,True,-7.9262145,112.5949391,234.16,0.0,0.0,IDLE,,
1786036316.956,2026-08-07 00:11:56,MANUAL,True,-7.9262145,112.5949398,234.17,0.0,0.0,IDLE,,
1786036317.095,2026-08-07 00:11:57,MANUAL,True,-7.9262145,112.5949401,234.15,0.0,0.0,IDLE,127,-193
1786036317.227,2026-08-07 00:11:57,MANUAL,True,-7.9262144,112.5949404,234.17,0.0,0.0,IDLE,127,-193
1786036317.377,2026-08-07 00:11:57,MANUAL,True,-7.9262144,112.594941,234.16,0.0,0.0,IDLE,,
1786036317.504,2026-08-07 00:11:57,MANUAL,True,-7.9262143,112.5949413,234.18,0.0,0.0,IDLE,,
1786036317.632,2026-08-07 00:11:57,MANUAL,True,-7.9262143,112.5949413,234.18,0.0,0.0,IDLE,126,-194
1786036317.756,2026-08-07 00:11:57,MANUAL,True,-7.9262142,112.5949418,234.17,0.0,0.0,IDLE,,
1786036317.877,2026-08-07 00:11:57,MANUAL,True,-7.9262141,112.5949424,234.19,0.0,0.0,IDLE,,
1786036318.001,2026-08-07 00:11:58,MANUAL,True,-7.9262141,112.5949427,234.18,0.0,0.0,IDLE,,
1786036318.126,2026-08-07 00:11:58,MANUAL,True,-7.9262141,112.5949429,234.19,0.0,0.0,IDLE,,
1786036318.254,2026-08-07 00:11:58,MANUAL,True,-7.9262141,112.5949431,234.18,0.0,0.0,IDLE,,
1786036318.374,2026-08-07 00:11:58,MANUAL,True,-7.9262141,112.5949435,234.16,0.0,0.0,IDLE,,
1786036318.501,2026-08-07 00:11:58,MANUAL,True,-7.9262141,112.5949437,234.18,0.0,0.0,IDLE,,
1786036318.654,2026-08-07 00:11:58,MANUAL,True,-7.9262141,112.5949439,234.17,0.0,0.0,IDLE,,
1786036318.778,2026-08-07 00:11:58,MANUAL,True,-7.9262141,112.5949442,234.19,0.0,0.0,IDLE,125,-195
1786036318.905,2026-08-07 00:11:58,MANUAL,True,-7.9262141,112.5949443,234.18,0.0,0.0,IDLE,,
1786036319.048,2026-08-07 00:11:59,MANUAL,True,-7.9262141,112.5949445,234.18,0.0,0.0,IDLE,,
1786036319.171,2026-08-07 00:11:59,MANUAL,True,-7.9262141,112.5949447,234.17,0.0,0.0,IDLE,,
1786036319.298,2026-08-07 00:11:59,MANUAL,True,-7.9262141,112.5949449,234.18,0.0,0.0,IDLE,,
1786036319.427,2026-08-07 00:11:59,MANUAL,True,-7.9262141,112.5949451,234.18,0.0,0.0,IDLE,,
1786036319.552,2026-08-07 00:11:59,MANUAL,True,-7.9262141,112.5949454,234.2,0.0,0.0,IDLE,,
1786036319.676,2026-08-07 00:11:59,MANUAL,True,-7.9262141,112.5949457,234.2,0.0,0.0,IDLE,,
1786036319.796,2026-08-07 00:11:59,MANUAL,True,-7.9262142,112.5949459,234.2,0.0,0.0,IDLE,,
1786036319.928,2026-08-07 00:11:59,MANUAL,True,-7.9262143,112.5949461,234.2,0.0,0.0,IDLE,,
1786036320.063,2026-08-07 00:12:00,MANUAL,True,-7.9262143,112.5949464,234.19,0.0,0.0,IDLE,,
1786036320.193,2026-08-07 00:12:00,MANUAL,True,-7.9262145,112.5949469,234.18,0.0,0.0,IDLE,,
1786036320.314,2026-08-07 00:12:00,MANUAL,True,-7.9262145,112.5949471,234.19,0.0,0.0,IDLE,,
1786036320.443,2026-08-07 00:12:00,MANUAL,True,-7.9262146,112.5949475,234.18,0.0,0.0,IDLE,,
1786036320.574,2026-08-07 00:12:00,MANUAL,True,-7.9262146,112.5949475,234.18,0.0,0.0,IDLE,,
1786036320.700,2026-08-07 00:12:00,MANUAL,True,-7.9262149,112.5949483,234.2,0.0,0.0,IDLE,,
1786036320.848,2026-08-07 00:12:00,MANUAL,True,-7.9262151,112.5949486,234.2,0.0,0.0,IDLE,,
1786036320.972,2026-08-07 00:12:00,MANUAL,True,-7.9262152,112.5949488,234.18,0.0,0.0,IDLE,,
1786036321.098,2026-08-07 00:12:01,MANUAL,True,-7.9262154,112.5949493,234.2,0.0,0.0,IDLE,,
1786036321.221,2026-08-07 00:12:01,MANUAL,True,-7.9262155,112.5949496,234.2,0.0,0.0,IDLE,,
1786036321.357,2026-08-07 00:12:01,MANUAL,True,-7.9262156,112.5949498,234.18,0.0,0.0,IDLE,,
1786036321.491,2026-08-07 00:12:01,MANUAL,True,-7.9262159,112.5949504,234.18,0.0,0.0,IDLE,,
1786036321.613,2026-08-07 00:12:01,MANUAL,True,-7.9262159,112.5949504,234.18,0.0,0.0,IDLE,,
1786036321.742,2026-08-07 00:12:01,MANUAL,True,-7.9262162,112.5949508,234.18,0.0,0.0,IDLE,,
1786036321.870,2026-08-07 00:12:01,MANUAL,True,-7.9262163,112.5949509,234.18,0.0,0.0,IDLE,,
1786036321.996,2026-08-07 00:12:01,MANUAL,True,-7.9262164,112.5949512,234.19,0.0,0.0,IDLE,,
1786036322.123,2026-08-07 00:12:02,MANUAL,True,-7.9262165,112.5949513,234.2,0.0,0.0,IDLE,,
1786036322.252,2026-08-07 00:12:02,MANUAL,True,-7.9262166,112.5949515,234.2,0.0,0.0,IDLE,,
1786036322.376,2026-08-07 00:12:02,MANUAL,True,-7.9262167,112.5949516,234.2,0.0,0.0,IDLE,,
1786036322.507,2026-08-07 00:12:02,MANUAL,True,-7.9262168,112.5949517,234.2,0.0,0.0,IDLE,,
1786036322.647,2026-08-07 00:12:02,MANUAL,True,-7.926217,112.5949521,234.2,0.0,0.0,IDLE,,
1786036322.778,2026-08-07 00:12:02,MANUAL,True,-7.9262172,112.5949523,234.21,0.0,0.0,IDLE,,
1786036322.901,2026-08-07 00:12:02,MANUAL,True,-7.9262174,112.5949527,234.21,0.0,0.0,IDLE,,
1786036323.024,2026-08-07 00:12:03,MANUAL,True,-7.9262175,112.5949528,234.23,0.0,0.0,IDLE,,
1786036323.165,2026-08-07 00:12:03,MANUAL,True,-7.9262176,112.5949529,234.22,0.0,0.0,IDLE,,
1786036323.298,2026-08-07 00:12:03,MANUAL,True,-7.9262179,112.5949532,234.2,0.0,0.0,IDLE,,
1786036323.448,2026-08-07 00:12:03,MANUAL,True,-7.926218,112.5949533,234.2,0.0,0.0,IDLE,,
1786036323.596,2026-08-07 00:12:03,MANUAL,True,-7.9262181,112.5949536,234.21,0.0,0.0,IDLE,,
1786036323.735,2026-08-07 00:12:03,MANUAL,True,-7.9262183,112.5949539,234.21,0.0,0.0,IDLE,,
1786036323.959,2026-08-07 00:12:03,MANUAL,True,-7.9262186,112.5949541,234.2,0.0,0.0,IDLE,,
1786036324.132,2026-08-07 00:12:04,MANUAL,True,-7.9262188,112.5949543,234.21,0.0,0.0,IDLE,,
1786036324.273,2026-08-07 00:12:04,MANUAL,True,-7.926219,112.5949545,234.21,0.0,0.0,IDLE,,
1786036324.398,2026-08-07 00:12:04,MANUAL,True,-7.9262191,112.5949545,234.22,0.0,0.0,IDLE,,
1786036324.523,2026-08-07 00:12:04,MANUAL,True,-7.9262193,112.5949546,234.22,0.0,0.0,IDLE,,
1786036324.646,2026-08-07 00:12:04,MANUAL,True,-7.9262195,112.5949547,234.19,0.0,0.0,IDLE,,
1786036324.786,2026-08-07 00:12:04,MANUAL,True,-7.9262197,112.5949547,234.18,0.0,0.0,IDLE,,
1786036324.901,2026-08-07 00:12:04,MANUAL,True,-7.9262198,112.5949547,234.19,0.0,0.0,IDLE,,
1786036325.027,2026-08-07 00:12:05,MANUAL,True,-7.9262201,112.5949549,234.2,0.0,0.0,IDLE,,
1786036325.142,2026-08-07 00:12:05,MANUAL,True,-7.9262202,112.594955,234.2,0.0,0.0,IDLE,,
1786036325.262,2026-08-07 00:12:05,MANUAL,True,-7.9262204,112.5949551,234.2,0.0,0.0,IDLE,,
1786036325.378,2026-08-07 00:12:05,MANUAL,True,-7.9262205,112.5949551,234.19,0.0,0.0,IDLE,,
1786036325.495,2026-08-07 00:12:05,MANUAL,True,-7.9262207,112.5949552,234.19,0.0,0.0,IDLE,,
1786036325.607,2026-08-07 00:12:05,MANUAL,True,-7.9262207,112.5949552,234.19,0.0,0.0,IDLE,,
1786036325.721,2026-08-07 00:12:05,MANUAL,True,-7.926221,112.5949554,234.19,0.0,0.0,IDLE,,
1786036325.839,2026-08-07 00:12:05,MANUAL,True,-7.9262213,112.5949555,234.19,0.0,0.0,IDLE,,
1786036325.982,2026-08-07 00:12:05,MANUAL,True,-7.9262215,112.5949556,234.19,0.0,0.0,IDLE,,
1786036326.118,2026-08-07 00:12:06,MANUAL,True,-7.9262216,112.5949556,234.2,0.0,0.0,IDLE,,
1786036326.232,2026-08-07 00:12:06,MANUAL,True,-7.926222,112.5949556,234.2,0.0,0.0,IDLE,,
1786036326.350,2026-08-07 00:12:06,MANUAL,True,-7.9262221,112.5949556,234.21,0.0,0.0,IDLE,,
1786036326.471,2026-08-07 00:12:06,MANUAL,True,-7.9262223,112.5949555,234.21,0.0,0.0,IDLE,,
1786036326.591,2026-08-07 00:12:06,MANUAL,True,-7.9262223,112.5949555,234.21,0.0,0.0,IDLE,,
1786036326.704,2026-08-07 00:12:06,MANUAL,True,-7.9262226,112.5949555,234.2,0.0,0.0,IDLE,,
1786036326.820,2026-08-07 00:12:06,MANUAL,True,-7.9262228,112.5949556,234.2,0.0,0.0,IDLE,,
1786036326.942,2026-08-07 00:12:06,MANUAL,True,-7.9262229,112.5949557,234.19,0.0,0.0,IDLE,,
1786036327.057,2026-08-07 00:12:07,MANUAL,True,-7.9262231,112.5949557,234.19,0.0,0.0,IDLE,,
1786036327.174,2026-08-07 00:12:07,MANUAL,True,-7.9262234,112.5949557,234.19,0.0,0.0,IDLE,,
1786036327.293,2026-08-07 00:12:07,MANUAL,True,-7.9262235,112.5949557,234.19,0.0,0.0,IDLE,,
1786036327.406,2026-08-07 00:12:07,MANUAL,True,-7.9262236,112.5949556,234.19,0.0,0.0,IDLE,,
1786036327.525,2026-08-07 00:12:07,MANUAL,True,-7.9262237,112.5949555,234.19,0.0,0.0,IDLE,,
1786036327.647,2026-08-07 00:12:07,MANUAL,True,-7.9262238,112.5949554,234.2,0.0,0.0,IDLE,,
1786036327.763,2026-08-07 00:12:07,MANUAL,True,-7.9262239,112.5949553,234.2,0.0,0.0,IDLE,,
1786036327.881,2026-08-07 00:12:07,MANUAL,True,-7.9262241,112.594955,234.22,0.0,0.0,IDLE,,
1786036328.007,2026-08-07 00:12:08,MANUAL,True,-7.9262242,112.5949549,234.22,0.0,0.0,IDLE,,
1786036328.130,2026-08-07 00:12:08,MANUAL,True,-7.9262244,112.5949549,234.23,0.0,0.0,IDLE,,
1786036328.242,2026-08-07 00:12:08,MANUAL,True,-7.9262244,112.5949547,234.22,0.0,0.0,IDLE,,
1786036328.362,2026-08-07 00:12:08,MANUAL,True,-7.9262245,112.5949545,234.22,0.0,0.0,IDLE,,
1786036328.478,2026-08-07 00:12:08,MANUAL,True,-7.9262246,112.5949543,234.22,0.0,0.0,IDLE,,
1786036328.601,2026-08-07 00:12:08,MANUAL,True,-7.9262247,112.5949539,234.23,0.0,0.0,IDLE,,
1786036328.721,2026-08-07 00:12:08,MANUAL,True,-7.9262248,112.5949537,234.24,0.0,0.0,IDLE,,
1786036328.846,2026-08-07 00:12:08,MANUAL,True,-7.9262249,112.5949536,234.24,0.0,0.0,IDLE,,
1786036328.969,2026-08-07 00:12:08,MANUAL,True,-7.9262251,112.5949533,234.23,0.0,0.0,IDLE,,
1786036329.096,2026-08-07 00:12:09,MANUAL,True,-7.9262251,112.5949531,234.23,0.0,0.0,IDLE,,
1786036329.231,2026-08-07 00:12:09,MANUAL,True,-7.9262252,112.5949528,234.23,0.0,0.0,IDLE,,
1786036329.348,2026-08-07 00:12:09,MANUAL,True,-7.9262253,112.5949525,234.22,0.0,0.0,IDLE,,
1786036329.474,2026-08-07 00:12:09,MANUAL,True,-7.9262254,112.594952,234.21,0.0,0.0,IDLE,,
1786036329.598,2026-08-07 00:12:09,MANUAL,True,-7.9262255,112.5949517,234.21,0.0,0.0,IDLE,,
1786036329.712,2026-08-07 00:12:09,MANUAL,True,-7.9262256,112.5949514,234.21,0.0,0.0,IDLE,,
1786036329.831,2026-08-07 00:12:09,MANUAL,True,-7.9262257,112.5949511,234.23,0.0,0.0,IDLE,,
1786036329.951,2026-08-07 00:12:09,MANUAL,True,-7.9262257,112.5949508,234.24,0.0,0.0,IDLE,,
1786036330.076,2026-08-07 00:12:10,MANUAL,True,-7.9262258,112.5949503,234.25,0.0,0.0,IDLE,,
1786036330.199,2026-08-07 00:12:10,MANUAL,True,-7.9262258,112.5949499,234.24,0.0,0.0,IDLE,,
1786036330.324,2026-08-07 00:12:10,MANUAL,True,-7.9262259,112.5949496,234.25,0.0,0.0,IDLE,,
1786036330.439,2026-08-07 00:12:10,MANUAL,True,-7.9262259,112.5949492,234.25,0.0,0.0,IDLE,,
1786036330.565,2026-08-07 00:12:10,MANUAL,True,-7.9262259,112.5949488,234.26,0.0,0.0,IDLE,,
1786036330.678,2026-08-07 00:12:10,MANUAL,True,-7.9262259,112.5949482,234.24,0.0,0.0,IDLE,,
1786036330.791,2026-08-07 00:12:10,MANUAL,True,-7.9262259,112.5949479,234.27,0.0,0.0,IDLE,,
1786036330.909,2026-08-07 00:12:10,MANUAL,True,-7.9262259,112.5949476,234.26,0.0,0.0,IDLE,,
1786036331.058,2026-08-07 00:12:11,MANUAL,True,-7.9262259,112.5949472,234.26,0.0,0.0,IDLE,,
1786036331.173,2026-08-07 00:12:11,MANUAL,True,-7.9262259,112.5949464,234.27,0.0,0.0,IDLE,,
1786036331.298,2026-08-07 00:12:11,MANUAL,True,-7.9262259,112.594946,234.27,0.0,0.0,IDLE,,
1786036331.422,2026-08-07 00:12:11,MANUAL,True,-7.9262259,112.5949456,234.27,0.0,0.0,IDLE,,
1786036331.547,2026-08-07 00:12:11,MANUAL,True,-7.9262259,112.5949451,234.27,0.0,0.0,IDLE,,
1786036331.664,2026-08-07 00:12:11,MANUAL,True,-7.9262259,112.5949451,234.27,0.0,0.0,IDLE,,
1786036331.779,2026-08-07 00:12:11,MANUAL,True,-7.9262258,112.5949446,234.28,0.0,0.0,IDLE,,
1786036331.898,2026-08-07 00:12:11,MANUAL,True,-7.9262258,112.594944,234.3,0.0,0.0,IDLE,,
1786036332.022,2026-08-07 00:12:12,MANUAL,True,-7.9262258,112.5949435,234.29,0.0,0.0,IDLE,,
1786036332.142,2026-08-07 00:12:12,MANUAL,True,-7.9262258,112.5949432,234.29,0.0,0.0,IDLE,,
1786036332.261,2026-08-07 00:12:12,MANUAL,True,-7.9262258,112.5949428,234.31,0.0,0.0,IDLE,,
1786036332.386,2026-08-07 00:12:12,MANUAL,True,-7.9262258,112.5949424,234.3,0.0,0.0,IDLE,,
1786036332.505,2026-08-07 00:12:12,MANUAL,True,-7.9262258,112.5949418,234.29,0.0,0.0,IDLE,,
1786036332.621,2026-08-07 00:12:12,MANUAL,True,-7.9262258,112.594941,234.29,0.0,0.0,IDLE,,
1786036332.741,2026-08-07 00:12:12,MANUAL,True,-7.9262258,112.5949407,234.29,0.0,0.0,IDLE,,
1786036332.855,2026-08-07 00:12:12,MANUAL,True,-7.9262258,112.5949403,234.28,0.0,0.0,IDLE,,
1786036332.971,2026-08-07 00:12:12,MANUAL,True,-7.9262258,112.59494,234.27,0.0,0.0,IDLE,,
1786036333.100,2026-08-07 00:12:13,MANUAL,True,-7.9262258,112.5949391,234.27,0.0,0.0,IDLE,,
1786036333.227,2026-08-07 00:12:13,MANUAL,True,-7.9262258,112.5949386,234.27,0.0,0.0,IDLE,,
1786036333.348,2026-08-07 00:12:13,MANUAL,True,-7.9262258,112.5949383,234.27,0.0,0.0,IDLE,,
1786036333.464,2026-08-07 00:12:13,MANUAL,True,-7.9262257,112.5949377,234.27,0.0,0.0,IDLE,,
1786036333.590,2026-08-07 00:12:13,MANUAL,True,-7.9262257,112.5949369,234.27,0.0,0.0,IDLE,,
1786036333.703,2026-08-07 00:12:13,MANUAL,True,-7.9262257,112.5949365,234.26,0.0,0.0,IDLE,,
1786036333.820,2026-08-07 00:12:13,MANUAL,True,-7.9262257,112.5949361,234.27,0.0,0.0,IDLE,,
1786036333.943,2026-08-07 00:12:13,MANUAL,True,-7.9262257,112.5949358,234.26,0.0,0.0,IDLE,,
1786036334.059,2026-08-07 00:12:14,MANUAL,True,-7.9262257,112.5949353,234.26,0.0,0.0,IDLE,,
1786036334.175,2026-08-07 00:12:14,MANUAL,True,-7.9262257,112.594935,234.25,0.0,0.0,IDLE,,
1786036334.295,2026-08-07 00:12:14,MANUAL,True,-7.9262257,112.5949342,234.24,0.0,0.0,IDLE,,
1786036334.408,2026-08-07 00:12:14,MANUAL,True,-7.9262257,112.5949339,234.24,0.0,0.0,IDLE,,
1786036334.525,2026-08-07 00:12:14,MANUAL,True,-7.9262257,112.5949335,234.24,0.0,0.0,IDLE,,
1786036334.636,2026-08-07 00:12:14,MANUAL,True,-7.9262257,112.5949335,234.24,0.0,0.0,IDLE,,
1786036334.762,2026-08-07 00:12:14,MANUAL,True,-7.9262258,112.5949331,234.26,0.0,0.0,IDLE,,
1786036334.878,2026-08-07 00:12:14,MANUAL,True,-7.9262258,112.594933,234.26,0.0,0.0,IDLE,,
1786036334.998,2026-08-07 00:12:14,MANUAL,True,-7.9262259,112.5949327,234.26,0.0,0.0,IDLE,,
1786036335.143,2026-08-07 00:12:15,MANUAL,True,-7.9262259,112.5949326,234.25,0.0,0.0,IDLE,,
1786036335.308,2026-08-07 00:12:15,MANUAL,True,-7.926226,112.5949323,234.25,0.0,0.0,IDLE,,
1786036335.463,2026-08-07 00:12:15,MANUAL,True,-7.926226,112.5949322,234.26,0.0,0.0,IDLE,,
1786036335.663,2026-08-07 00:12:15,MANUAL,True,-7.926226,112.5949317,234.26,0.0,0.0,IDLE,,
1786036335.774,2026-08-07 00:12:15,MANUAL,True,-7.926226,112.5949315,234.26,0.0,0.0,IDLE,,
1786036335.893,2026-08-07 00:12:15,MANUAL,True,-7.9262261,112.5949309,234.26,0.0,0.0,IDLE,,
1786036336.009,2026-08-07 00:12:16,MANUAL,True,-7.9262261,112.5949307,234.25,0.0,0.0,IDLE,,
1786036336.171,2026-08-07 00:12:16,MANUAL,True,-7.9262261,112.5949305,234.25,0.0,0.0,IDLE,,
1786036336.307,2026-08-07 00:12:16,MANUAL,True,-7.9262262,112.59493,234.25,0.0,0.0,IDLE,,
1786036336.429,2026-08-07 00:12:16,MANUAL,True,-7.9262262,112.5949298,234.24,0.0,0.0,IDLE,,
1786036336.543,2026-08-07 00:12:16,MANUAL,True,-7.9262262,112.5949296,234.25,0.0,0.0,IDLE,,
1786036336.662,2026-08-07 00:12:16,MANUAL,True,-7.9262263,112.5949295,234.26,0.0,0.0,IDLE,,
1786036336.778,2026-08-07 00:12:16,MANUAL,True,-7.9262263,112.5949294,234.26,0.0,0.0,IDLE,,
1786036336.900,2026-08-07 00:12:16,MANUAL,True,-7.9262265,112.5949291,234.25,0.0,0.0,IDLE,,
1786036337.022,2026-08-07 00:12:17,MANUAL,True,-7.9262265,112.594929,234.27,0.0,0.0,IDLE,,
1786036337.137,2026-08-07 00:12:17,MANUAL,True,-7.9262265,112.5949289,234.27,0.0,0.0,IDLE,,
1786036337.259,2026-08-07 00:12:17,MANUAL,True,-7.9262265,112.5949288,234.27,0.0,0.0,IDLE,,
1786036337.374,2026-08-07 00:12:17,MANUAL,True,-7.9262265,112.5949287,234.26,0.0,0.0,IDLE,,
1786036337.493,2026-08-07 00:12:17,MANUAL,True,-7.9262266,112.5949286,234.26,0.0,0.0,IDLE,,
1786036337.614,2026-08-07 00:12:17,MANUAL,True,-7.9262267,112.5949284,234.27,0.0,0.0,IDLE,,
1786036337.730,2026-08-07 00:12:17,MANUAL,True,-7.9262268,112.5949284,234.25,0.0,0.0,IDLE,,
1786036337.853,2026-08-07 00:12:17,MANUAL,True,-7.9262268,112.5949283,234.27,0.0,0.0,IDLE,,
1786036337.965,2026-08-07 00:12:17,MANUAL,True,-7.926227,112.5949282,234.27,0.0,0.0,IDLE,,
1786036338.082,2026-08-07 00:12:18,MANUAL,True,-7.9262271,112.5949281,234.27,0.0,0.0,IDLE,,
1786036338.198,2026-08-07 00:12:18,MANUAL,True,-7.9262272,112.594928,234.26,0.0,0.0,IDLE,,
1786036338.314,2026-08-07 00:12:18,MANUAL,True,-7.9262274,112.594928,234.27,0.0,0.0,IDLE,,
1786036338.426,2026-08-07 00:12:18,MANUAL,True,-7.9262275,112.594928,234.27,0.0,0.0,IDLE,,
1786036338.545,2026-08-07 00:12:18,MANUAL,True,-7.9262277,112.5949281,234.3,0.0,0.0,IDLE,,
1786036338.672,2026-08-07 00:12:18,MANUAL,True,-7.9262278,112.5949281,234.3,0.0,0.0,IDLE,,
1786036338.783,2026-08-07 00:12:18,MANUAL,True,-7.9262279,112.5949281,234.29,0.0,0.0,IDLE,,
1786036338.917,2026-08-07 00:12:18,MANUAL,True,-7.9262283,112.594928,234.31,0.0,0.0,IDLE,,
1786036339.046,2026-08-07 00:12:19,MANUAL,True,-7.9262284,112.594928,234.32,0.0,0.0,IDLE,,
1786036339.170,2026-08-07 00:12:19,MANUAL,True,-7.9262285,112.594928,234.31,0.0,0.0,IDLE,,
1786036339.284,2026-08-07 00:12:19,MANUAL,True,-7.9262286,112.594928,234.31,0.0,0.0,IDLE,,
1786036339.401,2026-08-07 00:12:19,MANUAL,True,-7.9262289,112.5949279,234.31,0.0,0.0,IDLE,,
1786036339.522,2026-08-07 00:12:19,MANUAL,True,-7.9262291,112.5949278,234.32,0.0,0.0,IDLE,,
1786036339.635,2026-08-07 00:12:19,MANUAL,True,-7.9262292,112.5949276,234.31,0.0,0.0,IDLE,,
1786036339.751,2026-08-07 00:12:19,MANUAL,True,-7.9262293,112.5949274,234.31,0.0,0.0,IDLE,,
1786036339.870,2026-08-07 00:12:19,MANUAL,True,-7.9262295,112.5949273,234.31,0.0,0.0,IDLE,,
1786036339.982,2026-08-07 00:12:19,MANUAL,True,-7.9262297,112.594927,234.31,0.0,0.0,IDLE,,
1786036340.096,2026-08-07 00:12:20,MANUAL,True,-7.9262299,112.5949266,234.3,0.0,0.0,IDLE,,
1786036340.208,2026-08-07 00:12:20,MANUAL,True,-7.92623,112.5949266,234.29,0.0,0.0,IDLE,,
1786036340.328,2026-08-07 00:12:20,MANUAL,True,-7.9262301,112.5949266,234.29,0.0,0.0,IDLE,126,-194
1786036340.442,2026-08-07 00:12:20,MANUAL,True,-7.9262303,112.5949265,234.28,0.0,0.0,IDLE,127,-193
1786036340.555,2026-08-07 00:12:20,MANUAL,True,-7.9262304,112.5949264,234.27,0.0,0.0,IDLE,127,-193
1786036340.670,2026-08-07 00:12:20,MANUAL,True,-7.9262304,112.5949264,234.28,0.0,0.0,IDLE,126,-194
1786036340.788,2026-08-07 00:12:20,MANUAL,True,-7.9262305,112.5949262,234.3,0.0,0.0,IDLE,124,-196
1786036340.906,2026-08-07 00:12:20,MANUAL,True,-7.9262306,112.5949259,234.29,0.0,0.0,IDLE,125,-195
1786036341.021,2026-08-07 00:12:21,MANUAL,True,-7.9262307,112.5949257,234.29,0.0,0.0,IDLE,122,-198
1786036341.138,2026-08-07 00:12:21,MANUAL,True,-7.9262307,112.5949255,234.29,0.0,0.0,IDLE,124,-196
1786036341.266,2026-08-07 00:12:21,MANUAL,True,-7.9262308,112.5949254,234.29,0.0,0.0,IDLE,123,-197
1786036341.392,2026-08-07 00:12:21,MANUAL,True,-7.9262309,112.5949251,234.3,0.0,0.0,IDLE,124,-196
1786036341.519,2026-08-07 00:12:21,MANUAL,True,-7.9262309,112.5949251,234.3,0.0,0.0,IDLE,124,-196
1786036341.637,2026-08-07 00:12:21,MANUAL,True,-7.9262309,112.5949247,234.31,0.0,0.0,IDLE,124,-196
1786036341.753,2026-08-07 00:12:21,MANUAL,True,-7.9262309,112.5949245,234.3,0.0,0.0,IDLE,123,-197
1786036341.866,2026-08-07 00:12:21,MANUAL,True,-7.9262309,112.5949243,234.31,0.0,0.0,IDLE,126,-194
1786036341.980,2026-08-07 00:12:21,MANUAL,True,-7.9262309,112.5949239,234.29,0.0,0.0,IDLE,124,-196
1786036342.096,2026-08-07 00:12:22,MANUAL,True,-7.9262309,112.5949236,234.3,0.0,0.0,IDLE,123,-197
1786036342.212,2026-08-07 00:12:22,MANUAL,True,-7.9262308,112.5949234,234.3,0.0,0.0,IDLE,122,-198
1786036342.330,2026-08-07 00:12:22,MANUAL,True,-7.9262308,112.5949231,234.3,0.0,0.0,IDLE,121,-199
1786036342.458,2026-08-07 00:12:22,MANUAL,True,-7.9262308,112.5949229,234.3,0.0,0.0,IDLE,120,-200
1786036342.579,2026-08-07 00:12:22,MANUAL,True,-7.9262308,112.5949226,234.3,0.0,0.0,IDLE,121,-199
1786036342.694,2026-08-07 00:12:22,MANUAL,True,-7.9262308,112.5949226,234.3,0.0,0.0,IDLE,121,-199
1786036342.811,2026-08-07 00:12:22,MANUAL,True,-7.9262307,112.5949216,234.3,0.0,0.0,IDLE,122,-198
1786036342.930,2026-08-07 00:12:22,MANUAL,True,-7.9262306,112.5949213,234.29,0.0,0.0,IDLE,122,-198
1786036343.044,2026-08-07 00:12:23,MANUAL,True,-7.9262306,112.5949211,234.28,0.0,0.0,IDLE,122,-198
1786036343.157,2026-08-07 00:12:23,MANUAL,True,-7.9262305,112.5949209,234.27,0.0,0.0,IDLE,122,-198
1786036343.291,2026-08-07 00:12:23,MANUAL,True,-7.9262305,112.5949208,234.26,0.0,0.0,IDLE,121,-199
1786036343.411,2026-08-07 00:12:23,MANUAL,True,-7.9262305,112.5949204,234.27,0.0,0.0,IDLE,123,-197
1786036343.547,2026-08-07 00:12:23,MANUAL,True,-7.9262305,112.5949204,234.27,0.0,0.0,IDLE,123,-197
1786036343.671,2026-08-07 00:12:23,MANUAL,True,-7.9262304,112.5949202,234.27,0.0,0.0,IDLE,120,-200
1786036343.796,2026-08-07 00:12:23,MANUAL,True,-7.9262304,112.5949201,234.27,0.0,0.0,IDLE,122,-198
1786036343.922,2026-08-07 00:12:23,MANUAL,True,-7.9262303,112.5949199,234.27,0.0,0.0,IDLE,121,-199
1786036344.053,2026-08-07 00:12:24,MANUAL,True,-7.9262303,112.5949199,234.27,0.0,0.0,IDLE,122,-198
1786036344.178,2026-08-07 00:12:24,MANUAL,True,-7.9262302,112.5949198,234.27,0.0,0.0,IDLE,122,-198
1786036344.300,2026-08-07 00:12:24,MANUAL,True,-7.9262302,112.5949197,234.27,0.0,0.0,IDLE,121,-199
1786036344.419,2026-08-07 00:12:24,MANUAL,True,-7.9262301,112.5949195,234.26,0.0,0.0,IDLE,121,-199
1786036344.544,2026-08-07 00:12:24,MANUAL,True,-7.9262301,112.5949195,234.26,0.0,0.0,IDLE,121,-199
1786036344.661,2026-08-07 00:12:24,MANUAL,True,-7.92623,112.5949191,234.27,0.0,0.0,IDLE,123,-197
1786036344.785,2026-08-07 00:12:24,MANUAL,True,-7.9262299,112.5949189,234.26,0.0,0.0,IDLE,116,-204
1786036344.904,2026-08-07 00:12:24,MANUAL,True,-7.9262299,112.5949188,234.27,0.0,0.0,IDLE,120,-200
1786036345.031,2026-08-07 00:12:25,MANUAL,True,-7.9262297,112.5949184,234.25,0.0,0.0,IDLE,122,-198
1786036345.155,2026-08-07 00:12:25,MANUAL,True,-7.9262297,112.5949182,234.24,0.0,0.0,IDLE,124,-196
1786036345.293,2026-08-07 00:12:25,MANUAL,True,-7.9262296,112.594918,234.25,0.0,0.0,IDLE,121,-199
1786036345.416,2026-08-07 00:12:25,MANUAL,True,-7.9262295,112.5949178,234.22,0.0,0.0,IDLE,,
1786036345.537,2026-08-07 00:12:25,MANUAL,True,-7.9262295,112.5949176,234.23,0.0,0.0,IDLE,,
1786036345.655,2026-08-07 00:12:25,MANUAL,True,-7.9262294,112.5949172,234.23,0.0,0.0,IDLE,,
1786036345.782,2026-08-07 00:12:25,MANUAL,True,-7.9262293,112.594917,234.23,0.0,0.0,IDLE,121,-199
1786036345.905,2026-08-07 00:12:25,MANUAL,True,-7.9262292,112.5949169,234.24,0.0,0.0,IDLE,120,-200
1786036346.026,2026-08-07 00:12:26,MANUAL,True,-7.9262292,112.5949167,234.25,0.0,0.0,IDLE,126,-194
1786036346.142,2026-08-07 00:12:26,MANUAL,True,-7.9262291,112.5949165,234.24,0.0,0.0,IDLE,124,-196
1786036346.312,2026-08-07 00:12:26,MANUAL,True,-7.9262291,112.5949163,234.25,0.0,0.0,IDLE,120,-200
1786036346.448,2026-08-07 00:12:26,MANUAL,True,-7.9262289,112.594916,234.24,0.0,0.0,IDLE,119,-201
1786036346.576,2026-08-07 00:12:26,MANUAL,True,-7.9262289,112.5949159,234.23,0.0,0.0,IDLE,119,-201
1786036346.699,2026-08-07 00:12:26,MANUAL,True,-7.9262288,112.5949158,234.23,0.0,0.0,IDLE,112,-208
1786036346.830,2026-08-07 00:12:26,MANUAL,True,-7.9262288,112.5949157,234.21,0.0,0.0,IDLE,111,-209
1786036346.955,2026-08-07 00:12:26,MANUAL,True,-7.9262288,112.5949156,234.23,0.0,0.0,IDLE,117,-203
1786036347.081,2026-08-07 00:12:27,MANUAL,True,-7.9262288,112.5949156,234.24,0.0,0.0,IDLE,115,-205
1786036347.213,2026-08-07 00:12:27,MANUAL,True,-7.9262287,112.5949155,234.25,0.0,0.0,IDLE,115,-205
1786036347.335,2026-08-07 00:12:27,MANUAL,True,-7.9262287,112.5949154,234.26,0.0,0.0,IDLE,118,-202
1786036347.458,2026-08-07 00:12:27,MANUAL,True,-7.9262287,112.5949153,234.25,0.0,0.0,IDLE,118,-202
1786036347.580,2026-08-07 00:12:27,MANUAL,True,-7.9262287,112.5949152,234.24,0.0,0.0,IDLE,115,-205
1786036347.703,2026-08-07 00:12:27,MANUAL,True,-7.9262286,112.5949151,234.24,0.0,0.0,IDLE,114,-206
1786036347.827,2026-08-07 00:12:27,MANUAL,True,-7.9262286,112.5949149,234.24,0.0,0.0,IDLE,121,-199
1786036347.957,2026-08-07 00:12:27,MANUAL,True,-7.9262286,112.5949147,234.24,0.0,0.0,IDLE,121,-199
1786036348.090,2026-08-07 00:12:28,MANUAL,True,-7.9262285,112.5949145,234.25,0.0,0.0,IDLE,122,-198
1786036348.213,2026-08-07 00:12:28,MANUAL,True,-7.9262284,112.5949144,234.25,0.0,0.0,IDLE,123,-197
1786036348.352,2026-08-07 00:12:28,MANUAL,True,-7.9262284,112.5949143,234.25,0.0,0.0,IDLE,123,-197
1786036348.496,2026-08-07 00:12:28,MANUAL,True,-7.9262283,112.5949141,234.23,0.0,0.0,IDLE,124,-196
1786036348.642,2026-08-07 00:12:28,MANUAL,True,-7.9262282,112.5949141,234.22,0.0,0.0,IDLE,125,-195
1786036348.766,2026-08-07 00:12:28,MANUAL,True,-7.9262282,112.594914,234.23,0.0,0.0,IDLE,124,-196
1786036348.881,2026-08-07 00:12:28,MANUAL,True,-7.926228,112.594914,234.2,0.0,0.0,IDLE,125,-195
1786036349.001,2026-08-07 00:12:29,MANUAL,True,-7.926228,112.594914,234.22,0.0,0.0,IDLE,124,-196
1786036349.120,2026-08-07 00:12:29,MANUAL,True,-7.9262279,112.5949139,234.2,0.0,0.0,IDLE,124,-196
1786036349.237,2026-08-07 00:12:29,MANUAL,True,-7.9262279,112.5949138,234.2,0.0,0.0,IDLE,125,-195
1786036349.350,2026-08-07 00:12:29,MANUAL,True,-7.9262279,112.5949138,234.21,0.0,0.0,IDLE,124,-196
1786036349.471,2026-08-07 00:12:29,MANUAL,True,-7.9262279,112.5949137,234.2,0.0,0.0,IDLE,125,-195
1786036349.590,2026-08-07 00:12:29,MANUAL,True,-7.9262278,112.5949136,234.2,0.0,0.0,IDLE,127,-193
1786036349.714,2026-08-07 00:12:29,MANUAL,True,-7.9262278,112.5949136,234.2,0.0,0.0,IDLE,128,-192
1786036349.830,2026-08-07 00:12:29,MANUAL,True,-7.9262277,112.5949136,234.21,0.0,0.0,IDLE,,
1786036349.943,2026-08-07 00:12:29,MANUAL,True,-7.9262277,112.5949136,234.2,0.0,0.0,IDLE,127,-193
1786036350.060,2026-08-07 00:12:30,MANUAL,True,-7.9262276,112.5949136,234.19,0.0,0.0,IDLE,,
1786036350.175,2026-08-07 00:12:30,MANUAL,True,-7.9262276,112.5949136,234.18,0.0,0.0,IDLE,129,-191
1786036350.297,2026-08-07 00:12:30,MANUAL,True,-7.9262275,112.5949136,234.2,0.0,0.0,IDLE,128,-192
1786036350.413,2026-08-07 00:12:30,MANUAL,True,-7.9262274,112.5949136,234.2,0.0,0.0,IDLE,,
1786036350.527,2026-08-07 00:12:30,MANUAL,True,-7.9262274,112.5949136,234.2,0.0,0.0,IDLE,129,-191
1786036350.646,2026-08-07 00:12:30,MANUAL,True,-7.9262273,112.5949135,234.18,0.0,0.0,IDLE,128,-192
1786036350.773,2026-08-07 00:12:30,MANUAL,True,-7.9262272,112.5949135,234.2,0.0,0.0,IDLE,,
1786036350.888,2026-08-07 00:12:30,MANUAL,True,-7.9262269,112.5949135,234.2,0.0,0.0,IDLE,127,-193
1786036351.004,2026-08-07 00:12:31,MANUAL,True,-7.9262269,112.5949135,234.19,0.0,0.0,IDLE,127,-193
1786036351.122,2026-08-07 00:12:31,MANUAL,True,-7.9262268,112.5949135,234.19,0.0,0.0,IDLE,127,-193
1786036351.243,2026-08-07 00:12:31,MANUAL,True,-7.9262267,112.5949135,234.17,0.0,0.0,IDLE,127,-193
1786036351.368,2026-08-07 00:12:31,MANUAL,True,-7.9262266,112.5949135,234.18,0.0,0.0,IDLE,,
1786036351.492,2026-08-07 00:12:31,MANUAL,True,-7.9262263,112.5949134,234.18,0.0,0.0,IDLE,,
1786036351.608,2026-08-07 00:12:31,MANUAL,True,-7.9262262,112.5949134,234.19,0.0,0.0,IDLE,,
1786036351.724,2026-08-07 00:12:31,MANUAL,True,-7.926226,112.5949134,234.18,0.0,0.0,IDLE,,
1786036351.836,2026-08-07 00:12:31,MANUAL,True,-7.9262259,112.5949134,234.18,0.0,0.0,IDLE,,
1786036351.951,2026-08-07 00:12:31,MANUAL,True,-7.9262256,112.5949135,234.19,0.0,0.0,IDLE,,
1786036352.070,2026-08-07 00:12:32,MANUAL,True,-7.9262255,112.5949135,234.17,0.0,0.0,IDLE,,
1786036352.206,2026-08-07 00:12:32,MANUAL,True,-7.9262252,112.5949135,234.18,0.0,0.0,IDLE,,
1786036352.325,2026-08-07 00:12:32,MANUAL,True,-7.9262251,112.5949135,234.19,0.0,0.0,IDLE,,
1786036352.444,2026-08-07 00:12:32,MANUAL,True,-7.9262249,112.5949135,234.17,0.0,0.0,IDLE,,
1786036352.565,2026-08-07 00:12:32,MANUAL,True,-7.9262247,112.5949135,234.15,0.0,0.0,IDLE,,
1786036352.681,2026-08-07 00:12:32,MANUAL,True,-7.9262244,112.5949135,234.15,0.0,0.0,IDLE,,
1786036352.792,2026-08-07 00:12:32,MANUAL,True,-7.9262243,112.5949135,234.14,0.0,0.0,IDLE,,
1786036352.909,2026-08-07 00:12:32,MANUAL,True,-7.9262242,112.5949135,234.13,0.0,0.0,IDLE,,
1786036353.040,2026-08-07 00:12:33,MANUAL,True,-7.926224,112.5949135,234.14,0.0,0.0,IDLE,,
1786036353.152,2026-08-07 00:12:33,MANUAL,True,-7.9262239,112.5949135,234.14,0.0,0.0,IDLE,,
1786036353.271,2026-08-07 00:12:33,MANUAL,True,-7.9262236,112.5949135,234.15,0.0,0.0,IDLE,,
1786036353.389,2026-08-07 00:12:33,MANUAL,True,-7.9262234,112.5949135,234.16,0.0,0.0,IDLE,,
1786036353.510,2026-08-07 00:12:33,MANUAL,True,-7.9262233,112.5949135,234.16,0.0,0.0,IDLE,,
1786036353.626,2026-08-07 00:12:33,MANUAL,True,-7.9262231,112.5949135,234.17,0.0,0.0,IDLE,,
1786036353.746,2026-08-07 00:12:33,MANUAL,True,-7.926223,112.5949135,234.16,0.0,0.0,IDLE,,
1786036353.860,2026-08-07 00:12:33,MANUAL,True,-7.9262228,112.5949135,234.15,0.0,0.0,IDLE,,
1786036353.987,2026-08-07 00:12:33,MANUAL,True,-7.9262225,112.5949136,234.17,0.0,0.0,IDLE,,
1786036354.111,2026-08-07 00:12:34,MANUAL,True,-7.9262224,112.5949136,234.16,0.0,0.0,IDLE,,
1786036354.229,2026-08-07 00:12:34,MANUAL,True,-7.9262223,112.5949136,234.16,0.0,0.0,IDLE,,
1786036354.343,2026-08-07 00:12:34,MANUAL,True,-7.9262222,112.5949136,234.16,0.0,0.0,IDLE,,
1786036354.462,2026-08-07 00:12:34,MANUAL,True,-7.9262221,112.5949136,234.17,0.0,0.0,IDLE,,
1786036354.580,2026-08-07 00:12:34,MANUAL,True,-7.926222,112.5949136,234.17,0.0,0.0,IDLE,,
1786036354.700,2026-08-07 00:12:34,MANUAL,True,-7.9262218,112.5949136,234.17,0.0,0.0,IDLE,,
1786036354.816,2026-08-07 00:12:34,MANUAL,True,-7.9262217,112.5949136,234.19,0.0,0.0,IDLE,,
1786036354.932,2026-08-07 00:12:34,MANUAL,True,-7.9262217,112.5949138,234.19,0.0,0.0,IDLE,,
1786036355.047,2026-08-07 00:12:35,MANUAL,True,-7.9262216,112.5949138,234.19,0.0,0.0,IDLE,,
1786036355.159,2026-08-07 00:12:35,MANUAL,True,-7.9262215,112.5949138,234.19,0.0,0.0,IDLE,,
1786036355.277,2026-08-07 00:12:35,MANUAL,True,-7.9262214,112.5949138,234.21,0.0,0.0,IDLE,,
1786036355.394,2026-08-07 00:12:35,MANUAL,True,-7.9262213,112.5949138,234.22,0.0,0.0,IDLE,,
1786036355.510,2026-08-07 00:12:35,MANUAL,True,-7.9262213,112.5949137,234.22,0.0,0.0,IDLE,,
1786036355.629,2026-08-07 00:12:35,MANUAL,True,-7.9262212,112.5949137,234.21,0.0,0.0,IDLE,,
1786036355.751,2026-08-07 00:12:35,MANUAL,True,-7.9262212,112.5949137,234.21,0.0,0.0,IDLE,,
1786036355.866,2026-08-07 00:12:35,MANUAL,True,-7.9262212,112.5949137,234.21,0.0,0.0,IDLE,,
1786036355.983,2026-08-07 00:12:35,MANUAL,True,-7.9262211,112.5949137,234.2,0.0,0.0,IDLE,,
1786036356.109,2026-08-07 00:12:36,MANUAL,True,-7.926221,112.5949138,234.22,0.0,0.0,IDLE,,
1786036356.247,2026-08-07 00:12:36,GUIDED,True,-7.926221,112.5949138,234.21,0.0,0.0,START,,
1786036356.381,2026-08-07 00:12:36,GUIDED,True,-7.926221,112.5949138,234.2,0.0,0.0,START,,
1786036356.523,2026-08-07 00:12:36,GUIDED,True,-7.9262209,112.5949138,234.2,0.0,0.0,START,,
1786036356.632,2026-08-07 00:12:36,GUIDED,True,-7.9262208,112.5949139,234.17,0.0,0.0,START,,
1786036356.745,2026-08-07 00:12:36,GUIDED,True,-7.9262208,112.594914,234.16,0.0,0.0,START,,
1786036356.883,2026-08-07 00:12:36,GUIDED,True,-7.9262208,112.594914,234.15,0.0,0.0,START,,
1786036357.002,2026-08-07 00:12:37,GUIDED,True,-7.9262207,112.594914,234.13,0.0,0.0,START,,
1786036357.134,2026-08-07 00:12:37,GUIDED,True,-7.9262207,112.594914,234.14,0.0,0.0,START,,
1786036357.309,2026-08-07 00:12:37,GUIDED,True,-7.9262206,112.594914,234.14,0.0,0.0,START,,
1786036357.428,2026-08-07 00:12:37,GUIDED,True,-7.9262206,112.594914,234.15,0.0,0.0,START,,
1786036357.548,2026-08-07 00:12:37,GUIDED,True,-7.9262205,112.5949139,234.14,0.0,0.0,START,,
1786036357.674,2026-08-07 00:12:37,GUIDED,True,-7.9262205,112.5949139,234.14,0.0,0.0,START,,
1786036357.785,2026-08-07 00:12:37,GUIDED,True,-7.9262205,112.5949138,234.15,0.0,0.0,START,,
1786036357.899,2026-08-07 00:12:37,GUIDED,True,-7.9262205,112.5949138,234.15,0.0,0.0,START,,
1786036358.016,2026-08-07 00:12:38,GUIDED,True,-7.9262205,112.5949137,234.14,0.0,0.0,START,,
1786036358.137,2026-08-07 00:12:38,GUIDED,True,-7.9262205,112.5949136,234.14,0.0,0.0,START,,
1786036358.256,2026-08-07 00:12:38,GUIDED,True,-7.9262204,112.5949136,234.15,0.0,0.0,🔴 FAILSAFE: TARGET LOST,,
1786036358.380,2026-08-07 00:12:38,MANUAL,True,-7.9262204,112.5949135,234.14,0.0,0.0,🔴 FAILSAFE: TARGET LOST,,
1786036358.498,2026-08-07 00:12:38,MANUAL,True,-7.9262204,112.5949134,234.15,0.0,0.0,🔴 FAILSAFE: TARGET LOST,,
1786036358.621,2026-08-07 00:12:38,MANUAL,True,-7.9262204,112.5949134,234.15,0.0,0.0,🔴 FAILSAFE: TARGET LOST,,
1786036358.742,2026-08-07 00:12:38,MANUAL,True,-7.9262203,112.5949133,234.14,0.0,0.0,🔴 FAILSAFE: TARGET LOST,,
1786036358.865,2026-08-07 00:12:38,MANUAL,True,-7.9262203,112.5949132,234.12,0.0,0.0,🔴 FAILSAFE: TARGET LOST,,
1786036358.994,2026-08-07 00:12:38,MANUAL,True,-7.9262203,112.5949132,234.12,0.0,0.0,🔴 FAILSAFE: TARGET LOST,,
1786036359.117,2026-08-07 00:12:39,MANUAL,True,-7.9262203,112.5949132,234.12,0.0,0.0,🔴 FAILSAFE: TARGET LOST,,
1786036359.240,2026-08-07 00:12:39,MANUAL,True,-7.9262202,112.5949132,234.12,0.0,0.0,🔴 FAILSAFE: TARGET LOST,,
1786036359.358,2026-08-07 00:12:39,MANUAL,True,-7.9262202,112.5949131,234.14,0.0,0.0,🔴 FAILSAFE: TARGET LOST,,
1786036359.471,2026-08-07 00:12:39,MANUAL,True,-7.9262203,112.5949131,234.16,0.0,0.0,🔴 FAILSAFE: TARGET LOST,,
1786036359.589,2026-08-07 00:12:39,MANUAL,True,-7.9262203,112.5949131,234.16,0.0,0.0,🔴 FAILSAFE: TARGET LOST,,
1786036359.702,2026-08-07 00:12:39,MANUAL,True,-7.9262203,112.5949131,234.16,0.0,0.0,🔴 FAILSAFE: TARGET LOST,,
1786036359.814,2026-08-07 00:12:39,MANUAL,True,-7.9262203,112.5949131,234.16,0.0,0.0,🔴 FAILSAFE: TARGET LOST,,
1786036359.928,2026-08-07 00:12:39,MANUAL,True,-7.9262204,112.5949131,234.16,0.0,0.0,🔴 FAILSAFE: TARGET LOST,,
1786036360.042,2026-08-07 00:12:40,MANUAL,True,-7.9262205,112.5949132,234.17,0.0,0.0,🔴 FAILSAFE: TARGET LOST,,
1786036360.163,2026-08-07 00:12:40,MANUAL,True,-7.9262206,112.5949131,234.19,0.0,0.0,🔴 FAILSAFE: TARGET LOST,,
1786036360.278,2026-08-07 00:12:40,MANUAL,True,-7.9262207,112.594913,234.19,0.0,0.0,🔴 FAILSAFE: TARGET LOST,,
1786036360.420,2026-08-07 00:12:40,MANUAL,True,-7.9262207,112.594913,234.19,0.0,0.0,TRACKING_BUOY (MANUAL),278,-42
1786036360.559,2026-08-07 00:12:40,MANUAL,True,-7.9262208,112.5949131,234.19,0.0,0.0,TRACKING_BUOY (MANUAL),262,-58
1786036360.687,2026-08-07 00:12:40,MANUAL,True,-7.9262209,112.5949132,234.19,0.0,0.0,TRACKING_BUOY (MANUAL),266,-54
1786036360.814,2026-08-07 00:12:40,MANUAL,True,-7.926221,112.5949133,234.19,0.0,0.0,TRACKING_BUOY (MANUAL),270,-50
1786036360.954,2026-08-07 00:12:40,MANUAL,True,-7.926221,112.5949134,234.21,0.0,0.0,TRACKING_BUOY (MANUAL),272,-48
1786036361.066,2026-08-07 00:12:41,MANUAL,True,-7.9262211,112.5949134,234.23,0.0,0.0,TRACKING_BUOY (MANUAL),275,-45
1786036361.183,2026-08-07 00:12:41,MANUAL,True,-7.9262211,112.5949134,234.22,0.0,0.0,TRACKING_BUOY (MANUAL),278,-42
1786036361.299,2026-08-07 00:12:41,MANUAL,True,-7.9262212,112.5949136,234.22,0.0,0.0,TRACKING_BUOY (MANUAL),284,-36
1786036361.413,2026-08-07 00:12:41,MANUAL,True,-7.9262212,112.5949138,234.21,0.0,0.0,TRACKING_BUOY (MANUAL),290,-30
1786036361.531,2026-08-07 00:12:41,MANUAL,True,-7.9262212,112.594914,234.21,0.0,0.0,TRACKING_BUOY (MANUAL),293,-27
1786036361.645,2026-08-07 00:12:41,MANUAL,True,-7.9262212,112.5949141,234.2,0.0,0.0,TRACKING_BUOY (MANUAL),300,-20
1786036361.756,2026-08-07 00:12:41,MANUAL,True,-7.9262212,112.5949142,234.21,0.0,0.0,TRACKING_BUOY (MANUAL),301,-19
1786036361.871,2026-08-07 00:12:41,MANUAL,True,-7.9262213,112.5949145,234.2,0.0,0.0,TRACKING_BUOY (MANUAL),305,-15
1786036361.986,2026-08-07 00:12:41,MANUAL,True,-7.9262213,112.5949146,234.2,0.0,0.0,TRACKING_BUOY (MANUAL),308,-12
1786036362.101,2026-08-07 00:12:42,MANUAL,True,-7.9262213,112.5949147,234.2,0.0,0.0,TRACKING_BUOY (MANUAL),325,5
1786036362.220,2026-08-07 00:12:42,MANUAL,True,-7.9262214,112.5949148,234.19,0.0,0.0,TRACKING_BUOY (MANUAL),344,24
1786036362.336,2026-08-07 00:12:42,MANUAL,True,-7.9262214,112.5949149,234.19,0.0,0.0,TRACKING_BUOY (MANUAL),307,-13
1786036362.452,2026-08-07 00:12:42,MANUAL,True,-7.9262215,112.5949151,234.19,0.0,0.0,TRACKING_BUOY (MANUAL),368,48
1786036362.560,2026-08-07 00:12:42,MANUAL,True,-7.9262215,112.5949151,234.19,0.0,0.0,TRACKING_BUOY (MANUAL),337,17
1786036362.675,2026-08-07 00:12:42,MANUAL,True,-7.9262215,112.5949157,234.19,0.0,0.0,TRACKING_BUOY (MANUAL),405,85
1786036362.794,2026-08-07 00:12:42,MANUAL,True,-7.9262216,112.594916,234.18,0.0,0.0,TRACKING_BUOY (MANUAL),357,37
1786036362.911,2026-08-07 00:12:42,MANUAL,True,-7.9262216,112.5949163,234.18,0.0,0.0,TRACKING_BUOY (MANUAL),364,44
1786036363.029,2026-08-07 00:12:43,MANUAL,True,-7.9262216,112.5949165,234.19,0.0,0.0,TRACKING_BUOY (MANUAL),422,102
1786036363.150,2026-08-07 00:12:43,MANUAL,True,-7.9262217,112.5949168,234.18,0.0,0.0,TRACKING_BUOY (MANUAL),421,101
1786036363.272,2026-08-07 00:12:43,MANUAL,True,-7.9262218,112.5949172,234.17,0.0,0.0,TRACKING_BUOY (MANUAL),414,94
1786036363.399,2026-08-07 00:12:43,MANUAL,True,-7.9262218,112.5949175,234.17,0.0,0.0,TRACKING_BUOY (MANUAL),349,29
1786036363.522,2026-08-07 00:12:43,MANUAL,True,-7.9262219,112.5949177,234.18,0.0,0.0,TRACKING_BUOY (MANUAL),382,62
1786036363.643,2026-08-07 00:12:43,MANUAL,True,-7.926222,112.5949179,234.19,0.0,0.0,TRACKING_BUOY (MANUAL),313,-7
1786036363.759,2026-08-07 00:12:43,MANUAL,True,-7.9262221,112.594918,234.2,0.0,0.0,TRACKING_BUOY (MANUAL),351,31
1786036363.872,2026-08-07 00:12:43,MANUAL,True,-7.9262222,112.5949184,234.18,0.0,0.0,TRACKING_BUOY (MANUAL),344,24
1786036364.018,2026-08-07 00:12:44,MANUAL,True,-7.9262223,112.5949186,234.18,0.0,0.0,IDLE,294,-26
1786036364.141,2026-08-07 00:12:44,MANUAL,True,-7.9262223,112.5949188,234.19,0.0,0.0,IDLE,333,13
1786036364.257,2026-08-07 00:12:44,MANUAL,True,-7.9262224,112.594919,234.19,0.0,0.0,IDLE,332,12
1786036364.372,2026-08-07 00:12:44,MANUAL,True,-7.9262224,112.5949191,234.19,0.0,0.0,IDLE,337,17
1786036364.483,2026-08-07 00:12:44,MANUAL,True,-7.9262225,112.5949193,234.19,0.0,0.0,IDLE,335,15
1786036364.597,2026-08-07 00:12:44,MANUAL,True,-7.9262226,112.5949195,234.2,0.0,0.0,IDLE,288,-32
1786036364.714,2026-08-07 00:12:44,MANUAL,True,-7.9262226,112.5949196,234.2,0.0,0.0,IDLE,345,25
1786036364.836,2026-08-07 00:12:44,MANUAL,True,-7.9262227,112.5949197,234.21,0.0,0.0,IDLE,353,33
1786036364.953,2026-08-07 00:12:44,MANUAL,True,-7.9262227,112.5949198,234.21,0.0,0.0,IDLE,315,-5
1786036365.074,2026-08-07 00:12:45,MANUAL,True,-7.9262228,112.5949198,234.21,0.0,0.0,IDLE,329,9
1786036365.214,2026-08-07 00:12:45,MANUAL,True,-7.9262228,112.5949197,234.21,0.0,0.0,IDLE,338,18
1786036365.344,2026-08-07 00:12:45,MANUAL,True,-7.9262229,112.5949196,234.19,0.0,0.0,TRACKING_BUOY (MANUAL),367,47
1786036365.462,2026-08-07 00:12:45,MANUAL,True,-7.9262229,112.5949195,234.19,0.0,0.0,TRACKING_BUOY (MANUAL),372,52
1786036365.579,2026-08-07 00:12:45,MANUAL,True,-7.926223,112.5949193,234.19,0.0,0.0,TRACKING_BUOY (MANUAL),421,101
1786036365.695,2026-08-07 00:12:45,MANUAL,True,-7.9262231,112.5949192,234.2,0.0,0.0,TRACKING_BUOY (MANUAL),419,99
1786036365.818,2026-08-07 00:12:45,MANUAL,True,-7.9262231,112.5949191,234.2,0.0,0.0,TRACKING_BUOY (MANUAL),412,92
1786036365.934,2026-08-07 00:12:45,MANUAL,True,-7.9262232,112.594919,234.19,0.0,0.0,TRACKING_BUOY (MANUAL),396,76
1786036366.049,2026-08-07 00:12:46,MANUAL,True,-7.9262232,112.5949189,234.18,0.0,0.0,TRACKING_BUOY (MANUAL),333,13
1786036366.166,2026-08-07 00:12:46,MANUAL,True,-7.9262233,112.5949188,234.18,0.0,0.0,TRACKING_BUOY (MANUAL),371,51
1786036366.296,2026-08-07 00:12:46,MANUAL,True,-7.9262234,112.5949187,234.15,0.0,0.0,TRACKING_BUOY (MANUAL),352,32
1786036366.412,2026-08-07 00:12:46,MANUAL,True,-7.9262235,112.5949187,234.16,0.0,0.0,TRACKING_BUOY (MANUAL),337,17
1786036366.535,2026-08-07 00:12:46,MANUAL,True,-7.9262235,112.5949187,234.15,0.0,0.0,TRACKING_BUOY (MANUAL),330,10
1786036366.678,2026-08-07 00:12:46,MANUAL,True,-7.9262236,112.5949187,234.16,0.0,0.0,TRACKING_BUOY (MANUAL),321,1
1786036366.791,2026-08-07 00:12:46,MANUAL,True,-7.9262237,112.5949188,234.15,0.0,0.0,TRACKING_BUOY (MANUAL),316,-4
1786036366.907,2026-08-07 00:12:46,MANUAL,True,-7.9262237,112.594919,234.15,0.0,0.0,TRACKING_BUOY (MANUAL),323,3
1786036367.030,2026-08-07 00:12:47,MANUAL,True,-7.9262237,112.5949191,234.16,0.0,0.0,TRACKING_BUOY (MANUAL),336,16
1786036367.149,2026-08-07 00:12:47,MANUAL,True,-7.9262238,112.5949192,234.17,0.0,0.0,TRACKING_BUOY (MANUAL),354,34
1786036367.265,2026-08-07 00:12:47,MANUAL,True,-7.9262238,112.5949193,234.18,0.0,0.0,TRACKING_BUOY (MANUAL),321,1
1786036367.386,2026-08-07 00:12:47,MANUAL,True,-7.9262239,112.5949197,234.17,0.0,0.0,TRACKING_BUOY (MANUAL),386,66
1786036367.503,2026-08-07 00:12:47,MANUAL,True,-7.9262239,112.5949197,234.17,0.0,0.0,TRACKING_BUOY (MANUAL),359,39
1786036367.621,2026-08-07 00:12:47,MANUAL,True,-7.926224,112.5949201,234.18,0.0,0.0,TRACKING_BUOY (MANUAL),384,64
1786036367.737,2026-08-07 00:12:47,MANUAL,True,-7.9262241,112.5949203,234.17,0.0,0.0,TRACKING_BUOY (MANUAL),461,141
1786036367.850,2026-08-07 00:12:47,MANUAL,True,-7.9262242,112.5949205,234.16,0.0,0.0,TRACKING_BUOY (MANUAL),410,90
1786036367.963,2026-08-07 00:12:47,MANUAL,True,-7.9262244,112.5949208,234.15,0.0,0.0,TRACKING_BUOY (MANUAL),485,165
1786036368.079,2026-08-07 00:12:48,MANUAL,True,-7.9262244,112.5949209,234.15,0.0,0.0,TRACKING_BUOY (MANUAL),503,183
1786036368.194,2026-08-07 00:12:48,MANUAL,True,-7.9262246,112.5949212,234.12,0.0,0.0,TRACKING_BUOY (MANUAL),520,200
1786036368.311,2026-08-07 00:12:48,MANUAL,True,-7.9262247,112.5949214,234.12,0.0,0.0,TRACKING_BUOY (MANUAL),527,207
1786036368.429,2026-08-07 00:12:48,MANUAL,True,-7.9262249,112.5949217,234.11,0.0,0.0,TRACKING_BUOY (MANUAL),480,160
1786036368.545,2026-08-07 00:12:48,MANUAL,True,-7.926225,112.594922,234.1,0.0,0.0,TRACKING_BUOY (MANUAL),483,163
1786036368.659,2026-08-07 00:12:48,MANUAL,True,-7.926225,112.594922,234.1,0.0,0.0,🔴 FAILSAFE: TARGET LOST,,
1786036368.779,2026-08-07 00:12:48,MANUAL,True,-7.9262251,112.5949223,234.12,0.0,0.0,IDLE,,
1786036368.906,2026-08-07 00:12:48,MANUAL,True,-7.9262253,112.5949227,234.11,0.0,0.0,IDLE,,
1786036369.032,2026-08-07 00:12:49,MANUAL,True,-7.9262253,112.5949228,234.1,0.0,0.0,IDLE,,
1786036369.150,2026-08-07 00:12:49,MANUAL,True,-7.9262254,112.594923,234.11,0.0,0.0,IDLE,,
1786036369.270,2026-08-07 00:12:49,MANUAL,True,-7.9262255,112.5949232,234.11,0.0,0.0,IDLE,,
1786036369.398,2026-08-07 00:12:49,MANUAL,True,-7.9262256,112.5949234,234.12,0.0,0.0,IDLE,,
1786036369.518,2026-08-07 00:12:49,MANUAL,True,-7.9262257,112.5949236,234.11,0.0,0.0,IDLE,,
1786036369.634,2026-08-07 00:12:49,MANUAL,True,-7.9262259,112.5949239,234.09,0.0,0.0,IDLE,,
1786036369.750,2026-08-07 00:12:49,MANUAL,True,-7.926226,112.5949241,234.09,0.0,0.0,IDLE,,
1786036369.862,2026-08-07 00:12:49,MANUAL,True,-7.9262261,112.5949243,234.1,0.0,0.0,IDLE,,
1786036369.977,2026-08-07 00:12:49,MANUAL,True,-7.9262262,112.5949244,234.1,0.0,0.0,IDLE,,
1786036370.101,2026-08-07 00:12:50,MANUAL,True,-7.9262264,112.5949248,234.09,0.0,0.0,IDLE,,
1786036370.214,2026-08-07 00:12:50,MANUAL,True,-7.9262266,112.594925,234.08,0.0,0.0,IDLE,,
1786036370.326,2026-08-07 00:12:50,MANUAL,True,-7.9262267,112.5949251,234.08,0.0,0.0,IDLE,,
1786036370.446,2026-08-07 00:12:50,MANUAL,True,-7.9262269,112.5949253,234.09,0.0,0.0,IDLE,,
1786036370.567,2026-08-07 00:12:50,MANUAL,True,-7.9262269,112.5949253,234.09,0.0,0.0,IDLE,,
1786036370.689,2026-08-07 00:12:50,MANUAL,True,-7.9262272,112.5949257,234.09,0.0,0.0,IDLE,,
1786036370.811,2026-08-07 00:12:50,MANUAL,True,-7.9262275,112.5949262,234.09,0.0,0.0,IDLE,,
1786036370.930,2026-08-07 00:12:50,MANUAL,True,-7.9262277,112.5949264,234.08,0.0,0.0,IDLE,,
1786036371.048,2026-08-07 00:12:51,MANUAL,True,-7.9262278,112.5949266,234.07,0.0,0.0,IDLE,,
1786036371.168,2026-08-07 00:12:51,MANUAL,True,-7.9262279,112.5949268,234.06,0.0,0.0,IDLE,,
1786036371.283,2026-08-07 00:12:51,MANUAL,True,-7.926228,112.594927,234.07,0.0,0.0,IDLE,,
1786036371.404,2026-08-07 00:12:51,MANUAL,True,-7.9262281,112.5949271,234.08,0.0,0.0,IDLE,,
1786036371.535,2026-08-07 00:12:51,MANUAL,True,-7.9262282,112.5949272,234.08,0.0,0.0,IDLE,,
1786036371.650,2026-08-07 00:12:51,MANUAL,True,-7.9262285,112.5949276,234.07,0.0,0.0,IDLE,,
1786036371.791,2026-08-07 00:12:51,MANUAL,True,-7.9262286,112.5949278,234.07,0.0,0.0,IDLE,,
1786036371.909,2026-08-07 00:12:51,MANUAL,True,-7.9262287,112.594928,234.06,0.0,0.0,IDLE,,
1786036372.029,2026-08-07 00:12:52,MANUAL,True,-7.9262289,112.5949284,234.06,0.0,0.0,IDLE,,
1786036372.144,2026-08-07 00:12:52,MANUAL,True,-7.926229,112.5949286,234.06,0.0,0.0,IDLE,,
1786036372.256,2026-08-07 00:12:52,MANUAL,True,-7.9262291,112.5949288,234.07,0.0,0.0,IDLE,,
1786036372.416,2026-08-07 00:12:52,MANUAL,True,-7.9262292,112.5949291,234.07,0.0,0.0,IDLE,,
1786036372.547,2026-08-07 00:12:52,MANUAL,True,-7.9262293,112.5949293,234.06,0.0,0.0,IDLE,,
1786036372.665,2026-08-07 00:12:52,MANUAL,True,-7.9262294,112.5949296,234.06,0.0,0.0,IDLE,,
1786036372.784,2026-08-07 00:12:52,MANUAL,True,-7.9262295,112.5949297,234.04,0.0,0.0,IDLE,,
1786036372.898,2026-08-07 00:12:52,MANUAL,True,-7.9262296,112.5949298,234.04,0.0,0.0,IDLE,,
1786036373.014,2026-08-07 00:12:53,MANUAL,True,-7.9262296,112.5949299,234.05,0.0,0.0,IDLE,,
1786036373.139,2026-08-07 00:12:53,MANUAL,False,-7.9262297,112.59493,234.03,0.0,0.0,IDLE,,
1786036373.265,2026-08-07 00:12:53,MANUAL,False,-7.9262298,112.5949301,234.04,0.0,0.0,IDLE,,
1786036373.403,2026-08-07 00:12:53,MANUAL,False,-7.9262299,112.5949302,234.02,0.0,0.0,IDLE,,
1786036373.524,2026-08-07 00:12:53,MANUAL,False,-7.92623,112.5949302,234.02,0.0,0.0,IDLE,,
1786036373.633,2026-08-07 00:12:53,MANUAL,False,-7.92623,112.5949302,234.02,0.0,0.0,IDLE,,
1786036373.745,2026-08-07 00:12:53,MANUAL,False,-7.9262301,112.5949304,234.0,0.0,0.0,IDLE,,
1786036373.859,2026-08-07 00:12:53,MANUAL,False,-7.9262302,112.5949306,234.0,0.0,0.0,IDLE,,
1786036373.984,2026-08-07 00:12:53,MANUAL,False,-7.9262303,112.5949308,233.99,0.0,0.0,IDLE,,
1786036374.096,2026-08-07 00:12:54,MANUAL,False,-7.9262304,112.5949308,234.0,0.0,0.0,IDLE,,
1786036374.214,2026-08-07 00:12:54,MANUAL,False,-7.9262304,112.594931,234.01,0.0,0.0,IDLE,,
1786036374.332,2026-08-07 00:12:54,MANUAL,False,-7.9262305,112.5949312,234.01,0.0,0.0,IDLE,,
1786036374.443,2026-08-07 00:12:54,MANUAL,False,-7.9262305,112.5949314,234.01,0.0,0.0,IDLE,,
1786036374.566,2026-08-07 00:12:54,MANUAL,False,-7.9262305,112.5949317,234.0,0.0,0.0,IDLE,,
1786036374.681,2026-08-07 00:12:54,MANUAL,False,-7.9262306,112.5949318,234.01,0.0,0.0,IDLE,,
1786036374.797,2026-08-07 00:12:54,MANUAL,False,-7.9262306,112.594932,234.01,0.0,0.0,IDLE,,
1786036374.916,2026-08-07 00:12:54,MANUAL,False,-7.9262306,112.594932,234.01,0.0,0.0,IDLE,,
1786036375.033,2026-08-07 00:12:55,MANUAL,False,-7.9262306,112.5949321,234.0,0.0,0.0,IDLE,,
1786036375.146,2026-08-07 00:12:55,MANUAL,False,-7.9262306,112.5949322,234.0,0.0,0.0,IDLE,,
1786036375.256,2026-08-07 00:12:55,MANUAL,False,-7.9262306,112.5949322,234.0,0.0,0.0,IDLE,,
1786036375.370,2026-08-07 00:12:55,MANUAL,False,-7.9262306,112.5949324,234.01,0.0,0.0,IDLE,,
1786036375.481,2026-08-07 00:12:55,MANUAL,False,-7.9262306,112.5949324,234.01,0.0,0.0,IDLE,,
1786036375.598,2026-08-07 00:12:55,MANUAL,False,-7.9262305,112.5949326,234.02,0.0,0.0,IDLE,,
1786036375.713,2026-08-07 00:12:55,MANUAL,False,-7.9262305,112.5949326,234.02,0.0,0.0,IDLE,,
1786036375.832,2026-08-07 00:12:55,MANUAL,False,-7.9262305,112.5949327,234.01,0.0,0.0,IDLE,,
1786036375.949,2026-08-07 00:12:55,MANUAL,False,-7.9262305,112.5949328,234.02,0.0,0.0,IDLE,,
1786036376.067,2026-08-07 00:12:56,MANUAL,False,-7.9262306,112.5949332,234.0,0.0,0.0,IDLE,,
1786036376.180,2026-08-07 00:12:56,MANUAL,False,-7.9262306,112.5949333,234.0,0.0,0.0,IDLE,,
1786036376.299,2026-08-07 00:12:56,MANUAL,False,-7.9262306,112.5949334,234.01,0.0,0.0,IDLE,,
1786036376.419,2026-08-07 00:12:56,MANUAL,False,-7.9262307,112.5949336,234.0,0.0,0.0,IDLE,,
1786036376.547,2026-08-07 00:12:56,MANUAL,False,-7.9262307,112.5949337,234.01,0.0,0.0,IDLE,,
1786036376.665,2026-08-07 00:12:56,MANUAL,False,-7.9262307,112.5949338,234.02,0.0,0.0,IDLE,,
1786036376.787,2026-08-07 00:12:56,MANUAL,False,-7.9262308,112.594934,233.99,0.0,0.0,IDLE,,
1786036376.896,2026-08-07 00:12:56,MANUAL,False,-7.9262309,112.5949343,233.99,0.0,0.0,IDLE,,
1786036377.010,2026-08-07 00:12:57,MANUAL,False,-7.926231,112.5949343,233.99,0.0,0.0,IDLE,,
1786036377.128,2026-08-07 00:12:57,MANUAL,False,-7.926231,112.5949344,233.99,0.0,0.0,IDLE,,
1786036377.245,2026-08-07 00:12:57,MANUAL,False,-7.926231,112.5949345,234.0,0.0,0.0,IDLE,,
1786036377.365,2026-08-07 00:12:57,MANUAL,False,-7.9262311,112.5949347,233.98,0.0,0.0,IDLE,,
1786036377.480,2026-08-07 00:12:57,MANUAL,False,-7.9262311,112.5949348,233.97,0.0,0.0,IDLE,,
1786036377.601,2026-08-07 00:12:57,MANUAL,False,-7.9262312,112.5949348,233.97,0.0,0.0,IDLE,,
1786036377.711,2026-08-07 00:12:57,MANUAL,False,-7.9262312,112.5949348,233.97,0.0,0.0,IDLE,,
1786036377.826,2026-08-07 00:12:57,MANUAL,False,-7.9262313,112.5949348,233.97,0.0,0.0,IDLE,,
1786036377.942,2026-08-07 00:12:57,MANUAL,False,-7.9262313,112.5949348,233.97,0.0,0.0,IDLE,,
1786036378.055,2026-08-07 00:12:58,MANUAL,False,-7.9262315,112.5949348,233.97,0.0,0.0,IDLE,,
1786036378.170,2026-08-07 00:12:58,MANUAL,False,-7.9262315,112.5949348,233.95,0.0,0.0,IDLE,,
1786036378.281,2026-08-07 00:12:58,MANUAL,False,-7.9262315,112.5949349,233.94,0.0,0.0,IDLE,,
1786036378.397,2026-08-07 00:12:58,MANUAL,False,-7.9262316,112.594935,233.94,0.0,0.0,IDLE,,
1786036378.516,2026-08-07 00:12:58,MANUAL,False,-7.9262316,112.5949351,233.94,0.0,0.0,IDLE,,
1786036378.629,2026-08-07 00:12:58,MANUAL,False,-7.9262316,112.5949351,233.94,0.0,0.0,IDLE,266,-54
1786036378.749,2026-08-07 00:12:58,MANUAL,False,-7.9262317,112.5949351,233.94,0.0,0.0,IDLE,269,-51
1786036378.877,2026-08-07 00:12:58,MANUAL,False,-7.9262318,112.5949353,233.94,0.0,0.0,IDLE,268,-52
1786036379.004,2026-08-07 00:12:59,MANUAL,False,-7.9262318,112.5949354,233.93,0.0,0.0,IDLE,267,-53
1786036379.121,2026-08-07 00:12:59,MANUAL,False,-7.9262318,112.5949355,233.94,0.0,0.0,IDLE,,
1786036379.238,2026-08-07 00:12:59,MANUAL,False,-7.9262318,112.5949356,233.93,0.0,0.0,IDLE,,
1786036379.358,2026-08-07 00:12:59,MANUAL,False,-7.9262318,112.5949357,233.94,0.0,0.0,IDLE,,
1786036379.477,2026-08-07 00:12:59,MANUAL,False,-7.9262319,112.594936,233.93,0.0,0.0,IDLE,,
1786036379.594,2026-08-07 00:12:59,MANUAL,False,-7.9262319,112.5949364,233.94,0.0,0.0,IDLE,,
1786036379.707,2026-08-07 00:12:59,MANUAL,False,-7.9262319,112.5949366,233.92,0.0,0.0,IDLE,,
1786036379.829,2026-08-07 00:12:59,MANUAL,False,-7.9262318,112.5949368,233.91,0.0,0.0,IDLE,486,166
1786036379.946,2026-08-07 00:12:59,MANUAL,False,-7.9262318,112.594937,233.9,0.0,0.0,IDLE,,
1786036380.066,2026-08-07 00:13:00,MANUAL,False,-7.9262318,112.5949373,233.91,0.0,0.0,IDLE,,
1786036380.184,2026-08-07 00:13:00,MANUAL,False,-7.9262318,112.5949376,233.91,0.0,0.0,IDLE,,
1786036380.300,2026-08-07 00:13:00,MANUAL,False,-7.9262318,112.5949378,233.93,0.0,0.0,IDLE,,
1786036380.416,2026-08-07 00:13:00,MANUAL,False,-7.9262318,112.594938,233.93,0.0,0.0,IDLE,,
1786036380.534,2026-08-07 00:13:00,MANUAL,False,-7.9262318,112.5949382,233.92,0.0,0.0,IDLE,,
1786036380.648,2026-08-07 00:13:00,MANUAL,False,-7.9262318,112.5949383,233.92,0.0,0.0,IDLE,,
1786036380.762,2026-08-07 00:13:00,MANUAL,False,-7.9262318,112.5949384,233.94,0.0,0.0,IDLE,,
1786036380.878,2026-08-07 00:13:00,MANUAL,False,-7.9262316,112.5949387,233.91,0.0,0.0,IDLE,,
1786036380.992,2026-08-07 00:13:00,MANUAL,False,-7.9262315,112.5949388,233.91,0.0,0.0,IDLE,,
1786036381.108,2026-08-07 00:13:01,MANUAL,False,-7.9262315,112.5949389,233.91,0.0,0.0,IDLE,,
1786036381.222,2026-08-07 00:13:01,MANUAL,False,-7.9262315,112.5949391,233.92,0.0,0.0,IDLE,,
1786036381.339,2026-08-07 00:13:01,MANUAL,False,-7.9262314,112.5949393,233.92,0.0,0.0,IDLE,,
1786036381.458,2026-08-07 00:13:01,MANUAL,False,-7.9262313,112.5949394,233.93,0.0,0.0,IDLE,109,-211
1786036381.575,2026-08-07 00:13:01,MANUAL,False,-7.9262313,112.5949397,233.93,0.0,0.0,IDLE,108,-212
1786036381.693,2026-08-07 00:13:01,MANUAL,False,-7.9262312,112.5949398,233.92,0.0,0.0,IDLE,109,-211
1786036381.810,2026-08-07 00:13:01,MANUAL,False,-7.9262312,112.59494,233.9,0.0,0.0,IDLE,108,-212
1786036381.934,2026-08-07 00:13:01,MANUAL,False,-7.9262312,112.5949401,233.9,0.0,0.0,IDLE,108,-212
1786036382.047,2026-08-07 00:13:02,MANUAL,False,-7.9262312,112.5949403,233.9,0.0,0.0,IDLE,108,-212
1786036382.159,2026-08-07 00:13:02,MANUAL,False,-7.9262312,112.5949404,233.91,0.0,0.0,IDLE,107,-213
1786036382.275,2026-08-07 00:13:02,MANUAL,False,-7.9262311,112.5949407,233.92,0.0,0.0,IDLE,107,-213
1786036382.392,2026-08-07 00:13:02,MANUAL,False,-7.926231,112.5949408,233.93,0.0,0.0,IDLE,104,-216
1786036382.507,2026-08-07 00:13:02,MANUAL,False,-7.9262309,112.5949409,233.91,0.0,0.0,IDLE,102,-218
1786036382.618,2026-08-07 00:13:02,MANUAL,False,-7.9262309,112.5949409,233.9,0.0,0.0,IDLE,103,-217
1786036382.733,2026-08-07 00:13:02,MANUAL,False,-7.9262308,112.5949409,233.9,0.0,0.0,IDLE,105,-215
1786036382.845,2026-08-07 00:13:02,MANUAL,False,-7.9262308,112.5949411,233.9,0.0,0.0,IDLE,395,75
1786036382.963,2026-08-07 00:13:02,MANUAL,False,-7.9262306,112.5949413,233.91,0.0,0.0,IDLE,103,-217
1786036383.079,2026-08-07 00:13:03,MANUAL,False,-7.9262305,112.5949413,233.9,0.0,0.0,IDLE,101,-219
1786036383.198,2026-08-07 00:13:03,MANUAL,False,-7.9262305,112.5949414,233.91,0.0,0.0,IDLE,,
1786036383.316,2026-08-07 00:13:03,MANUAL,False,-7.9262305,112.5949415,233.9,0.0,0.0,IDLE,109,-211
1786036383.431,2026-08-07 00:13:03,MANUAL,False,-7.9262304,112.5949416,233.9,0.0,0.0,IDLE,110,-210
1786036383.568,2026-08-07 00:13:03,MANUAL,False,-7.9262304,112.5949418,233.9,0.0,0.0,IDLE,110,-210
1786036383.680,2026-08-07 00:13:03,MANUAL,False,-7.9262303,112.5949419,233.9,0.0,0.0,IDLE,,
1786036383.795,2026-08-07 00:13:03,MANUAL,False,-7.9262303,112.5949419,233.91,0.0,0.0,IDLE,,
1786036383.913,2026-08-07 00:13:03,MANUAL,False,-7.9262303,112.5949421,233.91,0.0,0.0,IDLE,,
1786036384.041,2026-08-07 00:13:04,MANUAL,False,-7.9262302,112.5949422,233.9,0.0,0.0,IDLE,,
1786036384.156,2026-08-07 00:13:04,MANUAL,False,-7.9262302,112.5949423,233.91,0.0,0.0,IDLE,118,-202
1786036384.282,2026-08-07 00:13:04,MANUAL,False,-7.92623,112.5949427,233.9,0.0,0.0,IDLE,,
1786036384.398,2026-08-07 00:13:04,MANUAL,False,-7.9262299,112.5949429,233.91,0.0,0.0,IDLE,,
1786036384.514,2026-08-07 00:13:04,MANUAL,False,-7.9262298,112.5949431,233.91,0.0,0.0,IDLE,,
1786036384.627,2026-08-07 00:13:04,MANUAL,False,-7.9262298,112.5949432,233.92,0.0,0.0,IDLE,,
1786036384.741,2026-08-07 00:13:04,MANUAL,False,-7.9262297,112.5949434,233.92,0.0,0.0,IDLE,113,-207
1786036384.854,2026-08-07 00:13:04,MANUAL,False,-7.9262297,112.5949436,233.92,0.0,0.0,IDLE,111,-209
1786036384.968,2026-08-07 00:13:04,MANUAL,False,-7.9262295,112.5949439,233.9,0.0,0.0,IDLE,111,-209
1786036385.082,2026-08-07 00:13:05,MANUAL,False,-7.9262294,112.594944,233.91,0.0,0.0,IDLE,,
1786036385.197,2026-08-07 00:13:05,MANUAL,False,-7.9262293,112.5949441,233.91,0.0,0.0,IDLE,118,-202
1786036385.313,2026-08-07 00:13:05,MANUAL,False,-7.9262292,112.5949442,233.92,0.0,0.0,IDLE,,
1786036385.427,2026-08-07 00:13:05,MANUAL,False,-7.9262291,112.5949443,233.93,0.0,0.0,IDLE,,
1786036385.546,2026-08-07 00:13:05,MANUAL,False,-7.9262291,112.5949443,233.94,0.0,0.0,IDLE,,
1786036385.656,2026-08-07 00:13:05,MANUAL,False,-7.9262291,112.5949443,233.94,0.0,0.0,IDLE,112,-208
1786036385.772,2026-08-07 00:13:05,MANUAL,False,-7.9262289,112.5949444,233.91,0.0,0.0,IDLE,113,-207
1786036385.891,2026-08-07 00:13:05,MANUAL,False,-7.9262288,112.5949447,233.92,0.0,0.0,IDLE,111,-209
1786036386.013,2026-08-07 00:13:06,MANUAL,False,-7.9262288,112.5949448,233.91,0.0,0.0,IDLE,117,-203
1786036386.149,2026-08-07 00:13:06,MANUAL,False,-7.9262288,112.5949449,233.9,0.0,0.0,IDLE,119,-201
1786036386.287,2026-08-07 00:13:06,MANUAL,False,-7.9262288,112.5949451,233.88,0.0,0.0,IDLE,123,-197
1786036386.446,2026-08-07 00:13:06,MANUAL,False,-7.9262288,112.5949453,233.88,0.0,0.0,IDLE,121,-199
1786036386.631,2026-08-07 00:13:06,MANUAL,False,-7.9262288,112.5949457,233.89,0.0,0.0,IDLE,119,-201
1786036386.775,2026-08-07 00:13:06,MANUAL,False,-7.9262288,112.5949458,233.9,0.0,0.0,IDLE,121,-199
1786036386.888,2026-08-07 00:13:06,MANUAL,False,-7.9262287,112.5949461,233.9,0.0,0.0,IDLE,,
1786036387.016,2026-08-07 00:13:07,MANUAL,False,-7.9262286,112.5949463,233.92,0.0,0.0,IDLE,,
1786036387.132,2026-08-07 00:13:07,MANUAL,False,-7.9262286,112.5949464,233.92,0.0,0.0,IDLE,,
1786036387.253,2026-08-07 00:13:07,MANUAL,False,-7.9262285,112.5949464,233.9,0.0,0.0,IDLE,,
1786036387.367,2026-08-07 00:13:07,MANUAL,False,-7.9262284,112.5949465,233.9,0.0,0.0,IDLE,,
1786036387.479,2026-08-07 00:13:07,MANUAL,False,-7.9262284,112.5949464,233.91,0.0,0.0,IDLE,,
1786036387.597,2026-08-07 00:13:07,MANUAL,False,-7.9262282,112.5949464,233.91,0.0,0.0,IDLE,,
1786036387.714,2026-08-07 00:13:07,MANUAL,False,-7.9262282,112.5949464,233.91,0.0,0.0,IDLE,,
1786036387.827,2026-08-07 00:13:07,MANUAL,False,-7.9262282,112.5949463,233.9,0.0,0.0,IDLE,,
1786036387.944,2026-08-07 00:13:07,MANUAL,False,-7.9262282,112.5949463,233.9,0.0,0.0,IDLE,,
1786036388.058,2026-08-07 00:13:08,MANUAL,False,-7.9262281,112.5949463,233.9,0.0,0.0,IDLE,,
1786036388.173,2026-08-07 00:13:08,MANUAL,False,-7.9262281,112.5949462,233.9,0.0,0.0,IDLE,,
1786036388.299,2026-08-07 00:13:08,MANUAL,False,-7.9262279,112.5949462,233.9,0.0,0.0,IDLE,,
1786036388.416,2026-08-07 00:13:08,MANUAL,False,-7.9262279,112.5949462,233.9,0.0,0.0,IDLE,,
1786036388.676,2026-08-07 00:13:08,MANUAL,False,-7.9262277,112.5949461,233.89,0.0,0.0,IDLE,,
1786036388.793,2026-08-07 00:13:08,MANUAL,False,-7.9262276,112.594946,233.89,0.0,0.0,IDLE,,
1786036388.917,2026-08-07 00:13:08,MANUAL,False,-7.9262274,112.5949459,233.89,0.0,0.0,IDLE,,
1786036389.045,2026-08-07 00:13:09,MANUAL,False,-7.9262274,112.5949458,233.87,0.0,0.0,IDLE,,
1786036389.159,2026-08-07 00:13:09,MANUAL,False,-7.9262273,112.5949458,233.87,0.0,0.0,IDLE,,
1786036389.275,2026-08-07 00:13:09,MANUAL,False,-7.9262272,112.5949457,233.88,0.0,0.0,IDLE,,
1786036389.393,2026-08-07 00:13:09,MANUAL,False,-7.9262271,112.5949456,233.86,0.0,0.0,IDLE,,
1786036389.506,2026-08-07 00:13:09,MANUAL,False,-7.9262271,112.5949456,233.86,0.0,0.0,IDLE,,
1786036389.616,2026-08-07 00:13:09,MANUAL,False,-7.926227,112.5949456,233.85,0.0,0.0,IDLE,,
1786036389.729,2026-08-07 00:13:09,MANUAL,False,-7.926227,112.5949455,233.83,0.0,0.0,IDLE,,
1786036389.846,2026-08-07 00:13:09,MANUAL,False,-7.9262269,112.5949455,233.84,0.0,0.0,IDLE,,
1786036389.961,2026-08-07 00:13:09,MANUAL,False,-7.9262269,112.5949455,233.83,0.0,0.0,IDLE,,
1786036390.081,2026-08-07 00:13:10,MANUAL,False,-7.9262269,112.5949455,233.85,0.0,0.0,IDLE,,
1786036390.197,2026-08-07 00:13:10,MANUAL,False,-7.9262269,112.5949455,233.86,0.0,0.0,IDLE,,
1786036390.320,2026-08-07 00:13:10,MANUAL,False,-7.9262269,112.5949455,233.86,0.0,0.0,IDLE,,
1786036390.434,2026-08-07 00:13:10,MANUAL,False,-7.9262269,112.5949454,233.86,0.0,0.0,IDLE,,
1786036390.550,2026-08-07 00:13:10,MANUAL,False,-7.9262269,112.5949454,233.87,0.0,0.0,IDLE,,
1786036390.664,2026-08-07 00:13:10,MANUAL,False,-7.9262269,112.5949454,233.87,0.0,0.0,IDLE,,
1786036390.779,2026-08-07 00:13:10,MANUAL,False,-7.9262269,112.5949453,233.88,0.0,0.0,IDLE,,
1786036390.893,2026-08-07 00:13:10,MANUAL,False,-7.926227,112.5949453,233.86,0.0,0.0,IDLE,,
1786036391.008,2026-08-07 00:13:11,MANUAL,False,-7.9262271,112.5949454,233.85,0.0,0.0,IDLE,,
1786036391.122,2026-08-07 00:13:11,MANUAL,False,-7.9262272,112.5949454,233.85,0.0,0.0,IDLE,,
1786036391.239,2026-08-07 00:13:11,MANUAL,False,-7.9262272,112.5949454,233.83,0.0,0.0,IDLE,,
1786036391.355,2026-08-07 00:13:11,MANUAL,False,-7.9262272,112.5949454,233.82,0.0,0.0,IDLE,,
1786036391.473,2026-08-07 00:13:11,MANUAL,False,-7.9262273,112.5949455,233.82,0.0,0.0,IDLE,,
1786036391.588,2026-08-07 00:13:11,MANUAL,False,-7.9262275,112.5949456,233.81,0.0,0.0,IDLE,,
1786036391.699,2026-08-07 00:13:11,MANUAL,False,-7.9262276,112.5949456,233.8,0.0,0.0,IDLE,,
1786036391.813,2026-08-07 00:13:11,MANUAL,False,-7.9262277,112.5949456,233.79,0.0,0.0,IDLE,,
1786036391.928,2026-08-07 00:13:11,MANUAL,False,-7.9262278,112.5949457,233.77,0.0,0.0,IDLE,,
1786036392.054,2026-08-07 00:13:12,MANUAL,False,-7.9262278,112.5949458,233.78,0.0,0.0,IDLE,,
1786036392.167,2026-08-07 00:13:12,MANUAL,False,-7.9262279,112.5949458,233.77,0.0,0.0,IDLE,,
1786036392.290,2026-08-07 00:13:12,MANUAL,False,-7.926228,112.5949458,233.77,0.0,0.0,IDLE,,
1786036392.408,2026-08-07 00:13:12,MANUAL,False,-7.9262281,112.5949457,233.75,0.0,0.0,IDLE,,
1786036392.522,2026-08-07 00:13:12,MANUAL,False,-7.9262281,112.5949457,233.75,0.0,0.0,IDLE,,
1786036392.634,2026-08-07 00:13:12,MANUAL,False,-7.9262282,112.5949456,233.75,0.0,0.0,IDLE,,
1786036392.750,2026-08-07 00:13:12,MANUAL,False,-7.9262283,112.5949456,233.74,0.0,0.0,IDLE,,
1786036392.867,2026-08-07 00:13:12,MANUAL,False,-7.9262283,112.5949456,233.73,0.0,0.0,IDLE,,
1786036392.987,2026-08-07 00:13:12,MANUAL,False,-7.9262283,112.5949456,233.71,0.0,0.0,IDLE,,
1786036393.101,2026-08-07 00:13:13,MANUAL,False,-7.9262284,112.5949456,233.71,0.0,0.0,IDLE,,
1786036393.214,2026-08-07 00:13:13,MANUAL,False,-7.9262284,112.5949456,233.71,0.0,0.0,IDLE,,
1786036393.330,2026-08-07 00:13:13,MANUAL,False,-7.9262284,112.5949456,233.7,0.0,0.0,IDLE,,
1786036393.444,2026-08-07 00:13:13,MANUAL,False,-7.9262284,112.5949457,233.7,0.0,0.0,IDLE,,
1786036393.562,2026-08-07 00:13:13,MANUAL,False,-7.9262284,112.5949457,233.7,0.0,0.0,IDLE,,
1786036393.679,2026-08-07 00:13:13,MANUAL,False,-7.9262283,112.5949457,233.71,0.0,0.0,IDLE,,
1786036393.799,2026-08-07 00:13:13,MANUAL,False,-7.9262283,112.5949456,233.72,0.0,0.0,IDLE,,
1786036393.916,2026-08-07 00:13:13,MANUAL,False,-7.9262283,112.5949456,233.73,0.0,0.0,IDLE,,
1786036394.045,2026-08-07 00:13:14,MANUAL,False,-7.9262282,112.5949456,233.72,0.0,0.0,IDLE,,
1786036394.166,2026-08-07 00:13:14,MANUAL,False,-7.9262282,112.5949456,233.72,0.0,0.0,IDLE,,
1786036394.285,2026-08-07 00:13:14,MANUAL,False,-7.9262282,112.5949457,233.73,0.0,0.0,IDLE,,
1786036394.408,2026-08-07 00:13:14,MANUAL,False,-7.9262282,112.5949457,233.73,0.0,0.0,IDLE,,
1786036394.524,2026-08-07 00:13:14,MANUAL,False,-7.9262282,112.5949457,233.71,0.0,0.0,IDLE,110,-210
1786036394.637,2026-08-07 00:13:14,MANUAL,False,-7.9262282,112.5949457,233.71,0.0,0.0,IDLE,109,-211
1786036394.751,2026-08-07 00:13:14,MANUAL,False,-7.9262281,112.5949457,233.7,0.0,0.0,IDLE,108,-212
1786036394.866,2026-08-07 00:13:14,MANUAL,False,-7.9262281,112.5949457,233.71,0.0,0.0,IDLE,108,-212
1786036394.989,2026-08-07 00:13:14,MANUAL,False,-7.926228,112.5949457,233.7,0.0,0.0,IDLE,110,-210
1786036395.306,2026-08-07 00:13:15,MANUAL,False,-7.9262279,112.5949457,233.67,0.0,0.0,IDLE,117,-203
1786036395.516,2026-08-07 00:13:15,MANUAL,False,-7.9262278,112.5949458,233.67,0.0,0.0,IDLE,,
1786036396.102,2026-08-07 00:13:16,MANUAL,False,-7.9262275,112.5949457,233.66,0.0,0.0,IDLE,,
1786036396.332,2026-08-07 00:13:16,MANUAL,False,-7.9262275,112.5949457,233.67,0.0,0.0,IDLE,,
1786036396.495,2026-08-07 00:13:16,MANUAL,False,-7.9262275,112.5949456,233.67,0.0,0.0,IDLE,,
1786036396.661,2026-08-07 00:13:16,MANUAL,False,-7.9262275,112.5949455,233.65,0.0,0.0,IDLE,,
1786036396.767,2026-08-07 00:13:16,MANUAL,False,-7.9262274,112.5949454,233.64,0.0,0.0,IDLE,,
1786036396.871,2026-08-07 00:13:16,MANUAL,False,-7.9262274,112.5949453,233.64,0.0,0.0,IDLE,,
1786036396.979,2026-08-07 00:13:16,MANUAL,False,-7.9262274,112.594945,233.65,0.0,0.0,IDLE,,
1786036397.116,2026-08-07 00:13:17,MANUAL,False,-7.9262274,112.5949447,233.65,0.0,0.0,IDLE,,
1786036397.241,2026-08-07 00:13:17,MANUAL,False,-7.9262273,112.5949446,233.65,0.0,0.0,IDLE,,
1786036397.359,2026-08-07 00:13:17,MANUAL,False,-7.9262273,112.5949445,233.65,0.0,0.0,IDLE,,
1786036397.466,2026-08-07 00:13:17,MANUAL,False,-7.9262273,112.5949444,233.64,0.0,0.0,IDLE,,
1786036397.573,2026-08-07 00:13:17,MANUAL,False,-7.9262273,112.5949444,233.64,0.0,0.0,IDLE,,
1786036397.686,2026-08-07 00:13:17,MANUAL,False,-7.9262274,112.5949442,233.64,0.0,0.0,IDLE,,
1786036397.804,2026-08-07 00:13:17,MANUAL,False,-7.9262274,112.5949442,233.65,0.0,0.0,IDLE,,
1786036397.917,2026-08-07 00:13:17,MANUAL,False,-7.9262274,112.594944,233.66,0.0,0.0,IDLE,,
1786036398.026,2026-08-07 00:13:18,MANUAL,False,-7.9262274,112.5949438,233.66,0.0,0.0,IDLE,,
1786036398.139,2026-08-07 00:13:18,MANUAL,False,-7.9262274,112.5949437,233.65,0.0,0.0,IDLE,118,-202
1786036398.259,2026-08-07 00:13:18,MANUAL,False,-7.9262274,112.5949436,233.65,0.0,0.0,IDLE,,
1786036398.372,2026-08-07 00:13:18,MANUAL,False,-7.9262274,112.5949435,233.65,0.0,0.0,IDLE,,
1786036398.484,2026-08-07 00:13:18,MANUAL,False,-7.9262274,112.5949435,233.65,0.0,0.0,IDLE,,
1786036398.599,2026-08-07 00:13:18,MANUAL,False,-7.9262275,112.5949435,233.65,0.0,0.0,IDLE,,
1786036398.714,2026-08-07 00:13:18,MANUAL,False,-7.9262275,112.5949436,233.65,0.0,0.0,IDLE,,
1786036398.835,2026-08-07 00:13:18,MANUAL,False,-7.9262275,112.5949437,233.66,0.0,0.0,IDLE,,
1786036398.954,2026-08-07 00:13:18,MANUAL,False,-7.9262274,112.5949438,233.65,0.0,0.0,IDLE,,
1786036399.059,2026-08-07 00:13:19,MANUAL,False,-7.9262274,112.5949439,233.65,0.0,0.0,IDLE,,
1786036399.170,2026-08-07 00:13:19,MANUAL,False,-7.9262274,112.594944,233.64,0.0,0.0,IDLE,121,-199
1786036399.278,2026-08-07 00:13:19,MANUAL,False,-7.9262274,112.594944,233.62,0.0,0.0,IDLE,119,-201
1786036399.386,2026-08-07 00:13:19,MANUAL,False,-7.9262274,112.5949442,233.62,0.0,0.0,IDLE,,
1786036399.493,2026-08-07 00:13:19,MANUAL,False,-7.9262274,112.5949443,233.61,0.0,0.0,IDLE,,
1786036399.608,2026-08-07 00:13:19,MANUAL,False,-7.9262274,112.5949444,233.62,0.0,0.0,IDLE,,
1786036399.725,2026-08-07 00:13:19,MANUAL,False,-7.9262274,112.5949444,233.64,0.0,0.0,IDLE,,
1786036399.836,2026-08-07 00:13:19,MANUAL,False,-7.9262274,112.5949445,233.64,0.0,0.0,IDLE,,
1786036399.948,2026-08-07 00:13:19,MANUAL,False,-7.9262274,112.5949446,233.63,0.0,0.0,IDLE,,
1786036400.060,2026-08-07 00:13:20,MANUAL,False,-7.9262274,112.5949447,233.62,0.0,0.0,IDLE,,
1786036400.169,2026-08-07 00:13:20,MANUAL,False,-7.9262274,112.5949448,233.61,0.0,0.0,IDLE,,
1786036400.280,2026-08-07 00:13:20,MANUAL,False,-7.9262274,112.594945,233.61,0.0,0.0,IDLE,,
1786036400.391,2026-08-07 00:13:20,MANUAL,False,-7.9262273,112.5949454,233.61,0.0,0.0,IDLE,,
1786036400.502,2026-08-07 00:13:20,MANUAL,False,-7.9262272,112.5949457,233.62,0.0,0.0,IDLE,,
1786036400.616,2026-08-07 00:13:20,MANUAL,False,-7.9262271,112.5949458,233.62,0.0,0.0,IDLE,,
1786036400.727,2026-08-07 00:13:20,MANUAL,False,-7.9262271,112.594946,233.6,0.0,0.0,IDLE,,
1786036400.842,2026-08-07 00:13:20,MANUAL,False,-7.926227,112.5949462,233.6,0.0,0.0,IDLE,,
1786036400.952,2026-08-07 00:13:20,MANUAL,False,-7.926227,112.5949463,233.6,0.0,0.0,IDLE,,
1786036401.065,2026-08-07 00:13:21,MANUAL,False,-7.926227,112.5949464,233.6,0.0,0.0,IDLE,,
1786036401.177,2026-08-07 00:13:21,MANUAL,False,-7.926227,112.5949465,233.59,0.0,0.0,IDLE,,
1786036401.286,2026-08-07 00:13:21,MANUAL,False,-7.9262269,112.5949469,233.59,0.0,0.0,IDLE,,
1786036401.400,2026-08-07 00:13:21,MANUAL,False,-7.9262268,112.594947,233.58,0.0,0.0,IDLE,,
1786036401.649,2026-08-07 00:13:21,MANUAL,False,-7.9262268,112.5949472,233.58,0.0,0.0,IDLE,,
1786036401.804,2026-08-07 00:13:21,MANUAL,False,-7.9262268,112.5949473,233.56,0.0,0.0,IDLE,,
1786036401.912,2026-08-07 00:13:21,MANUAL,False,-7.9262268,112.5949473,233.55,0.0,0.0,IDLE,,
1786036402.022,2026-08-07 00:13:22,MANUAL,False,-7.9262268,112.5949472,233.55,0.0,0.0,IDLE,,
1786036402.135,2026-08-07 00:13:22,MANUAL,False,-7.9262268,112.5949471,233.56,0.0,0.0,IDLE,,
1786036402.249,2026-08-07 00:13:22,MANUAL,False,-7.9262268,112.5949471,233.56,0.0,0.0,IDLE,,
1786036402.358,2026-08-07 00:13:22,MANUAL,False,-7.9262268,112.594947,233.55,0.0,0.0,IDLE,,
1786036402.469,2026-08-07 00:13:22,MANUAL,False,-7.9262267,112.5949469,233.57,0.0,0.0,IDLE,,
1786036402.584,2026-08-07 00:13:22,MANUAL,False,-7.9262267,112.5949465,233.57,0.0,0.0,IDLE,,
1786036402.695,2026-08-07 00:13:22,MANUAL,False,-7.9262268,112.5949463,233.56,0.0,0.0,IDLE,,
1786036402.805,2026-08-07 00:13:22,MANUAL,False,-7.9262268,112.594946,233.55,0.0,0.0,IDLE,,
1786036402.920,2026-08-07 00:13:22,MANUAL,False,-7.9262268,112.5949457,233.56,0.0,0.0,IDLE,,
1786036403.046,2026-08-07 00:13:23,MANUAL,False,-7.9262268,112.5949454,233.56,0.0,0.0,IDLE,,
1786036403.165,2026-08-07 00:13:23,MANUAL,False,-7.9262269,112.5949452,233.57,0.0,0.0,IDLE,,
1786036403.275,2026-08-07 00:13:23,MANUAL,False,-7.9262269,112.594945,233.57,0.0,0.0,IDLE,,
1786036403.391,2026-08-07 00:13:23,MANUAL,False,-7.9262269,112.5949448,233.57,0.0,0.0,IDLE,,
1786036403.513,2026-08-07 00:13:23,MANUAL,False,-7.9262268,112.5949447,233.58,0.0,0.0,IDLE,,
1786036403.623,2026-08-07 00:13:23,MANUAL,False,-7.9262268,112.5949446,233.58,0.0,0.0,IDLE,,
1786036403.732,2026-08-07 00:13:23,MANUAL,False,-7.9262268,112.5949446,233.57,0.0,0.0,IDLE,,
1786036403.932,2026-08-07 00:13:23,MANUAL,False,-7.9262267,112.5949446,233.56,0.0,0.0,IDLE,,
1786036404.098,2026-08-07 00:13:24,MANUAL,False,-7.9262266,112.5949448,233.56,0.0,0.0,IDLE,,
1786036404.237,2026-08-07 00:13:24,MANUAL,False,-7.9262266,112.5949447,233.54,0.0,0.0,IDLE,,
1786036404.650,2026-08-07 00:13:24,MANUAL,False,-7.9262265,112.5949449,233.53,0.0,0.0,IDLE,,
1786036404.774,2026-08-07 00:13:24,MANUAL,False,-7.9262265,112.5949449,233.52,0.0,0.0,IDLE,,
1786036404.886,2026-08-07 00:13:24,MANUAL,False,-7.9262264,112.5949447,233.5,0.0,0.0,IDLE,,
1786036405.007,2026-08-07 00:13:25,MANUAL,False,-7.9262262,112.5949447,232.72,0.0,0.0,IDLE,,
1786036405.151,2026-08-07 00:13:25,MANUAL,False,-7.9262262,112.5949447,232.73,0.0,0.0,IDLE,,
1786036405.296,2026-08-07 00:13:25,MANUAL,False,-7.9262262,112.5949448,232.72,0.0,0.0,IDLE,,
1786036405.408,2026-08-07 00:13:25,MANUAL,False,-7.9262262,112.5949449,232.86,0.0,0.0,IDLE,,
1786036405.532,2026-08-07 00:13:25,MANUAL,False,-7.9262261,112.5949449,232.97,0.0,0.0,IDLE,,
1786036405.672,2026-08-07 00:13:25,MANUAL,False,-7.9262261,112.5949451,233.27,0.0,0.0,IDLE,,
1786036405.802,2026-08-07 00:13:25,MANUAL,False,-7.9262261,112.5949453,233.95,0.0,0.0,IDLE,,
1786036405.934,2026-08-07 00:13:25,MANUAL,False,-7.9262261,112.5949455,232.8,0.0,0.0,IDLE,,
1786036406.049,2026-08-07 00:13:26,MANUAL,False,-7.926226,112.5949457,232.7,0.0,0.0,IDLE,,
1786036406.154,2026-08-07 00:13:26,MANUAL,False,-7.926226,112.5949459,232.68,0.0,0.0,IDLE,,
1786036406.283,2026-08-07 00:13:26,MANUAL,False,-7.926226,112.5949459,232.7,0.0,0.0,IDLE,,
1786036406.423,2026-08-07 00:13:26,MANUAL,False,-7.926226,112.5949462,232.81,0.0,0.0,IDLE,,
1786036406.563,2026-08-07 00:13:26,MANUAL,False,-7.9262259,112.5949463,232.79,0.0,0.0,IDLE,,
1786036406.728,2026-08-07 00:13:26,MANUAL,False,-7.9262259,112.5949466,233.0,0.0,0.0,IDLE,,
1786036406.879,2026-08-07 00:13:26,MANUAL,False,-7.9262259,112.5949468,233.02,0.0,0.0,IDLE,,
1786036406.987,2026-08-07 00:13:26,MANUAL,False,-7.9262259,112.5949474,233.04,0.0,0.0,IDLE,,
1786036407.113,2026-08-07 00:13:27,MANUAL,False,-7.9262259,112.5949474,233.07,0.0,0.0,IDLE,,
1786036407.257,2026-08-07 00:13:27,MANUAL,False,-7.9262259,112.5949477,233.08,0.0,0.0,IDLE,,
1786036407.410,2026-08-07 00:13:27,MANUAL,False,-7.9262258,112.5949482,233.09,0.0,0.0,IDLE,,
1786036407.519,2026-08-07 00:13:27,MANUAL,False,-7.9262258,112.5949482,233.09,0.0,0.0,IDLE,,
1786036407.633,2026-08-07 00:13:27,MANUAL,False,-7.9262258,112.5949488,233.09,0.0,0.0,IDLE,,
1786036407.744,2026-08-07 00:13:27,MANUAL,False,-7.9262258,112.5949491,233.11,0.0,0.0,IDLE,,
1786036407.860,2026-08-07 00:13:27,MANUAL,False,-7.9262258,112.5949495,233.13,0.0,0.0,IDLE,,
