timestamp,iso_time,mode,armed,lat,lng,heading,sog_knots,battery_v,state,gate_x,error_px
1786035745.193,2026-08-07 00:02:25,MANUAL,False,-7.926231,112.5948887,233.11,0.0,0.0,IDLE,,
1786035745.367,2026-08-07 00:02:25,MANUAL,False,-7.926231,112.5948887,233.12,0.0,0.0,IDLE,,
1786035745.544,2026-08-07 00:02:25,MANUAL,False,-7.9262308,112.5948886,233.13,0.0,0.0,IDLE,,
1786035745.691,2026-08-07 00:02:25,MANUAL,False,-7.9262308,112.5948885,233.13,0.0,0.0,IDLE,,
1786035745.895,2026-08-07 00:02:25,MANUAL,False,-7.9262307,112.5948885,233.13,0.0,0.0,IDLE,,
1786035746.074,2026-08-07 00:02:26,MANUAL,False,-7.9262307,112.5948885,233.12,0.0,0.0,IDLE,105,-215
1786035746.217,2026-08-07 00:02:26,MANUAL,False,-7.9262306,112.5948884,233.13,0.0,0.0,IDLE,,
1786035746.374,2026-08-07 00:02:26,MANUAL,False,-7.9262306,112.5948882,233.13,0.0,0.0,IDLE,,
1786035746.499,2026-08-07 00:02:26,MANUAL,False,-7.9262306,112.5948882,233.14,0.0,0.0,IDLE,104,-216
1786035746.632,2026-08-07 00:02:26,MANUAL,False,-7.9262305,112.594888,233.16,0.0,0.0,IDLE,103,-217
1786035746.767,2026-08-07 00:02:26,MANUAL,False,-7.9262305,112.594888,233.16,0.0,0.0,IDLE,103,-217
1786035746.892,2026-08-07 00:02:26,MANUAL,False,-7.9262305,112.5948879,233.17,0.0,0.0,IDLE,101,-219
1786035747.023,2026-08-07 00:02:27,MANUAL,False,-7.9262305,112.594888,233.17,0.0,0.0,IDLE,103,-217
1786035747.142,2026-08-07 00:02:27,MANUAL,False,-7.9262305,112.594888,233.18,0.0,0.0,IDLE,104,-216
1786035747.291,2026-08-07 00:02:27,MANUAL,False,-7.9262304,112.5948881,233.17,0.0,0.0,IDLE,103,-217
1786035747.500,2026-08-07 00:02:27,MANUAL,False,-7.9262304,112.594888,233.17,0.0,0.0,IDLE,102,-218
1786035747.653,2026-08-07 00:02:27,MANUAL,False,-7.9262303,112.5948879,233.17,0.0,0.0,IDLE,78,-242
1786035747.794,2026-08-07 00:02:27,MANUAL,False,-7.9262302,112.5948878,233.15,0.0,0.0,IDLE,39,-281
1786035748.008,2026-08-07 00:02:28,MANUAL,True,-7.9262301,112.5948876,233.15,0.0,0.0,IDLE,44,-276
1786035748.199,2026-08-07 00:02:28,MANUAL,True,-7.92623,112.5948874,233.16,0.0,0.0,IDLE,34,-286
1786035748.338,2026-08-07 00:02:28,MANUAL,True,-7.92623,112.5948873,233.16,0.0,0.0,IDLE,34,-286
1786035748.492,2026-08-07 00:02:28,MANUAL,True,-7.92623,112.5948873,233.17,0.0,0.0,IDLE,52,-268
1786035748.643,2026-08-07 00:02:28,MANUAL,True,-7.92623,112.5948873,233.18,0.0,0.0,IDLE,63,-257
1786035748.759,2026-08-07 00:02:28,MANUAL,True,-7.92623,112.5948872,233.19,0.0,0.0,IDLE,88,-232
1786035748.876,2026-08-07 00:02:28,MANUAL,True,-7.92623,112.5948873,233.19,0.0,0.0,IDLE,95,-225
1786035748.996,2026-08-07 00:02:28,MANUAL,True,-7.92623,112.5948872,233.19,0.0,0.0,IDLE,,
1786035749.121,2026-08-07 00:02:29,MANUAL,True,-7.92623,112.5948871,233.19,0.0,0.0,IDLE,,
1786035749.244,2026-08-07 00:02:29,MANUAL,True,-7.92623,112.5948871,233.19,0.0,0.0,IDLE,,
1786035749.361,2026-08-07 00:02:29,MANUAL,True,-7.92623,112.594887,233.21,0.0,0.0,IDLE,,
1786035749.481,2026-08-07 00:02:29,MANUAL,True,-7.92623,112.594887,233.21,0.0,0.0,IDLE,,
1786035749.646,2026-08-07 00:02:29,MANUAL,True,-7.92623,112.594887,233.2,0.0,0.0,IDLE,,
1786035749.770,2026-08-07 00:02:29,MANUAL,True,-7.92623,112.5948869,233.19,0.0,0.0,IDLE,94,-226
1786035749.889,2026-08-07 00:02:29,MANUAL,True,-7.92623,112.5948867,233.21,0.0,0.0,IDLE,,
1786035750.017,2026-08-07 00:02:30,MANUAL,True,-7.92623,112.5948866,233.19,0.0,0.0,IDLE,,
1786035750.141,2026-08-07 00:02:30,MANUAL,True,-7.92623,112.5948865,233.23,0.0,0.0,IDLE,,
1786035750.263,2026-08-07 00:02:30,MANUAL,True,-7.92623,112.5948864,233.21,0.0,0.0,IDLE,,
1786035750.387,2026-08-07 00:02:30,MANUAL,True,-7.92623,112.5948864,233.21,0.0,0.0,IDLE,,
1786035750.512,2026-08-07 00:02:30,MANUAL,True,-7.92623,112.5948863,233.21,0.0,0.0,IDLE,,
1786035750.637,2026-08-07 00:02:30,MANUAL,True,-7.92623,112.5948862,233.22,0.0,0.0,IDLE,,
1786035750.756,2026-08-07 00:02:30,MANUAL,True,-7.92623,112.5948861,233.22,0.0,0.0,IDLE,,
1786035750.886,2026-08-07 00:02:30,MANUAL,True,-7.92623,112.5948861,233.21,0.0,0.0,IDLE,,
1786035751.011,2026-08-07 00:02:31,MANUAL,True,-7.92623,112.594886,233.23,0.0,0.0,IDLE,,
1786035751.134,2026-08-07 00:02:31,MANUAL,True,-7.9262301,112.5948859,233.23,0.0,0.0,IDLE,,
1786035751.256,2026-08-07 00:02:31,MANUAL,True,-7.9262301,112.5948859,233.23,0.0,0.0,IDLE,,
1786035751.379,2026-08-07 00:02:31,MANUAL,True,-7.9262301,112.5948859,233.22,0.0,0.0,IDLE,366,46
1786035751.499,2026-08-07 00:02:31,MANUAL,True,-7.9262301,112.5948858,233.22,0.0,0.0,IDLE,371,51
1786035751.622,2026-08-07 00:02:31,MANUAL,True,-7.9262302,112.5948857,233.22,0.0,0.0,IDLE,366,46
1786035751.745,2026-08-07 00:02:31,MANUAL,True,-7.9262302,112.5948857,233.2,0.0,0.0,IDLE,365,45
1786035751.869,2026-08-07 00:02:31,MANUAL,True,-7.9262302,112.5948857,233.19,0.0,0.0,IDLE,366,46
1786035751.993,2026-08-07 00:02:31,MANUAL,True,-7.9262303,112.5948856,233.19,0.0,0.0,IDLE,364,44
1786035752.139,2026-08-07 00:02:32,MANUAL,True,-7.9262303,112.5948856,233.2,0.0,0.0,IDLE,363,43
1786035752.262,2026-08-07 00:02:32,MANUAL,True,-7.9262303,112.5948856,233.2,0.0,0.0,IDLE,362,42
1786035752.390,2026-08-07 00:02:32,MANUAL,True,-7.9262304,112.5948856,233.18,0.0,0.0,IDLE,,
1786035752.512,2026-08-07 00:02:32,MANUAL,True,-7.9262304,112.5948856,233.18,0.0,0.0,IDLE,,
1786035752.633,2026-08-07 00:02:32,MANUAL,True,-7.9262304,112.5948856,233.18,0.0,0.0,IDLE,,
1786035752.775,2026-08-07 00:02:32,MANUAL,True,-7.9262304,112.5948856,233.17,0.0,0.0,IDLE,,
1786035752.897,2026-08-07 00:02:32,MANUAL,True,-7.9262304,112.5948856,233.19,0.0,0.0,IDLE,,
1786035753.023,2026-08-07 00:02:33,MANUAL,True,-7.9262304,112.5948857,233.19,0.0,0.0,IDLE,,
1786035753.151,2026-08-07 00:02:33,MANUAL,True,-7.9262304,112.5948857,233.18,0.0,0.0,IDLE,,
1786035753.289,2026-08-07 00:02:33,MANUAL,True,-7.9262303,112.5948858,233.19,0.0,0.0,IDLE,,
1786035753.424,2026-08-07 00:02:33,MANUAL,True,-7.9262303,112.5948859,233.19,0.0,0.0,IDLE,,
1786035753.558,2026-08-07 00:02:33,MANUAL,True,-7.9262303,112.5948859,233.17,0.0,0.0,IDLE,359,39
1786035753.673,2026-08-07 00:02:33,MANUAL,True,-7.9262303,112.5948859,233.17,0.0,0.0,IDLE,,
1786035753.791,2026-08-07 00:02:33,MANUAL,True,-7.9262303,112.5948861,233.19,0.0,0.0,IDLE,,
1786035753.914,2026-08-07 00:02:33,MANUAL,True,-7.9262303,112.5948862,233.19,0.0,0.0,IDLE,,
1786035754.035,2026-08-07 00:02:34,MANUAL,True,-7.9262302,112.5948863,233.19,0.0,0.0,IDLE,,
1786035754.166,2026-08-07 00:02:34,MANUAL,True,-7.9262302,112.5948864,233.19,0.0,0.0,IDLE,,
1786035754.304,2026-08-07 00:02:34,MANUAL,True,-7.92623,112.5948867,233.17,0.0,0.0,IDLE,,
1786035754.439,2026-08-07 00:02:34,MANUAL,True,-7.92623,112.5948868,233.16,0.0,0.0,IDLE,,
1786035754.579,2026-08-07 00:02:34,MANUAL,True,-7.9262299,112.594887,233.15,0.0,0.0,IDLE,,
1786035754.702,2026-08-07 00:02:34,MANUAL,True,-7.9262297,112.5948873,233.13,0.0,0.0,IDLE,,
1786035754.823,2026-08-07 00:02:34,MANUAL,False,-7.9262296,112.5948875,233.13,0.0,0.0,IDLE,,
1786035754.952,2026-08-07 00:02:34,MANUAL,False,-7.9262295,112.5948877,233.13,0.0,0.0,IDLE,,
1786035755.081,2026-08-07 00:02:35,MANUAL,False,-7.9262294,112.5948879,233.14,0.0,0.0,IDLE,,
1786035755.203,2026-08-07 00:02:35,MANUAL,False,-7.9262292,112.5948883,233.12,0.0,0.0,IDLE,,
1786035755.324,2026-08-07 00:02:35,MANUAL,False,-7.9262291,112.5948885,233.12,0.0,0.0,IDLE,,
1786035755.443,2026-08-07 00:02:35,MANUAL,False,-7.926229,112.5948887,233.12,0.0,0.0,IDLE,,
1786035755.557,2026-08-07 00:02:35,MANUAL,False,-7.9262289,112.5948891,233.11,0.0,0.0,IDLE,,
1786035755.672,2026-08-07 00:02:35,MANUAL,False,-7.9262288,112.5948892,233.1,0.0,0.0,IDLE,,
1786035755.790,2026-08-07 00:02:35,MANUAL,False,-7.9262285,112.5948898,233.1,0.0,0.0,IDLE,,
1786035755.906,2026-08-07 00:02:35,MANUAL,False,-7.9262283,112.5948901,233.1,0.0,0.0,IDLE,,
1786035756.056,2026-08-07 00:02:36,MANUAL,False,-7.9262282,112.5948904,233.1,0.0,0.0,IDLE,,
1786035756.175,2026-08-07 00:02:36,MANUAL,False,-7.926228,112.5948907,233.1,0.0,0.0,IDLE,,
1786035756.300,2026-08-07 00:02:36,MANUAL,False,-7.9262277,112.5948914,233.11,0.0,0.0,IDLE,,
1786035756.425,2026-08-07 00:02:36,MANUAL,False,-7.9262275,112.5948918,233.12,0.0,0.0,IDLE,,
1786035756.545,2026-08-07 00:02:36,MANUAL,False,-7.9262273,112.5948921,233.14,0.0,0.0,IDLE,,
1786035756.669,2026-08-07 00:02:36,MANUAL,False,-7.9262271,112.5948925,233.13,0.0,0.0,IDLE,,
1786035756.786,2026-08-07 00:02:36,MANUAL,False,-7.9262268,112.5948932,233.14,0.0,0.0,IDLE,,
1786035756.913,2026-08-07 00:02:36,MANUAL,False,-7.9262266,112.5948935,233.14,0.0,0.0,IDLE,,
1786035757.034,2026-08-07 00:02:37,MANUAL,False,-7.9262288,112.5948858,233.14,0.0,0.0,IDLE,,
1786035757.176,2026-08-07 00:02:37,MANUAL,False,-7.9262288,112.5948858,233.15,0.0,0.0,IDLE,,
1786035757.329,2026-08-07 00:02:37,MANUAL,False,-7.9262288,112.5948858,233.14,0.0,0.0,IDLE,,
1786035757.495,2026-08-07 00:02:37,MANUAL,False,-7.9262288,112.5948858,233.14,0.0,0.0,IDLE,,
1786035757.647,2026-08-07 00:02:37,MANUAL,False,-7.9262288,112.5948858,233.15,0.0,0.0,IDLE,,
1786035757.898,2026-08-07 00:02:37,MANUAL,True,-7.9262288,112.5948858,233.12,0.0,0.0,IDLE,,
1786035758.034,2026-08-07 00:02:38,MANUAL,True,-7.9262288,112.5948858,233.1,0.0,0.0,IDLE,0,-320
1786035758.159,2026-08-07 00:02:38,MANUAL,True,-7.9262288,112.5948858,233.1,0.0,0.0,IDLE,0,-320
1786035758.288,2026-08-07 00:02:38,MANUAL,True,-7.9262288,112.5948858,233.11,0.0,0.0,IDLE,0,-320
1786035758.410,2026-08-07 00:02:38,MANUAL,True,-7.9262288,112.5948858,233.11,0.0,0.0,IDLE,0,-320
1786035758.533,2026-08-07 00:02:38,MANUAL,True,-7.9262288,112.5948858,233.11,0.0,0.0,IDLE,0,-320
1786035758.653,2026-08-07 00:02:38,MANUAL,True,-7.9262288,112.5948858,233.11,0.0,0.0,IDLE,0,-320
1786035758.782,2026-08-07 00:02:38,MANUAL,True,-7.9262288,112.5948858,233.09,0.0,0.0,IDLE,0,-320
1786035758.915,2026-08-07 00:02:38,MANUAL,True,-7.9262288,112.5948858,233.11,0.0,0.0,IDLE,0,-320
1786035759.039,2026-08-07 00:02:39,MANUAL,True,-7.9262288,112.5948858,233.09,0.0,0.0,IDLE,0,-320
1786035759.164,2026-08-07 00:02:39,MANUAL,True,-7.9262288,112.5948858,233.08,0.0,0.0,IDLE,0,-320
1786035759.290,2026-08-07 00:02:39,MANUAL,True,-7.9262288,112.5948858,233.08,0.0,0.0,IDLE,0,-320
1786035759.407,2026-08-07 00:02:39,MANUAL,True,-7.9262288,112.5948858,233.06,0.0,0.0,IDLE,0,-320
1786035759.526,2026-08-07 00:02:39,MANUAL,True,-7.9262288,112.5948858,233.06,0.0,0.0,IDLE,0,-320
1786035759.645,2026-08-07 00:02:39,MANUAL,True,-7.9262288,112.5948858,233.07,0.0,0.0,IDLE,0,-320
1786035759.765,2026-08-07 00:02:39,MANUAL,True,-7.9262288,112.5948858,233.05,0.0,0.0,IDLE,0,-320
1786035759.890,2026-08-07 00:02:39,MANUAL,True,-7.9262288,112.5948858,233.05,0.0,0.0,IDLE,0,-320
1786035760.011,2026-08-07 00:02:40,MANUAL,True,-7.9262288,112.5948858,233.06,0.0,0.0,IDLE,0,-320
1786035760.141,2026-08-07 00:02:40,MANUAL,True,-7.9262288,112.5948858,233.07,0.0,0.0,IDLE,0,-320
1786035760.260,2026-08-07 00:02:40,MANUAL,True,-7.9262288,112.5948858,233.08,0.0,0.0,IDLE,0,-320
1786035760.380,2026-08-07 00:02:40,MANUAL,True,-7.9262288,112.5948858,233.08,0.0,0.0,IDLE,229,-91
1786035760.496,2026-08-07 00:02:40,MANUAL,True,-7.9262288,112.5948858,233.09,0.0,0.0,IDLE,0,-320
1786035760.625,2026-08-07 00:02:40,MANUAL,True,-7.9262288,112.5948858,233.1,0.0,0.0,IDLE,301,-19
1786035760.746,2026-08-07 00:02:40,MANUAL,True,-7.9262288,112.5948858,233.1,0.0,0.0,IDLE,273,-47
1786035760.870,2026-08-07 00:02:40,MANUAL,True,-7.9262288,112.5948858,233.1,0.0,0.0,IDLE,262,-58
1786035760.993,2026-08-07 00:02:40,MANUAL,True,-7.9262288,112.5948858,233.1,0.0,0.0,IDLE,251,-69
1786035761.141,2026-08-07 00:02:41,MANUAL,True,-7.9262288,112.5948858,233.11,0.0,0.0,IDLE,250,-70
1786035761.260,2026-08-07 00:02:41,MANUAL,True,-7.9262288,112.5948858,233.11,0.0,0.0,IDLE,260,-60
1786035761.380,2026-08-07 00:02:41,MANUAL,True,-7.9262288,112.5948858,233.12,0.0,0.0,IDLE,268,-52
1786035761.504,2026-08-07 00:02:41,MANUAL,True,-7.9262288,112.5948858,233.11,0.0,0.0,IDLE,276,-44
1786035761.623,2026-08-07 00:02:41,MANUAL,True,-7.9262288,112.5948858,233.12,0.0,0.0,IDLE,284,-36
1786035761.743,2026-08-07 00:02:41,MANUAL,True,-7.9262288,112.5948858,233.12,0.0,0.0,IDLE,293,-27
1786035761.864,2026-08-07 00:02:41,MANUAL,True,-7.9262288,112.5948858,233.14,0.0,0.0,IDLE,298,-22
1786035761.990,2026-08-07 00:02:41,MANUAL,True,-7.9262288,112.5948858,233.15,0.0,0.0,IDLE,312,-8
1786035762.112,2026-08-07 00:02:42,MANUAL,True,-7.9262288,112.5948858,233.14,0.0,0.0,IDLE,323,3
1786035762.237,2026-08-07 00:02:42,MANUAL,True,-7.9262288,112.5948858,233.13,0.0,0.0,IDLE,327,7
1786035762.360,2026-08-07 00:02:42,MANUAL,True,-7.9262288,112.5948858,233.12,0.0,0.0,IDLE,330,10
1786035762.480,2026-08-07 00:02:42,MANUAL,True,-7.9262288,112.5948858,233.13,0.0,0.0,IDLE,336,16
1786035762.613,2026-08-07 00:02:42,MANUAL,True,-7.9262288,112.5948858,233.12,0.0,0.0,IDLE,339,19
1786035762.733,2026-08-07 00:02:42,MANUAL,True,-7.9262288,112.5948858,233.12,0.0,0.0,IDLE,343,23
1786035762.863,2026-08-07 00:02:42,MANUAL,True,-7.9262288,112.5948858,233.11,0.0,0.0,IDLE,346,26
1786035762.991,2026-08-07 00:02:42,MANUAL,True,-7.9262288,112.5948858,233.11,0.0,0.0,IDLE,350,30
1786035763.120,2026-08-07 00:02:43,MANUAL,True,-7.9262288,112.5948858,233.1,0.0,0.0,IDLE,355,35
1786035763.262,2026-08-07 00:02:43,MANUAL,True,-7.9261993,112.5948652,233.11,0.0,0.0,IDLE,358,38
1786035763.381,2026-08-07 00:02:43,MANUAL,True,-7.9261992,112.5948644,233.12,0.0,0.0,IDLE,360,40
1786035763.538,2026-08-07 00:02:43,MANUAL,True,-7.926199,112.594861,233.13,0.0,0.0,IDLE,359,39
1786035763.655,2026-08-07 00:02:43,MANUAL,True,-7.926199,112.594861,233.13,0.0,0.0,IDLE,353,33
1786035763.774,2026-08-07 00:02:43,MANUAL,True,-7.926199,112.5948576,233.13,0.0,0.0,IDLE,345,25
1786035763.898,2026-08-07 00:02:43,MANUAL,True,-7.926199,112.594856,233.12,0.0,0.0,IDLE,339,19
1786035764.026,2026-08-07 00:02:44,MANUAL,True,-7.926199,112.5948528,233.13,0.0,0.0,IDLE,334,14
1786035764.145,2026-08-07 00:02:44,MANUAL,True,-7.926199,112.5948516,233.16,0.0,0.0,IDLE,332,12
1786035764.266,2026-08-07 00:02:44,MANUAL,True,-7.926199,112.5948502,233.17,0.0,0.0,IDLE,328,8
1786035764.387,2026-08-07 00:02:44,MANUAL,True,-7.926199,112.5948489,233.18,0.0,0.0,IDLE,327,7
1786035764.509,2026-08-07 00:02:44,MANUAL,True,-7.9261991,112.5948477,233.18,0.0,0.0,IDLE,322,2
1786035764.635,2026-08-07 00:02:44,MANUAL,True,-7.9261993,112.5948459,233.17,0.0,0.0,IDLE,319,-1
1786035764.764,2026-08-07 00:02:44,MANUAL,True,-7.9261995,112.5948451,233.16,0.0,0.0,IDLE,316,-4
1786035764.887,2026-08-07 00:02:44,MANUAL,True,-7.9261996,112.5948444,233.17,0.0,0.0,IDLE,314,-6
1786035765.010,2026-08-07 00:02:45,MANUAL,True,-7.9262001,112.5948432,233.16,0.0,0.0,IDLE,313,-7
1786035765.225,2026-08-07 00:02:45,MANUAL,True,-7.9262007,112.5948425,233.16,0.0,0.0,IDLE,312,-8
1786035765.395,2026-08-07 00:02:45,MANUAL,True,-7.926201,112.5948421,233.15,0.0,0.0,IDLE,312,-8
1786035765.537,2026-08-07 00:02:45,MANUAL,True,-7.9262013,112.5948418,233.15,0.0,0.0,IDLE,312,-8
1786035765.679,2026-08-07 00:02:45,MANUAL,True,-7.9262018,112.5948413,233.15,0.0,0.0,IDLE,310,-10
1786035765.804,2026-08-07 00:02:45,MANUAL,True,-7.9262021,112.5948411,233.17,0.0,0.0,IDLE,307,-13
1786035765.925,2026-08-07 00:02:45,MANUAL,True,-7.9262027,112.5948411,233.18,0.0,0.0,IDLE,307,-13
1786035766.052,2026-08-07 00:02:46,MANUAL,True,-7.9262029,112.5948411,233.17,0.0,0.0,IDLE,307,-13
1786035766.213,2026-08-07 00:02:46,MANUAL,True,-7.9262034,112.5948414,233.15,0.0,0.0,IDLE,308,-12
1786035766.343,2026-08-07 00:02:46,MANUAL,True,-7.9262037,112.5948415,233.14,0.0,0.0,IDLE,312,-8
1786035766.464,2026-08-07 00:02:46,MANUAL,True,-7.926204,112.5948417,233.12,0.0,0.0,IDLE,313,-7
1786035766.583,2026-08-07 00:02:46,MANUAL,True,-7.9262042,112.5948418,233.12,0.0,0.0,IDLE,315,-5
1786035766.706,2026-08-07 00:02:46,MANUAL,True,-7.9262045,112.594842,233.09,0.0,0.0,IDLE,318,-2
1786035766.834,2026-08-07 00:02:46,MANUAL,True,-7.9262047,112.5948421,233.08,0.0,0.0,IDLE,318,-2
1786035766.960,2026-08-07 00:02:46,MANUAL,True,-7.9262049,112.5948423,233.08,0.0,0.0,IDLE,319,-1
1786035767.088,2026-08-07 00:02:47,MANUAL,True,-7.926205,112.5948424,233.07,0.0,0.0,IDLE,320,0
1786035767.207,2026-08-07 00:02:47,MANUAL,True,-7.9262053,112.5948426,233.07,0.0,0.0,IDLE,319,-1
1786035767.325,2026-08-07 00:02:47,MANUAL,True,-7.9262054,112.5948427,233.07,0.0,0.0,IDLE,316,-4
1786035767.449,2026-08-07 00:02:47,MANUAL,True,-7.9262055,112.594843,233.05,0.0,0.0,IDLE,311,-9
1786035767.572,2026-08-07 00:02:47,MANUAL,True,-7.9262056,112.5948432,233.05,0.0,0.0,IDLE,303,-17
1786035767.693,2026-08-07 00:02:47,MANUAL,True,-7.9262056,112.5948433,233.05,0.0,0.0,IDLE,299,-21
1786035767.813,2026-08-07 00:02:47,MANUAL,True,-7.9262057,112.5948435,233.04,0.0,0.0,IDLE,293,-27
1786035767.936,2026-08-07 00:02:47,MANUAL,True,-7.9262059,112.5948435,233.05,0.0,0.0,IDLE,288,-32
1786035768.057,2026-08-07 00:02:48,MANUAL,True,-7.926206,112.5948438,233.04,0.0,0.0,IDLE,285,-35
1786035768.176,2026-08-07 00:02:48,MANUAL,True,-7.9262061,112.594844,233.05,0.0,0.0,IDLE,283,-37
1786035768.301,2026-08-07 00:02:48,MANUAL,True,-7.9262063,112.5948442,233.05,0.0,0.0,IDLE,283,-37
1786035768.420,2026-08-07 00:02:48,MANUAL,True,-7.9262064,112.5948445,233.02,0.0,0.0,IDLE,289,-31
1786035768.540,2026-08-07 00:02:48,MANUAL,True,-7.9262064,112.5948445,233.02,0.0,0.0,IDLE,297,-23
1786035768.660,2026-08-07 00:02:48,MANUAL,True,-7.9262066,112.5948448,233.05,0.0,0.0,IDLE,300,-20
1786035768.779,2026-08-07 00:02:48,MANUAL,True,-7.9262068,112.5948451,233.05,0.0,0.0,IDLE,305,-15
1786035768.899,2026-08-07 00:02:48,MANUAL,True,-7.9262069,112.5948453,233.05,0.0,0.0,IDLE,310,-10
1786035769.017,2026-08-07 00:02:49,MANUAL,True,-7.9262073,112.5948459,233.06,0.0,0.0,IDLE,313,-7
1786035769.135,2026-08-07 00:02:49,MANUAL,True,-7.9262074,112.5948461,233.06,0.0,0.0,IDLE,319,-1
1786035769.256,2026-08-07 00:02:49,MANUAL,True,-7.9262076,112.5948462,233.06,0.0,0.0,IDLE,324,4
1786035769.379,2026-08-07 00:02:49,MANUAL,True,-7.9262077,112.5948463,233.06,0.0,0.0,IDLE,332,12
1786035769.505,2026-08-07 00:02:49,MANUAL,True,-7.9262077,112.5948465,233.08,0.0,0.0,IDLE,340,20
1786035769.625,2026-08-07 00:02:49,MANUAL,True,-7.9262079,112.5948466,233.07,0.0,0.0,IDLE,345,25
1786035769.747,2026-08-07 00:02:49,MANUAL,True,-7.9262081,112.5948468,233.07,0.0,0.0,IDLE,352,32
1786035769.874,2026-08-07 00:02:49,MANUAL,True,-7.9262082,112.5948469,233.07,0.0,0.0,IDLE,353,33
1786035769.994,2026-08-07 00:02:49,MANUAL,True,-7.9262085,112.5948472,233.08,0.0,0.0,IDLE,349,29
1786035770.140,2026-08-07 00:02:50,MANUAL,True,-7.926209,112.5948479,233.07,0.0,0.0,IDLE,344,24
1786035770.265,2026-08-07 00:02:50,MANUAL,True,-7.9262092,112.5948482,233.07,0.0,0.0,IDLE,331,11
1786035770.394,2026-08-07 00:02:50,MANUAL,True,-7.9262096,112.5948486,233.07,0.0,0.0,IDLE,329,9
1786035770.515,2026-08-07 00:02:50,MANUAL,True,-7.92621,112.5948492,233.07,0.0,0.0,IDLE,323,3
1786035770.637,2026-08-07 00:02:50,MANUAL,True,-7.9262105,112.59485,233.06,0.0,0.0,IDLE,317,-3
1786035770.778,2026-08-07 00:02:50,MANUAL,True,-7.9262108,112.5948504,233.05,0.0,0.0,IDLE,311,-9
1786035770.896,2026-08-07 00:02:50,MANUAL,True,-7.9262112,112.5948507,233.04,0.0,0.0,IDLE,305,-15
1786035771.021,2026-08-07 00:02:51,MANUAL,True,-7.9262117,112.5948514,233.04,0.0,0.0,IDLE,300,-20
1786035771.140,2026-08-07 00:02:51,MANUAL,True,-7.9262119,112.5948516,233.04,0.0,0.0,IDLE,299,-21
1786035771.315,2026-08-07 00:02:51,MANUAL,True,-7.9262124,112.5948522,233.04,0.0,0.0,IDLE,304,-16
1786035771.438,2026-08-07 00:02:51,MANUAL,True,-7.9262127,112.5948526,233.01,0.0,0.0,IDLE,309,-11
1786035771.555,2026-08-07 00:02:51,MANUAL,True,-7.9262131,112.5948531,233.02,0.0,0.0,IDLE,315,-5
1786035771.682,2026-08-07 00:02:51,MANUAL,True,-7.9262133,112.5948533,233.01,0.0,0.0,IDLE,324,4
1786035771.811,2026-08-07 00:02:51,MANUAL,True,-7.9262139,112.594854,233.02,0.0,0.0,IDLE,328,8
1786035771.931,2026-08-07 00:02:51,MANUAL,True,-7.9262142,112.5948545,233.02,0.0,0.0,IDLE,331,11
1786035772.055,2026-08-07 00:02:52,MANUAL,True,-7.9262145,112.594855,233.03,0.0,0.0,IDLE,332,12
1786035772.176,2026-08-07 00:02:52,MANUAL,True,-7.9262147,112.5948554,233.03,0.0,0.0,IDLE,335,15
1786035772.307,2026-08-07 00:02:52,MANUAL,True,-7.9262149,112.5948558,233.04,0.0,0.0,IDLE,640,320
1786035772.427,2026-08-07 00:02:52,MANUAL,True,-7.9262153,112.5948565,233.03,0.0,0.0,IDLE,640,320
1786035772.548,2026-08-07 00:02:52,MANUAL,True,-7.9262156,112.594857,233.04,0.0,0.0,IDLE,332,12
1786035772.671,2026-08-07 00:02:52,MANUAL,True,-7.9262159,112.5948575,233.03,0.0,0.0,IDLE,325,5
1786035772.795,2026-08-07 00:02:52,MANUAL,True,-7.9262161,112.5948579,233.03,0.0,0.0,IDLE,316,-4
1786035772.921,2026-08-07 00:02:52,MANUAL,True,-7.9262166,112.5948586,233.04,0.0,0.0,IDLE,313,-7
1786035773.044,2026-08-07 00:02:53,MANUAL,True,-7.9262169,112.594859,233.02,0.0,0.0,IDLE,309,-11
1786035773.163,2026-08-07 00:02:53,MANUAL,True,-7.9262172,112.5948594,233.03,0.0,0.0,IDLE,305,-15
1786035773.303,2026-08-07 00:02:53,MANUAL,True,-7.9262174,112.5948597,233.03,0.0,0.0,IDLE,300,-20
1786035773.423,2026-08-07 00:02:53,MANUAL,True,-7.9262179,112.5948603,233.01,0.0,0.0,IDLE,296,-24
1786035773.545,2026-08-07 00:02:53,MANUAL,True,-7.9262181,112.5948606,232.99,0.0,0.0,IDLE,295,-25
1786035773.677,2026-08-07 00:02:53,MANUAL,True,-7.9262182,112.5948608,232.99,0.0,0.0,IDLE,291,-29
1786035773.807,2026-08-07 00:02:53,MANUAL,True,-7.9262186,112.5948612,232.98,0.0,0.0,IDLE,283,-37
1786035773.938,2026-08-07 00:02:53,MANUAL,True,-7.9262189,112.5948614,232.98,0.0,0.0,IDLE,277,-43
1786035774.059,2026-08-07 00:02:54,MANUAL,True,-7.9262192,112.5948616,232.99,0.0,0.0,IDLE,278,-42
1786035774.176,2026-08-07 00:02:54,MANUAL,True,-7.9262194,112.5948617,232.99,0.0,0.0,IDLE,281,-39
1786035774.306,2026-08-07 00:02:54,MANUAL,True,-7.9262196,112.5948618,233.0,0.0,0.0,IDLE,294,-26
1786035774.433,2026-08-07 00:02:54,MANUAL,True,-7.9262201,112.594862,233.01,0.0,0.0,IDLE,308,-12
1786035774.563,2026-08-07 00:02:54,MANUAL,True,-7.9262204,112.594862,233.03,0.0,0.0,IDLE,318,-2
1786035774.684,2026-08-07 00:02:54,MANUAL,True,-7.9262206,112.5948621,233.03,0.0,0.0,IDLE,329,9
1786035774.805,2026-08-07 00:02:54,MANUAL,True,-7.9262207,112.594862,233.02,0.0,0.0,IDLE,338,18
1786035774.928,2026-08-07 00:02:54,MANUAL,True,-7.9262209,112.5948619,233.03,0.0,0.0,IDLE,640,320
1786035775.054,2026-08-07 00:02:55,MANUAL,True,-7.926221,112.5948618,233.04,0.0,0.0,IDLE,640,320
1786035775.176,2026-08-07 00:02:55,MANUAL,True,-7.9262211,112.5948618,233.04,0.0,0.0,IDLE,640,320
1786035775.307,2026-08-07 00:02:55,MANUAL,True,-7.9262214,112.5948616,233.04,0.0,0.0,IDLE,640,320
1786035775.435,2026-08-07 00:02:55,MANUAL,True,-7.9262214,112.5948615,233.03,0.0,0.0,IDLE,640,320
1786035775.556,2026-08-07 00:02:55,MANUAL,True,-7.9262215,112.5948613,233.03,0.0,0.0,IDLE,640,320
1786035775.681,2026-08-07 00:02:55,MANUAL,True,-7.9262216,112.5948611,233.02,0.0,0.0,IDLE,640,320
1786035775.798,2026-08-07 00:02:55,MANUAL,True,-7.9262217,112.5948611,233.03,0.0,0.0,IDLE,640,320
1786035775.925,2026-08-07 00:02:55,MANUAL,True,-7.926222,112.5948611,233.03,0.0,0.0,IDLE,640,320
1786035776.049,2026-08-07 00:02:56,MANUAL,True,-7.9262221,112.5948611,233.03,0.0,0.0,IDLE,640,320
1786035776.179,2026-08-07 00:02:56,MANUAL,True,-7.9262221,112.5948611,233.03,0.0,0.0,IDLE,640,320
1786035776.317,2026-08-07 00:02:56,MANUAL,True,-7.9262222,112.5948609,233.05,0.0,0.0,IDLE,378,58
1786035776.448,2026-08-07 00:02:56,MANUAL,True,-7.9262222,112.5948605,233.05,0.0,0.0,IDLE,370,50
1786035776.570,2026-08-07 00:02:56,MANUAL,True,-7.9262223,112.5948604,233.06,0.0,0.0,IDLE,364,44
1786035776.692,2026-08-07 00:02:56,MANUAL,True,-7.9262224,112.5948604,233.08,0.0,0.0,IDLE,357,37
1786035776.817,2026-08-07 00:02:56,MANUAL,True,-7.9262225,112.5948602,233.1,0.0,0.0,IDLE,354,34
1786035776.943,2026-08-07 00:02:56,MANUAL,True,-7.9262226,112.5948601,233.11,0.0,0.0,IDLE,346,26
1786035777.068,2026-08-07 00:02:57,MANUAL,True,-7.9262227,112.59486,233.12,0.0,0.0,IDLE,636,316
1786035777.185,2026-08-07 00:02:57,MANUAL,True,-7.9262228,112.59486,233.11,0.0,0.0,IDLE,636,316
1786035777.317,2026-08-07 00:02:57,MANUAL,True,-7.9262229,112.5948598,233.12,0.0,0.0,IDLE,634,314
1786035777.440,2026-08-07 00:02:57,MANUAL,True,-7.926223,112.5948595,233.13,0.0,0.0,IDLE,629,309
1786035777.567,2026-08-07 00:02:57,MANUAL,True,-7.9262231,112.5948594,233.13,0.0,0.0,IDLE,622,302
1786035777.693,2026-08-07 00:02:57,MANUAL,True,-7.9262231,112.5948594,233.14,0.0,0.0,IDLE,621,301
1786035777.819,2026-08-07 00:02:57,MANUAL,True,-7.9262233,112.5948593,233.14,0.0,0.0,IDLE,614,294
1786035777.943,2026-08-07 00:02:57,MANUAL,True,-7.9262235,112.5948592,233.15,0.0,0.0,IDLE,607,287
1786035778.063,2026-08-07 00:02:58,MANUAL,True,-7.9262236,112.5948593,233.17,0.0,0.0,IDLE,601,281
1786035778.186,2026-08-07 00:02:58,MANUAL,True,-7.9262237,112.5948593,233.16,0.0,0.0,IDLE,,
1786035778.314,2026-08-07 00:02:58,MANUAL,True,-7.926224,112.5948593,233.17,0.0,0.0,IDLE,,
1786035778.432,2026-08-07 00:02:58,MANUAL,True,-7.926224,112.5948591,233.16,0.0,0.0,IDLE,,
1786035778.557,2026-08-07 00:02:58,MANUAL,True,-7.9262242,112.5948591,233.16,0.0,0.0,IDLE,640,320
1786035778.674,2026-08-07 00:02:58,MANUAL,True,-7.9262243,112.5948591,233.15,0.0,0.0,IDLE,632,312
1786035778.794,2026-08-07 00:02:58,MANUAL,True,-7.9262244,112.5948591,233.15,0.0,0.0,IDLE,292,-28
1786035778.909,2026-08-07 00:02:58,MANUAL,True,-7.9262246,112.5948589,233.15,0.0,0.0,IDLE,291,-29
1786035779.034,2026-08-07 00:02:59,MANUAL,True,-7.9262246,112.5948586,233.16,0.0,0.0,IDLE,297,-23
1786035779.159,2026-08-07 00:02:59,MANUAL,True,-7.9262247,112.5948585,233.17,0.0,0.0,IDLE,304,-16
1786035779.293,2026-08-07 00:02:59,MANUAL,True,-7.9262248,112.5948585,233.16,0.0,0.0,IDLE,307,-13
1786035779.411,2026-08-07 00:02:59,MANUAL,True,-7.9262252,112.5948585,233.16,0.0,0.0,IDLE,310,-10
1786035779.531,2026-08-07 00:02:59,MANUAL,True,-7.9262253,112.5948584,233.17,0.0,0.0,IDLE,309,-11
1786035779.647,2026-08-07 00:02:59,MANUAL,True,-7.9262254,112.5948582,233.17,0.0,0.0,IDLE,310,-10
1786035779.781,2026-08-07 00:02:59,MANUAL,True,-7.9262255,112.5948581,233.17,0.0,0.0,IDLE,309,-11
1786035779.904,2026-08-07 00:02:59,MANUAL,True,-7.9262257,112.594858,233.16,0.0,0.0,IDLE,303,-17
1786035780.025,2026-08-07 00:03:00,MANUAL,True,-7.9262258,112.5948577,233.19,0.0,0.0,IDLE,294,-26
1786035780.157,2026-08-07 00:03:00,MANUAL,True,-7.9262259,112.5948576,233.18,0.0,0.0,IDLE,285,-35
1786035780.284,2026-08-07 00:03:00,MANUAL,True,-7.926226,112.5948575,233.19,0.0,0.0,IDLE,278,-42
1786035780.411,2026-08-07 00:03:00,MANUAL,True,-7.9262261,112.594857,233.21,0.0,0.0,IDLE,274,-46
1786035780.523,2026-08-07 00:03:00,MANUAL,True,-7.9262261,112.594857,233.21,0.0,0.0,IDLE,275,-45
1786035780.644,2026-08-07 00:03:00,MANUAL,True,-7.9262262,112.5948569,233.24,0.0,0.0,IDLE,277,-43
1786035780.768,2026-08-07 00:03:00,MANUAL,True,-7.9262263,112.5948569,233.23,0.0,0.0,IDLE,280,-40
1786035780.887,2026-08-07 00:03:00,MANUAL,True,-7.9262264,112.5948568,233.24,0.0,0.0,IDLE,289,-31
1786035781.007,2026-08-07 00:03:01,MANUAL,True,-7.9262264,112.5948565,233.24,0.0,0.0,IDLE,297,-23
1786035781.151,2026-08-07 00:03:01,MANUAL,True,-7.9262264,112.5948563,233.23,0.0,0.0,IDLE,305,-15
1786035781.306,2026-08-07 00:03:01,MANUAL,True,-7.9262266,112.5948562,233.24,0.0,0.0,IDLE,312,-8
1786035781.514,2026-08-07 00:03:01,MANUAL,True,-7.9262269,112.594856,233.24,0.0,0.0,IDLE,317,-3
1786035781.671,2026-08-07 00:03:01,MANUAL,True,-7.9262269,112.5948558,233.24,0.0,0.0,IDLE,320,0
1786035781.828,2026-08-07 00:03:01,MANUAL,True,-7.9262271,112.5948554,233.25,0.0,0.0,IDLE,321,1
1786035781.953,2026-08-07 00:03:01,MANUAL,True,-7.9262271,112.5948552,233.25,0.0,0.0,IDLE,323,3
1786035782.076,2026-08-07 00:03:02,MANUAL,True,-7.9262272,112.5948551,233.24,0.0,0.0,IDLE,325,5
1786035782.196,2026-08-07 00:03:02,MANUAL,True,-7.9262273,112.5948549,233.26,0.0,0.0,IDLE,326,6
1786035782.345,2026-08-07 00:03:02,MANUAL,True,-7.9262274,112.5948545,233.27,0.0,0.0,IDLE,325,5
1786035782.465,2026-08-07 00:03:02,MANUAL,True,-7.9262274,112.5948542,233.27,0.0,0.0,IDLE,322,2
1786035782.590,2026-08-07 00:03:02,MANUAL,True,-7.9262274,112.5948539,233.28,0.0,0.0,IDLE,316,-4
1786035782.713,2026-08-07 00:03:02,MANUAL,True,-7.9262274,112.5948539,233.28,0.0,0.0,IDLE,314,-6
1786035782.834,2026-08-07 00:03:02,MANUAL,True,-7.9262276,112.5948533,233.25,0.0,0.0,IDLE,306,-14
1786035782.970,2026-08-07 00:03:02,MANUAL,True,-7.9262276,112.594853,233.24,0.0,0.0,IDLE,301,-19
1786035783.091,2026-08-07 00:03:03,MANUAL,True,-7.9262276,112.5948527,233.23,0.0,0.0,IDLE,297,-23
1786035783.209,2026-08-07 00:03:03,MANUAL,True,-7.9262276,112.5948525,233.22,0.0,0.0,IDLE,297,-23
1786035783.346,2026-08-07 00:03:03,MANUAL,True,-7.9262275,112.594852,233.22,0.0,0.0,IDLE,304,-16
1786035783.471,2026-08-07 00:03:03,MANUAL,True,-7.9262275,112.5948518,233.24,0.0,0.0,IDLE,311,-9
1786035783.599,2026-08-07 00:03:03,MANUAL,True,-7.9262275,112.5948518,233.24,0.0,0.0,IDLE,318,-2
1786035783.723,2026-08-07 00:03:03,MANUAL,True,-7.9262275,112.5948514,233.27,0.0,0.0,IDLE,325,5
1786035783.843,2026-08-07 00:03:03,MANUAL,True,-7.9262276,112.5948512,233.27,0.0,0.0,IDLE,327,7
1786035783.973,2026-08-07 00:03:03,MANUAL,True,-7.9262276,112.5948507,233.28,0.0,0.0,IDLE,330,10
1786035784.094,2026-08-07 00:03:04,MANUAL,True,-7.9262276,112.5948505,233.29,0.0,0.0,IDLE,331,11
1786035784.226,2026-08-07 00:03:04,MANUAL,True,-7.9262276,112.5948503,233.29,0.0,0.0,IDLE,335,15
1786035784.343,2026-08-07 00:03:04,MANUAL,True,-7.9262275,112.5948501,233.28,0.0,0.0,IDLE,341,21
1786035784.460,2026-08-07 00:03:04,MANUAL,True,-7.9262277,112.5948498,233.31,0.0,0.0,IDLE,348,28
1786035784.572,2026-08-07 00:03:04,MANUAL,True,-7.9262277,112.5948498,233.31,0.0,0.0,IDLE,351,31
1786035784.691,2026-08-07 00:03:04,MANUAL,True,-7.9262279,112.5948495,233.31,0.0,0.0,IDLE,352,32
1786035784.807,2026-08-07 00:03:04,MANUAL,True,-7.9262279,112.5948493,233.32,0.0,0.0,IDLE,354,34
1786035784.930,2026-08-07 00:03:04,MANUAL,True,-7.926228,112.5948491,233.33,0.0,0.0,IDLE,354,34
1786035785.045,2026-08-07 00:03:05,MANUAL,True,-7.9262281,112.5948489,233.35,0.0,0.0,IDLE,332,12
1786035785.158,2026-08-07 00:03:05,MANUAL,True,-7.9262282,112.5948488,233.36,0.0,0.0,IDLE,303,-17
1786035785.311,2026-08-07 00:03:05,MANUAL,True,-7.9262286,112.5948489,233.39,0.0,0.0,IDLE,,
1786035785.436,2026-08-07 00:03:05,MANUAL,True,-7.9262289,112.5948491,233.38,0.0,0.0,IDLE,,
1786035785.553,2026-08-07 00:03:05,MANUAL,True,-7.9262291,112.5948492,233.38,0.0,0.0,IDLE,103,-217
1786035785.671,2026-08-07 00:03:05,MANUAL,True,-7.9262291,112.5948492,233.38,0.0,0.0,IDLE,97,-223
1786035785.795,2026-08-07 00:03:05,MANUAL,True,-7.9262297,112.5948493,233.38,0.0,0.0,IDLE,95,-225
1786035785.916,2026-08-07 00:03:05,MANUAL,True,-7.9262299,112.5948493,233.37,0.0,0.0,IDLE,89,-231
1786035786.037,2026-08-07 00:03:06,MANUAL,True,-7.92623,112.5948492,233.38,0.0,0.0,IDLE,89,-231
1786035786.156,2026-08-07 00:03:06,MANUAL,True,-7.9262301,112.5948491,233.38,0.0,0.0,IDLE,87,-233
1786035786.279,2026-08-07 00:03:06,MANUAL,True,-7.9262303,112.5948492,233.37,0.0,0.0,IDLE,281,-39
1786035786.411,2026-08-07 00:03:06,MANUAL,True,-7.9262306,112.5948491,233.39,0.0,0.0,IDLE,281,-39
1786035786.568,2026-08-07 00:03:06,MANUAL,True,-7.9262306,112.5948491,233.4,0.0,0.0,IDLE,93,-227
1786035786.684,2026-08-07 00:03:06,MANUAL,True,-7.9262306,112.5948491,233.4,0.0,0.0,IDLE,,
1786035786.813,2026-08-07 00:03:06,MANUAL,True,-7.9262306,112.5948488,233.41,0.0,0.0,IDLE,,
1786035786.939,2026-08-07 00:03:06,MANUAL,True,-7.9262308,112.5948487,233.4,0.0,0.0,IDLE,,
1786035787.060,2026-08-07 00:03:07,MANUAL,True,-7.926231,112.5948486,233.4,0.0,0.0,IDLE,,
1786035787.190,2026-08-07 00:03:07,MANUAL,True,-7.9262311,112.5948485,233.41,0.0,0.0,IDLE,,
1786035787.315,2026-08-07 00:03:07,MANUAL,True,-7.9262312,112.594848,233.43,0.0,0.0,IDLE,522,202
1786035787.450,2026-08-07 00:03:07,MANUAL,True,-7.9262312,112.5948476,233.43,0.0,0.0,IDLE,,
1786035787.578,2026-08-07 00:03:07,MANUAL,True,-7.9262312,112.5948474,233.42,0.0,0.0,IDLE,,
1786035787.704,2026-08-07 00:03:07,MANUAL,True,-7.9262313,112.5948472,233.43,0.0,0.0,IDLE,,
1786035787.833,2026-08-07 00:03:07,MANUAL,True,-7.9262314,112.5948468,233.45,0.0,0.0,IDLE,312,-8
1786035787.962,2026-08-07 00:03:07,MANUAL,True,-7.9262314,112.5948466,233.45,0.0,0.0,IDLE,123,-197
1786035788.090,2026-08-07 00:03:08,MANUAL,True,-7.9262315,112.5948463,233.46,0.0,0.0,IDLE,,
1786035788.217,2026-08-07 00:03:08,MANUAL,True,-7.9262316,112.5948461,233.47,0.0,0.0,IDLE,121,-199
1786035788.344,2026-08-07 00:03:08,MANUAL,True,-7.9262316,112.5948458,233.47,0.0,0.0,IDLE,116,-204
1786035788.515,2026-08-07 00:03:08,MANUAL,True,-7.9262317,112.5948456,233.48,0.0,0.0,IDLE,112,-208
1786035788.646,2026-08-07 00:03:08,MANUAL,True,-7.9262318,112.5948452,233.47,0.0,0.0,IDLE,,
1786035788.773,2026-08-07 00:03:08,MANUAL,True,-7.9262318,112.594845,233.49,0.0,0.0,IDLE,119,-201
1786035788.919,2026-08-07 00:03:08,MANUAL,True,-7.926232,112.5948446,233.51,0.0,0.0,IDLE,,
1786035789.215,2026-08-07 00:03:09,MANUAL,True,-7.9262321,112.5948439,233.52,0.0,0.0,IDLE,,
1786035789.400,2026-08-07 00:03:09,MANUAL,True,-7.9262322,112.5948437,233.51,0.0,0.0,IDLE,,
1786035789.543,2026-08-07 00:03:09,MANUAL,True,-7.9262323,112.5948434,233.51,0.0,0.0,IDLE,,
1786035789.709,2026-08-07 00:03:09,MANUAL,True,-7.9262325,112.5948427,233.51,0.0,0.0,IDLE,,
1786035789.836,2026-08-07 00:03:09,MANUAL,True,-7.9262325,112.5948424,233.51,0.0,0.0,IDLE,,
1786035789.989,2026-08-07 00:03:09,MANUAL,True,-7.9262326,112.5948422,233.5,0.0,0.0,IDLE,,
1786035790.114,2026-08-07 00:03:10,MANUAL,True,-7.9262327,112.5948417,233.51,0.0,0.0,IDLE,,
1786035790.309,2026-08-07 00:03:10,MANUAL,True,-7.9262329,112.5948412,233.5,0.0,0.0,IDLE,,
1786035790.439,2026-08-07 00:03:10,MANUAL,True,-7.9262329,112.5948408,233.49,0.0,0.0,IDLE,,
1786035790.577,2026-08-07 00:03:10,MANUAL,True,-7.926233,112.5948406,233.49,0.0,0.0,IDLE,,
1786035790.712,2026-08-07 00:03:10,MANUAL,True,-7.9262332,112.59484,233.47,0.0,0.0,IDLE,,
1786035790.842,2026-08-07 00:03:10,MANUAL,True,-7.9262332,112.5948397,233.47,0.0,0.0,IDLE,,
1786035790.978,2026-08-07 00:03:10,MANUAL,True,-7.9262333,112.5948394,233.46,0.0,0.0,IDLE,,
1786035791.140,2026-08-07 00:03:11,MANUAL,True,-7.9262334,112.5948388,233.47,0.0,0.0,IDLE,,
1786035791.261,2026-08-07 00:03:11,MANUAL,True,-7.9262335,112.5948386,233.46,0.0,0.0,IDLE,,
1786035791.392,2026-08-07 00:03:11,MANUAL,True,-7.9262335,112.5948383,233.47,0.0,0.0,IDLE,,
1786035791.523,2026-08-07 00:03:11,MANUAL,True,-7.9262336,112.5948379,233.48,0.0,0.0,IDLE,,
1786035791.657,2026-08-07 00:03:11,MANUAL,True,-7.9262337,112.5948376,233.48,0.0,0.0,IDLE,,
1786035791.777,2026-08-07 00:03:11,MANUAL,True,-7.9262338,112.594837,233.47,0.0,0.0,IDLE,,
1786035791.897,2026-08-07 00:03:11,MANUAL,True,-7.9262339,112.5948367,233.46,0.0,0.0,IDLE,,
1786035792.019,2026-08-07 00:03:12,MANUAL,True,-7.926234,112.594836,233.44,0.0,0.0,IDLE,,
1786035792.143,2026-08-07 00:03:12,MANUAL,True,-7.9262341,112.5948356,233.43,0.0,0.0,IDLE,,
1786035792.274,2026-08-07 00:03:12,MANUAL,True,-7.9262342,112.5948353,233.42,0.0,0.0,IDLE,,
1786035792.391,2026-08-07 00:03:12,MANUAL,True,-7.9262342,112.594835,233.42,0.0,0.0,IDLE,,
1786035792.510,2026-08-07 00:03:12,MANUAL,True,-7.9262343,112.5948346,233.42,0.0,0.0,IDLE,,
1786035792.628,2026-08-07 00:03:12,MANUAL,True,-7.9262344,112.5948339,233.43,0.0,0.0,IDLE,,
1786035792.755,2026-08-07 00:03:12,MANUAL,True,-7.9262345,112.5948335,233.44,0.0,0.0,IDLE,,
1786035792.873,2026-08-07 00:03:12,MANUAL,True,-7.9262346,112.5948331,233.44,0.0,0.0,IDLE,,
1786035792.999,2026-08-07 00:03:12,MANUAL,True,-7.9262347,112.5948328,233.45,0.0,0.0,IDLE,,
1786035793.123,2026-08-07 00:03:13,MANUAL,True,-7.9262348,112.594832,233.45,0.0,0.0,IDLE,123,-197
1786035793.244,2026-08-07 00:03:13,MANUAL,True,-7.9262349,112.5948316,233.45,0.0,0.0,IDLE,,
1786035793.379,2026-08-07 00:03:13,MANUAL,True,-7.9262349,112.5948312,233.45,0.0,0.0,IDLE,,
1786035793.502,2026-08-07 00:03:13,MANUAL,True,-7.926235,112.5948308,233.45,0.0,0.0,IDLE,121,-199
1786035793.625,2026-08-07 00:03:13,MANUAL,True,-7.9262351,112.59483,233.44,0.0,0.0,IDLE,120,-200
1786035793.754,2026-08-07 00:03:13,MANUAL,True,-7.9262352,112.5948296,233.43,0.0,0.0,IDLE,120,-200
1786035793.882,2026-08-07 00:03:13,MANUAL,True,-7.9262353,112.5948292,233.44,0.0,0.0,IDLE,119,-201
1786035794.007,2026-08-07 00:03:14,MANUAL,True,-7.9262354,112.5948283,233.43,0.0,0.0,IDLE,120,-200
1786035794.126,2026-08-07 00:03:14,MANUAL,True,-7.9262355,112.5948279,233.41,0.0,0.0,IDLE,,
1786035794.246,2026-08-07 00:03:14,MANUAL,True,-7.9262356,112.5948274,233.41,0.0,0.0,IDLE,,
1786035794.362,2026-08-07 00:03:14,MANUAL,True,-7.9262357,112.594827,233.42,0.0,0.0,IDLE,120,-200
1786035794.491,2026-08-07 00:03:14,MANUAL,True,-7.9262357,112.5948265,233.42,0.0,0.0,IDLE,119,-201
1786035794.607,2026-08-07 00:03:14,MANUAL,True,-7.9262397,112.594842,233.44,0.0,0.0,IDLE,,
1786035794.726,2026-08-07 00:03:14,MANUAL,True,-7.9262398,112.5948418,233.41,0.0,0.0,IDLE,,
1786035794.848,2026-08-07 00:03:14,MANUAL,True,-7.9262398,112.5948418,233.43,0.0,0.0,IDLE,119,-201
1786035794.971,2026-08-07 00:03:14,MANUAL,True,-7.92624,112.5948415,233.42,0.0,0.0,IDLE,,
1786035795.098,2026-08-07 00:03:15,MANUAL,True,-7.92624,112.5948415,233.41,0.0,0.0,IDLE,120,-200
1786035795.224,2026-08-07 00:03:15,MANUAL,True,-7.9262402,112.5948413,233.43,0.0,0.0,IDLE,,
1786035795.388,2026-08-07 00:03:15,MANUAL,True,-7.9262402,112.5948413,233.43,0.0,0.0,IDLE,,
1786035795.505,2026-08-07 00:03:15,MANUAL,True,-7.9262404,112.5948411,233.41,0.0,0.0,IDLE,118,-202
1786035795.622,2026-08-07 00:03:15,MANUAL,True,-7.9262406,112.5948408,233.42,0.0,0.0,IDLE,,
1786035795.743,2026-08-07 00:03:15,MANUAL,True,-7.9262406,112.5948408,233.42,0.0,0.0,IDLE,,
1786035795.860,2026-08-07 00:03:15,MANUAL,True,-7.9262408,112.5948406,233.41,0.0,0.0,IDLE,,
1786035795.980,2026-08-07 00:03:15,MANUAL,True,-7.9262408,112.5948406,233.42,0.0,0.0,IDLE,,
1786035796.108,2026-08-07 00:03:16,MANUAL,True,-7.926241,112.5948403,233.42,0.0,0.0,IDLE,114,-206
1786035796.227,2026-08-07 00:03:16,MANUAL,True,-7.9262412,112.5948401,233.44,0.0,0.0,IDLE,,
1786035796.351,2026-08-07 00:03:16,MANUAL,True,-7.9262412,112.5948401,233.45,0.0,0.0,IDLE,,
1786035796.463,2026-08-07 00:03:16,MANUAL,True,-7.9262414,112.5948399,233.43,0.0,0.0,IDLE,114,-206
1786035796.588,2026-08-07 00:03:16,MANUAL,True,-7.9262414,112.5948399,233.45,0.0,0.0,IDLE,115,-205
1786035796.731,2026-08-07 00:03:16,MANUAL,True,-7.9262416,112.5948396,233.45,0.0,0.0,IDLE,114,-206
1786035796.852,2026-08-07 00:03:16,MANUAL,True,-7.9262418,112.5948394,233.45,0.0,0.0,IDLE,114,-206
1786035796.981,2026-08-07 00:03:16,MANUAL,True,-7.9262418,112.5948394,233.45,0.0,0.0,IDLE,114,-206
1786035797.105,2026-08-07 00:03:17,MANUAL,True,-7.926242,112.5948392,233.45,0.0,0.0,IDLE,,
1786035797.218,2026-08-07 00:03:17,MANUAL,True,-7.926242,112.5948392,233.46,0.0,0.0,IDLE,117,-203
1786035797.338,2026-08-07 00:03:17,MANUAL,True,-7.9262422,112.5948389,233.47,0.0,0.0,IDLE,,
1786035797.460,2026-08-07 00:03:17,MANUAL,True,-7.9262422,112.5948389,233.48,0.0,0.0,IDLE,113,-207
1786035797.591,2026-08-07 00:03:17,MANUAL,True,-7.9262422,112.5948389,233.48,0.0,0.0,IDLE,113,-207
1786035797.710,2026-08-07 00:03:17,MANUAL,True,-7.9262425,112.5948384,233.49,0.0,0.0,IDLE,,
1786035797.828,2026-08-07 00:03:17,MANUAL,True,-7.9262425,112.5948384,233.49,0.0,0.0,IDLE,,
1786035797.950,2026-08-07 00:03:17,MANUAL,True,-7.9262427,112.5948382,233.49,0.0,0.0,IDLE,114,-206
1786035798.077,2026-08-07 00:03:18,MANUAL,True,-7.9262427,112.5948382,233.5,0.0,0.0,IDLE,,
1786035798.200,2026-08-07 00:03:18,MANUAL,True,-7.9262429,112.5948379,233.45,0.0,0.0,IDLE,117,-203
1786035798.328,2026-08-07 00:03:18,MANUAL,True,-7.9262429,112.5948379,233.47,0.0,0.0,IDLE,111,-209
1786035798.451,2026-08-07 00:03:18,MANUAL,True,-7.9262431,112.5948377,233.46,0.0,0.0,IDLE,111,-209
1786035798.575,2026-08-07 00:03:18,MANUAL,True,-7.9262433,112.5948375,233.44,0.0,0.0,IDLE,111,-209
1786035798.695,2026-08-07 00:03:18,MANUAL,True,-7.9262433,112.5948375,233.44,0.0,0.0,IDLE,,
1786035798.822,2026-08-07 00:03:18,MANUAL,True,-7.9262435,112.5948372,233.41,0.0,0.0,IDLE,,
1786035798.943,2026-08-07 00:03:18,MANUAL,True,-7.9262435,112.5948372,233.4,0.0,0.0,IDLE,111,-209
1786035799.063,2026-08-07 00:03:19,MANUAL,True,-7.9262437,112.594837,233.41,0.0,0.0,IDLE,111,-209
1786035799.190,2026-08-07 00:03:19,MANUAL,True,-7.9262437,112.594837,233.4,0.0,0.0,IDLE,,
1786035799.308,2026-08-07 00:03:19,MANUAL,True,-7.9262439,112.5948367,233.4,0.0,0.0,IDLE,111,-209
1786035799.425,2026-08-07 00:03:19,MANUAL,True,-7.9262441,112.5948365,233.42,0.0,0.0,IDLE,111,-209
1786035799.550,2026-08-07 00:03:19,MANUAL,True,-7.9262441,112.5948365,233.42,0.0,0.0,IDLE,,
1786035799.669,2026-08-07 00:03:19,MANUAL,True,-7.9262441,112.5948365,233.42,0.0,0.0,IDLE,114,-206
1786035799.789,2026-08-07 00:03:19,MANUAL,True,-7.9262443,112.5948363,233.42,0.0,0.0,IDLE,,
1786035799.916,2026-08-07 00:03:19,MANUAL,True,-7.9262445,112.594836,233.41,0.0,0.0,IDLE,,
1786035800.040,2026-08-07 00:03:20,MANUAL,True,-7.9262447,112.5948358,233.41,0.0,0.0,IDLE,111,-209
1786035800.160,2026-08-07 00:03:20,MANUAL,True,-7.9262448,112.5948356,233.39,0.0,0.0,IDLE,110,-210
1786035800.286,2026-08-07 00:03:20,MANUAL,True,-7.926245,112.5948354,233.39,0.0,0.0,IDLE,111,-209
1786035800.409,2026-08-07 00:03:20,MANUAL,True,-7.9262452,112.5948351,233.37,0.0,0.0,IDLE,111,-209
1786035800.528,2026-08-07 00:03:20,MANUAL,True,-7.9262452,112.5948351,233.37,0.0,0.0,IDLE,,
1786035800.657,2026-08-07 00:03:20,MANUAL,True,-7.9262452,112.5948351,233.37,0.0,0.0,IDLE,111,-209
1786035800.776,2026-08-07 00:03:20,MANUAL,True,-7.9262454,112.5948349,233.38,0.0,0.0,IDLE,,
1786035800.901,2026-08-07 00:03:20,MANUAL,True,-7.9262456,112.5948346,233.37,0.0,0.0,IDLE,,
1786035801.020,2026-08-07 00:03:21,MANUAL,True,-7.9262456,112.5948346,233.35,0.0,0.0,IDLE,,
1786035801.145,2026-08-07 00:03:21,MANUAL,True,-7.9262145,112.594835,233.36,0.0,0.0,IDLE,112,-208
1786035801.267,2026-08-07 00:03:21,MANUAL,True,-7.9262145,112.594835,233.35,0.0,0.0,IDLE,,
1786035801.387,2026-08-07 00:03:21,MANUAL,True,-7.9262147,112.5948353,233.35,0.0,0.0,IDLE,,
1786035801.507,2026-08-07 00:03:21,MANUAL,True,-7.9262149,112.5948356,233.36,0.0,0.0,IDLE,,
1786035801.627,2026-08-07 00:03:21,MANUAL,True,-7.9262155,112.5948366,233.39,0.0,0.0,IDLE,,
1786035801.750,2026-08-07 00:03:21,MANUAL,True,-7.9262157,112.5948371,233.37,0.0,0.0,IDLE,,
1786035801.874,2026-08-07 00:03:21,MANUAL,True,-7.9262159,112.5948375,233.37,0.0,0.0,IDLE,,
1786035801.994,2026-08-07 00:03:21,MANUAL,True,-7.9262161,112.5948378,233.35,0.0,0.0,IDLE,,
1786035802.120,2026-08-07 00:03:22,MANUAL,True,-7.9262162,112.5948379,233.35,0.0,0.0,IDLE,113,-207
1786035802.245,2026-08-07 00:03:22,MANUAL,True,-7.9262164,112.5948379,233.35,0.0,0.0,IDLE,113,-207
1786035802.370,2026-08-07 00:03:22,MANUAL,True,-7.9262164,112.5948379,233.35,0.0,0.0,IDLE,113,-207
1786035802.484,2026-08-07 00:03:22,MANUAL,True,-7.9262164,112.5948378,233.34,0.0,0.0,IDLE,,
1786035802.604,2026-08-07 00:03:22,MANUAL,True,-7.9262164,112.5948378,233.34,0.0,0.0,IDLE,,
1786035802.724,2026-08-07 00:03:22,MANUAL,True,-7.9262163,112.5948377,233.33,0.0,0.0,IDLE,,
1786035802.845,2026-08-07 00:03:22,MANUAL,True,-7.9262162,112.5948372,233.32,0.0,0.0,IDLE,,
1786035802.968,2026-08-07 00:03:22,MANUAL,True,-7.9262161,112.5948371,233.33,0.0,0.0,IDLE,120,-200
1786035803.081,2026-08-07 00:03:23,MANUAL,True,-7.926216,112.5948371,233.31,0.0,0.0,IDLE,119,-201
1786035803.199,2026-08-07 00:03:23,MANUAL,True,-7.926216,112.5948371,233.31,0.0,0.0,IDLE,120,-200
1786035803.320,2026-08-07 00:03:23,MANUAL,True,-7.9262159,112.594837,233.32,0.0,0.0,IDLE,120,-200
1786035803.448,2026-08-07 00:03:23,MANUAL,True,-7.9262156,112.5948369,233.29,0.0,0.0,IDLE,119,-201
1786035803.574,2026-08-07 00:03:23,MANUAL,True,-7.9262156,112.5948369,233.29,0.0,0.0,IDLE,120,-200
1786035803.698,2026-08-07 00:03:23,MANUAL,True,-7.9262156,112.5948368,233.26,0.0,0.0,IDLE,,
1786035803.817,2026-08-07 00:03:23,MANUAL,True,-7.9262156,112.5948367,233.26,0.0,0.0,IDLE,,
1786035803.941,2026-08-07 00:03:23,MANUAL,True,-7.9262155,112.5948364,233.26,0.0,0.0,IDLE,118,-202
1786035804.066,2026-08-07 00:03:24,MANUAL,True,-7.9262155,112.5948363,233.27,0.0,0.0,IDLE,,
1786035804.188,2026-08-07 00:03:24,MANUAL,True,-7.9262154,112.5948361,233.26,0.0,0.0,IDLE,,
1786035804.319,2026-08-07 00:03:24,MANUAL,True,-7.9262154,112.5948361,233.26,0.0,0.0,IDLE,,
1786035804.442,2026-08-07 00:03:24,MANUAL,True,-7.9262153,112.594836,233.25,0.0,0.0,IDLE,,
1786035804.559,2026-08-07 00:03:24,MANUAL,True,-7.9262153,112.594836,233.25,0.0,0.0,IDLE,,
1786035804.677,2026-08-07 00:03:24,MANUAL,True,-7.9262151,112.5948359,233.27,0.0,0.0,IDLE,,
1786035804.795,2026-08-07 00:03:24,MANUAL,True,-7.926215,112.5948359,233.27,0.0,0.0,IDLE,116,-204
1786035804.913,2026-08-07 00:03:24,MANUAL,True,-7.926215,112.594836,233.27,0.0,0.0,IDLE,117,-203
1786035805.032,2026-08-07 00:03:25,MANUAL,True,-7.9262148,112.5948359,233.27,0.0,0.0,IDLE,113,-207
1786035805.162,2026-08-07 00:03:25,MANUAL,True,-7.9262147,112.5948357,233.29,0.0,0.0,IDLE,111,-209
1786035805.282,2026-08-07 00:03:25,MANUAL,True,-7.9262146,112.5948356,233.3,0.0,0.0,IDLE,0,-320
1786035805.418,2026-08-07 00:03:25,MANUAL,True,-7.9262145,112.5948355,233.3,0.0,0.0,IDLE,117,-203
1786035805.539,2026-08-07 00:03:25,MANUAL,True,-7.9262145,112.5948355,233.32,0.0,0.0,IDLE,117,-203
1786035805.654,2026-08-07 00:03:25,MANUAL,True,-7.9262145,112.5948355,233.32,0.0,0.0,IDLE,115,-205
1786035805.771,2026-08-07 00:03:25,MANUAL,True,-7.9262142,112.5948351,233.31,0.0,0.0,IDLE,117,-203
1786035805.890,2026-08-07 00:03:25,MANUAL,True,-7.9262141,112.594835,233.33,0.0,0.0,IDLE,115,-205
1786035806.020,2026-08-07 00:03:26,MANUAL,True,-7.9262141,112.5948349,233.32,0.0,0.0,IDLE,113,-207
1786035806.146,2026-08-07 00:03:26,MANUAL,True,-7.926214,112.5948349,233.33,0.0,0.0,IDLE,0,-320
1786035806.271,2026-08-07 00:03:26,MANUAL,True,-7.9262139,112.5948345,233.33,0.0,0.0,IDLE,109,-211
1786035806.466,2026-08-07 00:03:26,MANUAL,True,-7.9262139,112.5948345,233.32,0.0,0.0,IDLE,0,-320
1786035806.621,2026-08-07 00:03:26,MANUAL,True,-7.9262139,112.5948345,233.32,0.0,0.0,IDLE,110,-210
1786035806.781,2026-08-07 00:03:26,MANUAL,True,-7.9262139,112.5948347,233.31,0.0,0.0,IDLE,109,-211
1786035807.000,2026-08-07 00:03:26,MANUAL,True,-7.926214,112.5948348,233.28,0.0,0.0,IDLE,109,-211
1786035807.134,2026-08-07 00:03:27,MANUAL,True,-7.9262141,112.5948348,233.28,0.0,0.0,IDLE,109,-211
1786035807.290,2026-08-07 00:03:27,MANUAL,True,-7.9262141,112.5948347,233.27,0.0,0.0,IDLE,109,-211
1786035807.438,2026-08-07 00:03:27,MANUAL,True,-7.9262141,112.5948347,233.27,0.0,0.0,IDLE,0,-320
1786035807.581,2026-08-07 00:03:27,MANUAL,True,-7.9262141,112.5948347,233.29,0.0,0.0,IDLE,0,-320
1786035807.765,2026-08-07 00:03:27,MANUAL,True,-7.9262141,112.5948347,233.28,0.0,0.0,IDLE,0,-320
1786035807.884,2026-08-07 00:03:27,MANUAL,True,-7.9262142,112.5948347,233.28,0.0,0.0,IDLE,0,-320
1786035808.005,2026-08-07 00:03:28,MANUAL,True,-7.9262143,112.5948348,233.27,0.0,0.0,IDLE,275,-45
1786035808.132,2026-08-07 00:03:28,MANUAL,True,-7.9262145,112.594835,233.27,0.0,0.0,IDLE,263,-57
1786035808.249,2026-08-07 00:03:28,MANUAL,True,-7.9262145,112.5948351,233.26,0.0,0.0,IDLE,266,-54
1786035808.366,2026-08-07 00:03:28,MANUAL,True,-7.9262146,112.5948353,233.26,0.0,0.0,IDLE,269,-51
1786035808.492,2026-08-07 00:03:28,MANUAL,True,-7.9262147,112.5948355,233.26,0.0,0.0,IDLE,272,-48
1786035808.625,2026-08-07 00:03:28,MANUAL,True,-7.9262148,112.5948359,233.28,0.0,0.0,IDLE,274,-46
1786035808.753,2026-08-07 00:03:28,MANUAL,True,-7.9262149,112.5948359,233.27,0.0,0.0,IDLE,587,267
1786035808.878,2026-08-07 00:03:28,MANUAL,True,-7.926215,112.5948361,233.27,0.0,0.0,IDLE,283,-37
1786035809.001,2026-08-07 00:03:29,MANUAL,True,-7.9262151,112.5948362,233.28,0.0,0.0,IDLE,287,-33
1786035809.132,2026-08-07 00:03:29,MANUAL,True,-7.9262153,112.5948367,233.27,0.0,0.0,IDLE,293,-27
1786035809.262,2026-08-07 00:03:29,MANUAL,True,-7.9262154,112.5948371,233.26,0.0,0.0,IDLE,299,-21
1786035809.386,2026-08-07 00:03:29,MANUAL,True,-7.9262155,112.5948373,233.26,0.0,0.0,IDLE,302,-18
1786035809.508,2026-08-07 00:03:29,MANUAL,True,-7.9262156,112.5948376,233.26,0.0,0.0,IDLE,307,-13
1786035809.641,2026-08-07 00:03:29,MANUAL,True,-7.9262157,112.5948379,233.25,0.0,0.0,IDLE,311,-9
1786035809.762,2026-08-07 00:03:29,MANUAL,True,-7.9262158,112.5948382,233.25,0.0,0.0,IDLE,313,-7
1786035809.879,2026-08-07 00:03:29,MANUAL,True,-7.9262159,112.5948384,233.24,0.0,0.0,IDLE,314,-6
1786035810.010,2026-08-07 00:03:30,MANUAL,True,-7.9262161,112.5948391,233.25,0.0,0.0,IDLE,314,-6
1786035810.133,2026-08-07 00:03:30,MANUAL,True,-7.9262161,112.5948392,233.25,0.0,0.0,IDLE,314,-6
1786035810.258,2026-08-07 00:03:30,MANUAL,True,-7.9262162,112.5948398,233.25,0.0,0.0,IDLE,315,-5
1786035810.383,2026-08-07 00:03:30,MANUAL,True,-7.9262163,112.5948401,233.26,0.0,0.0,IDLE,316,-4
1786035810.599,2026-08-07 00:03:30,MANUAL,True,-7.9262164,112.5948405,233.25,0.0,0.0,IDLE,317,-3
1786035810.731,2026-08-07 00:03:30,MANUAL,True,-7.9262165,112.5948416,233.27,0.0,0.0,IDLE,317,-3
1786035810.847,2026-08-07 00:03:30,MANUAL,True,-7.9262166,112.594842,233.26,0.0,0.0,IDLE,319,-1
1786035810.975,2026-08-07 00:03:30,MANUAL,True,-7.9262166,112.5948424,233.28,0.0,0.0,IDLE,322,2
1786035811.099,2026-08-07 00:03:31,MANUAL,True,-7.9262165,112.5948426,233.26,0.0,0.0,IDLE,327,7
1786035811.220,2026-08-07 00:03:31,MANUAL,True,-7.9262165,112.5948432,233.29,0.0,0.0,IDLE,330,10
1786035811.341,2026-08-07 00:03:31,MANUAL,True,-7.9262164,112.5948436,233.29,0.0,0.0,IDLE,331,11
1786035811.460,2026-08-07 00:03:31,MANUAL,True,-7.9262164,112.594844,233.3,0.0,0.0,IDLE,336,16
1786035811.584,2026-08-07 00:03:31,MANUAL,True,-7.9262164,112.5948446,233.3,0.0,0.0,IDLE,345,25
1786035811.706,2026-08-07 00:03:31,MANUAL,True,-7.9262163,112.5948458,233.28,0.0,0.0,IDLE,640,320
1786035811.825,2026-08-07 00:03:31,MANUAL,True,-7.9262163,112.5948464,233.27,0.0,0.0,IDLE,640,320
1786035811.956,2026-08-07 00:03:31,MANUAL,True,-7.9262163,112.5948469,233.27,0.0,0.0,IDLE,359,39
1786035812.084,2026-08-07 00:03:32,MANUAL,True,-7.9262163,112.5948473,233.27,0.0,0.0,IDLE,362,42
1786035812.208,2026-08-07 00:03:32,MANUAL,True,-7.9262163,112.5948479,233.27,0.0,0.0,IDLE,366,46
1786035812.329,2026-08-07 00:03:32,MANUAL,True,-7.9262162,112.5948482,233.29,0.0,0.0,IDLE,370,50
1786035812.460,2026-08-07 00:03:32,MANUAL,True,-7.9262162,112.5948485,233.29,0.0,0.0,IDLE,373,53
1786035812.579,2026-08-07 00:03:32,MANUAL,True,-7.9262161,112.5948488,233.27,0.0,0.0,IDLE,373,53
1786035812.697,2026-08-07 00:03:32,MANUAL,True,-7.9262161,112.5948489,233.28,0.0,0.0,IDLE,369,49
1786035812.822,2026-08-07 00:03:32,MANUAL,True,-7.9262161,112.5948496,233.28,0.0,0.0,IDLE,367,47
1786035812.944,2026-08-07 00:03:32,MANUAL,True,-7.9262161,112.5948501,233.28,0.0,0.0,IDLE,365,45
1786035813.118,2026-08-07 00:03:33,MANUAL,True,-7.9262161,112.5948509,233.29,0.0,0.0,IDLE,361,41
1786035813.238,2026-08-07 00:03:33,MANUAL,True,-7.9262161,112.5948515,233.29,0.0,0.0,IDLE,352,32
1786035813.358,2026-08-07 00:03:33,MANUAL,True,-7.9262162,112.594852,233.29,0.0,0.0,IDLE,347,27
1786035813.478,2026-08-07 00:03:33,MANUAL,True,-7.9262162,112.5948524,233.27,0.0,0.0,IDLE,637,317
1786035813.593,2026-08-07 00:03:33,MANUAL,True,-7.9262163,112.594853,233.28,0.0,0.0,IDLE,337,17
1786035813.708,2026-08-07 00:03:33,MANUAL,True,-7.9262163,112.5948538,233.26,0.0,0.0,IDLE,334,14
1786035813.835,2026-08-07 00:03:33,MANUAL,True,-7.9262163,112.5948543,233.27,0.0,0.0,IDLE,330,10
1786035813.961,2026-08-07 00:03:33,MANUAL,True,-7.9262163,112.5948547,233.27,0.0,0.0,IDLE,322,2
1786035814.077,2026-08-07 00:03:34,MANUAL,True,-7.9262163,112.594855,233.26,0.0,0.0,IDLE,320,0
1786035814.193,2026-08-07 00:03:34,MANUAL,True,-7.9262163,112.5948554,233.25,0.0,0.0,IDLE,618,298
1786035814.313,2026-08-07 00:03:34,MANUAL,True,-7.9262163,112.594856,233.26,0.0,0.0,IDLE,315,-5
1786035814.437,2026-08-07 00:03:34,MANUAL,True,-7.9262162,112.5948562,233.26,0.0,0.0,IDLE,313,-7
1786035814.558,2026-08-07 00:03:34,MANUAL,True,-7.9262161,112.5948566,233.23,0.0,0.0,IDLE,315,-5
1786035814.675,2026-08-07 00:03:34,MANUAL,True,-7.9262161,112.5948566,233.23,0.0,0.0,IDLE,318,-2
1786035814.793,2026-08-07 00:03:34,MANUAL,True,-7.9262161,112.5948572,233.22,0.0,0.0,IDLE,322,2
1786035814.915,2026-08-07 00:03:34,MANUAL,True,-7.9262159,112.5948577,233.24,0.0,0.0,IDLE,323,3
1786035815.032,2026-08-07 00:03:35,MANUAL,True,-7.9262158,112.5948578,233.25,0.0,0.0,IDLE,323,3
1786035815.153,2026-08-07 00:03:35,MANUAL,True,-7.9262157,112.5948579,233.25,0.0,0.0,IDLE,322,2
1786035815.274,2026-08-07 00:03:35,MANUAL,True,-7.9262156,112.594858,233.26,0.0,0.0,IDLE,321,1
1786035815.397,2026-08-07 00:03:35,MANUAL,True,-7.9262155,112.594858,233.25,0.0,0.0,IDLE,314,-6
1786035815.529,2026-08-07 00:03:35,MANUAL,True,-7.9262153,112.5948581,233.25,0.0,0.0,IDLE,305,-15
1786035815.652,2026-08-07 00:03:35,MANUAL,True,-7.9262153,112.5948582,233.24,0.0,0.0,IDLE,294,-26
1786035815.772,2026-08-07 00:03:35,MANUAL,True,-7.9262152,112.5948581,233.24,0.0,0.0,IDLE,290,-30
1786035815.898,2026-08-07 00:03:35,MANUAL,True,-7.9262151,112.594858,233.26,0.0,0.0,IDLE,290,-30
1786035816.014,2026-08-07 00:03:36,MANUAL,True,-7.926215,112.5948577,233.27,0.0,0.0,IDLE,291,-29
1786035816.150,2026-08-07 00:03:36,MANUAL,True,-7.9262149,112.5948576,233.27,0.0,0.0,IDLE,291,-29
1786035816.276,2026-08-07 00:03:36,MANUAL,True,-7.9262149,112.5948575,233.25,0.0,0.0,IDLE,290,-30
1786035816.416,2026-08-07 00:03:36,MANUAL,True,-7.9262149,112.5948574,233.26,0.0,0.0,IDLE,290,-30
1786035816.554,2026-08-07 00:03:36,MANUAL,True,-7.9262149,112.5948572,233.26,0.0,0.0,IDLE,292,-28
1786035816.672,2026-08-07 00:03:36,MANUAL,True,-7.9262149,112.5948571,233.27,0.0,0.0,IDLE,303,-17
1786035816.786,2026-08-07 00:03:36,MANUAL,True,-7.9262148,112.594857,233.27,0.0,0.0,IDLE,306,-14
1786035816.904,2026-08-07 00:03:36,MANUAL,True,-7.9262147,112.5948568,233.26,0.0,0.0,IDLE,314,-6
1786035817.021,2026-08-07 00:03:37,MANUAL,True,-7.9262146,112.5948567,233.25,0.0,0.0,IDLE,318,-2
1786035817.146,2026-08-07 00:03:37,MANUAL,True,-7.9262146,112.5948566,233.25,0.0,0.0,IDLE,320,0
1786035817.278,2026-08-07 00:03:37,MANUAL,True,-7.9262146,112.5948565,233.24,0.0,0.0,IDLE,321,1
1786035817.398,2026-08-07 00:03:37,MANUAL,True,-7.9262145,112.5948562,233.26,0.0,0.0,IDLE,324,4
1786035817.522,2026-08-07 00:03:37,MANUAL,True,-7.9262143,112.5948558,233.29,0.0,0.0,IDLE,326,6
1786035817.649,2026-08-07 00:03:37,MANUAL,True,-7.9262143,112.5948557,233.29,0.0,0.0,IDLE,327,7
1786035817.774,2026-08-07 00:03:37,MANUAL,True,-7.9262142,112.5948557,233.3,0.0,0.0,IDLE,332,12
1786035817.898,2026-08-07 00:03:37,MANUAL,True,-7.9262142,112.5948557,233.3,0.0,0.0,IDLE,337,17
1786035818.016,2026-08-07 00:03:38,MANUAL,True,-7.9262141,112.5948559,233.3,0.0,0.0,IDLE,626,306
1786035818.135,2026-08-07 00:03:38,MANUAL,True,-7.926214,112.5948559,233.31,0.0,0.0,IDLE,627,307
1786035818.255,2026-08-07 00:03:38,MANUAL,True,-7.926214,112.5948559,233.32,0.0,0.0,IDLE,633,313
1786035818.375,2026-08-07 00:03:38,MANUAL,True,-7.9262139,112.5948559,233.32,0.0,0.0,IDLE,338,18
1786035818.494,2026-08-07 00:03:38,MANUAL,True,-7.9262137,112.5948558,233.33,0.0,0.0,IDLE,339,19
1786035818.618,2026-08-07 00:03:38,MANUAL,True,-7.9262133,112.5948557,233.33,0.0,0.0,IDLE,340,20
1786035818.739,2026-08-07 00:03:38,MANUAL,True,-7.9262132,112.5948556,233.33,0.0,0.0,IDLE,640,320
1786035818.859,2026-08-07 00:03:38,MANUAL,True,-7.9262131,112.5948557,233.32,0.0,0.0,IDLE,352,32
1786035818.986,2026-08-07 00:03:38,MANUAL,True,-7.9262129,112.5948558,233.32,0.0,0.0,IDLE,640,320
1786035819.114,2026-08-07 00:03:39,MANUAL,True,-7.9262126,112.5948559,233.3,0.0,0.0,IDLE,351,31
1786035819.250,2026-08-07 00:03:39,MANUAL,True,-7.9262125,112.5948561,233.3,0.0,0.0,IDLE,640,320
1786035819.380,2026-08-07 00:03:39,MANUAL,True,-7.9262124,112.5948563,233.3,0.0,0.0,IDLE,356,36
1786035819.504,2026-08-07 00:03:39,MANUAL,True,-7.9262122,112.5948564,233.29,0.0,0.0,IDLE,640,320
1786035819.625,2026-08-07 00:03:39,MANUAL,True,-7.926212,112.5948567,233.3,0.0,0.0,IDLE,636,316
1786035819.740,2026-08-07 00:03:39,MANUAL,True,-7.9262118,112.5948567,233.29,0.0,0.0,IDLE,,
1786035819.874,2026-08-07 00:03:39,MANUAL,True,-7.9262117,112.5948567,233.3,0.0,0.0,IDLE,,
1786035819.991,2026-08-07 00:03:39,MANUAL,True,-7.9262115,112.5948566,233.32,0.0,0.0,IDLE,,
1786035820.113,2026-08-07 00:03:40,MANUAL,True,-7.9262112,112.5948564,233.33,0.0,0.0,IDLE,,
1786035820.232,2026-08-07 00:03:40,MANUAL,True,-7.9262111,112.5948564,233.35,0.0,0.0,IDLE,,
1786035820.350,2026-08-07 00:03:40,MANUAL,True,-7.9262109,112.5948564,233.35,0.0,0.0,IDLE,,
1786035820.477,2026-08-07 00:03:40,MANUAL,True,-7.9262108,112.5948564,233.36,0.0,0.0,IDLE,,
1786035820.595,2026-08-07 00:03:40,MANUAL,True,-7.9262106,112.5948565,233.35,0.0,0.0,IDLE,,
1786035820.721,2026-08-07 00:03:40,MANUAL,True,-7.9262104,112.5948565,233.33,0.0,0.0,IDLE,,
1786035820.842,2026-08-07 00:03:40,MANUAL,True,-7.9262103,112.5948566,233.32,0.0,0.0,IDLE,,
1786035820.961,2026-08-07 00:03:40,MANUAL,True,-7.9262102,112.5948566,233.32,0.0,0.0,IDLE,,
1786035821.082,2026-08-07 00:03:41,MANUAL,True,-7.9262101,112.5948566,233.31,0.0,0.0,IDLE,,
1786035821.199,2026-08-07 00:03:41,MANUAL,True,-7.92621,112.5948566,233.31,0.0,0.0,IDLE,,
1786035821.330,2026-08-07 00:03:41,MANUAL,True,-7.9262099,112.5948566,233.32,0.0,0.0,IDLE,,
1786035821.445,2026-08-07 00:03:41,MANUAL,True,-7.9262099,112.5948566,233.32,0.0,0.0,IDLE,,
1786035821.561,2026-08-07 00:03:41,MANUAL,True,-7.9262099,112.5948566,233.31,0.0,0.0,IDLE,,
1786035821.678,2026-08-07 00:03:41,MANUAL,True,-7.9262099,112.5948566,233.32,0.0,0.0,IDLE,,
1786035821.803,2026-08-07 00:03:41,MANUAL,True,-7.9262099,112.5948567,233.32,0.0,0.0,IDLE,,
1786035821.922,2026-08-07 00:03:41,MANUAL,True,-7.9262099,112.5948568,233.33,0.0,0.0,IDLE,265,-55
1786035822.060,2026-08-07 00:03:42,MANUAL,True,-7.9262099,112.5948569,233.33,0.0,0.0,IDLE,277,-43
1786035822.201,2026-08-07 00:03:42,MANUAL,True,-7.9262099,112.5948569,233.33,0.0,0.0,IDLE,288,-32
1786035822.325,2026-08-07 00:03:42,MANUAL,True,-7.9262099,112.5948569,233.33,0.0,0.0,IDLE,289,-31
1786035822.451,2026-08-07 00:03:42,MANUAL,True,-7.9262099,112.5948569,233.33,0.0,0.0,IDLE,293,-27
1786035822.573,2026-08-07 00:03:42,MANUAL,True,-7.9262099,112.594857,233.32,0.0,0.0,IDLE,301,-19
1786035822.698,2026-08-07 00:03:42,MANUAL,True,-7.9262099,112.594857,233.33,0.0,0.0,IDLE,306,-14
1786035822.816,2026-08-07 00:03:42,MANUAL,True,-7.92621,112.5948574,233.32,0.0,0.0,IDLE,309,-11
1786035822.933,2026-08-07 00:03:42,MANUAL,True,-7.92621,112.5948578,233.31,0.0,0.0,IDLE,313,-7
1786035823.059,2026-08-07 00:03:43,MANUAL,True,-7.92621,112.5948581,233.32,0.0,0.0,IDLE,316,-4
1786035823.185,2026-08-07 00:03:43,MANUAL,True,-7.92621,112.5948583,233.33,0.0,0.0,IDLE,325,5
1786035823.314,2026-08-07 00:03:43,MANUAL,True,-7.92621,112.5948589,233.31,0.0,0.0,IDLE,332,12
1786035823.443,2026-08-07 00:03:43,MANUAL,True,-7.92621,112.5948592,233.32,0.0,0.0,IDLE,339,19
1786035823.592,2026-08-07 00:03:43,MANUAL,True,-7.9262097,112.5948595,233.33,0.0,0.0,IDLE,344,24
1786035823.715,2026-08-07 00:03:43,MANUAL,True,-7.9262095,112.5948597,233.33,0.0,0.0,IDLE,349,29
1786035823.841,2026-08-07 00:03:43,MANUAL,True,-7.9262095,112.5948599,233.34,0.0,0.0,IDLE,356,36
1786035823.972,2026-08-07 00:03:43,MANUAL,True,-7.9262094,112.5948603,233.34,0.0,0.0,IDLE,360,40
1786035824.097,2026-08-07 00:03:44,MANUAL,True,-7.9262094,112.5948607,233.35,0.0,0.0,IDLE,365,45
1786035824.218,2026-08-07 00:03:44,MANUAL,True,-7.9262092,112.5948614,233.35,0.0,0.0,IDLE,361,41
1786035824.348,2026-08-07 00:03:44,MANUAL,True,-7.9262091,112.5948618,233.35,0.0,0.0,IDLE,348,28
1786035824.471,2026-08-07 00:03:44,MANUAL,True,-7.9262091,112.5948621,233.34,0.0,0.0,IDLE,330,10
1786035824.592,2026-08-07 00:03:44,MANUAL,True,-7.9262091,112.5948625,233.35,0.0,0.0,IDLE,324,4
1786035824.715,2026-08-07 00:03:44,MANUAL,True,-7.9262091,112.594863,233.34,0.0,0.0,IDLE,311,-9
1786035824.841,2026-08-07 00:03:44,MANUAL,True,-7.926209,112.5948633,233.34,0.0,0.0,IDLE,301,-19
1786035824.968,2026-08-07 00:03:44,MANUAL,True,-7.9262091,112.5948637,233.36,0.0,0.0,IDLE,294,-26
1786035825.092,2026-08-07 00:03:45,MANUAL,True,-7.9262091,112.5948639,233.35,0.0,0.0,IDLE,287,-33
1786035825.212,2026-08-07 00:03:45,MANUAL,True,-7.9262092,112.5948644,233.34,0.0,0.0,IDLE,285,-35
1786035825.332,2026-08-07 00:03:45,MANUAL,True,-7.9262092,112.5948647,233.35,0.0,0.0,IDLE,283,-37
1786035825.458,2026-08-07 00:03:45,MANUAL,True,-7.9262093,112.5948648,233.34,0.0,0.0,IDLE,282,-38
1786035825.582,2026-08-07 00:03:45,MANUAL,True,-7.9262095,112.5948652,233.33,0.0,0.0,IDLE,282,-38
1786035825.706,2026-08-07 00:03:45,MANUAL,True,-7.9262095,112.5948655,233.36,0.0,0.0,IDLE,286,-34
1786035825.828,2026-08-07 00:03:45,MANUAL,True,-7.9262095,112.5948657,233.37,0.0,0.0,IDLE,297,-23
1786035825.953,2026-08-07 00:03:45,MANUAL,True,-7.9262095,112.5948659,233.37,0.0,0.0,IDLE,313,-7
1786035826.075,2026-08-07 00:03:46,MANUAL,True,-7.9262096,112.5948662,233.38,0.0,0.0,IDLE,329,9
1786035826.189,2026-08-07 00:03:46,MANUAL,True,-7.9262096,112.5948665,233.39,0.0,0.0,IDLE,339,19
1786035826.308,2026-08-07 00:03:46,MANUAL,True,-7.9262096,112.594867,233.4,0.0,0.0,IDLE,350,30
1786035826.446,2026-08-07 00:03:46,MANUAL,True,-7.9262097,112.5948673,233.4,0.0,0.0,IDLE,364,44
1786035826.569,2026-08-07 00:03:46,MANUAL,True,-7.9262097,112.5948676,233.4,0.0,0.0,IDLE,375,55
1786035826.687,2026-08-07 00:03:46,MANUAL,True,-7.9262097,112.5948679,233.4,0.0,0.0,IDLE,386,66
1786035826.806,2026-08-07 00:03:46,MANUAL,True,-7.9262097,112.5948683,233.38,0.0,0.0,IDLE,396,76
1786035826.929,2026-08-07 00:03:46,MANUAL,True,-7.9262098,112.5948684,233.37,0.0,0.0,IDLE,400,80
1786035827.050,2026-08-07 00:03:47,MANUAL,True,-7.9262098,112.5948683,233.36,0.0,0.0,IDLE,406,86
1786035827.172,2026-08-07 00:03:47,MANUAL,True,-7.9262099,112.5948683,233.38,0.0,0.0,IDLE,407,87
1786035827.314,2026-08-07 00:03:47,MANUAL,True,-7.9262101,112.5948681,233.38,0.0,0.0,IDLE,404,84
1786035827.439,2026-08-07 00:03:47,MANUAL,True,-7.9262102,112.5948681,233.38,0.0,0.0,IDLE,399,79
1786035827.558,2026-08-07 00:03:47,MANUAL,True,-7.9262103,112.5948679,233.39,0.0,0.0,IDLE,389,69
1786035827.677,2026-08-07 00:03:47,MANUAL,True,-7.9262103,112.5948678,233.39,0.0,0.0,IDLE,376,56
1786035827.800,2026-08-07 00:03:47,MANUAL,True,-7.9262103,112.5948677,233.38,0.0,0.0,IDLE,369,49
1786035827.925,2026-08-07 00:03:47,MANUAL,True,-7.9262104,112.5948673,233.39,0.0,0.0,IDLE,351,31
1786035828.047,2026-08-07 00:03:48,MANUAL,True,-7.9262105,112.594867,233.38,0.0,0.0,IDLE,336,16
1786035828.171,2026-08-07 00:03:48,MANUAL,True,-7.9262105,112.5948668,233.38,0.0,0.0,IDLE,324,4
1786035828.294,2026-08-07 00:03:48,MANUAL,True,-7.9262105,112.5948663,233.39,0.0,0.0,IDLE,307,-13
1786035828.419,2026-08-07 00:03:48,MANUAL,True,-7.9262106,112.5948654,233.38,0.0,0.0,IDLE,292,-28
1786035828.543,2026-08-07 00:03:48,MANUAL,True,-7.9262106,112.5948654,233.38,0.0,0.0,IDLE,278,-42
1786035828.668,2026-08-07 00:03:48,MANUAL,True,-7.9262107,112.5948643,233.38,0.0,0.0,IDLE,264,-56
1786035828.792,2026-08-07 00:03:48,MANUAL,True,-7.9262108,112.5948638,233.39,0.0,0.0,IDLE,257,-63
1786035828.910,2026-08-07 00:03:48,MANUAL,True,-7.9262109,112.5948626,233.42,0.0,0.0,IDLE,248,-72
1786035829.032,2026-08-07 00:03:49,MANUAL,True,-7.9262109,112.594862,233.42,0.0,0.0,IDLE,243,-77
1786035829.159,2026-08-07 00:03:49,MANUAL,True,-7.9262109,112.5948615,233.44,0.0,0.0,IDLE,240,-80
1786035829.283,2026-08-07 00:03:49,MANUAL,True,-7.926211,112.5948609,233.44,0.0,0.0,IDLE,241,-79
1786035829.404,2026-08-07 00:03:49,MANUAL,True,-7.926211,112.5948595,233.45,0.0,0.0,IDLE,243,-77
1786035829.525,2026-08-07 00:03:49,MANUAL,True,-7.9262112,112.5948586,233.44,0.0,0.0,IDLE,245,-75
1786035829.645,2026-08-07 00:03:49,MANUAL,True,-7.9262114,112.5948578,233.46,0.0,0.0,IDLE,257,-63
1786035829.768,2026-08-07 00:03:49,MANUAL,True,-7.9262114,112.5948568,233.46,0.0,0.0,IDLE,268,-52
1786035829.885,2026-08-07 00:03:49,MANUAL,True,-7.9262115,112.5948557,233.46,0.0,0.0,IDLE,279,-41
1786035830.002,2026-08-07 00:03:50,MANUAL,True,-7.9262116,112.5948547,233.48,0.0,0.0,IDLE,288,-32
1786035830.124,2026-08-07 00:03:50,MANUAL,True,-7.9262118,112.5948527,233.48,0.0,0.0,IDLE,294,-26
1786035830.246,2026-08-07 00:03:50,MANUAL,True,-7.9262118,112.5948517,233.48,0.0,0.0,IDLE,305,-15
1786035830.369,2026-08-07 00:03:50,MANUAL,True,-7.9262119,112.5948508,233.48,0.0,0.0,IDLE,316,-4
1786035830.491,2026-08-07 00:03:50,MANUAL,True,-7.9262119,112.5948499,233.49,0.0,0.0,IDLE,327,7
1786035830.616,2026-08-07 00:03:50,MANUAL,True,-7.926212,112.5948483,233.51,0.0,0.0,IDLE,338,18
1786035830.735,2026-08-07 00:03:50,MANUAL,True,-7.926212,112.5948475,233.53,0.0,0.0,IDLE,349,29
1786035830.860,2026-08-07 00:03:50,MANUAL,True,-7.926212,112.5948468,233.55,0.0,0.0,IDLE,356,36
1786035830.994,2026-08-07 00:03:50,MANUAL,True,-7.9262121,112.5948461,233.56,0.0,0.0,IDLE,366,46
1786035831.116,2026-08-07 00:03:51,MANUAL,True,-7.9262121,112.5948448,233.55,0.0,0.0,IDLE,376,56
1786035831.237,2026-08-07 00:03:51,MANUAL,True,-7.926212,112.5948442,233.56,0.0,0.0,IDLE,383,63
1786035831.367,2026-08-07 00:03:51,MANUAL,True,-7.9262119,112.5948437,233.57,0.0,0.0,IDLE,391,71
1786035831.490,2026-08-07 00:03:51,MANUAL,True,-7.9262118,112.5948431,233.58,0.0,0.0,IDLE,397,77
1786035831.613,2026-08-07 00:03:51,MANUAL,True,-7.9262118,112.5948423,233.58,0.0,0.0,IDLE,403,83
1786035831.732,2026-08-07 00:03:51,MANUAL,True,-7.9262117,112.5948419,233.58,0.0,0.0,IDLE,408,88
1786035831.850,2026-08-07 00:03:51,MANUAL,True,-7.9262117,112.5948416,233.58,0.0,0.0,IDLE,410,90
1786035831.984,2026-08-07 00:03:51,MANUAL,True,-7.9262116,112.5948412,233.58,0.0,0.0,IDLE,409,89
1786035832.107,2026-08-07 00:03:52,MANUAL,True,-7.9262115,112.5948409,233.58,0.0,0.0,IDLE,403,83
1786035832.227,2026-08-07 00:03:52,MANUAL,True,-7.9262114,112.5948403,233.6,0.0,0.0,IDLE,394,74
1786035832.367,2026-08-07 00:03:52,MANUAL,True,-7.9262113,112.5948401,233.59,0.0,0.0,IDLE,383,63
1786035832.489,2026-08-07 00:03:52,MANUAL,True,-7.9262113,112.5948399,233.59,0.0,0.0,IDLE,373,53
1786035832.602,2026-08-07 00:03:52,MANUAL,True,-7.9262113,112.5948399,233.57,0.0,0.0,IDLE,361,41
1786035832.722,2026-08-07 00:03:52,MANUAL,True,-7.9262113,112.5948398,233.56,0.0,0.0,IDLE,354,34
1786035832.840,2026-08-07 00:03:52,MANUAL,True,-7.9262112,112.5948398,233.57,0.0,0.0,IDLE,344,24
1786035832.963,2026-08-07 00:03:52,MANUAL,True,-7.9262112,112.5948398,233.58,0.0,0.0,IDLE,330,10
1786035833.088,2026-08-07 00:03:53,MANUAL,True,-7.9262112,112.5948398,233.58,0.0,0.0,IDLE,317,-3
1786035833.253,2026-08-07 00:03:53,MANUAL,True,-7.926211,112.59484,233.59,0.0,0.0,IDLE,307,-13
1786035833.394,2026-08-07 00:03:53,MANUAL,True,-7.9262109,112.5948404,233.58,0.0,0.0,IDLE,294,-26
1786035833.535,2026-08-07 00:03:53,MANUAL,True,-7.9262107,112.5948412,233.59,0.0,0.0,IDLE,281,-39
1786035833.694,2026-08-07 00:03:53,MANUAL,True,-7.9262107,112.5948415,233.6,0.0,0.0,IDLE,273,-47
1786035833.841,2026-08-07 00:03:53,MANUAL,True,-7.9262107,112.5948422,233.58,0.0,0.0,IDLE,259,-61
1786035833.957,2026-08-07 00:03:53,MANUAL,True,-7.9262106,112.5948425,233.59,0.0,0.0,IDLE,252,-68
1786035834.082,2026-08-07 00:03:54,MANUAL,True,-7.9262106,112.5948428,233.58,0.0,0.0,IDLE,247,-73
1786035834.204,2026-08-07 00:03:54,MANUAL,True,-7.9262105,112.5948431,233.59,0.0,0.0,IDLE,242,-78
1786035834.330,2026-08-07 00:03:54,MANUAL,True,-7.9262105,112.5948433,233.58,0.0,0.0,IDLE,243,-77
1786035834.452,2026-08-07 00:03:54,MANUAL,True,-7.9262104,112.5948436,233.58,0.0,0.0,IDLE,246,-74
1786035834.582,2026-08-07 00:03:54,MANUAL,True,-7.9262104,112.5948439,233.59,0.0,0.0,IDLE,252,-68
1786035834.729,2026-08-07 00:03:54,MANUAL,True,-7.9262103,112.5948441,233.58,0.0,0.0,IDLE,263,-57
1786035834.858,2026-08-07 00:03:54,MANUAL,True,-7.9262103,112.5948442,233.59,0.0,0.0,IDLE,276,-44
1786035834.976,2026-08-07 00:03:54,MANUAL,True,-7.9262102,112.5948444,233.6,0.0,0.0,IDLE,289,-31
1786035835.101,2026-08-07 00:03:55,MANUAL,True,-7.9262101,112.5948446,233.59,0.0,0.0,IDLE,300,-20
1786035835.222,2026-08-07 00:03:55,MANUAL,True,-7.9262101,112.5948447,233.6,0.0,0.0,IDLE,316,-4
1786035835.343,2026-08-07 00:03:55,MANUAL,True,-7.9262101,112.5948448,233.56,0.0,0.0,IDLE,326,6
1786035835.465,2026-08-07 00:03:55,MANUAL,True,-7.9262101,112.5948449,233.56,0.0,0.0,IDLE,342,22
1786035835.599,2026-08-07 00:03:55,MANUAL,True,-7.92621,112.5948449,233.57,0.0,0.0,IDLE,349,29
1786035835.723,2026-08-07 00:03:55,MANUAL,True,-7.92621,112.5948448,233.59,0.0,0.0,IDLE,362,42
1786035835.848,2026-08-07 00:03:55,MANUAL,True,-7.92621,112.5948447,233.59,0.0,0.0,IDLE,375,55
1786035835.974,2026-08-07 00:03:55,MANUAL,True,-7.92621,112.5948446,233.58,0.0,0.0,IDLE,383,63
1786035836.098,2026-08-07 00:03:56,MANUAL,True,-7.92621,112.5948446,233.59,0.0,0.0,IDLE,392,72
1786035836.218,2026-08-07 00:03:56,MANUAL,True,-7.9262099,112.5948447,233.58,0.0,0.0,IDLE,400,80
1786035836.351,2026-08-07 00:03:56,MANUAL,True,-7.9262098,112.5948448,233.59,0.0,0.0,IDLE,409,89
1786035836.467,2026-08-07 00:03:56,MANUAL,True,-7.9262098,112.5948448,233.58,0.0,0.0,IDLE,416,96
1786035836.586,2026-08-07 00:03:56,MANUAL,True,-7.9262097,112.5948448,233.57,0.0,0.0,IDLE,420,100
1786035836.710,2026-08-07 00:03:56,MANUAL,True,-7.9262096,112.5948445,233.56,0.0,0.0,IDLE,421,101
1786035836.834,2026-08-07 00:03:56,MANUAL,True,-7.9262097,112.5948443,233.59,0.0,0.0,IDLE,423,103
1786035836.974,2026-08-07 00:03:56,MANUAL,True,-7.9262097,112.5948442,233.58,0.0,0.0,IDLE,421,101
1786035837.094,2026-08-07 00:03:57,MANUAL,True,-7.9262097,112.5948439,233.58,0.0,0.0,IDLE,417,97
1786035837.210,2026-08-07 00:03:57,MANUAL,True,-7.9262097,112.5948435,233.59,0.0,0.0,IDLE,411,91
1786035837.334,2026-08-07 00:03:57,MANUAL,True,-7.9262096,112.5948433,233.58,0.0,0.0,IDLE,402,82
1786035837.493,2026-08-07 00:03:57,MANUAL,True,-7.9262095,112.5948432,233.57,0.0,0.0,IDLE,386,66
1786035837.616,2026-08-07 00:03:57,MANUAL,True,-7.9262095,112.594843,233.57,0.0,0.0,IDLE,371,51
1786035837.748,2026-08-07 00:03:57,MANUAL,True,-7.9262094,112.5948429,233.56,0.0,0.0,IDLE,357,37
1786035837.863,2026-08-07 00:03:57,MANUAL,True,-7.9262094,112.5948429,233.57,0.0,0.0,IDLE,341,21
1786035837.991,2026-08-07 00:03:57,MANUAL,True,-7.9262093,112.5948429,233.55,0.0,0.0,IDLE,334,14
1786035838.117,2026-08-07 00:03:58,MANUAL,True,-7.9262091,112.5948429,233.58,0.0,0.0,IDLE,320,0
1786035838.250,2026-08-07 00:03:58,MANUAL,True,-7.926209,112.5948429,233.58,0.0,0.0,IDLE,303,-17
1786035838.377,2026-08-07 00:03:58,MANUAL,True,-7.926209,112.5948428,233.57,0.0,0.0,IDLE,290,-30
1786035838.495,2026-08-07 00:03:58,MANUAL,True,-7.926209,112.5948427,233.58,0.0,0.0,IDLE,278,-42
1786035838.619,2026-08-07 00:03:58,MANUAL,True,-7.926209,112.5948426,233.57,0.0,0.0,IDLE,264,-56
1786035838.747,2026-08-07 00:03:58,MANUAL,True,-7.926209,112.5948427,233.56,0.0,0.0,IDLE,252,-68
1786035838.875,2026-08-07 00:03:58,MANUAL,True,-7.9262089,112.5948428,233.57,0.0,0.0,IDLE,242,-78
1786035839.001,2026-08-07 00:03:59,MANUAL,True,-7.9262089,112.5948429,233.57,0.0,0.0,IDLE,235,-85
1786035839.125,2026-08-07 00:03:59,MANUAL,True,-7.926209,112.594843,233.55,0.0,0.0,IDLE,226,-94
1786035839.260,2026-08-07 00:03:59,MANUAL,True,-7.926209,112.594843,233.56,0.0,0.0,IDLE,224,-96
1786035839.385,2026-08-07 00:03:59,MANUAL,True,-7.926209,112.594843,233.56,0.0,0.0,IDLE,221,-99
1786035839.512,2026-08-07 00:03:59,MANUAL,True,-7.926209,112.5948432,233.57,0.0,0.0,IDLE,221,-99
1786035839.642,2026-08-07 00:03:59,MANUAL,True,-7.9262089,112.5948433,233.55,0.0,0.0,IDLE,227,-93
1786035839.769,2026-08-07 00:03:59,MANUAL,True,-7.9262089,112.5948433,233.55,0.0,0.0,IDLE,235,-85
1786035839.886,2026-08-07 00:03:59,MANUAL,True,-7.9262089,112.5948433,233.55,0.0,0.0,IDLE,244,-76
1786035840.013,2026-08-07 00:04:00,MANUAL,True,-7.926209,112.5948433,233.55,0.0,0.0,IDLE,259,-61
1786035840.134,2026-08-07 00:04:00,MANUAL,True,-7.926209,112.5948432,233.55,0.0,0.0,IDLE,277,-43
1786035840.253,2026-08-07 00:04:00,MANUAL,True,-7.926209,112.5948432,233.55,0.0,0.0,IDLE,297,-23
1786035840.382,2026-08-07 00:04:00,MANUAL,True,-7.926209,112.5948433,233.57,0.0,0.0,IDLE,307,-13
1786035840.501,2026-08-07 00:04:00,MANUAL,True,-7.9262089,112.5948433,233.57,0.0,0.0,IDLE,325,5
1786035840.616,2026-08-07 00:04:00,MANUAL,True,-7.9262087,112.5948436,233.58,0.0,0.0,IDLE,343,23
1786035840.742,2026-08-07 00:04:00,MANUAL,True,-7.9262086,112.5948437,233.57,0.0,0.0,IDLE,361,41
1786035840.868,2026-08-07 00:04:00,MANUAL,True,-7.9262086,112.5948438,233.57,0.0,0.0,IDLE,376,56
1786035840.992,2026-08-07 00:04:00,MANUAL,True,-7.9262086,112.5948439,233.57,0.0,0.0,IDLE,393,73
1786035841.116,2026-08-07 00:04:01,MANUAL,True,-7.9262086,112.5948442,233.54,0.0,0.0,IDLE,399,79
1786035841.242,2026-08-07 00:04:01,MANUAL,True,-7.9262086,112.5948443,233.53,0.0,0.0,IDLE,412,92
1786035841.372,2026-08-07 00:04:01,MANUAL,True,-7.9262086,112.5948444,233.53,0.0,0.0,IDLE,424,104
1786035841.498,2026-08-07 00:04:01,MANUAL,True,-7.9262085,112.5948445,233.53,0.0,0.0,IDLE,429,109
1786035841.620,2026-08-07 00:04:01,MANUAL,True,-7.9262083,112.5948447,233.53,0.0,0.0,IDLE,430,110
1786035841.742,2026-08-07 00:04:01,MANUAL,True,-7.9262083,112.5948448,233.54,0.0,0.0,IDLE,425,105
1786035841.866,2026-08-07 00:04:01,MANUAL,True,-7.9262082,112.5948448,233.52,0.0,0.0,IDLE,416,96
1786035841.982,2026-08-07 00:04:01,MANUAL,True,-7.9262081,112.5948448,233.51,0.0,0.0,IDLE,407,87
1786035842.107,2026-08-07 00:04:02,MANUAL,True,-7.9262079,112.5948449,233.53,0.0,0.0,IDLE,402,82
1786035842.225,2026-08-07 00:04:02,MANUAL,True,-7.9262078,112.5948449,233.55,0.0,0.0,IDLE,386,66
1786035842.355,2026-08-07 00:04:02,MANUAL,True,-7.9262077,112.5948448,233.54,0.0,0.0,IDLE,370,50
1786035842.480,2026-08-07 00:04:02,MANUAL,True,-7.9262076,112.5948447,233.53,0.0,0.0,IDLE,352,32
1786035842.611,2026-08-07 00:04:02,MANUAL,True,-7.9262075,112.5948445,233.54,0.0,0.0,IDLE,334,14
1786035842.727,2026-08-07 00:04:02,MANUAL,True,-7.9262074,112.5948444,233.54,0.0,0.0,IDLE,322,2
1786035842.846,2026-08-07 00:04:02,MANUAL,True,-7.9262074,112.5948443,233.53,0.0,0.0,IDLE,308,-12
1786035842.970,2026-08-07 00:04:02,MANUAL,True,-7.9262073,112.5948442,233.54,0.0,0.0,IDLE,299,-21
1786035843.098,2026-08-07 00:04:03,MANUAL,True,-7.9262072,112.594844,233.54,0.0,0.0,IDLE,280,-40
1786035843.231,2026-08-07 00:04:03,MANUAL,True,-7.9262072,112.594844,233.54,0.0,0.0,IDLE,263,-57
1786035843.351,2026-08-07 00:04:03,MANUAL,True,-7.9262071,112.594844,233.52,0.0,0.0,IDLE,245,-75
1786035843.476,2026-08-07 00:04:03,MANUAL,True,-7.926207,112.5948438,233.52,0.0,0.0,IDLE,227,-93
1786035843.601,2026-08-07 00:04:03,MANUAL,True,-7.9262069,112.5948436,233.51,0.0,0.0,IDLE,209,-111
1786035843.724,2026-08-07 00:04:03,MANUAL,True,-7.9262068,112.5948433,233.52,0.0,0.0,IDLE,198,-122
1786035843.842,2026-08-07 00:04:03,MANUAL,True,-7.9262068,112.5948433,233.5,0.0,0.0,IDLE,193,-127
1786035843.965,2026-08-07 00:04:03,MANUAL,True,-7.9262068,112.5948431,233.52,0.0,0.0,IDLE,184,-136
1786035844.093,2026-08-07 00:04:04,MANUAL,True,-7.9262068,112.594843,233.52,0.0,0.0,IDLE,179,-141
1786035844.213,2026-08-07 00:04:04,MANUAL,True,-7.9262069,112.5948428,233.53,0.0,0.0,IDLE,0,-320
1786035844.339,2026-08-07 00:04:04,MANUAL,True,-7.9262069,112.5948427,233.52,0.0,0.0,IDLE,170,-150
1786035844.455,2026-08-07 00:04:04,MANUAL,True,-7.9262069,112.5948427,233.52,0.0,0.0,IDLE,164,-156
1786035844.575,2026-08-07 00:04:04,MANUAL,True,-7.9262071,112.5948427,233.52,0.0,0.0,IDLE,163,-157
1786035844.692,2026-08-07 00:04:04,MANUAL,True,-7.9262072,112.5948426,233.53,0.0,0.0,IDLE,158,-162
1786035844.809,2026-08-07 00:04:04,MANUAL,True,-7.9262073,112.5948426,233.54,0.0,0.0,IDLE,418,98
1786035844.929,2026-08-07 00:04:04,MANUAL,True,-7.9262073,112.5948426,233.52,0.0,0.0,IDLE,155,-165
1786035845.047,2026-08-07 00:04:05,MANUAL,True,-7.9262071,112.5948426,233.53,0.0,0.0,IDLE,157,-163
1786035845.166,2026-08-07 00:04:05,MANUAL,True,-7.926207,112.5948426,233.52,0.0,0.0,IDLE,158,-162
1786035845.307,2026-08-07 00:04:05,MANUAL,True,-7.926207,112.5948427,233.54,0.0,0.0,IDLE,0,-320
1786035845.429,2026-08-07 00:04:05,MANUAL,True,-7.926207,112.5948427,233.56,0.0,0.0,IDLE,164,-156
1786035845.549,2026-08-07 00:04:05,MANUAL,True,-7.926207,112.5948428,233.55,0.0,0.0,IDLE,173,-147
1786035845.676,2026-08-07 00:04:05,MANUAL,True,-7.926207,112.5948429,233.55,0.0,0.0,IDLE,0,-320
1786035845.796,2026-08-07 00:04:05,MANUAL,True,-7.926207,112.5948429,233.55,0.0,0.0,IDLE,0,-320
1786035845.913,2026-08-07 00:04:05,MANUAL,True,-7.926207,112.5948432,233.56,0.0,0.0,IDLE,0,-320
1786035846.035,2026-08-07 00:04:06,MANUAL,True,-7.926207,112.5948435,233.57,0.0,0.0,IDLE,199,-121
1786035846.156,2026-08-07 00:04:06,MANUAL,True,-7.926207,112.5948437,233.58,0.0,0.0,IDLE,214,-106
1786035846.279,2026-08-07 00:04:06,MANUAL,True,-7.926207,112.5948441,233.59,0.0,0.0,IDLE,226,-94
1786035846.406,2026-08-07 00:04:06,MANUAL,True,-7.926207,112.5948447,233.57,0.0,0.0,IDLE,236,-84
1786035846.538,2026-08-07 00:04:06,MANUAL,True,-7.926207,112.5948447,233.57,0.0,0.0,IDLE,248,-72
1786035846.656,2026-08-07 00:04:06,MANUAL,True,-7.9262069,112.5948453,233.58,0.0,0.0,IDLE,263,-57
1786035846.781,2026-08-07 00:04:06,MANUAL,True,-7.9262069,112.5948457,233.61,0.0,0.0,IDLE,281,-39
1786035846.898,2026-08-07 00:04:06,MANUAL,True,-7.9262069,112.594846,233.63,0.0,0.0,IDLE,290,-30
1786035847.035,2026-08-07 00:04:07,MANUAL,True,-7.9262068,112.5948468,233.63,0.0,0.0,IDLE,307,-13
1786035847.169,2026-08-07 00:04:07,MANUAL,True,-7.9262068,112.5948471,233.64,0.0,0.0,IDLE,327,7
1786035847.297,2026-08-07 00:04:07,MANUAL,True,-7.9262067,112.5948474,233.63,0.0,0.0,IDLE,346,26
1786035847.423,2026-08-07 00:04:07,MANUAL,True,-7.9262066,112.5948476,233.64,0.0,0.0,IDLE,610,290
1786035847.542,2026-08-07 00:04:07,MANUAL,True,-7.9262065,112.5948477,233.64,0.0,0.0,IDLE,380,60
1786035847.678,2026-08-07 00:04:07,MANUAL,True,-7.9262065,112.5948477,233.63,0.0,0.0,IDLE,632,312
1786035847.797,2026-08-07 00:04:07,MANUAL,True,-7.9262065,112.5948477,233.65,0.0,0.0,IDLE,402,82
1786035847.921,2026-08-07 00:04:07,MANUAL,True,-7.9262064,112.5948479,233.65,0.0,0.0,IDLE,413,93
1786035848.037,2026-08-07 00:04:08,MANUAL,True,-7.9262064,112.5948481,233.65,0.0,0.0,IDLE,419,99
1786035848.155,2026-08-07 00:04:08,MANUAL,True,-7.9262064,112.5948483,233.66,0.0,0.0,IDLE,427,107
1786035848.274,2026-08-07 00:04:08,MANUAL,True,-7.9262065,112.5948486,233.66,0.0,0.0,IDLE,640,320
1786035848.396,2026-08-07 00:04:08,MANUAL,True,-7.9262065,112.594849,233.66,0.0,0.0,IDLE,640,320
1786035848.518,2026-08-07 00:04:08,MANUAL,True,-7.9262066,112.5948493,233.66,0.0,0.0,IDLE,640,320
1786035848.637,2026-08-07 00:04:08,MANUAL,True,-7.9262069,112.5948501,233.63,0.0,0.0,IDLE,640,320
1786035848.763,2026-08-07 00:04:08,MANUAL,True,-7.9262069,112.5948506,233.65,0.0,0.0,IDLE,640,320
1786035848.888,2026-08-07 00:04:08,MANUAL,True,-7.926207,112.5948511,233.66,0.0,0.0,IDLE,463,143
1786035849.025,2026-08-07 00:04:09,MANUAL,True,-7.9262071,112.5948518,233.65,0.0,0.0,IDLE,640,320
1786035849.152,2026-08-07 00:04:09,MANUAL,True,-7.9262071,112.5948522,233.65,0.0,0.0,IDLE,462,142
1786035849.278,2026-08-07 00:04:09,MANUAL,True,-7.9262071,112.5948525,233.64,0.0,0.0,IDLE,453,133
1786035849.398,2026-08-07 00:04:09,MANUAL,True,-7.9262071,112.5948528,233.63,0.0,0.0,IDLE,640,320
1786035849.522,2026-08-07 00:04:09,MANUAL,True,-7.9262071,112.594853,233.64,0.0,0.0,IDLE,428,108
1786035849.646,2026-08-07 00:04:09,MANUAL,True,-7.926207,112.5948534,233.64,0.0,0.0,IDLE,415,95
1786035849.767,2026-08-07 00:04:09,MANUAL,True,-7.9262071,112.5948536,233.64,0.0,0.0,IDLE,409,89
1786035849.895,2026-08-07 00:04:09,MANUAL,True,-7.9262072,112.5948538,233.64,0.0,0.0,IDLE,391,71
1786035850.023,2026-08-07 00:04:10,MANUAL,True,-7.9262072,112.5948541,233.64,0.0,0.0,IDLE,609,289
1786035850.151,2026-08-07 00:04:10,MANUAL,True,-7.9262072,112.5948543,233.63,0.0,0.0,IDLE,349,29
1786035850.276,2026-08-07 00:04:10,MANUAL,True,-7.9262072,112.5948544,233.62,0.0,0.0,IDLE,323,3
1786035850.394,2026-08-07 00:04:10,MANUAL,True,-7.9262072,112.5948546,233.62,0.0,0.0,IDLE,302,-18
1786035850.513,2026-08-07 00:04:10,MANUAL,True,-7.9262075,112.594855,233.64,0.0,0.0,IDLE,282,-38
1786035850.632,2026-08-07 00:04:10,MANUAL,True,-7.9262076,112.5948552,233.63,0.0,0.0,IDLE,273,-47
1786035850.761,2026-08-07 00:04:10,MANUAL,True,-7.9262076,112.5948555,233.63,0.0,0.0,IDLE,253,-67
1786035850.879,2026-08-07 00:04:10,MANUAL,True,-7.9262077,112.5948558,233.62,0.0,0.0,IDLE,236,-84
1786035851.001,2026-08-07 00:04:11,MANUAL,True,-7.9262078,112.594856,233.63,0.0,0.0,IDLE,220,-100
1786035851.122,2026-08-07 00:04:11,MANUAL,True,-7.926208,112.5948564,233.63,0.0,0.0,IDLE,205,-115
1786035851.251,2026-08-07 00:04:11,MANUAL,True,-7.926208,112.5948566,233.63,0.0,0.0,IDLE,193,-127
1786035851.377,2026-08-07 00:04:11,MANUAL,True,-7.9262079,112.5948568,233.62,0.0,0.0,IDLE,180,-140
1786035851.493,2026-08-07 00:04:11,MANUAL,True,-7.9262079,112.594857,233.62,0.0,0.0,IDLE,176,-144
1786035851.613,2026-08-07 00:04:11,MANUAL,True,-7.9262078,112.5948574,233.65,0.0,0.0,IDLE,160,-160
1786035851.745,2026-08-07 00:04:11,MANUAL,True,-7.9262077,112.5948575,233.65,0.0,0.0,IDLE,149,-171
1786035851.868,2026-08-07 00:04:11,MANUAL,True,-7.9262076,112.5948576,233.65,0.0,0.0,IDLE,141,-179
1786035851.992,2026-08-07 00:04:11,MANUAL,True,-7.9262076,112.5948576,233.66,0.0,0.0,IDLE,384,64
1786035852.110,2026-08-07 00:04:12,MANUAL,True,-7.9262073,112.5948577,233.65,0.0,0.0,IDLE,376,56
1786035852.230,2026-08-07 00:04:12,MANUAL,True,-7.9262071,112.5948577,233.66,0.0,0.0,IDLE,365,45
1786035852.355,2026-08-07 00:04:12,MANUAL,True,-7.926207,112.5948577,233.67,0.0,0.0,IDLE,361,41
1786035852.475,2026-08-07 00:04:12,MANUAL,True,-7.926207,112.5948576,233.68,0.0,0.0,IDLE,360,40
1786035852.593,2026-08-07 00:04:12,MANUAL,True,-7.9262067,112.5948574,233.68,0.0,0.0,IDLE,364,44
1786035852.742,2026-08-07 00:04:12,MANUAL,True,-7.9262065,112.5948571,233.66,0.0,0.0,IDLE,135,-185
1786035852.866,2026-08-07 00:04:12,MANUAL,True,-7.9262064,112.594857,233.66,0.0,0.0,IDLE,147,-173
1786035852.994,2026-08-07 00:04:12,MANUAL,True,-7.9262063,112.5948568,233.66,0.0,0.0,IDLE,156,-164
1786035853.110,2026-08-07 00:04:13,MANUAL,True,-7.9262061,112.5948565,233.66,0.0,0.0,IDLE,175,-145
1786035853.231,2026-08-07 00:04:13,MANUAL,True,-7.926206,112.5948564,233.66,0.0,0.0,IDLE,183,-137
1786035853.361,2026-08-07 00:04:13,MANUAL,True,-7.9262059,112.5948562,233.66,0.0,0.0,IDLE,208,-112
1786035853.489,2026-08-07 00:04:13,MANUAL,True,-7.9262059,112.5948561,233.64,0.0,0.0,IDLE,227,-93
1786035853.610,2026-08-07 00:04:13,MANUAL,True,-7.9262058,112.5948556,233.64,0.0,0.0,IDLE,249,-71
1786035853.732,2026-08-07 00:04:13,MANUAL,True,-7.9262056,112.5948556,233.66,0.0,0.0,IDLE,270,-50
1786035853.856,2026-08-07 00:04:13,MANUAL,True,-7.9262055,112.5948555,233.64,0.0,0.0,IDLE,296,-24
1786035853.981,2026-08-07 00:04:13,MANUAL,True,-7.9262054,112.5948554,233.64,0.0,0.0,IDLE,312,-8
1786035854.099,2026-08-07 00:04:14,MANUAL,True,-7.9262053,112.5948554,233.66,0.0,0.0,IDLE,323,3
1786035854.216,2026-08-07 00:04:14,MANUAL,True,-7.926205,112.5948551,233.64,0.0,0.0,IDLE,343,23
1786035854.343,2026-08-07 00:04:14,MANUAL,True,-7.9262049,112.594855,233.65,0.0,0.0,IDLE,366,46
1786035854.461,2026-08-07 00:04:14,MANUAL,True,-7.9262048,112.5948549,233.63,0.0,0.0,IDLE,379,59
1786035854.581,2026-08-07 00:04:14,MANUAL,True,-7.9262047,112.5948546,233.63,0.0,0.0,IDLE,387,67
1786035854.709,2026-08-07 00:04:14,MANUAL,True,-7.9262047,112.5948544,233.62,0.0,0.0,IDLE,393,73
1786035854.829,2026-08-07 00:04:14,MANUAL,True,-7.9262047,112.5948544,233.63,0.0,0.0,IDLE,397,77
1786035854.947,2026-08-07 00:04:14,MANUAL,True,-7.9262047,112.5948543,233.63,0.0,0.0,IDLE,399,79
1786035855.072,2026-08-07 00:04:15,MANUAL,True,-7.9262047,112.5948542,233.62,0.0,0.0,IDLE,397,77
1786035855.193,2026-08-07 00:04:15,MANUAL,True,-7.9262047,112.5948541,233.63,0.0,0.0,IDLE,385,65
1786035855.316,2026-08-07 00:04:15,MANUAL,True,-7.9262045,112.5948537,233.63,0.0,0.0,IDLE,368,48
1786035855.431,2026-08-07 00:04:15,MANUAL,True,-7.9262043,112.5948534,233.64,0.0,0.0,IDLE,354,34
1786035855.556,2026-08-07 00:04:15,MANUAL,True,-7.926204,112.594853,233.63,0.0,0.0,IDLE,343,23
1786035855.696,2026-08-07 00:04:15,MANUAL,True,-7.926204,112.5948529,233.65,0.0,0.0,IDLE,325,5
1786035855.818,2026-08-07 00:04:15,MANUAL,True,-7.9262036,112.5948522,233.65,0.0,0.0,IDLE,308,-12
1786035855.947,2026-08-07 00:04:15,MANUAL,True,-7.9262034,112.5948518,233.65,0.0,0.0,IDLE,289,-31
1786035856.074,2026-08-07 00:04:16,MANUAL,True,-7.9262032,112.5948514,233.66,0.0,0.0,IDLE,273,-47
1786035856.191,2026-08-07 00:04:16,MANUAL,True,-7.9262031,112.5948511,233.68,0.0,0.0,IDLE,259,-61
1786035856.321,2026-08-07 00:04:16,MANUAL,True,-7.9262029,112.5948504,233.69,0.0,0.0,IDLE,248,-72
1786035856.451,2026-08-07 00:04:16,MANUAL,True,-7.9262028,112.59485,233.68,0.0,0.0,IDLE,242,-78
1786035856.570,2026-08-07 00:04:16,MANUAL,True,-7.9262028,112.5948496,233.7,0.0,0.0,IDLE,241,-79
1786035856.692,2026-08-07 00:04:16,MANUAL,True,-7.9262027,112.5948492,233.7,0.0,0.0,IDLE,244,-76
1786035856.810,2026-08-07 00:04:16,MANUAL,True,-7.9262025,112.5948482,233.7,0.0,0.0,IDLE,254,-66
1786035856.932,2026-08-07 00:04:16,MANUAL,True,-7.9262025,112.5948476,233.68,0.0,0.0,IDLE,271,-49
1786035857.051,2026-08-07 00:04:17,MANUAL,True,-7.9262025,112.5948471,233.68,0.0,0.0,IDLE,286,-34
1786035857.171,2026-08-07 00:04:17,MANUAL,True,-7.9262024,112.5948466,233.68,0.0,0.0,IDLE,303,-17
1786035857.297,2026-08-07 00:04:17,MANUAL,True,-7.9262023,112.5948459,233.68,0.0,0.0,IDLE,313,-7
1786035857.426,2026-08-07 00:04:17,MANUAL,True,-7.926202,112.5948444,233.68,0.0,0.0,IDLE,330,10
1786035857.551,2026-08-07 00:04:17,MANUAL,True,-7.9262018,112.5948433,233.67,0.0,0.0,IDLE,347,27
1786035857.691,2026-08-07 00:04:17,MANUAL,True,-7.9262017,112.5948428,233.69,0.0,0.0,IDLE,355,35
1786035857.839,2026-08-07 00:04:17,MANUAL,True,-7.9262015,112.5948412,233.68,0.0,0.0,IDLE,359,39
1786035857.962,2026-08-07 00:04:17,MANUAL,True,-7.9262015,112.5948404,233.67,0.0,0.0,IDLE,217,-103
1786035858.087,2026-08-07 00:04:18,MANUAL,True,-7.9262015,112.5948396,233.68,0.0,0.0,IDLE,201,-119
1786035858.212,2026-08-07 00:04:18,MANUAL,True,-7.9262014,112.594838,233.7,0.0,0.0,IDLE,319,-1
1786035858.336,2026-08-07 00:04:18,MANUAL,True,-7.9262014,112.5948372,233.68,0.0,0.0,IDLE,289,-31
1786035858.452,2026-08-07 00:04:18,MANUAL,True,-7.9262013,112.5948364,233.69,0.0,0.0,IDLE,272,-48
1786035858.566,2026-08-07 00:04:18,MANUAL,True,-7.9262011,112.5948351,233.68,0.0,0.0,IDLE,258,-62
1786035858.687,2026-08-07 00:04:18,MANUAL,True,-7.926201,112.5948346,233.69,0.0,0.0,IDLE,249,-71
1786035858.808,2026-08-07 00:04:18,MANUAL,True,-7.926201,112.5948329,233.68,0.0,0.0,IDLE,232,-88
1786035858.929,2026-08-07 00:04:18,MANUAL,True,-7.9262009,112.5948321,233.7,0.0,0.0,IDLE,220,-100
1786035859.050,2026-08-07 00:04:19,MANUAL,True,-7.9262008,112.5948312,233.69,0.0,0.0,IDLE,214,-106
1786035859.189,2026-08-07 00:04:19,MANUAL,True,-7.9262007,112.5948305,233.71,0.0,0.0,IDLE,220,-100
1786035859.336,2026-08-07 00:04:19,MANUAL,True,-7.9262005,112.5948292,233.73,0.0,0.0,IDLE,97,-223
1786035859.480,2026-08-07 00:04:19,MANUAL,True,-7.9262005,112.5948287,233.73,0.0,0.0,IDLE,94,-226
1786035859.673,2026-08-07 00:04:19,MANUAL,True,-7.9262004,112.5948274,233.73,0.0,0.0,IDLE,280,-40
1786035859.798,2026-08-07 00:04:19,MANUAL,True,-7.9262004,112.5948269,233.74,0.0,0.0,IDLE,281,-39
1786035859.917,2026-08-07 00:04:19,MANUAL,True,-7.9262003,112.594826,233.74,0.0,0.0,IDLE,95,-225
1786035860.044,2026-08-07 00:04:20,MANUAL,True,-7.9262003,112.5948254,233.74,0.0,0.0,IDLE,94,-226
1786035860.164,2026-08-07 00:04:20,MANUAL,True,-7.9262002,112.594825,233.73,0.0,0.0,IDLE,282,-38
1786035860.285,2026-08-07 00:04:20,MANUAL,True,-7.9262002,112.5948247,233.75,0.0,0.0,IDLE,95,-225
1786035860.406,2026-08-07 00:04:20,MANUAL,True,-7.9262001,112.594824,233.74,0.0,0.0,IDLE,280,-40
1786035860.525,2026-08-07 00:04:20,MANUAL,True,-7.9262,112.5948235,233.73,0.0,0.0,IDLE,276,-44
1786035860.646,2026-08-07 00:04:20,MANUAL,True,-7.9262,112.594823,233.73,0.0,0.0,IDLE,275,-45
1786035860.764,2026-08-07 00:04:20,MANUAL,True,-7.9261998,112.5948224,233.74,0.0,0.0,IDLE,275,-45
1786035860.885,2026-08-07 00:04:20,MANUAL,True,-7.9261997,112.5948218,233.73,0.0,0.0,IDLE,275,-45
1786035861.011,2026-08-07 00:04:21,MANUAL,True,-7.9261994,112.5948204,233.77,0.0,0.0,IDLE,278,-42
1786035861.134,2026-08-07 00:04:21,MANUAL,True,-7.9261992,112.5948197,233.77,0.0,0.0,IDLE,280,-40
1786035861.261,2026-08-07 00:04:21,MANUAL,True,-7.926199,112.5948189,233.73,0.0,0.0,IDLE,280,-40
1786035861.425,2026-08-07 00:04:21,MANUAL,True,-7.9261985,112.5948172,233.79,0.0,0.0,IDLE,97,-223
1786035861.545,2026-08-07 00:04:21,MANUAL,True,-7.9261983,112.5948162,233.78,0.0,0.0,IDLE,97,-223
1786035861.668,2026-08-07 00:04:21,MANUAL,True,-7.9261982,112.5948158,233.79,0.0,0.0,IDLE,100,-220
1786035861.787,2026-08-07 00:04:21,MANUAL,True,-7.9261981,112.5948152,233.8,0.0,0.0,IDLE,101,-219
1786035861.926,2026-08-07 00:04:21,MANUAL,True,-7.9261981,112.5948141,233.78,0.0,0.0,IDLE,107,-213
1786035862.052,2026-08-07 00:04:22,MANUAL,True,-7.9261981,112.5948136,233.8,0.0,0.0,IDLE,,
1786035862.177,2026-08-07 00:04:22,MANUAL,True,-7.9261981,112.594813,233.79,0.0,0.0,IDLE,110,-210
1786035862.303,2026-08-07 00:04:22,MANUAL,True,-7.9261983,112.594812,233.81,0.0,0.0,IDLE,109,-211
1786035862.454,2026-08-07 00:04:22,MANUAL,True,-7.9261984,112.5948116,233.81,0.0,0.0,IDLE,,
1786035862.620,2026-08-07 00:04:22,MANUAL,True,-7.9261986,112.5948108,233.81,0.0,0.0,IDLE,110,-210
1786035862.745,2026-08-07 00:04:22,MANUAL,True,-7.9261989,112.5948105,233.79,0.0,0.0,IDLE,108,-212
1786035862.912,2026-08-07 00:04:22,MANUAL,True,-7.9261993,112.5948099,233.8,0.0,0.0,IDLE,106,-214
1786035863.038,2026-08-07 00:04:23,MANUAL,True,-7.9261995,112.5948095,233.8,0.0,0.0,IDLE,103,-217
1786035863.158,2026-08-07 00:04:23,MANUAL,True,-7.9261996,112.594809,233.79,0.0,0.0,IDLE,103,-217
1786035863.300,2026-08-07 00:04:23,MANUAL,True,-7.9261997,112.5948085,233.77,0.0,0.0,IDLE,102,-218
1786035863.420,2026-08-07 00:04:23,MANUAL,True,-7.9261997,112.5948075,233.76,0.0,0.0,IDLE,106,-214
1786035863.540,2026-08-07 00:04:23,MANUAL,True,-7.9261997,112.5948068,233.75,0.0,0.0,IDLE,107,-213
1786035863.669,2026-08-07 00:04:23,MANUAL,True,-7.9261997,112.5948063,233.74,0.0,0.0,IDLE,105,-215
1786035863.792,2026-08-07 00:04:23,MANUAL,True,-7.9261998,112.5948058,233.73,0.0,0.0,IDLE,103,-217
1786035863.912,2026-08-07 00:04:23,MANUAL,True,-7.9261999,112.5948047,233.73,0.0,0.0,IDLE,,
1786035864.033,2026-08-07 00:04:24,MANUAL,True,-7.9261999,112.5948042,233.73,0.0,0.0,IDLE,,
1786035864.154,2026-08-07 00:04:24,MANUAL,True,-7.9261999,112.5948036,233.77,0.0,0.0,IDLE,,
1786035864.274,2026-08-07 00:04:24,MANUAL,True,-7.9261998,112.5948029,233.78,0.0,0.0,IDLE,,
1786035864.391,2026-08-07 00:04:24,MANUAL,True,-7.9261998,112.5948023,233.77,0.0,0.0,IDLE,,
1786035864.505,2026-08-07 00:04:24,MANUAL,True,-7.9261997,112.5948016,233.79,0.0,0.0,IDLE,,
1786035864.619,2026-08-07 00:04:24,MANUAL,True,-7.9261998,112.5948006,233.78,0.0,0.0,IDLE,,
1786035864.748,2026-08-07 00:04:24,MANUAL,True,-7.9261998,112.5948001,233.78,0.0,0.0,IDLE,,
1786035864.870,2026-08-07 00:04:24,MANUAL,True,-7.9261999,112.5947996,233.77,0.0,0.0,IDLE,,
1786035864.993,2026-08-07 00:04:24,MANUAL,True,-7.9261999,112.5947991,233.77,0.0,0.0,IDLE,,
1786035865.119,2026-08-07 00:04:25,MANUAL,True,-7.9261999,112.5947981,233.76,0.0,0.0,IDLE,,
1786035865.236,2026-08-07 00:04:25,MANUAL,True,-7.9261999,112.5947977,233.74,0.0,0.0,IDLE,,
1786035865.358,2026-08-07 00:04:25,MANUAL,True,-7.9262,112.5947973,233.76,0.0,0.0,IDLE,,
1786035865.483,2026-08-07 00:04:25,MANUAL,True,-7.9262,112.5947969,233.78,0.0,0.0,IDLE,,
1786035865.606,2026-08-07 00:04:25,MANUAL,True,-7.9262,112.5947963,233.79,0.0,0.0,IDLE,,
1786035865.737,2026-08-07 00:04:25,MANUAL,True,-7.9262001,112.594796,233.79,0.0,0.0,IDLE,,
1786035865.860,2026-08-07 00:04:25,MANUAL,True,-7.9262002,112.5947957,233.76,0.0,0.0,IDLE,,
1786035865.987,2026-08-07 00:04:25,MANUAL,True,-7.9262001,112.5947955,233.75,0.0,0.0,IDLE,,
1786035866.128,2026-08-07 00:04:26,MANUAL,True,-7.9262001,112.5947952,233.75,0.0,0.0,IDLE,,
1786035866.249,2026-08-07 00:04:26,MANUAL,True,-7.9262001,112.594795,233.75,0.0,0.0,IDLE,,
1786035866.385,2026-08-07 00:04:26,MANUAL,True,-7.9262001,112.5947948,233.74,0.0,0.0,IDLE,,
1786035866.505,2026-08-07 00:04:26,MANUAL,True,-7.9262001,112.5947947,233.74,0.0,0.0,IDLE,271,-49
1786035866.622,2026-08-07 00:04:26,MANUAL,True,-7.9262002,112.5947945,233.74,0.0,0.0,IDLE,,
1786035866.742,2026-08-07 00:04:26,MANUAL,True,-7.9262003,112.5947943,233.75,0.0,0.0,IDLE,,
1786035866.864,2026-08-07 00:04:26,MANUAL,True,-7.9262002,112.5947942,233.74,0.0,0.0,IDLE,,
1786035866.988,2026-08-07 00:04:26,MANUAL,True,-7.9262002,112.5947939,233.74,0.0,0.0,IDLE,,
1786035867.107,2026-08-07 00:04:27,MANUAL,True,-7.9262002,112.5947931,233.72,0.0,0.0,IDLE,,
1786035867.226,2026-08-07 00:04:27,MANUAL,True,-7.9262002,112.5947926,233.69,0.0,0.0,IDLE,,
1786035867.351,2026-08-07 00:04:27,MANUAL,True,-7.9262002,112.5947921,233.67,0.0,0.0,IDLE,,
1786035867.480,2026-08-07 00:04:27,MANUAL,True,-7.9262001,112.5947917,233.66,0.0,0.0,IDLE,,
1786035867.606,2026-08-07 00:04:27,MANUAL,True,-7.9261999,112.5947908,233.63,0.0,0.0,IDLE,,
1786035867.725,2026-08-07 00:04:27,MANUAL,True,-7.9261998,112.5947904,233.62,0.0,0.0,IDLE,,
1786035867.843,2026-08-07 00:04:27,MANUAL,True,-7.9261998,112.59479,233.62,0.0,0.0,IDLE,,
1786035868.017,2026-08-07 00:04:28,MANUAL,True,-7.9261998,112.5947891,233.63,0.0,0.0,IDLE,,
1786035868.133,2026-08-07 00:04:28,MANUAL,True,-7.9261998,112.5947887,233.64,0.0,0.0,IDLE,,
1786035868.255,2026-08-07 00:04:28,MANUAL,True,-7.9261998,112.5947884,233.64,0.0,0.0,IDLE,,
1786035868.381,2026-08-07 00:04:28,MANUAL,True,-7.9261998,112.594788,233.65,0.0,0.0,IDLE,,
1786035868.501,2026-08-07 00:04:28,MANUAL,True,-7.9261998,112.5947877,233.66,0.0,0.0,IDLE,,
1786035868.617,2026-08-07 00:04:28,MANUAL,True,-7.9261999,112.5947868,233.67,0.0,0.0,IDLE,,
1786035868.736,2026-08-07 00:04:28,MANUAL,True,-7.9261998,112.5947862,233.67,0.0,0.0,IDLE,,
1786035868.852,2026-08-07 00:04:28,MANUAL,True,-7.9261998,112.5947856,233.68,0.0,0.0,IDLE,128,-192
1786035868.979,2026-08-07 00:04:28,MANUAL,True,-7.9261998,112.5947852,233.69,0.0,0.0,IDLE,126,-194
1786035869.099,2026-08-07 00:04:29,MANUAL,True,-7.9261998,112.5947847,233.69,0.0,0.0,IDLE,125,-195
1786035869.212,2026-08-07 00:04:29,MANUAL,True,-7.9261998,112.5947839,233.72,0.0,0.0,IDLE,,
1786035869.337,2026-08-07 00:04:29,MANUAL,True,-7.9261998,112.5947834,233.72,0.0,0.0,IDLE,,
1786035869.485,2026-08-07 00:04:29,MANUAL,True,-7.9261998,112.5947828,233.73,0.0,0.0,IDLE,,
1786035869.605,2026-08-07 00:04:29,MANUAL,True,-7.9261999,112.5947815,233.75,0.0,0.0,IDLE,,
1786035869.726,2026-08-07 00:04:29,MANUAL,True,-7.9261999,112.594781,233.74,0.0,0.0,IDLE,,
1786035869.850,2026-08-07 00:04:29,MANUAL,True,-7.9261999,112.5947804,233.76,0.0,0.0,IDLE,271,-49
1786035869.967,2026-08-07 00:04:29,MANUAL,True,-7.9261998,112.5947798,233.76,0.0,0.0,IDLE,286,-34
1786035870.114,2026-08-07 00:04:30,MANUAL,True,-7.9261998,112.5947788,233.76,0.0,0.0,IDLE,287,-33
1786035870.232,2026-08-07 00:04:30,MANUAL,True,-7.9261997,112.5947782,233.74,0.0,0.0,IDLE,287,-33
1786035870.360,2026-08-07 00:04:30,MANUAL,True,-7.9261997,112.5947776,233.75,0.0,0.0,IDLE,276,-44
1786035870.482,2026-08-07 00:04:30,MANUAL,True,-7.9261997,112.594777,233.74,0.0,0.0,IDLE,274,-46
1786035870.602,2026-08-07 00:04:30,MANUAL,True,-7.9261997,112.5947765,233.73,0.0,0.0,IDLE,,
1786035870.721,2026-08-07 00:04:30,MANUAL,True,-7.9261997,112.5947761,233.75,0.0,0.0,IDLE,,
1786035870.847,2026-08-07 00:04:30,MANUAL,True,-7.9261997,112.5947759,233.75,0.0,0.0,IDLE,,
1786035870.965,2026-08-07 00:04:30,MANUAL,True,-7.9261997,112.5947758,233.74,0.0,0.0,IDLE,273,-47
1786035871.087,2026-08-07 00:04:31,MANUAL,True,-7.9261997,112.5947757,233.75,0.0,0.0,IDLE,277,-43
1786035871.209,2026-08-07 00:04:31,MANUAL,True,-7.9261997,112.5947755,233.74,0.0,0.0,IDLE,277,-43
1786035871.336,2026-08-07 00:04:31,MANUAL,True,-7.9261997,112.5947753,233.73,0.0,0.0,IDLE,,
1786035871.454,2026-08-07 00:04:31,MANUAL,True,-7.9261997,112.5947751,233.74,0.0,0.0,IDLE,272,-48
1786035871.568,2026-08-07 00:04:31,MANUAL,True,-7.9261997,112.5947749,233.73,0.0,0.0,IDLE,269,-51
1786035871.687,2026-08-07 00:04:31,MANUAL,True,-7.9261997,112.5947748,233.72,0.0,0.0,IDLE,,
1786035871.804,2026-08-07 00:04:31,MANUAL,True,-7.9261997,112.5947746,233.73,0.0,0.0,IDLE,,
1786035871.923,2026-08-07 00:04:31,MANUAL,True,-7.9261997,112.5947745,233.72,0.0,0.0,IDLE,,
1786035872.044,2026-08-07 00:04:32,MANUAL,True,-7.9261997,112.5947744,233.7,0.0,0.0,IDLE,255,-65
1786035872.167,2026-08-07 00:04:32,MANUAL,True,-7.9261998,112.5947742,233.69,0.0,0.0,IDLE,326,6
1786035872.292,2026-08-07 00:04:32,MANUAL,True,-7.9261999,112.5947739,233.68,0.0,0.0,IDLE,314,-6
1786035872.422,2026-08-07 00:04:32,MANUAL,True,-7.9262003,112.5947736,233.66,0.0,0.0,IDLE,311,-9
1786035872.545,2026-08-07 00:04:32,MANUAL,True,-7.9262006,112.5947733,233.65,0.0,0.0,IDLE,306,-14
1786035872.667,2026-08-07 00:04:32,MANUAL,True,-7.9262007,112.5947732,233.66,0.0,0.0,IDLE,307,-13
1786035872.783,2026-08-07 00:04:32,MANUAL,True,-7.9262007,112.594773,233.65,0.0,0.0,IDLE,310,-10
1786035872.898,2026-08-07 00:04:32,MANUAL,True,-7.9262008,112.5947728,233.65,0.0,0.0,IDLE,314,-6
1786035873.036,2026-08-07 00:04:33,MANUAL,True,-7.926201,112.5947728,233.66,0.0,0.0,IDLE,315,-5
1786035873.158,2026-08-07 00:04:33,MANUAL,True,-7.926201,112.5947727,233.64,0.0,0.0,IDLE,319,-1
1786035873.278,2026-08-07 00:04:33,MANUAL,True,-7.926201,112.5947726,233.62,0.0,0.0,IDLE,320,0
1786035873.417,2026-08-07 00:04:33,MANUAL,True,-7.926201,112.5947723,233.6,0.0,0.0,IDLE,322,2
1786035873.544,2026-08-07 00:04:33,MANUAL,True,-7.9262011,112.5947722,233.6,0.0,0.0,IDLE,324,4
1786035873.667,2026-08-07 00:04:33,MANUAL,True,-7.9262011,112.5947722,233.6,0.0,0.0,IDLE,326,6
1786035873.809,2026-08-07 00:04:33,MANUAL,True,-7.9262011,112.5947723,233.6,0.0,0.0,IDLE,328,8
1786035873.933,2026-08-07 00:04:33,MANUAL,True,-7.9262011,112.5947722,233.6,0.0,0.0,IDLE,331,11
1786035874.066,2026-08-07 00:04:34,MANUAL,True,-7.9262011,112.5947722,233.61,0.0,0.0,IDLE,335,15
1786035874.192,2026-08-07 00:04:34,MANUAL,True,-7.9262011,112.5947721,233.6,0.0,0.0,IDLE,263,-57
1786035874.323,2026-08-07 00:04:34,MANUAL,True,-7.9262011,112.5947715,233.58,0.0,0.0,IDLE,342,22
1786035874.448,2026-08-07 00:04:34,MANUAL,True,-7.9262011,112.5947712,233.57,0.0,0.0,IDLE,350,30
1786035874.575,2026-08-07 00:04:34,MANUAL,True,-7.9262012,112.5947708,233.57,0.0,0.0,IDLE,353,33
1786035874.694,2026-08-07 00:04:34,MANUAL,True,-7.9262013,112.5947705,233.57,0.0,0.0,IDLE,350,30
1786035874.813,2026-08-07 00:04:34,MANUAL,True,-7.9262015,112.5947698,233.56,0.0,0.0,IDLE,344,24
1786035874.942,2026-08-07 00:04:34,MANUAL,True,-7.9262016,112.5947696,233.57,0.0,0.0,IDLE,342,22
1786035875.059,2026-08-07 00:04:35,MANUAL,True,-7.9262017,112.5947695,233.57,0.0,0.0,IDLE,263,-57
1786035875.181,2026-08-07 00:04:35,MANUAL,True,-7.9262018,112.5947694,233.56,0.0,0.0,IDLE,261,-59
1786035875.303,2026-08-07 00:04:35,MANUAL,True,-7.9262021,112.5947692,233.57,0.0,0.0,IDLE,336,16
1786035875.425,2026-08-07 00:04:35,MANUAL,True,-7.9262021,112.594769,233.57,0.0,0.0,IDLE,253,-67
1786035875.545,2026-08-07 00:04:35,MANUAL,True,-7.9262021,112.5947689,233.56,0.0,0.0,IDLE,251,-69
1786035875.673,2026-08-07 00:04:35,MANUAL,True,-7.9262021,112.5947688,233.55,0.0,0.0,IDLE,250,-70
1786035875.818,2026-08-07 00:04:35,MANUAL,True,-7.9262021,112.5947689,233.56,0.0,0.0,IDLE,248,-72
1786035875.935,2026-08-07 00:04:35,MANUAL,True,-7.9262022,112.5947689,233.56,0.0,0.0,IDLE,248,-72
1786035876.067,2026-08-07 00:04:36,MANUAL,True,-7.9262022,112.5947687,233.55,0.0,0.0,IDLE,248,-72
1786035876.193,2026-08-07 00:04:36,MANUAL,True,-7.9262023,112.5947687,233.56,0.0,0.0,IDLE,251,-69
1786035876.319,2026-08-07 00:04:36,MANUAL,True,-7.9262025,112.5947688,233.55,0.0,0.0,IDLE,253,-67
1786035876.450,2026-08-07 00:04:36,MANUAL,True,-7.9262026,112.5947688,233.58,0.0,0.0,IDLE,321,1
1786035876.577,2026-08-07 00:04:36,MANUAL,True,-7.9262028,112.594769,233.57,0.0,0.0,IDLE,323,3
1786035876.699,2026-08-07 00:04:36,MANUAL,True,-7.9262028,112.594769,233.58,0.0,0.0,IDLE,324,4
1786035876.817,2026-08-07 00:04:36,MANUAL,True,-7.9262031,112.5947696,233.59,0.0,0.0,IDLE,324,4
1786035876.944,2026-08-07 00:04:36,MANUAL,True,-7.9262032,112.59477,233.59,0.0,0.0,IDLE,325,5
1786035877.065,2026-08-07 00:04:37,MANUAL,True,-7.9262035,112.5947703,233.59,0.0,0.0,IDLE,324,4
1786035877.188,2026-08-07 00:04:37,MANUAL,True,-7.9262037,112.5947707,233.57,0.0,0.0,IDLE,324,4
1786035877.312,2026-08-07 00:04:37,MANUAL,True,-7.9262042,112.5947715,233.58,0.0,0.0,IDLE,259,-61
1786035877.426,2026-08-07 00:04:37,MANUAL,True,-7.9262045,112.5947719,233.57,0.0,0.0,IDLE,326,6
1786035877.549,2026-08-07 00:04:37,MANUAL,True,-7.9262047,112.5947724,233.58,0.0,0.0,IDLE,327,7
1786035877.672,2026-08-07 00:04:37,MANUAL,True,-7.9262049,112.5947726,233.58,0.0,0.0,IDLE,328,8
1786035877.790,2026-08-07 00:04:37,MANUAL,True,-7.9262051,112.5947728,233.57,0.0,0.0,IDLE,328,8
1786035877.910,2026-08-07 00:04:37,MANUAL,True,-7.9262054,112.5947728,233.55,0.0,0.0,IDLE,254,-66
1786035878.033,2026-08-07 00:04:38,MANUAL,True,-7.9262055,112.5947728,233.56,0.0,0.0,IDLE,251,-69
1786035878.177,2026-08-07 00:04:38,MANUAL,True,-7.9262056,112.5947728,233.55,0.0,0.0,IDLE,248,-72
1786035878.300,2026-08-07 00:04:38,MANUAL,True,-7.9262057,112.5947727,233.53,0.0,0.0,IDLE,330,10
1786035878.425,2026-08-07 00:04:38,MANUAL,True,-7.9262061,112.5947731,233.5,0.0,0.0,IDLE,239,-81
1786035878.547,2026-08-07 00:04:38,MANUAL,True,-7.9262063,112.5947735,233.52,0.0,0.0,IDLE,235,-85
1786035878.672,2026-08-07 00:04:38,MANUAL,True,-7.9262065,112.5947737,233.52,0.0,0.0,IDLE,233,-87
1786035878.796,2026-08-07 00:04:38,MANUAL,True,-7.9262067,112.5947741,233.5,0.0,0.0,IDLE,227,-93
1786035878.912,2026-08-07 00:04:38,MANUAL,True,-7.9262071,112.5947749,233.54,0.0,0.0,IDLE,318,-2
1786035879.042,2026-08-07 00:04:39,MANUAL,True,-7.9262072,112.5947752,233.54,0.0,0.0,IDLE,316,-4
1786035879.166,2026-08-07 00:04:39,MANUAL,True,-7.9262073,112.5947754,233.53,0.0,0.0,IDLE,217,-103
1786035879.286,2026-08-07 00:04:39,MANUAL,True,-7.9262074,112.5947755,233.52,0.0,0.0,IDLE,214,-106
1786035879.408,2026-08-07 00:04:39,MANUAL,True,-7.9262075,112.594776,233.54,0.0,0.0,IDLE,312,-8
1786035879.528,2026-08-07 00:04:39,MANUAL,True,-7.9262075,112.594776,233.54,0.0,0.0,IDLE,312,-8
1786035879.650,2026-08-07 00:04:39,MANUAL,True,-7.9262076,112.5947763,233.53,0.0,0.0,IDLE,444,124
1786035879.775,2026-08-07 00:04:39,MANUAL,True,-7.9262077,112.5947764,233.53,0.0,0.0,IDLE,311,-9
1786035879.897,2026-08-07 00:04:39,MANUAL,True,-7.9262077,112.5947766,233.53,0.0,0.0,IDLE,310,-10
1786035880.018,2026-08-07 00:04:40,MANUAL,True,-7.9262078,112.5947765,233.53,0.0,0.0,IDLE,309,-11
1786035880.140,2026-08-07 00:04:40,MANUAL,True,-7.9262078,112.5947766,233.53,0.0,0.0,IDLE,309,-11
1786035880.265,2026-08-07 00:04:40,MANUAL,True,-7.9262078,112.5947766,233.54,0.0,0.0,IDLE,309,-11
1786035880.395,2026-08-07 00:04:40,MANUAL,True,-7.9262077,112.5947764,233.53,0.0,0.0,IDLE,311,-9
1786035880.513,2026-08-07 00:04:40,MANUAL,True,-7.9262076,112.5947763,233.54,0.0,0.0,IDLE,311,-9
1786035880.638,2026-08-07 00:04:40,MANUAL,True,-7.9262076,112.5947763,233.54,0.0,0.0,IDLE,312,-8
1786035880.757,2026-08-07 00:04:40,MANUAL,True,-7.9262076,112.5947762,233.57,0.0,0.0,IDLE,435,115
1786035880.874,2026-08-07 00:04:40,MANUAL,True,-7.9262076,112.5947761,233.57,0.0,0.0,IDLE,434,114
1786035880.992,2026-08-07 00:04:40,MANUAL,True,-7.9262076,112.594776,233.58,0.0,0.0,IDLE,433,113
1786035881.108,2026-08-07 00:04:41,MANUAL,True,-7.9262077,112.5947759,233.58,0.0,0.0,IDLE,310,-10
1786035881.227,2026-08-07 00:04:41,MANUAL,True,-7.9262078,112.5947761,233.58,0.0,0.0,IDLE,308,-12
1786035881.353,2026-08-07 00:04:41,MANUAL,True,-7.926208,112.5947763,233.58,0.0,0.0,IDLE,419,99
1786035881.469,2026-08-07 00:04:41,MANUAL,True,-7.9262082,112.5947766,233.57,0.0,0.0,IDLE,412,92
1786035881.591,2026-08-07 00:04:41,MANUAL,True,-7.9262085,112.5947771,233.56,0.0,0.0,IDLE,410,90
1786035881.709,2026-08-07 00:04:41,MANUAL,True,-7.9262088,112.5947777,233.55,0.0,0.0,IDLE,403,83
1786035881.830,2026-08-07 00:04:41,MANUAL,True,-7.9262089,112.5947779,233.56,0.0,0.0,IDLE,286,-34
1786035881.955,2026-08-07 00:04:41,MANUAL,True,-7.9262091,112.5947783,233.57,0.0,0.0,IDLE,390,70
1786035882.074,2026-08-07 00:04:42,MANUAL,True,-7.9262093,112.5947787,233.57,0.0,0.0,IDLE,279,-41
1786035882.202,2026-08-07 00:04:42,MANUAL,True,-7.9262097,112.5947795,233.57,0.0,0.0,IDLE,279,-41
1786035882.324,2026-08-07 00:04:42,MANUAL,True,-7.9262098,112.5947798,233.59,0.0,0.0,IDLE,279,-41
1786035882.450,2026-08-07 00:04:42,MANUAL,True,-7.92621,112.5947801,233.59,0.0,0.0,IDLE,280,-40
1786035882.578,2026-08-07 00:04:42,MANUAL,True,-7.9262101,112.5947807,233.57,0.0,0.0,IDLE,285,-35
1786035882.702,2026-08-07 00:04:42,MANUAL,True,-7.9262103,112.5947816,233.58,0.0,0.0,IDLE,289,-31
1786035882.821,2026-08-07 00:04:42,MANUAL,True,-7.9262104,112.5947823,233.6,0.0,0.0,IDLE,292,-28
1786035882.940,2026-08-07 00:04:42,MANUAL,True,-7.9262106,112.5947831,233.6,0.0,0.0,IDLE,295,-25
1786035883.056,2026-08-07 00:04:43,MANUAL,True,-7.9262108,112.5947839,233.61,0.0,0.0,IDLE,297,-23
1786035883.172,2026-08-07 00:04:43,MANUAL,True,-7.9262109,112.5947846,233.6,0.0,0.0,IDLE,298,-22
1786035883.308,2026-08-07 00:04:43,MANUAL,True,-7.9262111,112.5947858,233.59,0.0,0.0,IDLE,300,-20
1786035883.451,2026-08-07 00:04:43,MANUAL,True,-7.9262112,112.5947864,233.58,0.0,0.0,IDLE,302,-18
1786035883.568,2026-08-07 00:04:43,MANUAL,True,-7.9262112,112.5947871,233.58,0.0,0.0,IDLE,307,-13
1786035883.689,2026-08-07 00:04:43,MANUAL,True,-7.9262112,112.5947878,233.57,0.0,0.0,IDLE,312,-8
1786035883.827,2026-08-07 00:04:43,MANUAL,True,-7.9262112,112.5947897,233.58,0.0,0.0,IDLE,320,0
1786035883.953,2026-08-07 00:04:43,MANUAL,True,-7.9262114,112.594791,233.58,0.0,0.0,IDLE,327,7
1786035884.068,2026-08-07 00:04:44,MANUAL,True,-7.9262115,112.5947925,233.58,0.0,0.0,IDLE,332,12
1786035884.188,2026-08-07 00:04:44,MANUAL,True,-7.9262117,112.5947939,233.58,0.0,0.0,IDLE,337,17
1786035884.311,2026-08-07 00:04:44,MANUAL,True,-7.9262122,112.5947975,233.59,0.0,0.0,IDLE,341,21
1786035884.431,2026-08-07 00:04:44,MANUAL,True,-7.9262124,112.5947993,233.59,0.0,0.0,IDLE,342,22
1786035884.553,2026-08-07 00:04:44,MANUAL,True,-7.9262126,112.5948015,233.59,0.0,0.0,IDLE,341,21
1786035884.671,2026-08-07 00:04:44,MANUAL,True,-7.9262127,112.5948028,233.6,0.0,0.0,IDLE,337,17
1786035884.792,2026-08-07 00:04:44,MANUAL,True,-7.9262129,112.5948046,233.61,0.0,0.0,IDLE,334,14
1786035884.916,2026-08-07 00:04:44,MANUAL,True,-7.9262129,112.5948075,233.63,0.0,0.0,IDLE,329,9
1786035885.041,2026-08-07 00:04:45,MANUAL,True,-7.9262128,112.5948086,233.63,0.0,0.0,IDLE,322,2
1786035885.168,2026-08-07 00:04:45,MANUAL,True,-7.9262128,112.5948096,233.63,0.0,0.0,IDLE,315,-5
1786035885.296,2026-08-07 00:04:45,MANUAL,True,-7.9262126,112.5948107,233.62,0.0,0.0,IDLE,309,-11
1786035885.415,2026-08-07 00:04:45,MANUAL,True,-7.9262123,112.5948123,233.62,0.0,0.0,IDLE,303,-17
1786035885.530,2026-08-07 00:04:45,MANUAL,True,-7.9262123,112.5948123,233.62,0.0,0.0,IDLE,296,-24
1786035885.653,2026-08-07 00:04:45,MANUAL,True,-7.9262116,112.5948131,233.63,0.0,0.0,IDLE,292,-28
1786035885.783,2026-08-07 00:04:45,MANUAL,True,-7.9262112,112.5948134,233.64,0.0,0.0,IDLE,286,-34
1786035885.897,2026-08-07 00:04:45,MANUAL,True,-7.9262109,112.5948136,233.65,0.0,0.0,IDLE,282,-38
1786035886.016,2026-08-07 00:04:46,MANUAL,True,-7.9262102,112.5948137,233.63,0.0,0.0,IDLE,278,-42
1786035886.157,2026-08-07 00:04:46,MANUAL,True,-7.9262099,112.5948138,233.65,0.0,0.0,IDLE,276,-44
1786035886.314,2026-08-07 00:04:46,MANUAL,True,-7.9262094,112.5948142,233.65,0.0,0.0,IDLE,270,-50
1786035886.494,2026-08-07 00:04:46,MANUAL,True,-7.9262092,112.5948144,233.66,0.0,0.0,IDLE,267,-53
1786035886.661,2026-08-07 00:04:46,MANUAL,True,-7.9262085,112.5948144,233.64,0.0,0.0,IDLE,319,-1
1786035886.788,2026-08-07 00:04:46,MANUAL,True,-7.9262082,112.5948143,233.64,0.0,0.0,IDLE,314,-6
1786035886.903,2026-08-07 00:04:46,MANUAL,True,-7.9262075,112.594814,233.66,0.0,0.0,IDLE,307,-13
1786035887.023,2026-08-07 00:04:47,MANUAL,True,-7.9262071,112.5948139,233.66,0.0,0.0,IDLE,137,-183
1786035887.141,2026-08-07 00:04:47,MANUAL,True,-7.9262068,112.5948138,233.67,0.0,0.0,IDLE,162,-158
1786035887.260,2026-08-07 00:04:47,MANUAL,True,-7.9262065,112.5948135,233.68,0.0,0.0,IDLE,161,-159
1786035887.383,2026-08-07 00:04:47,MANUAL,True,-7.9262062,112.5948133,233.68,0.0,0.0,IDLE,160,-160
1786035887.501,2026-08-07 00:04:47,MANUAL,True,-7.9262059,112.5948131,233.67,0.0,0.0,IDLE,159,-161
1786035887.625,2026-08-07 00:04:47,MANUAL,True,-7.9262052,112.5948126,233.67,0.0,0.0,IDLE,290,-30
1786035887.746,2026-08-07 00:04:47,MANUAL,True,-7.9262048,112.5948123,233.66,0.0,0.0,IDLE,159,-161
1786035887.866,2026-08-07 00:04:47,MANUAL,True,-7.9262044,112.594812,233.65,0.0,0.0,IDLE,288,-32
1786035887.989,2026-08-07 00:04:47,MANUAL,True,-7.926204,112.5948117,233.65,0.0,0.0,IDLE,288,-32
1786035888.110,2026-08-07 00:04:48,MANUAL,True,-7.9262032,112.594811,233.63,0.0,0.0,IDLE,239,-81
1786035888.231,2026-08-07 00:04:48,MANUAL,True,-7.9262028,112.5948104,233.63,0.0,0.0,IDLE,288,-32
1786035888.365,2026-08-07 00:04:48,MANUAL,True,-7.9262024,112.5948098,233.62,0.0,0.0,IDLE,246,-74
1786035888.484,2026-08-07 00:04:48,MANUAL,True,-7.926202,112.5948091,233.62,0.0,0.0,IDLE,250,-70
1786035888.607,2026-08-07 00:04:48,MANUAL,True,-7.9262013,112.5948079,233.64,0.0,0.0,IDLE,272,-48
1786035888.731,2026-08-07 00:04:48,MANUAL,True,-7.926201,112.5948075,233.65,0.0,0.0,IDLE,291,-29
1786035888.861,2026-08-07 00:04:48,MANUAL,True,-7.9262007,112.594807,233.64,0.0,0.0,IDLE,306,-14
1786035888.985,2026-08-07 00:04:48,MANUAL,True,-7.9262004,112.5948065,233.64,0.0,0.0,IDLE,316,-4
1786035889.109,2026-08-07 00:04:49,MANUAL,True,-7.9262,112.5948056,233.65,0.0,0.0,IDLE,320,0
1786035889.231,2026-08-07 00:04:49,MANUAL,True,-7.9261998,112.594805,233.65,0.0,0.0,IDLE,322,2
1786035889.357,2026-08-07 00:04:49,MANUAL,True,-7.9261995,112.5948043,233.66,0.0,0.0,IDLE,318,-2
1786035889.486,2026-08-07 00:04:49,MANUAL,True,-7.9261992,112.5948037,233.66,0.0,0.0,IDLE,336,16
1786035889.613,2026-08-07 00:04:49,MANUAL,True,-7.9261984,112.594802,233.65,0.0,0.0,IDLE,309,-11
1786035889.732,2026-08-07 00:04:49,MANUAL,True,-7.9261981,112.5948012,233.66,0.0,0.0,IDLE,305,-15
1786035889.860,2026-08-07 00:04:49,MANUAL,True,-7.9261977,112.5948005,233.69,0.0,0.0,IDLE,302,-18
1786035889.983,2026-08-07 00:04:49,MANUAL,True,-7.9261974,112.5947998,233.68,0.0,0.0,IDLE,293,-27
1786035890.111,2026-08-07 00:04:50,MANUAL,True,-7.9261969,112.5947985,233.7,0.0,0.0,IDLE,283,-37
1786035890.235,2026-08-07 00:04:50,MANUAL,True,-7.9261966,112.5947979,233.71,0.0,0.0,IDLE,273,-47
1786035890.360,2026-08-07 00:04:50,MANUAL,True,-7.9261964,112.5947973,233.72,0.0,0.0,IDLE,270,-50
1786035890.490,2026-08-07 00:04:50,MANUAL,True,-7.9261963,112.5947967,233.71,0.0,0.0,IDLE,256,-64
1786035890.610,2026-08-07 00:04:50,MANUAL,True,-7.926196,112.5947958,233.72,0.0,0.0,IDLE,251,-69
1786035890.725,2026-08-07 00:04:50,MANUAL,True,-7.9261959,112.5947952,233.72,0.0,0.0,IDLE,244,-76
1786035890.848,2026-08-07 00:04:50,MANUAL,True,-7.9261958,112.5947946,233.73,0.0,0.0,IDLE,244,-76
1786035890.971,2026-08-07 00:04:50,MANUAL,True,-7.9261957,112.594794,233.73,0.0,0.0,IDLE,250,-70
1786035891.090,2026-08-07 00:04:51,MANUAL,True,-7.9261956,112.5947934,233.74,0.0,0.0,IDLE,227,-93
1786035891.210,2026-08-07 00:04:51,MANUAL,True,-7.9261956,112.5947922,233.76,0.0,0.0,IDLE,266,-54
1786035891.327,2026-08-07 00:04:51,MANUAL,True,-7.9261957,112.5947916,233.74,0.0,0.0,IDLE,273,-47
1786035891.452,2026-08-07 00:04:51,MANUAL,True,-7.9261958,112.594791,233.75,0.0,0.0,IDLE,275,-45
1786035891.573,2026-08-07 00:04:51,MANUAL,True,-7.926196,112.5947904,233.75,0.0,0.0,IDLE,329,9
1786035891.691,2026-08-07 00:04:51,MANUAL,True,-7.9261961,112.5947901,233.76,0.0,0.0,IDLE,330,10
1786035891.816,2026-08-07 00:04:51,MANUAL,True,-7.9261963,112.5947889,233.77,0.0,0.0,IDLE,284,-36
1786035891.935,2026-08-07 00:04:51,MANUAL,True,-7.9261964,112.5947883,233.78,0.0,0.0,IDLE,288,-32
1786035892.053,2026-08-07 00:04:52,MANUAL,True,-7.9261965,112.5947877,233.78,0.0,0.0,IDLE,290,-30
1786035892.177,2026-08-07 00:04:52,MANUAL,True,-7.9261965,112.5947872,233.79,0.0,0.0,IDLE,293,-27
1786035892.294,2026-08-07 00:04:52,MANUAL,True,-7.9261968,112.5947869,233.78,0.0,0.0,IDLE,296,-24
1786035892.417,2026-08-07 00:04:52,MANUAL,True,-7.9261972,112.5947864,233.8,0.0,0.0,IDLE,299,-21
1786035892.534,2026-08-07 00:04:52,MANUAL,True,-7.9261974,112.5947862,233.81,0.0,0.0,IDLE,301,-19
1786035892.655,2026-08-07 00:04:52,MANUAL,True,-7.9261976,112.594786,233.79,0.0,0.0,IDLE,364,44
1786035892.777,2026-08-07 00:04:52,MANUAL,True,-7.9261978,112.5947857,233.8,0.0,0.0,IDLE,364,44
1786035892.896,2026-08-07 00:04:52,MANUAL,True,-7.926198,112.5947853,233.8,0.0,0.0,IDLE,362,42
1786035893.018,2026-08-07 00:04:53,MANUAL,True,-7.9261984,112.5947851,233.8,0.0,0.0,IDLE,356,36
1786035893.141,2026-08-07 00:04:53,MANUAL,True,-7.9261985,112.594785,233.79,0.0,0.0,IDLE,348,28
1786035893.260,2026-08-07 00:04:53,MANUAL,True,-7.9261987,112.5947851,233.78,0.0,0.0,IDLE,338,18
1786035893.413,2026-08-07 00:04:53,MANUAL,True,-7.9261991,112.5947852,233.77,0.0,0.0,IDLE,338,18
1786035893.543,2026-08-07 00:04:53,MANUAL,True,-7.9261993,112.5947853,233.77,0.0,0.0,IDLE,331,11
1786035893.661,2026-08-07 00:04:53,MANUAL,True,-7.9261996,112.5947852,233.76,0.0,0.0,IDLE,327,7
1786035893.779,2026-08-07 00:04:53,MANUAL,True,-7.9261997,112.5947854,233.77,0.0,0.0,IDLE,324,4
1786035893.918,2026-08-07 00:04:53,MANUAL,True,-7.9262,112.5947857,233.77,0.0,0.0,IDLE,318,-2
1786035894.041,2026-08-07 00:04:54,MANUAL,True,-7.9262002,112.5947858,233.75,0.0,0.0,IDLE,258,-62
1786035894.158,2026-08-07 00:04:54,MANUAL,True,-7.9262003,112.5947858,233.76,0.0,0.0,IDLE,256,-64
1786035894.275,2026-08-07 00:04:54,MANUAL,True,-7.9262004,112.5947856,233.77,0.0,0.0,IDLE,254,-66
1786035894.394,2026-08-07 00:04:54,MANUAL,True,-7.9262005,112.5947855,233.77,0.0,0.0,IDLE,253,-67
1786035894.515,2026-08-07 00:04:54,MANUAL,True,-7.9262005,112.5947854,233.78,0.0,0.0,IDLE,252,-68
1786035894.636,2026-08-07 00:04:54,MANUAL,True,-7.9262006,112.5947848,233.78,0.0,0.0,IDLE,249,-71
1786035894.758,2026-08-07 00:04:54,MANUAL,True,-7.9262006,112.5947845,233.75,0.0,0.0,IDLE,247,-73
1786035894.882,2026-08-07 00:04:54,MANUAL,True,-7.9262007,112.5947841,233.77,0.0,0.0,IDLE,245,-75
1786035895.005,2026-08-07 00:04:55,MANUAL,True,-7.9262008,112.5947832,233.77,0.0,0.0,IDLE,240,-80
1786035895.139,2026-08-07 00:04:55,MANUAL,True,-7.9262008,112.5947826,233.78,0.0,0.0,IDLE,236,-84
1786035895.258,2026-08-07 00:04:55,MANUAL,True,-7.9262008,112.5947819,233.77,0.0,0.0,IDLE,235,-85
1786035895.377,2026-08-07 00:04:55,MANUAL,True,-7.9262008,112.5947813,233.79,0.0,0.0,IDLE,185,-135
1786035895.498,2026-08-07 00:04:55,MANUAL,True,-7.9262008,112.5947808,233.78,0.0,0.0,IDLE,233,-87
1786035895.616,2026-08-07 00:04:55,MANUAL,True,-7.9262008,112.5947795,233.78,0.0,0.0,IDLE,,
1786035895.736,2026-08-07 00:04:55,MANUAL,True,-7.9262008,112.5947789,233.78,0.0,0.0,IDLE,162,-158
1786035895.864,2026-08-07 00:04:55,MANUAL,True,-7.9262009,112.5947783,233.78,0.0,0.0,IDLE,170,-150
1786035895.981,2026-08-07 00:04:55,MANUAL,True,-7.926201,112.5947779,233.79,0.0,0.0,IDLE,225,-95
1786035896.099,2026-08-07 00:04:56,MANUAL,True,-7.926201,112.5947777,233.79,0.0,0.0,IDLE,187,-133
1786035896.221,2026-08-07 00:04:56,MANUAL,True,-7.9262011,112.5947771,233.77,0.0,0.0,IDLE,194,-126
1786035896.344,2026-08-07 00:04:56,MANUAL,True,-7.9262012,112.5947769,233.77,0.0,0.0,IDLE,247,-73
1786035896.466,2026-08-07 00:04:56,MANUAL,True,-7.9262012,112.5947769,233.74,0.0,0.0,IDLE,256,-64
1786035896.585,2026-08-07 00:04:56,MANUAL,True,-7.9262013,112.5947771,233.73,0.0,0.0,IDLE,260,-60
1786035896.709,2026-08-07 00:04:56,MANUAL,True,-7.9262014,112.5947778,233.74,0.0,0.0,IDLE,269,-51
1786035896.845,2026-08-07 00:04:56,MANUAL,True,-7.9262015,112.5947782,233.73,0.0,0.0,IDLE,275,-45
1786035896.965,2026-08-07 00:04:56,MANUAL,True,-7.9262015,112.5947787,233.74,0.0,0.0,IDLE,284,-36
1786035897.087,2026-08-07 00:04:57,MANUAL,True,-7.9262016,112.5947793,233.73,0.0,0.0,IDLE,291,-29
1786035897.210,2026-08-07 00:04:57,MANUAL,True,-7.9262016,112.5947798,233.71,0.0,0.0,IDLE,297,-23
1786035897.335,2026-08-07 00:04:57,MANUAL,True,-7.9262016,112.5947801,233.71,0.0,0.0,IDLE,259,-61
1786035897.461,2026-08-07 00:04:57,MANUAL,True,-7.9262016,112.5947803,233.72,0.0,0.0,IDLE,298,-22
1786035897.576,2026-08-07 00:04:57,MANUAL,True,-7.9262016,112.5947807,233.72,0.0,0.0,IDLE,298,-22
1786035897.694,2026-08-07 00:04:57,MANUAL,True,-7.9262016,112.5947809,233.72,0.0,0.0,IDLE,296,-24
1786035897.811,2026-08-07 00:04:57,MANUAL,True,-7.9262018,112.5947817,233.73,0.0,0.0,IDLE,300,-20
1786035897.934,2026-08-07 00:04:57,MANUAL,True,-7.9262018,112.594782,233.71,0.0,0.0,IDLE,306,-14
1786035898.061,2026-08-07 00:04:58,MANUAL,True,-7.9262018,112.5947823,233.7,0.0,0.0,IDLE,312,-8
1786035898.182,2026-08-07 00:04:58,MANUAL,True,-7.9262019,112.5947826,233.69,0.0,0.0,IDLE,314,-6
1786035898.301,2026-08-07 00:04:58,MANUAL,True,-7.9262019,112.5947836,233.7,0.0,0.0,IDLE,319,-1
1786035898.432,2026-08-07 00:04:58,MANUAL,True,-7.9262018,112.5947841,233.7,0.0,0.0,IDLE,322,2
1786035898.555,2026-08-07 00:04:58,MANUAL,True,-7.9262019,112.5947846,233.71,0.0,0.0,IDLE,327,7
1786035898.677,2026-08-07 00:04:58,MANUAL,True,-7.926202,112.5947851,233.72,0.0,0.0,IDLE,334,14
1786035898.795,2026-08-07 00:04:58,MANUAL,True,-7.9262021,112.5947856,233.71,0.0,0.0,IDLE,369,49
1786035898.916,2026-08-07 00:04:58,MANUAL,True,-7.9262022,112.5947866,233.69,0.0,0.0,IDLE,345,25
1786035899.038,2026-08-07 00:04:59,MANUAL,True,-7.9262023,112.594787,233.69,0.0,0.0,IDLE,350,30
1786035899.155,2026-08-07 00:04:59,MANUAL,True,-7.9262023,112.5947872,233.68,0.0,0.0,IDLE,384,64
1786035899.277,2026-08-07 00:04:59,MANUAL,True,-7.9262023,112.5947874,233.69,0.0,0.0,IDLE,364,44
1786035899.390,2026-08-07 00:04:59,MANUAL,True,-7.9262023,112.5947876,233.69,0.0,0.0,IDLE,386,66
1786035899.505,2026-08-07 00:04:59,MANUAL,True,-7.9262024,112.5947877,233.7,0.0,0.0,IDLE,369,49
1786035899.621,2026-08-07 00:04:59,MANUAL,True,-7.9262024,112.594788,233.7,0.0,0.0,IDLE,,
1786035899.744,2026-08-07 00:04:59,MANUAL,True,-7.9262024,112.5947882,233.71,0.0,0.0,IDLE,395,75
1786035899.862,2026-08-07 00:04:59,MANUAL,True,-7.9262024,112.5947883,233.73,0.0,0.0,IDLE,400,80
1786035899.983,2026-08-07 00:04:59,MANUAL,True,-7.9262025,112.5947886,233.74,0.0,0.0,IDLE,402,82
1786035900.107,2026-08-07 00:05:00,MANUAL,True,-7.9262028,112.5947889,233.74,0.0,0.0,IDLE,,
1786035900.225,2026-08-07 00:05:00,MANUAL,True,-7.9262029,112.5947893,233.74,0.0,0.0,IDLE,406,86
1786035900.351,2026-08-07 00:05:00,MANUAL,True,-7.926203,112.5947896,233.74,0.0,0.0,IDLE,404,84
1786035900.475,2026-08-07 00:05:00,MANUAL,True,-7.9262031,112.5947899,233.72,0.0,0.0,IDLE,,
1786035900.589,2026-08-07 00:05:00,MANUAL,True,-7.9262032,112.5947905,233.73,0.0,0.0,IDLE,,
1786035900.705,2026-08-07 00:05:00,MANUAL,True,-7.9262034,112.5947912,233.72,0.0,0.0,IDLE,412,92
1786035900.820,2026-08-07 00:05:00,MANUAL,True,-7.9262035,112.5947916,233.74,0.0,0.0,IDLE,415,95
1786035900.940,2026-08-07 00:05:00,MANUAL,True,-7.9262036,112.5947921,233.74,0.0,0.0,IDLE,415,95
1786035901.062,2026-08-07 00:05:01,MANUAL,True,-7.9262038,112.5947925,233.75,0.0,0.0,IDLE,414,94
1786035901.181,2026-08-07 00:05:01,MANUAL,True,-7.9262039,112.5947928,233.75,0.0,0.0,IDLE,414,94
1786035901.305,2026-08-07 00:05:01,MANUAL,True,-7.926204,112.5947935,233.74,0.0,0.0,IDLE,415,95
1786035901.428,2026-08-07 00:05:01,MANUAL,True,-7.9262041,112.5947939,233.75,0.0,0.0,IDLE,417,97
1786035901.544,2026-08-07 00:05:01,MANUAL,True,-7.9262042,112.5947942,233.76,0.0,0.0,IDLE,417,97
1786035901.664,2026-08-07 00:05:01,MANUAL,True,-7.9262043,112.5947945,233.75,0.0,0.0,IDLE,415,95
1786035901.778,2026-08-07 00:05:01,MANUAL,True,-7.9262043,112.5947948,233.76,0.0,0.0,IDLE,413,93
1786035901.898,2026-08-07 00:05:01,MANUAL,True,-7.9262044,112.5947951,233.77,0.0,0.0,IDLE,413,93
1786035902.019,2026-08-07 00:05:02,MANUAL,True,-7.9262045,112.5947957,233.75,0.0,0.0,IDLE,411,91
1786035902.146,2026-08-07 00:05:02,MANUAL,True,-7.9262045,112.594796,233.76,0.0,0.0,IDLE,410,90
1786035902.270,2026-08-07 00:05:02,MANUAL,True,-7.9262046,112.5947963,233.76,0.0,0.0,IDLE,409,89
1786035902.396,2026-08-07 00:05:02,MANUAL,True,-7.9262046,112.5947969,233.78,0.0,0.0,IDLE,408,88
1786035902.517,2026-08-07 00:05:02,MANUAL,True,-7.9262044,112.5947974,233.78,0.0,0.0,IDLE,408,88
1786035902.637,2026-08-07 00:05:02,MANUAL,True,-7.9262043,112.5947985,233.78,0.0,0.0,IDLE,408,88
1786035902.758,2026-08-07 00:05:02,MANUAL,True,-7.9262042,112.5947991,233.77,0.0,0.0,IDLE,,
1786035902.879,2026-08-07 00:05:02,MANUAL,True,-7.9262042,112.5947997,233.77,0.0,0.0,IDLE,,
1786035903.004,2026-08-07 00:05:03,MANUAL,True,-7.9262044,112.5948008,233.76,0.0,0.0,IDLE,406,86
1786035903.119,2026-08-07 00:05:03,MANUAL,True,-7.9262044,112.5948012,233.76,0.0,0.0,IDLE,401,81
1786035903.241,2026-08-07 00:05:03,MANUAL,True,-7.9262045,112.5948018,233.77,0.0,0.0,IDLE,,
1786035903.363,2026-08-07 00:05:03,MANUAL,True,-7.9262045,112.5948024,233.76,0.0,0.0,IDLE,,
1786035903.494,2026-08-07 00:05:03,MANUAL,True,-7.9262045,112.5948029,233.75,0.0,0.0,IDLE,,
1786035903.629,2026-08-07 00:05:03,MANUAL,True,-7.9262044,112.5948041,233.75,0.0,0.0,IDLE,,
1786035903.741,2026-08-07 00:05:03,MANUAL,True,-7.9262044,112.5948047,233.75,0.0,0.0,IDLE,,
1786035903.857,2026-08-07 00:05:03,MANUAL,True,-7.9262044,112.5948052,233.75,0.0,0.0,IDLE,,
1786035903.988,2026-08-07 00:05:03,MANUAL,True,-7.9262043,112.5948059,233.75,0.0,0.0,IDLE,,
1786035904.113,2026-08-07 00:05:04,MANUAL,True,-7.9262043,112.5948072,233.74,0.0,0.0,IDLE,,
1786035904.239,2026-08-07 00:05:04,MANUAL,True,-7.9262043,112.5948076,233.71,0.0,0.0,IDLE,,
1786035904.364,2026-08-07 00:05:04,MANUAL,True,-7.9262044,112.5948081,233.71,0.0,0.0,IDLE,,
1786035904.484,2026-08-07 00:05:04,MANUAL,True,-7.9262044,112.5948086,233.73,0.0,0.0,IDLE,,
1786035904.610,2026-08-07 00:05:04,MANUAL,True,-7.9262045,112.5948099,233.72,0.0,0.0,IDLE,,
1786035904.727,2026-08-07 00:05:04,MANUAL,True,-7.9262046,112.5948105,233.72,0.0,0.0,IDLE,,
1786035904.844,2026-08-07 00:05:04,MANUAL,True,-7.9262047,112.5948112,233.7,0.0,0.0,IDLE,,
1786035904.964,2026-08-07 00:05:04,MANUAL,True,-7.9262048,112.5948118,233.72,0.0,0.0,IDLE,,
1786035905.087,2026-08-07 00:05:05,MANUAL,True,-7.9262047,112.5948123,233.72,0.0,0.0,IDLE,,
1786035905.206,2026-08-07 00:05:05,MANUAL,True,-7.9262047,112.5948133,233.73,0.0,0.0,IDLE,,
1786035905.334,2026-08-07 00:05:05,MANUAL,True,-7.9262048,112.5948139,233.74,0.0,0.0,IDLE,,
1786035905.457,2026-08-07 00:05:05,MANUAL,True,-7.9262048,112.5948144,233.74,0.0,0.0,IDLE,,
1786035905.574,2026-08-07 00:05:05,MANUAL,True,-7.9262048,112.5948149,233.73,0.0,0.0,IDLE,,
1786035905.693,2026-08-07 00:05:05,MANUAL,True,-7.9262049,112.5948151,233.73,0.0,0.0,IDLE,,
1786035905.813,2026-08-07 00:05:05,MANUAL,True,-7.9262051,112.594816,233.72,0.0,0.0,IDLE,,
1786035905.960,2026-08-07 00:05:05,MANUAL,True,-7.9262051,112.5948164,233.7,0.0,0.0,IDLE,,
1786035906.082,2026-08-07 00:05:06,MANUAL,True,-7.9262051,112.5948169,233.71,0.0,0.0,IDLE,,
1786035906.201,2026-08-07 00:05:06,MANUAL,True,-7.9262051,112.5948174,233.71,0.0,0.0,IDLE,,
1786035906.330,2026-08-07 00:05:06,MANUAL,True,-7.9262051,112.5948182,233.71,0.0,0.0,IDLE,,
1786035906.464,2026-08-07 00:05:06,MANUAL,True,-7.9262051,112.5948184,233.7,0.0,0.0,IDLE,,
1786035906.596,2026-08-07 00:05:06,MANUAL,True,-7.9262051,112.5948186,233.71,0.0,0.0,IDLE,,
1786035906.729,2026-08-07 00:05:06,MANUAL,True,-7.9262052,112.5948188,233.72,0.0,0.0,IDLE,,
1786035906.858,2026-08-07 00:05:06,MANUAL,True,-7.9262053,112.5948189,233.72,0.0,0.0,IDLE,,
1786035906.985,2026-08-07 00:05:06,MANUAL,True,-7.9262055,112.5948191,233.72,0.0,0.0,IDLE,,
1786035907.117,2026-08-07 00:05:07,MANUAL,True,-7.9262058,112.5948194,233.72,0.0,0.0,IDLE,,
1786035907.240,2026-08-07 00:05:07,MANUAL,True,-7.9262059,112.5948197,233.71,0.0,0.0,IDLE,,
1786035907.373,2026-08-07 00:05:07,MANUAL,True,-7.926206,112.5948199,233.72,0.0,0.0,IDLE,,
1786035907.494,2026-08-07 00:05:07,MANUAL,True,-7.9262061,112.59482,233.72,0.0,0.0,IDLE,,
1786035907.615,2026-08-07 00:05:07,MANUAL,True,-7.9262063,112.5948201,233.71,0.0,0.0,IDLE,,
1786035907.745,2026-08-07 00:05:07,MANUAL,True,-7.9262063,112.5948202,233.7,0.0,0.0,IDLE,,
1786035907.866,2026-08-07 00:05:07,MANUAL,True,-7.9262063,112.5948202,233.7,0.0,0.0,IDLE,,
1786035907.989,2026-08-07 00:05:07,MANUAL,True,-7.9262064,112.5948203,233.7,0.0,0.0,IDLE,,
1786035908.115,2026-08-07 00:05:08,MANUAL,True,-7.9262065,112.5948205,233.69,0.0,0.0,IDLE,,
1786035908.241,2026-08-07 00:05:08,MANUAL,True,-7.9262065,112.5948206,233.69,0.0,0.0,IDLE,,
1786035908.376,2026-08-07 00:05:08,MANUAL,True,-7.9262064,112.5948206,233.69,0.0,0.0,IDLE,,
1786035908.498,2026-08-07 00:05:08,MANUAL,True,-7.9262064,112.5948207,233.69,0.0,0.0,IDLE,291,-29
1786035908.641,2026-08-07 00:05:08,MANUAL,True,-7.9262063,112.5948209,233.68,0.0,0.0,IDLE,305,-15
1786035908.770,2026-08-07 00:05:08,MANUAL,True,-7.9262064,112.594821,233.67,0.0,0.0,IDLE,317,-3
1786035908.896,2026-08-07 00:05:08,MANUAL,True,-7.9262065,112.5948211,233.67,0.0,0.0,IDLE,321,1
1786035909.020,2026-08-07 00:05:09,MANUAL,True,-7.9262067,112.5948211,233.67,0.0,0.0,IDLE,324,4
1786035909.147,2026-08-07 00:05:09,MANUAL,True,-7.9262068,112.5948211,233.68,0.0,0.0,IDLE,326,6
1786035909.274,2026-08-07 00:05:09,MANUAL,True,-7.9262068,112.594821,233.7,0.0,0.0,IDLE,301,-19
1786035909.393,2026-08-07 00:05:09,MANUAL,True,-7.9262068,112.5948209,233.7,0.0,0.0,IDLE,135,-185
1786035909.512,2026-08-07 00:05:09,MANUAL,True,-7.9262068,112.5948208,233.72,0.0,0.0,IDLE,336,16
1786035909.644,2026-08-07 00:05:09,MANUAL,True,-7.9262068,112.5948211,233.72,0.0,0.0,IDLE,337,17
1786035909.764,2026-08-07 00:05:09,MANUAL,True,-7.9262068,112.5948213,233.75,0.0,0.0,IDLE,336,16
1786035909.881,2026-08-07 00:05:09,MANUAL,True,-7.9262068,112.5948216,233.76,0.0,0.0,IDLE,337,17
1786035910.004,2026-08-07 00:05:10,MANUAL,True,-7.9262069,112.5948219,233.74,0.0,0.0,IDLE,339,19
1786035910.132,2026-08-07 00:05:10,MANUAL,True,-7.9262069,112.594822,233.72,0.0,0.0,IDLE,338,18
1786035910.258,2026-08-07 00:05:10,MANUAL,True,-7.9262068,112.594822,233.73,0.0,0.0,IDLE,337,17
1786035910.384,2026-08-07 00:05:10,MANUAL,True,-7.9262067,112.594822,233.74,0.0,0.0,IDLE,337,17
1786035910.504,2026-08-07 00:05:10,MANUAL,True,-7.9262066,112.5948223,233.74,0.0,0.0,IDLE,337,17
1786035910.622,2026-08-07 00:05:10,MANUAL,True,-7.9262066,112.5948225,233.75,0.0,0.0,IDLE,338,18
1786035910.744,2026-08-07 00:05:10,MANUAL,True,-7.9262065,112.5948227,233.73,0.0,0.0,IDLE,338,18
1786035910.873,2026-08-07 00:05:10,MANUAL,True,-7.9262065,112.594823,233.73,0.0,0.0,IDLE,,
1786035911.009,2026-08-07 00:05:11,MANUAL,True,-7.9262064,112.5948237,233.74,0.0,0.0,IDLE,,
1786035911.126,2026-08-07 00:05:11,MANUAL,True,-7.9262064,112.5948241,233.73,0.0,0.0,IDLE,,
1786035911.243,2026-08-07 00:05:11,MANUAL,True,-7.9262063,112.5948244,233.74,0.0,0.0,IDLE,,
1786035911.376,2026-08-07 00:05:11,MANUAL,True,-7.9262062,112.5948247,233.76,0.0,0.0,IDLE,,
1786035911.498,2026-08-07 00:05:11,MANUAL,True,-7.9262062,112.5948251,233.75,0.0,0.0,IDLE,,
1786035911.616,2026-08-07 00:05:11,MANUAL,True,-7.9262062,112.5948257,233.73,0.0,0.0,IDLE,,
1786035911.737,2026-08-07 00:05:11,MANUAL,True,-7.9262063,112.5948262,233.75,0.0,0.0,IDLE,,
1786035911.861,2026-08-07 00:05:11,MANUAL,True,-7.9262064,112.5948266,233.74,0.0,0.0,IDLE,,
1786035911.994,2026-08-07 00:05:11,MANUAL,True,-7.9262066,112.5948269,233.74,0.0,0.0,IDLE,,
1786035912.147,2026-08-07 00:05:12,MANUAL,True,-7.9262068,112.5948275,233.73,0.0,0.0,IDLE,,
1786035912.299,2026-08-07 00:05:12,MANUAL,True,-7.9262068,112.594828,233.74,0.0,0.0,IDLE,,
1786035912.461,2026-08-07 00:05:12,MANUAL,True,-7.9262068,112.5948292,233.73,0.0,0.0,IDLE,,
1786035912.618,2026-08-07 00:05:12,MANUAL,True,-7.9262068,112.5948303,233.74,0.0,0.0,IDLE,,
1786035912.831,2026-08-07 00:05:12,MANUAL,True,-7.9262068,112.5948311,233.73,0.0,0.0,IDLE,,
1786035912.951,2026-08-07 00:05:12,MANUAL,True,-7.9262067,112.5948314,233.75,0.0,0.0,IDLE,,
1786035913.080,2026-08-07 00:05:13,MANUAL,True,-7.9262067,112.5948317,233.74,0.0,0.0,IDLE,,
1786035913.213,2026-08-07 00:05:13,MANUAL,True,-7.9262065,112.5948324,233.79,0.0,0.0,IDLE,,
1786035913.333,2026-08-07 00:05:13,MANUAL,True,-7.9262063,112.5948325,233.79,0.0,0.0,IDLE,,
1786035913.452,2026-08-07 00:05:13,MANUAL,True,-7.9262062,112.5948326,233.8,0.0,0.0,IDLE,,
1786035913.591,2026-08-07 00:05:13,MANUAL,True,-7.9262061,112.5948326,233.81,0.0,0.0,IDLE,,
1786035913.753,2026-08-07 00:05:13,MANUAL,True,-7.9262058,112.5948324,233.82,0.0,0.0,IDLE,,
1786035913.876,2026-08-07 00:05:13,MANUAL,True,-7.9262058,112.5948323,233.83,0.0,0.0,IDLE,,
1786035914.018,2026-08-07 00:05:14,MANUAL,True,-7.9262058,112.5948318,233.85,0.0,0.0,IDLE,,
1786035914.140,2026-08-07 00:05:14,MANUAL,True,-7.9262058,112.5948317,233.85,0.0,0.0,IDLE,,
1786035914.263,2026-08-07 00:05:14,MANUAL,True,-7.9262058,112.5948313,233.84,0.0,0.0,IDLE,,
1786035914.392,2026-08-07 00:05:14,MANUAL,True,-7.9262057,112.5948311,233.83,0.0,0.0,IDLE,,
1786035914.520,2026-08-07 00:05:14,MANUAL,True,-7.9262057,112.5948308,233.83,0.0,0.0,IDLE,,
1786035914.646,2026-08-07 00:05:14,MANUAL,True,-7.9262057,112.5948302,233.83,0.0,0.0,IDLE,,
1786035914.771,2026-08-07 00:05:14,MANUAL,True,-7.9262057,112.5948297,233.82,0.0,0.0,IDLE,,
1786035914.897,2026-08-07 00:05:14,MANUAL,True,-7.9262058,112.5948293,233.82,0.0,0.0,IDLE,,
1786035915.021,2026-08-07 00:05:15,MANUAL,True,-7.9262058,112.5948292,233.82,0.0,0.0,IDLE,,
1786035915.139,2026-08-07 00:05:15,MANUAL,True,-7.9262057,112.5948292,233.81,0.0,0.0,IDLE,,
1786035915.259,2026-08-07 00:05:15,MANUAL,True,-7.9262057,112.5948292,233.8,0.0,0.0,IDLE,,
1786035915.380,2026-08-07 00:05:15,MANUAL,True,-7.9262057,112.5948292,233.8,0.0,0.0,IDLE,,
1786035915.496,2026-08-07 00:05:15,MANUAL,True,-7.9262057,112.5948293,233.8,0.0,0.0,IDLE,,
1786035915.613,2026-08-07 00:05:15,MANUAL,True,-7.9262058,112.5948291,233.81,0.0,0.0,IDLE,,
1786035915.735,2026-08-07 00:05:15,MANUAL,True,-7.9262058,112.5948288,233.82,0.0,0.0,IDLE,318,-2
1786035915.866,2026-08-07 00:05:15,MANUAL,True,-7.9262057,112.5948284,233.82,0.0,0.0,IDLE,324,4
1786035916.015,2026-08-07 00:05:16,MANUAL,True,-7.9262056,112.5948279,233.82,0.0,0.0,IDLE,320,0
1786035916.140,2026-08-07 00:05:16,MANUAL,True,-7.9262056,112.5948278,233.81,0.0,0.0,IDLE,319,-1
1786035916.264,2026-08-07 00:05:16,MANUAL,True,-7.9262056,112.5948276,233.8,0.0,0.0,IDLE,321,1
1786035916.399,2026-08-07 00:05:16,MANUAL,True,-7.9262055,112.5948275,233.81,0.0,0.0,IDLE,319,-1
1786035916.530,2026-08-07 00:05:16,MANUAL,True,-7.9262054,112.5948275,233.82,0.0,0.0,IDLE,316,-4
1786035916.648,2026-08-07 00:05:16,MANUAL,True,-7.9262054,112.5948275,233.79,0.0,0.0,IDLE,315,-5
1786035916.769,2026-08-07 00:05:16,MANUAL,True,-7.9262053,112.5948274,233.79,0.0,0.0,IDLE,312,-8
1786035916.892,2026-08-07 00:05:16,MANUAL,True,-7.9262053,112.5948273,233.78,0.0,0.0,IDLE,313,-7
1786035917.008,2026-08-07 00:05:17,MANUAL,True,-7.9262053,112.5948271,233.79,0.0,0.0,IDLE,316,-4
1786035917.130,2026-08-07 00:05:17,MANUAL,True,-7.9262053,112.594827,233.8,0.0,0.0,IDLE,322,2
1786035917.247,2026-08-07 00:05:17,MANUAL,True,-7.9262054,112.5948265,233.8,0.0,0.0,IDLE,330,10
1786035917.365,2026-08-07 00:05:17,MANUAL,True,-7.9262054,112.5948259,233.81,0.0,0.0,IDLE,341,21
1786035917.486,2026-08-07 00:05:17,MANUAL,True,-7.9262054,112.5948253,233.81,0.0,0.0,IDLE,345,25
1786035917.609,2026-08-07 00:05:17,MANUAL,True,-7.9262054,112.5948241,233.78,0.0,0.0,IDLE,352,32
1786035917.732,2026-08-07 00:05:17,MANUAL,True,-7.9262054,112.5948236,233.8,0.0,0.0,IDLE,361,41
1786035917.856,2026-08-07 00:05:17,MANUAL,True,-7.9262054,112.5948232,233.8,0.0,0.0,IDLE,368,48
1786035917.978,2026-08-07 00:05:17,MANUAL,True,-7.9262054,112.5948227,233.81,0.0,0.0,IDLE,373,53
1786035918.105,2026-08-07 00:05:18,MANUAL,True,-7.9262055,112.594822,233.8,0.0,0.0,IDLE,376,56
1786035918.229,2026-08-07 00:05:18,MANUAL,True,-7.9262055,112.5948215,233.8,0.0,0.0,IDLE,377,57
1786035918.365,2026-08-07 00:05:18,MANUAL,True,-7.9262055,112.5948209,233.79,0.0,0.0,IDLE,375,55
1786035918.485,2026-08-07 00:05:18,MANUAL,True,-7.9262055,112.5948203,233.78,0.0,0.0,IDLE,370,50
1786035918.605,2026-08-07 00:05:18,MANUAL,True,-7.9262055,112.5948189,233.79,0.0,0.0,IDLE,362,42
1786035918.728,2026-08-07 00:05:18,MANUAL,True,-7.9262054,112.5948183,233.78,0.0,0.0,IDLE,353,33
1786035918.897,2026-08-07 00:05:18,MANUAL,True,-7.9262054,112.5948176,233.78,0.0,0.0,IDLE,341,21
1786035919.028,2026-08-07 00:05:19,MANUAL,True,-7.9262054,112.5948163,233.78,0.0,0.0,IDLE,331,11
1786035919.164,2026-08-07 00:05:19,MANUAL,True,-7.9262053,112.5948158,233.76,0.0,0.0,IDLE,319,-1
1786035919.292,2026-08-07 00:05:19,MANUAL,True,-7.9262053,112.5948151,233.78,0.0,0.0,IDLE,311,-9
1786035919.412,2026-08-07 00:05:19,MANUAL,True,-7.9262053,112.594814,233.78,0.0,0.0,IDLE,304,-16
1786035919.535,2026-08-07 00:05:19,MANUAL,True,-7.9262054,112.5948137,233.79,0.0,0.0,IDLE,294,-26
1786035919.665,2026-08-07 00:05:19,MANUAL,True,-7.9262056,112.5948134,233.77,0.0,0.0,IDLE,286,-34
1786035919.786,2026-08-07 00:05:19,MANUAL,True,-7.9262058,112.594813,233.76,0.0,0.0,IDLE,277,-43
1786035919.917,2026-08-07 00:05:19,MANUAL,True,-7.926206,112.5948119,233.76,0.0,0.0,IDLE,269,-51
1786035920.044,2026-08-07 00:05:20,MANUAL,True,-7.926206,112.5948113,233.75,0.0,0.0,IDLE,264,-56
1786035920.167,2026-08-07 00:05:20,MANUAL,True,-7.9262061,112.5948107,233.74,0.0,0.0,IDLE,282,-38
1786035920.295,2026-08-07 00:05:20,MANUAL,True,-7.926206,112.5948101,233.74,0.0,0.0,IDLE,277,-43
1786035920.417,2026-08-07 00:05:20,MANUAL,True,-7.9262061,112.5948093,233.76,0.0,0.0,IDLE,271,-49
1786035920.546,2026-08-07 00:05:20,MANUAL,True,-7.9262061,112.5948088,233.78,0.0,0.0,IDLE,265,-55
1786035920.666,2026-08-07 00:05:20,MANUAL,True,-7.9262062,112.5948085,233.77,0.0,0.0,IDLE,261,-59
1786035920.783,2026-08-07 00:05:20,MANUAL,True,-7.9262064,112.5948082,233.77,0.0,0.0,IDLE,258,-62
1786035920.901,2026-08-07 00:05:20,MANUAL,True,-7.9262067,112.5948076,233.78,0.0,0.0,IDLE,235,-85
1786035921.024,2026-08-07 00:05:21,MANUAL,True,-7.9262069,112.5948074,233.78,0.0,0.0,IDLE,236,-84
1786035921.146,2026-08-07 00:05:21,MANUAL,True,-7.9262071,112.5948073,233.79,0.0,0.0,IDLE,259,-61
1786035921.269,2026-08-07 00:05:21,MANUAL,True,-7.9262075,112.5948076,233.78,0.0,0.0,IDLE,248,-72
1786035921.391,2026-08-07 00:05:21,MANUAL,True,-7.9262079,112.5948082,233.8,0.0,0.0,IDLE,252,-68
1786035921.513,2026-08-07 00:05:21,MANUAL,True,-7.9262084,112.5948088,233.8,0.0,0.0,IDLE,256,-64
1786035921.631,2026-08-07 00:05:21,MANUAL,True,-7.9262093,112.5948096,233.8,0.0,0.0,IDLE,259,-61
1786035921.749,2026-08-07 00:05:21,MANUAL,True,-7.9262097,112.5948103,233.79,0.0,0.0,IDLE,185,-135
1786035921.871,2026-08-07 00:05:21,MANUAL,True,-7.9262102,112.594811,233.78,0.0,0.0,IDLE,185,-135
1786035921.991,2026-08-07 00:05:21,MANUAL,True,-7.9262106,112.5948115,233.78,0.0,0.0,IDLE,184,-136
1786035922.109,2026-08-07 00:05:22,MANUAL,True,-7.9262115,112.5948125,233.8,0.0,0.0,IDLE,183,-137
1786035922.227,2026-08-07 00:05:22,MANUAL,True,-7.9262119,112.5948131,233.78,0.0,0.0,IDLE,182,-138
1786035922.350,2026-08-07 00:05:22,MANUAL,True,-7.9262123,112.5948137,233.77,0.0,0.0,IDLE,181,-139
1786035922.474,2026-08-07 00:05:22,MANUAL,True,-7.9262127,112.5948142,233.78,0.0,0.0,IDLE,179,-141
1786035922.597,2026-08-07 00:05:22,MANUAL,True,-7.9262131,112.5948146,233.76,0.0,0.0,IDLE,256,-64
1786035922.715,2026-08-07 00:05:22,MANUAL,True,-7.9262136,112.5948151,233.77,0.0,0.0,IDLE,261,-59
1786035922.835,2026-08-07 00:05:22,MANUAL,True,-7.9262138,112.5948152,233.77,0.0,0.0,IDLE,265,-55
1786035922.960,2026-08-07 00:05:22,MANUAL,True,-7.9262139,112.5948152,233.77,0.0,0.0,IDLE,265,-55
1786035923.083,2026-08-07 00:05:23,MANUAL,True,-7.9262141,112.5948152,233.77,0.0,0.0,IDLE,267,-53
1786035923.199,2026-08-07 00:05:23,MANUAL,True,-7.9262142,112.5948152,233.77,0.0,0.0,IDLE,188,-132
1786035923.329,2026-08-07 00:05:23,MANUAL,True,-7.9262145,112.5948152,233.8,0.0,0.0,IDLE,196,-124
1786035923.448,2026-08-07 00:05:23,MANUAL,True,-7.9262146,112.5948151,233.79,0.0,0.0,IDLE,305,-15
1786035923.572,2026-08-07 00:05:23,MANUAL,True,-7.9262147,112.5948149,233.8,0.0,0.0,IDLE,222,-98
1786035923.706,2026-08-07 00:05:23,MANUAL,True,-7.9262149,112.5948146,233.8,0.0,0.0,IDLE,340,20
1786035923.824,2026-08-07 00:05:23,MANUAL,True,-7.926215,112.5948145,233.81,0.0,0.0,IDLE,359,39
1786035923.960,2026-08-07 00:05:23,MANUAL,True,-7.9262151,112.5948146,233.81,0.0,0.0,IDLE,367,47
1786035924.093,2026-08-07 00:05:24,MANUAL,True,-7.9262153,112.5948147,233.81,0.0,0.0,IDLE,382,62
1786035924.211,2026-08-07 00:05:24,MANUAL,True,-7.9262156,112.5948153,233.82,0.0,0.0,IDLE,394,74
1786035924.333,2026-08-07 00:05:24,MANUAL,True,-7.9262158,112.5948156,233.81,0.0,0.0,IDLE,404,84
1786035924.451,2026-08-07 00:05:24,MANUAL,True,-7.926216,112.5948159,233.8,0.0,0.0,IDLE,414,94
1786035924.570,2026-08-07 00:05:24,MANUAL,True,-7.9262161,112.5948163,233.8,0.0,0.0,IDLE,422,102
1786035924.691,2026-08-07 00:05:24,MANUAL,True,-7.9262162,112.5948164,233.79,0.0,0.0,IDLE,427,107
1786035924.817,2026-08-07 00:05:24,MANUAL,True,-7.9262162,112.5948168,233.8,0.0,0.0,IDLE,433,113
1786035924.946,2026-08-07 00:05:24,MANUAL,True,-7.9262162,112.594817,233.79,0.0,0.0,IDLE,458,138
1786035925.081,2026-08-07 00:05:25,MANUAL,True,-7.9262162,112.5948172,233.8,0.0,0.0,IDLE,448,128
1786035925.211,2026-08-07 00:05:25,MANUAL,True,-7.9262164,112.5948175,233.81,0.0,0.0,IDLE,453,133
1786035925.339,2026-08-07 00:05:25,MANUAL,True,-7.9262165,112.5948179,233.8,0.0,0.0,IDLE,481,161
1786035925.464,2026-08-07 00:05:25,MANUAL,True,-7.9262167,112.5948183,233.78,0.0,0.0,IDLE,457,137
1786035925.589,2026-08-07 00:05:25,MANUAL,True,-7.9262168,112.5948189,233.78,0.0,0.0,IDLE,457,137
1786035925.723,2026-08-07 00:05:25,MANUAL,True,-7.9262171,112.5948201,233.79,0.0,0.0,IDLE,456,136
1786035925.839,2026-08-07 00:05:25,MANUAL,True,-7.9262173,112.5948206,233.78,0.0,0.0,IDLE,369,49
1786035925.964,2026-08-07 00:05:25,MANUAL,True,-7.9262173,112.5948212,233.76,0.0,0.0,IDLE,367,47
1786035926.119,2026-08-07 00:05:26,MANUAL,True,-7.9262174,112.5948224,233.76,0.0,0.0,IDLE,366,46
1786035926.240,2026-08-07 00:05:26,MANUAL,True,-7.9262174,112.594823,233.77,0.0,0.0,IDLE,360,40
1786035926.372,2026-08-07 00:05:26,MANUAL,True,-7.9262174,112.5948237,233.76,0.0,0.0,IDLE,415,95
1786035926.493,2026-08-07 00:05:26,MANUAL,True,-7.9262174,112.5948244,233.77,0.0,0.0,IDLE,405,85
1786035926.613,2026-08-07 00:05:26,MANUAL,True,-7.9262174,112.5948259,233.78,0.0,0.0,IDLE,408,88
1786035926.736,2026-08-07 00:05:26,MANUAL,True,-7.9262175,112.5948268,233.78,0.0,0.0,IDLE,397,77
1786035926.866,2026-08-07 00:05:26,MANUAL,True,-7.9262175,112.5948274,233.78,0.0,0.0,IDLE,377,57
1786035926.988,2026-08-07 00:05:26,MANUAL,True,-7.9262176,112.5948281,233.76,0.0,0.0,IDLE,350,30
1786035927.106,2026-08-07 00:05:27,MANUAL,True,-7.9262176,112.5948293,233.77,0.0,0.0,IDLE,339,19
1786035927.227,2026-08-07 00:05:27,MANUAL,True,-7.9262175,112.5948297,233.78,0.0,0.0,IDLE,321,1
1786035927.349,2026-08-07 00:05:27,MANUAL,True,-7.9262174,112.5948301,233.78,0.0,0.0,IDLE,322,2
1786035927.486,2026-08-07 00:05:27,MANUAL,True,-7.9262173,112.5948305,233.79,0.0,0.0,IDLE,329,9
1786035927.604,2026-08-07 00:05:27,MANUAL,True,-7.9262171,112.5948311,233.79,0.0,0.0,IDLE,325,5
1786035927.721,2026-08-07 00:05:27,MANUAL,True,-7.9262168,112.5948314,233.8,0.0,0.0,IDLE,317,-3
1786035927.841,2026-08-07 00:05:27,MANUAL,True,-7.9262167,112.5948317,233.78,0.0,0.0,IDLE,310,-10
1786035927.957,2026-08-07 00:05:27,MANUAL,True,-7.9262167,112.5948321,233.8,0.0,0.0,IDLE,300,-20
1786035928.099,2026-08-07 00:05:28,MANUAL,True,-7.9262167,112.5948325,233.81,0.0,0.0,IDLE,294,-26
1786035928.216,2026-08-07 00:05:28,MANUAL,True,-7.9262168,112.5948339,233.78,0.0,0.0,IDLE,284,-36
1786035928.362,2026-08-07 00:05:28,MANUAL,True,-7.926217,112.594835,233.79,0.0,0.0,IDLE,280,-40
1786035928.481,2026-08-07 00:05:28,MANUAL,True,-7.9262172,112.5948361,233.8,0.0,0.0,IDLE,237,-83
1786035928.608,2026-08-07 00:05:28,MANUAL,True,-7.9262177,112.5948385,233.8,0.0,0.0,IDLE,232,-88
1786035928.731,2026-08-07 00:05:28,MANUAL,True,-7.926218,112.5948397,233.79,0.0,0.0,IDLE,230,-90
1786035928.855,2026-08-07 00:05:28,MANUAL,True,-7.9262181,112.5948405,233.78,0.0,0.0,IDLE,224,-96
1786035929.018,2026-08-07 00:05:29,MANUAL,True,-7.9262183,112.5948421,233.79,0.0,0.0,IDLE,221,-99
1786035929.143,2026-08-07 00:05:29,MANUAL,True,-7.9262184,112.5948427,233.78,0.0,0.0,IDLE,222,-98
1786035929.265,2026-08-07 00:05:29,MANUAL,True,-7.9262185,112.5948435,233.76,0.0,0.0,IDLE,227,-93
1786035929.395,2026-08-07 00:05:29,MANUAL,True,-7.9262186,112.5948442,233.75,0.0,0.0,IDLE,235,-85
1786035929.519,2026-08-07 00:05:29,MANUAL,True,-7.9262187,112.594845,233.75,0.0,0.0,IDLE,273,-47
1786035929.638,2026-08-07 00:05:29,MANUAL,True,-7.926219,112.5948466,233.75,0.0,0.0,IDLE,284,-36
1786035929.763,2026-08-07 00:05:29,MANUAL,True,-7.9262192,112.5948473,233.75,0.0,0.0,IDLE,296,-24
1786035929.886,2026-08-07 00:05:29,MANUAL,True,-7.9262192,112.594848,233.74,0.0,0.0,IDLE,308,-12
1786035930.012,2026-08-07 00:05:30,MANUAL,True,-7.9262195,112.5948496,233.74,0.0,0.0,IDLE,315,-5
1786035930.146,2026-08-07 00:05:30,MANUAL,True,-7.9262196,112.5948502,233.73,0.0,0.0,IDLE,326,6
1786035930.275,2026-08-07 00:05:30,MANUAL,True,-7.9262198,112.5948508,233.73,0.0,0.0,IDLE,338,18
1786035930.394,2026-08-07 00:05:30,MANUAL,True,-7.92622,112.5948517,233.74,0.0,0.0,IDLE,349,29
1786035930.514,2026-08-07 00:05:30,MANUAL,True,-7.9262202,112.5948525,233.73,0.0,0.0,IDLE,358,38
1786035930.640,2026-08-07 00:05:30,MANUAL,True,-7.9262205,112.5948541,233.71,0.0,0.0,IDLE,367,47
1786035930.759,2026-08-07 00:05:30,MANUAL,True,-7.9262207,112.5948547,233.72,0.0,0.0,IDLE,375,55
1786035930.880,2026-08-07 00:05:30,MANUAL,True,-7.9262208,112.5948552,233.72,0.0,0.0,IDLE,381,61
1786035931.000,2026-08-07 00:05:31,MANUAL,True,-7.9262211,112.5948563,233.73,0.0,0.0,IDLE,387,67
1786035931.132,2026-08-07 00:05:31,MANUAL,True,-7.9262213,112.5948569,233.72,0.0,0.0,IDLE,392,72
1786035931.268,2026-08-07 00:05:31,MANUAL,True,-7.9262215,112.5948574,233.7,0.0,0.0,IDLE,393,73
1786035931.413,2026-08-07 00:05:31,MANUAL,True,-7.9262218,112.5948585,233.71,0.0,0.0,IDLE,388,68
1786035931.534,2026-08-07 00:05:31,MANUAL,True,-7.9262219,112.594859,233.7,0.0,0.0,IDLE,380,60
1786035931.656,2026-08-07 00:05:31,MANUAL,True,-7.926222,112.5948594,233.69,0.0,0.0,IDLE,368,48
1786035931.776,2026-08-07 00:05:31,MANUAL,True,-7.9262221,112.5948598,233.7,0.0,0.0,IDLE,354,34
1786035931.894,2026-08-07 00:05:31,MANUAL,True,-7.9262222,112.5948601,233.71,0.0,0.0,IDLE,341,21
1786035932.021,2026-08-07 00:05:32,MANUAL,True,-7.9262226,112.5948608,233.72,0.0,0.0,IDLE,335,15
1786035932.149,2026-08-07 00:05:32,MANUAL,True,-7.9262227,112.5948612,233.7,0.0,0.0,IDLE,323,3
1786035932.272,2026-08-07 00:05:32,MANUAL,True,-7.9262227,112.5948615,233.72,0.0,0.0,IDLE,310,-10
1786035932.394,2026-08-07 00:05:32,MANUAL,True,-7.9262227,112.5948618,233.7,0.0,0.0,IDLE,297,-23
1786035932.518,2026-08-07 00:05:32,MANUAL,True,-7.9262228,112.594862,233.7,0.0,0.0,IDLE,285,-35
1786035932.645,2026-08-07 00:05:32,MANUAL,True,-7.9262231,112.5948628,233.72,0.0,0.0,IDLE,273,-47
1786035932.765,2026-08-07 00:05:32,MANUAL,True,-7.9262234,112.5948634,233.73,0.0,0.0,IDLE,262,-58
1786035932.887,2026-08-07 00:05:32,MANUAL,True,-7.9262235,112.594864,233.74,0.0,0.0,IDLE,253,-67
1786035933.017,2026-08-07 00:05:33,MANUAL,True,-7.9262238,112.5948651,233.72,0.0,0.0,IDLE,248,-72
1786035933.137,2026-08-07 00:05:33,MANUAL,True,-7.926224,112.5948657,233.73,0.0,0.0,IDLE,239,-81
1786035933.267,2026-08-07 00:05:33,MANUAL,True,-7.9262241,112.5948663,233.73,0.0,0.0,IDLE,245,-75
1786035933.393,2026-08-07 00:05:33,MANUAL,True,-7.9262243,112.5948669,233.73,0.0,0.0,IDLE,260,-60
1786035933.512,2026-08-07 00:05:33,MANUAL,True,-7.9262245,112.5948675,233.72,0.0,0.0,IDLE,274,-46
1786035933.643,2026-08-07 00:05:33,MANUAL,True,-7.926225,112.5948688,233.72,0.0,0.0,IDLE,290,-30
1786035933.768,2026-08-07 00:05:33,MANUAL,True,-7.9262253,112.5948694,233.72,0.0,0.0,IDLE,304,-16
1786035933.888,2026-08-07 00:05:33,MANUAL,True,-7.9262255,112.5948698,233.72,0.0,0.0,IDLE,320,0
1786035934.082,2026-08-07 00:05:34,MANUAL,True,-7.9262261,112.5948708,233.74,0.0,0.0,IDLE,327,7
1786035934.211,2026-08-07 00:05:34,MANUAL,True,-7.9262268,112.5948716,233.72,0.0,0.0,IDLE,346,26
1786035934.334,2026-08-07 00:05:34,MANUAL,True,-7.9262271,112.5948722,233.72,0.0,0.0,IDLE,358,38
1786035934.462,2026-08-07 00:05:34,MANUAL,True,-7.9262273,112.5948729,233.72,0.0,0.0,IDLE,370,50
1786035934.593,2026-08-07 00:05:34,MANUAL,True,-7.9262276,112.5948738,233.7,0.0,0.0,IDLE,375,55
1786035934.709,2026-08-07 00:05:34,MANUAL,True,-7.9262285,112.594876,233.71,0.0,0.0,IDLE,379,59
1786035934.826,2026-08-07 00:05:34,MANUAL,True,-7.9262289,112.5948771,233.69,0.0,0.0,IDLE,378,58
1786035934.948,2026-08-07 00:05:34,MANUAL,True,-7.9262294,112.5948782,233.7,0.0,0.0,IDLE,371,51
1786035935.074,2026-08-07 00:05:35,MANUAL,True,-7.9262299,112.5948794,233.7,0.0,0.0,IDLE,366,46
1786035935.197,2026-08-07 00:05:35,MANUAL,True,-7.9262303,112.5948804,233.69,0.0,0.0,IDLE,355,35
1786035935.320,2026-08-07 00:05:35,MANUAL,True,-7.9262312,112.5948826,233.68,0.0,0.0,IDLE,342,22
1786035935.438,2026-08-07 00:05:35,MANUAL,True,-7.9262317,112.5948839,233.68,0.0,0.0,IDLE,325,5
1786035935.560,2026-08-07 00:05:35,MANUAL,True,-7.9262323,112.5948856,233.66,0.0,0.0,IDLE,309,-11
1786035935.711,2026-08-07 00:05:35,MANUAL,True,-7.9262332,112.594888,233.66,0.0,0.0,IDLE,292,-28
1786035935.828,2026-08-07 00:05:35,MANUAL,True,-7.9262336,112.5948893,233.66,0.0,0.0,IDLE,278,-42
1786035935.945,2026-08-07 00:05:35,MANUAL,True,-7.9262341,112.5948906,233.65,0.0,0.0,IDLE,264,-56
1786035936.085,2026-08-07 00:05:36,MANUAL,True,-7.9262345,112.5948917,233.64,0.0,0.0,IDLE,256,-64
1786035936.210,2026-08-07 00:05:36,MANUAL,True,-7.9262353,112.594894,233.62,0.0,0.0,IDLE,242,-78
1786035936.338,2026-08-07 00:05:36,MANUAL,True,-7.9262358,112.5948951,233.62,0.0,0.0,IDLE,230,-90
1786035936.465,2026-08-07 00:05:36,MANUAL,True,-7.9262362,112.5948962,233.62,0.0,0.0,IDLE,226,-94
1786035936.591,2026-08-07 00:05:36,MANUAL,True,-7.9262368,112.5948975,233.62,0.0,0.0,IDLE,231,-89
1786035936.715,2026-08-07 00:05:36,MANUAL,True,-7.9262373,112.5948988,233.64,0.0,0.0,IDLE,243,-77
1786035936.835,2026-08-07 00:05:36,MANUAL,True,-7.9262376,112.5948994,233.64,0.0,0.0,IDLE,262,-58
1786035936.959,2026-08-07 00:05:36,MANUAL,True,-7.9262379,112.5949001,233.65,0.0,0.0,IDLE,279,-41
1786035937.090,2026-08-07 00:05:37,MANUAL,True,-7.9262382,112.5949008,233.64,0.0,0.0,IDLE,296,-24
1786035937.209,2026-08-07 00:05:37,MANUAL,True,-7.9262389,112.5949027,233.67,0.0,0.0,IDLE,305,-15
1786035937.331,2026-08-07 00:05:37,MANUAL,True,-7.9262393,112.5949038,233.68,0.0,0.0,IDLE,317,-3
1786035937.455,2026-08-07 00:05:37,MANUAL,True,-7.9262396,112.5949052,233.69,0.0,0.0,IDLE,331,11
1786035937.631,2026-08-07 00:05:37,MANUAL,True,-7.9262405,112.5949081,233.68,0.0,0.0,IDLE,342,22
1786035937.786,2026-08-07 00:05:37,MANUAL,True,-7.926241,112.5949098,233.67,0.0,0.0,IDLE,359,39
1786035937.954,2026-08-07 00:05:37,MANUAL,True,-7.9262421,112.5949135,233.66,0.0,0.0,IDLE,367,47
1786035938.168,2026-08-07 00:05:38,MANUAL,True,-7.9262432,112.5949172,233.66,0.0,0.0,IDLE,374,54
1786035938.291,2026-08-07 00:05:38,MANUAL,True,-7.9262436,112.594919,233.65,0.0,0.0,IDLE,372,52
1786035938.414,2026-08-07 00:05:38,MANUAL,True,-7.9262444,112.5949222,233.64,0.0,0.0,IDLE,361,41
1786035938.533,2026-08-07 00:05:38,MANUAL,True,-7.9262448,112.5949239,233.65,0.0,0.0,IDLE,355,35
1786035938.673,2026-08-07 00:05:38,MANUAL,True,-7.9262451,112.5949249,233.64,0.0,0.0,IDLE,338,18
1786035938.818,2026-08-07 00:05:38,MANUAL,True,-7.9262458,112.5949274,233.65,0.0,0.0,IDLE,319,-1
1786035938.944,2026-08-07 00:05:38,MANUAL,True,-7.9262461,112.5949285,233.66,0.0,0.0,IDLE,302,-18
1786035939.076,2026-08-07 00:05:39,MANUAL,True,-7.9262464,112.5949296,233.65,0.0,0.0,IDLE,287,-33
1786035939.225,2026-08-07 00:05:39,MANUAL,True,-7.9262467,112.5949312,233.63,0.0,0.0,IDLE,270,-50
1786035939.349,2026-08-07 00:05:39,MANUAL,True,-7.9262468,112.5949317,233.62,0.0,0.0,IDLE,248,-72
1786035939.474,2026-08-07 00:05:39,MANUAL,True,-7.9262468,112.5949322,233.61,0.0,0.0,IDLE,241,-79
1786035939.603,2026-08-07 00:05:39,MANUAL,True,-7.9262468,112.5949328,233.62,0.0,0.0,IDLE,232,-88
1786035939.736,2026-08-07 00:05:39,MANUAL,True,-7.9262469,112.5949332,233.62,0.0,0.0,IDLE,219,-101
1786035939.876,2026-08-07 00:05:39,MANUAL,True,-7.9262469,112.5949334,233.64,0.0,0.0,IDLE,211,-109
1786035939.996,2026-08-07 00:05:39,MANUAL,True,-7.9262469,112.5949338,233.65,0.0,0.0,IDLE,202,-118
1786035940.131,2026-08-07 00:05:40,MANUAL,True,-7.9262471,112.5949345,233.67,0.0,0.0,IDLE,198,-122
1786035940.263,2026-08-07 00:05:40,MANUAL,True,-7.9262473,112.5949351,233.67,0.0,0.0,IDLE,203,-117
1786035940.388,2026-08-07 00:05:40,MANUAL,True,-7.9262475,112.5949358,233.68,0.0,0.0,IDLE,212,-108
1786035940.510,2026-08-07 00:05:40,MANUAL,True,-7.926248,112.5949376,233.67,0.0,0.0,IDLE,223,-97
1786035940.628,2026-08-07 00:05:40,MANUAL,True,-7.9262482,112.5949388,233.66,0.0,0.0,IDLE,237,-83
1786035940.748,2026-08-07 00:05:40,MANUAL,True,-7.9262484,112.5949399,233.67,0.0,0.0,IDLE,253,-67
1786035940.875,2026-08-07 00:05:40,MANUAL,True,-7.9262486,112.594941,233.67,0.0,0.0,IDLE,261,-59
1786035941.002,2026-08-07 00:05:41,MANUAL,True,-7.9262491,112.5949431,233.68,0.0,0.0,IDLE,277,-43
1786035941.135,2026-08-07 00:05:41,MANUAL,True,-7.9262493,112.5949442,233.67,0.0,0.0,IDLE,293,-27
1786035941.263,2026-08-07 00:05:41,MANUAL,True,-7.9262495,112.5949453,233.68,0.0,0.0,IDLE,309,-11
1786035941.407,2026-08-07 00:05:41,MANUAL,True,-7.9262499,112.5949476,233.67,0.0,0.0,IDLE,327,7
1786035941.529,2026-08-07 00:05:41,MANUAL,True,-7.9262503,112.5949491,233.67,0.0,0.0,IDLE,341,21
1786035941.651,2026-08-07 00:05:41,MANUAL,True,-7.9262506,112.5949502,233.66,0.0,0.0,IDLE,354,34
1786035941.782,2026-08-07 00:05:41,MANUAL,True,-7.926251,112.5949513,233.68,0.0,0.0,IDLE,365,45
1786035941.900,2026-08-07 00:05:41,MANUAL,True,-7.9262515,112.594953,233.67,0.0,0.0,IDLE,377,57
1786035942.022,2026-08-07 00:05:42,MANUAL,True,-7.9262516,112.5949536,233.65,0.0,0.0,IDLE,386,66
1786035942.141,2026-08-07 00:05:42,MANUAL,True,-7.9262518,112.5949543,233.66,0.0,0.0,IDLE,393,73
1786035942.267,2026-08-07 00:05:42,MANUAL,True,-7.926252,112.5949551,233.65,0.0,0.0,IDLE,400,80
1786035942.395,2026-08-07 00:05:42,MANUAL,True,-7.9262522,112.5949559,233.64,0.0,0.0,IDLE,408,88
1786035942.517,2026-08-07 00:05:42,MANUAL,True,-7.9262524,112.5949565,233.64,0.0,0.0,IDLE,417,97
1786035942.645,2026-08-07 00:05:42,MANUAL,True,-7.9262526,112.5949573,233.63,0.0,0.0,IDLE,424,104
1786035942.770,2026-08-07 00:05:42,MANUAL,True,-7.9262526,112.5949576,233.63,0.0,0.0,IDLE,432,112
1786035942.908,2026-08-07 00:05:42,MANUAL,True,-7.9262528,112.5949581,233.65,0.0,0.0,IDLE,440,120
1786035943.029,2026-08-07 00:05:43,MANUAL,True,-7.9262529,112.5949584,233.66,0.0,0.0,IDLE,448,128
1786035943.148,2026-08-07 00:05:43,MANUAL,True,-7.926253,112.5949586,233.66,0.0,0.0,IDLE,457,137
1786035943.275,2026-08-07 00:05:43,MANUAL,True,-7.926253,112.5949587,233.69,0.0,0.0,IDLE,460,140
1786035943.398,2026-08-07 00:05:43,MANUAL,True,-7.9262531,112.594959,233.69,0.0,0.0,IDLE,467,147
1786035943.523,2026-08-07 00:05:43,MANUAL,True,-7.9262532,112.5949598,233.69,0.0,0.0,IDLE,472,152
1786035943.644,2026-08-07 00:05:43,MANUAL,True,-7.9262532,112.5949601,233.69,0.0,0.0,IDLE,477,157
1786035943.774,2026-08-07 00:05:43,MANUAL,True,-7.9262532,112.5949605,233.7,0.0,0.0,IDLE,478,158
1786035943.888,2026-08-07 00:05:43,MANUAL,True,-7.9262532,112.5949609,233.7,0.0,0.0,IDLE,480,160
1786035944.008,2026-08-07 00:05:44,MANUAL,True,-7.9262532,112.594962,233.71,0.0,0.0,IDLE,482,162
1786035944.144,2026-08-07 00:05:44,MANUAL,True,-7.9262533,112.5949627,233.7,0.0,0.0,IDLE,482,162
1786035944.293,2026-08-07 00:05:44,MANUAL,True,-7.9262534,112.5949633,233.69,0.0,0.0,IDLE,484,164
1786035944.414,2026-08-07 00:05:44,MANUAL,True,-7.9262535,112.5949645,233.69,0.0,0.0,IDLE,478,158
1786035944.537,2026-08-07 00:05:44,MANUAL,True,-7.9262534,112.594965,233.69,0.0,0.0,IDLE,475,155
1786035944.675,2026-08-07 00:05:44,MANUAL,True,-7.9262534,112.5949654,233.69,0.0,0.0,IDLE,462,142
1786035944.797,2026-08-07 00:05:44,MANUAL,True,-7.9262534,112.5949658,233.7,0.0,0.0,IDLE,448,128
1786035944.916,2026-08-07 00:05:44,MANUAL,True,-7.9262535,112.5949666,233.72,0.0,0.0,IDLE,436,116
1786035945.044,2026-08-07 00:05:45,MANUAL,True,-7.9262536,112.5949671,233.72,0.0,0.0,IDLE,427,107
1786035945.167,2026-08-07 00:05:45,MANUAL,True,-7.9262537,112.5949677,233.7,0.0,0.0,IDLE,406,86
1786035945.283,2026-08-07 00:05:45,MANUAL,True,-7.9262538,112.5949682,233.69,0.0,0.0,IDLE,390,70
1786035945.403,2026-08-07 00:05:45,MANUAL,True,-7.9262538,112.5949692,233.68,0.0,0.0,IDLE,376,56
1786035945.524,2026-08-07 00:05:45,MANUAL,True,-7.9262538,112.5949692,233.68,0.0,0.0,IDLE,368,48
1786035945.646,2026-08-07 00:05:45,MANUAL,True,-7.9262536,112.5949697,233.68,0.0,0.0,IDLE,354,34
1786035945.787,2026-08-07 00:05:45,MANUAL,True,-7.9262536,112.5949698,233.69,0.0,0.0,IDLE,339,19
1786035945.911,2026-08-07 00:05:45,MANUAL,True,-7.9262536,112.5949698,233.72,0.0,0.0,IDLE,325,5
1786035946.028,2026-08-07 00:05:46,MANUAL,True,-7.9262535,112.5949699,233.72,0.0,0.0,IDLE,222,-98
1786035946.167,2026-08-07 00:05:46,MANUAL,True,-7.9262535,112.5949701,233.73,0.0,0.0,IDLE,215,-105
1786035946.291,2026-08-07 00:05:46,MANUAL,True,-7.9262536,112.5949704,233.72,0.0,0.0,IDLE,207,-113
1786035946.421,2026-08-07 00:05:46,MANUAL,True,-7.9262536,112.5949708,233.72,0.0,0.0,IDLE,200,-120
1786035946.537,2026-08-07 00:05:46,MANUAL,True,-7.9262536,112.5949708,233.73,0.0,0.0,IDLE,191,-129
1786035946.663,2026-08-07 00:05:46,MANUAL,True,-7.9262536,112.5949708,233.73,0.0,0.0,IDLE,247,-73
1786035946.784,2026-08-07 00:05:46,MANUAL,True,-7.9262536,112.5949707,233.73,0.0,0.0,IDLE,233,-87
1786035946.906,2026-08-07 00:05:46,MANUAL,True,-7.9262535,112.5949705,233.71,0.0,0.0,IDLE,220,-100
1786035947.024,2026-08-07 00:05:47,MANUAL,True,-7.9262535,112.5949704,233.71,0.0,0.0,IDLE,209,-111
1786035947.142,2026-08-07 00:05:47,MANUAL,True,-7.9262535,112.5949704,233.72,0.0,0.0,IDLE,199,-121
1786035947.266,2026-08-07 00:05:47,MANUAL,True,-7.9262535,112.5949703,233.73,0.0,0.0,IDLE,197,-123
1786035947.391,2026-08-07 00:05:47,MANUAL,True,-7.9262535,112.59497,233.73,0.0,0.0,IDLE,147,-173
1786035947.515,2026-08-07 00:05:47,MANUAL,True,-7.9262535,112.5949697,233.74,0.0,0.0,IDLE,142,-178
1786035947.642,2026-08-07 00:05:47,MANUAL,True,-7.9262535,112.5949687,233.72,0.0,0.0,IDLE,171,-149
1786035947.764,2026-08-07 00:05:47,MANUAL,True,-7.9262535,112.594968,233.72,0.0,0.0,IDLE,134,-186
1786035947.883,2026-08-07 00:05:47,MANUAL,True,-7.9262535,112.5949674,233.73,0.0,0.0,IDLE,129,-191
1786035948.007,2026-08-07 00:05:48,MANUAL,True,-7.9262534,112.5949662,233.75,0.0,0.0,IDLE,126,-194
1786035948.132,2026-08-07 00:05:48,MANUAL,True,-7.9262533,112.5949657,233.74,0.0,0.0,IDLE,125,-195
1786035948.257,2026-08-07 00:05:48,MANUAL,True,-7.9262534,112.5949653,233.74,0.0,0.0,IDLE,148,-172
1786035948.393,2026-08-07 00:05:48,MANUAL,True,-7.9262534,112.5949649,233.73,0.0,0.0,IDLE,147,-173
1786035948.517,2026-08-07 00:05:48,MANUAL,True,-7.9262534,112.5949645,233.74,0.0,0.0,IDLE,150,-170
1786035948.643,2026-08-07 00:05:48,MANUAL,True,-7.9262532,112.5949636,233.76,0.0,0.0,IDLE,128,-192
1786035948.761,2026-08-07 00:05:48,MANUAL,True,-7.9262531,112.5949632,233.77,0.0,0.0,IDLE,137,-183
1786035948.879,2026-08-07 00:05:48,MANUAL,True,-7.9262532,112.5949628,233.77,0.0,0.0,IDLE,188,-132
1786035949.000,2026-08-07 00:05:48,MANUAL,True,-7.9262533,112.5949621,233.78,0.0,0.0,IDLE,204,-116
1786035949.126,2026-08-07 00:05:49,MANUAL,True,-7.9262534,112.5949618,233.79,0.0,0.0,IDLE,213,-107
1786035949.249,2026-08-07 00:05:49,MANUAL,True,-7.9262534,112.5949616,233.77,0.0,0.0,IDLE,231,-89
1786035949.411,2026-08-07 00:05:49,MANUAL,True,-7.9262535,112.5949614,233.78,0.0,0.0,IDLE,250,-70
1786035949.529,2026-08-07 00:05:49,MANUAL,True,-7.9262535,112.5949613,233.8,0.0,0.0,IDLE,275,-45
1786035949.656,2026-08-07 00:05:49,MANUAL,True,-7.9262536,112.5949613,233.81,0.0,0.0,IDLE,283,-37
1786035949.781,2026-08-07 00:05:49,MANUAL,True,-7.9262538,112.5949612,233.79,0.0,0.0,IDLE,300,-20
1786035949.900,2026-08-07 00:05:49,MANUAL,True,-7.9262541,112.5949608,233.79,0.0,0.0,IDLE,314,-6
1786035950.031,2026-08-07 00:05:50,MANUAL,True,-7.9262543,112.5949606,233.8,0.0,0.0,IDLE,331,11
1786035950.155,2026-08-07 00:05:50,MANUAL,True,-7.9262543,112.5949604,233.8,0.0,0.0,IDLE,345,25
1786035950.276,2026-08-07 00:05:50,MANUAL,True,-7.9262544,112.5949603,233.81,0.0,0.0,IDLE,357,37
1786035950.395,2026-08-07 00:05:50,MANUAL,True,-7.9262544,112.5949602,233.81,0.0,0.0,IDLE,371,51
1786035950.511,2026-08-07 00:05:50,MANUAL,True,-7.9262545,112.59496,233.81,0.0,0.0,IDLE,379,59
1786035950.633,2026-08-07 00:05:50,MANUAL,True,-7.9262544,112.5949594,233.81,0.0,0.0,IDLE,390,70
1786035950.753,2026-08-07 00:05:50,MANUAL,True,-7.9262543,112.5949591,233.8,0.0,0.0,IDLE,397,77
1786035950.878,2026-08-07 00:05:50,MANUAL,True,-7.9262542,112.5949587,233.8,0.0,0.0,IDLE,379,59
1786035951.000,2026-08-07 00:05:50,MANUAL,True,-7.926254,112.5949579,233.8,0.0,0.0,IDLE,421,101
1786035951.125,2026-08-07 00:05:51,MANUAL,True,-7.9262539,112.5949576,233.81,0.0,0.0,IDLE,425,105
1786035951.251,2026-08-07 00:05:51,MANUAL,True,-7.9262539,112.5949572,233.81,0.0,0.0,IDLE,428,108
1786035951.394,2026-08-07 00:05:51,MANUAL,True,-7.9262538,112.5949568,233.82,0.0,0.0,IDLE,431,111
1786035951.521,2026-08-07 00:05:51,MANUAL,True,-7.9262538,112.5949565,233.83,0.0,0.0,IDLE,435,115
1786035951.645,2026-08-07 00:05:51,MANUAL,True,-7.9262539,112.594956,233.81,0.0,0.0,IDLE,437,117
1786035951.767,2026-08-07 00:05:51,MANUAL,True,-7.926254,112.5949556,233.79,0.0,0.0,IDLE,442,122
1786035951.890,2026-08-07 00:05:51,MANUAL,True,-7.9262541,112.5949553,233.79,0.0,0.0,IDLE,447,127
1786035952.015,2026-08-07 00:05:52,MANUAL,True,-7.9262541,112.5949541,233.81,0.0,0.0,IDLE,453,133
1786035952.137,2026-08-07 00:05:52,MANUAL,True,-7.9262541,112.5949535,233.8,0.0,0.0,IDLE,462,142
1786035952.265,2026-08-07 00:05:52,MANUAL,True,-7.9262541,112.5949528,233.8,0.0,0.0,IDLE,465,145
1786035952.388,2026-08-07 00:05:52,MANUAL,True,-7.926254,112.5949521,233.8,0.0,0.0,IDLE,471,151
1786035952.510,2026-08-07 00:05:52,MANUAL,True,-7.926254,112.5949507,233.79,0.0,0.0,IDLE,477,157
1786035952.636,2026-08-07 00:05:52,MANUAL,True,-7.926254,112.59495,233.78,0.0,0.0,IDLE,478,158
1786035952.759,2026-08-07 00:05:52,MANUAL,True,-7.9262539,112.5949493,233.76,0.0,0.0,IDLE,475,155
1786035952.878,2026-08-07 00:05:52,MANUAL,True,-7.9262539,112.5949485,233.77,0.0,0.0,IDLE,469,149
1786035952.997,2026-08-07 00:05:52,MANUAL,True,-7.9262539,112.5949478,233.76,0.0,0.0,IDLE,457,137
1786035953.123,2026-08-07 00:05:53,MANUAL,True,-7.9262537,112.5949462,233.75,0.0,0.0,IDLE,450,130
1786035953.247,2026-08-07 00:05:53,MANUAL,True,-7.9262538,112.5949457,233.75,0.0,0.0,IDLE,434,114
1786035953.370,2026-08-07 00:05:53,MANUAL,True,-7.926254,112.5949452,233.75,0.0,0.0,IDLE,416,96
1786035953.488,2026-08-07 00:05:53,MANUAL,True,-7.926254,112.5949449,233.74,0.0,0.0,IDLE,396,76
1786035953.611,2026-08-07 00:05:53,MANUAL,True,-7.9262542,112.5949445,233.74,0.0,0.0,IDLE,376,56
1786035953.735,2026-08-07 00:05:53,MANUAL,True,-7.9262544,112.5949444,233.72,0.0,0.0,IDLE,356,36
1786035953.871,2026-08-07 00:05:53,MANUAL,True,-7.9262546,112.5949444,233.73,0.0,0.0,IDLE,348,28
1786035953.992,2026-08-07 00:05:53,MANUAL,True,-7.9262549,112.5949445,233.74,0.0,0.0,IDLE,335,15
1786035954.113,2026-08-07 00:05:54,MANUAL,True,-7.9262553,112.5949446,233.72,0.0,0.0,IDLE,320,0
1786035954.258,2026-08-07 00:05:54,MANUAL,True,-7.9262554,112.5949443,233.72,0.0,0.0,IDLE,305,-15
1786035954.396,2026-08-07 00:05:54,MANUAL,True,-7.9262554,112.5949439,233.73,0.0,0.0,IDLE,290,-30
1786035954.516,2026-08-07 00:05:54,MANUAL,True,-7.9262555,112.5949434,233.71,0.0,0.0,IDLE,276,-44
1786035954.637,2026-08-07 00:05:54,MANUAL,True,-7.9262556,112.5949425,233.71,0.0,0.0,IDLE,262,-58
1786035954.763,2026-08-07 00:05:54,MANUAL,True,-7.9262557,112.594942,233.69,0.0,0.0,IDLE,247,-73
1786035954.882,2026-08-07 00:05:54,MANUAL,True,-7.9262557,112.5949415,233.7,0.0,0.0,IDLE,259,-61
1786035955.003,2026-08-07 00:05:55,MANUAL,True,-7.9262557,112.5949406,233.71,0.0,0.0,IDLE,216,-104
1786035955.126,2026-08-07 00:05:55,MANUAL,True,-7.9262557,112.5949402,233.7,0.0,0.0,IDLE,237,-83
1786035955.249,2026-08-07 00:05:55,MANUAL,True,-7.9262557,112.5949398,233.69,0.0,0.0,IDLE,226,-94
1786035955.378,2026-08-07 00:05:55,MANUAL,True,-7.9262558,112.5949395,233.7,0.0,0.0,IDLE,212,-108
1786035955.501,2026-08-07 00:05:55,MANUAL,True,-7.9262561,112.5949393,233.71,0.0,0.0,IDLE,199,-121
1786035955.631,2026-08-07 00:05:55,MANUAL,True,-7.9262562,112.5949394,233.7,0.0,0.0,IDLE,186,-134
1786035955.756,2026-08-07 00:05:55,MANUAL,True,-7.9262565,112.5949393,233.69,0.0,0.0,IDLE,176,-144
1786035955.881,2026-08-07 00:05:55,MANUAL,True,-7.9262565,112.5949391,233.7,0.0,0.0,IDLE,166,-154
1786035955.999,2026-08-07 00:05:55,MANUAL,True,-7.9262568,112.5949388,233.69,0.0,0.0,IDLE,162,-158
1786035956.138,2026-08-07 00:05:56,MANUAL,True,-7.926257,112.5949387,233.69,0.0,0.0,IDLE,164,-156
1786035956.262,2026-08-07 00:05:56,MANUAL,True,-7.9262572,112.5949386,233.68,0.0,0.0,IDLE,167,-153
1786035956.390,2026-08-07 00:05:56,MANUAL,True,-7.9262574,112.5949384,233.7,0.0,0.0,IDLE,166,-154
1786035956.516,2026-08-07 00:05:56,MANUAL,True,-7.9262576,112.5949381,233.69,0.0,0.0,IDLE,163,-157
1786035956.640,2026-08-07 00:05:56,MANUAL,True,-7.9262578,112.5949371,233.68,0.0,0.0,IDLE,162,-158
1786035956.762,2026-08-07 00:05:56,MANUAL,True,-7.9262578,112.5949365,233.66,0.0,0.0,IDLE,167,-153
1786035956.883,2026-08-07 00:05:56,MANUAL,True,-7.9262579,112.5949359,233.68,0.0,0.0,IDLE,,
1786035957.001,2026-08-07 00:05:57,MANUAL,True,-7.926258,112.5949343,233.67,0.0,0.0,IDLE,,
1786035957.117,2026-08-07 00:05:57,MANUAL,True,-7.9262581,112.5949335,233.67,0.0,0.0,IDLE,,
1786035957.238,2026-08-07 00:05:57,MANUAL,True,-7.9262581,112.5949326,233.68,0.0,0.0,IDLE,,
1786035957.362,2026-08-07 00:05:57,MANUAL,True,-7.9262582,112.5949317,233.69,0.0,0.0,IDLE,,
1786035957.487,2026-08-07 00:05:57,MANUAL,True,-7.9262582,112.5949307,233.7,0.0,0.0,IDLE,,
1786035957.613,2026-08-07 00:05:57,MANUAL,True,-7.9262583,112.594929,233.7,0.0,0.0,IDLE,,
1786035957.729,2026-08-07 00:05:57,MANUAL,True,-7.9262585,112.5949284,233.71,0.0,0.0,IDLE,,
1786035957.849,2026-08-07 00:05:57,MANUAL,True,-7.9262586,112.5949279,233.71,0.0,0.0,IDLE,,
1786035957.973,2026-08-07 00:05:57,MANUAL,True,-7.9262588,112.5949274,233.7,0.0,0.0,IDLE,,
1786035958.101,2026-08-07 00:05:58,MANUAL,True,-7.9262595,112.5949268,233.71,0.0,0.0,IDLE,,
1786035958.222,2026-08-07 00:05:58,MANUAL,True,-7.9262598,112.5949266,233.7,0.0,0.0,IDLE,,
1786035958.347,2026-08-07 00:05:58,MANUAL,True,-7.9262602,112.5949263,233.69,0.0,0.0,IDLE,,
1786035958.464,2026-08-07 00:05:58,MANUAL,True,-7.9262605,112.5949261,233.69,0.0,0.0,IDLE,254,-66
1786035958.581,2026-08-07 00:05:58,MANUAL,True,-7.9262608,112.5949258,233.69,0.0,0.0,IDLE,,
1786035958.702,2026-08-07 00:05:58,MANUAL,True,-7.9262612,112.5949252,233.71,0.0,0.0,IDLE,,
1786035958.821,2026-08-07 00:05:58,MANUAL,True,-7.9262613,112.5949248,233.7,0.0,0.0,IDLE,,
1786035958.942,2026-08-07 00:05:58,MANUAL,True,-7.9262615,112.5949245,233.7,0.0,0.0,IDLE,,
1786035959.068,2026-08-07 00:05:59,MANUAL,True,-7.9262617,112.5949243,233.69,0.0,0.0,IDLE,,
1786035959.182,2026-08-07 00:05:59,MANUAL,True,-7.9262618,112.594924,233.68,0.0,0.0,IDLE,,
1786035959.304,2026-08-07 00:05:59,MANUAL,True,-7.9262624,112.594924,233.69,0.0,0.0,IDLE,,
1786035959.423,2026-08-07 00:05:59,MANUAL,True,-7.9262626,112.5949241,233.69,0.0,0.0,IDLE,126,-194
1786035959.567,2026-08-07 00:05:59,MANUAL,True,-7.9262629,112.5949244,233.68,0.0,0.0,IDLE,121,-199
1786035959.687,2026-08-07 00:05:59,MANUAL,True,-7.9262631,112.5949245,233.68,0.0,0.0,IDLE,,
1786035959.810,2026-08-07 00:05:59,MANUAL,True,-7.9262636,112.5949246,233.66,0.0,0.0,IDLE,,
1786035959.929,2026-08-07 00:05:59,MANUAL,True,-7.9262638,112.5949246,233.67,0.0,0.0,IDLE,,
1786035960.078,2026-08-07 00:06:00,MANUAL,True,-7.926264,112.5949246,233.67,0.0,0.0,IDLE,,
1786035960.198,2026-08-07 00:06:00,MANUAL,True,-7.9262643,112.5949245,233.69,0.0,0.0,IDLE,,
1786035960.325,2026-08-07 00:06:00,MANUAL,True,-7.9262648,112.5949242,233.67,0.0,0.0,IDLE,,
1786035960.445,2026-08-07 00:06:00,MANUAL,True,-7.9262652,112.594924,233.68,0.0,0.0,IDLE,,
1786035960.571,2026-08-07 00:06:00,MANUAL,True,-7.9262657,112.5949238,233.67,0.0,0.0,IDLE,,
1786035960.693,2026-08-07 00:06:00,MANUAL,True,-7.9262659,112.5949237,233.67,0.0,0.0,IDLE,,
1786035960.816,2026-08-07 00:06:00,MANUAL,True,-7.9262664,112.5949236,233.68,0.0,0.0,IDLE,,
1786035960.938,2026-08-07 00:06:00,MANUAL,True,-7.9262667,112.5949236,233.68,0.0,0.0,IDLE,,
1786035961.061,2026-08-07 00:06:01,MANUAL,True,-7.926267,112.5949237,233.68,0.0,0.0,IDLE,,
1786035961.179,2026-08-07 00:06:01,MANUAL,True,-7.9262672,112.5949237,233.68,0.0,0.0,IDLE,,
1786035961.304,2026-08-07 00:06:01,MANUAL,True,-7.9262675,112.5949234,233.69,0.0,0.0,IDLE,,
1786035961.444,2026-08-07 00:06:01,MANUAL,True,-7.9262676,112.5949232,233.69,0.0,0.0,IDLE,,
1786035961.571,2026-08-07 00:06:01,MANUAL,True,-7.9262678,112.594923,233.68,0.0,0.0,IDLE,,
1786035961.696,2026-08-07 00:06:01,MANUAL,True,-7.9262679,112.5949228,233.68,0.0,0.0,IDLE,,
1786035961.828,2026-08-07 00:06:01,MANUAL,True,-7.9262682,112.5949226,233.67,0.0,0.0,IDLE,,
1786035961.952,2026-08-07 00:06:01,MANUAL,True,-7.9262683,112.5949226,233.67,0.0,0.0,IDLE,,
1786035962.076,2026-08-07 00:06:02,MANUAL,True,-7.9262684,112.5949226,233.67,0.0,0.0,IDLE,,
1786035962.198,2026-08-07 00:06:02,MANUAL,True,-7.9262685,112.5949225,233.68,0.0,0.0,IDLE,,
1786035962.327,2026-08-07 00:06:02,MANUAL,True,-7.9262687,112.5949223,233.68,0.0,0.0,IDLE,120,-200
1786035962.454,2026-08-07 00:06:02,MANUAL,True,-7.9262687,112.5949222,233.68,0.0,0.0,IDLE,120,-200
1786035962.573,2026-08-07 00:06:02,MANUAL,True,-7.9262688,112.5949221,233.68,0.0,0.0,IDLE,122,-198
1786035962.692,2026-08-07 00:06:02,MANUAL,True,-7.9262689,112.5949221,233.68,0.0,0.0,IDLE,125,-195
1786035962.809,2026-08-07 00:06:02,MANUAL,True,-7.9262691,112.594922,233.68,0.0,0.0,IDLE,,
1786035962.934,2026-08-07 00:06:02,MANUAL,True,-7.9262692,112.594922,233.67,0.0,0.0,IDLE,,
1786035963.052,2026-08-07 00:06:03,MANUAL,True,-7.9262693,112.594922,233.66,0.0,0.0,IDLE,,
1786035963.176,2026-08-07 00:06:03,MANUAL,True,-7.9262694,112.594922,233.63,0.0,0.0,IDLE,,
1786035963.295,2026-08-07 00:06:03,MANUAL,True,-7.9262695,112.5949221,233.61,0.0,0.0,IDLE,,
1786035963.416,2026-08-07 00:06:03,MANUAL,True,-7.9262694,112.5949222,233.58,0.0,0.0,IDLE,,
1786035963.535,2026-08-07 00:06:03,MANUAL,True,-7.9262694,112.5949222,233.58,0.0,0.0,IDLE,,
1786035963.690,2026-08-07 00:06:03,MANUAL,True,-7.9262693,112.594922,233.59,0.0,0.0,IDLE,,
1786035963.843,2026-08-07 00:06:03,MANUAL,True,-7.9262691,112.5949214,233.58,0.0,0.0,IDLE,,
1786035963.986,2026-08-07 00:06:03,MANUAL,True,-7.9262689,112.594921,233.57,0.0,0.0,IDLE,,
1786035964.137,2026-08-07 00:06:04,MANUAL,True,-7.9262686,112.5949205,233.59,0.0,0.0,IDLE,,
1786035964.808,2026-08-07 00:06:04,MANUAL,True,-7.9262672,112.5949189,233.58,0.0,0.0,IDLE,,
1786035965.133,2026-08-07 00:06:05,MANUAL,True,-7.9262668,112.5949185,233.58,0.0,0.0,IDLE,,
1786035965.369,2026-08-07 00:06:05,MANUAL,True,-7.9262665,112.594918,233.58,0.0,0.0,IDLE,,
1786035965.515,2026-08-07 00:06:05,MANUAL,True,-7.9262662,112.5949178,233.6,0.0,0.0,IDLE,,
1786035965.641,2026-08-07 00:06:05,MANUAL,True,-7.9262657,112.5949171,233.61,0.0,0.0,IDLE,392,72
1786035965.756,2026-08-07 00:06:05,MANUAL,True,-7.9262654,112.5949166,233.61,0.0,0.0,IDLE,392,72
1786035965.878,2026-08-07 00:06:05,MANUAL,True,-7.9262651,112.5949161,233.62,0.0,0.0,IDLE,,
1786035966.000,2026-08-07 00:06:05,MANUAL,True,-7.9262645,112.5949151,233.63,0.0,0.0,IDLE,392,72
1786035966.126,2026-08-07 00:06:06,MANUAL,True,-7.9262642,112.5949147,233.63,0.0,0.0,IDLE,392,72
1786035966.247,2026-08-07 00:06:06,MANUAL,True,-7.926264,112.5949144,233.65,0.0,0.0,IDLE,392,72
1786035966.367,2026-08-07 00:06:06,MANUAL,True,-7.9262637,112.5949141,233.63,0.0,0.0,IDLE,392,72
1786035966.487,2026-08-07 00:06:06,MANUAL,True,-7.9262635,112.5949137,233.62,0.0,0.0,IDLE,,
1786035966.617,2026-08-07 00:06:06,MANUAL,True,-7.9262627,112.5949123,233.62,0.0,0.0,IDLE,392,72
1786035966.740,2026-08-07 00:06:06,MANUAL,True,-7.9262622,112.5949114,233.6,0.0,0.0,IDLE,393,73
1786035966.858,2026-08-07 00:06:06,MANUAL,True,-7.9262618,112.5949104,233.59,0.0,0.0,IDLE,,
1786035967.002,2026-08-07 00:06:07,MANUAL,True,-7.926261,112.5949086,233.61,0.0,0.0,IDLE,,
1786035967.125,2026-08-07 00:06:07,MANUAL,True,-7.9262607,112.5949078,233.62,0.0,0.0,IDLE,,
1786035967.245,2026-08-07 00:06:07,MANUAL,True,-7.9262604,112.5949069,233.62,0.0,0.0,IDLE,,
1786035967.364,2026-08-07 00:06:07,MANUAL,True,-7.9262601,112.594906,233.61,0.0,0.0,IDLE,,
1786035967.480,2026-08-07 00:06:07,MANUAL,True,-7.9262597,112.5949052,233.6,0.0,0.0,IDLE,,
1786035967.602,2026-08-07 00:06:07,MANUAL,True,-7.9262591,112.5949034,233.61,0.0,0.0,IDLE,,
1786035967.724,2026-08-07 00:06:07,MANUAL,True,-7.9262588,112.5949025,233.6,0.0,0.0,IDLE,,
1786035967.840,2026-08-07 00:06:07,MANUAL,True,-7.9262584,112.5949017,233.62,0.0,0.0,IDLE,,
1786035967.964,2026-08-07 00:06:07,MANUAL,True,-7.9262581,112.594901,233.62,0.0,0.0,IDLE,,
1786035968.088,2026-08-07 00:06:08,MANUAL,True,-7.9262577,112.5949005,233.63,0.0,0.0,IDLE,,
1786035968.213,2026-08-07 00:06:08,MANUAL,True,-7.9262573,112.5948996,233.64,0.0,0.0,IDLE,393,73
1786035968.336,2026-08-07 00:06:08,MANUAL,True,-7.926257,112.5948993,233.65,0.0,0.0,IDLE,,
1786035968.455,2026-08-07 00:06:08,MANUAL,True,-7.9262568,112.594899,233.64,0.0,0.0,IDLE,,
1786035968.575,2026-08-07 00:06:08,MANUAL,True,-7.9262565,112.5948986,233.63,0.0,0.0,IDLE,,
1786035968.692,2026-08-07 00:06:08,MANUAL,True,-7.9262563,112.5948982,233.63,0.0,0.0,IDLE,,
1786035968.809,2026-08-07 00:06:08,MANUAL,True,-7.9262557,112.5948972,233.64,0.0,0.0,IDLE,,
1786035968.937,2026-08-07 00:06:08,MANUAL,True,-7.9262554,112.5948967,233.64,0.0,0.0,IDLE,,
1786035969.066,2026-08-07 00:06:09,MANUAL,True,-7.9262551,112.5948961,233.62,0.0,0.0,IDLE,,
1786035969.187,2026-08-07 00:06:09,MANUAL,True,-7.9262548,112.5948956,233.62,0.0,0.0,IDLE,392,72
1786035969.306,2026-08-07 00:06:09,MANUAL,True,-7.9262541,112.5948947,233.62,0.0,0.0,IDLE,,
1786035969.431,2026-08-07 00:06:09,MANUAL,True,-7.9262538,112.5948944,233.61,0.0,0.0,IDLE,,
1786035969.553,2026-08-07 00:06:09,MANUAL,True,-7.9262534,112.594894,233.62,0.0,0.0,IDLE,,
1786035969.704,2026-08-07 00:06:09,MANUAL,True,-7.926253,112.5948935,233.6,0.0,0.0,IDLE,,
1786035969.824,2026-08-07 00:06:09,MANUAL,True,-7.9262528,112.5948934,233.61,0.0,0.0,IDLE,,
1786035969.947,2026-08-07 00:06:09,MANUAL,True,-7.9262526,112.5948931,233.6,0.0,0.0,IDLE,,
1786035970.086,2026-08-07 00:06:10,MANUAL,True,-7.9262523,112.5948929,233.59,0.0,0.0,IDLE,,
1786035970.207,2026-08-07 00:06:10,MANUAL,True,-7.9262519,112.5948923,233.6,0.0,0.0,IDLE,,
1786035970.356,2026-08-07 00:06:10,MANUAL,True,-7.9262517,112.5948921,233.61,0.0,0.0,IDLE,,
1786035970.475,2026-08-07 00:06:10,MANUAL,True,-7.9262514,112.5948918,233.6,0.0,0.0,IDLE,,
1786035970.619,2026-08-07 00:06:10,MANUAL,True,-7.926251,112.5948916,233.62,0.0,0.0,IDLE,,
1786035970.755,2026-08-07 00:06:10,MANUAL,True,-7.9262508,112.5948917,233.61,0.0,0.0,IDLE,,
1786035970.888,2026-08-07 00:06:10,MANUAL,True,-7.9262506,112.5948919,233.61,0.0,0.0,IDLE,,
1786035971.020,2026-08-07 00:06:11,MANUAL,True,-7.9262503,112.5948923,233.6,0.0,0.0,IDLE,,
1786035971.170,2026-08-07 00:06:11,MANUAL,True,-7.9262502,112.5948925,233.59,0.0,0.0,IDLE,,
1786035971.299,2026-08-07 00:06:11,MANUAL,True,-7.9262502,112.5948935,233.56,0.0,0.0,IDLE,,
1786035971.458,2026-08-07 00:06:11,MANUAL,True,-7.9262502,112.5948939,233.56,0.0,0.0,IDLE,,
1786035971.582,2026-08-07 00:06:11,MANUAL,True,-7.9262501,112.5948945,233.58,0.0,0.0,IDLE,498,178
1786035971.704,2026-08-07 00:06:11,MANUAL,True,-7.9262499,112.5948954,233.58,0.0,0.0,IDLE,,
1786035971.827,2026-08-07 00:06:11,MANUAL,True,-7.9262497,112.5948958,233.58,0.0,0.0,IDLE,,
1786035971.951,2026-08-07 00:06:11,MANUAL,True,-7.9262496,112.5948962,233.57,0.0,0.0,IDLE,,
1786035972.087,2026-08-07 00:06:12,MANUAL,True,-7.9262494,112.5948965,233.56,0.0,0.0,IDLE,,
1786035972.205,2026-08-07 00:06:12,MANUAL,True,-7.9262491,112.5948971,233.56,0.0,0.0,IDLE,,
1786035972.331,2026-08-07 00:06:12,MANUAL,True,-7.9262489,112.5948974,233.57,0.0,0.0,IDLE,,
1786035972.463,2026-08-07 00:06:12,MANUAL,True,-7.9262488,112.5948976,233.57,0.0,0.0,IDLE,,
1786035972.583,2026-08-07 00:06:12,MANUAL,True,-7.9262485,112.5948979,233.57,0.0,0.0,IDLE,,
1786035972.703,2026-08-07 00:06:12,MANUAL,True,-7.9262483,112.5948984,233.56,0.0,0.0,IDLE,,
1786035972.825,2026-08-07 00:06:12,MANUAL,True,-7.926248,112.5948986,233.55,0.0,0.0,IDLE,,
1786035972.946,2026-08-07 00:06:12,MANUAL,True,-7.9262478,112.5948988,233.54,0.0,0.0,IDLE,,
1786035973.074,2026-08-07 00:06:13,MANUAL,True,-7.9262475,112.5948989,233.53,0.0,0.0,IDLE,,
1786035973.197,2026-08-07 00:06:13,MANUAL,True,-7.9262473,112.594899,233.53,0.0,0.0,IDLE,,
1786035973.326,2026-08-07 00:06:13,MANUAL,True,-7.9262467,112.5948995,233.55,0.0,0.0,IDLE,,
1786035973.453,2026-08-07 00:06:13,MANUAL,True,-7.9262464,112.5948998,233.56,0.0,0.0,IDLE,,
1786035973.589,2026-08-07 00:06:13,MANUAL,True,-7.9262461,112.5949,233.52,0.0,0.0,IDLE,,
1786035973.709,2026-08-07 00:06:13,MANUAL,True,-7.9262455,112.5949005,233.51,0.0,0.0,IDLE,,
1786035973.875,2026-08-07 00:06:13,MANUAL,False,-7.9262452,112.5949007,233.5,0.0,0.0,IDLE,,
1786035974.007,2026-08-07 00:06:14,MANUAL,False,-7.9262446,112.5949014,233.5,0.0,0.0,IDLE,,
1786035974.141,2026-08-07 00:06:14,MANUAL,False,-7.9262443,112.5949018,233.48,0.0,0.0,IDLE,477,157
1786035974.264,2026-08-07 00:06:14,MANUAL,False,-7.9262441,112.5949022,233.48,0.0,0.0,IDLE,,
1786035974.400,2026-08-07 00:06:14,MANUAL,False,-7.9262435,112.5949027,233.48,0.0,0.0,IDLE,503,183
1786035974.522,2026-08-07 00:06:14,MANUAL,False,-7.9262435,112.5949027,233.48,0.0,0.0,IDLE,,
1786035974.650,2026-08-07 00:06:14,MANUAL,False,-7.926243,112.5949033,233.5,0.0,0.0,IDLE,,
1786035974.801,2026-08-07 00:06:14,MANUAL,False,-7.9262428,112.5949036,233.49,0.0,0.0,IDLE,,
1786035974.923,2026-08-07 00:06:14,MANUAL,False,-7.9262423,112.5949042,233.48,0.0,0.0,IDLE,,
1786035975.049,2026-08-07 00:06:15,MANUAL,False,-7.926242,112.5949046,233.47,0.0,0.0,IDLE,,
1786035975.167,2026-08-07 00:06:15,MANUAL,False,-7.9262418,112.5949049,233.48,0.0,0.0,IDLE,,
1786035975.288,2026-08-07 00:06:15,MANUAL,False,-7.9262416,112.5949052,233.46,0.0,0.0,IDLE,,
1786035975.410,2026-08-07 00:06:15,MANUAL,False,-7.9262413,112.5949055,233.46,0.0,0.0,IDLE,,
1786035975.554,2026-08-07 00:06:15,MANUAL,False,-7.926241,112.5949058,233.46,0.0,0.0,IDLE,,
1786035975.680,2026-08-07 00:06:15,MANUAL,False,-7.9262404,112.5949061,233.46,0.0,0.0,IDLE,,
1786035975.814,2026-08-07 00:06:15,MANUAL,False,-7.92624,112.5949063,233.45,0.0,0.0,IDLE,,
1786035975.948,2026-08-07 00:06:15,MANUAL,False,-7.9262393,112.5949066,233.44,0.0,0.0,IDLE,,
1786035976.076,2026-08-07 00:06:16,MANUAL,False,-7.9262389,112.5949067,233.43,0.0,0.0,IDLE,,
1786035976.215,2026-08-07 00:06:16,MANUAL,False,-7.9262386,112.5949067,233.43,0.0,0.0,IDLE,,
1786035976.414,2026-08-07 00:06:16,MANUAL,False,-7.9262378,112.5949066,233.41,0.0,0.0,IDLE,,
1786035976.539,2026-08-07 00:06:16,MANUAL,False,-7.9262375,112.5949067,233.41,0.0,0.0,IDLE,,
1786035976.664,2026-08-07 00:06:16,MANUAL,False,-7.9262368,112.5949068,233.42,0.0,0.0,IDLE,,
1786035976.794,2026-08-07 00:06:16,MANUAL,False,-7.9262363,112.5949065,233.42,0.0,0.0,IDLE,,
1786035976.911,2026-08-07 00:06:16,MANUAL,False,-7.9262359,112.5949063,233.44,0.0,0.0,IDLE,,
1786035977.032,2026-08-07 00:06:17,MANUAL,False,-7.9262353,112.5949061,233.45,0.0,0.0,IDLE,,
1786035977.159,2026-08-07 00:06:17,MANUAL,False,-7.9262349,112.594906,233.44,0.0,0.0,IDLE,,
1786035977.400,2026-08-07 00:06:17,MANUAL,False,-7.9262334,112.5949049,233.45,0.0,0.0,IDLE,,
1786035977.613,2026-08-07 00:06:17,MANUAL,False,-7.926233,112.5949047,233.46,0.0,0.0,IDLE,,
1786035977.803,2026-08-07 00:06:17,MANUAL,False,-7.9262321,112.5949044,233.44,0.0,0.0,IDLE,,
1786035977.965,2026-08-07 00:06:17,MANUAL,False,-7.9262318,112.5949045,233.44,0.0,0.0,IDLE,,
1786035978.092,2026-08-07 00:06:18,MANUAL,False,-7.9262313,112.5949048,233.43,0.0,0.0,IDLE,,
1786035978.238,2026-08-07 00:06:18,MANUAL,False,-7.926231,112.5949048,233.44,0.0,0.0,IDLE,,
1786035978.384,2026-08-07 00:06:18,MANUAL,False,-7.9262307,112.5949051,233.44,0.0,0.0,IDLE,,
1786035978.502,2026-08-07 00:06:18,MANUAL,False,-7.9262305,112.5949053,233.47,0.0,0.0,IDLE,,
1786035978.619,2026-08-07 00:06:18,MANUAL,False,-7.9262305,112.5949053,233.47,0.0,0.0,IDLE,,
1786035978.741,2026-08-07 00:06:18,MANUAL,False,-7.9262303,112.5949058,233.45,0.0,0.0,IDLE,,
1786035978.862,2026-08-07 00:06:18,MANUAL,False,-7.92623,112.5949061,233.45,0.0,0.0,IDLE,,
1786035978.981,2026-08-07 00:06:18,MANUAL,False,-7.9262298,112.5949062,233.46,0.0,0.0,IDLE,,
1786035979.111,2026-08-07 00:06:19,MANUAL,False,-7.9262294,112.5949064,233.44,0.0,0.0,IDLE,,
1786035979.229,2026-08-07 00:06:19,MANUAL,False,-7.926229,112.5949062,233.43,0.0,0.0,IDLE,,
1786035979.350,2026-08-07 00:06:19,MANUAL,False,-7.9262288,112.594906,233.43,0.0,0.0,IDLE,,
1786035979.487,2026-08-07 00:06:19,MANUAL,False,-7.9262283,112.5949057,233.44,0.0,0.0,IDLE,,
1786035979.603,2026-08-07 00:06:19,MANUAL,False,-7.9262277,112.5949051,233.42,0.0,0.0,IDLE,,
1786035979.722,2026-08-07 00:06:19,MANUAL,False,-7.9262274,112.5949047,233.42,0.0,0.0,IDLE,,
1786035979.887,2026-08-07 00:06:19,MANUAL,False,-7.9262267,112.5949042,233.44,0.0,0.0,IDLE,,
1786035980.006,2026-08-07 00:06:20,MANUAL,False,-7.9262263,112.5949038,233.43,0.0,0.0,IDLE,,
1786035980.154,2026-08-07 00:06:20,MANUAL,False,-7.9262261,112.5949036,233.42,0.0,0.0,IDLE,,
1786035980.278,2026-08-07 00:06:20,MANUAL,False,-7.9262258,112.5949032,233.42,0.0,0.0,IDLE,,
1786035980.403,2026-08-07 00:06:20,MANUAL,False,-7.9262254,112.5949022,233.41,0.0,0.0,IDLE,,
1786035980.527,2026-08-07 00:06:20,MANUAL,False,-7.9262252,112.5949017,233.41,0.0,0.0,IDLE,,
1786035980.653,2026-08-07 00:06:20,MANUAL,False,-7.9262252,112.5949015,233.43,0.0,0.0,IDLE,,
1786035980.783,2026-08-07 00:06:20,MANUAL,False,-7.9262251,112.5949011,233.42,0.0,0.0,IDLE,,
1786035980.901,2026-08-07 00:06:20,MANUAL,False,-7.9262248,112.5949003,233.43,0.0,0.0,IDLE,,
1786035981.021,2026-08-07 00:06:21,MANUAL,False,-7.9262248,112.5949003,233.43,0.0,0.0,IDLE,,
1786035981.154,2026-08-07 00:06:21,MANUAL,False,-7.9262248,112.5949003,233.42,0.0,0.0,IDLE,,
1786035981.281,2026-08-07 00:06:21,MANUAL,False,-7.9262249,112.5949003,233.42,0.0,0.0,IDLE,,
1786035981.418,2026-08-07 00:06:21,MANUAL,False,-7.9262249,112.5949003,233.41,0.0,0.0,IDLE,,
1786035981.539,2026-08-07 00:06:21,MANUAL,False,-7.9262249,112.5949003,233.41,0.0,0.0,IDLE,,
1786035981.660,2026-08-07 00:06:21,MANUAL,False,-7.9262249,112.5949003,233.41,0.0,0.0,IDLE,,
1786035981.781,2026-08-07 00:06:21,MANUAL,False,-7.9262248,112.5949001,233.42,0.0,0.0,IDLE,,
1786035981.900,2026-08-07 00:06:21,MANUAL,False,-7.9262245,112.5948997,233.43,0.0,0.0,IDLE,,
1786035982.027,2026-08-07 00:06:22,MANUAL,False,-7.9262244,112.5948993,233.42,0.0,0.0,IDLE,,
1786035982.147,2026-08-07 00:06:22,MANUAL,False,-7.9262243,112.5948991,233.41,0.0,0.0,IDLE,,
1786035982.360,2026-08-07 00:06:22,MANUAL,False,-7.9262243,112.5948985,233.42,0.0,0.0,IDLE,,
1786035982.493,2026-08-07 00:06:22,MANUAL,False,-7.9262243,112.5948982,233.42,0.0,0.0,IDLE,,
1786035982.619,2026-08-07 00:06:22,MANUAL,False,-7.9262244,112.5948981,233.42,0.0,0.0,IDLE,,
1786035982.767,2026-08-07 00:06:22,MANUAL,False,-7.9262246,112.5948983,233.4,0.0,0.0,IDLE,,
1786035982.890,2026-08-07 00:06:22,MANUAL,False,-7.9262248,112.5948986,233.41,0.0,0.0,IDLE,,
1786035983.006,2026-08-07 00:06:23,MANUAL,False,-7.9262253,112.5948992,233.42,0.0,0.0,IDLE,,
1786035983.117,2026-08-07 00:06:23,MANUAL,False,-7.9262254,112.5948994,233.41,0.0,0.0,IDLE,,
1786035983.243,2026-08-07 00:06:23,MANUAL,False,-7.9262255,112.5948995,233.42,0.0,0.0,IDLE,,
1786035983.391,2026-08-07 00:06:23,MANUAL,False,-7.9262257,112.5948995,233.41,0.0,0.0,IDLE,,
1786035983.512,2026-08-07 00:06:23,MANUAL,False,-7.9262259,112.5948997,233.4,0.0,0.0,IDLE,,
1786035983.630,2026-08-07 00:06:23,MANUAL,False,-7.9262263,112.5948997,233.39,0.0,0.0,IDLE,,
1786035983.761,2026-08-07 00:06:23,MANUAL,False,-7.9262264,112.5948996,233.38,0.0,0.0,IDLE,,
1786035983.874,2026-08-07 00:06:23,MANUAL,False,-7.9262265,112.5948995,233.38,0.0,0.0,IDLE,,
1786035984.020,2026-08-07 00:06:24,MANUAL,False,-7.9262267,112.5948991,233.38,0.0,0.0,IDLE,,
1786035984.136,2026-08-07 00:06:24,MANUAL,False,-7.9262268,112.5948989,233.37,0.0,0.0,IDLE,,
1786035984.249,2026-08-07 00:06:24,MANUAL,False,-7.926227,112.5948987,233.36,0.0,0.0,IDLE,,
1786035984.373,2026-08-07 00:06:24,MANUAL,False,-7.9262272,112.5948985,233.36,0.0,0.0,IDLE,,
1786035984.589,2026-08-07 00:06:24,MANUAL,False,-7.9262278,112.5948985,233.35,0.0,0.0,IDLE,,
1786035984.813,2026-08-07 00:06:24,MANUAL,False,-7.9262284,112.5948984,233.34,0.0,0.0,IDLE,,
1786035985.103,2026-08-07 00:06:25,MANUAL,False,-7.9262293,112.594898,233.33,0.0,0.0,IDLE,,
1786035985.253,2026-08-07 00:06:25,MANUAL,False,-7.9262295,112.5948978,233.32,0.0,0.0,IDLE,,
1786035985.442,2026-08-07 00:06:25,MANUAL,False,-7.9262299,112.5948971,233.32,0.0,0.0,IDLE,,
1786035985.556,2026-08-07 00:06:25,MANUAL,False,-7.9262301,112.5948967,233.32,0.0,0.0,IDLE,,
1786035985.675,2026-08-07 00:06:25,MANUAL,False,-7.9262302,112.5948962,233.31,0.0,0.0,IDLE,,
1786035985.794,2026-08-07 00:06:25,MANUAL,False,-7.9262303,112.5948956,233.32,0.0,0.0,IDLE,,
1786035985.910,2026-08-07 00:06:25,MANUAL,False,-7.9262305,112.5948946,233.33,0.0,0.0,IDLE,,
1786035986.023,2026-08-07 00:06:26,MANUAL,False,-7.9262306,112.594894,233.33,0.0,0.0,IDLE,,
1786035986.152,2026-08-07 00:06:26,MANUAL,False,-7.9262307,112.5948935,233.33,0.0,0.0,IDLE,,
1786035986.294,2026-08-07 00:06:26,MANUAL,False,-7.9262309,112.5948932,233.34,0.0,0.0,IDLE,,
1786035986.459,2026-08-07 00:06:26,MANUAL,False,-7.9262312,112.5948926,233.33,0.0,0.0,IDLE,,
1786035986.593,2026-08-07 00:06:26,MANUAL,False,-7.9262313,112.5948923,233.34,0.0,0.0,IDLE,,
1786035986.729,2026-08-07 00:06:26,MANUAL,False,-7.9262316,112.5948917,233.32,0.0,0.0,IDLE,,
1786035986.947,2026-08-07 00:06:26,MANUAL,False,-7.9262319,112.5948911,233.3,0.0,0.0,IDLE,,
1786035987.075,2026-08-07 00:06:27,MANUAL,False,-7.9262322,112.5948909,233.31,0.0,0.0,IDLE,,
1786035987.205,2026-08-07 00:06:27,MANUAL,False,-7.9262326,112.5948907,233.31,0.0,0.0,IDLE,,
1786035987.377,2026-08-07 00:06:27,MANUAL,False,-7.9262329,112.5948907,233.3,0.0,0.0,IDLE,,
1786035987.520,2026-08-07 00:06:27,MANUAL,False,-7.9262331,112.5948906,233.28,0.0,0.0,IDLE,,
1786035987.707,2026-08-07 00:06:27,MANUAL,False,-7.9262337,112.5948906,233.27,0.0,0.0,IDLE,,
1786035987.838,2026-08-07 00:06:27,MANUAL,False,-7.9262338,112.5948905,233.28,0.0,0.0,IDLE,,
1786035987.980,2026-08-07 00:06:27,MANUAL,False,-7.926234,112.5948905,233.27,0.0,0.0,IDLE,,
1786035988.101,2026-08-07 00:06:28,MANUAL,False,-7.9262344,112.5948905,233.28,0.0,0.0,IDLE,,
1786035988.218,2026-08-07 00:06:28,MANUAL,False,-7.9262346,112.5948906,233.28,0.0,0.0,IDLE,,
1786035988.353,2026-08-07 00:06:28,MANUAL,False,-7.9262348,112.5948907,233.29,0.0,0.0,IDLE,,
1786035988.483,2026-08-07 00:06:28,MANUAL,False,-7.9262349,112.5948908,233.3,0.0,0.0,IDLE,,
1786035988.607,2026-08-07 00:06:28,MANUAL,False,-7.9262354,112.5948912,233.31,0.0,0.0,IDLE,,
1786035988.741,2026-08-07 00:06:28,MANUAL,False,-7.9262356,112.5948915,233.31,0.0,0.0,IDLE,,
1786035988.875,2026-08-07 00:06:28,MANUAL,False,-7.9262358,112.5948918,233.32,0.0,0.0,IDLE,,
1786035988.995,2026-08-07 00:06:28,MANUAL,False,-7.9262361,112.5948919,233.33,0.0,0.0,IDLE,,
1786035989.143,2026-08-07 00:06:29,MANUAL,False,-7.9262364,112.594892,233.32,0.0,0.0,IDLE,,
1786035989.421,2026-08-07 00:06:29,MANUAL,False,-7.9262368,112.594892,233.34,0.0,0.0,IDLE,,
1786035989.689,2026-08-07 00:06:29,MANUAL,False,-7.9262372,112.5948926,233.33,0.0,0.0,IDLE,,
1786035990.088,2026-08-07 00:06:30,MANUAL,False,-7.9262381,112.5948939,233.32,0.0,0.0,IDLE,,
1786035990.255,2026-08-07 00:06:30,MANUAL,False,-7.9262385,112.5948944,233.33,0.0,0.0,IDLE,,
1786035990.401,2026-08-07 00:06:30,MANUAL,False,-7.9262388,112.5948946,233.35,0.0,0.0,IDLE,,
1786035990.582,2026-08-07 00:06:30,MANUAL,False,-7.926239,112.5948947,233.36,0.0,0.0,IDLE,,
1786035990.760,2026-08-07 00:06:30,MANUAL,False,-7.9262393,112.5948946,233.36,0.0,0.0,IDLE,,
1786035990.885,2026-08-07 00:06:30,MANUAL,False,-7.9262393,112.5948944,233.37,0.0,0.0,IDLE,,
1786035991.002,2026-08-07 00:06:31,MANUAL,False,-7.9262394,112.5948936,233.37,0.0,0.0,IDLE,,
1786035991.121,2026-08-07 00:06:31,MANUAL,False,-7.9262395,112.5948934,233.37,0.0,0.0,IDLE,,
1786035991.243,2026-08-07 00:06:31,MANUAL,False,-7.9262395,112.5948929,233.35,0.0,0.0,IDLE,,
1786035991.368,2026-08-07 00:06:31,MANUAL,False,-7.9262394,112.5948925,233.36,0.0,0.0,IDLE,,
1786035991.485,2026-08-07 00:06:31,MANUAL,False,-7.9262393,112.5948919,233.33,0.0,0.0,IDLE,,
1786035991.616,2026-08-07 00:06:31,MANUAL,False,-7.9262391,112.5948906,233.36,0.0,0.0,IDLE,,
1786035991.744,2026-08-07 00:06:31,MANUAL,False,-7.926239,112.59489,233.37,0.0,0.0,IDLE,,
1786035991.868,2026-08-07 00:06:31,MANUAL,False,-7.9262388,112.5948894,233.37,0.0,0.0,IDLE,,
1786035991.997,2026-08-07 00:06:31,MANUAL,False,-7.9262385,112.5948883,233.39,0.0,0.0,IDLE,,
1786035992.126,2026-08-07 00:06:32,MANUAL,False,-7.9262383,112.5948876,233.4,0.0,0.0,IDLE,,
1786035992.246,2026-08-07 00:06:32,MANUAL,False,-7.9262381,112.5948869,233.41,0.0,0.0,IDLE,,
1786035992.368,2026-08-07 00:06:32,MANUAL,False,-7.926238,112.5948862,233.41,0.0,0.0,IDLE,,
1786035992.502,2026-08-07 00:06:32,MANUAL,False,-7.9262378,112.5948857,233.42,0.0,0.0,IDLE,,
1786035992.628,2026-08-07 00:06:32,MANUAL,False,-7.9262376,112.5948847,233.41,0.0,0.0,IDLE,,
1786035992.750,2026-08-07 00:06:32,MANUAL,False,-7.9262375,112.5948844,233.41,0.0,0.0,IDLE,,
1786035992.872,2026-08-07 00:06:32,MANUAL,False,-7.9262375,112.5948842,233.41,0.0,0.0,IDLE,,
1786035992.991,2026-08-07 00:06:32,MANUAL,False,-7.9262375,112.5948841,233.41,0.0,0.0,IDLE,,
1786035993.113,2026-08-07 00:06:33,MANUAL,False,-7.9262376,112.5948842,233.42,0.0,0.0,IDLE,,
1786035993.232,2026-08-07 00:06:33,MANUAL,False,-7.9262377,112.5948845,233.42,0.0,0.0,IDLE,,
1786035993.351,2026-08-07 00:06:33,MANUAL,False,-7.9262379,112.5948848,233.43,0.0,0.0,IDLE,,
1786035993.473,2026-08-07 00:06:33,MANUAL,False,-7.9262381,112.5948851,233.43,0.0,0.0,IDLE,,
1786035993.592,2026-08-07 00:06:33,MANUAL,False,-7.9262383,112.5948853,233.43,0.0,0.0,IDLE,,
1786035993.707,2026-08-07 00:06:33,MANUAL,False,-7.9262385,112.5948853,233.42,0.0,0.0,IDLE,,
1786035993.828,2026-08-07 00:06:33,MANUAL,False,-7.9262385,112.5948852,233.41,0.0,0.0,IDLE,,
1786035993.949,2026-08-07 00:06:33,MANUAL,False,-7.9262386,112.5948851,233.4,0.0,0.0,IDLE,,
1786035994.095,2026-08-07 00:06:34,MANUAL,False,-7.9262387,112.5948849,233.41,0.0,0.0,IDLE,,
1786035994.209,2026-08-07 00:06:34,MANUAL,False,-7.9262388,112.5948844,233.39,0.0,0.0,IDLE,,
1786035994.330,2026-08-07 00:06:34,MANUAL,False,-7.9262387,112.5948839,233.41,0.0,0.0,IDLE,,
1786035994.463,2026-08-07 00:06:34,MANUAL,False,-7.9262386,112.5948834,233.41,0.0,0.0,IDLE,,
1786035994.580,2026-08-07 00:06:34,MANUAL,False,-7.9262385,112.594883,233.42,0.0,0.0,IDLE,,
1786035994.700,2026-08-07 00:06:34,MANUAL,False,-7.9262384,112.5948819,233.42,0.0,0.0,IDLE,,
1786035994.825,2026-08-07 00:06:34,MANUAL,False,-7.9262381,112.5948812,233.42,0.0,0.0,IDLE,,
1786035994.947,2026-08-07 00:06:34,MANUAL,False,-7.926238,112.5948807,233.43,0.0,0.0,IDLE,,
1786035995.098,2026-08-07 00:06:35,MANUAL,False,-7.9262381,112.5948803,233.44,0.0,0.0,IDLE,,
1786035995.237,2026-08-07 00:06:35,MANUAL,False,-7.9262382,112.5948802,233.43,0.0,0.0,IDLE,,
1786035995.371,2026-08-07 00:06:35,MANUAL,False,-7.9262384,112.5948805,233.43,0.0,0.0,IDLE,,
1786035995.531,2026-08-07 00:06:35,MANUAL,False,-7.9262389,112.5948812,233.42,0.0,0.0,IDLE,,
1786035995.695,2026-08-07 00:06:35,MANUAL,False,-7.9262391,112.5948813,233.42,0.0,0.0,IDLE,,
1786035995.820,2026-08-07 00:06:35,MANUAL,False,-7.9262396,112.5948818,233.4,0.0,0.0,IDLE,,
1786035995.935,2026-08-07 00:06:35,MANUAL,False,-7.9262397,112.5948819,233.39,0.0,0.0,IDLE,,
1786035996.053,2026-08-07 00:06:36,MANUAL,False,-7.9262398,112.5948821,233.39,0.0,0.0,IDLE,,
1786035996.177,2026-08-07 00:06:36,MANUAL,False,-7.92624,112.5948822,233.41,0.0,0.0,IDLE,,
1786035996.297,2026-08-07 00:06:36,MANUAL,False,-7.9262401,112.5948824,233.4,0.0,0.0,IDLE,,
1786035996.444,2026-08-07 00:06:36,MANUAL,False,-7.9262404,112.5948825,233.39,0.0,0.0,IDLE,,
1786035996.571,2026-08-07 00:06:36,MANUAL,False,-7.9262406,112.5948825,233.39,0.0,0.0,IDLE,,
1786035996.689,2026-08-07 00:06:36,MANUAL,False,-7.9262407,112.5948824,233.39,0.0,0.0,IDLE,,
1786035996.820,2026-08-07 00:06:36,MANUAL,False,-7.9262409,112.594882,233.4,0.0,0.0,IDLE,,
1786035996.939,2026-08-07 00:06:36,MANUAL,False,-7.9262409,112.5948818,233.42,0.0,0.0,IDLE,,
1786035997.056,2026-08-07 00:06:37,MANUAL,False,-7.926241,112.5948816,233.42,0.0,0.0,IDLE,,
1786035997.174,2026-08-07 00:06:37,MANUAL,False,-7.926241,112.5948814,233.42,0.0,0.0,IDLE,,
1786035997.295,2026-08-07 00:06:37,MANUAL,False,-7.9262411,112.5948812,233.41,0.0,0.0,IDLE,,
1786035997.425,2026-08-07 00:06:37,MANUAL,False,-7.9262411,112.5948807,233.4,0.0,0.0,IDLE,,
1786035997.552,2026-08-07 00:06:37,MANUAL,False,-7.9262411,112.5948804,233.41,0.0,0.0,IDLE,,
1786035997.670,2026-08-07 00:06:37,MANUAL,False,-7.9262411,112.59488,233.41,0.0,0.0,IDLE,,
1786035997.790,2026-08-07 00:06:37,MANUAL,False,-7.9262411,112.5948795,233.42,0.0,0.0,IDLE,,
1786035997.914,2026-08-07 00:06:37,MANUAL,False,-7.9262412,112.5948784,233.41,0.0,0.0,IDLE,,
1786035998.037,2026-08-07 00:06:38,MANUAL,False,-7.9262413,112.5948781,233.4,0.0,0.0,IDLE,,
1786035998.164,2026-08-07 00:06:38,MANUAL,False,-7.9262415,112.5948779,233.4,0.0,0.0,IDLE,,
1786035998.285,2026-08-07 00:06:38,MANUAL,False,-7.9262417,112.594878,233.39,0.0,0.0,IDLE,,
1786035998.404,2026-08-07 00:06:38,MANUAL,False,-7.9262422,112.5948784,233.39,0.0,0.0,IDLE,,
1786035998.525,2026-08-07 00:06:38,MANUAL,False,-7.9262426,112.5948787,233.4,0.0,0.0,IDLE,,
1786035998.654,2026-08-07 00:06:38,MANUAL,False,-7.9262429,112.5948791,233.38,0.0,0.0,IDLE,,
1786035998.780,2026-08-07 00:06:38,MANUAL,False,-7.9262432,112.5948794,233.39,0.0,0.0,IDLE,,
1786035998.932,2026-08-07 00:06:38,MANUAL,False,-7.9262437,112.59488,233.39,0.0,0.0,IDLE,,
1786035999.087,2026-08-07 00:06:39,MANUAL,False,-7.9262438,112.59488,233.4,0.0,0.0,IDLE,,
1786035999.230,2026-08-07 00:06:39,MANUAL,False,-7.926244,112.5948798,233.39,0.0,0.0,IDLE,,
1786035999.355,2026-08-07 00:06:39,MANUAL,False,-7.926244,112.5948796,233.38,0.0,0.0,IDLE,,
1786035999.488,2026-08-07 00:06:39,MANUAL,False,-7.926244,112.5948792,233.37,0.0,0.0,IDLE,,
1786035999.606,2026-08-07 00:06:39,MANUAL,False,-7.926244,112.5948784,233.37,0.0,0.0,IDLE,,
1786035999.732,2026-08-07 00:06:39,MANUAL,False,-7.926244,112.5948781,233.36,0.0,0.0,IDLE,,
1786035999.888,2026-08-07 00:06:39,MANUAL,False,-7.926244,112.594878,233.36,0.0,0.0,IDLE,,
1786036000.015,2026-08-07 00:06:40,MANUAL,False,-7.9262442,112.594878,233.36,0.0,0.0,IDLE,,
1786036000.137,2026-08-07 00:06:40,MANUAL,False,-7.9262444,112.5948781,233.35,0.0,0.0,IDLE,,
1786036000.278,2026-08-07 00:06:40,MANUAL,False,-7.9262446,112.5948784,233.36,0.0,0.0,IDLE,,
1786036000.402,2026-08-07 00:06:40,MANUAL,False,-7.9262451,112.5948788,233.37,0.0,0.0,IDLE,,
1786036000.526,2026-08-07 00:06:40,MANUAL,False,-7.9262453,112.594879,233.37,0.0,0.0,IDLE,,
1786036000.646,2026-08-07 00:06:40,MANUAL,False,-7.9262455,112.5948792,233.35,0.0,0.0,IDLE,,
1786036000.767,2026-08-07 00:06:40,MANUAL,False,-7.9262456,112.5948793,233.33,0.0,0.0,IDLE,,
1786036000.886,2026-08-07 00:06:40,MANUAL,False,-7.9262457,112.5948795,233.34,0.0,0.0,IDLE,,
1786036001.006,2026-08-07 00:06:41,MANUAL,False,-7.9262461,112.5948795,233.34,0.0,0.0,IDLE,,
1786036001.150,2026-08-07 00:06:41,MANUAL,False,-7.9262463,112.5948796,233.33,0.0,0.0,IDLE,,
1786036001.280,2026-08-07 00:06:41,MANUAL,False,-7.9262464,112.5948796,233.33,0.0,0.0,IDLE,,
1786036001.426,2026-08-07 00:06:41,GUIDED,True,-7.9262466,112.5948797,233.33,0.0,0.0,START,,
1786036001.549,2026-08-07 00:06:41,GUIDED,True,-7.9262468,112.59488,233.33,0.0,0.0,START,391,71
1786036001.684,2026-08-07 00:06:41,GUIDED,True,-7.926247,112.5948803,233.31,0.0,0.0,START,,
1786036001.807,2026-08-07 00:06:41,GUIDED,True,-7.9262473,112.5948809,233.3,0.0,0.0,START,,
1786036001.933,2026-08-07 00:06:41,GUIDED,True,-7.9262474,112.594881,233.3,0.0,0.0,START,,
1786036002.072,2026-08-07 00:06:42,GUIDED,True,-7.9262475,112.5948812,233.29,0.0,0.0,START,,
1786036002.189,2026-08-07 00:06:42,GUIDED,True,-7.9262476,112.5948814,233.3,0.0,0.0,START,,
1786036002.318,2026-08-07 00:06:42,GUIDED,True,-7.9262478,112.5948817,233.32,0.0,0.0,START,,
1786036002.455,2026-08-07 00:06:42,GUIDED,True,-7.9262478,112.5948818,233.32,0.0,0.0,START,,
1786036002.582,2026-08-07 00:06:42,GUIDED,True,-7.9262478,112.5948818,233.31,0.0,0.0,START,,
1786036002.713,2026-08-07 00:06:42,GUIDED,True,-7.9262479,112.5948817,233.3,0.0,0.0,START,,
1786036002.867,2026-08-07 00:06:42,GUIDED,True,-7.9262479,112.5948816,233.3,0.0,0.0,START,,
1786036003.006,2026-08-07 00:06:43,GUIDED,True,-7.9262479,112.5948811,233.31,0.0,0.0,START,,
1786036003.139,2026-08-07 00:06:43,GUIDED,True,-7.9262479,112.594881,233.32,0.0,0.0,START,,
1786036003.264,2026-08-07 00:06:43,GUIDED,True,-7.926248,112.5948809,233.32,0.0,0.0,START,,
1786036003.406,2026-08-07 00:06:43,GUIDED,True,-7.9262479,112.5948805,233.32,0.0,0.0,START,,
1786036003.544,2026-08-07 00:06:43,GUIDED,True,-7.9262479,112.5948805,233.33,0.0,0.0,🔴 FAILSAFE: TARGET LOST,,
1786036003.676,2026-08-07 00:06:43,MANUAL,True,-7.926248,112.5948805,233.33,0.0,0.0,🔴 FAILSAFE: TARGET LOST,,
1786036003.811,2026-08-07 00:06:43,MANUAL,True,-7.9262482,112.5948806,233.33,0.0,0.0,🔴 FAILSAFE: TARGET LOST,,
1786036003.931,2026-08-07 00:06:43,MANUAL,True,-7.9262483,112.5948806,233.33,0.0,0.0,TRACKING_BUOY (MANUAL),494,174
1786036004.057,2026-08-07 00:06:44,MANUAL,True,-7.9262483,112.5948804,233.33,0.0,0.0,TRACKING_BUOY (MANUAL),252,-68
1786036004.189,2026-08-07 00:06:44,MANUAL,True,-7.9262483,112.5948802,233.33,0.0,0.0,TRACKING_BUOY (MANUAL),254,-66
1786036004.313,2026-08-07 00:06:44,MANUAL,True,-7.9262481,112.5948797,233.33,0.0,0.0,TRACKING_BUOY (MANUAL),255,-65
1786036004.447,2026-08-07 00:06:44,MANUAL,True,-7.9262481,112.5948795,233.35,0.0,0.0,TRACKING_BUOY (MANUAL),255,-65
1786036004.575,2026-08-07 00:06:44,MANUAL,True,-7.9262481,112.5948795,233.34,0.0,0.0,TRACKING_BUOY (MANUAL),256,-64
1786036004.690,2026-08-07 00:06:44,MANUAL,True,-7.9262481,112.5948797,233.33,0.0,0.0,TRACKING_BUOY (MANUAL),264,-56
1786036004.810,2026-08-07 00:06:44,MANUAL,True,-7.9262481,112.5948802,233.34,0.0,0.0,TRACKING_BUOY (MANUAL),245,-75
1786036004.929,2026-08-07 00:06:44,MANUAL,True,-7.9262481,112.5948805,233.33,0.0,0.0,TRACKING_BUOY (MANUAL),247,-73
1786036005.048,2026-08-07 00:06:45,MANUAL,True,-7.9262482,112.5948808,233.32,0.0,0.0,TRACKING_BUOY (MANUAL),258,-62
1786036005.165,2026-08-07 00:06:45,MANUAL,True,-7.9262484,112.5948812,233.32,0.0,0.0,TRACKING_BUOY (MANUAL),264,-56
1786036005.320,2026-08-07 00:06:45,MANUAL,True,-7.9262487,112.5948823,233.34,0.0,0.0,TRACKING_BUOY (MANUAL),267,-53
1786036005.458,2026-08-07 00:06:45,MANUAL,True,-7.9262488,112.5948827,233.32,0.0,0.0,TRACKING_BUOY (MANUAL),276,-44
1786036005.575,2026-08-07 00:06:45,MANUAL,True,-7.9262489,112.5948832,233.33,0.0,0.0,TRACKING_BUOY (MANUAL),278,-42
1786036005.701,2026-08-07 00:06:45,MANUAL,True,-7.926249,112.5948836,233.34,0.0,0.0,TRACKING_BUOY (MANUAL),283,-37
1786036005.821,2026-08-07 00:06:45,MANUAL,True,-7.926249,112.5948837,233.33,0.0,0.0,TRACKING_BUOY (MANUAL),290,-30
1786036005.946,2026-08-07 00:06:45,MANUAL,True,-7.9262489,112.5948838,233.33,0.0,0.0,TRACKING_BUOY (MANUAL),275,-45
1786036006.071,2026-08-07 00:06:46,MANUAL,True,-7.9262488,112.5948839,233.32,0.0,0.0,TRACKING_BUOY (MANUAL),277,-43
1786036006.192,2026-08-07 00:06:46,MANUAL,True,-7.9262487,112.5948839,233.33,0.0,0.0,TRACKING_BUOY (MANUAL),278,-42
1786036006.317,2026-08-07 00:06:46,MANUAL,True,-7.9262485,112.5948841,233.34,0.0,0.0,TRACKING_BUOY (MANUAL),310,-10
1786036006.466,2026-08-07 00:06:46,MANUAL,True,-7.9262484,112.5948843,233.34,0.0,0.0,TRACKING_BUOY (MANUAL),317,-3
1786036006.585,2026-08-07 00:06:46,MANUAL,True,-7.9262482,112.5948844,233.32,0.0,0.0,TRACKING_BUOY (MANUAL),321,1
1786036006.715,2026-08-07 00:06:46,MANUAL,True,-7.9262478,112.5948845,233.34,0.0,0.0,TRACKING_BUOY (MANUAL),322,2
1786036006.837,2026-08-07 00:06:46,MANUAL,True,-7.9262475,112.5948844,233.34,0.0,0.0,TRACKING_BUOY (MANUAL),315,-5
1786036006.959,2026-08-07 00:06:46,MANUAL,True,-7.9262473,112.5948842,233.33,0.0,0.0,TRACKING_BUOY (MANUAL),311,-9
1786036007.101,2026-08-07 00:06:47,MANUAL,True,-7.9262468,112.5948837,233.34,0.0,0.0,TRACKING_BUOY (MANUAL),310,-10
1786036007.231,2026-08-07 00:06:47,MANUAL,True,-7.9262464,112.5948835,233.35,0.0,0.0,TRACKING_BUOY (MANUAL),311,-9
1786036007.365,2026-08-07 00:06:47,MANUAL,True,-7.9262461,112.5948832,233.36,0.0,0.0,TRACKING_BUOY (MANUAL),312,-8
1786036007.485,2026-08-07 00:06:47,MANUAL,True,-7.9262459,112.594883,233.36,0.0,0.0,TRACKING_BUOY (MANUAL),311,-9
1786036007.618,2026-08-07 00:06:47,MANUAL,True,-7.9262454,112.5948827,233.36,0.0,0.0,TRACKING_BUOY (MANUAL),316,-4
1786036007.741,2026-08-07 00:06:47,MANUAL,True,-7.9262453,112.5948825,233.37,0.0,0.0,TRACKING_BUOY (MANUAL),281,-39
1786036007.863,2026-08-07 00:06:47,MANUAL,True,-7.9262451,112.5948822,233.36,0.0,0.0,TRACKING_BUOY (MANUAL),317,-3
1786036007.983,2026-08-07 00:06:47,MANUAL,True,-7.9262448,112.5948819,233.37,0.0,0.0,TRACKING_BUOY (MANUAL),321,1
1786036008.114,2026-08-07 00:06:48,MANUAL,True,-7.9262443,112.5948813,233.36,0.0,0.0,TRACKING_BUOY (MANUAL),281,-39
1786036008.257,2026-08-07 00:06:48,MANUAL,True,-7.9262442,112.5948811,233.35,0.0,0.0,TRACKING_BUOY (MANUAL),284,-36
1786036008.384,2026-08-07 00:06:48,MANUAL,True,-7.9262442,112.5948809,233.34,0.0,0.0,TRACKING_BUOY (MANUAL),352,32
1786036008.510,2026-08-07 00:06:48,MANUAL,True,-7.9262442,112.5948809,233.33,0.0,0.0,TRACKING_BUOY (MANUAL),353,33
1786036008.633,2026-08-07 00:06:48,MANUAL,True,-7.926244,112.5948808,233.34,0.0,0.0,TRACKING_BUOY (MANUAL),351,31
1786036008.754,2026-08-07 00:06:48,MANUAL,True,-7.9262439,112.5948806,233.33,0.0,0.0,TRACKING_BUOY (MANUAL),349,29
1786036008.872,2026-08-07 00:06:48,MANUAL,True,-7.9262436,112.5948801,233.34,0.0,0.0,TRACKING_BUOY (MANUAL),349,29
1786036008.990,2026-08-07 00:06:48,MANUAL,True,-7.9262434,112.5948797,233.34,0.0,0.0,TRACKING_BUOY (MANUAL),349,29
1786036009.129,2026-08-07 00:06:49,MANUAL,True,-7.9262429,112.5948784,233.34,0.0,0.0,TRACKING_BUOY (MANUAL),350,30
1786036009.251,2026-08-07 00:06:49,MANUAL,True,-7.9262427,112.5948777,233.34,0.0,0.0,TRACKING_BUOY (MANUAL),355,35
1786036009.377,2026-08-07 00:06:49,MANUAL,True,-7.9262425,112.5948771,233.34,0.0,0.0,TRACKING_BUOY (MANUAL),363,43
1786036009.495,2026-08-07 00:06:49,MANUAL,True,-7.9262424,112.5948767,233.34,0.0,0.0,TRACKING_BUOY (MANUAL),374,54
1786036009.620,2026-08-07 00:06:49,MANUAL,True,-7.9262423,112.5948763,233.35,0.0,0.0,TRACKING_BUOY (MANUAL),384,64
1786036009.751,2026-08-07 00:06:49,MANUAL,True,-7.9262423,112.5948763,233.34,0.0,0.0,TRACKING_BUOY (MANUAL),393,73
1786036009.872,2026-08-07 00:06:49,MANUAL,True,-7.9262422,112.5948764,233.33,0.0,0.0,TRACKING_BUOY (MANUAL),402,82
1786036009.988,2026-08-07 00:06:49,MANUAL,True,-7.9262421,112.5948765,233.33,0.0,0.0,TRACKING_BUOY (MANUAL),407,87
1786036010.116,2026-08-07 00:06:50,MANUAL,True,-7.9262419,112.5948767,233.32,0.0,0.0,TRACKING_BUOY (MANUAL),415,95
1786036010.237,2026-08-07 00:06:50,MANUAL,True,-7.9262418,112.5948768,233.31,0.0,0.0,TRACKING_BUOY (MANUAL),418,98
1786036010.395,2026-08-07 00:06:50,MANUAL,True,-7.9262416,112.5948767,233.31,0.0,0.0,TRACKING_BUOY (MANUAL),418,98
1786036010.522,2026-08-07 00:06:50,MANUAL,True,-7.9262411,112.5948761,233.32,0.0,0.0,TRACKING_BUOY (MANUAL),411,91
1786036010.640,2026-08-07 00:06:50,MANUAL,True,-7.9262409,112.5948758,233.3,0.0,0.0,TRACKING_BUOY (MANUAL),397,77
1786036010.767,2026-08-07 00:06:50,MANUAL,True,-7.9262406,112.5948754,233.29,0.0,0.0,TRACKING_BUOY (MANUAL),381,61
1786036010.938,2026-08-07 00:06:50,MANUAL,True,-7.92624,112.5948745,233.3,0.0,0.0,TRACKING_BUOY (MANUAL),360,40
1786036011.055,2026-08-07 00:06:51,MANUAL,True,-7.9262398,112.594874,233.31,0.0,0.0,TRACKING_BUOY (MANUAL),340,20
1786036011.176,2026-08-07 00:06:51,MANUAL,True,-7.9262396,112.5948737,233.32,0.0,0.0,TRACKING_BUOY (MANUAL),317,-3
1786036011.299,2026-08-07 00:06:51,MANUAL,True,-7.9262394,112.5948735,233.33,0.0,0.0,TRACKING_BUOY (MANUAL),297,-23
1786036011.465,2026-08-07 00:06:51,MANUAL,True,-7.926239,112.5948731,233.34,0.0,0.0,TRACKING_BUOY (MANUAL),283,-37
1786036011.587,2026-08-07 00:06:51,MANUAL,True,-7.9262387,112.5948724,233.32,0.0,0.0,TRACKING_BUOY (MANUAL),272,-48
1786036011.710,2026-08-07 00:06:51,MANUAL,True,-7.9262381,112.5948713,233.31,0.0,0.0,TRACKING_BUOY (MANUAL),261,-59
1786036011.832,2026-08-07 00:06:51,MANUAL,True,-7.9262377,112.5948704,233.32,0.0,0.0,TRACKING_BUOY (MANUAL),250,-70
1786036011.957,2026-08-07 00:06:51,MANUAL,True,-7.9262373,112.5948696,233.3,0.0,0.0,TRACKING_BUOY (MANUAL),239,-81
1786036012.079,2026-08-07 00:06:52,MANUAL,True,-7.9262368,112.5948687,233.3,0.0,0.0,TRACKING_BUOY (MANUAL),228,-92
1786036012.200,2026-08-07 00:06:52,MANUAL,True,-7.9262358,112.5948667,233.32,0.0,0.0,TRACKING_BUOY (MANUAL),220,-100
1786036012.327,2026-08-07 00:06:52,MANUAL,True,-7.9262352,112.5948656,233.31,0.0,0.0,TRACKING_BUOY (MANUAL),214,-106
1786036012.455,2026-08-07 00:06:52,MANUAL,True,-7.9262347,112.5948645,233.32,0.0,0.0,TRACKING_BUOY (MANUAL),204,-116
1786036012.598,2026-08-07 00:06:52,MANUAL,True,-7.9262336,112.5948624,233.34,0.0,0.0,TRACKING_BUOY (MANUAL),196,-124
1786036012.722,2026-08-07 00:06:52,MANUAL,True,-7.9262331,112.5948614,233.34,0.0,0.0,TRACKING_BUOY (MANUAL),189,-131
1786036012.848,2026-08-07 00:06:52,MANUAL,True,-7.9262327,112.5948604,233.33,0.0,0.0,TRACKING_BUOY (MANUAL),183,-137
1786036012.973,2026-08-07 00:06:52,MANUAL,True,-7.9262322,112.5948594,233.33,0.0,0.0,TRACKING_BUOY (MANUAL),180,-140
1786036013.104,2026-08-07 00:06:53,MANUAL,True,-7.9262314,112.5948576,233.34,0.0,0.0,TRACKING_BUOY (MANUAL),181,-139
1786036013.232,2026-08-07 00:06:53,MANUAL,True,-7.9262311,112.594857,233.34,0.0,0.0,TRACKING_BUOY (MANUAL),172,-148
1786036013.358,2026-08-07 00:06:53,MANUAL,True,-7.9262307,112.5948562,233.35,0.0,0.0,TRACKING_BUOY (MANUAL),184,-136
1786036013.481,2026-08-07 00:06:53,MANUAL,True,-7.9262303,112.5948554,233.34,0.0,0.0,TRACKING_BUOY (MANUAL),196,-124
1786036013.605,2026-08-07 00:06:53,MANUAL,True,-7.9262294,112.5948536,233.32,0.0,0.0,TRACKING_BUOY (MANUAL),231,-89
1786036013.725,2026-08-07 00:06:53,MANUAL,True,-7.9262289,112.5948527,233.33,0.0,0.0,TRACKING_BUOY (MANUAL),248,-72
1786036013.849,2026-08-07 00:06:53,MANUAL,True,-7.9262284,112.5948519,233.34,0.0,0.0,TRACKING_BUOY (MANUAL),259,-61
1786036013.969,2026-08-07 00:06:53,MANUAL,True,-7.9262279,112.594851,233.34,0.0,0.0,TRACKING_BUOY (MANUAL),279,-41
1786036014.107,2026-08-07 00:06:54,MANUAL,True,-7.9262272,112.5948494,233.36,0.0,0.0,TRACKING_BUOY (MANUAL),298,-22
1786036014.228,2026-08-07 00:06:54,MANUAL,True,-7.9262269,112.5948487,233.36,0.0,0.0,TRACKING_BUOY (MANUAL),318,-2
1786036014.361,2026-08-07 00:06:54,MANUAL,True,-7.9262266,112.5948481,233.37,0.0,0.0,TRACKING_BUOY (MANUAL),336,16
1786036014.482,2026-08-07 00:06:54,MANUAL,True,-7.9262264,112.5948475,233.37,0.0,0.0,TRACKING_BUOY (MANUAL),355,35
1786036014.614,2026-08-07 00:06:54,MANUAL,True,-7.9262259,112.5948462,233.38,0.0,0.0,TRACKING_BUOY (MANUAL),371,51
1786036014.737,2026-08-07 00:06:54,MANUAL,True,-7.9262256,112.5948456,233.38,0.0,0.0,TRACKING_BUOY (MANUAL),386,66
1786036014.879,2026-08-07 00:06:54,MANUAL,True,-7.9262254,112.594845,233.39,0.0,0.0,TRACKING_BUOY (MANUAL),400,80
1786036015.010,2026-08-07 00:06:55,MANUAL,True,-7.926225,112.5948441,233.37,0.0,0.0,TRACKING_BUOY (MANUAL),388,68
1786036015.146,2026-08-07 00:06:55,MANUAL,True,-7.9262248,112.5948437,233.38,0.0,0.0,TRACKING_BUOY (MANUAL),435,115
1786036015.270,2026-08-07 00:06:55,MANUAL,True,-7.9262246,112.5948433,233.39,0.0,0.0,TRACKING_BUOY (MANUAL),443,123
1786036015.399,2026-08-07 00:06:55,MANUAL,True,-7.9262241,112.5948423,233.39,0.0,0.0,TRACKING_BUOY (MANUAL),452,132
1786036015.546,2026-08-07 00:06:55,MANUAL,True,-7.9262237,112.5948416,233.39,0.0,0.0,TRACKING_BUOY (MANUAL),455,135
1786036015.670,2026-08-07 00:06:55,MANUAL,True,-7.9262233,112.5948409,233.4,0.0,0.0,TRACKING_BUOY (MANUAL),461,141
1786036015.794,2026-08-07 00:06:55,MANUAL,True,-7.9262229,112.5948402,233.41,0.0,0.0,TRACKING_BUOY (MANUAL),464,144
1786036015.924,2026-08-07 00:06:55,MANUAL,True,-7.9262221,112.5948389,233.42,0.0,0.0,TRACKING_BUOY (MANUAL),465,145
1786036016.055,2026-08-07 00:06:56,MANUAL,True,-7.9262218,112.5948385,233.44,0.0,0.0,TRACKING_BUOY (MANUAL),465,145
1786036016.177,2026-08-07 00:06:56,MANUAL,True,-7.9262214,112.5948381,233.44,0.0,0.0,TRACKING_BUOY (MANUAL),462,142
1786036016.305,2026-08-07 00:06:56,MANUAL,True,-7.9262208,112.5948376,233.44,0.0,0.0,TRACKING_BUOY (MANUAL),452,132
1786036016.445,2026-08-07 00:06:56,MANUAL,True,-7.9262205,112.5948372,233.44,0.0,0.0,TRACKING_BUOY (MANUAL),440,120
1786036016.589,2026-08-07 00:06:56,MANUAL,True,-7.9262201,112.5948368,233.45,0.0,0.0,TRACKING_BUOY (MANUAL),428,108
1786036016.710,2026-08-07 00:06:56,MANUAL,True,-7.9262194,112.5948361,233.44,0.0,0.0,TRACKING_BUOY (MANUAL),375,55
1786036016.833,2026-08-07 00:06:56,MANUAL,True,-7.926219,112.5948357,233.44,0.0,0.0,TRACKING_BUOY (MANUAL),388,68
1786036016.954,2026-08-07 00:06:56,MANUAL,True,-7.9262185,112.5948353,233.44,0.0,0.0,TRACKING_BUOY (MANUAL),373,53
1786036017.086,2026-08-07 00:06:57,MANUAL,True,-7.9262181,112.594835,233.45,0.0,0.0,TRACKING_BUOY (MANUAL),352,32
1786036017.208,2026-08-07 00:06:57,MANUAL,True,-7.9262174,112.5948342,233.44,0.0,0.0,TRACKING_BUOY (MANUAL),335,15
1786036017.332,2026-08-07 00:06:57,MANUAL,True,-7.926217,112.5948338,233.45,0.0,0.0,TRACKING_BUOY (MANUAL),318,-2
1786036017.463,2026-08-07 00:06:57,MANUAL,True,-7.9262167,112.5948333,233.44,0.0,0.0,TRACKING_BUOY (MANUAL),309,-11
1786036017.585,2026-08-07 00:06:57,MANUAL,True,-7.9262162,112.5948327,233.45,0.0,0.0,TRACKING_BUOY (MANUAL),294,-26
1786036017.713,2026-08-07 00:06:57,MANUAL,True,-7.9262157,112.5948318,233.45,0.0,0.0,TRACKING_BUOY (MANUAL),278,-42
1786036017.846,2026-08-07 00:06:57,MANUAL,True,-7.9262153,112.5948312,233.45,0.0,0.0,TRACKING_BUOY (MANUAL),264,-56
1786036017.986,2026-08-07 00:06:57,MANUAL,True,-7.9262149,112.5948305,233.45,0.0,0.0,TRACKING_BUOY (MANUAL),248,-72
1786036018.118,2026-08-07 00:06:58,MANUAL,True,-7.9262143,112.594829,233.45,0.0,0.0,TRACKING_BUOY (MANUAL),232,-88
1786036018.251,2026-08-07 00:06:58,MANUAL,True,-7.9262139,112.5948283,233.45,0.0,0.0,TRACKING_BUOY (MANUAL),219,-101
1786036018.401,2026-08-07 00:06:58,MANUAL,True,-7.9262132,112.5948271,233.44,0.0,0.0,TRACKING_BUOY (MANUAL),170,-150
1786036018.522,2026-08-07 00:06:58,MANUAL,True,-7.926213,112.5948267,233.45,0.0,0.0,TRACKING_BUOY (MANUAL),167,-153
1786036018.648,2026-08-07 00:06:58,MANUAL,True,-7.9262128,112.5948264,233.44,0.0,0.0,TRACKING_BUOY (MANUAL),166,-154
1786036018.772,2026-08-07 00:06:58,MANUAL,True,-7.9262126,112.5948262,233.44,0.0,0.0,TRACKING_BUOY (MANUAL),167,-153
1786036018.902,2026-08-07 00:06:58,MANUAL,True,-7.9262123,112.5948258,233.43,0.0,0.0,TRACKING_BUOY (MANUAL),176,-144
1786036019.028,2026-08-07 00:06:59,MANUAL,True,-7.9262121,112.5948255,233.43,0.0,0.0,TRACKING_BUOY (MANUAL),229,-91
1786036019.153,2026-08-07 00:06:59,MANUAL,True,-7.9262118,112.5948251,233.44,0.0,0.0,TRACKING_BUOY (MANUAL),245,-75
1786036019.285,2026-08-07 00:06:59,MANUAL,True,-7.9262115,112.5948247,233.44,0.0,0.0,TRACKING_BUOY (MANUAL),263,-57
1786036019.411,2026-08-07 00:06:59,MANUAL,True,-7.926211,112.5948238,233.44,0.0,0.0,TRACKING_BUOY (MANUAL),279,-41
1786036019.535,2026-08-07 00:06:59,MANUAL,True,-7.9262107,112.5948232,233.44,0.0,0.0,TRACKING_BUOY (MANUAL),295,-25
1786036019.664,2026-08-07 00:06:59,MANUAL,True,-7.9262104,112.5948227,233.44,0.0,0.0,TRACKING_BUOY (MANUAL),312,-8
1786036019.797,2026-08-07 00:06:59,MANUAL,True,-7.9262099,112.5948214,233.44,0.0,0.0,TRACKING_BUOY (MANUAL),319,-1
1786036019.926,2026-08-07 00:06:59,MANUAL,True,-7.9262095,112.5948207,233.44,0.0,0.0,TRACKING_BUOY (MANUAL),338,18
1786036020.050,2026-08-07 00:07:00,MANUAL,True,-7.9262092,112.5948199,233.44,0.0,0.0,TRACKING_BUOY (MANUAL),358,38
1786036020.173,2026-08-07 00:07:00,MANUAL,True,-7.9262089,112.5948191,233.44,0.0,0.0,TRACKING_BUOY (MANUAL),382,62
1786036020.303,2026-08-07 00:07:00,MANUAL,True,-7.9262083,112.5948176,233.44,0.0,0.0,TRACKING_BUOY (MANUAL),396,76
1786036020.425,2026-08-07 00:07:00,MANUAL,True,-7.9262081,112.5948169,233.44,0.0,0.0,TRACKING_BUOY (MANUAL),384,64
1786036020.567,2026-08-07 00:07:00,MANUAL,True,-7.9262077,112.5948159,233.43,0.0,0.0,TRACKING_BUOY (MANUAL),432,112
1786036020.690,2026-08-07 00:07:00,MANUAL,True,-7.9262076,112.5948154,233.43,0.0,0.0,TRACKING_BUOY (MANUAL),439,119
1786036020.833,2026-08-07 00:07:00,MANUAL,True,-7.926207,112.5948135,233.44,0.0,0.0,TRACKING_BUOY (MANUAL),451,131
1786036020.957,2026-08-07 00:07:00,MANUAL,True,-7.9262067,112.5948125,233.43,0.0,0.0,TRACKING_BUOY (MANUAL),464,144
1786036021.093,2026-08-07 00:07:01,MANUAL,True,-7.9262064,112.5948113,233.43,0.0,0.0,TRACKING_BUOY (MANUAL),474,154
1786036021.217,2026-08-07 00:07:01,MANUAL,True,-7.9262058,112.5948092,233.42,0.0,0.0,TRACKING_BUOY (MANUAL),480,160
1786036021.342,2026-08-07 00:07:01,MANUAL,True,-7.9262055,112.5948083,233.41,0.0,0.0,TRACKING_BUOY (MANUAL),480,160
1786036021.471,2026-08-07 00:07:01,MANUAL,True,-7.9262053,112.5948075,233.42,0.0,0.0,TRACKING_BUOY (MANUAL),476,156
1786036021.597,2026-08-07 00:07:01,MANUAL,True,-7.9262051,112.5948063,233.43,0.0,0.0,TRACKING_BUOY (MANUAL),468,148
1786036021.714,2026-08-07 00:07:01,MANUAL,True,-7.926205,112.5948059,233.42,0.0,0.0,TRACKING_BUOY (MANUAL),456,136
1786036021.834,2026-08-07 00:07:01,MANUAL,True,-7.9262051,112.5948057,233.44,0.0,0.0,TRACKING_BUOY (MANUAL),450,130
1786036021.957,2026-08-07 00:07:01,MANUAL,True,-7.9262051,112.5948054,233.44,0.0,0.0,TRACKING_BUOY (MANUAL),435,115
1786036022.089,2026-08-07 00:07:02,MANUAL,True,-7.9262053,112.5948053,233.43,0.0,0.0,TRACKING_BUOY (MANUAL),379,59
1786036022.209,2026-08-07 00:07:02,MANUAL,True,-7.9262057,112.5948052,233.44,0.0,0.0,TRACKING_BUOY (MANUAL),389,69
1786036022.334,2026-08-07 00:07:02,MANUAL,True,-7.9262059,112.5948053,233.43,0.0,0.0,TRACKING_BUOY (MANUAL),374,54
1786036022.469,2026-08-07 00:07:02,MANUAL,True,-7.9262061,112.5948053,233.44,0.0,0.0,TRACKING_BUOY (MANUAL),355,35
1786036022.589,2026-08-07 00:07:02,MANUAL,True,-7.9262063,112.594805,233.45,0.0,0.0,TRACKING_BUOY (MANUAL),339,19
1786036022.711,2026-08-07 00:07:02,MANUAL,True,-7.9262065,112.5948044,233.44,0.0,0.0,TRACKING_BUOY (MANUAL),330,10
1786036022.873,2026-08-07 00:07:02,MANUAL,True,-7.9262067,112.594804,233.42,0.0,0.0,TRACKING_BUOY (MANUAL),313,-7
1786036023.078,2026-08-07 00:07:03,MANUAL,True,-7.9262068,112.5948038,233.41,0.0,0.0,TRACKING_BUOY (MANUAL),285,-35
1786036023.468,2026-08-07 00:07:03,MANUAL,True,-7.9262069,112.5948036,233.4,0.0,0.0,TRACKING_BUOY (MANUAL),256,-64
1786036023.605,2026-08-07 00:07:03,MANUAL,True,-7.9262068,112.5948033,233.42,0.0,0.0,TRACKING_BUOY (MANUAL),201,-119
1786036023.728,2026-08-07 00:07:03,MANUAL,True,-7.9262068,112.5948032,233.43,0.0,0.0,TRACKING_BUOY (MANUAL),184,-136
1786036023.850,2026-08-07 00:07:03,MANUAL,True,-7.9262069,112.5948031,233.41,0.0,0.0,TRACKING_BUOY (MANUAL),170,-150
1786036023.979,2026-08-07 00:07:03,MANUAL,True,-7.9262069,112.594803,233.42,0.0,0.0,TRACKING_BUOY (MANUAL),163,-157
1786036024.113,2026-08-07 00:07:04,MANUAL,True,-7.9262069,112.5948026,233.44,0.0,0.0,TRACKING_BUOY (MANUAL),158,-162
1786036024.248,2026-08-07 00:07:04,MANUAL,True,-7.9262069,112.5948025,233.43,0.0,0.0,TRACKING_BUOY (MANUAL),198,-122
1786036024.386,2026-08-07 00:07:04,MANUAL,True,-7.9262069,112.5948023,233.42,0.0,0.0,TRACKING_BUOY (MANUAL),198,-122
1786036024.508,2026-08-07 00:07:04,MANUAL,True,-7.9262069,112.5948023,233.43,0.0,0.0,TRACKING_BUOY (MANUAL),200,-120
1786036024.652,2026-08-07 00:07:04,MANUAL,True,-7.9262069,112.5948023,233.42,0.0,0.0,TRACKING_BUOY (MANUAL),200,-120
1786036024.798,2026-08-07 00:07:04,MANUAL,True,-7.9262067,112.5948022,233.42,0.0,0.0,TRACKING_BUOY (MANUAL),160,-160
1786036024.922,2026-08-07 00:07:04,MANUAL,True,-7.9262067,112.5948022,233.41,0.0,0.0,🔴 FAILSAFE: TARGET LOST,,
1786036025.058,2026-08-07 00:07:05,MANUAL,True,-7.9262066,112.5948024,233.4,0.0,0.0,🔴 FAILSAFE: TARGET LOST,,
1786036025.184,2026-08-07 00:07:05,MANUAL,True,-7.9262066,112.5948024,233.41,0.0,0.0,🔴 FAILSAFE: TARGET LOST,,
1786036025.305,2026-08-07 00:07:05,MANUAL,True,-7.9262065,112.5948025,233.4,0.0,0.0,🔴 FAILSAFE: TARGET LOST,,
1786036025.441,2026-08-07 00:07:05,MANUAL,True,-7.9262066,112.5948025,233.4,0.0,0.0,🔴 FAILSAFE: TARGET LOST,,
1786036025.568,2026-08-07 00:07:05,MANUAL,True,-7.9262066,112.5948023,233.4,0.0,0.0,🔴 FAILSAFE: TARGET LOST,,
1786036025.732,2026-08-07 00:07:05,MANUAL,True,-7.9262066,112.5948018,233.41,0.0,0.0,🔴 FAILSAFE: TARGET LOST,,
1786036025.854,2026-08-07 00:07:05,MANUAL,True,-7.9262065,112.5948013,233.4,0.0,0.0,🔴 FAILSAFE: TARGET LOST,,
1786036025.981,2026-08-07 00:07:05,MANUAL,True,-7.9262064,112.5948011,233.4,0.0,0.0,🔴 FAILSAFE: TARGET LOST,,
1786036026.106,2026-08-07 00:07:06,MANUAL,True,-7.9262064,112.5948007,233.4,0.0,0.0,🔴 FAILSAFE: TARGET LOST,,
1786036026.230,2026-08-07 00:07:06,MANUAL,True,-7.9262064,112.5948005,233.38,0.0,0.0,🔴 FAILSAFE: TARGET LOST,,
1786036026.363,2026-08-07 00:07:06,MANUAL,True,-7.9262064,112.5948006,233.37,0.0,0.0,🔴 FAILSAFE: TARGET LOST,,
1786036026.485,2026-08-07 00:07:06,MANUAL,True,-7.9262065,112.5948008,233.38,0.0,0.0,🔴 FAILSAFE: TARGET LOST,,
1786036026.628,2026-08-07 00:07:06,MANUAL,True,-7.9262068,112.5948015,233.39,0.0,0.0,🔴 FAILSAFE: TARGET LOST,,
1786036026.752,2026-08-07 00:07:06,MANUAL,True,-7.9262069,112.5948019,233.39,0.0,0.0,🔴 FAILSAFE: TARGET LOST,,
1786036026.875,2026-08-07 00:07:06,MANUAL,True,-7.926207,112.5948024,233.4,0.0,0.0,🔴 FAILSAFE: TARGET LOST,,
1786036027.012,2026-08-07 00:07:07,MANUAL,True,-7.9262071,112.594803,233.4,0.0,0.0,🔴 FAILSAFE: TARGET LOST,,
1786036027.149,2026-08-07 00:07:07,MANUAL,True,-7.9262071,112.5948031,233.41,0.0,0.0,🔴 FAILSAFE: TARGET LOST,,
1786036027.278,2026-08-07 00:07:07,MANUAL,True,-7.9262071,112.5948033,233.4,0.0,0.0,🔴 FAILSAFE: TARGET LOST,,
1786036027.415,2026-08-07 00:07:07,MANUAL,True,-7.9262073,112.5948039,233.41,0.0,0.0,🔴 FAILSAFE: TARGET LOST,,
1786036027.548,2026-08-07 00:07:07,MANUAL,True,-7.9262075,112.5948043,233.4,0.0,0.0,🔴 FAILSAFE: TARGET LOST,,
1786036027.669,2026-08-07 00:07:07,MANUAL,True,-7.9262077,112.5948049,233.39,0.0,0.0,🔴 FAILSAFE: TARGET LOST,,
1786036027.793,2026-08-07 00:07:07,MANUAL,True,-7.926208,112.5948056,233.39,0.0,0.0,TRACKING_BUOY (MANUAL),500,180
1786036027.919,2026-08-07 00:07:07,MANUAL,True,-7.9262086,112.5948073,233.37,0.0,0.0,🔴 FAILSAFE: TARGET LOST,,
1786036028.069,2026-08-07 00:07:08,MANUAL,True,-7.926209,112.5948084,233.36,0.0,0.0,TRACKING_BUOY (MANUAL),500,180
1786036028.199,2026-08-07 00:07:08,MANUAL,True,-7.9262099,112.5948105,233.36,0.0,0.0,🔴 FAILSAFE: TARGET LOST,,
1786036028.346,2026-08-07 00:07:08,MANUAL,True,-7.9262103,112.5948115,233.35,0.0,0.0,🔴 FAILSAFE: TARGET LOST,,
1786036028.489,2026-08-07 00:07:08,MANUAL,True,-7.9262107,112.5948125,233.35,0.0,0.0,🔴 FAILSAFE: TARGET LOST,,
1786036028.621,2026-08-07 00:07:08,MANUAL,True,-7.9262115,112.5948142,233.38,0.0,0.0,🔴 FAILSAFE: TARGET LOST,,
1786036028.754,2026-08-07 00:07:08,MANUAL,True,-7.9262119,112.5948151,233.37,0.0,0.0,🔴 FAILSAFE: TARGET LOST,,
1786036028.889,2026-08-07 00:07:08,MANUAL,True,-7.9262122,112.5948161,233.37,0.0,0.0,🔴 FAILSAFE: TARGET LOST,,
1786036029.017,2026-08-07 00:07:09,MANUAL,True,-7.9262127,112.5948176,233.35,0.0,0.0,🔴 FAILSAFE: TARGET LOST,,
1786036029.179,2026-08-07 00:07:09,MANUAL,True,-7.9262129,112.5948182,233.34,0.0,0.0,🔴 FAILSAFE: TARGET LOST,,
1786036029.321,2026-08-07 00:07:09,MANUAL,True,-7.9262132,112.5948192,233.33,0.0,0.0,🔴 FAILSAFE: TARGET LOST,,
1786036029.466,2026-08-07 00:07:09,MANUAL,True,-7.9262133,112.5948198,233.33,0.0,0.0,🔴 FAILSAFE: TARGET LOST,,
1786036029.599,2026-08-07 00:07:09,MANUAL,True,-7.9262135,112.5948207,233.34,0.0,0.0,🔴 FAILSAFE: TARGET LOST,,
1786036029.763,2026-08-07 00:07:09,MANUAL,True,-7.9262136,112.5948212,233.34,0.0,0.0,🔴 FAILSAFE: TARGET LOST,,
1786036029.905,2026-08-07 00:07:09,MANUAL,True,-7.9262139,112.5948223,233.36,0.0,0.0,🔴 FAILSAFE: TARGET LOST,,
1786036030.047,2026-08-07 00:07:10,MANUAL,True,-7.926214,112.594823,233.35,0.0,0.0,🔴 FAILSAFE: TARGET LOST,,
1786036030.173,2026-08-07 00:07:10,MANUAL,True,-7.9262143,112.5948236,233.35,0.0,0.0,🔴 FAILSAFE: TARGET LOST,,
1786036030.324,2026-08-07 00:07:10,MANUAL,True,-7.9262148,112.5948249,233.34,0.0,0.0,🔴 FAILSAFE: TARGET LOST,,
1786036030.483,2026-08-07 00:07:10,MANUAL,True,-7.9262151,112.5948256,233.34,0.0,0.0,🔴 FAILSAFE: TARGET LOST,,
1786036030.617,2026-08-07 00:07:10,MANUAL,True,-7.9262156,112.5948268,233.35,0.0,0.0,🔴 FAILSAFE: TARGET LOST,,
1786036030.796,2026-08-07 00:07:10,MANUAL,True,-7.9262158,112.5948274,233.34,0.0,0.0,🔴 FAILSAFE: TARGET LOST,,
1786036030.945,2026-08-07 00:07:10,MANUAL,False,-7.9262161,112.5948283,233.34,0.0,0.0,🔴 FAILSAFE: TARGET LOST,,
1786036031.096,2026-08-07 00:07:11,MANUAL,False,-7.9262162,112.5948286,233.34,0.0,0.0,🔴 FAILSAFE: TARGET LOST,,
1786036031.222,2026-08-07 00:07:11,MANUAL,False,-7.9262165,112.5948293,233.35,0.0,0.0,🔴 FAILSAFE: TARGET LOST,,
1786036031.594,2026-08-07 00:07:11,MANUAL,False,-7.9262174,112.594831,233.31,0.0,0.0,🔴 FAILSAFE: TARGET LOST,,
1786036031.921,2026-08-07 00:07:11,MANUAL,False,-7.9262182,112.5948325,233.31,0.0,0.0,🔴 FAILSAFE: TARGET LOST,,
1786036032.101,2026-08-07 00:07:12,MANUAL,False,-7.9262184,112.5948329,233.31,0.0,0.0,🔴 FAILSAFE: TARGET LOST,,
1786036032.271,2026-08-07 00:07:12,MANUAL,False,-7.9262184,112.5948328,233.32,0.0,0.0,🔴 FAILSAFE: TARGET LOST,,
1786036032.398,2026-08-07 00:07:12,MANUAL,False,-7.9262186,112.5948326,233.31,0.0,0.0,🔴 FAILSAFE: TARGET LOST,,
1786036032.532,2026-08-07 00:07:12,MANUAL,False,-7.9262186,112.5948326,233.31,0.0,0.0,🔴 FAILSAFE: TARGET LOST,,
1786036032.767,2026-08-07 00:07:12,MANUAL,False,-7.9262184,112.5948325,233.3,0.0,0.0,🔴 FAILSAFE: TARGET LOST,,
1786036032.922,2026-08-07 00:07:12,MANUAL,False,-7.9262182,112.5948323,233.31,0.0,0.0,🔴 FAILSAFE: TARGET LOST,,
1786036033.137,2026-08-07 00:07:13,MANUAL,False,-7.9262181,112.5948318,233.33,0.0,0.0,🔴 FAILSAFE: TARGET LOST,,
1786036033.525,2026-08-07 00:07:13,MANUAL,False,-7.9262177,112.5948313,233.35,0.0,0.0,🔴 FAILSAFE: TARGET LOST,,
1786036033.640,2026-08-07 00:07:13,MANUAL,False,-7.9262177,112.5948315,233.34,0.0,0.0,🔴 FAILSAFE: TARGET LOST,,
1786036033.783,2026-08-07 00:07:13,MANUAL,False,-7.9262176,112.5948316,233.35,0.0,0.0,🔴 FAILSAFE: TARGET LOST,,
1786036033.900,2026-08-07 00:07:13,MANUAL,False,-7.9262175,112.5948318,233.35,0.0,0.0,🔴 FAILSAFE: TARGET LOST,,
1786036034.014,2026-08-07 00:07:14,MANUAL,False,-7.9262173,112.5948316,233.34,0.0,0.0,🔴 FAILSAFE: TARGET LOST,,
1786036034.134,2026-08-07 00:07:14,MANUAL,False,-7.9262172,112.5948316,233.34,0.0,0.0,🔴 FAILSAFE: TARGET LOST,,
1786036034.314,2026-08-07 00:07:14,MANUAL,False,-7.9262171,112.5948315,233.35,0.0,0.0,🔴 FAILSAFE: TARGET LOST,,
1786036034.488,2026-08-07 00:07:14,MANUAL,False,-7.9262172,112.5948316,233.35,0.0,0.0,🔴 FAILSAFE: TARGET LOST,,
1786036034.651,2026-08-07 00:07:14,MANUAL,False,-7.9262172,112.594832,233.35,0.0,0.0,🔴 FAILSAFE: TARGET LOST,,
1786036034.774,2026-08-07 00:07:14,MANUAL,False,-7.9262173,112.5948323,233.37,0.0,0.0,🔴 FAILSAFE: TARGET LOST,,
1786036034.912,2026-08-07 00:07:14,MANUAL,False,-7.9262176,112.5948329,233.36,0.0,0.0,🔴 FAILSAFE: TARGET LOST,,
1786036035.048,2026-08-07 00:07:15,MANUAL,False,-7.9262176,112.5948329,233.36,0.0,0.0,🔴 FAILSAFE: TARGET LOST,,
1786036035.167,2026-08-07 00:07:15,MANUAL,False,-7.9262178,112.5948331,233.36,0.0,0.0,🔴 FAILSAFE: TARGET LOST,,
1786036035.305,2026-08-07 00:07:15,MANUAL,False,-7.9262182,112.594834,233.38,0.0,0.0,🔴 FAILSAFE: TARGET LOST,,
1786036035.436,2026-08-07 00:07:15,MANUAL,False,-7.9262185,112.5948346,233.38,0.0,0.0,🔴 FAILSAFE: TARGET LOST,,
1786036035.559,2026-08-07 00:07:15,MANUAL,False,-7.9262191,112.5948358,233.39,0.0,0.0,🔴 FAILSAFE: TARGET LOST,,
1786036035.705,2026-08-07 00:07:15,MANUAL,False,-7.9262198,112.594837,233.4,0.0,0.0,🔴 FAILSAFE: TARGET LOST,,
1786036035.937,2026-08-07 00:07:15,MANUAL,False,-7.9262204,112.5948384,233.38,0.0,0.0,🔴 FAILSAFE: TARGET LOST,,
1786036036.163,2026-08-07 00:07:16,MANUAL,False,-7.9262207,112.5948392,233.38,0.0,0.0,🔴 FAILSAFE: TARGET LOST,,
1786036036.435,2026-08-07 00:07:16,MANUAL,False,-7.9262208,112.5948386,233.38,0.0,0.0,🔴 FAILSAFE: TARGET LOST,,
1786036036.623,2026-08-07 00:07:16,MANUAL,False,-7.9262208,112.5948379,233.38,0.0,0.0,🔴 FAILSAFE: TARGET LOST,,
1786036036.781,2026-08-07 00:07:16,MANUAL,False,-7.9262208,112.5948377,233.38,0.0,0.0,🔴 FAILSAFE: TARGET LOST,,
1786036036.988,2026-08-07 00:07:16,MANUAL,False,-7.926221,112.5948375,233.36,0.0,0.0,🔴 FAILSAFE: TARGET LOST,,
1786036037.176,2026-08-07 00:07:17,MANUAL,False,-7.9262213,112.5948375,233.38,0.0,0.0,🔴 FAILSAFE: TARGET LOST,,
1786036037.378,2026-08-07 00:07:17,MANUAL,False,-7.9262218,112.5948384,233.36,0.0,0.0,🔴 FAILSAFE: TARGET LOST,,
1786036037.707,2026-08-07 00:07:17,MANUAL,False,-7.9262233,112.5948413,233.36,0.0,0.0,🔴 FAILSAFE: TARGET LOST,,
1786036037.891,2026-08-07 00:07:17,MANUAL,False,-7.9262238,112.5948421,233.36,0.0,0.0,🔴 FAILSAFE: TARGET LOST,,
1786036038.091,2026-08-07 00:07:18,MANUAL,False,-7.9262245,112.5948432,233.36,0.0,0.0,🔴 FAILSAFE: TARGET LOST,,
1786036038.230,2026-08-07 00:07:18,MANUAL,False,-7.9262251,112.5948438,233.37,0.0,0.0,🔴 FAILSAFE: TARGET LOST,,
1786036038.394,2026-08-07 00:07:18,MANUAL,False,-7.9262254,112.5948439,233.37,0.0,0.0,🔴 FAILSAFE: TARGET LOST,,
1786036038.529,2026-08-07 00:07:18,MANUAL,False,-7.9262257,112.5948441,233.36,0.0,0.0,🔴 FAILSAFE: TARGET LOST,,
1786036038.653,2026-08-07 00:07:18,MANUAL,False,-7.9262262,112.5948443,233.35,0.0,0.0,🔴 FAILSAFE: TARGET LOST,,
1786036038.766,2026-08-07 00:07:18,MANUAL,False,-7.9262264,112.5948445,233.35,0.0,0.0,🔴 FAILSAFE: TARGET LOST,,
1786036038.882,2026-08-07 00:07:18,MANUAL,False,-7.9262265,112.5948446,233.35,0.0,0.0,🔴 FAILSAFE: TARGET LOST,,
1786036039.000,2026-08-07 00:07:18,MANUAL,False,-7.9262267,112.5948448,233.37,0.0,0.0,🔴 FAILSAFE: TARGET LOST,,
1786036039.189,2026-08-07 00:07:19,MANUAL,False,-7.9262268,112.5948449,233.37,0.0,0.0,🔴 FAILSAFE: TARGET LOST,,
1786036039.358,2026-08-07 00:07:19,MANUAL,False,-7.9262269,112.5948452,233.37,0.0,0.0,🔴 FAILSAFE: TARGET LOST,,
1786036039.500,2026-08-07 00:07:19,MANUAL,False,-7.9262271,112.5948458,233.37,0.0,0.0,🔴 FAILSAFE: TARGET LOST,,
1786036039.702,2026-08-07 00:07:19,MANUAL,False,-7.9262272,112.5948464,233.37,0.0,0.0,🔴 FAILSAFE: TARGET LOST,,
1786036039.866,2026-08-07 00:07:19,MANUAL,False,-7.9262272,112.5948466,233.37,0.0,0.0,🔴 FAILSAFE: TARGET LOST,,
1786036039.987,2026-08-07 00:07:19,MANUAL,False,-7.9262272,112.5948468,233.37,0.0,0.0,🔴 FAILSAFE: TARGET LOST,,
1786036040.100,2026-08-07 00:07:20,MANUAL,False,-7.9262274,112.5948476,233.39,0.0,0.0,🔴 FAILSAFE: TARGET LOST,,
1786036040.212,2026-08-07 00:07:20,MANUAL,False,-7.9262275,112.594848,233.38,0.0,0.0,🔴 FAILSAFE: TARGET LOST,,
1786036040.333,2026-08-07 00:07:20,MANUAL,False,-7.9262275,112.5948485,233.39,0.0,0.0,🔴 FAILSAFE: TARGET LOST,,
1786036040.475,2026-08-07 00:07:20,MANUAL,False,-7.9262276,112.594849,233.4,0.0,0.0,🔴 FAILSAFE: TARGET LOST,,
1786036040.609,2026-08-07 00:07:20,MANUAL,False,-7.9262275,112.5948496,233.4,0.0,0.0,🔴 FAILSAFE: TARGET LOST,,
1786036040.747,2026-08-07 00:07:20,MANUAL,False,-7.9262275,112.5948498,233.39,0.0,0.0,🔴 FAILSAFE: TARGET LOST,,
1786036040.867,2026-08-07 00:07:20,MANUAL,False,-7.9262276,112.59485,233.39,0.0,0.0,🔴 FAILSAFE: TARGET LOST,,
1786036041.023,2026-08-07 00:07:21,MANUAL,False,-7.9262277,112.5948508,233.39,0.0,0.0,🔴 FAILSAFE: TARGET LOST,,
1786036041.191,2026-08-07 00:07:21,MANUAL,False,-7.9262278,112.5948513,233.38,0.0,0.0,🔴 FAILSAFE: TARGET LOST,,
1786036041.573,2026-08-07 00:07:21,MANUAL,False,-7.9262283,112.5948532,233.4,0.0,0.0,🔴 FAILSAFE: TARGET LOST,,
1786036041.793,2026-08-07 00:07:21,MANUAL,False,-7.9262282,112.5948534,233.39,0.0,0.0,🔴 FAILSAFE: TARGET LOST,,
1786036041.912,2026-08-07 00:07:21,MANUAL,False,-7.926228,112.5948535,233.4,0.0,0.0,🔴 FAILSAFE: TARGET LOST,,
1786036042.187,2026-08-07 00:07:22,MANUAL,False,-7.9262277,112.5948535,233.39,0.0,0.0,🔴 FAILSAFE: TARGET LOST,,
1786036042.379,2026-08-07 00:07:22,MANUAL,False,-7.9262276,112.5948532,233.36,0.0,0.0,🔴 FAILSAFE: TARGET LOST,,
1786036042.617,2026-08-07 00:07:22,MANUAL,False,-7.9262271,112.5948527,233.36,0.0,0.0,🔴 FAILSAFE: TARGET LOST,,
1786036042.831,2026-08-07 00:07:22,MANUAL,False,-7.926227,112.5948526,233.36,0.0,0.0,🔴 FAILSAFE: TARGET LOST,,
1786036042.988,2026-08-07 00:07:22,MANUAL,False,-7.9262269,112.5948527,233.36,0.0,0.0,🔴 FAILSAFE: TARGET LOST,,
1786036043.114,2026-08-07 00:07:23,MANUAL,False,-7.9262268,112.594853,233.35,0.0,0.0,🔴 FAILSAFE: TARGET LOST,,
1786036043.235,2026-08-07 00:07:23,MANUAL,False,-7.9262268,112.5948531,233.36,0.0,0.0,🔴 FAILSAFE: TARGET LOST,,
1786036043.373,2026-08-07 00:07:23,MANUAL,False,-7.9262268,112.5948532,233.35,0.0,0.0,🔴 FAILSAFE: TARGET LOST,,
1786036043.510,2026-08-07 00:07:23,MANUAL,False,-7.9262267,112.5948531,233.36,0.0,0.0,🔴 FAILSAFE: TARGET LOST,,
1786036043.654,2026-08-07 00:07:23,MANUAL,False,-7.9262266,112.594853,233.36,0.0,0.0,🔴 FAILSAFE: TARGET LOST,,
1786036043.787,2026-08-07 00:07:23,MANUAL,False,-7.9262264,112.5948528,233.35,0.0,0.0,🔴 FAILSAFE: TARGET LOST,,
1786036043.938,2026-08-07 00:07:23,MANUAL,False,-7.9262264,112.5948529,233.35,0.0,0.0,🔴 FAILSAFE: TARGET LOST,,
1786036044.104,2026-08-07 00:07:24,MANUAL,False,-7.9262264,112.594853,233.36,0.0,0.0,🔴 FAILSAFE: TARGET LOST,,
1786036044.257,2026-08-07 00:07:24,MANUAL,False,-7.9262263,112.5948528,233.36,0.0,0.0,🔴 FAILSAFE: TARGET LOST,,
1786036044.402,2026-08-07 00:07:24,MANUAL,False,-7.9262263,112.5948527,233.36,0.0,0.0,🔴 FAILSAFE: TARGET LOST,,
1786036044.537,2026-08-07 00:07:24,MANUAL,False,-7.9262262,112.5948525,233.36,0.0,0.0,🔴 FAILSAFE: TARGET LOST,,
1786036044.709,2026-08-07 00:07:24,MANUAL,False,-7.9262261,112.5948522,233.36,0.0,0.0,🔴 FAILSAFE: TARGET LOST,,
1786036044.832,2026-08-07 00:07:24,MANUAL,False,-7.9262261,112.5948522,233.36,0.0,0.0,🔴 FAILSAFE: TARGET LOST,,
1786036044.955,2026-08-07 00:07:24,MANUAL,False,-7.9262261,112.5948522,233.35,0.0,0.0,🔴 FAILSAFE: TARGET LOST,,
1786036045.072,2026-08-07 00:07:25,MANUAL,False,-7.9262262,112.5948521,233.35,0.0,0.0,🔴 FAILSAFE: TARGET LOST,,
1786036045.196,2026-08-07 00:07:25,MANUAL,False,-7.9262263,112.5948519,233.36,0.0,0.0,🔴 FAILSAFE: TARGET LOST,,
1786036045.372,2026-08-07 00:07:25,MANUAL,False,-7.9262265,112.5948514,233.39,0.0,0.0,🔴 FAILSAFE: TARGET LOST,,
1786036045.499,2026-08-07 00:07:25,MANUAL,False,-7.9262265,112.5948511,233.39,0.0,0.0,🔴 FAILSAFE: TARGET LOST,,
1786036045.649,2026-08-07 00:07:25,MANUAL,False,-7.9262265,112.594851,233.38,0.0,0.0,🔴 FAILSAFE: TARGET LOST,,
1786036045.774,2026-08-07 00:07:25,MANUAL,False,-7.9262266,112.5948512,233.36,0.0,0.0,🔴 FAILSAFE: TARGET LOST,,
1786036045.895,2026-08-07 00:07:25,MANUAL,False,-7.9262268,112.5948513,233.37,0.0,0.0,🔴 FAILSAFE: TARGET LOST,,
1786036046.068,2026-08-07 00:07:26,MANUAL,False,-7.926227,112.5948514,233.38,0.0,0.0,🔴 FAILSAFE: TARGET LOST,,
1786036046.190,2026-08-07 00:07:26,MANUAL,False,-7.9262271,112.5948514,233.38,0.0,0.0,🔴 FAILSAFE: TARGET LOST,,
1786036046.325,2026-08-07 00:07:26,MANUAL,False,-7.9262271,112.5948514,233.38,0.0,0.0,🔴 FAILSAFE: TARGET LOST,,
1786036046.468,2026-08-07 00:07:26,MANUAL,False,-7.9262272,112.5948516,233.4,0.0,0.0,🔴 FAILSAFE: TARGET LOST,,
1786036046.581,2026-08-07 00:07:26,MANUAL,False,-7.9262272,112.5948516,233.4,0.0,0.0,🔴 FAILSAFE: TARGET LOST,,
1786036046.719,2026-08-07 00:07:26,MANUAL,False,-7.9262275,112.5948521,233.4,0.0,0.0,🔴 FAILSAFE: TARGET LOST,,
1786036046.839,2026-08-07 00:07:26,MANUAL,False,-7.9262279,112.5948529,233.41,0.0,0.0,🔴 FAILSAFE: TARGET LOST,,
1786036046.962,2026-08-07 00:07:26,MANUAL,False,-7.9262282,112.5948539,233.4,0.0,0.0,🔴 FAILSAFE: TARGET LOST,,
1786036047.081,2026-08-07 00:07:27,MANUAL,False,-7.9262283,112.5948542,233.39,0.0,0.0,🔴 FAILSAFE: TARGET LOST,,
1786036047.205,2026-08-07 00:07:27,MANUAL,False,-7.9262283,112.5948545,233.39,0.0,0.0,🔴 FAILSAFE: TARGET LOST,,
1786036047.334,2026-08-07 00:07:27,MANUAL,False,-7.9262284,112.5948548,233.38,0.0,0.0,🔴 FAILSAFE: TARGET LOST,,
1786036047.461,2026-08-07 00:07:27,MANUAL,False,-7.9262284,112.594855,233.38,0.0,0.0,🔴 FAILSAFE: TARGET LOST,,
1786036047.587,2026-08-07 00:07:27,MANUAL,False,-7.9262285,112.5948551,233.39,0.0,0.0,🔴 FAILSAFE: TARGET LOST,,
1786036047.704,2026-08-07 00:07:27,MANUAL,False,-7.9262286,112.5948552,233.4,0.0,0.0,🔴 FAILSAFE: TARGET LOST,,
1786036047.826,2026-08-07 00:07:27,MANUAL,False,-7.9262287,112.5948554,233.4,0.0,0.0,🔴 FAILSAFE: TARGET LOST,,
1786036047.963,2026-08-07 00:07:27,MANUAL,False,-7.9262287,112.5948556,233.39,0.0,0.0,🔴 FAILSAFE: TARGET LOST,,
1786036048.087,2026-08-07 00:07:28,MANUAL,False,-7.9262287,112.5948556,233.4,0.0,0.0,🔴 FAILSAFE: TARGET LOST,,
1786036048.210,2026-08-07 00:07:28,MANUAL,False,-7.9262287,112.5948554,233.41,0.0,0.0,🔴 FAILSAFE: TARGET LOST,,
1786036048.327,2026-08-07 00:07:28,MANUAL,False,-7.9262286,112.5948551,233.4,0.0,0.0,🔴 FAILSAFE: TARGET LOST,,
1786036048.444,2026-08-07 00:07:28,MANUAL,False,-7.9262285,112.5948546,233.4,0.0,0.0,🔴 FAILSAFE: TARGET LOST,,
1786036048.560,2026-08-07 00:07:28,MANUAL,False,-7.9262283,112.5948542,233.4,0.0,0.0,🔴 FAILSAFE: TARGET LOST,,
1786036048.685,2026-08-07 00:07:28,MANUAL,False,-7.926228,112.5948538,233.41,0.0,0.0,🔴 FAILSAFE: TARGET LOST,,
1786036048.798,2026-08-07 00:07:28,MANUAL,False,-7.9262281,112.5948539,233.41,0.0,0.0,🔴 FAILSAFE: TARGET LOST,,
1786036048.914,2026-08-07 00:07:28,MANUAL,False,-7.9262281,112.594854,233.4,0.0,0.0,🔴 FAILSAFE: TARGET LOST,,
1786036049.027,2026-08-07 00:07:29,MANUAL,False,-7.9262282,112.5948542,233.4,0.0,0.0,🔴 FAILSAFE: TARGET LOST,,
1786036049.150,2026-08-07 00:07:29,MANUAL,False,-7.9262282,112.5948543,233.4,0.0,0.0,🔴 FAILSAFE: TARGET LOST,,
1786036049.264,2026-08-07 00:07:29,MANUAL,False,-7.9262282,112.5948544,233.4,0.0,0.0,🔴 FAILSAFE: TARGET LOST,,
1786036049.384,2026-08-07 00:07:29,MANUAL,False,-7.9262282,112.5948551,233.4,0.0,0.0,🔴 FAILSAFE: TARGET LOST,,
1786036049.496,2026-08-07 00:07:29,MANUAL,False,-7.9262282,112.5948551,233.4,0.0,0.0,🔴 FAILSAFE: TARGET LOST,,
1786036049.617,2026-08-07 00:07:29,MANUAL,False,-7.9262282,112.5948559,233.4,0.0,0.0,🔴 FAILSAFE: TARGET LOST,,
1786036049.731,2026-08-07 00:07:29,MANUAL,False,-7.9262282,112.5948562,233.4,0.0,0.0,🔴 FAILSAFE: TARGET LOST,,
1786036049.850,2026-08-07 00:07:29,MANUAL,False,-7.9262281,112.5948566,233.41,0.0,0.0,🔴 FAILSAFE: TARGET LOST,,
1786036049.966,2026-08-07 00:07:29,MANUAL,False,-7.9262281,112.5948571,233.41,0.0,0.0,🔴 FAILSAFE: TARGET LOST,,
1786036050.080,2026-08-07 00:07:30,MANUAL,False,-7.9262281,112.5948581,233.39,0.0,0.0,🔴 FAILSAFE: TARGET LOST,,
1786036050.199,2026-08-07 00:07:30,MANUAL,False,-7.9262281,112.5948587,233.4,0.0,0.0,🔴 FAILSAFE: TARGET LOST,,
1786036050.315,2026-08-07 00:07:30,MANUAL,False,-7.9262281,112.5948593,233.39,0.0,0.0,🔴 FAILSAFE: TARGET LOST,,
1786036050.431,2026-08-07 00:07:30,MANUAL,False,-7.9262281,112.59486,233.38,0.0,0.0,🔴 FAILSAFE: TARGET LOST,,
1786036050.546,2026-08-07 00:07:30,MANUAL,False,-7.9262281,112.5948606,233.39,0.0,0.0,🔴 FAILSAFE: TARGET LOST,,
1786036050.667,2026-08-07 00:07:30,MANUAL,False,-7.9262281,112.5948613,233.4,0.0,0.0,🔴 FAILSAFE: TARGET LOST,,
1786036050.782,2026-08-07 00:07:30,MANUAL,False,-7.9262282,112.5948627,233.41,0.0,0.0,🔴 FAILSAFE: TARGET LOST,,
1786036050.895,2026-08-07 00:07:30,MANUAL,False,-7.9262284,112.5948634,233.41,0.0,0.0,🔴 FAILSAFE: TARGET LOST,,
1786036051.012,2026-08-07 00:07:31,MANUAL,False,-7.9262285,112.5948645,233.42,0.0,0.0,🔴 FAILSAFE: TARGET LOST,,
1786036051.169,2026-08-07 00:07:31,MANUAL,False,-7.9262287,112.5948653,233.42,0.0,0.0,🔴 FAILSAFE: TARGET LOST,,
1786036051.288,2026-08-07 00:07:31,MANUAL,False,-7.926229,112.5948666,233.41,0.0,0.0,🔴 FAILSAFE: TARGET LOST,,
1786036051.412,2026-08-07 00:07:31,MANUAL,False,-7.926229,112.5948672,233.41,0.0,0.0,🔴 FAILSAFE: TARGET LOST,,
1786036051.532,2026-08-07 00:07:31,MANUAL,False,-7.9262291,112.5948678,233.4,0.0,0.0,🔴 FAILSAFE: TARGET LOST,,
1786036051.659,2026-08-07 00:07:31,MANUAL,False,-7.9262291,112.5948682,233.41,0.0,0.0,🔴 FAILSAFE: TARGET LOST,,
1786036051.849,2026-08-07 00:07:31,MANUAL,False,-7.9262291,112.594869,233.4,0.0,0.0,🔴 FAILSAFE: TARGET LOST,,
1786036052.058,2026-08-07 00:07:32,MANUAL,False,-7.9262291,112.5948699,233.41,0.0,0.0,🔴 FAILSAFE: TARGET LOST,,
1786036052.227,2026-08-07 00:07:32,MANUAL,False,-7.9262291,112.5948708,233.38,0.0,0.0,🔴 FAILSAFE: TARGET LOST,,
1786036052.446,2026-08-07 00:07:32,MANUAL,False,-7.926229,112.594872,233.38,0.0,0.0,🔴 FAILSAFE: TARGET LOST,,
1786036052.740,2026-08-07 00:07:32,MANUAL,False,-7.9262291,112.5948741,233.39,0.0,0.0,🔴 FAILSAFE: TARGET LOST,,
1786036053.114,2026-08-07 00:07:33,MANUAL,False,-7.9262294,112.5948767,233.41,0.0,0.0,🔴 FAILSAFE: TARGET LOST,,
1786036053.262,2026-08-07 00:07:33,MANUAL,False,-7.9262295,112.5948776,233.39,0.0,0.0,🔴 FAILSAFE: TARGET LOST,,
1786036053.412,2026-08-07 00:07:33,MANUAL,False,-7.9262297,112.5948791,233.41,0.0,0.0,🔴 FAILSAFE: TARGET LOST,,
1786036053.549,2026-08-07 00:07:33,MANUAL,False,-7.9262298,112.5948798,233.41,0.0,0.0,🔴 FAILSAFE: TARGET LOST,,
1786036053.685,2026-08-07 00:07:33,MANUAL,False,-7.92623,112.5948812,233.39,0.0,0.0,🔴 FAILSAFE: TARGET LOST,,
1786036053.816,2026-08-07 00:07:33,MANUAL,False,-7.9262302,112.5948819,233.38,0.0,0.0,🔴 FAILSAFE: TARGET LOST,,
1786036053.965,2026-08-07 00:07:33,MANUAL,False,-7.9262304,112.5948824,233.39,0.0,0.0,🔴 FAILSAFE: TARGET LOST,,
1786036054.113,2026-08-07 00:07:34,MANUAL,False,-7.9262304,112.5948833,233.42,0.0,0.0,🔴 FAILSAFE: TARGET LOST,,
1786036054.255,2026-08-07 00:07:34,MANUAL,False,-7.9262304,112.5948837,233.44,0.0,0.0,🔴 FAILSAFE: TARGET LOST,,
1786036054.441,2026-08-07 00:07:34,MANUAL,False,-7.9262304,112.5948845,233.45,0.0,0.0,🔴 FAILSAFE: TARGET LOST,,
1786036054.568,2026-08-07 00:07:34,MANUAL,False,-7.9262305,112.5948851,233.45,0.0,0.0,🔴 FAILSAFE: TARGET LOST,,
1786036054.693,2026-08-07 00:07:34,MANUAL,False,-7.9262306,112.5948861,233.47,0.0,0.0,🔴 FAILSAFE: TARGET LOST,,
1786036054.823,2026-08-07 00:07:34,MANUAL,False,-7.9262308,112.5948867,233.47,0.0,0.0,🔴 FAILSAFE: TARGET LOST,,
1786036054.939,2026-08-07 00:07:34,MANUAL,False,-7.9262308,112.5948872,233.47,0.0,0.0,🔴 FAILSAFE: TARGET LOST,,
1786036055.057,2026-08-07 00:07:35,MANUAL,False,-7.9262309,112.5948876,233.48,0.0,0.0,🔴 FAILSAFE: TARGET LOST,,
1786036055.169,2026-08-07 00:07:35,MANUAL,False,-7.9262309,112.5948881,233.47,0.0,0.0,🔴 FAILSAFE: TARGET LOST,,
1786036055.289,2026-08-07 00:07:35,MANUAL,False,-7.926231,112.5948884,233.48,0.0,0.0,🔴 FAILSAFE: TARGET LOST,,
1786036055.401,2026-08-07 00:07:35,MANUAL,False,-7.926231,112.5948885,233.47,0.0,0.0,🔴 FAILSAFE: TARGET LOST,,
1786036055.521,2026-08-07 00:07:35,MANUAL,False,-7.926231,112.5948886,233.48,0.0,0.0,🔴 FAILSAFE: TARGET LOST,,
1786036055.654,2026-08-07 00:07:35,MANUAL,False,-7.926231,112.5948886,233.48,0.0,0.0,🔴 FAILSAFE: TARGET LOST,,
1786036055.784,2026-08-07 00:07:35,MANUAL,False,-7.9262312,112.5948887,233.48,0.0,0.0,🔴 FAILSAFE: TARGET LOST,,
1786036055.909,2026-08-07 00:07:35,MANUAL,False,-7.9262314,112.594889,233.47,0.0,0.0,🔴 FAILSAFE: TARGET LOST,,
1786036056.042,2026-08-07 00:07:36,MANUAL,False,-7.9262315,112.5948891,233.48,0.0,0.0,🔴 FAILSAFE: TARGET LOST,,
1786036056.190,2026-08-07 00:07:36,MANUAL,False,-7.9262316,112.5948892,233.49,0.0,0.0,🔴 FAILSAFE: TARGET LOST,,
1786036056.316,2026-08-07 00:07:36,MANUAL,False,-7.9262317,112.5948891,233.49,0.0,0.0,🔴 FAILSAFE: TARGET LOST,,
1786036056.487,2026-08-07 00:07:36,MANUAL,False,-7.9262317,112.5948891,233.47,0.0,0.0,🔴 FAILSAFE: TARGET LOST,,
1786036056.780,2026-08-07 00:07:36,MANUAL,False,-7.9262316,112.5948887,233.46,0.0,0.0,🔴 FAILSAFE: TARGET LOST,,
1786036056.932,2026-08-07 00:07:36,MANUAL,False,-7.9262315,112.5948881,233.45,0.0,0.0,🔴 FAILSAFE: TARGET LOST,,
1786036057.079,2026-08-07 00:07:37,MANUAL,False,-7.9262314,112.5948878,233.45,0.0,0.0,🔴 FAILSAFE: TARGET LOST,,
1786036057.223,2026-08-07 00:07:37,MANUAL,False,-7.9262314,112.5948874,233.44,0.0,0.0,🔴 FAILSAFE: TARGET LOST,,
1786036057.356,2026-08-07 00:07:37,MANUAL,False,-7.9262314,112.5948872,233.44,0.0,0.0,🔴 FAILSAFE: TARGET LOST,,
1786036057.496,2026-08-07 00:07:37,MANUAL,False,-7.9262314,112.594887,233.42,0.0,0.0,🔴 FAILSAFE: TARGET LOST,,
1786036057.631,2026-08-07 00:07:37,MANUAL,False,-7.9262315,112.5948867,233.43,0.0,0.0,🔴 FAILSAFE: TARGET LOST,,
1786036057.762,2026-08-07 00:07:37,MANUAL,False,-7.9262316,112.5948866,233.44,0.0,0.0,🔴 FAILSAFE: TARGET LOST,,
1786036057.894,2026-08-07 00:07:37,MANUAL,False,-7.9262317,112.5948864,233.44,0.0,0.0,🔴 FAILSAFE: TARGET LOST,,
1786036058.020,2026-08-07 00:07:38,MANUAL,False,-7.9262319,112.5948859,233.44,0.0,0.0,🔴 FAILSAFE: TARGET LOST,,
1786036058.157,2026-08-07 00:07:38,MANUAL,False,-7.926232,112.5948857,233.43,0.0,0.0,🔴 FAILSAFE: TARGET LOST,,
1786036058.308,2026-08-07 00:07:38,MANUAL,False,-7.9262324,112.5948853,233.44,0.0,0.0,🔴 FAILSAFE: TARGET LOST,,
1786036058.433,2026-08-07 00:07:38,MANUAL,False,-7.9262326,112.5948853,233.42,0.0,0.0,🔴 FAILSAFE: TARGET LOST,,
1786036058.555,2026-08-07 00:07:38,MANUAL,False,-7.9262329,112.5948852,233.41,0.0,0.0,🔴 FAILSAFE: TARGET LOST,,
1786036058.682,2026-08-07 00:07:38,MANUAL,False,-7.9262331,112.5948852,233.41,0.0,0.0,🔴 FAILSAFE: TARGET LOST,,
1786036058.803,2026-08-07 00:07:38,MANUAL,False,-7.9262338,112.5948853,233.41,0.0,0.0,🔴 FAILSAFE: TARGET LOST,,
1786036058.924,2026-08-07 00:07:38,MANUAL,False,-7.9262341,112.5948855,233.4,0.0,0.0,🔴 FAILSAFE: TARGET LOST,,
1786036059.088,2026-08-07 00:07:39,MANUAL,False,-7.9262345,112.5948856,233.39,0.0,0.0,🔴 FAILSAFE: TARGET LOST,,
1786036059.227,2026-08-07 00:07:39,MANUAL,False,-7.9262349,112.5948856,233.37,0.0,0.0,🔴 FAILSAFE: TARGET LOST,,
1786036059.371,2026-08-07 00:07:39,MANUAL,False,-7.926235,112.5948855,233.39,0.0,0.0,🔴 FAILSAFE: TARGET LOST,,
1786036059.490,2026-08-07 00:07:39,MANUAL,False,-7.926235,112.5948854,233.38,0.0,0.0,🔴 FAILSAFE: TARGET LOST,,
1786036059.608,2026-08-07 00:07:39,MANUAL,False,-7.926235,112.5948851,233.37,0.0,0.0,🔴 FAILSAFE: TARGET LOST,,
1786036059.744,2026-08-07 00:07:39,MANUAL,False,-7.9262351,112.5948849,233.39,0.0,0.0,🔴 FAILSAFE: TARGET LOST,,
1786036059.866,2026-08-07 00:07:39,MANUAL,False,-7.9262351,112.5948848,233.37,0.0,0.0,🔴 FAILSAFE: TARGET LOST,,
1786036060.001,2026-08-07 00:07:40,MANUAL,False,-7.9262352,112.5948846,233.39,0.0,0.0,🔴 FAILSAFE: TARGET LOST,,
1786036060.121,2026-08-07 00:07:40,MANUAL,False,-7.9262353,112.5948845,233.38,0.0,0.0,🔴 FAILSAFE: TARGET LOST,,
1786036060.260,2026-08-07 00:07:40,MANUAL,False,-7.9262353,112.5948845,233.39,0.0,0.0,🔴 FAILSAFE: TARGET LOST,,
1786036060.435,2026-08-07 00:07:40,MANUAL,False,-7.9262354,112.5948844,233.38,0.0,0.0,🔴 FAILSAFE: TARGET LOST,,
1786036060.555,2026-08-07 00:07:40,MANUAL,False,-7.9262355,112.5948844,233.38,0.0,0.0,🔴 FAILSAFE: TARGET LOST,,
1786036060.717,2026-08-07 00:07:40,MANUAL,False,-7.9262355,112.5948841,233.4,0.0,0.0,🔴 FAILSAFE: TARGET LOST,,
1786036060.986,2026-08-07 00:07:40,MANUAL,False,-7.9262354,112.5948838,233.4,0.0,0.0,🔴 FAILSAFE: TARGET LOST,,
1786036061.119,2026-08-07 00:07:41,MANUAL,False,-7.9262353,112.5948838,233.41,0.0,0.0,🔴 FAILSAFE: TARGET LOST,,
1786036061.279,2026-08-07 00:07:41,MANUAL,False,-7.9262354,112.5948837,233.41,0.0,0.0,🔴 FAILSAFE: TARGET LOST,,
1786036061.489,2026-08-07 00:07:41,MANUAL,False,-7.9262352,112.5948837,233.44,0.0,0.0,🔴 FAILSAFE: TARGET LOST,,
1786036061.713,2026-08-07 00:07:41,MANUAL,False,-7.9262349,112.5948835,233.46,0.0,0.0,🔴 FAILSAFE: TARGET LOST,,
1786036061.879,2026-08-07 00:07:41,MANUAL,False,-7.9262348,112.5948833,233.46,0.0,0.0,🔴 FAILSAFE: TARGET LOST,,
1786036062.003,2026-08-07 00:07:42,MANUAL,False,-7.9262345,112.5948831,233.45,0.0,0.0,🔴 FAILSAFE: TARGET LOST,,
1786036062.164,2026-08-07 00:07:42,MANUAL,False,-7.9262344,112.594883,233.45,0.0,0.0,🔴 FAILSAFE: TARGET LOST,,
1786036062.476,2026-08-07 00:07:42,MANUAL,False,-7.9262344,112.594883,233.46,0.0,0.0,🔴 FAILSAFE: TARGET LOST,,
1786036062.703,2026-08-07 00:07:42,MANUAL,False,-7.9262343,112.5948828,233.46,0.0,0.0,🔴 FAILSAFE: TARGET LOST,,
1786036063.024,2026-08-07 00:07:43,MANUAL,False,-7.9262337,112.5948821,233.45,0.0,0.0,🔴 FAILSAFE: TARGET LOST,,
1786036063.154,2026-08-07 00:07:43,MANUAL,False,-7.9262335,112.5948819,233.45,0.0,0.0,🔴 FAILSAFE: TARGET LOST,,
1786036063.306,2026-08-07 00:07:43,MANUAL,False,-7.9262331,112.5948811,233.45,0.0,0.0,🔴 FAILSAFE: TARGET LOST,,
1786036063.439,2026-08-07 00:07:43,MANUAL,False,-7.9262329,112.5948807,233.44,0.0,0.0,🔴 FAILSAFE: TARGET LOST,,
1786036063.566,2026-08-07 00:07:43,MANUAL,False,-7.9262327,112.5948803,233.43,0.0,0.0,TRACKING_BUOY,,
1786036063.722,2026-08-07 00:07:43,MANUAL,False,-7.9262321,112.5948793,233.46,0.0,0.0,FINISH,,
1786036063.924,2026-08-07 00:07:43,MANUAL,False,-7.9262315,112.5948783,233.48,0.0,0.0,IDLE,,
1786036064.070,2026-08-07 00:07:44,MANUAL,False,-7.9262312,112.5948778,233.49,0.0,0.0,IDLE,,
1786036064.228,2026-08-07 00:07:44,MANUAL,False,-7.9262307,112.5948771,233.49,0.0,0.0,IDLE,,
1786036064.373,2026-08-07 00:07:44,MANUAL,False,-7.9262305,112.5948768,233.48,0.0,0.0,IDLE,,
1786036064.518,2026-08-07 00:07:44,MANUAL,False,-7.9262301,112.5948763,233.48,0.0,0.0,IDLE,,
1786036064.651,2026-08-07 00:07:44,MANUAL,False,-7.9262299,112.5948761,233.48,0.0,0.0,IDLE,,
1786036064.793,2026-08-07 00:07:44,MANUAL,False,-7.9262297,112.594876,233.48,0.0,0.0,IDLE,,
1786036064.919,2026-08-07 00:07:44,MANUAL,False,-7.9262292,112.5948757,233.49,0.0,0.0,IDLE,,
1786036065.049,2026-08-07 00:07:45,MANUAL,False,-7.9262289,112.5948756,233.48,0.0,0.0,IDLE,,
1786036065.164,2026-08-07 00:07:45,MANUAL,False,-7.9262287,112.5948756,233.46,0.0,0.0,IDLE,,
1786036065.280,2026-08-07 00:07:45,MANUAL,False,-7.9262285,112.5948756,233.47,0.0,0.0,IDLE,,
1786036065.394,2026-08-07 00:07:45,MANUAL,False,-7.9262283,112.5948756,233.47,0.0,0.0,IDLE,,
1786036065.507,2026-08-07 00:07:45,MANUAL,False,-7.9262281,112.5948756,233.47,0.0,0.0,IDLE,,
1786036065.622,2026-08-07 00:07:45,MANUAL,False,-7.9262279,112.5948759,233.51,0.0,0.0,IDLE,,
1786036065.738,2026-08-07 00:07:45,MANUAL,False,-7.9262278,112.594876,233.5,0.0,0.0,IDLE,,
1786036065.852,2026-08-07 00:07:45,MANUAL,False,-7.9262276,112.594876,233.5,0.0,0.0,IDLE,,
1786036065.997,2026-08-07 00:07:45,MANUAL,False,-7.9262273,112.5948764,233.5,0.0,0.0,IDLE,,
1786036066.169,2026-08-07 00:07:46,MANUAL,False,-7.9262272,112.5948766,233.5,0.0,0.0,IDLE,,
1786036066.433,2026-08-07 00:07:46,MANUAL,False,-7.9262267,112.5948772,233.51,0.0,0.0,IDLE,,
1786036066.582,2026-08-07 00:07:46,MANUAL,False,-7.9262265,112.5948775,233.49,0.0,0.0,IDLE,,
1786036066.699,2026-08-07 00:07:46,MANUAL,False,-7.9262262,112.594878,233.48,0.0,0.0,IDLE,,
1786036066.808,2026-08-07 00:07:46,MANUAL,False,-7.926226,112.5948782,233.47,0.0,0.0,IDLE,,
1786036066.939,2026-08-07 00:07:46,MANUAL,False,-7.9262259,112.5948785,233.47,0.0,0.0,IDLE,,
1786036067.091,2026-08-07 00:07:47,MANUAL,False,-7.9262258,112.5948787,233.46,0.0,0.0,IDLE,,
1786036067.220,2026-08-07 00:07:47,MANUAL,False,-7.9262255,112.5948793,233.46,0.0,0.0,IDLE,,
1786036067.362,2026-08-07 00:07:47,MANUAL,False,-7.9262255,112.5948796,233.46,0.0,0.0,IDLE,,
1786036067.495,2026-08-07 00:07:47,MANUAL,False,-7.9262254,112.59488,233.48,0.0,0.0,IDLE,,
1786036067.635,2026-08-07 00:07:47,MANUAL,False,-7.9262254,112.594881,233.48,0.0,0.0,IDLE,,
1786036067.765,2026-08-07 00:07:47,MANUAL,False,-7.9262254,112.5948815,233.47,0.0,0.0,IDLE,,
1786036067.899,2026-08-07 00:07:47,MANUAL,False,-7.9262253,112.5948823,233.49,0.0,0.0,IDLE,,
1786036068.029,2026-08-07 00:07:48,MANUAL,False,-7.9262253,112.5948828,233.5,0.0,0.0,IDLE,,
1786036068.186,2026-08-07 00:07:48,MANUAL,False,-7.9262252,112.5948832,233.49,0.0,0.0,IDLE,,
1786036068.597,2026-08-07 00:07:48,MANUAL,False,-7.9262251,112.5948862,233.51,0.0,0.0,IDLE,,
