timestamp,iso_time,mode,armed,lat,lng,heading,sog_knots,battery_v,state,gate_x,error_px
1786035573.452,2026-08-06 23:59:33,MANUAL,True,-7.9262386,112.5948573,233.43,0.0,0.0,IDLE,,
1786035573.564,2026-08-06 23:59:33,MANUAL,True,-7.9262384,112.594857,233.43,0.0,0.0,IDLE,,
1786035573.681,2026-08-06 23:59:33,MANUAL,True,-7.9262384,112.5948569,233.43,0.0,0.0,IDLE,,
1786035573.795,2026-08-06 23:59:33,MANUAL,True,-7.9262382,112.5948567,233.44,0.0,0.0,IDLE,,
1786035573.913,2026-08-06 23:59:33,MANUAL,True,-7.9262381,112.5948566,233.43,0.0,0.0,IDLE,,
1786035574.037,2026-08-06 23:59:34,MANUAL,True,-7.9262378,112.5948562,233.44,0.0,0.0,IDLE,,
1786035574.149,2026-08-06 23:59:34,MANUAL,True,-7.9262377,112.5948561,233.44,0.0,0.0,IDLE,,
1786035574.267,2026-08-06 23:59:34,MANUAL,True,-7.9262376,112.5948559,233.44,0.0,0.0,IDLE,,
1786035574.391,2026-08-06 23:59:34,MANUAL,True,-7.9262375,112.5948558,233.44,0.0,0.0,IDLE,,
1786035574.506,2026-08-06 23:59:34,MANUAL,True,-7.9262373,112.5948556,233.45,0.0,0.0,IDLE,,
1786035574.620,2026-08-06 23:59:34,MANUAL,True,-7.9262371,112.5948553,233.45,0.0,0.0,IDLE,,
1786035574.736,2026-08-06 23:59:34,MANUAL,True,-7.926237,112.5948552,233.46,0.0,0.0,IDLE,,
1786035574.858,2026-08-06 23:59:34,MANUAL,True,-7.9262369,112.5948551,233.47,0.0,0.0,IDLE,,
1786035574.972,2026-08-06 23:59:34,MANUAL,True,-7.9262368,112.594855,233.46,0.0,0.0,IDLE,,
1786035575.087,2026-08-06 23:59:35,MANUAL,True,-7.9262367,112.5948549,233.45,0.0,0.0,IDLE,,
1786035575.200,2026-08-06 23:59:35,MANUAL,True,-7.9262366,112.5948548,233.45,0.0,0.0,IDLE,,
1786035575.364,2026-08-06 23:59:35,MANUAL,True,-7.9262365,112.5948544,233.46,0.0,0.0,IDLE,,
1786035575.483,2026-08-06 23:59:35,MANUAL,True,-7.9262364,112.5948543,233.45,0.0,0.0,IDLE,,
1786035575.600,2026-08-06 23:59:35,MANUAL,True,-7.9262363,112.5948541,233.46,0.0,0.0,IDLE,,
1786035575.728,2026-08-06 23:59:35,MANUAL,True,-7.9262362,112.5948539,233.44,0.0,0.0,IDLE,,
1786035575.852,2026-08-06 23:59:35,MANUAL,True,-7.9262361,112.5948538,233.43,0.0,0.0,IDLE,,
1786035575.976,2026-08-06 23:59:35,MANUAL,True,-7.926236,112.5948537,233.42,0.0,0.0,IDLE,,
1786035576.104,2026-08-06 23:59:36,MANUAL,True,-7.9262359,112.5948536,233.42,0.0,0.0,IDLE,,
1786035576.235,2026-08-06 23:59:36,MANUAL,True,-7.9262358,112.5948534,233.41,0.0,0.0,IDLE,,
1786035576.358,2026-08-06 23:59:36,MANUAL,True,-7.9262357,112.5948533,233.41,0.0,0.0,IDLE,,
1786035576.477,2026-08-06 23:59:36,MANUAL,True,-7.9262356,112.5948532,233.4,0.0,0.0,IDLE,,
1786035576.611,2026-08-06 23:59:36,MANUAL,True,-7.9262355,112.594853,233.4,0.0,0.0,IDLE,,
1786035576.846,2026-08-06 23:59:36,MANUAL,True,-7.9262352,112.5948527,233.39,0.0,0.0,IDLE,,
1786035577.052,2026-08-06 23:59:37,MANUAL,True,-7.9262351,112.5948525,233.39,0.0,0.0,IDLE,,
1786035577.265,2026-08-06 23:59:37,MANUAL,True,-7.9262349,112.5948522,233.36,0.0,0.0,IDLE,,
1786035577.420,2026-08-06 23:59:37,MANUAL,True,-7.9262348,112.594852,233.34,0.0,0.0,IDLE,,
1786035577.594,2026-08-06 23:59:37,MANUAL,True,-7.9262347,112.5948519,233.34,0.0,0.0,IDLE,,
1786035577.775,2026-08-06 23:59:37,MANUAL,True,-7.9262346,112.5948518,233.34,0.0,0.0,IDLE,,
1786035577.894,2026-08-06 23:59:37,MANUAL,True,-7.9262345,112.5948517,233.34,0.0,0.0,IDLE,,
1786035578.016,2026-08-06 23:59:38,MANUAL,True,-7.9262345,112.5948517,233.33,0.0,0.0,IDLE,,
1786035578.154,2026-08-06 23:59:38,MANUAL,True,-7.9262344,112.5948516,233.33,0.0,0.0,IDLE,,
1786035578.297,2026-08-06 23:59:38,MANUAL,True,-7.9262343,112.5948516,233.34,0.0,0.0,IDLE,289,-31
1786035578.418,2026-08-06 23:59:38,MANUAL,True,-7.9262343,112.5948516,233.32,0.0,0.0,IDLE,292,-28
1786035578.551,2026-08-06 23:59:38,MANUAL,True,-7.9262343,112.5948515,233.33,0.0,0.0,IDLE,287,-33
1786035578.670,2026-08-06 23:59:38,MANUAL,True,-7.9262342,112.5948513,233.31,0.0,0.0,IDLE,,
1786035578.787,2026-08-06 23:59:38,MANUAL,True,-7.9262341,112.5948511,233.31,0.0,0.0,IDLE,,
1786035578.913,2026-08-06 23:59:38,MANUAL,True,-7.926234,112.5948511,233.29,0.0,0.0,IDLE,,
1786035579.035,2026-08-06 23:59:39,MANUAL,True,-7.9262339,112.5948509,233.31,0.0,0.0,IDLE,,
1786035579.150,2026-08-06 23:59:39,MANUAL,True,-7.9262338,112.5948508,233.32,0.0,0.0,IDLE,,
1786035579.267,2026-08-06 23:59:39,MANUAL,True,-7.9262337,112.5948507,233.32,0.0,0.0,IDLE,,
1786035579.386,2026-08-06 23:59:39,MANUAL,True,-7.9262337,112.5948505,233.33,0.0,0.0,IDLE,,
1786035579.505,2026-08-06 23:59:39,MANUAL,True,-7.9262336,112.5948504,233.33,0.0,0.0,IDLE,,
1786035579.624,2026-08-06 23:59:39,MANUAL,True,-7.9262336,112.5948504,233.33,0.0,0.0,IDLE,,
1786035579.751,2026-08-06 23:59:39,MANUAL,True,-7.9262334,112.5948502,233.34,0.0,0.0,IDLE,,
1786035579.875,2026-08-06 23:59:39,MANUAL,True,-7.9262332,112.5948498,233.34,0.0,0.0,IDLE,,
1786035579.992,2026-08-06 23:59:39,MANUAL,True,-7.9262331,112.5948497,233.34,0.0,0.0,IDLE,,
1786035580.112,2026-08-06 23:59:40,MANUAL,True,-7.926233,112.5948496,233.35,0.0,0.0,IDLE,,
1786035580.237,2026-08-06 23:59:40,MANUAL,True,-7.9262329,112.5948495,233.36,0.0,0.0,IDLE,,
1786035580.353,2026-08-06 23:59:40,MANUAL,True,-7.9262328,112.5948494,233.35,0.0,0.0,IDLE,,
1786035580.470,2026-08-06 23:59:40,MANUAL,True,-7.9262327,112.5948491,233.34,0.0,0.0,IDLE,,
1786035580.589,2026-08-06 23:59:40,MANUAL,True,-7.9262327,112.5948491,233.34,0.0,0.0,IDLE,487,167
1786035580.721,2026-08-06 23:59:40,MANUAL,True,-7.9262326,112.5948489,233.35,0.0,0.0,IDLE,474,154
1786035580.844,2026-08-06 23:59:40,MANUAL,True,-7.9262325,112.5948488,233.33,0.0,0.0,IDLE,314,-6
1786035580.957,2026-08-06 23:59:40,MANUAL,True,-7.9262324,112.5948487,233.33,0.0,0.0,IDLE,311,-9
1786035581.080,2026-08-06 23:59:41,MANUAL,True,-7.9262322,112.5948484,233.34,0.0,0.0,IDLE,302,-18
1786035581.209,2026-08-06 23:59:41,MANUAL,True,-7.926232,112.5948483,233.34,0.0,0.0,IDLE,297,-23
1786035581.327,2026-08-06 23:59:41,MANUAL,True,-7.9262319,112.5948482,233.34,0.0,0.0,IDLE,294,-26
1786035581.448,2026-08-06 23:59:41,MANUAL,True,-7.9262318,112.5948481,233.33,0.0,0.0,IDLE,294,-26
1786035581.564,2026-08-06 23:59:41,MANUAL,True,-7.9262317,112.594848,233.34,0.0,0.0,IDLE,293,-27
1786035581.685,2026-08-06 23:59:41,MANUAL,True,-7.9262317,112.594848,233.34,0.0,0.0,IDLE,292,-28
1786035581.806,2026-08-06 23:59:41,MANUAL,True,-7.9262314,112.5948476,233.32,0.0,0.0,IDLE,286,-34
1786035581.922,2026-08-06 23:59:41,MANUAL,True,-7.9262313,112.5948475,233.33,0.0,0.0,IDLE,283,-37
1786035582.041,2026-08-06 23:59:42,MANUAL,True,-7.9262312,112.5948474,233.33,0.0,0.0,IDLE,286,-34
1786035582.160,2026-08-06 23:59:42,MANUAL,True,-7.9262311,112.5948473,233.32,0.0,0.0,IDLE,295,-25
1786035582.305,2026-08-06 23:59:42,MANUAL,True,-7.9262309,112.5948473,233.31,0.0,0.0,IDLE,304,-16
1786035582.430,2026-08-06 23:59:42,MANUAL,True,-7.9262308,112.5948473,233.3,0.0,0.0,IDLE,317,-3
1786035582.552,2026-08-06 23:59:42,MANUAL,True,-7.9262308,112.5948473,233.31,0.0,0.0,IDLE,323,3
1786035582.671,2026-08-06 23:59:42,MANUAL,True,-7.9262308,112.5948473,233.31,0.0,0.0,IDLE,330,10
1786035582.791,2026-08-06 23:59:42,MANUAL,True,-7.9262307,112.5948474,233.28,0.0,0.0,IDLE,337,17
1786035582.917,2026-08-06 23:59:42,MANUAL,True,-7.9262306,112.5948473,233.29,0.0,0.0,IDLE,342,22
1786035583.038,2026-08-06 23:59:43,MANUAL,True,-7.9262305,112.5948472,233.27,0.0,0.0,IDLE,353,33
1786035583.177,2026-08-06 23:59:43,MANUAL,True,-7.9262305,112.5948472,233.27,0.0,0.0,IDLE,365,45
1786035583.295,2026-08-06 23:59:43,MANUAL,True,-7.9262304,112.5948471,233.28,0.0,0.0,IDLE,378,58
1786035583.410,2026-08-06 23:59:43,MANUAL,True,-7.9262303,112.594847,233.27,0.0,0.0,IDLE,388,68
1786035583.534,2026-08-06 23:59:43,MANUAL,True,-7.9262301,112.594847,233.26,0.0,0.0,IDLE,395,75
1786035583.656,2026-08-06 23:59:43,MANUAL,True,-7.9262301,112.594847,233.26,0.0,0.0,IDLE,403,83
1786035583.776,2026-08-06 23:59:43,MANUAL,True,-7.9262299,112.594847,233.24,0.0,0.0,IDLE,406,86
1786035583.901,2026-08-06 23:59:43,MANUAL,True,-7.9262298,112.594847,233.23,0.0,0.0,IDLE,410,90
1786035584.022,2026-08-06 23:59:44,MANUAL,True,-7.9262297,112.594847,233.25,0.0,0.0,IDLE,410,90
1786035584.151,2026-08-06 23:59:44,MANUAL,True,-7.9262296,112.594847,233.25,0.0,0.0,IDLE,403,83
1786035584.271,2026-08-06 23:59:44,MANUAL,True,-7.9262295,112.5948469,233.25,0.0,0.0,IDLE,387,67
1786035584.395,2026-08-06 23:59:44,MANUAL,True,-7.9262295,112.5948469,233.25,0.0,0.0,IDLE,368,48
1786035584.515,2026-08-06 23:59:44,MANUAL,True,-7.9262295,112.5948469,233.24,0.0,0.0,IDLE,350,30
1786035584.641,2026-08-06 23:59:44,MANUAL,True,-7.9262294,112.5948467,233.22,0.0,0.0,IDLE,342,22
1786035584.754,2026-08-06 23:59:44,MANUAL,True,-7.9262293,112.5948466,233.22,0.0,0.0,IDLE,331,11
1786035584.876,2026-08-06 23:59:44,MANUAL,True,-7.9262292,112.5948466,233.2,0.0,0.0,IDLE,320,0
1786035584.998,2026-08-06 23:59:44,MANUAL,True,-7.9262292,112.5948465,233.19,0.0,0.0,IDLE,308,-12
1786035585.124,2026-08-06 23:59:45,MANUAL,True,-7.9262291,112.5948464,233.19,0.0,0.0,IDLE,294,-26
1786035585.250,2026-08-06 23:59:45,MANUAL,True,-7.9262291,112.5948464,233.19,0.0,0.0,IDLE,283,-37
1786035585.373,2026-08-06 23:59:45,MANUAL,True,-7.926229,112.5948464,233.19,0.0,0.0,IDLE,279,-41
1786035585.494,2026-08-06 23:59:45,MANUAL,True,-7.926229,112.5948463,233.19,0.0,0.0,IDLE,271,-49
1786035585.613,2026-08-06 23:59:45,MANUAL,True,-7.9262289,112.5948463,233.17,0.0,0.0,IDLE,264,-56
1786035585.739,2026-08-06 23:59:45,MANUAL,True,-7.9262289,112.5948463,233.17,0.0,0.0,IDLE,257,-63
1786035585.856,2026-08-06 23:59:45,MANUAL,True,-7.9262289,112.5948462,233.16,0.0,0.0,IDLE,253,-67
1786035585.973,2026-08-06 23:59:45,MANUAL,True,-7.9262288,112.5948462,233.16,0.0,0.0,IDLE,248,-72
1786035586.098,2026-08-06 23:59:46,MANUAL,True,-7.9262288,112.5948461,233.16,0.0,0.0,IDLE,246,-74
1786035586.220,2026-08-06 23:59:46,MANUAL,True,-7.9262287,112.594846,233.16,0.0,0.0,IDLE,241,-79
1786035586.342,2026-08-06 23:59:46,MANUAL,True,-7.9262287,112.5948459,233.15,0.0,0.0,IDLE,240,-80
1786035586.468,2026-08-06 23:59:46,MANUAL,True,-7.9262286,112.5948458,233.14,0.0,0.0,IDLE,248,-72
1786035586.587,2026-08-06 23:59:46,MANUAL,True,-7.9262286,112.5948457,233.14,0.0,0.0,IDLE,263,-57
1786035586.704,2026-08-06 23:59:46,MANUAL,True,-7.9262285,112.5948456,233.13,0.0,0.0,IDLE,272,-48
1786035586.821,2026-08-06 23:59:46,MANUAL,True,-7.9262283,112.594845,233.15,0.0,0.0,IDLE,293,-27
1786035586.944,2026-08-06 23:59:46,MANUAL,True,-7.9262282,112.5948447,233.14,0.0,0.0,IDLE,313,-7
1786035587.063,2026-08-06 23:59:47,MANUAL,True,-7.9262281,112.5948444,233.12,0.0,0.0,IDLE,329,9
1786035587.188,2026-08-06 23:59:47,MANUAL,True,-7.926228,112.5948443,233.14,0.0,0.0,IDLE,340,20
1786035587.311,2026-08-06 23:59:47,MANUAL,True,-7.9262279,112.5948441,233.12,0.0,0.0,IDLE,347,27
1786035587.426,2026-08-06 23:59:47,MANUAL,True,-7.9262278,112.5948438,233.1,0.0,0.0,IDLE,351,31
1786035587.546,2026-08-06 23:59:47,MANUAL,True,-7.9262277,112.5948436,233.11,0.0,0.0,IDLE,355,35
1786035587.667,2026-08-06 23:59:47,MANUAL,True,-7.9262276,112.5948435,233.09,0.0,0.0,IDLE,357,37
1786035587.791,2026-08-06 23:59:47,MANUAL,True,-7.9262276,112.5948434,233.1,0.0,0.0,IDLE,358,38
1786035587.936,2026-08-06 23:59:47,MANUAL,True,-7.9262275,112.5948432,233.12,0.0,0.0,IDLE,,
1786035588.078,2026-08-06 23:59:48,MANUAL,True,-7.9262275,112.5948431,233.12,0.0,0.0,IDLE,,
1786035588.223,2026-08-06 23:59:48,MANUAL,True,-7.9262274,112.594843,233.13,0.0,0.0,IDLE,,
1786035588.407,2026-08-06 23:59:48,MANUAL,True,-7.9262274,112.5948429,233.13,0.0,0.0,IDLE,,
1786035588.561,2026-08-06 23:59:48,MANUAL,True,-7.9262273,112.594843,233.13,0.0,0.0,IDLE,,
1786035588.681,2026-08-06 23:59:48,MANUAL,True,-7.9262273,112.594843,233.12,0.0,0.0,IDLE,,
1786035588.808,2026-08-06 23:59:48,MANUAL,True,-7.9262272,112.5948431,233.14,0.0,0.0,IDLE,,
1786035588.931,2026-08-06 23:59:48,MANUAL,True,-7.9262272,112.5948432,233.11,0.0,0.0,IDLE,,
1786035589.047,2026-08-06 23:59:49,MANUAL,True,-7.9262271,112.5948433,233.12,0.0,0.0,IDLE,,
1786035589.164,2026-08-06 23:59:49,MANUAL,True,-7.9262271,112.5948433,233.11,0.0,0.0,IDLE,,
1786035589.291,2026-08-06 23:59:49,MANUAL,True,-7.926227,112.5948433,233.11,0.0,0.0,IDLE,,
1786035589.412,2026-08-06 23:59:49,MANUAL,True,-7.926227,112.5948434,233.1,0.0,0.0,IDLE,,
1786035589.553,2026-08-06 23:59:49,MANUAL,True,-7.9262269,112.5948433,233.1,0.0,0.0,IDLE,,
1786035589.687,2026-08-06 23:59:49,MANUAL,True,-7.9262268,112.5948433,233.1,0.0,0.0,IDLE,,
1786035589.810,2026-08-06 23:59:49,MANUAL,True,-7.9262268,112.5948433,233.09,0.0,0.0,IDLE,,
1786035589.932,2026-08-06 23:59:49,MANUAL,True,-7.9262268,112.5948435,233.07,0.0,0.0,IDLE,539,219
1786035590.047,2026-08-06 23:59:50,MANUAL,True,-7.9262268,112.5948436,233.08,0.0,0.0,IDLE,,
1786035590.185,2026-08-06 23:59:50,MANUAL,True,-7.9262268,112.5948438,233.06,0.0,0.0,IDLE,,
1786035590.311,2026-08-06 23:59:50,MANUAL,True,-7.9262268,112.5948439,233.08,0.0,0.0,IDLE,,
1786035590.438,2026-08-06 23:59:50,MANUAL,True,-7.9262268,112.5948442,233.07,0.0,0.0,IDLE,539,219
1786035590.573,2026-08-06 23:59:50,MANUAL,True,-7.9262268,112.5948445,233.06,0.0,0.0,IDLE,,
1786035590.715,2026-08-06 23:59:50,MANUAL,True,-7.9262268,112.5948447,233.04,0.0,0.0,IDLE,536,216
1786035590.850,2026-08-06 23:59:50,MANUAL,True,-7.9262268,112.5948447,233.06,0.0,0.0,IDLE,534,214
1786035590.964,2026-08-06 23:59:50,MANUAL,True,-7.9262268,112.5948448,233.04,0.0,0.0,IDLE,534,214
1786035591.118,2026-08-06 23:59:51,MANUAL,True,-7.9262268,112.5948449,233.05,0.0,0.0,IDLE,532,212
1786035591.263,2026-08-06 23:59:51,MANUAL,True,-7.9262268,112.5948449,233.03,0.0,0.0,IDLE,523,203
1786035591.388,2026-08-06 23:59:51,MANUAL,True,-7.9262268,112.5948449,233.04,0.0,0.0,IDLE,,
1786035591.514,2026-08-06 23:59:51,MANUAL,True,-7.9262268,112.5948449,233.04,0.0,0.0,IDLE,,
1786035591.637,2026-08-06 23:59:51,MANUAL,True,-7.9262269,112.594845,233.08,0.0,0.0,IDLE,,
1786035591.782,2026-08-06 23:59:51,MANUAL,True,-7.926227,112.5948451,233.07,0.0,0.0,IDLE,528,208
1786035591.916,2026-08-06 23:59:51,MANUAL,True,-7.9262271,112.5948453,233.07,0.0,0.0,IDLE,,
1786035592.034,2026-08-06 23:59:52,MANUAL,True,-7.9262273,112.5948456,233.07,0.0,0.0,IDLE,,
1786035592.169,2026-08-06 23:59:52,MANUAL,True,-7.9262273,112.5948456,233.07,0.0,0.0,IDLE,,
1786035592.292,2026-08-06 23:59:52,MANUAL,True,-7.9262274,112.5948457,233.07,0.0,0.0,IDLE,,
1786035592.405,2026-08-06 23:59:52,MANUAL,True,-7.9262275,112.5948458,233.06,0.0,0.0,IDLE,,
1786035592.520,2026-08-06 23:59:52,MANUAL,True,-7.9262276,112.5948459,233.06,0.0,0.0,IDLE,,
1786035592.635,2026-08-06 23:59:52,MANUAL,True,-7.9262277,112.594846,233.07,0.0,0.0,IDLE,,
1786035592.753,2026-08-06 23:59:52,MANUAL,True,-7.9262277,112.594846,233.05,0.0,0.0,IDLE,,
1786035592.872,2026-08-06 23:59:52,MANUAL,True,-7.9262278,112.5948461,233.05,0.0,0.0,IDLE,,
1786035592.992,2026-08-06 23:59:52,MANUAL,True,-7.9262279,112.5948461,233.05,0.0,0.0,IDLE,,
1786035593.109,2026-08-06 23:59:53,MANUAL,True,-7.926228,112.5948462,233.04,0.0,0.0,IDLE,,
1786035593.229,2026-08-06 23:59:53,MANUAL,True,-7.9262282,112.5948464,233.05,0.0,0.0,IDLE,,
1786035593.360,2026-08-06 23:59:53,MANUAL,True,-7.9262283,112.5948464,233.04,0.0,0.0,IDLE,,
1786035593.476,2026-08-06 23:59:53,MANUAL,True,-7.9262283,112.5948464,233.03,0.0,0.0,IDLE,,
1786035593.600,2026-08-06 23:59:53,MANUAL,True,-7.9262283,112.5948464,233.03,0.0,0.0,IDLE,,
1786035593.720,2026-08-06 23:59:53,MANUAL,True,-7.9262283,112.5948464,233.03,0.0,0.0,IDLE,,
1786035593.840,2026-08-06 23:59:53,MANUAL,True,-7.9262286,112.5948463,232.99,0.0,0.0,IDLE,,
1786035593.958,2026-08-06 23:59:53,MANUAL,True,-7.9262287,112.5948463,232.98,0.0,0.0,IDLE,,
1786035594.078,2026-08-06 23:59:54,MANUAL,True,-7.9262288,112.5948464,232.98,0.0,0.0,IDLE,,
1786035594.198,2026-08-06 23:59:54,MANUAL,True,-7.9262289,112.5948463,232.98,0.0,0.0,IDLE,,
1786035594.319,2026-08-06 23:59:54,MANUAL,True,-7.926229,112.5948463,232.98,0.0,0.0,IDLE,,
1786035594.436,2026-08-06 23:59:54,MANUAL,True,-7.9262291,112.5948462,232.98,0.0,0.0,IDLE,,
1786035594.558,2026-08-06 23:59:54,MANUAL,True,-7.9262291,112.5948462,232.98,0.0,0.0,IDLE,,
1786035594.682,2026-08-06 23:59:54,MANUAL,True,-7.9262292,112.5948462,232.97,0.0,0.0,IDLE,,
1786035594.801,2026-08-06 23:59:54,MANUAL,True,-7.9262293,112.5948461,232.96,0.0,0.0,IDLE,,
1786035594.923,2026-08-06 23:59:54,MANUAL,True,-7.9262294,112.5948461,232.95,0.0,0.0,IDLE,,
1786035595.052,2026-08-06 23:59:55,MANUAL,True,-7.9262295,112.594846,232.95,0.0,0.0,IDLE,,
1786035595.175,2026-08-06 23:59:55,MANUAL,True,-7.9262296,112.5948458,232.94,0.0,0.0,IDLE,,
1786035595.297,2026-08-06 23:59:55,MANUAL,True,-7.9262297,112.5948457,232.93,0.0,0.0,IDLE,,
1786035595.420,2026-08-06 23:59:55,MANUAL,True,-7.9262297,112.5948455,232.92,0.0,0.0,IDLE,,
1786035595.541,2026-08-06 23:59:55,MANUAL,True,-7.9262297,112.5948454,232.92,0.0,0.0,IDLE,,
1786035595.657,2026-08-06 23:59:55,MANUAL,True,-7.9262297,112.5948454,232.92,0.0,0.0,IDLE,,
1786035595.780,2026-08-06 23:59:55,MANUAL,True,-7.9262297,112.5948449,232.93,0.0,0.0,IDLE,,
1786035595.907,2026-08-06 23:59:55,MANUAL,True,-7.9262298,112.5948447,232.92,0.0,0.0,IDLE,,
1786035596.023,2026-08-06 23:59:56,MANUAL,True,-7.9262298,112.5948446,232.93,0.0,0.0,IDLE,,
1786035596.144,2026-08-06 23:59:56,MANUAL,True,-7.9262299,112.5948446,232.93,0.0,0.0,IDLE,,
1786035596.268,2026-08-06 23:59:56,MANUAL,True,-7.9262299,112.5948445,232.93,0.0,0.0,IDLE,,
1786035596.389,2026-08-06 23:59:56,MANUAL,True,-7.92623,112.5948444,232.94,0.0,0.0,IDLE,,
1786035596.517,2026-08-06 23:59:56,MANUAL,True,-7.9262301,112.5948443,232.93,0.0,0.0,IDLE,,
1786035596.635,2026-08-06 23:59:56,MANUAL,True,-7.9262301,112.5948443,232.93,0.0,0.0,IDLE,,
1786035596.755,2026-08-06 23:59:56,MANUAL,True,-7.9262301,112.594844,232.94,0.0,0.0,IDLE,,
1786035596.887,2026-08-06 23:59:56,MANUAL,True,-7.9262301,112.5948439,232.94,0.0,0.0,IDLE,,
1786035597.003,2026-08-06 23:59:57,MANUAL,True,-7.9262299,112.5948435,232.94,0.0,0.0,IDLE,,
1786035597.127,2026-08-06 23:59:57,MANUAL,True,-7.9262299,112.5948434,232.95,0.0,0.0,IDLE,,
1786035597.251,2026-08-06 23:59:57,MANUAL,True,-7.9262298,112.5948433,232.95,0.0,0.0,IDLE,,
1786035597.409,2026-08-06 23:59:57,MANUAL,True,-7.9262298,112.5948431,232.96,0.0,0.0,IDLE,,
1786035597.591,2026-08-06 23:59:57,MANUAL,True,-7.9262298,112.594843,232.96,0.0,0.0,IDLE,,
1786035597.747,2026-08-06 23:59:57,MANUAL,True,-7.9262298,112.5948429,232.96,0.0,0.0,IDLE,,
1786035597.866,2026-08-06 23:59:57,MANUAL,True,-7.9262297,112.5948429,232.96,0.0,0.0,IDLE,,
1786035597.983,2026-08-06 23:59:57,MANUAL,True,-7.9262297,112.5948429,232.96,0.0,0.0,IDLE,,
1786035598.109,2026-08-06 23:59:58,MANUAL,True,-7.9262298,112.5948429,232.97,0.0,0.0,IDLE,,
1786035598.232,2026-08-06 23:59:58,MANUAL,True,-7.92623,112.594843,232.97,0.0,0.0,IDLE,,
1786035598.350,2026-08-06 23:59:58,MANUAL,True,-7.92623,112.594843,232.96,0.0,0.0,IDLE,,
1786035598.497,2026-08-06 23:59:58,MANUAL,True,-7.9262301,112.5948431,232.97,0.0,0.0,IDLE,,
1786035598.613,2026-08-06 23:59:58,MANUAL,True,-7.9262302,112.5948431,232.96,0.0,0.0,IDLE,,
1786035598.731,2026-08-06 23:59:58,MANUAL,True,-7.9262304,112.5948431,232.94,0.0,0.0,IDLE,,
1786035598.846,2026-08-06 23:59:58,MANUAL,True,-7.9262305,112.5948431,232.93,0.0,0.0,IDLE,,
1786035599.051,2026-08-06 23:59:59,MANUAL,True,-7.9262307,112.5948431,232.93,0.0,0.0,IDLE,,
1786035599.176,2026-08-06 23:59:59,MANUAL,True,-7.9262307,112.5948431,232.92,0.0,0.0,IDLE,,
1786035599.294,2026-08-06 23:59:59,MANUAL,True,-7.9262308,112.5948431,232.92,0.0,0.0,IDLE,,
1786035599.416,2026-08-06 23:59:59,MANUAL,True,-7.9262309,112.5948432,232.92,0.0,0.0,IDLE,,
1786035599.576,2026-08-06 23:59:59,MANUAL,True,-7.9262309,112.5948433,232.92,0.0,0.0,IDLE,,
1786035599.747,2026-08-06 23:59:59,MANUAL,True,-7.926231,112.5948434,232.93,0.0,0.0,IDLE,,
1786035599.882,2026-08-06 23:59:59,MANUAL,True,-7.9262311,112.5948435,232.93,0.0,0.0,IDLE,,
1786035600.001,2026-08-07 00:00:00,MANUAL,True,-7.9262313,112.5948436,232.92,0.0,0.0,IDLE,,
1786035600.124,2026-08-07 00:00:00,MANUAL,True,-7.9262314,112.5948438,232.92,0.0,0.0,IDLE,,
1786035600.249,2026-08-07 00:00:00,MANUAL,True,-7.9262314,112.5948439,232.92,0.0,0.0,IDLE,,
1786035600.426,2026-08-07 00:00:00,MANUAL,True,-7.9262314,112.5948441,232.91,0.0,0.0,IDLE,,
1786035600.547,2026-08-07 00:00:00,MANUAL,True,-7.9262314,112.5948441,232.91,0.0,0.0,IDLE,,
1786035600.673,2026-08-07 00:00:00,MANUAL,True,-7.9262315,112.5948444,232.9,0.0,0.0,IDLE,,
1786035600.798,2026-08-07 00:00:00,MANUAL,True,-7.9262316,112.5948446,232.89,0.0,0.0,IDLE,,
1786035600.916,2026-08-07 00:00:00,MANUAL,True,-7.9262317,112.594845,232.88,0.0,0.0,IDLE,,
1786035601.035,2026-08-07 00:00:01,MANUAL,True,-7.9262317,112.5948451,232.89,0.0,0.0,IDLE,,
1786035601.170,2026-08-07 00:00:01,MANUAL,True,-7.9262317,112.5948452,232.89,0.0,0.0,IDLE,,
1786035601.301,2026-08-07 00:00:01,MANUAL,True,-7.9262317,112.5948453,232.89,0.0,0.0,IDLE,,
1786035601.427,2026-08-07 00:00:01,MANUAL,True,-7.9262317,112.5948455,232.9,0.0,0.0,IDLE,,
1786035601.593,2026-08-07 00:00:01,MANUAL,True,-7.9262317,112.5948456,232.93,0.0,0.0,IDLE,,
1786035602.095,2026-08-07 00:00:02,MANUAL,True,-7.9262318,112.594846,232.94,0.0,0.0,IDLE,,
1786035602.384,2026-08-07 00:00:02,MANUAL,True,-7.9262319,112.5948465,232.92,0.0,0.0,IDLE,,
1786035602.500,2026-08-07 00:00:02,MANUAL,True,-7.9262319,112.5948465,232.93,0.0,0.0,IDLE,,
1786035602.619,2026-08-07 00:00:02,MANUAL,True,-7.926232,112.5948468,232.93,0.0,0.0,IDLE,,
1786035602.739,2026-08-07 00:00:02,MANUAL,True,-7.9262321,112.5948469,232.93,0.0,0.0,IDLE,,
1786035602.851,2026-08-07 00:00:02,MANUAL,True,-7.9262322,112.5948471,232.93,0.0,0.0,IDLE,,
1786035602.965,2026-08-07 00:00:02,MANUAL,True,-7.9262323,112.5948472,232.91,0.0,0.0,IDLE,,
1786035603.106,2026-08-07 00:00:03,MANUAL,True,-7.9262324,112.5948473,232.91,0.0,0.0,IDLE,,
1786035603.252,2026-08-07 00:00:03,MANUAL,True,-7.9262324,112.5948475,232.91,0.0,0.0,IDLE,,
1786035603.386,2026-08-07 00:00:03,MANUAL,True,-7.9262325,112.5948476,232.92,0.0,0.0,IDLE,,
1786035603.586,2026-08-07 00:00:03,MANUAL,True,-7.9262325,112.5948478,232.92,0.0,0.0,IDLE,,
1786035603.728,2026-08-07 00:00:03,MANUAL,True,-7.9262324,112.5948477,232.92,0.0,0.0,IDLE,,
1786035603.916,2026-08-07 00:00:03,MANUAL,True,-7.9262324,112.5948475,232.92,0.0,0.0,IDLE,,
1786035604.041,2026-08-07 00:00:04,MANUAL,True,-7.9262322,112.5948473,232.92,0.0,0.0,IDLE,,
1786035604.173,2026-08-07 00:00:04,MANUAL,True,-7.9262322,112.5948472,232.92,0.0,0.0,IDLE,,
1786035604.310,2026-08-07 00:00:04,MANUAL,True,-7.9262321,112.594847,232.92,0.0,0.0,IDLE,,
1786035604.425,2026-08-07 00:00:04,MANUAL,True,-7.926232,112.5948468,232.92,0.0,0.0,IDLE,,
1786035604.544,2026-08-07 00:00:04,MANUAL,True,-7.9262319,112.5948466,232.92,0.0,0.0,IDLE,,
1786035604.666,2026-08-07 00:00:04,MANUAL,True,-7.9262319,112.5948465,232.91,0.0,0.0,IDLE,,
1786035604.784,2026-08-07 00:00:04,MANUAL,True,-7.9262319,112.5948463,232.92,0.0,0.0,IDLE,,
1786035604.901,2026-08-07 00:00:04,MANUAL,True,-7.9262318,112.5948461,232.92,0.0,0.0,IDLE,,
1786035605.020,2026-08-07 00:00:05,MANUAL,True,-7.9262318,112.5948456,232.91,0.0,0.0,IDLE,,
1786035605.143,2026-08-07 00:00:05,MANUAL,True,-7.9262317,112.5948456,232.9,0.0,0.0,IDLE,,
1786035605.271,2026-08-07 00:00:05,MANUAL,True,-7.9262317,112.5948454,232.9,0.0,0.0,IDLE,,
1786035605.391,2026-08-07 00:00:05,MANUAL,True,-7.9262316,112.5948452,232.9,0.0,0.0,IDLE,,
1786035605.511,2026-08-07 00:00:05,MANUAL,True,-7.9262316,112.5948451,232.89,0.0,0.0,IDLE,,
1786035605.629,2026-08-07 00:00:05,MANUAL,True,-7.9262315,112.5948447,232.91,0.0,0.0,IDLE,,
1786035605.751,2026-08-07 00:00:05,MANUAL,True,-7.9262314,112.5948445,232.91,0.0,0.0,IDLE,,
1786035605.874,2026-08-07 00:00:05,MANUAL,True,-7.9262314,112.5948444,232.92,0.0,0.0,IDLE,,
1786035605.995,2026-08-07 00:00:05,MANUAL,True,-7.9262314,112.5948442,232.91,0.0,0.0,IDLE,,
1786035606.115,2026-08-07 00:00:06,MANUAL,True,-7.9262313,112.5948437,232.91,0.0,0.0,IDLE,,
1786035606.233,2026-08-07 00:00:06,MANUAL,True,-7.9262313,112.5948435,232.91,0.0,0.0,IDLE,,
1786035606.343,2026-08-07 00:00:06,MANUAL,True,-7.9262312,112.5948432,232.9,0.0,0.0,IDLE,,
1786035606.458,2026-08-07 00:00:06,MANUAL,True,-7.9262312,112.594843,232.91,0.0,0.0,IDLE,,
1786035606.591,2026-08-07 00:00:06,MANUAL,True,-7.9262311,112.5948426,232.92,0.0,0.0,IDLE,,
1786035606.708,2026-08-07 00:00:06,MANUAL,True,-7.926231,112.5948425,232.93,0.0,0.0,IDLE,,
1786035606.820,2026-08-07 00:00:06,MANUAL,True,-7.9262308,112.5948419,232.93,0.0,0.0,IDLE,,
1786035606.931,2026-08-07 00:00:06,MANUAL,True,-7.9262307,112.5948416,232.92,0.0,0.0,IDLE,,
1786035607.046,2026-08-07 00:00:07,MANUAL,True,-7.9262306,112.5948413,232.91,0.0,0.0,IDLE,,
1786035607.158,2026-08-07 00:00:07,MANUAL,True,-7.9262305,112.594841,232.91,0.0,0.0,IDLE,,
1786035607.277,2026-08-07 00:00:07,MANUAL,True,-7.9262304,112.5948407,232.91,0.0,0.0,IDLE,,
1786035607.392,2026-08-07 00:00:07,MANUAL,True,-7.9262303,112.5948403,232.91,0.0,0.0,IDLE,,
1786035607.511,2026-08-07 00:00:07,MANUAL,True,-7.9262302,112.5948399,232.92,0.0,0.0,IDLE,,
1786035607.632,2026-08-07 00:00:07,MANUAL,True,-7.9262301,112.5948393,232.9,0.0,0.0,IDLE,,
1786035607.751,2026-08-07 00:00:07,MANUAL,True,-7.92623,112.5948391,232.89,0.0,0.0,IDLE,,
1786035607.871,2026-08-07 00:00:07,MANUAL,True,-7.92623,112.5948388,232.89,0.0,0.0,IDLE,,
1786035607.986,2026-08-07 00:00:07,MANUAL,True,-7.9262299,112.5948386,232.9,0.0,0.0,IDLE,,
1786035608.100,2026-08-07 00:00:08,MANUAL,True,-7.9262298,112.5948384,232.91,0.0,0.0,IDLE,,
1786035608.218,2026-08-07 00:00:08,MANUAL,True,-7.9262296,112.594838,232.93,0.0,0.0,IDLE,,
1786035608.366,2026-08-07 00:00:08,MANUAL,True,-7.9262295,112.5948378,232.93,0.0,0.0,IDLE,,
1786035608.484,2026-08-07 00:00:08,MANUAL,True,-7.9262294,112.5948377,232.95,0.0,0.0,IDLE,,
1786035608.603,2026-08-07 00:00:08,MANUAL,True,-7.9262293,112.5948375,232.96,0.0,0.0,IDLE,,
1786035608.754,2026-08-07 00:00:08,MANUAL,True,-7.9262292,112.5948373,232.96,0.0,0.0,IDLE,,
1786035608.891,2026-08-07 00:00:08,MANUAL,True,-7.9262292,112.5948372,232.96,0.0,0.0,IDLE,,
1786035609.010,2026-08-07 00:00:09,MANUAL,True,-7.9262291,112.5948372,232.96,0.0,0.0,IDLE,,
1786035609.138,2026-08-07 00:00:09,MANUAL,True,-7.9262291,112.5948371,232.96,0.0,0.0,IDLE,,
1786035609.260,2026-08-07 00:00:09,MANUAL,True,-7.926229,112.594837,232.94,0.0,0.0,IDLE,,
1786035609.380,2026-08-07 00:00:09,MANUAL,True,-7.926229,112.594837,232.94,0.0,0.0,IDLE,,
1786035609.498,2026-08-07 00:00:09,MANUAL,True,-7.9262289,112.594837,232.93,0.0,0.0,IDLE,,
1786035609.614,2026-08-07 00:00:09,MANUAL,True,-7.9262289,112.594837,232.93,0.0,0.0,IDLE,,
1786035609.740,2026-08-07 00:00:09,MANUAL,True,-7.9262288,112.594837,232.92,0.0,0.0,IDLE,,
1786035609.859,2026-08-07 00:00:09,MANUAL,True,-7.9262288,112.5948371,232.94,0.0,0.0,IDLE,,
1786035609.992,2026-08-07 00:00:09,MANUAL,True,-7.9262287,112.5948371,232.94,0.0,0.0,IDLE,,
1786035610.116,2026-08-07 00:00:10,MANUAL,True,-7.9262287,112.5948372,232.93,0.0,0.0,IDLE,,
1786035610.232,2026-08-07 00:00:10,MANUAL,True,-7.9262286,112.5948372,232.93,0.0,0.0,IDLE,,
1786035610.373,2026-08-07 00:00:10,MANUAL,True,-7.9262286,112.5948373,232.93,0.0,0.0,IDLE,,
1786035610.509,2026-08-07 00:00:10,MANUAL,True,-7.9262285,112.5948374,232.93,0.0,0.0,IDLE,,
1786035610.636,2026-08-07 00:00:10,MANUAL,True,-7.9262285,112.5948374,232.93,0.0,0.0,IDLE,,
1786035610.783,2026-08-07 00:00:10,MANUAL,True,-7.9262282,112.5948372,232.92,0.0,0.0,IDLE,,
1786035610.903,2026-08-07 00:00:10,MANUAL,True,-7.926228,112.594837,232.92,0.0,0.0,IDLE,,
1786035611.027,2026-08-07 00:00:11,MANUAL,True,-7.9262278,112.5948367,232.95,0.0,0.0,IDLE,,
1786035611.149,2026-08-07 00:00:11,MANUAL,True,-7.9262276,112.5948363,232.94,0.0,0.0,IDLE,,
1786035611.261,2026-08-07 00:00:11,MANUAL,True,-7.9262274,112.5948359,232.94,0.0,0.0,IDLE,,
1786035611.384,2026-08-07 00:00:11,MANUAL,True,-7.9262269,112.594835,232.96,0.0,0.0,IDLE,,
1786035611.503,2026-08-07 00:00:11,MANUAL,True,-7.9262267,112.5948346,232.95,0.0,0.0,IDLE,,
1786035611.630,2026-08-07 00:00:11,MANUAL,True,-7.9262267,112.5948346,232.95,0.0,0.0,IDLE,,
1786035611.839,2026-08-07 00:00:11,MANUAL,True,-7.926226,112.5948335,232.93,0.0,0.0,IDLE,,
1786035612.328,2026-08-07 00:00:12,MANUAL,True,-7.9262252,112.5948322,232.95,0.0,0.0,IDLE,,
1786035612.513,2026-08-07 00:00:12,MANUAL,True,-7.9262249,112.5948318,232.95,0.0,0.0,IDLE,,
1786035612.642,2026-08-07 00:00:12,MANUAL,True,-7.9262248,112.5948316,232.94,0.0,0.0,IDLE,,
1786035612.752,2026-08-07 00:00:12,MANUAL,True,-7.9262246,112.5948314,232.94,0.0,0.0,IDLE,,
1786035612.874,2026-08-07 00:00:12,MANUAL,True,-7.9262245,112.5948313,232.96,0.0,0.0,IDLE,,
1786035613.008,2026-08-07 00:00:13,MANUAL,True,-7.9262242,112.594831,232.93,0.0,0.0,IDLE,,
1786035613.128,2026-08-07 00:00:13,MANUAL,True,-7.9262241,112.5948309,232.93,0.0,0.0,IDLE,,
1786035613.245,2026-08-07 00:00:13,MANUAL,True,-7.9262239,112.5948308,232.93,0.0,0.0,IDLE,,
1786035613.359,2026-08-07 00:00:13,MANUAL,True,-7.9262238,112.5948308,232.93,0.0,0.0,IDLE,,
1786035613.475,2026-08-07 00:00:13,MANUAL,True,-7.9262238,112.5948308,232.91,0.0,0.0,IDLE,,
1786035613.593,2026-08-07 00:00:13,MANUAL,True,-7.9262237,112.5948309,232.94,0.0,0.0,IDLE,,
1786035613.721,2026-08-07 00:00:13,MANUAL,True,-7.9262236,112.5948311,232.93,0.0,0.0,IDLE,,
1786035613.841,2026-08-07 00:00:13,MANUAL,True,-7.9262236,112.5948312,232.93,0.0,0.0,IDLE,,
1786035613.970,2026-08-07 00:00:13,MANUAL,True,-7.9262235,112.5948314,232.94,0.0,0.0,IDLE,,
1786035614.081,2026-08-07 00:00:14,MANUAL,True,-7.9262235,112.5948316,232.93,0.0,0.0,IDLE,,
1786035614.203,2026-08-07 00:00:14,MANUAL,True,-7.9262234,112.5948321,232.91,0.0,0.0,IDLE,,
1786035614.325,2026-08-07 00:00:14,MANUAL,True,-7.9262234,112.5948324,232.92,0.0,0.0,IDLE,,
1786035614.444,2026-08-07 00:00:14,MANUAL,True,-7.9262234,112.5948326,232.9,0.0,0.0,IDLE,,
1786035614.560,2026-08-07 00:00:14,MANUAL,True,-7.9262234,112.594833,232.9,0.0,0.0,IDLE,,
1786035614.693,2026-08-07 00:00:14,MANUAL,True,-7.9262235,112.5948335,232.91,0.0,0.0,IDLE,,
1786035614.808,2026-08-07 00:00:14,MANUAL,True,-7.9262235,112.5948338,232.9,0.0,0.0,IDLE,,
1786035614.927,2026-08-07 00:00:14,MANUAL,True,-7.9262235,112.5948342,232.88,0.0,0.0,IDLE,,
1786035615.046,2026-08-07 00:00:15,MANUAL,True,-7.9262235,112.5948345,232.89,0.0,0.0,IDLE,,
1786035615.251,2026-08-07 00:00:15,MANUAL,True,-7.9262236,112.5948352,232.9,0.0,0.0,IDLE,,
1786035615.616,2026-08-07 00:00:15,MANUAL,True,-7.9262237,112.5948361,232.91,0.0,0.0,IDLE,,
1786035615.771,2026-08-07 00:00:15,MANUAL,True,-7.9262237,112.5948367,232.89,0.0,0.0,IDLE,,
1786035615.885,2026-08-07 00:00:15,MANUAL,True,-7.9262237,112.5948369,232.89,0.0,0.0,IDLE,,
1786035616.013,2026-08-07 00:00:16,MANUAL,True,-7.9262237,112.5948372,232.87,0.0,0.0,IDLE,,
1786035616.133,2026-08-07 00:00:16,MANUAL,True,-7.9262236,112.5948373,232.88,0.0,0.0,IDLE,,
1786035616.249,2026-08-07 00:00:16,MANUAL,True,-7.9262236,112.5948376,232.88,0.0,0.0,IDLE,,
1786035616.401,2026-08-07 00:00:16,MANUAL,True,-7.9262236,112.5948377,232.88,0.0,0.0,IDLE,,
1786035616.530,2026-08-07 00:00:16,MANUAL,True,-7.9262236,112.5948378,232.88,0.0,0.0,IDLE,,
1786035616.649,2026-08-07 00:00:16,MANUAL,True,-7.9262236,112.5948378,232.88,0.0,0.0,IDLE,,
1786035616.767,2026-08-07 00:00:16,MANUAL,True,-7.9262235,112.5948377,232.88,0.0,0.0,IDLE,,
1786035616.883,2026-08-07 00:00:16,MANUAL,True,-7.9262235,112.5948377,232.88,0.0,0.0,IDLE,,
1786035617.004,2026-08-07 00:00:17,MANUAL,True,-7.9262234,112.5948376,232.88,0.0,0.0,IDLE,,
1786035617.121,2026-08-07 00:00:17,MANUAL,True,-7.9262234,112.5948375,232.87,0.0,0.0,IDLE,,
1786035617.243,2026-08-07 00:00:17,MANUAL,True,-7.9262234,112.5948376,232.88,0.0,0.0,IDLE,,
1786035617.366,2026-08-07 00:00:17,MANUAL,True,-7.9262233,112.5948376,232.88,0.0,0.0,IDLE,,
1786035617.522,2026-08-07 00:00:17,MANUAL,True,-7.9262233,112.5948376,232.87,0.0,0.0,IDLE,,
1786035617.671,2026-08-07 00:00:17,MANUAL,True,-7.9262232,112.5948376,232.88,0.0,0.0,IDLE,,
1786035617.803,2026-08-07 00:00:17,MANUAL,True,-7.9262232,112.5948376,232.86,0.0,0.0,IDLE,,
1786035617.939,2026-08-07 00:00:17,MANUAL,True,-7.9262231,112.5948374,232.85,0.0,0.0,IDLE,,
1786035618.069,2026-08-07 00:00:18,MANUAL,True,-7.9262231,112.5948373,232.86,0.0,0.0,IDLE,,
1786035618.192,2026-08-07 00:00:18,MANUAL,True,-7.9262229,112.5948372,232.86,0.0,0.0,IDLE,,
1786035618.319,2026-08-07 00:00:18,MANUAL,True,-7.9262228,112.5948369,232.87,0.0,0.0,IDLE,,
1786035618.450,2026-08-07 00:00:18,MANUAL,True,-7.9262227,112.5948368,232.86,0.0,0.0,IDLE,,
1786035618.609,2026-08-07 00:00:18,MANUAL,True,-7.9262227,112.5948366,232.85,0.0,0.0,IDLE,,
1786035618.761,2026-08-07 00:00:18,MANUAL,True,-7.9262227,112.5948365,232.85,0.0,0.0,IDLE,,
1786035618.960,2026-08-07 00:00:18,MANUAL,True,-7.9262228,112.5948365,232.86,0.0,0.0,IDLE,,
1786035619.080,2026-08-07 00:00:19,MANUAL,True,-7.9262228,112.5948365,232.86,0.0,0.0,IDLE,,
1786035619.220,2026-08-07 00:00:19,MANUAL,True,-7.9262228,112.5948364,232.87,0.0,0.0,IDLE,,
1786035619.343,2026-08-07 00:00:19,MANUAL,True,-7.9262227,112.5948362,232.87,0.0,0.0,IDLE,,
1786035619.465,2026-08-07 00:00:19,MANUAL,True,-7.9262227,112.5948361,232.88,0.0,0.0,IDLE,,
1786035619.599,2026-08-07 00:00:19,MANUAL,True,-7.9262226,112.5948359,232.86,0.0,0.0,IDLE,,
1786035619.751,2026-08-07 00:00:19,MANUAL,True,-7.9262224,112.5948357,232.84,0.0,0.0,IDLE,,
1786035619.873,2026-08-07 00:00:19,MANUAL,True,-7.9262223,112.5948356,232.83,0.0,0.0,IDLE,,
1786035620.005,2026-08-07 00:00:20,MANUAL,True,-7.9262222,112.5948354,232.84,0.0,0.0,IDLE,,
1786035620.139,2026-08-07 00:00:20,MANUAL,True,-7.9262219,112.594835,232.86,0.0,0.0,IDLE,,
1786035620.260,2026-08-07 00:00:20,MANUAL,True,-7.9262219,112.5948349,232.87,0.0,0.0,IDLE,,
1786035620.389,2026-08-07 00:00:20,MANUAL,True,-7.9262218,112.5948346,232.85,0.0,0.0,IDLE,,
1786035620.511,2026-08-07 00:00:20,MANUAL,True,-7.9262217,112.5948344,232.86,0.0,0.0,IDLE,,
1786035620.636,2026-08-07 00:00:20,MANUAL,True,-7.9262215,112.594834,232.87,0.0,0.0,IDLE,,
1786035620.775,2026-08-07 00:00:20,MANUAL,True,-7.9262214,112.5948338,232.88,0.0,0.0,IDLE,,
1786035620.895,2026-08-07 00:00:20,MANUAL,True,-7.9262213,112.5948336,232.86,0.0,0.0,IDLE,,
1786035621.014,2026-08-07 00:00:21,MANUAL,True,-7.926221,112.594833,232.85,0.0,0.0,IDLE,,
1786035621.129,2026-08-07 00:00:21,MANUAL,True,-7.9262208,112.5948328,232.85,0.0,0.0,IDLE,,
1786035621.261,2026-08-07 00:00:21,MANUAL,True,-7.9262208,112.5948325,232.86,0.0,0.0,IDLE,,
1786035621.382,2026-08-07 00:00:21,MANUAL,True,-7.9262206,112.5948322,232.85,0.0,0.0,IDLE,,
1786035621.502,2026-08-07 00:00:21,MANUAL,True,-7.9262205,112.5948319,232.86,0.0,0.0,IDLE,,
1786035621.623,2026-08-07 00:00:21,MANUAL,True,-7.9262203,112.5948316,232.85,0.0,0.0,IDLE,,
1786035621.749,2026-08-07 00:00:21,MANUAL,True,-7.9262202,112.5948314,232.85,0.0,0.0,IDLE,,
1786035621.878,2026-08-07 00:00:21,MANUAL,True,-7.9262201,112.5948312,232.87,0.0,0.0,IDLE,,
1786035621.995,2026-08-07 00:00:21,MANUAL,True,-7.9262201,112.5948311,232.88,0.0,0.0,IDLE,,
1786035622.124,2026-08-07 00:00:22,MANUAL,True,-7.92622,112.5948309,232.88,0.0,0.0,IDLE,,
1786035622.240,2026-08-07 00:00:22,MANUAL,True,-7.9262199,112.5948307,232.88,0.0,0.0,IDLE,,
1786035622.355,2026-08-07 00:00:22,MANUAL,True,-7.9262199,112.5948304,232.86,0.0,0.0,IDLE,,
1786035622.474,2026-08-07 00:00:22,MANUAL,True,-7.9262198,112.5948302,232.87,0.0,0.0,IDLE,,
1786035622.643,2026-08-07 00:00:22,MANUAL,True,-7.9262197,112.5948297,232.87,0.0,0.0,IDLE,,
1786035622.897,2026-08-07 00:00:22,MANUAL,True,-7.9262195,112.5948293,232.84,0.0,0.0,IDLE,,
1786035623.009,2026-08-07 00:00:23,MANUAL,True,-7.9262194,112.5948291,232.83,0.0,0.0,IDLE,,
1786035623.126,2026-08-07 00:00:23,MANUAL,True,-7.9262193,112.5948289,232.82,0.0,0.0,IDLE,,
1786035623.237,2026-08-07 00:00:23,MANUAL,True,-7.9262193,112.5948289,232.82,0.0,0.0,IDLE,,
1786035623.355,2026-08-07 00:00:23,MANUAL,True,-7.9262192,112.5948287,232.81,0.0,0.0,IDLE,,
1786035623.470,2026-08-07 00:00:23,MANUAL,True,-7.9262192,112.5948286,232.82,0.0,0.0,IDLE,,
1786035623.595,2026-08-07 00:00:23,MANUAL,True,-7.9262192,112.5948284,232.82,0.0,0.0,IDLE,,
1786035623.710,2026-08-07 00:00:23,MANUAL,True,-7.9262192,112.5948284,232.82,0.0,0.0,IDLE,,
1786035623.826,2026-08-07 00:00:23,MANUAL,True,-7.9262191,112.5948281,232.82,0.0,0.0,IDLE,,
1786035623.969,2026-08-07 00:00:23,MANUAL,True,-7.9262191,112.5948278,232.81,0.0,0.0,IDLE,,
1786035624.087,2026-08-07 00:00:24,MANUAL,True,-7.926219,112.5948276,232.8,0.0,0.0,IDLE,,
1786035624.201,2026-08-07 00:00:24,MANUAL,True,-7.926219,112.5948275,232.8,0.0,0.0,IDLE,,
1786035624.339,2026-08-07 00:00:24,MANUAL,True,-7.9262189,112.5948271,232.77,0.0,0.0,IDLE,,
1786035624.455,2026-08-07 00:00:24,MANUAL,True,-7.9262189,112.5948269,232.76,0.0,0.0,IDLE,,
1786035624.576,2026-08-07 00:00:24,MANUAL,True,-7.9262189,112.5948269,232.76,0.0,0.0,IDLE,,
1786035624.701,2026-08-07 00:00:24,MANUAL,True,-7.9262187,112.5948265,232.76,0.0,0.0,IDLE,,
1786035624.822,2026-08-07 00:00:24,MANUAL,True,-7.9262186,112.5948263,232.77,0.0,0.0,IDLE,,
1786035624.966,2026-08-07 00:00:24,MANUAL,True,-7.9262185,112.5948261,232.76,0.0,0.0,IDLE,,
1786035625.091,2026-08-07 00:00:25,MANUAL,True,-7.9262185,112.594826,232.78,0.0,0.0,IDLE,,
1786035625.237,2026-08-07 00:00:25,MANUAL,True,-7.9262185,112.5948258,232.79,0.0,0.0,IDLE,,
1786035625.358,2026-08-07 00:00:25,MANUAL,True,-7.9262184,112.5948255,232.79,0.0,0.0,IDLE,,
1786035625.477,2026-08-07 00:00:25,MANUAL,True,-7.9262183,112.5948254,232.78,0.0,0.0,IDLE,,
1786035625.598,2026-08-07 00:00:25,MANUAL,True,-7.9262183,112.5948254,232.78,0.0,0.0,IDLE,,
1786035625.775,2026-08-07 00:00:25,MANUAL,True,-7.9262181,112.594825,232.8,0.0,0.0,IDLE,,
1786035625.899,2026-08-07 00:00:25,MANUAL,True,-7.926218,112.5948249,232.8,0.0,0.0,IDLE,,
1786035626.018,2026-08-07 00:00:26,MANUAL,True,-7.926218,112.5948248,232.8,0.0,0.0,IDLE,,
1786035626.145,2026-08-07 00:00:26,MANUAL,True,-7.926218,112.5948247,232.8,0.0,0.0,IDLE,,
1786035626.277,2026-08-07 00:00:26,MANUAL,True,-7.9262179,112.5948245,232.82,0.0,0.0,IDLE,,
1786035626.407,2026-08-07 00:00:26,MANUAL,True,-7.9262179,112.5948245,232.82,0.0,0.0,IDLE,,
1786035626.530,2026-08-07 00:00:26,MANUAL,True,-7.9262179,112.5948244,232.82,0.0,0.0,IDLE,,
1786035626.652,2026-08-07 00:00:26,MANUAL,True,-7.9262179,112.5948244,232.82,0.0,0.0,IDLE,,
1786035626.807,2026-08-07 00:00:26,MANUAL,True,-7.926218,112.5948243,232.82,0.0,0.0,IDLE,,
1786035627.010,2026-08-07 00:00:27,MANUAL,True,-7.926218,112.5948242,232.81,0.0,0.0,IDLE,,
1786035627.203,2026-08-07 00:00:27,MANUAL,True,-7.9262181,112.5948242,232.79,0.0,0.0,IDLE,,
1786035627.487,2026-08-07 00:00:27,MANUAL,True,-7.9262181,112.5948242,232.81,0.0,0.0,IDLE,,
1786035627.629,2026-08-07 00:00:27,MANUAL,True,-7.9262181,112.594824,232.79,0.0,0.0,IDLE,,
1786035627.760,2026-08-07 00:00:27,MANUAL,True,-7.9262181,112.5948239,232.78,0.0,0.0,IDLE,,
1786035627.876,2026-08-07 00:00:27,MANUAL,True,-7.9262181,112.5948238,232.77,0.0,0.0,IDLE,,
1786035627.990,2026-08-07 00:00:27,MANUAL,True,-7.9262181,112.5948237,232.77,0.0,0.0,IDLE,,
1786035628.112,2026-08-07 00:00:28,MANUAL,True,-7.9262182,112.5948237,232.77,0.0,0.0,IDLE,,
1786035628.223,2026-08-07 00:00:28,MANUAL,True,-7.9262182,112.5948237,232.77,0.0,0.0,IDLE,,
1786035628.370,2026-08-07 00:00:28,MANUAL,True,-7.9262183,112.5948237,232.77,0.0,0.0,IDLE,,
1786035628.479,2026-08-07 00:00:28,MANUAL,True,-7.9262184,112.5948237,232.78,0.0,0.0,IDLE,,
1786035628.597,2026-08-07 00:00:28,MANUAL,True,-7.9262186,112.5948239,232.77,0.0,0.0,IDLE,,
1786035628.714,2026-08-07 00:00:28,MANUAL,True,-7.9262187,112.594824,232.76,0.0,0.0,IDLE,,
1786035628.831,2026-08-07 00:00:28,MANUAL,True,-7.9262189,112.5948241,232.77,0.0,0.0,IDLE,,
1786035628.969,2026-08-07 00:00:28,MANUAL,True,-7.926219,112.5948242,232.77,0.0,0.0,IDLE,,
1786035629.087,2026-08-07 00:00:29,MANUAL,True,-7.9262191,112.5948244,232.78,0.0,0.0,IDLE,,
1786035629.206,2026-08-07 00:00:29,MANUAL,True,-7.9262193,112.5948246,232.78,0.0,0.0,IDLE,,
1786035629.350,2026-08-07 00:00:29,MANUAL,True,-7.9262194,112.5948247,232.77,0.0,0.0,IDLE,,
1786035629.464,2026-08-07 00:00:29,MANUAL,True,-7.9262196,112.5948248,232.76,0.0,0.0,IDLE,,
1786035629.600,2026-08-07 00:00:29,MANUAL,True,-7.9262197,112.5948249,232.75,0.0,0.0,IDLE,,
1786035629.745,2026-08-07 00:00:29,MANUAL,True,-7.9262199,112.5948251,232.73,0.0,0.0,IDLE,,
1786035629.882,2026-08-07 00:00:29,MANUAL,True,-7.92622,112.5948252,232.73,0.0,0.0,IDLE,,
1786035630.005,2026-08-07 00:00:30,MANUAL,True,-7.9262202,112.5948255,232.73,0.0,0.0,IDLE,,
1786035630.163,2026-08-07 00:00:30,MANUAL,True,-7.9262204,112.5948256,232.73,0.0,0.0,IDLE,,
1786035630.279,2026-08-07 00:00:30,MANUAL,True,-7.9262205,112.5948257,232.73,0.0,0.0,IDLE,,
1786035630.401,2026-08-07 00:00:30,MANUAL,True,-7.9262208,112.5948259,232.73,0.0,0.0,IDLE,,
1786035630.523,2026-08-07 00:00:30,MANUAL,True,-7.9262209,112.5948259,232.73,0.0,0.0,IDLE,,
1786035630.642,2026-08-07 00:00:30,MANUAL,True,-7.926221,112.5948259,232.72,0.0,0.0,IDLE,,
1786035630.761,2026-08-07 00:00:30,MANUAL,True,-7.9262211,112.5948259,232.71,0.0,0.0,IDLE,,
1786035630.874,2026-08-07 00:00:30,MANUAL,True,-7.9262211,112.5948258,232.69,0.0,0.0,IDLE,,
1786035630.987,2026-08-07 00:00:30,MANUAL,True,-7.9262212,112.5948258,232.7,0.0,0.0,IDLE,,
1786035631.101,2026-08-07 00:00:31,MANUAL,True,-7.9262214,112.5948259,232.71,0.0,0.0,IDLE,,
1786035631.221,2026-08-07 00:00:31,MANUAL,True,-7.9262215,112.5948258,232.72,0.0,0.0,IDLE,,
1786035631.334,2026-08-07 00:00:31,MANUAL,True,-7.9262216,112.5948258,232.71,0.0,0.0,IDLE,,
1786035631.448,2026-08-07 00:00:31,MANUAL,True,-7.9262217,112.5948258,232.7,0.0,0.0,IDLE,,
1786035631.563,2026-08-07 00:00:31,MANUAL,True,-7.9262218,112.5948258,232.69,0.0,0.0,IDLE,,
1786035632.075,2026-08-07 00:00:32,MANUAL,True,-7.9262224,112.5948264,232.66,0.0,0.0,IDLE,,
1786035632.346,2026-08-07 00:00:32,MANUAL,True,-7.9262229,112.5948268,232.67,0.0,0.0,IDLE,,
1786035632.546,2026-08-07 00:00:32,MANUAL,True,-7.9262232,112.5948271,232.67,0.0,0.0,IDLE,,
1786035632.686,2026-08-07 00:00:32,MANUAL,True,-7.9262234,112.5948271,232.66,0.0,0.0,IDLE,,
1786035632.806,2026-08-07 00:00:32,MANUAL,True,-7.9262235,112.5948272,232.68,0.0,0.0,IDLE,,
1786035632.925,2026-08-07 00:00:32,MANUAL,True,-7.9262238,112.5948273,232.64,0.0,0.0,IDLE,,
1786035633.048,2026-08-07 00:00:33,MANUAL,True,-7.926224,112.5948274,232.65,0.0,0.0,IDLE,,
1786035633.169,2026-08-07 00:00:33,MANUAL,True,-7.9262241,112.5948275,232.64,0.0,0.0,IDLE,,
1786035633.292,2026-08-07 00:00:33,MANUAL,True,-7.9262243,112.5948276,232.65,0.0,0.0,IDLE,,
1786035633.410,2026-08-07 00:00:33,MANUAL,True,-7.9262245,112.5948277,232.64,0.0,0.0,IDLE,,
1786035633.552,2026-08-07 00:00:33,MANUAL,True,-7.9262248,112.5948281,232.65,0.0,0.0,IDLE,,
1786035633.696,2026-08-07 00:00:33,MANUAL,True,-7.9262249,112.5948282,232.64,0.0,0.0,IDLE,,
1786035633.821,2026-08-07 00:00:33,MANUAL,True,-7.9262254,112.5948288,232.63,0.0,0.0,IDLE,,
1786035633.943,2026-08-07 00:00:33,MANUAL,True,-7.9262256,112.5948291,232.62,0.0,0.0,IDLE,,
1786035634.105,2026-08-07 00:00:34,MANUAL,True,-7.9262258,112.5948294,232.62,0.0,0.0,IDLE,,
1786035634.236,2026-08-07 00:00:34,MANUAL,True,-7.9262262,112.5948301,232.61,0.0,0.0,IDLE,,
1786035634.420,2026-08-07 00:00:34,MANUAL,True,-7.9262266,112.5948308,232.58,0.0,0.0,IDLE,,
1786035634.558,2026-08-07 00:00:34,MANUAL,True,-7.9262268,112.5948311,232.61,0.0,0.0,IDLE,,
1786035634.770,2026-08-07 00:00:34,MANUAL,True,-7.9262272,112.5948318,232.59,0.0,0.0,IDLE,,
1786035634.894,2026-08-07 00:00:34,MANUAL,True,-7.9262274,112.5948322,232.57,0.0,0.0,IDLE,,
1786035635.017,2026-08-07 00:00:35,MANUAL,True,-7.9262279,112.5948329,232.58,0.0,0.0,IDLE,,
1786035635.147,2026-08-07 00:00:35,MANUAL,True,-7.9262281,112.5948333,232.59,0.0,0.0,IDLE,,
1786035635.276,2026-08-07 00:00:35,MANUAL,True,-7.9262283,112.5948338,232.59,0.0,0.0,IDLE,,
1786035635.416,2026-08-07 00:00:35,MANUAL,True,-7.9262287,112.5948347,232.59,0.0,0.0,IDLE,,
1786035635.540,2026-08-07 00:00:35,MANUAL,True,-7.926229,112.5948352,232.6,0.0,0.0,IDLE,,
1786035635.663,2026-08-07 00:00:35,MANUAL,True,-7.9262291,112.5948355,232.61,0.0,0.0,IDLE,,
1786035635.811,2026-08-07 00:00:35,MANUAL,True,-7.9262295,112.5948365,232.61,0.0,0.0,IDLE,,
1786035635.940,2026-08-07 00:00:35,MANUAL,True,-7.9262297,112.594837,232.61,0.0,0.0,IDLE,,
1786035636.069,2026-08-07 00:00:36,MANUAL,True,-7.9262298,112.5948374,232.61,0.0,0.0,IDLE,,
1786035636.202,2026-08-07 00:00:36,MANUAL,True,-7.92623,112.5948379,232.6,0.0,0.0,IDLE,,
1786035636.326,2026-08-07 00:00:36,MANUAL,True,-7.9262304,112.594839,232.6,0.0,0.0,IDLE,,
1786035636.451,2026-08-07 00:00:36,MANUAL,True,-7.9262306,112.5948396,232.59,0.0,0.0,IDLE,,
1786035636.590,2026-08-07 00:00:36,MANUAL,True,-7.9262309,112.5948405,232.59,0.0,0.0,IDLE,,
1786035636.711,2026-08-07 00:00:36,MANUAL,True,-7.9262312,112.5948414,232.57,0.0,0.0,IDLE,,
1786035636.832,2026-08-07 00:00:36,MANUAL,True,-7.9262314,112.5948419,232.58,0.0,0.0,IDLE,,
1786035636.957,2026-08-07 00:00:36,MANUAL,True,-7.9262316,112.5948426,232.59,0.0,0.0,IDLE,,
1786035637.079,2026-08-07 00:00:37,MANUAL,True,-7.9262318,112.5948432,232.59,0.0,0.0,IDLE,,
1786035637.195,2026-08-07 00:00:37,MANUAL,True,-7.926232,112.5948439,232.57,0.0,0.0,IDLE,,
1786035637.312,2026-08-07 00:00:37,MANUAL,True,-7.9262323,112.5948451,232.56,0.0,0.0,IDLE,,
1786035637.433,2026-08-07 00:00:37,MANUAL,True,-7.9262324,112.5948457,232.56,0.0,0.0,IDLE,,
1786035637.551,2026-08-07 00:00:37,MANUAL,True,-7.9262325,112.5948463,232.55,0.0,0.0,IDLE,,
1786035637.664,2026-08-07 00:00:37,MANUAL,True,-7.9262326,112.5948469,232.56,0.0,0.0,IDLE,,
1786035637.780,2026-08-07 00:00:37,MANUAL,True,-7.9262327,112.5948474,232.55,0.0,0.0,IDLE,,
1786035637.897,2026-08-07 00:00:37,MANUAL,True,-7.9262328,112.5948478,232.54,0.0,0.0,IDLE,,
1786035638.114,2026-08-07 00:00:38,MANUAL,True,-7.926233,112.5948489,232.56,0.0,0.0,IDLE,,
1786035638.299,2026-08-07 00:00:38,MANUAL,True,-7.9262331,112.5948493,232.55,0.0,0.0,IDLE,,
1786035638.437,2026-08-07 00:00:38,MANUAL,True,-7.9262332,112.59485,232.56,0.0,0.0,IDLE,,
1786035638.559,2026-08-07 00:00:38,MANUAL,True,-7.9262333,112.5948505,232.55,0.0,0.0,IDLE,,
1786035638.685,2026-08-07 00:00:38,MANUAL,True,-7.9262333,112.5948509,232.55,0.0,0.0,IDLE,,
1786035638.808,2026-08-07 00:00:38,MANUAL,True,-7.9262334,112.5948513,232.54,0.0,0.0,IDLE,,
1786035638.932,2026-08-07 00:00:38,MANUAL,True,-7.9262336,112.5948522,232.52,0.0,0.0,IDLE,,
1786035639.058,2026-08-07 00:00:39,MANUAL,True,-7.9262337,112.5948527,232.51,0.0,0.0,IDLE,,
1786035639.252,2026-08-07 00:00:39,MANUAL,True,-7.9262339,112.5948536,232.5,0.0,0.0,IDLE,,
1786035639.406,2026-08-07 00:00:39,MANUAL,True,-7.926234,112.5948541,232.49,0.0,0.0,IDLE,,
1786035639.558,2026-08-07 00:00:39,MANUAL,True,-7.9262343,112.5948553,232.51,0.0,0.0,IDLE,,
1786035639.950,2026-08-07 00:00:39,MANUAL,True,-7.9262347,112.5948571,232.51,0.0,0.0,IDLE,,
1786035640.210,2026-08-07 00:00:40,MANUAL,True,-7.9262348,112.594858,232.5,0.0,0.0,IDLE,,
1786035640.337,2026-08-07 00:00:40,MANUAL,True,-7.9262348,112.5948588,232.51,0.0,0.0,IDLE,,
1786035640.459,2026-08-07 00:00:40,MANUAL,True,-7.9262348,112.5948591,232.52,0.0,0.0,IDLE,,
1786035640.579,2026-08-07 00:00:40,MANUAL,True,-7.9262348,112.5948595,232.53,0.0,0.0,IDLE,,
1786035640.701,2026-08-07 00:00:40,MANUAL,True,-7.9262348,112.5948599,232.53,0.0,0.0,IDLE,,
1786035640.824,2026-08-07 00:00:40,MANUAL,True,-7.9262349,112.5948607,232.52,0.0,0.0,IDLE,,
1786035640.945,2026-08-07 00:00:40,MANUAL,True,-7.926235,112.5948612,232.53,0.0,0.0,IDLE,,
1786035641.072,2026-08-07 00:00:41,MANUAL,True,-7.9262352,112.5948617,232.54,0.0,0.0,IDLE,,
1786035641.207,2026-08-07 00:00:41,MANUAL,True,-7.9262353,112.5948622,232.55,0.0,0.0,IDLE,,
1786035641.328,2026-08-07 00:00:41,MANUAL,True,-7.9262357,112.5948632,232.56,0.0,0.0,IDLE,,
1786035641.449,2026-08-07 00:00:41,MANUAL,True,-7.9262358,112.5948636,232.57,0.0,0.0,IDLE,,
1786035641.572,2026-08-07 00:00:41,MANUAL,True,-7.9262359,112.594864,232.56,0.0,0.0,IDLE,,
1786035641.691,2026-08-07 00:00:41,MANUAL,True,-7.9262359,112.5948642,232.56,0.0,0.0,IDLE,,
1786035641.836,2026-08-07 00:00:41,MANUAL,True,-7.926236,112.5948647,232.56,0.0,0.0,IDLE,,
1786035641.956,2026-08-07 00:00:41,MANUAL,True,-7.926236,112.5948648,232.55,0.0,0.0,IDLE,,
1786035642.073,2026-08-07 00:00:42,MANUAL,True,-7.9262359,112.5948649,232.55,0.0,0.0,IDLE,,
1786035642.221,2026-08-07 00:00:42,MANUAL,True,-7.9262357,112.5948649,232.55,0.0,0.0,IDLE,,
1786035642.347,2026-08-07 00:00:42,MANUAL,True,-7.9262357,112.5948649,232.54,0.0,0.0,IDLE,,
1786035642.462,2026-08-07 00:00:42,MANUAL,True,-7.9262357,112.594865,232.55,0.0,0.0,IDLE,,
1786035642.595,2026-08-07 00:00:42,MANUAL,True,-7.9262356,112.5948651,232.53,0.0,0.0,IDLE,,
1786035642.708,2026-08-07 00:00:42,MANUAL,True,-7.9262356,112.5948651,232.53,0.0,0.0,IDLE,,
1786035642.835,2026-08-07 00:00:42,MANUAL,True,-7.9262355,112.594865,232.49,0.0,0.0,IDLE,,
1786035642.966,2026-08-07 00:00:42,MANUAL,True,-7.9262354,112.594865,232.5,0.0,0.0,IDLE,,
1786035643.091,2026-08-07 00:00:43,MANUAL,True,-7.9262353,112.594865,232.49,0.0,0.0,IDLE,,
1786035643.210,2026-08-07 00:00:43,MANUAL,True,-7.9262353,112.5948651,232.48,0.0,0.0,IDLE,,
1786035643.327,2026-08-07 00:00:43,MANUAL,True,-7.9262353,112.5948654,232.49,0.0,0.0,IDLE,,
1786035643.441,2026-08-07 00:00:43,MANUAL,True,-7.9262354,112.5948658,232.48,0.0,0.0,IDLE,,
1786035643.553,2026-08-07 00:00:43,MANUAL,True,-7.9262354,112.5948658,232.48,0.0,0.0,IDLE,,
1786035643.670,2026-08-07 00:00:43,MANUAL,True,-7.9262354,112.594866,232.49,0.0,0.0,IDLE,,
1786035643.787,2026-08-07 00:00:43,MANUAL,True,-7.9262354,112.5948664,232.48,0.0,0.0,IDLE,,
1786035643.906,2026-08-07 00:00:43,MANUAL,True,-7.9262354,112.5948666,232.48,0.0,0.0,IDLE,,
1786035644.021,2026-08-07 00:00:44,MANUAL,True,-7.9262355,112.5948668,232.49,0.0,0.0,IDLE,,
1786035644.151,2026-08-07 00:00:44,MANUAL,True,-7.9262356,112.5948673,232.47,0.0,0.0,IDLE,,
1786035644.282,2026-08-07 00:00:44,MANUAL,True,-7.9262357,112.5948675,232.46,0.0,0.0,IDLE,,
1786035644.402,2026-08-07 00:00:44,MANUAL,True,-7.9262357,112.5948678,232.47,0.0,0.0,IDLE,,
1786035644.510,2026-08-07 00:00:44,MANUAL,True,-7.9262358,112.594868,232.47,0.0,0.0,IDLE,,
1786035644.630,2026-08-07 00:00:44,MANUAL,True,-7.9262358,112.594868,232.47,0.0,0.0,IDLE,,
1786035644.742,2026-08-07 00:00:44,MANUAL,True,-7.9262359,112.5948686,232.47,0.0,0.0,IDLE,,
1786035644.850,2026-08-07 00:00:44,MANUAL,True,-7.9262359,112.5948689,232.46,0.0,0.0,IDLE,,
1786035644.964,2026-08-07 00:00:44,MANUAL,True,-7.9262358,112.5948692,232.47,0.0,0.0,IDLE,,
1786035645.089,2026-08-07 00:00:45,MANUAL,True,-7.9262358,112.5948693,232.48,0.0,0.0,IDLE,,
1786035645.210,2026-08-07 00:00:45,MANUAL,True,-7.9262359,112.5948695,232.48,0.0,0.0,IDLE,,
1786035645.332,2026-08-07 00:00:45,MANUAL,True,-7.9262359,112.5948697,232.48,0.0,0.0,IDLE,,
1786035645.443,2026-08-07 00:00:45,MANUAL,True,-7.9262361,112.59487,232.47,0.0,0.0,IDLE,,
1786035645.555,2026-08-07 00:00:45,MANUAL,True,-7.9262363,112.5948704,232.46,0.0,0.0,IDLE,,
1786035645.667,2026-08-07 00:00:45,MANUAL,True,-7.9262363,112.5948704,232.46,0.0,0.0,IDLE,,
1786035645.775,2026-08-07 00:00:45,MANUAL,True,-7.9262366,112.594871,232.46,0.0,0.0,IDLE,,
1786035645.887,2026-08-07 00:00:45,MANUAL,True,-7.9262367,112.5948712,232.46,0.0,0.0,IDLE,,
1786035646.001,2026-08-07 00:00:46,MANUAL,True,-7.9262368,112.5948714,232.46,0.0,0.0,IDLE,,
1786035646.118,2026-08-07 00:00:46,MANUAL,True,-7.926237,112.5948719,232.44,0.0,0.0,IDLE,,
1786035646.241,2026-08-07 00:00:46,MANUAL,True,-7.9262371,112.5948722,232.43,0.0,0.0,IDLE,,
1786035646.351,2026-08-07 00:00:46,MANUAL,True,-7.9262372,112.5948724,232.42,0.0,0.0,IDLE,,
1786035646.468,2026-08-07 00:00:46,MANUAL,True,-7.9262372,112.5948726,232.43,0.0,0.0,IDLE,,
1786035646.582,2026-08-07 00:00:46,MANUAL,True,-7.9262373,112.5948728,232.41,0.0,0.0,IDLE,,
1786035646.699,2026-08-07 00:00:46,MANUAL,True,-7.9262373,112.594873,232.41,0.0,0.0,IDLE,,
1786035646.820,2026-08-07 00:00:46,MANUAL,True,-7.9262375,112.5948734,232.43,0.0,0.0,IDLE,,
1786035646.934,2026-08-07 00:00:46,MANUAL,True,-7.9262376,112.5948736,232.42,0.0,0.0,IDLE,,
1786035647.048,2026-08-07 00:00:47,MANUAL,True,-7.9262377,112.5948739,232.42,0.0,0.0,IDLE,,
1786035647.163,2026-08-07 00:00:47,MANUAL,True,-7.9262379,112.594874,232.43,0.0,0.0,IDLE,,
1786035647.278,2026-08-07 00:00:47,MANUAL,True,-7.9262381,112.5948744,232.43,0.0,0.0,IDLE,430,110
1786035647.393,2026-08-07 00:00:47,MANUAL,True,-7.9262383,112.5948746,232.44,0.0,0.0,IDLE,558,238
1786035647.509,2026-08-07 00:00:47,MANUAL,True,-7.9262385,112.594875,232.43,0.0,0.0,IDLE,560,240
1786035647.623,2026-08-07 00:00:47,MANUAL,True,-7.9262388,112.5948753,232.42,0.0,0.0,IDLE,,
1786035647.740,2026-08-07 00:00:47,MANUAL,True,-7.9262389,112.5948754,232.42,0.0,0.0,IDLE,,
1786035647.851,2026-08-07 00:00:47,MANUAL,True,-7.9262389,112.5948754,232.45,0.0,0.0,IDLE,,
1786035647.966,2026-08-07 00:00:47,MANUAL,True,-7.9262389,112.5948755,232.46,0.0,0.0,IDLE,,
1786035648.080,2026-08-07 00:00:48,MANUAL,True,-7.926239,112.5948757,232.45,0.0,0.0,IDLE,,
1786035648.193,2026-08-07 00:00:48,MANUAL,True,-7.926239,112.5948757,232.45,0.0,0.0,IDLE,,
1786035648.308,2026-08-07 00:00:48,MANUAL,True,-7.9262389,112.5948759,232.46,0.0,0.0,IDLE,,
1786035648.426,2026-08-07 00:00:48,MANUAL,True,-7.9262388,112.5948758,232.48,0.0,0.0,IDLE,,
1786035648.541,2026-08-07 00:00:48,MANUAL,True,-7.9262388,112.5948758,232.48,0.0,0.0,IDLE,,
1786035648.658,2026-08-07 00:00:48,MANUAL,True,-7.9262388,112.594876,232.48,0.0,0.0,IDLE,,
1786035648.774,2026-08-07 00:00:48,MANUAL,True,-7.9262389,112.5948761,232.48,0.0,0.0,IDLE,,
1786035648.891,2026-08-07 00:00:48,MANUAL,True,-7.9262389,112.5948761,232.48,0.0,0.0,IDLE,,
1786035649.007,2026-08-07 00:00:49,MANUAL,True,-7.926239,112.5948762,232.48,0.0,0.0,IDLE,,
1786035649.118,2026-08-07 00:00:49,MANUAL,True,-7.9262391,112.5948763,232.48,0.0,0.0,IDLE,,
1786035649.234,2026-08-07 00:00:49,MANUAL,True,-7.9262393,112.5948764,232.47,0.0,0.0,IDLE,,
1786035649.367,2026-08-07 00:00:49,MANUAL,True,-7.9262394,112.5948765,232.47,0.0,0.0,IDLE,,
1786035649.481,2026-08-07 00:00:49,MANUAL,True,-7.9262395,112.5948766,232.48,0.0,0.0,IDLE,,
1786035649.598,2026-08-07 00:00:49,MANUAL,True,-7.9262395,112.5948766,232.49,0.0,0.0,IDLE,,
1786035649.719,2026-08-07 00:00:49,MANUAL,True,-7.9262394,112.5948766,232.47,0.0,0.0,IDLE,,
1786035649.835,2026-08-07 00:00:49,MANUAL,True,-7.9262393,112.5948766,232.48,0.0,0.0,IDLE,,
1786035649.949,2026-08-07 00:00:49,MANUAL,True,-7.9262393,112.5948766,232.48,0.0,0.0,IDLE,,
1786035650.061,2026-08-07 00:00:50,MANUAL,True,-7.9262393,112.5948767,232.47,0.0,0.0,IDLE,,
1786035650.177,2026-08-07 00:00:50,MANUAL,True,-7.9262393,112.5948766,232.47,0.0,0.0,IDLE,,
1786035650.304,2026-08-07 00:00:50,MANUAL,True,-7.9262393,112.5948766,232.47,0.0,0.0,IDLE,,
1786035650.421,2026-08-07 00:00:50,MANUAL,True,-7.9262392,112.5948766,232.46,0.0,0.0,IDLE,,
1786035650.535,2026-08-07 00:00:50,MANUAL,True,-7.9262392,112.5948766,232.46,0.0,0.0,IDLE,,
1786035650.646,2026-08-07 00:00:50,MANUAL,True,-7.9262392,112.5948766,232.46,0.0,0.0,IDLE,,
1786035650.790,2026-08-07 00:00:50,MANUAL,True,-7.9262391,112.5948766,232.46,0.0,0.0,IDLE,,
1786035650.906,2026-08-07 00:00:50,MANUAL,True,-7.926239,112.5948766,232.47,0.0,0.0,IDLE,,
1786035651.027,2026-08-07 00:00:51,MANUAL,True,-7.926239,112.5948766,232.47,0.0,0.0,IDLE,,
1786035651.153,2026-08-07 00:00:51,MANUAL,True,-7.9262389,112.5948766,232.48,0.0,0.0,IDLE,,
1786035651.275,2026-08-07 00:00:51,MANUAL,True,-7.9262388,112.5948765,232.49,0.0,0.0,IDLE,,
1786035651.398,2026-08-07 00:00:51,MANUAL,True,-7.9262386,112.5948764,232.48,0.0,0.0,IDLE,,
1786035651.518,2026-08-07 00:00:51,MANUAL,True,-7.9262384,112.5948762,232.49,0.0,0.0,IDLE,,
1786035651.632,2026-08-07 00:00:51,MANUAL,True,-7.9262382,112.5948761,232.51,0.0,0.0,IDLE,,
1786035651.753,2026-08-07 00:00:51,MANUAL,True,-7.9262381,112.5948761,232.51,0.0,0.0,IDLE,,
1786035651.884,2026-08-07 00:00:51,MANUAL,True,-7.926238,112.5948761,232.51,0.0,0.0,IDLE,,
1786035652.007,2026-08-07 00:00:52,MANUAL,True,-7.9262379,112.5948761,232.52,0.0,0.0,IDLE,,
1786035652.204,2026-08-07 00:00:52,MANUAL,True,-7.926238,112.5948762,232.53,0.0,0.0,IDLE,,
1786035652.448,2026-08-07 00:00:52,MANUAL,True,-7.9262379,112.5948765,232.55,0.0,0.0,IDLE,,
1786035652.629,2026-08-07 00:00:52,MANUAL,True,-7.9262379,112.5948767,232.55,0.0,0.0,IDLE,,
1786035652.783,2026-08-07 00:00:52,MANUAL,True,-7.9262379,112.5948769,232.56,0.0,0.0,IDLE,,
1786035652.956,2026-08-07 00:00:52,MANUAL,True,-7.9262378,112.5948772,232.58,0.0,0.0,IDLE,,
1786035653.109,2026-08-07 00:00:53,MANUAL,True,-7.9262379,112.5948773,232.58,0.0,0.0,IDLE,,
1786035653.277,2026-08-07 00:00:53,MANUAL,True,-7.926238,112.5948777,232.59,0.0,0.0,IDLE,,
1786035653.413,2026-08-07 00:00:53,MANUAL,True,-7.926238,112.5948781,232.58,0.0,0.0,IDLE,,
1786035653.565,2026-08-07 00:00:53,MANUAL,True,-7.9262379,112.5948782,232.6,0.0,0.0,IDLE,,
1786035653.726,2026-08-07 00:00:53,MANUAL,True,-7.9262378,112.5948784,232.63,0.0,0.0,IDLE,,
1786035653.909,2026-08-07 00:00:53,MANUAL,True,-7.9262377,112.5948785,232.64,0.0,0.0,IDLE,,
1786035654.062,2026-08-07 00:00:54,MANUAL,True,-7.9262377,112.5948787,232.65,0.0,0.0,IDLE,,
1786035654.229,2026-08-07 00:00:54,MANUAL,True,-7.9262377,112.5948789,232.64,0.0,0.0,IDLE,,
1786035654.444,2026-08-07 00:00:54,MANUAL,True,-7.9262375,112.594879,232.65,0.0,0.0,IDLE,,
1786035654.567,2026-08-07 00:00:54,MANUAL,True,-7.9262374,112.5948791,232.67,0.0,0.0,IDLE,,
1786035654.712,2026-08-07 00:00:54,MANUAL,False,-7.9262374,112.5948792,232.67,0.0,0.0,IDLE,,
1786035654.845,2026-08-07 00:00:54,MANUAL,False,-7.9262373,112.5948793,232.69,0.0,0.0,IDLE,,
1786035654.978,2026-08-07 00:00:54,MANUAL,False,-7.9262373,112.5948794,232.69,0.0,0.0,IDLE,,
1786035655.117,2026-08-07 00:00:55,MANUAL,False,-7.9262373,112.5948796,232.69,0.0,0.0,IDLE,,
1786035655.244,2026-08-07 00:00:55,MANUAL,False,-7.9262373,112.5948799,232.7,0.0,0.0,IDLE,,
1786035655.400,2026-08-07 00:00:55,MANUAL,False,-7.9262374,112.5948801,232.7,0.0,0.0,IDLE,,
1786035655.551,2026-08-07 00:00:55,MANUAL,False,-7.9262375,112.5948807,232.69,0.0,0.0,IDLE,,
1786035656.063,2026-08-07 00:00:56,MANUAL,False,-7.9262383,112.5948819,232.64,0.0,0.0,IDLE,,
1786035656.207,2026-08-07 00:00:56,MANUAL,False,-7.9262384,112.5948821,232.63,0.0,0.0,IDLE,,
1786035656.344,2026-08-07 00:00:56,MANUAL,False,-7.9262387,112.5948827,232.64,0.0,0.0,IDLE,,
1786035656.479,2026-08-07 00:00:56,MANUAL,False,-7.9262388,112.594883,232.64,0.0,0.0,IDLE,,
1786035656.613,2026-08-07 00:00:56,MANUAL,False,-7.9262392,112.5948837,232.63,0.0,0.0,IDLE,,
1786035656.787,2026-08-07 00:00:56,MANUAL,False,-7.9262393,112.5948841,232.63,0.0,0.0,IDLE,,
1786035656.912,2026-08-07 00:00:56,MANUAL,False,-7.9262397,112.5948849,232.62,0.0,0.0,IDLE,,
1786035657.077,2026-08-07 00:00:57,MANUAL,False,-7.9262399,112.5948853,232.61,0.0,0.0,IDLE,,
1786035657.208,2026-08-07 00:00:57,MANUAL,False,-7.9262401,112.5948856,232.61,0.0,0.0,IDLE,,
1786035657.337,2026-08-07 00:00:57,MANUAL,False,-7.9262403,112.5948863,232.6,0.0,0.0,IDLE,,
1786035657.465,2026-08-07 00:00:57,MANUAL,False,-7.9262404,112.5948865,232.6,0.0,0.0,IDLE,,
1786035657.588,2026-08-07 00:00:57,MANUAL,False,-7.9262405,112.5948869,232.61,0.0,0.0,IDLE,,
1786035657.713,2026-08-07 00:00:57,MANUAL,False,-7.9262405,112.5948873,232.6,0.0,0.0,IDLE,,
1786035657.849,2026-08-07 00:00:57,MANUAL,False,-7.9262404,112.5948875,232.61,0.0,0.0,IDLE,,
1786035657.975,2026-08-07 00:00:57,MANUAL,False,-7.9262404,112.5948877,232.62,0.0,0.0,IDLE,,
1786035658.090,2026-08-07 00:00:58,MANUAL,False,-7.9262405,112.594888,232.61,0.0,0.0,IDLE,,
1786035658.259,2026-08-07 00:00:58,MANUAL,False,-7.9262406,112.5948886,232.61,0.0,0.0,IDLE,,
1786035658.376,2026-08-07 00:00:58,MANUAL,False,-7.9262407,112.5948889,232.61,0.0,0.0,IDLE,,
1786035658.579,2026-08-07 00:00:58,MANUAL,False,-7.9262408,112.5948897,232.59,0.0,0.0,IDLE,,
1786035658.876,2026-08-07 00:00:58,MANUAL,False,-7.9262408,112.5948903,232.61,0.0,0.0,IDLE,,
1786035658.996,2026-08-07 00:00:58,MANUAL,False,-7.9262407,112.5948904,232.62,0.0,0.0,IDLE,,
1786035659.142,2026-08-07 00:00:59,MANUAL,False,-7.9262406,112.5948906,232.64,0.0,0.0,IDLE,,
1786035659.269,2026-08-07 00:00:59,MANUAL,False,-7.9262406,112.5948909,232.62,0.0,0.0,IDLE,,
1786035659.387,2026-08-07 00:00:59,MANUAL,False,-7.9262407,112.5948911,232.63,0.0,0.0,IDLE,,
1786035659.516,2026-08-07 00:00:59,MANUAL,False,-7.9262407,112.5948913,232.64,0.0,0.0,IDLE,,
1786035659.643,2026-08-07 00:00:59,MANUAL,False,-7.9262407,112.5948917,232.66,0.0,0.0,IDLE,,
1786035659.783,2026-08-07 00:00:59,MANUAL,False,-7.9262407,112.5948918,232.66,0.0,0.0,IDLE,,
1786035659.900,2026-08-07 00:00:59,MANUAL,False,-7.9262407,112.5948919,232.67,0.0,0.0,IDLE,,
1786035660.014,2026-08-07 00:01:00,MANUAL,False,-7.9262407,112.5948921,232.66,0.0,0.0,IDLE,,
1786035660.130,2026-08-07 00:01:00,MANUAL,False,-7.9262407,112.5948923,232.66,0.0,0.0,IDLE,,
1786035660.256,2026-08-07 00:01:00,MANUAL,False,-7.9262407,112.5948924,232.66,0.0,0.0,IDLE,,
1786035660.373,2026-08-07 00:01:00,MANUAL,False,-7.9262408,112.5948926,232.67,0.0,0.0,IDLE,,
1786035660.489,2026-08-07 00:01:00,MANUAL,False,-7.9262409,112.5948927,232.67,0.0,0.0,IDLE,,
1786035660.602,2026-08-07 00:01:00,MANUAL,False,-7.9262411,112.594893,232.66,0.0,0.0,IDLE,,
1786035660.717,2026-08-07 00:01:00,MANUAL,False,-7.9262412,112.5948931,232.67,0.0,0.0,IDLE,,
1786035660.833,2026-08-07 00:01:00,MANUAL,False,-7.9262413,112.5948932,232.67,0.0,0.0,IDLE,,
1786035660.942,2026-08-07 00:01:00,MANUAL,False,-7.9262414,112.5948933,232.66,0.0,0.0,IDLE,,
1786035661.064,2026-08-07 00:01:01,MANUAL,False,-7.9262414,112.5948934,232.67,0.0,0.0,IDLE,,
1786035661.180,2026-08-07 00:01:01,MANUAL,False,-7.9262415,112.5948935,232.67,0.0,0.0,IDLE,,
1786035661.297,2026-08-07 00:01:01,MANUAL,False,-7.9262416,112.5948937,232.68,0.0,0.0,IDLE,,
1786035661.418,2026-08-07 00:01:01,MANUAL,False,-7.9262416,112.5948937,232.66,0.0,0.0,IDLE,,
1786035661.537,2026-08-07 00:01:01,MANUAL,False,-7.9262415,112.5948937,232.65,0.0,0.0,IDLE,,
1786035661.656,2026-08-07 00:01:01,MANUAL,False,-7.9262415,112.5948937,232.66,0.0,0.0,IDLE,,
1786035661.773,2026-08-07 00:01:01,MANUAL,False,-7.9262415,112.5948938,232.67,0.0,0.0,IDLE,,
1786035661.890,2026-08-07 00:01:01,MANUAL,False,-7.9262415,112.5948938,232.68,0.0,0.0,IDLE,,
1786035662.006,2026-08-07 00:01:02,MANUAL,False,-7.9262415,112.5948938,232.67,0.0,0.0,IDLE,,
1786035662.120,2026-08-07 00:01:02,MANUAL,False,-7.9262415,112.5948939,232.66,0.0,0.0,IDLE,,
1786035662.233,2026-08-07 00:01:02,MANUAL,False,-7.9262415,112.5948939,232.66,0.0,0.0,IDLE,,
1786035662.350,2026-08-07 00:01:02,MANUAL,False,-7.9262415,112.5948939,232.64,0.0,0.0,IDLE,,
1786035662.462,2026-08-07 00:01:02,MANUAL,False,-7.9262415,112.5948939,232.66,0.0,0.0,IDLE,,
1786035662.580,2026-08-07 00:01:02,MANUAL,False,-7.9262415,112.5948939,232.65,0.0,0.0,IDLE,,
1786035662.703,2026-08-07 00:01:02,MANUAL,False,-7.9262415,112.5948939,232.65,0.0,0.0,IDLE,,
1786035662.818,2026-08-07 00:01:02,MANUAL,False,-7.9262417,112.594894,232.66,0.0,0.0,IDLE,,
1786035662.933,2026-08-07 00:01:02,MANUAL,False,-7.9262418,112.594894,232.65,0.0,0.0,IDLE,,
1786035663.045,2026-08-07 00:01:03,MANUAL,False,-7.9262419,112.5948941,232.66,0.0,0.0,IDLE,,
1786035663.159,2026-08-07 00:01:03,MANUAL,False,-7.926242,112.5948941,232.64,0.0,0.0,IDLE,,
1786035663.278,2026-08-07 00:01:03,MANUAL,False,-7.9262421,112.5948942,232.65,0.0,0.0,IDLE,,
1786035663.403,2026-08-07 00:01:03,MANUAL,False,-7.9262422,112.5948944,232.65,0.0,0.0,IDLE,,
1786035663.522,2026-08-07 00:01:03,MANUAL,False,-7.9262424,112.5948945,232.66,0.0,0.0,IDLE,,
1786035663.634,2026-08-07 00:01:03,MANUAL,False,-7.9262427,112.5948947,232.64,0.0,0.0,IDLE,,
1786035663.755,2026-08-07 00:01:03,MANUAL,False,-7.9262428,112.5948948,232.62,0.0,0.0,IDLE,,
1786035663.871,2026-08-07 00:01:03,MANUAL,False,-7.9262429,112.5948947,232.62,0.0,0.0,IDLE,,
1786035663.989,2026-08-07 00:01:03,MANUAL,False,-7.9262429,112.5948947,232.63,0.0,0.0,IDLE,,
1786035664.100,2026-08-07 00:01:04,MANUAL,False,-7.926243,112.5948947,232.63,0.0,0.0,IDLE,,
1786035664.210,2026-08-07 00:01:04,MANUAL,False,-7.9262431,112.5948947,232.63,0.0,0.0,IDLE,,
1786035664.331,2026-08-07 00:01:04,MANUAL,False,-7.9262431,112.5948947,232.64,0.0,0.0,IDLE,,
1786035664.439,2026-08-07 00:01:04,MANUAL,False,-7.9262431,112.5948947,232.64,0.0,0.0,IDLE,,
1786035664.590,2026-08-07 00:01:04,MANUAL,False,-7.9262431,112.5948946,232.62,0.0,0.0,IDLE,,
1786035664.719,2026-08-07 00:01:04,MANUAL,False,-7.9262429,112.5948944,232.63,0.0,0.0,IDLE,,
1786035664.841,2026-08-07 00:01:04,MANUAL,False,-7.9262428,112.5948944,232.63,0.0,0.0,IDLE,,
1786035664.952,2026-08-07 00:01:04,MANUAL,False,-7.9262428,112.5948943,232.64,0.0,0.0,IDLE,,
1786035665.066,2026-08-07 00:01:05,MANUAL,False,-7.9262427,112.5948942,232.64,0.0,0.0,IDLE,,
1786035665.182,2026-08-07 00:01:05,MANUAL,False,-7.9262426,112.5948941,232.63,0.0,0.0,IDLE,,
1786035665.300,2026-08-07 00:01:05,MANUAL,False,-7.9262426,112.594894,232.64,0.0,0.0,IDLE,,
1786035665.417,2026-08-07 00:01:05,MANUAL,False,-7.9262426,112.594894,232.65,0.0,0.0,IDLE,,
1786035665.528,2026-08-07 00:01:05,MANUAL,False,-7.9262426,112.594894,232.65,0.0,0.0,IDLE,,
1786035665.636,2026-08-07 00:01:05,MANUAL,False,-7.9262426,112.5948941,232.65,0.0,0.0,IDLE,,
1786035665.748,2026-08-07 00:01:05,MANUAL,False,-7.9262426,112.5948941,232.66,0.0,0.0,IDLE,,
1786035665.859,2026-08-07 00:01:05,MANUAL,False,-7.9262426,112.5948941,232.66,0.0,0.0,IDLE,,
1786035665.975,2026-08-07 00:01:05,MANUAL,False,-7.9262426,112.5948941,232.66,0.0,0.0,IDLE,,
1786035666.090,2026-08-07 00:01:06,MANUAL,False,-7.9262426,112.594894,232.68,0.0,0.0,IDLE,,
1786035666.202,2026-08-07 00:01:06,MANUAL,False,-7.9262426,112.594894,232.69,0.0,0.0,IDLE,,
1786035666.323,2026-08-07 00:01:06,MANUAL,False,-7.9262426,112.594894,232.71,0.0,0.0,IDLE,,
1786035666.438,2026-08-07 00:01:06,MANUAL,False,-7.9262427,112.594894,232.69,0.0,0.0,IDLE,,
1786035666.567,2026-08-07 00:01:06,MANUAL,False,-7.9262429,112.5948941,232.68,0.0,0.0,IDLE,,
1786035666.678,2026-08-07 00:01:06,MANUAL,False,-7.9262429,112.5948941,232.67,0.0,0.0,IDLE,,
1786035666.788,2026-08-07 00:01:06,MANUAL,False,-7.9262429,112.5948942,232.65,0.0,0.0,IDLE,,
1786035666.898,2026-08-07 00:01:06,MANUAL,False,-7.9262429,112.5948942,232.66,0.0,0.0,IDLE,,
1786035667.012,2026-08-07 00:01:07,MANUAL,False,-7.9262429,112.5948943,232.65,0.0,0.0,IDLE,,
1786035667.128,2026-08-07 00:01:07,MANUAL,False,-7.926243,112.5948946,232.65,0.0,0.0,IDLE,,
1786035667.241,2026-08-07 00:01:07,MANUAL,False,-7.9262431,112.5948946,232.63,0.0,0.0,IDLE,,
1786035667.358,2026-08-07 00:01:07,MANUAL,False,-7.9262433,112.5948948,232.63,0.0,0.0,IDLE,,
1786035667.471,2026-08-07 00:01:07,MANUAL,False,-7.9262434,112.5948949,232.62,0.0,0.0,IDLE,,
1786035667.589,2026-08-07 00:01:07,MANUAL,False,-7.9262436,112.5948951,232.61,0.0,0.0,IDLE,,
1786035667.706,2026-08-07 00:01:07,MANUAL,False,-7.9262437,112.5948953,232.6,0.0,0.0,IDLE,,
1786035667.820,2026-08-07 00:01:07,MANUAL,False,-7.9262438,112.5948955,232.6,0.0,0.0,IDLE,,
1786035667.933,2026-08-07 00:01:07,MANUAL,False,-7.9262438,112.5948956,232.62,0.0,0.0,IDLE,,
1786035668.049,2026-08-07 00:01:08,MANUAL,False,-7.9262439,112.5948956,232.61,0.0,0.0,IDLE,,
1786035668.165,2026-08-07 00:01:08,MANUAL,False,-7.9262439,112.5948957,232.61,0.0,0.0,IDLE,,
1786035668.279,2026-08-07 00:01:08,MANUAL,False,-7.926244,112.5948958,232.61,0.0,0.0,IDLE,,
1786035668.392,2026-08-07 00:01:08,MANUAL,False,-7.926244,112.5948958,232.61,0.0,0.0,IDLE,,
1786035668.504,2026-08-07 00:01:08,MANUAL,False,-7.926244,112.5948959,232.62,0.0,0.0,IDLE,,
1786035668.617,2026-08-07 00:01:08,MANUAL,False,-7.9262441,112.594896,232.62,0.0,0.0,IDLE,,
1786035668.735,2026-08-07 00:01:08,MANUAL,False,-7.9262441,112.594896,232.62,0.0,0.0,IDLE,,
1786035668.848,2026-08-07 00:01:08,MANUAL,False,-7.9262442,112.594896,232.61,0.0,0.0,IDLE,,
1786035668.965,2026-08-07 00:01:08,MANUAL,False,-7.9262442,112.594896,232.61,0.0,0.0,IDLE,,
1786035669.078,2026-08-07 00:01:09,MANUAL,False,-7.9262442,112.5948959,232.61,0.0,0.0,IDLE,,
1786035669.197,2026-08-07 00:01:09,MANUAL,False,-7.9262442,112.5948959,232.62,0.0,0.0,IDLE,,
1786035669.313,2026-08-07 00:01:09,MANUAL,False,-7.9262441,112.5948957,232.67,0.0,0.0,IDLE,,
1786035669.422,2026-08-07 00:01:09,MANUAL,False,-7.9262441,112.5948957,232.68,0.0,0.0,IDLE,,
1786035669.534,2026-08-07 00:01:09,MANUAL,False,-7.9262441,112.5948957,232.68,0.0,0.0,IDLE,,
1786035669.694,2026-08-07 00:01:09,MANUAL,False,-7.9262441,112.5948957,232.73,0.0,0.0,IDLE,,
1786035669.812,2026-08-07 00:01:09,MANUAL,False,-7.9262441,112.5948957,232.88,0.0,0.0,IDLE,,
1786035669.925,2026-08-07 00:01:09,MANUAL,False,-7.9262442,112.5948957,232.9,0.0,0.0,IDLE,,
1786035670.056,2026-08-07 00:01:10,MANUAL,False,-7.9262442,112.5948957,232.91,0.0,0.0,IDLE,,
1786035670.175,2026-08-07 00:01:10,MANUAL,False,-7.9262442,112.5948957,232.91,0.0,0.0,IDLE,,
1786035670.293,2026-08-07 00:01:10,MANUAL,False,-7.9262443,112.5948957,232.92,0.0,0.0,IDLE,,
1786035670.412,2026-08-07 00:01:10,MANUAL,False,-7.9262443,112.5948957,232.91,0.0,0.0,IDLE,,
1786035670.524,2026-08-07 00:01:10,MANUAL,False,-7.9262443,112.5948956,232.91,0.0,0.0,IDLE,,
1786035670.638,2026-08-07 00:01:10,MANUAL,False,-7.9262443,112.5948955,232.89,0.0,0.0,IDLE,,
1786035670.751,2026-08-07 00:01:10,MANUAL,False,-7.9262443,112.5948956,232.88,0.0,0.0,IDLE,,
1786035670.865,2026-08-07 00:01:10,MANUAL,False,-7.9262443,112.5948956,232.88,0.0,0.0,IDLE,,
1786035670.980,2026-08-07 00:01:10,MANUAL,False,-7.9262443,112.5948956,232.88,0.0,0.0,IDLE,,
1786035671.094,2026-08-07 00:01:11,MANUAL,False,-7.9262443,112.5948955,232.89,0.0,0.0,IDLE,,
1786035671.215,2026-08-07 00:01:11,MANUAL,False,-7.9262443,112.5948954,232.89,0.0,0.0,IDLE,,
1786035671.330,2026-08-07 00:01:11,MANUAL,False,-7.9262442,112.5948954,232.89,0.0,0.0,IDLE,,
1786035671.436,2026-08-07 00:01:11,MANUAL,False,-7.9262442,112.5948953,232.89,0.0,0.0,IDLE,,
1786035671.549,2026-08-07 00:01:11,MANUAL,False,-7.9262442,112.5948953,232.9,0.0,0.0,IDLE,,
1786035671.660,2026-08-07 00:01:11,MANUAL,False,-7.9262442,112.5948952,232.88,0.0,0.0,IDLE,,
1786035671.776,2026-08-07 00:01:11,MANUAL,False,-7.9262442,112.5948952,232.88,0.0,0.0,IDLE,,
1786035671.886,2026-08-07 00:01:11,MANUAL,False,-7.9262442,112.5948953,232.88,0.0,0.0,IDLE,,
1786035671.996,2026-08-07 00:01:11,MANUAL,False,-7.9262442,112.5948953,232.9,0.0,0.0,IDLE,,
1786035672.115,2026-08-07 00:01:12,MANUAL,False,-7.9262441,112.5948954,232.9,0.0,0.0,IDLE,,
1786035672.232,2026-08-07 00:01:12,MANUAL,False,-7.9262441,112.5948954,232.9,0.0,0.0,IDLE,,
1786035672.369,2026-08-07 00:01:12,MANUAL,False,-7.9262441,112.5948954,232.9,0.0,0.0,IDLE,,
1786035672.479,2026-08-07 00:01:12,MANUAL,False,-7.9262441,112.5948954,232.91,0.0,0.0,IDLE,,
1786035672.591,2026-08-07 00:01:12,MANUAL,False,-7.9262441,112.5948953,232.9,0.0,0.0,IDLE,,
1786035672.703,2026-08-07 00:01:12,MANUAL,False,-7.9262441,112.5948953,232.9,0.0,0.0,IDLE,,
1786035672.823,2026-08-07 00:01:12,MANUAL,False,-7.9262443,112.5948954,232.89,0.0,0.0,IDLE,,
1786035673.026,2026-08-07 00:01:13,MANUAL,False,-7.9262444,112.5948955,232.88,0.0,0.0,IDLE,,
1786035673.139,2026-08-07 00:01:13,MANUAL,False,-7.9262445,112.5948955,232.88,0.0,0.0,IDLE,,
1786035673.258,2026-08-07 00:01:13,MANUAL,False,-7.9262446,112.5948957,232.88,0.0,0.0,IDLE,,
1786035673.384,2026-08-07 00:01:13,MANUAL,False,-7.9262448,112.5948959,232.87,0.0,0.0,IDLE,,
1786035673.497,2026-08-07 00:01:13,MANUAL,False,-7.926245,112.5948961,232.87,0.0,0.0,IDLE,,
1786035673.612,2026-08-07 00:01:13,MANUAL,False,-7.9262453,112.5948962,232.89,0.0,0.0,IDLE,,
1786035673.729,2026-08-07 00:01:13,MANUAL,False,-7.9262455,112.5948963,232.89,0.0,0.0,IDLE,,
1786035673.854,2026-08-07 00:01:13,MANUAL,False,-7.9262456,112.5948964,232.88,0.0,0.0,IDLE,,
1786035673.974,2026-08-07 00:01:13,MANUAL,False,-7.9262457,112.5948965,232.88,0.0,0.0,IDLE,,
1786035674.095,2026-08-07 00:01:14,MANUAL,False,-7.9262459,112.5948966,232.9,0.0,0.0,IDLE,,
1786035674.215,2026-08-07 00:01:14,MANUAL,False,-7.9262461,112.5948967,232.88,0.0,0.0,IDLE,,
1786035674.327,2026-08-07 00:01:14,MANUAL,False,-7.9262463,112.5948969,232.89,0.0,0.0,IDLE,,
1786035674.448,2026-08-07 00:01:14,MANUAL,False,-7.9262465,112.5948971,232.9,0.0,0.0,IDLE,,
1786035674.576,2026-08-07 00:01:14,MANUAL,False,-7.9262468,112.5948973,232.9,0.0,0.0,IDLE,,
1786035674.713,2026-08-07 00:01:14,MANUAL,False,-7.9262471,112.5948977,232.9,0.0,0.0,IDLE,,
1786035674.832,2026-08-07 00:01:14,MANUAL,False,-7.9262473,112.5948978,232.9,0.0,0.0,IDLE,,
1786035674.952,2026-08-07 00:01:14,MANUAL,False,-7.9262475,112.594898,232.91,0.0,0.0,IDLE,,
1786035675.066,2026-08-07 00:01:15,MANUAL,False,-7.9262477,112.5948982,232.91,0.0,0.0,IDLE,,
1786035675.183,2026-08-07 00:01:15,MANUAL,False,-7.9262479,112.5948984,232.89,0.0,0.0,IDLE,,
1786035675.294,2026-08-07 00:01:15,MANUAL,False,-7.926248,112.5948986,232.9,0.0,0.0,IDLE,,
1786035675.402,2026-08-07 00:01:15,MANUAL,False,-7.9262482,112.5948987,232.9,0.0,0.0,IDLE,,
1786035675.512,2026-08-07 00:01:15,MANUAL,False,-7.9262484,112.5948989,232.89,0.0,0.0,IDLE,,
1786035675.626,2026-08-07 00:01:15,MANUAL,False,-7.9262487,112.5948992,232.88,0.0,0.0,IDLE,,
1786035675.738,2026-08-07 00:01:15,MANUAL,False,-7.9262489,112.5948993,232.9,0.0,0.0,IDLE,,
1786035675.854,2026-08-07 00:01:15,MANUAL,False,-7.926249,112.5948994,232.9,0.0,0.0,IDLE,,
1786035675.972,2026-08-07 00:01:15,MANUAL,False,-7.9262492,112.5948996,232.89,0.0,0.0,IDLE,,
1786035676.087,2026-08-07 00:01:16,MANUAL,False,-7.9262494,112.5948997,232.88,0.0,0.0,IDLE,,
1786035676.208,2026-08-07 00:01:16,MANUAL,False,-7.9262495,112.5948998,232.88,0.0,0.0,IDLE,,
1786035676.326,2026-08-07 00:01:16,MANUAL,False,-7.9262498,112.5948999,232.88,0.0,0.0,IDLE,,
1786035676.445,2026-08-07 00:01:16,MANUAL,False,-7.92625,112.5949,232.89,0.0,0.0,IDLE,,
1786035676.569,2026-08-07 00:01:16,MANUAL,False,-7.9262501,112.5949001,232.89,0.0,0.0,IDLE,,
1786035676.689,2026-08-07 00:01:16,MANUAL,False,-7.9262502,112.5949002,232.88,0.0,0.0,IDLE,,
1786035676.799,2026-08-07 00:01:16,MANUAL,False,-7.9262504,112.5949003,232.88,0.0,0.0,IDLE,,
1786035676.915,2026-08-07 00:01:16,MANUAL,False,-7.9262507,112.5949005,232.91,0.0,0.0,IDLE,,
1786035677.031,2026-08-07 00:01:17,MANUAL,False,-7.9262508,112.5949007,232.91,0.0,0.0,IDLE,,
1786035677.145,2026-08-07 00:01:17,MANUAL,False,-7.9262509,112.594901,232.92,0.0,0.0,IDLE,,
1786035677.267,2026-08-07 00:01:17,MANUAL,False,-7.926251,112.594901,232.91,0.0,0.0,IDLE,,
1786035677.391,2026-08-07 00:01:17,MANUAL,False,-7.9262511,112.5949013,232.92,0.0,0.0,IDLE,,
1786035677.516,2026-08-07 00:01:17,MANUAL,False,-7.9262513,112.5949016,232.92,0.0,0.0,IDLE,,
1786035677.630,2026-08-07 00:01:17,MANUAL,False,-7.9262516,112.5949021,232.92,0.0,0.0,IDLE,,
1786035677.751,2026-08-07 00:01:17,MANUAL,False,-7.9262517,112.5949024,232.91,0.0,0.0,IDLE,,
1786035677.871,2026-08-07 00:01:17,MANUAL,False,-7.9262519,112.5949027,232.92,0.0,0.0,IDLE,,
1786035677.992,2026-08-07 00:01:17,MANUAL,False,-7.926252,112.5949029,232.9,0.0,0.0,IDLE,,
1786035678.117,2026-08-07 00:01:18,MANUAL,False,-7.9262523,112.5949033,232.89,0.0,0.0,IDLE,,
1786035678.232,2026-08-07 00:01:18,MANUAL,False,-7.9262525,112.5949035,232.9,0.0,0.0,IDLE,,
1786035678.551,2026-08-07 00:01:18,MANUAL,False,-7.9262528,112.5949038,232.9,0.0,0.0,IDLE,,
1786035678.675,2026-08-07 00:01:18,MANUAL,False,-7.9262528,112.5949039,232.89,0.0,0.0,IDLE,,
1786035678.802,2026-08-07 00:01:18,MANUAL,False,-7.9262529,112.5949041,232.9,0.0,0.0,IDLE,,
1786035678.933,2026-08-07 00:01:18,MANUAL,False,-7.9262531,112.5949044,232.89,0.0,0.0,IDLE,,
1786035679.048,2026-08-07 00:01:19,MANUAL,False,-7.9262531,112.5949046,232.89,0.0,0.0,IDLE,,
1786035679.163,2026-08-07 00:01:19,MANUAL,False,-7.9262532,112.5949047,232.89,0.0,0.0,IDLE,,
1786035679.280,2026-08-07 00:01:19,MANUAL,False,-7.9262532,112.5949048,232.9,0.0,0.0,IDLE,,
1786035679.403,2026-08-07 00:01:19,MANUAL,False,-7.9262531,112.5949048,232.92,0.0,0.0,IDLE,,
1786035679.516,2026-08-07 00:01:19,MANUAL,False,-7.9262531,112.5949049,232.93,0.0,0.0,IDLE,,
1786035679.626,2026-08-07 00:01:19,MANUAL,False,-7.9262532,112.5949051,232.93,0.0,0.0,IDLE,,
1786035679.746,2026-08-07 00:01:19,MANUAL,False,-7.9262533,112.5949052,232.92,0.0,0.0,IDLE,,
1786035679.879,2026-08-07 00:01:19,MANUAL,False,-7.9262535,112.5949054,232.9,0.0,0.0,IDLE,,
1786035679.991,2026-08-07 00:01:19,MANUAL,False,-7.9262536,112.5949055,232.89,0.0,0.0,IDLE,,
1786035680.103,2026-08-07 00:01:20,MANUAL,False,-7.9262537,112.5949056,232.9,0.0,0.0,IDLE,,
1786035680.221,2026-08-07 00:01:20,MANUAL,False,-7.9262538,112.5949057,232.91,0.0,0.0,IDLE,,
1786035680.398,2026-08-07 00:01:20,MANUAL,False,-7.9262539,112.5949058,232.91,0.0,0.0,IDLE,,
1786035680.586,2026-08-07 00:01:20,MANUAL,False,-7.926254,112.5949059,232.92,0.0,0.0,IDLE,,
1786035680.768,2026-08-07 00:01:20,MANUAL,False,-7.9262541,112.5949059,232.92,0.0,0.0,IDLE,,
1786035680.918,2026-08-07 00:01:20,MANUAL,False,-7.9262543,112.5949061,232.92,0.0,0.0,IDLE,,
1786035681.026,2026-08-07 00:01:21,MANUAL,False,-7.9262544,112.5949065,232.92,0.0,0.0,IDLE,,
1786035681.141,2026-08-07 00:01:21,MANUAL,False,-7.9262546,112.5949067,232.92,0.0,0.0,IDLE,,
1786035681.256,2026-08-07 00:01:21,MANUAL,False,-7.9262547,112.5949069,232.91,0.0,0.0,IDLE,,
1786035681.369,2026-08-07 00:01:21,MANUAL,False,-7.9262547,112.594907,232.9,0.0,0.0,IDLE,,
1786035681.481,2026-08-07 00:01:21,MANUAL,False,-7.9262548,112.594907,232.9,0.0,0.0,IDLE,,
1786035681.591,2026-08-07 00:01:21,MANUAL,False,-7.9262548,112.5949069,232.91,0.0,0.0,IDLE,,
1786035681.707,2026-08-07 00:01:21,MANUAL,False,-7.9262547,112.5949068,232.91,0.0,0.0,IDLE,,
1786035681.830,2026-08-07 00:01:21,MANUAL,False,-7.9262546,112.5949066,232.93,0.0,0.0,IDLE,,
1786035681.934,2026-08-07 00:01:21,MANUAL,False,-7.9262546,112.5949064,232.92,0.0,0.0,IDLE,,
1786035682.042,2026-08-07 00:01:22,MANUAL,False,-7.9262545,112.5949061,232.9,0.0,0.0,IDLE,,
1786035682.159,2026-08-07 00:01:22,MANUAL,False,-7.9262543,112.5949058,232.91,0.0,0.0,IDLE,,
1786035682.276,2026-08-07 00:01:22,MANUAL,False,-7.9262543,112.5949056,232.9,0.0,0.0,IDLE,,
1786035682.406,2026-08-07 00:01:22,MANUAL,False,-7.9262542,112.5949054,232.9,0.0,0.0,IDLE,,
1786035682.518,2026-08-07 00:01:22,MANUAL,False,-7.9262542,112.5949051,232.91,0.0,0.0,IDLE,,
1786035682.632,2026-08-07 00:01:22,MANUAL,False,-7.9262542,112.5949049,232.92,0.0,0.0,IDLE,,
1786035682.745,2026-08-07 00:01:22,MANUAL,False,-7.9262543,112.5949047,232.92,0.0,0.0,IDLE,376,56
1786035682.860,2026-08-07 00:01:22,MANUAL,False,-7.9262543,112.5949045,232.92,0.0,0.0,IDLE,,
1786035682.972,2026-08-07 00:01:22,MANUAL,False,-7.9262542,112.5949042,232.91,0.0,0.0,IDLE,,
1786035683.094,2026-08-07 00:01:23,MANUAL,False,-7.9262541,112.5949039,232.91,0.0,0.0,IDLE,,
1786035683.204,2026-08-07 00:01:23,MANUAL,False,-7.926254,112.5949034,232.92,0.0,0.0,IDLE,,
1786035683.320,2026-08-07 00:01:23,MANUAL,False,-7.9262538,112.594903,232.92,0.0,0.0,IDLE,,
1786035683.436,2026-08-07 00:01:23,MANUAL,False,-7.9262538,112.5949027,232.91,0.0,0.0,IDLE,,
1786035683.551,2026-08-07 00:01:23,MANUAL,False,-7.9262538,112.5949025,232.9,0.0,0.0,IDLE,,
1786035683.661,2026-08-07 00:01:23,MANUAL,False,-7.9262538,112.5949023,232.89,0.0,0.0,IDLE,,
1786035683.772,2026-08-07 00:01:23,MANUAL,False,-7.9262537,112.5949022,232.89,0.0,0.0,IDLE,,
1786035683.880,2026-08-07 00:01:23,MANUAL,False,-7.9262537,112.594902,232.89,0.0,0.0,IDLE,,
1786035683.991,2026-08-07 00:01:23,MANUAL,False,-7.9262537,112.5949019,232.9,0.0,0.0,IDLE,,
1786035684.104,2026-08-07 00:01:24,MANUAL,False,-7.9262537,112.5949017,232.92,0.0,0.0,IDLE,,
1786035684.216,2026-08-07 00:01:24,MANUAL,False,-7.9262536,112.5949014,232.93,0.0,0.0,IDLE,,
1786035684.335,2026-08-07 00:01:24,MANUAL,False,-7.9262536,112.5949012,232.93,0.0,0.0,IDLE,,
1786035684.447,2026-08-07 00:01:24,MANUAL,False,-7.9262535,112.594901,232.94,0.0,0.0,IDLE,,
1786035684.562,2026-08-07 00:01:24,MANUAL,False,-7.9262534,112.5949007,232.95,0.0,0.0,IDLE,,
1786035684.700,2026-08-07 00:01:24,MANUAL,False,-7.9262534,112.5949006,232.95,0.0,0.0,IDLE,,
1786035684.813,2026-08-07 00:01:24,MANUAL,False,-7.9262533,112.5949002,232.95,0.0,0.0,IDLE,,
1786035684.933,2026-08-07 00:01:24,MANUAL,False,-7.9262533,112.5948999,232.96,0.0,0.0,IDLE,,
1786035685.043,2026-08-07 00:01:25,MANUAL,False,-7.9262532,112.5948997,232.95,0.0,0.0,IDLE,,
1786035685.157,2026-08-07 00:01:25,MANUAL,False,-7.9262531,112.5948994,232.96,0.0,0.0,IDLE,,
1786035685.280,2026-08-07 00:01:25,MANUAL,False,-7.926253,112.5948992,232.94,0.0,0.0,IDLE,,
1786035685.410,2026-08-07 00:01:25,MANUAL,False,-7.9262529,112.5948988,232.95,0.0,0.0,IDLE,,
1786035685.526,2026-08-07 00:01:25,MANUAL,False,-7.9262529,112.5948987,232.94,0.0,0.0,IDLE,,
1786035685.646,2026-08-07 00:01:25,MANUAL,False,-7.9262529,112.5948986,232.94,0.0,0.0,IDLE,,
1786035685.783,2026-08-07 00:01:25,MANUAL,False,-7.9262529,112.5948985,232.95,0.0,0.0,IDLE,,
1786035685.900,2026-08-07 00:01:25,MANUAL,False,-7.9262529,112.5948984,232.98,0.0,0.0,IDLE,0,-320
1786035686.011,2026-08-07 00:01:26,MANUAL,False,-7.926253,112.5948984,232.97,0.0,0.0,IDLE,54,-266
1786035686.122,2026-08-07 00:01:26,MANUAL,False,-7.9262531,112.5948984,232.95,0.0,0.0,IDLE,66,-254
1786035686.239,2026-08-07 00:01:26,MANUAL,False,-7.9262531,112.5948984,232.94,0.0,0.0,IDLE,80,-240
1786035686.349,2026-08-07 00:01:26,MANUAL,False,-7.9262532,112.5948985,232.93,0.0,0.0,IDLE,92,-228
1786035686.546,2026-08-07 00:01:26,MANUAL,False,-7.9262532,112.5948985,232.91,0.0,0.0,IDLE,,
1786035686.668,2026-08-07 00:01:26,MANUAL,False,-7.9262532,112.5948985,232.91,0.0,0.0,IDLE,,
1786035686.815,2026-08-07 00:01:26,MANUAL,False,-7.9262532,112.5948984,232.93,0.0,0.0,IDLE,,
1786035687.143,2026-08-07 00:01:27,MANUAL,False,-7.9262533,112.5948986,232.93,0.0,0.0,IDLE,,
1786035687.269,2026-08-07 00:01:27,MANUAL,False,-7.9262533,112.5948986,232.92,0.0,0.0,IDLE,,
1786035687.391,2026-08-07 00:01:27,MANUAL,False,-7.9262532,112.5948987,232.93,0.0,0.0,IDLE,,
1786035687.517,2026-08-07 00:01:27,MANUAL,False,-7.9262532,112.5948987,232.92,0.0,0.0,IDLE,,
1786035687.695,2026-08-07 00:01:27,MANUAL,False,-7.9262529,112.5948985,232.93,0.0,0.0,IDLE,,
1786035687.807,2026-08-07 00:01:27,MANUAL,False,-7.9262529,112.5948985,232.92,0.0,0.0,IDLE,,
1786035687.920,2026-08-07 00:01:27,MANUAL,False,-7.9262529,112.5948985,232.92,0.0,0.0,IDLE,,
1786035688.052,2026-08-07 00:01:28,MANUAL,False,-7.926253,112.5948985,232.92,0.0,0.0,IDLE,,
1786035688.171,2026-08-07 00:01:28,MANUAL,False,-7.926253,112.5948986,232.92,0.0,0.0,IDLE,,
1786035688.285,2026-08-07 00:01:28,MANUAL,False,-7.9262531,112.5948987,232.92,0.0,0.0,IDLE,,
1786035688.422,2026-08-07 00:01:28,MANUAL,False,-7.9262531,112.5948989,232.92,0.0,0.0,IDLE,,
1786035688.579,2026-08-07 00:01:28,MANUAL,False,-7.9262531,112.594899,232.93,0.0,0.0,IDLE,,
1786035688.695,2026-08-07 00:01:28,MANUAL,False,-7.9262531,112.5948991,232.92,0.0,0.0,IDLE,,
1786035688.814,2026-08-07 00:01:28,MANUAL,False,-7.9262531,112.5948992,232.92,0.0,0.0,IDLE,,
1786035688.935,2026-08-07 00:01:28,MANUAL,False,-7.9262532,112.5948993,232.9,0.0,0.0,IDLE,,
1786035689.059,2026-08-07 00:01:29,MANUAL,False,-7.9262532,112.5948995,232.91,0.0,0.0,IDLE,,
1786035689.178,2026-08-07 00:01:29,MANUAL,False,-7.9262532,112.5948997,232.9,0.0,0.0,IDLE,,
1786035689.295,2026-08-07 00:01:29,MANUAL,False,-7.9262531,112.5948998,232.89,0.0,0.0,IDLE,,
1786035689.410,2026-08-07 00:01:29,MANUAL,False,-7.9262531,112.5948999,232.88,0.0,0.0,IDLE,,
1786035689.527,2026-08-07 00:01:29,MANUAL,False,-7.9262531,112.5948999,232.88,0.0,0.0,IDLE,,
1786035689.645,2026-08-07 00:01:29,MANUAL,False,-7.926253,112.5949001,232.87,0.0,0.0,IDLE,,
1786035689.755,2026-08-07 00:01:29,MANUAL,False,-7.926253,112.5949002,232.87,0.0,0.0,IDLE,,
1786035689.872,2026-08-07 00:01:29,MANUAL,False,-7.9262529,112.5949003,232.88,0.0,0.0,IDLE,,
1786035689.997,2026-08-07 00:01:29,MANUAL,False,-7.9262529,112.5949004,232.88,0.0,0.0,IDLE,,
1786035690.112,2026-08-07 00:01:30,MANUAL,False,-7.9262529,112.5949005,232.89,0.0,0.0,IDLE,,
1786035690.230,2026-08-07 00:01:30,MANUAL,False,-7.9262529,112.5949006,232.89,0.0,0.0,IDLE,,
1786035690.343,2026-08-07 00:01:30,MANUAL,False,-7.9262528,112.5949006,232.9,0.0,0.0,IDLE,,
1786035690.455,2026-08-07 00:01:30,MANUAL,False,-7.9262528,112.5949006,232.9,0.0,0.0,IDLE,,
1786035690.569,2026-08-07 00:01:30,MANUAL,False,-7.9262527,112.5949007,232.9,0.0,0.0,IDLE,,
1786035690.688,2026-08-07 00:01:30,MANUAL,False,-7.9262527,112.5949007,232.89,0.0,0.0,IDLE,,
1786035690.810,2026-08-07 00:01:30,MANUAL,False,-7.9262527,112.5949008,232.86,0.0,0.0,IDLE,,
1786035690.921,2026-08-07 00:01:30,MANUAL,False,-7.9262527,112.5949009,232.86,0.0,0.0,IDLE,,
1786035691.035,2026-08-07 00:01:31,MANUAL,False,-7.9262527,112.5949009,232.87,0.0,0.0,IDLE,,
1786035691.148,2026-08-07 00:01:31,MANUAL,False,-7.9262527,112.594901,232.88,0.0,0.0,IDLE,,
1786035691.259,2026-08-07 00:01:31,MANUAL,False,-7.9262527,112.594901,232.88,0.0,0.0,IDLE,,
1786035691.376,2026-08-07 00:01:31,MANUAL,False,-7.9262527,112.594901,232.89,0.0,0.0,IDLE,,
1786035691.489,2026-08-07 00:01:31,MANUAL,False,-7.9262527,112.594901,232.9,0.0,0.0,IDLE,,
1786035691.602,2026-08-07 00:01:31,MANUAL,False,-7.9262527,112.594901,232.92,0.0,0.0,IDLE,7,-313
1786035691.714,2026-08-07 00:01:31,MANUAL,False,-7.9262527,112.594901,232.91,0.0,0.0,IDLE,16,-304
1786035691.827,2026-08-07 00:01:31,MANUAL,False,-7.9262526,112.594901,232.91,0.0,0.0,IDLE,45,-275
1786035691.942,2026-08-07 00:01:31,MANUAL,False,-7.9262526,112.594901,232.91,0.0,0.0,IDLE,0,-320
1786035692.062,2026-08-07 00:01:32,MANUAL,False,-7.9262526,112.5949009,232.89,0.0,0.0,IDLE,0,-320
1786035692.176,2026-08-07 00:01:32,MANUAL,False,-7.9262525,112.5949009,232.9,0.0,0.0,IDLE,,
1786035692.292,2026-08-07 00:01:32,MANUAL,False,-7.9262525,112.5949008,232.89,0.0,0.0,IDLE,,
1786035692.411,2026-08-07 00:01:32,MANUAL,False,-7.9262525,112.5949006,232.88,0.0,0.0,IDLE,,
1786035692.523,2026-08-07 00:01:32,MANUAL,False,-7.9262525,112.5949006,232.88,0.0,0.0,IDLE,,
1786035692.639,2026-08-07 00:01:32,MANUAL,False,-7.9262524,112.5949004,232.87,0.0,0.0,IDLE,,
1786035692.752,2026-08-07 00:01:32,MANUAL,False,-7.9262523,112.5949004,232.87,0.0,0.0,IDLE,,
1786035692.878,2026-08-07 00:01:32,MANUAL,False,-7.9262524,112.5949004,232.86,0.0,0.0,IDLE,,
1786035692.988,2026-08-07 00:01:32,MANUAL,False,-7.9262523,112.5949002,232.85,0.0,0.0,IDLE,,
1786035693.098,2026-08-07 00:01:33,MANUAL,False,-7.9262523,112.5949001,232.86,0.0,0.0,IDLE,,
1786035693.211,2026-08-07 00:01:33,MANUAL,False,-7.9262523,112.5949,232.85,0.0,0.0,IDLE,,
1786035693.321,2026-08-07 00:01:33,MANUAL,False,-7.9262522,112.5948999,232.85,0.0,0.0,IDLE,,
1786035693.432,2026-08-07 00:01:33,MANUAL,False,-7.9262522,112.5948999,232.83,0.0,0.0,IDLE,,
1786035693.541,2026-08-07 00:01:33,MANUAL,False,-7.9262522,112.5948999,232.83,0.0,0.0,IDLE,,
1786035693.653,2026-08-07 00:01:33,MANUAL,False,-7.9262522,112.5948999,232.82,0.0,0.0,IDLE,,
1786035693.767,2026-08-07 00:01:33,MANUAL,False,-7.9262522,112.5948999,232.82,0.0,0.0,IDLE,,
1786035693.885,2026-08-07 00:01:33,MANUAL,False,-7.9262521,112.5948998,232.85,0.0,0.0,IDLE,,
1786035694.000,2026-08-07 00:01:34,MANUAL,False,-7.9262521,112.5948998,232.85,0.0,0.0,IDLE,,
1786035694.113,2026-08-07 00:01:34,MANUAL,False,-7.9262522,112.5948999,232.83,0.0,0.0,IDLE,,
1786035694.229,2026-08-07 00:01:34,MANUAL,False,-7.9262522,112.5948998,232.84,0.0,0.0,IDLE,,
1786035694.345,2026-08-07 00:01:34,MANUAL,False,-7.9262522,112.5948998,232.83,0.0,0.0,IDLE,,
1786035694.462,2026-08-07 00:01:34,MANUAL,False,-7.9262522,112.5948998,232.81,0.0,0.0,IDLE,,
1786035694.575,2026-08-07 00:01:34,MANUAL,False,-7.9262523,112.5948998,232.81,0.0,0.0,IDLE,,
1786035694.712,2026-08-07 00:01:34,MANUAL,False,-7.9262525,112.5948999,232.78,0.0,0.0,IDLE,,
1786035694.825,2026-08-07 00:01:34,MANUAL,False,-7.9262525,112.5949,232.78,0.0,0.0,IDLE,,
1786035694.934,2026-08-07 00:01:34,MANUAL,False,-7.9262525,112.5949,232.77,0.0,0.0,IDLE,,
1786035695.066,2026-08-07 00:01:35,MANUAL,False,-7.9262525,112.5948999,232.78,0.0,0.0,IDLE,,
1786035695.175,2026-08-07 00:01:35,MANUAL,False,-7.9262525,112.5948999,232.79,0.0,0.0,IDLE,,
1786035695.286,2026-08-07 00:01:35,MANUAL,False,-7.9262525,112.5948999,232.81,0.0,0.0,IDLE,,
1786035695.398,2026-08-07 00:01:35,MANUAL,False,-7.9262525,112.5948999,232.8,0.0,0.0,IDLE,,
1786035695.513,2026-08-07 00:01:35,MANUAL,False,-7.9262525,112.5948999,232.81,0.0,0.0,IDLE,,
1786035695.627,2026-08-07 00:01:35,MANUAL,False,-7.9262525,112.5948996,232.82,0.0,0.0,IDLE,,
1786035695.742,2026-08-07 00:01:35,MANUAL,False,-7.9262524,112.5948994,232.83,0.0,0.0,IDLE,,
1786035695.860,2026-08-07 00:01:35,MANUAL,False,-7.9262524,112.5948993,232.82,0.0,0.0,IDLE,,
1786035695.973,2026-08-07 00:01:35,MANUAL,False,-7.9262523,112.5948991,232.83,0.0,0.0,IDLE,,
1786035696.103,2026-08-07 00:01:36,MANUAL,False,-7.9262523,112.594899,232.84,0.0,0.0,IDLE,,
1786035696.371,2026-08-07 00:01:36,MANUAL,False,-7.926252,112.5948987,232.83,0.0,0.0,IDLE,,
1786035696.650,2026-08-07 00:01:36,MANUAL,False,-7.926252,112.5948986,232.81,0.0,0.0,IDLE,,
1786035697.058,2026-08-07 00:01:37,MANUAL,False,-7.9262524,112.5948987,232.79,0.0,0.0,IDLE,,
1786035697.221,2026-08-07 00:01:37,MANUAL,False,-7.9262527,112.5948988,232.81,0.0,0.0,IDLE,,
1786035697.341,2026-08-07 00:01:37,MANUAL,False,-7.9262528,112.5948987,232.81,0.0,0.0,IDLE,,
1786035697.458,2026-08-07 00:01:37,MANUAL,False,-7.9262528,112.5948986,232.81,0.0,0.0,IDLE,,
1786035697.580,2026-08-07 00:01:37,MANUAL,False,-7.9262528,112.5948986,232.82,0.0,0.0,IDLE,,
1786035697.708,2026-08-07 00:01:37,MANUAL,False,-7.9262528,112.5948985,232.82,0.0,0.0,IDLE,,
1786035697.827,2026-08-07 00:01:37,MANUAL,False,-7.9262527,112.5948981,232.82,0.0,0.0,IDLE,,
1786035697.947,2026-08-07 00:01:37,MANUAL,False,-7.9262527,112.594898,232.83,0.0,0.0,IDLE,,
1786035698.065,2026-08-07 00:01:38,MANUAL,False,-7.9262527,112.5948979,232.81,0.0,0.0,IDLE,,
1786035698.187,2026-08-07 00:01:38,MANUAL,False,-7.9262527,112.5948979,232.81,0.0,0.0,IDLE,,
1786035698.386,2026-08-07 00:01:38,MANUAL,False,-7.9262528,112.5948977,232.8,0.0,0.0,IDLE,,
1786035698.513,2026-08-07 00:01:38,MANUAL,False,-7.9262528,112.5948976,232.81,0.0,0.0,IDLE,,
1786035698.629,2026-08-07 00:01:38,MANUAL,False,-7.9262528,112.5948974,232.8,0.0,0.0,IDLE,,
1786035698.744,2026-08-07 00:01:38,MANUAL,False,-7.9262528,112.5948973,232.79,0.0,0.0,IDLE,,
1786035698.864,2026-08-07 00:01:38,MANUAL,False,-7.9262527,112.5948972,232.79,0.0,0.0,IDLE,,
1786035698.974,2026-08-07 00:01:38,MANUAL,False,-7.9262527,112.5948971,232.79,0.0,0.0,IDLE,,
1786035699.091,2026-08-07 00:01:39,MANUAL,False,-7.9262527,112.594897,232.79,0.0,0.0,IDLE,,
1786035699.208,2026-08-07 00:01:39,MANUAL,False,-7.9262529,112.5948969,232.8,0.0,0.0,IDLE,,
1786035699.346,2026-08-07 00:01:39,MANUAL,False,-7.9262529,112.5948969,232.84,0.0,0.0,IDLE,,
1786035699.468,2026-08-07 00:01:39,MANUAL,False,-7.9262529,112.5948968,232.84,0.0,0.0,IDLE,,
1786035699.589,2026-08-07 00:01:39,MANUAL,False,-7.9262529,112.5948967,232.85,0.0,0.0,IDLE,,
1786035699.728,2026-08-07 00:01:39,MANUAL,False,-7.9262528,112.5948965,232.85,0.0,0.0,IDLE,,
1786035699.844,2026-08-07 00:01:39,MANUAL,False,-7.9262528,112.5948963,232.85,0.0,0.0,IDLE,,
1786035699.964,2026-08-07 00:01:39,MANUAL,False,-7.9262527,112.5948962,232.86,0.0,0.0,IDLE,,
1786035700.279,2026-08-07 00:01:40,MANUAL,False,-7.9262524,112.5948956,232.84,0.0,0.0,IDLE,,
1786035700.393,2026-08-07 00:01:40,MANUAL,False,-7.9262524,112.5948955,232.84,0.0,0.0,IDLE,,
1786035700.507,2026-08-07 00:01:40,MANUAL,False,-7.9262523,112.5948953,232.84,0.0,0.0,IDLE,,
1786035700.622,2026-08-07 00:01:40,MANUAL,False,-7.9262524,112.5948952,232.84,0.0,0.0,IDLE,,
1786035700.734,2026-08-07 00:01:40,MANUAL,False,-7.9262524,112.5948952,232.82,0.0,0.0,IDLE,,
1786035700.849,2026-08-07 00:01:40,MANUAL,False,-7.9262525,112.5948951,232.82,0.0,0.0,IDLE,,
1786035700.963,2026-08-07 00:01:40,MANUAL,False,-7.9262526,112.5948951,232.82,0.0,0.0,IDLE,,
1786035701.084,2026-08-07 00:01:41,MANUAL,False,-7.9262526,112.594895,232.83,0.0,0.0,IDLE,,
1786035701.211,2026-08-07 00:01:41,MANUAL,False,-7.9262527,112.5948948,232.83,0.0,0.0,IDLE,,
1786035701.340,2026-08-07 00:01:41,MANUAL,False,-7.9262527,112.5948947,232.83,0.0,0.0,IDLE,,
1786035701.465,2026-08-07 00:01:41,MANUAL,False,-7.9262527,112.5948945,232.83,0.0,0.0,IDLE,,
1786035701.579,2026-08-07 00:01:41,MANUAL,False,-7.9262526,112.5948944,232.82,0.0,0.0,IDLE,,
1786035701.709,2026-08-07 00:01:41,MANUAL,False,-7.9262525,112.5948943,232.82,0.0,0.0,IDLE,,
1786035701.845,2026-08-07 00:01:41,MANUAL,False,-7.9262524,112.5948941,232.83,0.0,0.0,IDLE,,
1786035701.968,2026-08-07 00:01:41,MANUAL,False,-7.9262523,112.594894,232.83,0.0,0.0,IDLE,,
1786035702.095,2026-08-07 00:01:42,MANUAL,False,-7.9262523,112.594894,232.83,0.0,0.0,IDLE,,
1786035702.262,2026-08-07 00:01:42,MANUAL,False,-7.9262523,112.5948939,232.81,0.0,0.0,IDLE,,
1786035702.405,2026-08-07 00:01:42,MANUAL,False,-7.9262523,112.5948939,232.81,0.0,0.0,IDLE,,
1786035702.533,2026-08-07 00:01:42,MANUAL,False,-7.9262523,112.5948938,232.82,0.0,0.0,IDLE,,
1786035702.652,2026-08-07 00:01:42,MANUAL,False,-7.9262522,112.5948936,232.79,0.0,0.0,IDLE,,
1786035702.772,2026-08-07 00:01:42,MANUAL,False,-7.9262521,112.5948934,232.79,0.0,0.0,IDLE,,
1786035702.906,2026-08-07 00:01:42,MANUAL,False,-7.926252,112.5948933,232.8,0.0,0.0,IDLE,,
1786035703.032,2026-08-07 00:01:43,MANUAL,False,-7.926252,112.5948931,232.81,0.0,0.0,IDLE,,
1786035703.151,2026-08-07 00:01:43,MANUAL,False,-7.926252,112.5948931,232.81,0.0,0.0,IDLE,,
1786035703.275,2026-08-07 00:01:43,MANUAL,False,-7.9262521,112.5948931,232.8,0.0,0.0,IDLE,,
1786035703.387,2026-08-07 00:01:43,MANUAL,False,-7.9262521,112.5948931,232.79,0.0,0.0,IDLE,,
1786035703.524,2026-08-07 00:01:43,MANUAL,False,-7.9262521,112.594893,232.78,0.0,0.0,IDLE,,
1786035703.663,2026-08-07 00:01:43,MANUAL,False,-7.9262522,112.594893,232.77,0.0,0.0,IDLE,,
1786035703.858,2026-08-07 00:01:43,MANUAL,False,-7.9262522,112.5948927,232.78,0.0,0.0,IDLE,,
1786035703.971,2026-08-07 00:01:43,MANUAL,False,-7.9262521,112.5948926,232.77,0.0,0.0,IDLE,,
1786035704.123,2026-08-07 00:01:44,MANUAL,False,-7.926252,112.5948925,232.77,0.0,0.0,IDLE,,
1786035704.255,2026-08-07 00:01:44,MANUAL,False,-7.9262519,112.5948924,232.76,0.0,0.0,IDLE,,
1786035704.472,2026-08-07 00:01:44,MANUAL,False,-7.9262518,112.5948922,232.76,0.0,0.0,IDLE,,
1786035705.160,2026-08-07 00:01:45,MANUAL,False,-7.9262511,112.5948913,232.75,0.0,0.0,IDLE,,
1786035705.337,2026-08-07 00:01:45,MANUAL,False,-7.9262511,112.5948913,232.76,0.0,0.0,IDLE,,
1786035705.463,2026-08-07 00:01:45,MANUAL,False,-7.926251,112.5948912,232.77,0.0,0.0,IDLE,,
1786035705.588,2026-08-07 00:01:45,MANUAL,False,-7.926251,112.5948911,232.77,0.0,0.0,IDLE,,
1786035705.718,2026-08-07 00:01:45,MANUAL,False,-7.926251,112.594891,232.78,0.0,0.0,IDLE,,
1786035705.842,2026-08-07 00:01:45,MANUAL,False,-7.926251,112.5948909,232.77,0.0,0.0,IDLE,,
1786035705.991,2026-08-07 00:01:45,MANUAL,False,-7.9262511,112.5948909,232.78,0.0,0.0,IDLE,,
1786035706.134,2026-08-07 00:01:46,MANUAL,False,-7.9262511,112.5948909,232.77,0.0,0.0,IDLE,,
1786035706.305,2026-08-07 00:01:46,MANUAL,False,-7.9262512,112.594891,232.77,0.0,0.0,IDLE,,
1786035706.426,2026-08-07 00:01:46,MANUAL,False,-7.9262513,112.594891,232.78,0.0,0.0,IDLE,,
1786035706.560,2026-08-07 00:01:46,MANUAL,False,-7.9262513,112.5948909,232.78,0.0,0.0,IDLE,,
1786035706.678,2026-08-07 00:01:46,MANUAL,False,-7.9262512,112.5948908,232.79,0.0,0.0,IDLE,,
1786035706.796,2026-08-07 00:01:46,MANUAL,False,-7.9262511,112.5948907,232.78,0.0,0.0,IDLE,,
1786035706.921,2026-08-07 00:01:46,MANUAL,False,-7.9262509,112.5948905,232.79,0.0,0.0,IDLE,,
1786035707.043,2026-08-07 00:01:47,MANUAL,False,-7.9262509,112.5948905,232.8,0.0,0.0,IDLE,,
1786035707.165,2026-08-07 00:01:47,MANUAL,False,-7.9262509,112.5948905,232.79,0.0,0.0,IDLE,,
1786035707.288,2026-08-07 00:01:47,MANUAL,False,-7.9262509,112.5948905,232.78,0.0,0.0,IDLE,,
1786035707.404,2026-08-07 00:01:47,MANUAL,False,-7.9262509,112.5948904,232.76,0.0,0.0,IDLE,,
1786035707.524,2026-08-07 00:01:47,MANUAL,False,-7.9262509,112.5948904,232.77,0.0,0.0,IDLE,,
1786035707.685,2026-08-07 00:01:47,MANUAL,False,-7.9262507,112.5948903,232.76,0.0,0.0,IDLE,,
1786035707.810,2026-08-07 00:01:47,MANUAL,False,-7.9262505,112.5948901,232.77,0.0,0.0,IDLE,,
1786035707.927,2026-08-07 00:01:47,MANUAL,False,-7.9262504,112.5948901,232.78,0.0,0.0,IDLE,,
1786035708.054,2026-08-07 00:01:48,MANUAL,False,-7.9262504,112.5948901,232.78,0.0,0.0,IDLE,,
1786035708.178,2026-08-07 00:01:48,MANUAL,False,-7.9262504,112.5948901,232.79,0.0,0.0,IDLE,,
1786035708.296,2026-08-07 00:01:48,MANUAL,False,-7.9262504,112.5948902,232.81,0.0,0.0,IDLE,,
1786035708.416,2026-08-07 00:01:48,MANUAL,False,-7.9262502,112.5948901,232.81,0.0,0.0,IDLE,,
1786035708.541,2026-08-07 00:01:48,MANUAL,False,-7.9262502,112.5948901,232.81,0.0,0.0,IDLE,,
1786035708.663,2026-08-07 00:01:48,MANUAL,False,-7.9262501,112.59489,232.8,0.0,0.0,IDLE,,
1786035708.788,2026-08-07 00:01:48,MANUAL,False,-7.92625,112.5948899,232.81,0.0,0.0,IDLE,,
1786035708.903,2026-08-07 00:01:48,MANUAL,False,-7.9262499,112.5948899,232.82,0.0,0.0,IDLE,,
1786035709.024,2026-08-07 00:01:49,MANUAL,False,-7.9262495,112.5948897,232.8,0.0,0.0,IDLE,,
1786035709.149,2026-08-07 00:01:49,MANUAL,False,-7.9262494,112.5948896,232.82,0.0,0.0,IDLE,,
1786035709.268,2026-08-07 00:01:49,MANUAL,False,-7.9262492,112.5948894,232.82,0.0,0.0,IDLE,,
1786035709.387,2026-08-07 00:01:49,MANUAL,False,-7.926249,112.5948892,232.83,0.0,0.0,IDLE,,
1786035709.520,2026-08-07 00:01:49,MANUAL,False,-7.9262487,112.594889,232.84,0.0,0.0,IDLE,,
1786035709.642,2026-08-07 00:01:49,MANUAL,False,-7.9262486,112.594889,232.83,0.0,0.0,IDLE,,
1786035709.780,2026-08-07 00:01:49,MANUAL,False,-7.9262485,112.5948889,232.83,0.0,0.0,IDLE,,
1786035709.977,2026-08-07 00:01:49,MANUAL,False,-7.9262483,112.5948887,232.86,0.0,0.0,IDLE,,
1786035710.152,2026-08-07 00:01:50,MANUAL,False,-7.9262483,112.5948889,232.86,0.0,0.0,IDLE,,
1786035710.274,2026-08-07 00:01:50,MANUAL,False,-7.9262484,112.594889,232.87,0.0,0.0,IDLE,,
1786035710.387,2026-08-07 00:01:50,MANUAL,False,-7.9262484,112.594889,232.87,0.0,0.0,IDLE,,
1786035710.500,2026-08-07 00:01:50,MANUAL,False,-7.9262484,112.5948891,232.86,0.0,0.0,IDLE,,
1786035710.624,2026-08-07 00:01:50,MANUAL,False,-7.9262484,112.5948892,232.87,0.0,0.0,IDLE,,
1786035710.796,2026-08-07 00:01:50,MANUAL,False,-7.9262483,112.5948892,232.87,0.0,0.0,IDLE,,
1786035710.965,2026-08-07 00:01:50,MANUAL,False,-7.9262481,112.5948892,232.88,0.0,0.0,IDLE,,
1786035711.073,2026-08-07 00:01:51,MANUAL,False,-7.9262481,112.5948892,232.88,0.0,0.0,IDLE,,
1786035711.299,2026-08-07 00:01:51,MANUAL,False,-7.926248,112.5948892,232.91,0.0,0.0,IDLE,,
1786035711.470,2026-08-07 00:01:51,MANUAL,False,-7.926248,112.5948895,232.93,0.0,0.0,IDLE,,
1786035711.584,2026-08-07 00:01:51,MANUAL,False,-7.926248,112.5948896,232.94,0.0,0.0,IDLE,,
1786035711.705,2026-08-07 00:01:51,MANUAL,False,-7.926248,112.5948896,232.94,0.0,0.0,IDLE,,
1786035711.856,2026-08-07 00:01:51,MANUAL,False,-7.926248,112.5948899,232.95,0.0,0.0,IDLE,,
1786035712.007,2026-08-07 00:01:52,MANUAL,False,-7.926248,112.59489,232.95,0.0,0.0,IDLE,,
1786035712.123,2026-08-07 00:01:52,MANUAL,False,-7.9262481,112.5948903,232.96,0.0,0.0,IDLE,,
1786035712.236,2026-08-07 00:01:52,MANUAL,False,-7.926248,112.5948903,232.96,0.0,0.0,IDLE,,
1786035712.350,2026-08-07 00:01:52,MANUAL,False,-7.9262481,112.5948906,232.96,0.0,0.0,IDLE,,
1786035712.464,2026-08-07 00:01:52,MANUAL,False,-7.9262481,112.5948906,232.98,0.0,0.0,IDLE,,
1786035712.594,2026-08-07 00:01:52,MANUAL,False,-7.9262481,112.5948908,232.99,0.0,0.0,IDLE,,
1786035712.710,2026-08-07 00:01:52,MANUAL,False,-7.9262482,112.5948911,232.97,0.0,0.0,IDLE,,
1786035712.831,2026-08-07 00:01:52,MANUAL,False,-7.9262483,112.5948914,232.97,0.0,0.0,IDLE,,
1786035713.038,2026-08-07 00:01:53,MANUAL,False,-7.9262485,112.5948918,232.98,0.0,0.0,IDLE,,
1786035713.306,2026-08-07 00:01:53,MANUAL,False,-7.9262487,112.5948922,232.99,0.0,0.0,IDLE,,
1786035713.497,2026-08-07 00:01:53,MANUAL,False,-7.9262487,112.5948925,232.98,0.0,0.0,IDLE,,
1786035713.624,2026-08-07 00:01:53,MANUAL,False,-7.9262487,112.5948928,232.99,0.0,0.0,IDLE,,
1786035713.738,2026-08-07 00:01:53,MANUAL,False,-7.9262486,112.5948929,233.0,0.0,0.0,IDLE,,
1786035713.851,2026-08-07 00:01:53,MANUAL,False,-7.9262486,112.5948928,233.01,0.0,0.0,IDLE,,
1786035713.964,2026-08-07 00:01:53,MANUAL,False,-7.9262485,112.5948929,233.02,0.0,0.0,IDLE,,
1786035714.080,2026-08-07 00:01:54,MANUAL,False,-7.9262484,112.5948929,233.01,0.0,0.0,IDLE,,
1786035714.199,2026-08-07 00:01:54,MANUAL,False,-7.9262483,112.594893,233.01,0.0,0.0,IDLE,,
1786035714.314,2026-08-07 00:01:54,MANUAL,False,-7.9262483,112.5948932,233.0,0.0,0.0,IDLE,,
1786035714.432,2026-08-07 00:01:54,MANUAL,False,-7.9262483,112.5948933,232.99,0.0,0.0,IDLE,,
1786035714.546,2026-08-07 00:01:54,MANUAL,False,-7.9262483,112.5948933,232.99,0.0,0.0,IDLE,,
1786035714.662,2026-08-07 00:01:54,MANUAL,False,-7.9262484,112.5948934,233.0,0.0,0.0,IDLE,,
1786035714.772,2026-08-07 00:01:54,MANUAL,False,-7.9262483,112.5948935,233.0,0.0,0.0,IDLE,,
1786035714.883,2026-08-07 00:01:54,MANUAL,False,-7.9262482,112.5948935,233.01,0.0,0.0,IDLE,,
1786035714.998,2026-08-07 00:01:54,MANUAL,False,-7.9262482,112.5948935,233.03,0.0,0.0,IDLE,,
1786035715.113,2026-08-07 00:01:55,MANUAL,False,-7.9262481,112.5948935,233.03,0.0,0.0,IDLE,,
1786035715.233,2026-08-07 00:01:55,MANUAL,False,-7.9262481,112.5948936,233.04,0.0,0.0,IDLE,,
1786035715.351,2026-08-07 00:01:55,MANUAL,False,-7.9262482,112.5948936,233.04,0.0,0.0,IDLE,,
1786035715.464,2026-08-07 00:01:55,MANUAL,False,-7.9262482,112.5948936,233.03,0.0,0.0,IDLE,,
1786035715.578,2026-08-07 00:01:55,MANUAL,False,-7.9262482,112.5948937,233.02,0.0,0.0,IDLE,,
1786035715.693,2026-08-07 00:01:55,MANUAL,False,-7.9262482,112.5948937,233.02,0.0,0.0,IDLE,,
1786035715.806,2026-08-07 00:01:55,MANUAL,False,-7.9262482,112.5948937,233.01,0.0,0.0,IDLE,,
1786035715.926,2026-08-07 00:01:55,MANUAL,False,-7.9262482,112.5948937,233.01,0.0,0.0,IDLE,,
1786035716.035,2026-08-07 00:01:56,MANUAL,False,-7.9262482,112.5948938,233.0,0.0,0.0,IDLE,,
1786035716.153,2026-08-07 00:01:56,MANUAL,False,-7.9262482,112.5948938,233.0,0.0,0.0,IDLE,,
1786035716.271,2026-08-07 00:01:56,MANUAL,False,-7.9262482,112.5948938,232.99,0.0,0.0,IDLE,,
1786035716.387,2026-08-07 00:01:56,MANUAL,False,-7.9262482,112.5948938,233.01,0.0,0.0,IDLE,,
1786035716.502,2026-08-07 00:01:56,MANUAL,False,-7.9262482,112.5948939,232.99,0.0,0.0,IDLE,,
1786035716.617,2026-08-07 00:01:56,MANUAL,False,-7.9262482,112.5948938,233.01,0.0,0.0,IDLE,,
1786035716.734,2026-08-07 00:01:56,MANUAL,False,-7.9262482,112.5948937,232.99,0.0,0.0,IDLE,,
1786035716.846,2026-08-07 00:01:56,MANUAL,False,-7.9262482,112.5948936,233.0,0.0,0.0,IDLE,,
1786035716.958,2026-08-07 00:01:56,MANUAL,False,-7.9262482,112.5948935,232.99,0.0,0.0,IDLE,,
1786035717.075,2026-08-07 00:01:57,MANUAL,False,-7.9262482,112.5948935,232.99,0.0,0.0,IDLE,,
1786035717.193,2026-08-07 00:01:57,MANUAL,False,-7.9262482,112.5948935,233.0,0.0,0.0,IDLE,,
1786035717.310,2026-08-07 00:01:57,MANUAL,False,-7.9262482,112.5948933,232.99,0.0,0.0,IDLE,,
1786035717.423,2026-08-07 00:01:57,MANUAL,False,-7.9262482,112.5948933,232.99,0.0,0.0,IDLE,,
1786035717.538,2026-08-07 00:01:57,MANUAL,False,-7.9262482,112.5948933,232.99,0.0,0.0,IDLE,,
1786035717.657,2026-08-07 00:01:57,MANUAL,False,-7.9262484,112.5948933,232.98,0.0,0.0,IDLE,,
1786035717.773,2026-08-07 00:01:57,MANUAL,False,-7.9262484,112.5948933,232.99,0.0,0.0,IDLE,,
1786035717.888,2026-08-07 00:01:57,MANUAL,False,-7.9262484,112.5948932,233.0,0.0,0.0,IDLE,,
1786035718.004,2026-08-07 00:01:58,MANUAL,False,-7.9262484,112.5948931,233.02,0.0,0.0,IDLE,,
1786035718.120,2026-08-07 00:01:58,MANUAL,False,-7.9262482,112.5948928,233.0,0.0,0.0,IDLE,,
1786035718.231,2026-08-07 00:01:58,MANUAL,False,-7.9262482,112.5948927,232.99,0.0,0.0,IDLE,,
1786035718.343,2026-08-07 00:01:58,MANUAL,False,-7.9262479,112.5948924,233.02,0.0,0.0,IDLE,,
1786035718.459,2026-08-07 00:01:58,MANUAL,False,-7.9262478,112.5948924,233.1,0.0,0.0,IDLE,,
1786035718.581,2026-08-07 00:01:58,MANUAL,False,-7.9262477,112.5948923,233.06,0.0,0.0,IDLE,,
1786035718.696,2026-08-07 00:01:58,MANUAL,False,-7.9262476,112.5948923,233.05,0.0,0.0,IDLE,,
1786035718.808,2026-08-07 00:01:58,MANUAL,False,-7.9262476,112.5948922,233.05,0.0,0.0,IDLE,,
1786035718.922,2026-08-07 00:01:58,MANUAL,False,-7.9262475,112.5948923,233.05,0.0,0.0,IDLE,,
1786035719.044,2026-08-07 00:01:59,MANUAL,False,-7.9262475,112.5948923,233.07,0.0,0.0,IDLE,,
1786035719.163,2026-08-07 00:01:59,MANUAL,False,-7.9262474,112.5948923,233.09,0.0,0.0,IDLE,,
1786035719.289,2026-08-07 00:01:59,MANUAL,False,-7.9262473,112.5948923,233.1,0.0,0.0,IDLE,,
1786035719.426,2026-08-07 00:01:59,MANUAL,False,-7.9262472,112.5948922,233.09,0.0,0.0,IDLE,,
1786035719.543,2026-08-07 00:01:59,MANUAL,False,-7.9262471,112.5948921,233.09,0.0,0.0,IDLE,,
1786035719.674,2026-08-07 00:01:59,MANUAL,False,-7.9262471,112.594892,233.09,0.0,0.0,IDLE,,
1786035719.854,2026-08-07 00:01:59,MANUAL,False,-7.9262471,112.594892,233.08,0.0,0.0,IDLE,,
1786035720.131,2026-08-07 00:02:00,MANUAL,False,-7.9262469,112.5948917,233.09,0.0,0.0,IDLE,,
1786035720.248,2026-08-07 00:02:00,MANUAL,False,-7.9262467,112.5948916,233.08,0.0,0.0,IDLE,,
1786035720.370,2026-08-07 00:02:00,MANUAL,False,-7.9262466,112.5948916,233.1,0.0,0.0,IDLE,,
1786035720.508,2026-08-07 00:02:00,MANUAL,False,-7.9262465,112.5948915,233.09,0.0,0.0,IDLE,,
1786035720.625,2026-08-07 00:02:00,MANUAL,False,-7.9262463,112.5948913,233.1,0.0,0.0,IDLE,,
1786035720.754,2026-08-07 00:02:00,MANUAL,False,-7.9262462,112.5948912,233.09,0.0,0.0,IDLE,,
1786035720.876,2026-08-07 00:02:00,MANUAL,False,-7.9262461,112.5948912,233.1,0.0,0.0,IDLE,,
1786035721.001,2026-08-07 00:02:01,MANUAL,False,-7.926246,112.5948912,233.11,0.0,0.0,IDLE,,
1786035721.145,2026-08-07 00:02:01,MANUAL,False,-7.9262459,112.5948911,233.1,0.0,0.0,IDLE,,
1786035721.291,2026-08-07 00:02:01,MANUAL,False,-7.9262459,112.5948911,233.11,0.0,0.0,IDLE,,
1786035721.423,2026-08-07 00:02:01,MANUAL,False,-7.9262458,112.594891,233.11,0.0,0.0,IDLE,,
1786035721.545,2026-08-07 00:02:01,MANUAL,False,-7.9262458,112.5948909,233.1,0.0,0.0,IDLE,,
1786035721.687,2026-08-07 00:02:01,MANUAL,False,-7.9262457,112.5948907,233.11,0.0,0.0,IDLE,,
1786035722.149,2026-08-07 00:02:02,MANUAL,False,-7.9262453,112.59489,233.11,0.0,0.0,IDLE,,
1786035722.619,2026-08-07 00:02:02,MANUAL,False,-7.9262456,112.5948901,233.13,0.0,0.0,IDLE,,
1786035722.776,2026-08-07 00:02:02,MANUAL,False,-7.9262457,112.5948902,233.14,0.0,0.0,IDLE,,
1786035723.100,2026-08-07 00:02:03,MANUAL,False,-7.926246,112.5948904,233.15,0.0,0.0,IDLE,,
1786035723.285,2026-08-07 00:02:03,MANUAL,False,-7.9262462,112.5948905,233.13,0.0,0.0,IDLE,,
1786035723.420,2026-08-07 00:02:03,MANUAL,False,-7.9262463,112.5948905,233.14,0.0,0.0,IDLE,,
1786035723.598,2026-08-07 00:02:03,MANUAL,False,-7.9262464,112.5948904,233.16,0.0,0.0,IDLE,,
1786035723.718,2026-08-07 00:02:03,MANUAL,False,-7.9262464,112.5948904,233.17,0.0,0.0,IDLE,,
1786035723.855,2026-08-07 00:02:03,MANUAL,False,-7.9262464,112.5948904,233.17,0.0,0.0,IDLE,,
1786035724.033,2026-08-07 00:02:04,MANUAL,False,-7.9262463,112.5948903,233.14,0.0,0.0,IDLE,,
1786035724.195,2026-08-07 00:02:04,MANUAL,False,-7.9262463,112.5948903,233.14,0.0,0.0,IDLE,,
1786035724.327,2026-08-07 00:02:04,MANUAL,False,-7.9262462,112.5948901,233.16,0.0,0.0,IDLE,,
1786035724.444,2026-08-07 00:02:04,MANUAL,False,-7.9262461,112.5948901,233.16,0.0,0.0,IDLE,,
1786035724.562,2026-08-07 00:02:04,MANUAL,False,-7.9262461,112.5948901,233.15,0.0,0.0,IDLE,,
1786035724.764,2026-08-07 00:02:04,MANUAL,False,-7.9262459,112.59489,233.14,0.0,0.0,IDLE,,
1786035724.979,2026-08-07 00:02:04,MANUAL,False,-7.9262459,112.5948899,233.12,0.0,0.0,IDLE,,
1786035725.137,2026-08-07 00:02:05,MANUAL,False,-7.9262459,112.5948899,233.13,0.0,0.0,IDLE,,
1786035725.261,2026-08-07 00:02:05,MANUAL,False,-7.9262459,112.59489,233.12,0.0,0.0,IDLE,,
1786035725.382,2026-08-07 00:02:05,MANUAL,False,-7.9262459,112.5948901,233.11,0.0,0.0,IDLE,,
1786035725.504,2026-08-07 00:02:05,MANUAL,False,-7.926246,112.5948902,233.13,0.0,0.0,IDLE,,
1786035725.619,2026-08-07 00:02:05,MANUAL,False,-7.9262461,112.5948903,233.14,0.0,0.0,IDLE,,
1786035725.737,2026-08-07 00:02:05,MANUAL,False,-7.926246,112.5948903,233.13,0.0,0.0,IDLE,,
1786035725.855,2026-08-07 00:02:05,MANUAL,False,-7.926246,112.5948904,233.14,0.0,0.0,IDLE,,
1786035725.968,2026-08-07 00:02:05,MANUAL,False,-7.9262459,112.5948904,233.14,0.0,0.0,IDLE,,
1786035726.082,2026-08-07 00:02:06,MANUAL,False,-7.9262459,112.5948904,233.15,0.0,0.0,IDLE,,
1786035726.206,2026-08-07 00:02:06,MANUAL,False,-7.9262459,112.5948904,233.15,0.0,0.0,IDLE,,
1786035726.339,2026-08-07 00:02:06,MANUAL,False,-7.9262458,112.5948905,233.15,0.0,0.0,IDLE,,
1786035726.470,2026-08-07 00:02:06,MANUAL,False,-7.9262458,112.5948905,233.14,0.0,0.0,IDLE,,
1786035726.595,2026-08-07 00:02:06,MANUAL,False,-7.9262458,112.5948907,233.13,0.0,0.0,IDLE,,
1786035726.740,2026-08-07 00:02:06,MANUAL,False,-7.9262459,112.5948909,233.13,0.0,0.0,IDLE,,
1786035726.873,2026-08-07 00:02:06,MANUAL,False,-7.9262459,112.594891,233.12,0.0,0.0,IDLE,,
1786035726.987,2026-08-07 00:02:06,MANUAL,False,-7.9262459,112.5948911,233.12,0.0,0.0,IDLE,,
1786035727.101,2026-08-07 00:02:07,MANUAL,False,-7.9262459,112.5948912,233.11,0.0,0.0,IDLE,,
1786035727.224,2026-08-07 00:02:07,MANUAL,False,-7.9262457,112.5948911,233.1,0.0,0.0,IDLE,,
1786035727.336,2026-08-07 00:02:07,MANUAL,False,-7.9262455,112.5948909,233.11,0.0,0.0,IDLE,,
1786035727.463,2026-08-07 00:02:07,MANUAL,False,-7.9262453,112.5948908,233.12,0.0,0.0,IDLE,,
1786035727.584,2026-08-07 00:02:07,MANUAL,False,-7.9262452,112.5948908,233.11,0.0,0.0,IDLE,,
1786035727.696,2026-08-07 00:02:07,MANUAL,False,-7.9262451,112.5948908,233.12,0.0,0.0,IDLE,,
1786035727.809,2026-08-07 00:02:07,MANUAL,False,-7.9262449,112.5948906,233.1,0.0,0.0,IDLE,,
1786035727.928,2026-08-07 00:02:07,MANUAL,False,-7.9262447,112.5948906,233.1,0.0,0.0,IDLE,,
1786035728.052,2026-08-07 00:02:08,MANUAL,False,-7.9262446,112.5948905,233.1,0.0,0.0,IDLE,,
1786035728.165,2026-08-07 00:02:08,MANUAL,False,-7.9262444,112.5948905,233.09,0.0,0.0,IDLE,,
1786035728.279,2026-08-07 00:02:08,MANUAL,False,-7.9262443,112.5948904,233.08,0.0,0.0,IDLE,,
1786035728.398,2026-08-07 00:02:08,MANUAL,False,-7.9262442,112.5948904,233.08,0.0,0.0,IDLE,,
1786035728.528,2026-08-07 00:02:08,MANUAL,False,-7.9262441,112.5948905,233.06,0.0,0.0,IDLE,,
1786035728.655,2026-08-07 00:02:08,MANUAL,False,-7.926244,112.5948905,233.05,0.0,0.0,IDLE,,
1786035728.769,2026-08-07 00:02:08,MANUAL,False,-7.9262438,112.5948904,233.06,0.0,0.0,IDLE,,
1786035728.895,2026-08-07 00:02:08,MANUAL,False,-7.9262436,112.5948904,233.06,0.0,0.0,IDLE,,
1786035729.005,2026-08-07 00:02:09,MANUAL,False,-7.9262435,112.5948903,233.05,0.0,0.0,IDLE,,
1786035729.127,2026-08-07 00:02:09,MANUAL,False,-7.9262433,112.5948902,233.03,0.0,0.0,IDLE,,
1786035729.260,2026-08-07 00:02:09,MANUAL,False,-7.9262433,112.5948903,233.01,0.0,0.0,IDLE,,
1786035729.372,2026-08-07 00:02:09,MANUAL,False,-7.9262433,112.5948904,233.01,0.0,0.0,IDLE,,
1786035729.486,2026-08-07 00:02:09,MANUAL,False,-7.9262433,112.5948904,233.01,0.0,0.0,IDLE,,
1786035729.611,2026-08-07 00:02:09,MANUAL,False,-7.9262433,112.5948904,232.99,0.0,0.0,IDLE,,
1786035729.734,2026-08-07 00:02:09,MANUAL,False,-7.9262433,112.5948904,232.99,0.0,0.0,IDLE,,
1786035730.076,2026-08-07 00:02:10,MANUAL,False,-7.9262433,112.5948906,232.97,0.0,0.0,IDLE,,
1786035730.263,2026-08-07 00:02:10,MANUAL,False,-7.9262432,112.5948907,232.96,0.0,0.0,IDLE,,
1786035730.392,2026-08-07 00:02:10,MANUAL,False,-7.926243,112.5948906,232.97,0.0,0.0,IDLE,,
1786035730.507,2026-08-07 00:02:10,MANUAL,False,-7.9262429,112.5948904,232.98,0.0,0.0,IDLE,,
1786035730.770,2026-08-07 00:02:10,MANUAL,False,-7.9262426,112.5948903,232.99,0.0,0.0,IDLE,,
1786035730.976,2026-08-07 00:02:10,MANUAL,False,-7.9262424,112.5948902,232.97,0.0,0.0,IDLE,,
1786035731.088,2026-08-07 00:02:11,MANUAL,False,-7.9262423,112.5948901,232.97,0.0,0.0,IDLE,,
1786035731.205,2026-08-07 00:02:11,MANUAL,False,-7.9262422,112.59489,232.98,0.0,0.0,IDLE,,
1786035731.323,2026-08-07 00:02:11,MANUAL,False,-7.9262418,112.5948897,232.97,0.0,0.0,IDLE,,
1786035731.440,2026-08-07 00:02:11,MANUAL,False,-7.9262417,112.5948896,232.97,0.0,0.0,IDLE,,
1786035731.575,2026-08-07 00:02:11,MANUAL,False,-7.9262416,112.5948895,232.99,0.0,0.0,IDLE,,
1786035731.694,2026-08-07 00:02:11,MANUAL,False,-7.9262415,112.5948894,233.0,0.0,0.0,IDLE,,
1786035731.811,2026-08-07 00:02:11,MANUAL,False,-7.9262413,112.5948893,232.98,0.0,0.0,IDLE,,
1786035731.929,2026-08-07 00:02:11,MANUAL,False,-7.9262412,112.5948893,232.99,0.0,0.0,IDLE,,
