timestamp,iso_time,mode,armed,lat,lng,heading,sog_knots,battery_v,state,gate_x,error_px
1785923998.471,2026-08-05 16:59:58,GUIDED,False,-7.9262264,112.594866,152.11,0.0,0.0,IDLE,,
1785923998.620,2026-08-05 16:59:58,GUIDED,False,-7.9262264,112.594866,152.11,0.0,0.0,IDLE,,
1785923998.758,2026-08-05 16:59:58,GUIDED,False,-7.9262264,112.594866,152.11,0.0,0.0,IDLE,,
1785923998.911,2026-08-05 16:59:58,GUIDED,False,-7.9262264,112.594866,152.11,0.0,0.0,IDLE,,
1785923999.065,2026-08-05 16:59:59,GUIDED,False,-7.9262264,112.594866,152.11,0.0,0.0,IDLE,,
1785923999.208,2026-08-05 16:59:59,GUIDED,False,-7.9262264,112.594866,152.11,0.0,0.0,IDLE,,
1785923999.355,2026-08-05 16:59:59,GUIDED,False,-7.9262264,112.594866,152.11,0.0,0.0,IDLE,,
1785923999.510,2026-08-05 16:59:59,GUIDED,False,-7.9262264,112.594866,152.11,0.0,0.0,IDLE,,
1785923999.661,2026-08-05 16:59:59,GUIDED,False,-7.9262264,112.594866,152.12,0.0,0.0,IDLE,,
1785923999.809,2026-08-05 16:59:59,GUIDED,False,-7.9262264,112.594866,152.12,0.0,0.0,IDLE,,
1785923999.953,2026-08-05 16:59:59,GUIDED,False,-7.9262264,112.594866,152.12,0.0,0.0,START,,
1785924000.124,2026-08-05 17:00:00,GUIDED,True,-7.9262264,112.594866,152.12,0.0,0.0,START,375,55
1785924000.272,2026-08-05 17:00:00,GUIDED,True,-7.9262264,112.594866,152.12,0.0,0.0,START,,
1785924000.441,2026-08-05 17:00:00,GUIDED,True,-7.9262264,112.594866,152.12,0.0,0.0,START,374,54
1785924000.605,2026-08-05 17:00:00,GUIDED,True,-7.9262264,112.594866,152.13,0.0,0.0,START,375,55
1785924000.742,2026-08-05 17:00:00,GUIDED,True,-7.9262264,112.594866,152.13,0.0,0.0,START,375,55
1785924000.924,2026-08-05 17:00:00,GUIDED,True,-7.9262264,112.594866,152.13,0.0,0.0,START,376,56
1785924001.079,2026-08-05 17:00:01,GUIDED,True,-7.9262264,112.594866,152.13,0.0,0.0,START,376,56
1785924001.225,2026-08-05 17:00:01,GUIDED,True,-7.9262264,112.594866,152.13,0.0,0.0,START,376,56
1785924001.371,2026-08-05 17:00:01,GUIDED,True,-7.9262264,112.594866,152.13,0.0,0.0,START,377,57
1785924001.519,2026-08-05 17:00:01,GUIDED,True,-7.9262264,112.594866,152.13,0.0,0.0,START,377,57
1785924001.670,2026-08-05 17:00:01,GUIDED,True,-7.9262264,112.594866,152.13,0.0,0.0,START,377,57
1785924001.820,2026-08-05 17:00:01,GUIDED,True,-7.9262264,112.594866,152.13,0.0,0.0,START,376,56
1785924001.973,2026-08-05 17:00:01,GUIDED,True,-7.9262264,112.594866,152.13,0.0,0.0,TRACKING_BUOY,376,56
1785924002.122,2026-08-05 17:00:02,GUIDED,True,-7.9262264,112.594866,152.13,0.0,0.0,TRACKING_BUOY,377,57
1785924002.271,2026-08-05 17:00:02,GUIDED,True,-7.9262264,112.594866,152.13,0.0,0.0,TRACKING_BUOY,,
1785924002.422,2026-08-05 17:00:02,GUIDED,True,-7.9262264,112.594866,152.13,0.0,0.0,TRACKING_BUOY,376,56
1785924002.572,2026-08-05 17:00:02,GUIDED,True,-7.9262264,112.594866,152.13,0.0,0.0,TRACKING_BUOY,,
1785924002.716,2026-08-05 17:00:02,GUIDED,True,-7.9262264,112.594866,152.13,0.0,0.0,TRACKING_BUOY,,
1785924002.864,2026-08-05 17:00:02,GUIDED,True,-7.9262264,112.594866,152.13,0.0,0.0,TRACKING_BUOY,,
1785924003.008,2026-08-05 17:00:03,GUIDED,True,-7.9262264,112.594866,152.13,0.0,0.0,TRACKING_BUOY,,
1785924003.149,2026-08-05 17:00:03,GUIDED,True,-7.9262264,112.594866,152.13,0.0,0.0,TRACKING_BUOY,,
1785924003.294,2026-08-05 17:00:03,GUIDED,True,-7.9262264,112.594866,152.13,0.0,0.0,TRACKING_BUOY,,
1785924003.437,2026-08-05 17:00:03,GUIDED,True,-7.9262264,112.594866,152.13,0.0,0.0,TRACKING_BUOY,,
1785924003.583,2026-08-05 17:00:03,GUIDED,True,-7.9262264,112.594866,152.13,0.0,0.0,TRACKING_BUOY,,
1785924003.723,2026-08-05 17:00:03,GUIDED,True,-7.9262264,112.594866,152.13,0.0,0.0,TRACKING_BUOY,,
1785924003.861,2026-08-05 17:00:03,GUIDED,True,-7.9262264,112.594866,152.13,0.0,0.0,TRACKING_BUOY,,
1785924004.004,2026-08-05 17:00:04,GUIDED,True,-7.9262264,112.594866,152.13,0.0,0.0,TRACKING_BUOY,,
1785924004.150,2026-08-05 17:00:04,GUIDED,True,-7.9262264,112.594866,152.12,0.0,0.0,TRACKING_BUOY,,
1785924004.295,2026-08-05 17:00:04,GUIDED,True,-7.9262264,112.594866,152.12,0.0,0.0,TRACKING_BUOY,,
1785924004.438,2026-08-05 17:00:04,GUIDED,True,-7.9262264,112.594866,152.13,0.0,0.0,TRACKING_BUOY,,
1785924004.581,2026-08-05 17:00:04,GUIDED,True,-7.9262264,112.594866,152.13,0.0,0.0,TRACKING_BUOY,,
1785924004.725,2026-08-05 17:00:04,GUIDED,True,-7.9262264,112.594866,152.13,0.0,0.0,TRACKING_BUOY,,
1785924004.874,2026-08-05 17:00:04,GUIDED,True,-7.9262264,112.594866,152.12,0.0,0.0,TRACKING_BUOY,,
1785924005.018,2026-08-05 17:00:05,GUIDED,True,-7.9262264,112.594866,152.12,0.0,0.0,TRACKING_BUOY,,
1785924005.178,2026-08-05 17:00:05,GUIDED,True,-7.9262264,112.594866,152.12,0.0,0.0,TRACKING_BUOY,,
1785924005.322,2026-08-05 17:00:05,GUIDED,True,-7.9262264,112.594866,152.12,0.0,0.0,TRACKING_BUOY,,
1785924005.461,2026-08-05 17:00:05,GUIDED,True,-7.9262264,112.594866,152.12,0.0,0.0,TRACKING_BUOY,,
1785924005.603,2026-08-05 17:00:05,GUIDED,True,-7.9262264,112.594866,152.11,0.0,0.0,TRACKING_BUOY,,
1785924005.746,2026-08-05 17:00:05,GUIDED,True,-7.9262264,112.594866,152.11,0.0,0.0,TRACKING_BUOY,,
1785924005.895,2026-08-05 17:00:05,GUIDED,True,-7.9262264,112.594866,152.11,0.0,0.0,TRACKING_BUOY,,
1785924006.063,2026-08-05 17:00:06,GUIDED,True,-7.9262264,112.594866,152.11,0.0,0.0,TRACKING_BUOY,,
1785924006.220,2026-08-05 17:00:06,GUIDED,True,-7.9262264,112.594866,152.1,0.0,0.0,TRACKING_BUOY,,
1785924006.372,2026-08-05 17:00:06,GUIDED,True,-7.9262264,112.594866,152.1,0.0,0.0,TRACKING_BUOY,,
1785924006.513,2026-08-05 17:00:06,GUIDED,True,-7.9262264,112.594866,152.1,0.0,0.0,TRACKING_BUOY,,
1785924006.653,2026-08-05 17:00:06,GUIDED,True,-7.9262264,112.594866,152.1,0.0,0.0,TRACKING_BUOY,,
1785924006.790,2026-08-05 17:00:06,GUIDED,True,-7.9262264,112.594866,152.1,0.0,0.0,TRACKING_BUOY,,
1785924006.932,2026-08-05 17:00:06,GUIDED,True,-7.9262264,112.594866,152.09,0.0,0.0,TRACKING_BUOY,363,43
1785924007.071,2026-08-05 17:00:07,GUIDED,True,-7.9262264,112.594866,152.09,0.0,0.0,TRACKING_BUOY,,
1785924007.219,2026-08-05 17:00:07,GUIDED,True,-7.9262264,112.594866,152.08,0.0,0.0,TRACKING_BUOY,,
1785924007.362,2026-08-05 17:00:07,GUIDED,True,-7.9262264,112.594866,152.08,0.0,0.0,TRACKING_BUOY,,
1785924007.505,2026-08-05 17:00:07,GUIDED,True,-7.9262264,112.594866,152.08,0.0,0.0,TRACKING_BUOY,,
1785924007.645,2026-08-05 17:00:07,GUIDED,True,-7.9262264,112.594866,152.08,0.0,0.0,TRACKING_BUOY,,
1785924007.792,2026-08-05 17:00:07,GUIDED,True,-7.9262264,112.594866,152.07,0.0,0.0,TRACKING_BUOY,343,23
1785924007.937,2026-08-05 17:00:07,GUIDED,True,-7.9262264,112.594866,152.07,0.0,0.0,TRACKING_BUOY,,
1785924008.081,2026-08-05 17:00:08,GUIDED,True,-7.9262264,112.594866,152.07,0.0,0.0,TRACKING_BUOY,,
1785924008.237,2026-08-05 17:00:08,GUIDED,True,-7.9262264,112.594866,152.06,0.0,0.0,TRACKING_BUOY,,
1785924008.382,2026-08-05 17:00:08,GUIDED,True,-7.9262264,112.594866,152.05,0.0,0.0,TRACKING_BUOY,,
1785924008.521,2026-08-05 17:00:08,GUIDED,True,-7.9262264,112.594866,152.05,0.0,0.0,TRACKING_BUOY,,
1785924008.659,2026-08-05 17:00:08,GUIDED,True,-7.9262264,112.594866,152.05,0.0,0.0,TRACKING_BUOY,,
1785924008.805,2026-08-05 17:00:08,GUIDED,True,-7.9262264,112.594866,152.04,0.0,0.0,TRACKING_BUOY,,
1785924008.957,2026-08-05 17:00:08,GUIDED,True,-7.9262264,112.594866,152.03,0.0,0.0,TRACKING_BUOY,,
1785924009.105,2026-08-05 17:00:09,GUIDED,True,-7.9262264,112.594866,152.02,0.0,0.0,TRACKING_BUOY,,
1785924009.252,2026-08-05 17:00:09,GUIDED,True,-7.9262264,112.594866,152.02,0.0,0.0,TRACKING_BUOY,,
1785924009.396,2026-08-05 17:00:09,GUIDED,True,-7.9262264,112.594866,152.02,0.0,0.0,TRACKING_BUOY,,
1785924009.547,2026-08-05 17:00:09,GUIDED,True,-7.9262264,112.594866,152.02,0.0,0.0,TRACKING_BUOY,,
1785924009.696,2026-08-05 17:00:09,GUIDED,True,-7.9262264,112.594866,152.01,0.0,0.0,TRACKING_BUOY,,
1785924009.843,2026-08-05 17:00:09,GUIDED,True,-7.9262264,112.594866,152.0,0.0,0.0,TRACKING_BUOY,,
1785924009.987,2026-08-05 17:00:09,GUIDED,True,-7.9262264,112.594866,151.98,0.0,0.0,TRACKING_BUOY,,
1785924010.137,2026-08-05 17:00:10,GUIDED,True,-7.9262264,112.594866,151.98,0.0,0.0,TRACKING_BUOY,,
1785924010.275,2026-08-05 17:00:10,GUIDED,True,-7.9262264,112.594866,151.96,0.0,0.0,TRACKING_BUOY,,
1785924010.433,2026-08-05 17:00:10,GUIDED,True,-7.9262264,112.594866,151.95,0.0,0.0,TRACKING_BUOY,,
1785924010.579,2026-08-05 17:00:10,GUIDED,True,-7.9262264,112.594866,151.93,0.0,0.0,TRACKING_BUOY,,
1785924010.732,2026-08-05 17:00:10,GUIDED,True,-7.9262264,112.594866,151.92,0.0,0.0,TRACKING_BUOY,,
1785924010.873,2026-08-05 17:00:10,GUIDED,True,-7.9262264,112.594866,151.91,0.0,0.0,TRACKING_BUOY,,
1785924011.043,2026-08-05 17:00:11,GUIDED,True,-7.9262264,112.594866,151.9,0.0,0.0,TRACKING_BUOY,,
1785924011.191,2026-08-05 17:00:11,GUIDED,True,-7.9262264,112.594866,151.83,0.0,0.0,TRACKING_BUOY,,
1785924011.331,2026-08-05 17:00:11,GUIDED,True,-7.9262264,112.594866,151.81,0.0,0.0,TRACKING_BUOY,,
1785924011.472,2026-08-05 17:00:11,GUIDED,True,-7.9262264,112.594866,151.77,0.0,0.0,TRACKING_BUOY,,
1785924011.620,2026-08-05 17:00:11,GUIDED,True,-7.9262264,112.594866,151.75,0.0,0.0,TRACKING_BUOY,,
1785924011.763,2026-08-05 17:00:11,GUIDED,True,-7.9262264,112.594866,151.74,0.0,0.0,TRACKING_BUOY,,
1785924011.916,2026-08-05 17:00:11,GUIDED,True,-7.9262264,112.594866,151.73,0.0,0.0,TRACKING_BUOY,,
1785924012.057,2026-08-05 17:00:12,GUIDED,True,-7.9262264,112.594866,151.71,0.0,0.0,TRACKING_BUOY,,
1785924012.209,2026-08-05 17:00:12,GUIDED,True,-7.9262264,112.594866,151.68,0.0,0.0,TRACKING_BUOY,,
1785924012.369,2026-08-05 17:00:12,GUIDED,True,-7.9262264,112.594866,151.65,0.0,0.0,TRACKING_BUOY,,
1785924012.515,2026-08-05 17:00:12,GUIDED,True,-7.9262264,112.594866,151.63,0.0,0.0,TRACKING_BUOY,,
1785924012.656,2026-08-05 17:00:12,GUIDED,True,-7.9262264,112.594866,151.61,0.0,0.0,TRACKING_BUOY,,
1785924012.806,2026-08-05 17:00:12,GUIDED,True,-7.9262264,112.594866,151.54,0.0,0.0,TRACKING_BUOY,,
1785924012.950,2026-08-05 17:00:12,GUIDED,True,-7.9262264,112.594866,151.51,0.0,0.0,TRACKING_BUOY,,
1785924013.090,2026-08-05 17:00:13,GUIDED,True,-7.9262264,112.594866,151.44,0.0,0.0,TRACKING_BUOY,,
1785924013.237,2026-08-05 17:00:13,GUIDED,True,-7.9262264,112.594866,151.41,0.0,0.0,TRACKING_BUOY,,
1785924013.386,2026-08-05 17:00:13,GUIDED,True,-7.9262264,112.594866,151.33,0.0,0.0,TRACKING_BUOY,,
1785924013.532,2026-08-05 17:00:13,GUIDED,True,-7.9262264,112.594866,151.29,0.0,0.0,TRACKING_BUOY,,
1785924013.671,2026-08-05 17:00:13,GUIDED,True,-7.9262264,112.594866,151.2,0.0,0.0,TRACKING_BUOY,,
1785924013.813,2026-08-05 17:00:13,GUIDED,True,-7.9262264,112.594866,151.15,0.0,0.0,TRACKING_BUOY,,
1785924013.958,2026-08-05 17:00:13,GUIDED,True,-7.9262264,112.594866,151.1,0.0,0.0,TRACKING_BUOY,,
1785924014.107,2026-08-05 17:00:14,GUIDED,True,-7.9262264,112.594866,150.99,0.0,0.0,TRACKING_BUOY,,
1785924014.254,2026-08-05 17:00:14,GUIDED,True,-7.9262264,112.594866,150.96,0.0,0.0,TRACKING_BUOY,,
1785924014.400,2026-08-05 17:00:14,GUIDED,True,-7.9262264,112.594866,150.86,0.0,0.0,TRACKING_BUOY,,
1785924014.540,2026-08-05 17:00:14,GUIDED,True,-7.9262264,112.594866,150.82,0.0,0.0,TRACKING_BUOY,,
1785924014.684,2026-08-05 17:00:14,GUIDED,True,-7.9262264,112.594866,150.73,0.0,0.0,TRACKING_BUOY,,
1785924014.826,2026-08-05 17:00:14,GUIDED,True,-7.9262264,112.594866,150.69,0.0,0.0,TRACKING_BUOY,,
1785924014.970,2026-08-05 17:00:14,GUIDED,True,-7.9262264,112.594866,150.57,0.0,0.0,TRACKING_BUOY,,
1785924015.127,2026-08-05 17:00:15,GUIDED,True,-7.9262264,112.594866,150.51,0.0,0.0,TRACKING_BUOY,,
1785924015.267,2026-08-05 17:00:15,GUIDED,True,-7.9262264,112.594866,150.42,0.0,0.0,TRACKING_BUOY,,
1785924015.411,2026-08-05 17:00:15,GUIDED,True,-7.9262264,112.594866,150.37,0.0,0.0,TRACKING_BUOY,,
1785924015.560,2026-08-05 17:00:15,GUIDED,True,-7.9262264,112.594866,150.33,0.0,0.0,TRACKING_BUOY,,
1785924015.704,2026-08-05 17:00:15,GUIDED,True,-7.9262264,112.594866,150.25,0.0,0.0,TRACKING_BUOY,,
1785924015.850,2026-08-05 17:00:15,GUIDED,True,-7.9262264,112.594866,150.18,0.0,0.0,TRACKING_BUOY,,
1785924015.988,2026-08-05 17:00:15,GUIDED,True,-7.9262264,112.594866,150.09,0.0,0.0,TRACKING_BUOY,,
1785924016.154,2026-08-05 17:00:16,GUIDED,True,-7.9262264,112.594866,150.03,0.0,0.0,TRACKING_BUOY,,
1785924016.296,2026-08-05 17:00:16,GUIDED,True,-7.9262264,112.594866,149.93,0.0,0.0,TRACKING_BUOY,,
1785924016.441,2026-08-05 17:00:16,GUIDED,True,-7.9262264,112.594866,149.87,0.0,0.0,TRACKING_BUOY,,
1785924016.582,2026-08-05 17:00:16,GUIDED,True,-7.9262264,112.594866,149.79,0.0,0.0,TRACKING_BUOY,,
1785924016.727,2026-08-05 17:00:16,GUIDED,True,-7.9262264,112.594866,149.75,0.0,0.0,TRACKING_BUOY,,
1785924016.871,2026-08-05 17:00:16,GUIDED,True,-7.9262264,112.594866,149.66,0.0,0.0,TRACKING_BUOY,,
1785924017.017,2026-08-05 17:00:17,GUIDED,True,-7.9262264,112.594866,149.62,0.0,0.0,TRACKING_BUOY,,
1785924017.164,2026-08-05 17:00:17,GUIDED,True,-7.9262264,112.594866,149.56,0.0,0.0,TRACKING_BUOY,,
1785924017.312,2026-08-05 17:00:17,GUIDED,True,-7.9262264,112.594866,149.49,0.0,0.0,TRACKING_BUOY,,
1785924017.453,2026-08-05 17:00:17,GUIDED,True,-7.9262264,112.594866,149.44,0.0,0.0,TRACKING_BUOY,,
1785924017.596,2026-08-05 17:00:17,GUIDED,True,-7.9262264,112.594866,149.36,0.0,0.0,TRACKING_BUOY,,
1785924017.740,2026-08-05 17:00:17,GUIDED,True,-7.9262264,112.594866,149.31,0.0,0.0,TRACKING_BUOY,,
1785924017.889,2026-08-05 17:00:17,GUIDED,True,-7.9262264,112.594866,149.22,0.0,0.0,TRACKING_BUOY,,
1785924018.030,2026-08-05 17:00:18,GUIDED,True,-7.9262264,112.594866,149.18,0.0,0.0,TRACKING_BUOY,,
1785924018.177,2026-08-05 17:00:18,GUIDED,True,-7.9262264,112.594866,149.1,0.0,0.0,TRACKING_BUOY,,
1785924018.318,2026-08-05 17:00:18,GUIDED,True,-7.9262264,112.594866,149.04,0.0,0.0,TRACKING_BUOY,,
1785924018.458,2026-08-05 17:00:18,GUIDED,True,-7.9262264,112.594866,149.02,0.0,0.0,TRACKING_BUOY,,
1785924018.605,2026-08-05 17:00:18,GUIDED,True,-7.9262264,112.594866,148.91,0.0,0.0,TRACKING_BUOY,,
1785924018.754,2026-08-05 17:00:18,GUIDED,True,-7.9262264,112.594866,148.87,0.0,0.0,TRACKING_BUOY,,
1785924018.898,2026-08-05 17:00:18,GUIDED,True,-7.9262264,112.594866,148.78,0.0,0.0,TRACKING_BUOY,,
1785924019.038,2026-08-05 17:00:19,GUIDED,True,-7.9262264,112.594866,148.74,0.0,0.0,TRACKING_BUOY,,
1785924019.186,2026-08-05 17:00:19,GUIDED,True,-7.9262264,112.594866,148.65,0.0,0.0,TRACKING_BUOY,,
1785924019.324,2026-08-05 17:00:19,GUIDED,True,-7.9262264,112.594866,148.62,0.0,0.0,TRACKING_BUOY,,
1785924019.464,2026-08-05 17:00:19,GUIDED,True,-7.9262264,112.594866,148.56,0.0,0.0,TRACKING_BUOY,,
1785924019.611,2026-08-05 17:00:19,GUIDED,True,-7.9262264,112.594866,148.53,0.0,0.0,TRACKING_BUOY,,
1785924019.754,2026-08-05 17:00:19,GUIDED,True,-7.9262264,112.594866,148.49,0.0,0.0,TRACKING_BUOY,,
1785924019.895,2026-08-05 17:00:19,GUIDED,True,-7.9262264,112.594866,148.43,0.0,0.0,TRACKING_BUOY,,
1785924020.045,2026-08-05 17:00:20,GUIDED,True,-7.9262264,112.594866,148.4,0.0,0.0,TRACKING_BUOY,,
1785924020.196,2026-08-05 17:00:20,GUIDED,True,-7.9262264,112.594866,148.34,0.0,0.0,TRACKING_BUOY,,
1785924020.362,2026-08-05 17:00:20,GUIDED,True,-7.9262264,112.594866,148.29,0.0,0.0,TRACKING_BUOY,,
1785924020.581,2026-08-05 17:00:20,GUIDED,True,-7.9262264,112.594866,148.18,0.0,0.0,TRACKING_BUOY,,
1785924020.743,2026-08-05 17:00:20,GUIDED,True,-7.9262264,112.594866,148.15,0.0,0.0,TRACKING_BUOY,,
1785924020.887,2026-08-05 17:00:20,GUIDED,True,-7.9262264,112.594866,148.09,0.0,0.0,TRACKING_BUOY,,
1785924021.034,2026-08-05 17:00:21,GUIDED,True,-7.9262264,112.594866,148.05,0.0,0.0,TRACKING_BUOY,,
1785924021.181,2026-08-05 17:00:21,GUIDED,True,-7.9262264,112.594866,148.0,0.0,0.0,TRACKING_BUOY,,
1785924021.323,2026-08-05 17:00:21,GUIDED,True,-7.9262264,112.594866,147.98,0.0,0.0,TRACKING_BUOY,,
1785924021.471,2026-08-05 17:00:21,GUIDED,True,-7.9262264,112.594866,147.91,0.0,0.0,TRACKING_BUOY,,
1785924021.614,2026-08-05 17:00:21,GUIDED,True,-7.9262264,112.594866,147.88,0.0,0.0,TRACKING_BUOY,,
1785924021.752,2026-08-05 17:00:21,GUIDED,True,-7.9262264,112.594866,147.83,0.0,0.0,TRACKING_BUOY,,
1785924021.893,2026-08-05 17:00:21,GUIDED,True,-7.9262264,112.594866,147.79,0.0,0.0,TRACKING_BUOY,,
1785924022.038,2026-08-05 17:00:22,GUIDED,True,-7.9262264,112.594866,147.76,0.0,0.0,TRACKING_BUOY,,
1785924022.187,2026-08-05 17:00:22,GUIDED,True,-7.9262264,112.594866,147.71,0.0,0.0,TRACKING_BUOY,,
1785924022.328,2026-08-05 17:00:22,GUIDED,True,-7.9262264,112.594866,147.67,0.0,0.0,TRACKING_BUOY,,
1785924022.471,2026-08-05 17:00:22,GUIDED,True,-7.9262264,112.594866,147.61,0.0,0.0,TRACKING_BUOY,,
1785924022.620,2026-08-05 17:00:22,GUIDED,True,-7.9262264,112.594866,147.57,0.0,0.0,TRACKING_BUOY,,
1785924022.768,2026-08-05 17:00:22,GUIDED,True,-7.9262264,112.594866,147.51,0.0,0.0,TRACKING_BUOY,,
1785924022.918,2026-08-05 17:00:22,GUIDED,True,-7.9262264,112.594866,147.48,0.0,0.0,TRACKING_BUOY,,
1785924023.056,2026-08-05 17:00:23,GUIDED,True,-7.9262264,112.594866,147.44,0.0,0.0,TRACKING_BUOY,,
1785924023.206,2026-08-05 17:00:23,GUIDED,True,-7.9262264,112.594866,147.39,0.0,0.0,TRACKING_BUOY,,
1785924023.352,2026-08-05 17:00:23,GUIDED,True,-7.9262264,112.594866,147.36,0.0,0.0,TRACKING_BUOY,,
1785924023.491,2026-08-05 17:00:23,GUIDED,True,-7.9262264,112.594866,147.3,0.0,0.0,TRACKING_BUOY,,
1785924023.635,2026-08-05 17:00:23,GUIDED,True,-7.9262264,112.594866,147.28,0.0,0.0,TRACKING_BUOY,,
1785924023.778,2026-08-05 17:00:23,GUIDED,True,-7.9262264,112.594866,147.2,0.0,0.0,TRACKING_BUOY,,
1785924023.925,2026-08-05 17:00:23,GUIDED,True,-7.9262264,112.594866,147.18,0.0,0.0,TRACKING_BUOY,322,2
1785924024.069,2026-08-05 17:00:24,GUIDED,True,-7.9262264,112.594866,147.15,0.0,0.0,TRACKING_BUOY,491,171
1785924024.217,2026-08-05 17:00:24,GUIDED,True,-7.9262264,112.594866,147.13,0.0,0.0,TRACKING_BUOY,347,27
1785924024.357,2026-08-05 17:00:24,GUIDED,True,-7.9262264,112.594866,147.11,0.0,0.0,TRACKING_BUOY,519,199
1785924024.501,2026-08-05 17:00:24,GUIDED,True,-7.9262264,112.594866,147.03,0.0,0.0,TRACKING_BUOY,523,203
1785924024.642,2026-08-05 17:00:24,GUIDED,True,-7.9262264,112.594866,147.01,0.0,0.0,TRACKING_BUOY,529,209
1785924024.804,2026-08-05 17:00:24,GUIDED,True,-7.9262264,112.594866,146.97,0.0,0.0,TRACKING_BUOY,552,232
1785924024.972,2026-08-05 17:00:24,GUIDED,True,-7.9262264,112.594866,146.92,0.0,0.0,TRACKING_BUOY,537,217
1785924025.127,2026-08-05 17:00:25,GUIDED,True,-7.9262264,112.594866,146.9,0.0,0.0,TRACKING_BUOY,531,211
1785924025.272,2026-08-05 17:00:25,GUIDED,True,-7.9262264,112.594866,146.85,0.0,0.0,TRACKING_BUOY,527,207
1785924025.416,2026-08-05 17:00:25,GUIDED,True,-7.9262264,112.594866,146.82,0.0,0.0,TRACKING_BUOY,544,224
1785924025.556,2026-08-05 17:00:25,GUIDED,True,-7.9262264,112.594866,146.81,0.0,0.0,TRACKING_BUOY,534,214
1785924025.703,2026-08-05 17:00:25,GUIDED,True,-7.9262264,112.594866,146.73,0.0,0.0,TRACKING_BUOY,338,18
1785924025.843,2026-08-05 17:00:25,GUIDED,True,-7.9262264,112.594866,146.7,0.0,0.0,TRACKING_BUOY,277,-43
1785924025.986,2026-08-05 17:00:25,GUIDED,True,-7.9262264,112.594866,146.64,0.0,0.0,TRACKING_BUOY,217,-103
1785924026.137,2026-08-05 17:00:26,GUIDED,True,-7.9262264,112.594866,146.6,0.0,0.0,TRACKING_BUOY,,
1785924026.295,2026-08-05 17:00:26,GUIDED,True,-7.9262264,112.594866,146.59,0.0,0.0,TRACKING_BUOY,,
1785924026.439,2026-08-05 17:00:26,GUIDED,True,-7.9262264,112.594866,146.57,0.0,0.0,TRACKING_BUOY,0,-320
1785924026.588,2026-08-05 17:00:26,GUIDED,True,-7.9262264,112.594866,146.52,0.0,0.0,TRACKING_BUOY,0,-320
1785924026.730,2026-08-05 17:00:26,GUIDED,True,-7.9262264,112.594866,146.5,0.0,0.0,TRACKING_BUOY,0,-320
1785924026.871,2026-08-05 17:00:26,GUIDED,True,-7.9262264,112.594866,146.45,0.0,0.0,TRACKING_BUOY,0,-320
1785924027.020,2026-08-05 17:00:27,GUIDED,True,-7.9262264,112.594866,146.43,0.0,0.0,TRACKING_BUOY,0,-320
1785924027.164,2026-08-05 17:00:27,GUIDED,True,-7.9262264,112.594866,146.4,0.0,0.0,TRACKING_BUOY,0,-320
1785924027.308,2026-08-05 17:00:27,GUIDED,True,-7.9262264,112.594866,146.37,0.0,0.0,TRACKING_BUOY,0,-320
1785924027.455,2026-08-05 17:00:27,GUIDED,True,-7.9262264,112.594866,146.34,0.0,0.0,TRACKING_BUOY,0,-320
1785924027.608,2026-08-05 17:00:27,GUIDED,True,-7.9262264,112.594866,146.31,0.0,0.0,TRACKING_BUOY,0,-320
1785924027.755,2026-08-05 17:00:27,GUIDED,True,-7.9262264,112.594866,146.27,0.0,0.0,TRACKING_BUOY,0,-320
1785924027.901,2026-08-05 17:00:27,GUIDED,True,-7.9262264,112.594866,146.22,0.0,0.0,TRACKING_BUOY,0,-320
1785924028.040,2026-08-05 17:00:28,GUIDED,True,-7.9262264,112.594866,146.2,0.0,0.0,TRACKING_BUOY,93,-227
1785924028.184,2026-08-05 17:00:28,GUIDED,True,-7.9262264,112.594866,146.18,0.0,0.0,TRACKING_BUOY,109,-211
1785924028.333,2026-08-05 17:00:28,GUIDED,True,-7.9262264,112.594866,146.15,0.0,0.0,TRACKING_BUOY,117,-203
1785924028.475,2026-08-05 17:00:28,GUIDED,True,-7.9262264,112.594866,146.09,0.0,0.0,TRACKING_BUOY,120,-200
1785924028.623,2026-08-05 17:00:28,GUIDED,True,-7.9262264,112.594866,146.07,0.0,0.0,TRACKING_BUOY,150,-170
1785924028.769,2026-08-05 17:00:28,GUIDED,True,-7.9262264,112.594866,146.02,0.0,0.0,TRACKING_BUOY,24,-296
1785924028.915,2026-08-05 17:00:28,GUIDED,True,-7.9262264,112.594866,146.0,0.0,0.0,TRACKING_BUOY,134,-186
1785924029.056,2026-08-05 17:00:29,GUIDED,True,-7.9262264,112.594866,145.97,0.0,0.0,TRACKING_BUOY,205,-115
1785924029.199,2026-08-05 17:00:29,GUIDED,True,-7.9262264,112.594866,145.93,0.0,0.0,TRACKING_BUOY,228,-92
1785924029.344,2026-08-05 17:00:29,GUIDED,True,-7.9262264,112.594866,145.91,0.0,0.0,TRACKING_BUOY,263,-57
1785924029.488,2026-08-05 17:00:29,GUIDED,True,-7.9262264,112.594866,145.9,0.0,0.0,TRACKING_BUOY,446,126
1785924029.635,2026-08-05 17:00:29,GUIDED,True,-7.9262264,112.594866,145.89,0.0,0.0,TRACKING_BUOY,468,148
1785924029.775,2026-08-05 17:00:29,GUIDED,True,-7.9262264,112.594866,145.84,0.0,0.0,TRACKING_BUOY,501,181
1785924029.922,2026-08-05 17:00:29,GUIDED,True,-7.9262264,112.594866,145.82,0.0,0.0,TRACKING_BUOY,362,42
1785924030.077,2026-08-05 17:00:30,GUIDED,True,-7.9262264,112.594866,145.78,0.0,0.0,TRACKING_BUOY,538,218
1785924030.222,2026-08-05 17:00:30,GUIDED,True,-7.9262264,112.594866,145.76,0.0,0.0,TRACKING_BUOY,402,82
1785924030.364,2026-08-05 17:00:30,GUIDED,True,-7.9262264,112.594866,145.73,0.0,0.0,TRACKING_BUOY,549,229
1785924030.504,2026-08-05 17:00:30,GUIDED,True,-7.9262264,112.594866,145.72,0.0,0.0,TRACKING_BUOY,533,213
1785924030.656,2026-08-05 17:00:30,GUIDED,True,-7.9262264,112.594866,145.7,0.0,0.0,TRACKING_BUOY,518,198
1785924030.812,2026-08-05 17:00:30,GUIDED,True,-7.9262264,112.594866,145.66,0.0,0.0,TRACKING_BUOY,528,208
1785924030.954,2026-08-05 17:00:30,GUIDED,True,-7.9262264,112.594866,145.63,0.0,0.0,TRACKING_BUOY,523,203
1785924031.148,2026-08-05 17:00:31,GUIDED,True,-7.9262264,112.594866,145.6,0.0,0.0,TRACKING_BUOY,496,176
1785924031.287,2026-08-05 17:00:31,GUIDED,True,-7.9262264,112.594866,145.57,0.0,0.0,TRACKING_BUOY,473,153
1785924031.440,2026-08-05 17:00:31,GUIDED,True,-7.9262264,112.594866,145.55,0.0,0.0,TRACKING_BUOY,294,-26
1785924031.590,2026-08-05 17:00:31,GUIDED,True,-7.9262264,112.594866,145.51,0.0,0.0,TRACKING_BUOY,408,88
1785924031.743,2026-08-05 17:00:31,GUIDED,True,-7.9262264,112.594866,145.49,0.0,0.0,TRACKING_BUOY,390,70
1785924031.892,2026-08-05 17:00:31,GUIDED,True,-7.9262264,112.594866,145.47,0.0,0.0,TRACKING_BUOY,379,59
1785924032.039,2026-08-05 17:00:32,GUIDED,True,-7.9262264,112.594866,145.45,0.0,0.0,TRACKING_BUOY,371,51
1785924032.197,2026-08-05 17:00:32,GUIDED,True,-7.9262264,112.594866,145.41,0.0,0.0,TRACKING_BUOY,357,37
1785924032.341,2026-08-05 17:00:32,GUIDED,True,-7.9262264,112.594866,145.39,0.0,0.0,TRACKING_BUOY,337,17
1785924032.489,2026-08-05 17:00:32,GUIDED,True,-7.9262264,112.594866,145.35,0.0,0.0,TRACKING_BUOY,173,-147
1785924032.637,2026-08-05 17:00:32,GUIDED,True,-7.9262264,112.594866,145.34,0.0,0.0,TRACKING_BUOY,134,-186
1785924032.779,2026-08-05 17:00:32,GUIDED,True,-7.9262264,112.594866,145.31,0.0,0.0,TRACKING_BUOY,202,-118
1785924032.919,2026-08-05 17:00:32,GUIDED,True,-7.9262264,112.594866,145.32,0.0,0.0,TRACKING_BUOY,50,-270
1785924033.058,2026-08-05 17:00:33,GUIDED,True,-7.9262264,112.594866,145.31,0.0,0.0,TRACKING_BUOY,65,-255
1785924033.207,2026-08-05 17:00:33,GUIDED,True,-7.9262264,112.594866,145.3,0.0,0.0,TRACKING_BUOY,71,-249
1785924033.355,2026-08-05 17:00:33,GUIDED,True,-7.9262264,112.594866,145.28,0.0,0.0,TRACKING_BUOY,76,-244
1785924033.497,2026-08-05 17:00:33,GUIDED,True,-7.9262264,112.594866,145.25,0.0,0.0,TRACKING_BUOY,241,-79
1785924033.636,2026-08-05 17:00:33,GUIDED,True,-7.9262264,112.594866,145.23,0.0,0.0,TRACKING_BUOY,119,-201
1785924033.774,2026-08-05 17:00:33,GUIDED,True,-7.9262264,112.594866,145.21,0.0,0.0,TRACKING_BUOY,157,-163
1785924033.916,2026-08-05 17:00:33,GUIDED,True,-7.9262264,112.594866,145.19,0.0,0.0,TRACKING_BUOY,313,-7
1785924034.059,2026-08-05 17:00:34,GUIDED,True,-7.9262264,112.594866,145.19,0.0,0.0,TRACKING_BUOY,353,33
1785924034.201,2026-08-05 17:00:34,GUIDED,True,-7.9262264,112.594866,145.17,0.0,0.0,TRACKING_BUOY,365,45
1785924034.341,2026-08-05 17:00:34,GUIDED,True,-7.9262264,112.594866,145.16,0.0,0.0,TRACKING_BUOY,378,58
1785924034.490,2026-08-05 17:00:34,GUIDED,True,-7.9262264,112.594866,145.13,0.0,0.0,TRACKING_BUOY,390,70
1785924034.633,2026-08-05 17:00:34,GUIDED,True,-7.9262264,112.594866,145.11,0.0,0.0,TRACKING_BUOY,408,88
1785924034.774,2026-08-05 17:00:34,GUIDED,True,-7.9262264,112.594866,145.08,0.0,0.0,TRACKING_BUOY,416,96
1785924034.952,2026-08-05 17:00:34,GUIDED,True,-7.9262264,112.594866,145.08,0.0,0.0,TRACKING_BUOY,422,102
1785924035.123,2026-08-05 17:00:35,GUIDED,True,-7.9262264,112.594866,145.05,0.0,0.0,TRACKING_BUOY,423,103
1785924035.268,2026-08-05 17:00:35,GUIDED,True,-7.9262264,112.594866,145.01,0.0,0.0,TRACKING_BUOY,425,105
1785924035.412,2026-08-05 17:00:35,GUIDED,True,-7.9262264,112.594866,144.99,0.0,0.0,TRACKING_BUOY,422,102
1785924035.554,2026-08-05 17:00:35,GUIDED,True,-7.9262264,112.594866,144.99,0.0,0.0,TRACKING_BUOY,263,-57
1785924035.699,2026-08-05 17:00:35,GUIDED,True,-7.9262264,112.594866,144.94,0.0,0.0,TRACKING_BUOY,,
1785924035.839,2026-08-05 17:00:35,GUIDED,True,-7.9262264,112.594866,144.94,0.0,0.0,TRACKING_BUOY,,
1785924035.978,2026-08-05 17:00:35,GUIDED,True,-7.9262264,112.594866,144.92,0.0,0.0,TRACKING_BUOY,,
1785924036.124,2026-08-05 17:00:36,GUIDED,True,-7.9262264,112.594866,144.92,0.0,0.0,TRACKING_BUOY,,
1785924036.270,2026-08-05 17:00:36,GUIDED,True,-7.9262264,112.594866,144.89,0.0,0.0,TRACKING_BUOY,,
1785924036.426,2026-08-05 17:00:36,GUIDED,True,-7.9262264,112.594866,144.89,0.0,0.0,TRACKING_BUOY,,
1785924036.571,2026-08-05 17:00:36,GUIDED,True,-7.9262264,112.594866,144.88,0.0,0.0,TRACKING_BUOY,,
1785924036.713,2026-08-05 17:00:36,GUIDED,True,-7.9262264,112.594866,144.86,0.0,0.0,TRACKING_BUOY,,
1785924036.873,2026-08-05 17:00:36,GUIDED,True,-7.9262264,112.594866,144.84,0.0,0.0,TRACKING_BUOY,,
1785924037.077,2026-08-05 17:00:37,GUIDED,True,-7.9262264,112.594866,144.83,0.0,0.0,TRACKING_BUOY,,
1785924037.274,2026-08-05 17:00:37,GUIDED,True,-7.9262264,112.594866,144.74,0.0,0.0,TRACKING_BUOY,,
1785924037.428,2026-08-05 17:00:37,GUIDED,True,-7.9262264,112.594866,144.74,0.0,0.0,TRACKING_BUOY,,
1785924037.574,2026-08-05 17:00:37,GUIDED,True,-7.9262264,112.594866,144.73,0.0,0.0,TRACKING_BUOY,,
1785924037.721,2026-08-05 17:00:37,GUIDED,True,-7.9262264,112.594866,144.73,0.0,0.0,TRACKING_BUOY,,
1785924037.876,2026-08-05 17:00:37,GUIDED,True,-7.9262264,112.594866,144.73,0.0,0.0,TRACKING_BUOY,,
1785924038.025,2026-08-05 17:00:38,GUIDED,True,-7.9262264,112.594866,144.73,0.0,0.0,TRACKING_BUOY,,
1785924038.169,2026-08-05 17:00:38,GUIDED,True,-7.9262264,112.594866,144.69,0.0,0.0,TRACKING_BUOY,,
1785924038.322,2026-08-05 17:00:38,GUIDED,True,-7.9262264,112.594866,144.68,0.0,0.0,TRACKING_BUOY,,
1785924038.472,2026-08-05 17:00:38,GUIDED,True,-7.9262264,112.594866,144.67,0.0,0.0,TRACKING_BUOY,,
1785924038.628,2026-08-05 17:00:38,GUIDED,True,-7.9262264,112.594866,144.66,0.0,0.0,TRACKING_BUOY,,
1785924038.769,2026-08-05 17:00:38,GUIDED,True,-7.9262264,112.594866,144.63,0.0,0.0,TRACKING_BUOY,,
1785924038.924,2026-08-05 17:00:38,GUIDED,True,-7.9262264,112.594866,144.62,0.0,0.0,TRACKING_BUOY,,
1785924039.067,2026-08-05 17:00:39,GUIDED,True,-7.9262264,112.594866,144.59,0.0,0.0,TRACKING_BUOY,,
1785924039.218,2026-08-05 17:00:39,GUIDED,True,-7.9262264,112.594866,144.58,0.0,0.0,TRACKING_BUOY,,
1785924039.356,2026-08-05 17:00:39,GUIDED,True,-7.9262264,112.594866,144.58,0.0,0.0,TRACKING_BUOY,,
1785924039.496,2026-08-05 17:00:39,GUIDED,True,-7.9262264,112.594866,144.54,0.0,0.0,TRACKING_BUOY,,
1785924039.638,2026-08-05 17:00:39,GUIDED,True,-7.9262264,112.594866,144.53,0.0,0.0,TRACKING_BUOY,,
1785924039.780,2026-08-05 17:00:39,GUIDED,True,-7.9262264,112.594866,144.49,0.0,0.0,TRACKING_BUOY,,
1785924039.923,2026-08-05 17:00:39,GUIDED,True,-7.9262264,112.594866,144.48,0.0,0.0,TRACKING_BUOY,,
1785924040.107,2026-08-05 17:00:40,GUIDED,True,-7.9262264,112.594866,144.45,0.0,0.0,TRACKING_BUOY,,
1785924040.324,2026-08-05 17:00:40,GUIDED,True,-7.9262264,112.594866,145.94,0.0,0.0,TRACKING_BUOY,,
1785924040.482,2026-08-05 17:00:40,GUIDED,True,-7.9262264,112.594866,146.54,0.0,0.0,TRACKING_BUOY,,
1785924040.640,2026-08-05 17:00:40,GUIDED,True,-7.9262264,112.594866,145.7,0.0,0.0,TRACKING_BUOY,,
1785924040.782,2026-08-05 17:00:40,GUIDED,True,-7.9262264,112.594866,145.61,0.0,0.0,TRACKING_BUOY,,
1785924040.926,2026-08-05 17:00:40,GUIDED,True,-7.9262264,112.594866,145.57,0.0,0.0,TRACKING_BUOY,,
1785924041.073,2026-08-05 17:00:41,GUIDED,True,-7.9262264,112.594866,145.56,0.0,0.0,TRACKING_BUOY,,
1785924041.244,2026-08-05 17:00:41,GUIDED,True,-7.9262264,112.594866,145.52,0.0,0.0,TRACKING_BUOY,,
1785924041.388,2026-08-05 17:00:41,GUIDED,True,-7.9262264,112.594866,145.59,0.0,0.0,TRACKING_BUOY,,
1785924041.554,2026-08-05 17:00:41,GUIDED,True,-7.9262264,112.594866,145.73,0.0,0.0,TRACKING_BUOY,,
1785924041.700,2026-08-05 17:00:41,GUIDED,True,-7.9262264,112.594866,145.71,0.0,0.0,TRACKING_BUOY,,
1785924041.843,2026-08-05 17:00:41,GUIDED,True,-7.9262264,112.594866,145.68,0.0,0.0,TRACKING_BUOY,,
1785924041.987,2026-08-05 17:00:41,GUIDED,True,-7.9262264,112.594866,145.67,0.0,0.0,TRACKING_BUOY,,
1785924042.131,2026-08-05 17:00:42,GUIDED,True,-7.9262264,112.594866,145.66,0.0,0.0,TRACKING_BUOY,,
1785924042.272,2026-08-05 17:00:42,GUIDED,True,-7.9262264,112.594866,145.63,0.0,0.0,TRACKING_BUOY,,
1785924042.417,2026-08-05 17:00:42,GUIDED,True,-7.9262264,112.594866,145.61,0.0,0.0,TRACKING_BUOY,,
1785924042.559,2026-08-05 17:00:42,GUIDED,True,-7.9262264,112.594866,145.59,0.0,0.0,TRACKING_BUOY,,
1785924042.696,2026-08-05 17:00:42,GUIDED,True,-7.9262264,112.594866,145.55,0.0,0.0,TRACKING_BUOY,,
1785924042.841,2026-08-05 17:00:42,GUIDED,True,-7.9262264,112.594866,145.54,0.0,0.0,TRACKING_BUOY,,
1785924042.988,2026-08-05 17:00:42,GUIDED,True,-7.9262264,112.594866,145.51,0.0,0.0,TRACKING_BUOY,,
1785924043.137,2026-08-05 17:00:43,GUIDED,True,-7.9262264,112.594866,145.5,0.0,0.0,TRACKING_BUOY,,
1785924043.308,2026-08-05 17:00:43,GUIDED,True,-7.9262264,112.594866,145.47,0.0,0.0,TRACKING_BUOY,,
1785924043.476,2026-08-05 17:00:43,GUIDED,True,-7.9262264,112.594866,145.42,0.0,0.0,TRACKING_BUOY,,
1785924043.665,2026-08-05 17:00:43,GUIDED,True,-7.9262264,112.594866,145.41,0.0,0.0,TRACKING_BUOY,,
1785924043.804,2026-08-05 17:00:43,GUIDED,True,-7.9262264,112.594866,145.39,0.0,0.0,TRACKING_BUOY,,
1785924043.950,2026-08-05 17:00:43,GUIDED,True,-7.9262264,112.594866,145.39,0.0,0.0,TRACKING_BUOY,,
1785924044.087,2026-08-05 17:00:44,GUIDED,True,-7.9262264,112.594866,145.38,0.0,0.0,TRACKING_BUOY,,
1785924044.243,2026-08-05 17:00:44,GUIDED,True,-7.9262264,112.594866,145.36,0.0,0.0,TRACKING_BUOY,,
1785924044.390,2026-08-05 17:00:44,GUIDED,True,-7.9262264,112.594866,145.35,0.0,0.0,TRACKING_BUOY,,
1785924044.534,2026-08-05 17:00:44,GUIDED,True,-7.9262264,112.594866,145.34,0.0,0.0,TRACKING_BUOY,,
1785924044.676,2026-08-05 17:00:44,GUIDED,True,-7.9262264,112.594866,145.33,0.0,0.0,TRACKING_BUOY,,
1785924044.821,2026-08-05 17:00:44,GUIDED,True,-7.9262264,112.594866,145.34,0.0,0.0,TRACKING_BUOY,,
1785924044.987,2026-08-05 17:00:44,GUIDED,True,-7.9262264,112.594866,145.3,0.0,0.0,TRACKING_BUOY,,
1785924045.242,2026-08-05 17:00:45,GUIDED,True,-7.9262264,112.594866,145.27,0.0,0.0,TRACKING_BUOY,,
1785924045.391,2026-08-05 17:00:45,GUIDED,True,-7.9262264,112.594866,145.24,0.0,0.0,TRACKING_BUOY,,
1785924045.531,2026-08-05 17:00:45,GUIDED,True,-7.9262264,112.594866,145.21,0.0,0.0,TRACKING_BUOY,,
1785924045.677,2026-08-05 17:00:45,GUIDED,True,-7.9262264,112.594866,145.18,0.0,0.0,TRACKING_BUOY,,
1785924045.844,2026-08-05 17:00:45,GUIDED,True,-7.9262264,112.594866,145.17,0.0,0.0,TRACKING_BUOY,,
1785924045.996,2026-08-05 17:00:45,GUIDED,True,-7.9262264,112.594866,145.14,0.0,0.0,TRACKING_BUOY,,
1785924046.141,2026-08-05 17:00:46,GUIDED,True,-7.9262264,112.594866,145.12,0.0,0.0,TRACKING_BUOY,,
1785924046.284,2026-08-05 17:00:46,GUIDED,True,-7.9262264,112.594866,145.11,0.0,0.0,TRACKING_BUOY,,
1785924046.431,2026-08-05 17:00:46,GUIDED,True,-7.9262264,112.594866,145.1,0.0,0.0,TRACKING_BUOY,,
1785924046.582,2026-08-05 17:00:46,GUIDED,True,-7.9262264,112.594866,145.08,0.0,0.0,TRACKING_BUOY,,
1785924046.730,2026-08-05 17:00:46,GUIDED,True,-7.9262264,112.594866,145.07,0.0,0.0,TRACKING_BUOY,,
1785924046.876,2026-08-05 17:00:46,GUIDED,True,-7.9262264,112.594866,144.99,0.0,0.0,TRACKING_BUOY,,
1785924047.021,2026-08-05 17:00:47,GUIDED,True,-7.9262264,112.594866,144.97,0.0,0.0,TRACKING_BUOY,,
1785924047.163,2026-08-05 17:00:47,GUIDED,True,-7.9262264,112.594866,144.95,0.0,0.0,TRACKING_BUOY,,
1785924047.305,2026-08-05 17:00:47,GUIDED,True,-7.9262264,112.594866,144.93,0.0,0.0,TRACKING_BUOY,,
1785924047.445,2026-08-05 17:00:47,GUIDED,True,-7.9262264,112.594866,144.91,0.0,0.0,TRACKING_BUOY,,
1785924047.593,2026-08-05 17:00:47,GUIDED,True,-7.9262264,112.594866,144.88,0.0,0.0,TRACKING_BUOY,,
1785924047.741,2026-08-05 17:00:47,GUIDED,True,-7.9262264,112.594866,144.87,0.0,0.0,TRACKING_BUOY,,
1785924047.887,2026-08-05 17:00:47,GUIDED,True,-7.9262264,112.594866,144.87,0.0,0.0,TRACKING_BUOY,,
1785924048.026,2026-08-05 17:00:48,GUIDED,True,-7.9262264,112.594866,144.85,0.0,0.0,TRACKING_BUOY,,
1785924048.177,2026-08-05 17:00:48,GUIDED,True,-7.9262264,112.594866,144.84,0.0,0.0,TRACKING_BUOY,,
1785924048.325,2026-08-05 17:00:48,GUIDED,True,-7.9262264,112.594866,144.83,0.0,0.0,TRACKING_BUOY,,
1785924048.472,2026-08-05 17:00:48,GUIDED,True,-7.9262264,112.594866,144.82,0.0,0.0,TRACKING_BUOY,,
1785924048.618,2026-08-05 17:00:48,GUIDED,True,-7.9262264,112.594866,144.8,0.0,0.0,TRACKING_BUOY,,
1785924048.756,2026-08-05 17:00:48,GUIDED,True,-7.9262264,112.594866,144.8,0.0,0.0,TRACKING_BUOY,,
1785924048.941,2026-08-05 17:00:48,GUIDED,True,-7.9262264,112.594866,144.79,0.0,0.0,TRACKING_BUOY,,
1785924049.083,2026-08-05 17:00:49,GUIDED,True,-7.9262264,112.594866,144.8,0.0,0.0,TRACKING_BUOY,,
1785924049.224,2026-08-05 17:00:49,GUIDED,True,-7.9262264,112.594866,144.8,0.0,0.0,TRACKING_BUOY,,
1785924049.370,2026-08-05 17:00:49,GUIDED,True,-7.9262264,112.594866,144.78,0.0,0.0,TRACKING_BUOY,,
1785924049.545,2026-08-05 17:00:49,GUIDED,True,-7.9262264,112.594866,144.77,0.0,0.0,TRACKING_BUOY,,
1785924049.684,2026-08-05 17:00:49,GUIDED,True,-7.9262264,112.594866,144.75,0.0,0.0,TRACKING_BUOY,,
1785924049.825,2026-08-05 17:00:49,GUIDED,True,-7.9262264,112.594866,144.73,0.0,0.0,TRACKING_BUOY,,
1785924049.972,2026-08-05 17:00:49,GUIDED,True,-7.9262264,112.594866,144.72,0.0,0.0,TRACKING_BUOY,,
1785924050.126,2026-08-05 17:00:50,GUIDED,True,-7.9262264,112.594866,144.72,0.0,0.0,TRACKING_BUOY,,
1785924050.265,2026-08-05 17:00:50,GUIDED,True,-7.9262264,112.594866,144.71,0.0,0.0,TRACKING_BUOY,,
1785924050.406,2026-08-05 17:00:50,GUIDED,True,-7.9262264,112.594866,144.71,0.0,0.0,TRACKING_BUOY,,
1785924050.548,2026-08-05 17:00:50,GUIDED,True,-7.9262264,112.594866,144.71,0.0,0.0,TRACKING_BUOY,,
1785924050.705,2026-08-05 17:00:50,GUIDED,True,-7.9262264,112.594866,144.72,0.0,0.0,TRACKING_BUOY,,
1785924050.870,2026-08-05 17:00:50,GUIDED,True,-7.9262264,112.594866,144.71,0.0,0.0,TRACKING_BUOY,,
1785924051.017,2026-08-05 17:00:51,GUIDED,True,-7.9262264,112.594866,144.7,0.0,0.0,TRACKING_BUOY,,
1785924051.159,2026-08-05 17:00:51,GUIDED,True,-7.9262264,112.594866,144.7,0.0,0.0,TRACKING_BUOY,,
1785924051.318,2026-08-05 17:00:51,GUIDED,True,-7.9262264,112.594866,144.69,0.0,0.0,TRACKING_BUOY,,
1785924051.456,2026-08-05 17:00:51,GUIDED,True,-7.9262264,112.594866,144.68,0.0,0.0,TRACKING_BUOY,,
1785924051.603,2026-08-05 17:00:51,GUIDED,True,-7.9262264,112.594866,144.69,0.0,0.0,TRACKING_BUOY,,
1785924051.767,2026-08-05 17:00:51,GUIDED,True,-7.9262264,112.594866,144.67,0.0,0.0,TRACKING_BUOY,,
1785924051.908,2026-08-05 17:00:51,GUIDED,True,-7.9262264,112.594866,144.66,0.0,0.0,TRACKING_BUOY,354,34
1785924052.048,2026-08-05 17:00:52,GUIDED,True,-7.9262264,112.594866,144.65,0.0,0.0,TRACKING_BUOY,,
1785924052.201,2026-08-05 17:00:52,GUIDED,True,-7.9262264,112.594866,144.64,0.0,0.0,TRACKING_BUOY,,
1785924052.341,2026-08-05 17:00:52,GUIDED,True,-7.9262264,112.594866,144.64,0.0,0.0,TRACKING_BUOY,,
1785924052.481,2026-08-05 17:00:52,GUIDED,True,-7.9262264,112.594866,144.64,0.0,0.0,TRACKING_BUOY,,
1785924052.623,2026-08-05 17:00:52,GUIDED,True,-7.9262264,112.594866,144.64,0.0,0.0,TRACKING_BUOY,,
1785924052.766,2026-08-05 17:00:52,GUIDED,True,-7.9262264,112.594866,144.63,0.0,0.0,TRACKING_BUOY,,
1785924052.915,2026-08-05 17:00:52,GUIDED,True,-7.9262264,112.594866,144.63,0.0,0.0,TRACKING_BUOY,,
1785924053.059,2026-08-05 17:00:53,GUIDED,True,-7.9262264,112.594866,144.63,0.0,0.0,TRACKING_BUOY,,
1785924053.205,2026-08-05 17:00:53,GUIDED,True,-7.9262264,112.594866,144.6,0.0,0.0,TRACKING_BUOY,,
1785924053.352,2026-08-05 17:00:53,GUIDED,True,-7.9262264,112.594866,144.57,0.0,0.0,TRACKING_BUOY,351,31
1785924053.493,2026-08-05 17:00:53,GUIDED,True,-7.9262264,112.594866,144.57,0.0,0.0,TRACKING_BUOY,,
1785924053.645,2026-08-05 17:00:53,GUIDED,True,-7.9262264,112.594866,144.56,0.0,0.0,TRACKING_BUOY,,
1785924053.790,2026-08-05 17:00:53,GUIDED,True,-7.9262264,112.594866,144.55,0.0,0.0,TRACKING_BUOY,,
1785924053.955,2026-08-05 17:00:53,GUIDED,True,-7.9262264,112.594866,144.54,0.0,0.0,TRACKING_BUOY,,
1785924054.179,2026-08-05 17:00:54,GUIDED,True,-7.9262264,112.594866,144.53,0.0,0.0,TRACKING_BUOY,,
1785924054.319,2026-08-05 17:00:54,GUIDED,True,-7.9262264,112.594866,144.53,0.0,0.0,TRACKING_BUOY,,
1785924054.463,2026-08-05 17:00:54,GUIDED,True,-7.9262264,112.594866,144.5,0.0,0.0,TRACKING_BUOY,,
1785924054.604,2026-08-05 17:00:54,GUIDED,True,-7.9262264,112.594866,144.5,0.0,0.0,TRACKING_BUOY,,
1785924054.745,2026-08-05 17:00:54,GUIDED,True,-7.9262264,112.594866,144.5,0.0,0.0,TRACKING_BUOY,,
1785924054.886,2026-08-05 17:00:54,GUIDED,True,-7.9262264,112.594866,144.47,0.0,0.0,TRACKING_BUOY,,
1785924055.028,2026-08-05 17:00:55,GUIDED,True,-7.9262264,112.594866,144.47,0.0,0.0,TRACKING_BUOY,,
1785924055.175,2026-08-05 17:00:55,GUIDED,True,-7.9262264,112.594866,144.45,0.0,0.0,TRACKING_BUOY,,
1785924055.317,2026-08-05 17:00:55,GUIDED,True,-7.9262264,112.594866,144.45,0.0,0.0,TRACKING_BUOY,,
1785924055.460,2026-08-05 17:00:55,GUIDED,True,-7.9262264,112.594866,144.44,0.0,0.0,TRACKING_BUOY,,
1785924055.606,2026-08-05 17:00:55,GUIDED,True,-7.9262264,112.594866,144.43,0.0,0.0,TRACKING_BUOY,,
1785924055.751,2026-08-05 17:00:55,GUIDED,True,-7.9262264,112.594866,144.43,0.0,0.0,TRACKING_BUOY,,
1785924055.893,2026-08-05 17:00:55,GUIDED,True,-7.9262264,112.594866,144.41,0.0,0.0,TRACKING_BUOY,,
1785924056.027,2026-08-05 17:00:56,GUIDED,True,-7.9262264,112.594866,144.41,0.0,0.0,TRACKING_BUOY,,
1785924056.170,2026-08-05 17:00:56,GUIDED,True,-7.9262264,112.594866,144.38,0.0,0.0,TRACKING_BUOY,,
1785924056.316,2026-08-05 17:00:56,GUIDED,True,-7.9262264,112.594866,144.39,0.0,0.0,TRACKING_BUOY,,
1785924056.456,2026-08-05 17:00:56,GUIDED,True,-7.9262264,112.594866,144.39,0.0,0.0,TRACKING_BUOY,,
1785924056.605,2026-08-05 17:00:56,GUIDED,True,-7.9262264,112.594866,144.38,0.0,0.0,TRACKING_BUOY,,
1785924056.764,2026-08-05 17:00:56,GUIDED,True,-7.9262264,112.594866,144.36,0.0,0.0,TRACKING_BUOY,,
1785924056.907,2026-08-05 17:00:56,GUIDED,True,-7.9262264,112.594866,144.36,0.0,0.0,TRACKING_BUOY,,
1785924057.090,2026-08-05 17:00:57,GUIDED,True,-7.9262264,112.594866,144.33,0.0,0.0,TRACKING_BUOY,,
1785924057.232,2026-08-05 17:00:57,GUIDED,True,-7.9262264,112.594866,144.32,0.0,0.0,TRACKING_BUOY,,
1785924057.379,2026-08-05 17:00:57,GUIDED,True,-7.9262264,112.594866,144.31,0.0,0.0,TRACKING_BUOY,,
1785924057.520,2026-08-05 17:00:57,GUIDED,True,-7.9262264,112.594866,144.31,0.0,0.0,TRACKING_BUOY,,
1785924057.663,2026-08-05 17:00:57,GUIDED,True,-7.9262264,112.594866,144.32,0.0,0.0,TRACKING_BUOY,,
1785924057.803,2026-08-05 17:00:57,GUIDED,True,-7.9262264,112.594866,144.3,0.0,0.0,TRACKING_BUOY,,
1785924057.959,2026-08-05 17:00:57,GUIDED,True,-7.9262264,112.594866,144.29,0.0,0.0,TRACKING_BUOY,,
1785924058.107,2026-08-05 17:00:58,GUIDED,True,-7.9262264,112.594866,144.28,0.0,0.0,TRACKING_BUOY,,
1785924058.270,2026-08-05 17:00:58,GUIDED,True,-7.9262264,112.594866,144.26,0.0,0.0,TRACKING_BUOY,,
1785924058.410,2026-08-05 17:00:58,GUIDED,True,-7.9262264,112.594866,144.26,0.0,0.0,TRACKING_BUOY,,
1785924058.553,2026-08-05 17:00:58,GUIDED,True,-7.9262264,112.594866,144.25,0.0,0.0,TRACKING_BUOY,,
1785924058.695,2026-08-05 17:00:58,GUIDED,True,-7.9262264,112.594866,144.24,0.0,0.0,TRACKING_BUOY,,
1785924058.845,2026-08-05 17:00:58,GUIDED,True,-7.9262264,112.594866,144.24,0.0,0.0,TRACKING_BUOY,,
1785924059.024,2026-08-05 17:00:59,GUIDED,True,-7.9262264,112.594866,144.2,0.0,0.0,TRACKING_BUOY,,
1785924059.173,2026-08-05 17:00:59,GUIDED,True,-7.9262264,112.594866,144.18,0.0,0.0,TRACKING_BUOY,,
1785924059.316,2026-08-05 17:00:59,GUIDED,True,-7.9262264,112.594866,144.18,0.0,0.0,TRACKING_BUOY,,
1785924059.455,2026-08-05 17:00:59,GUIDED,True,-7.9262264,112.594866,144.16,0.0,0.0,TRACKING_BUOY,,
1785924059.615,2026-08-05 17:00:59,GUIDED,True,-7.9262264,112.594866,144.15,0.0,0.0,TRACKING_BUOY,,
1785924059.757,2026-08-05 17:00:59,GUIDED,True,-7.9262264,112.594866,144.15,0.0,0.0,TRACKING_BUOY,,
1785924059.900,2026-08-05 17:00:59,GUIDED,True,-7.9262264,112.594866,144.14,0.0,0.0,TRACKING_BUOY,,
1785924060.047,2026-08-05 17:01:00,GUIDED,True,-7.9262264,112.594866,144.13,0.0,0.0,TRACKING_BUOY,,
1785924060.198,2026-08-05 17:01:00,GUIDED,True,-7.9262264,112.594866,144.12,0.0,0.0,TRACKING_BUOY,,
1785924060.339,2026-08-05 17:01:00,GUIDED,True,-7.9262264,112.594866,144.12,0.0,0.0,TRACKING_BUOY,,
1785924060.481,2026-08-05 17:01:00,GUIDED,True,-7.9262264,112.594866,144.1,0.0,0.0,TRACKING_BUOY,,
1785924060.626,2026-08-05 17:01:00,GUIDED,True,-7.9262264,112.594866,144.1,0.0,0.0,TRACKING_BUOY,,
1785924060.792,2026-08-05 17:01:00,GUIDED,True,-7.9262264,112.594866,144.09,0.0,0.0,TRACKING_BUOY,,
1785924060.953,2026-08-05 17:01:00,GUIDED,True,-7.9262264,112.594866,144.08,0.0,0.0,TRACKING_BUOY,,
1785924061.093,2026-08-05 17:01:01,GUIDED,True,-7.9262264,112.594866,144.09,0.0,0.0,TRACKING_BUOY,,
1785924061.240,2026-08-05 17:01:01,GUIDED,True,-7.9262264,112.594866,144.08,0.0,0.0,TRACKING_BUOY,,
1785924061.394,2026-08-05 17:01:01,GUIDED,True,-7.9262264,112.594866,144.09,0.0,0.0,TRACKING_BUOY,,
1785924061.533,2026-08-05 17:01:01,GUIDED,True,-7.9262264,112.594866,144.1,0.0,0.0,TRACKING_BUOY,,
1785924061.672,2026-08-05 17:01:01,GUIDED,True,-7.9262264,112.594866,144.09,0.0,0.0,TRACKING_BUOY,,
1785924061.819,2026-08-05 17:01:01,GUIDED,True,-7.9262264,112.594866,144.13,0.0,0.0,TRACKING_BUOY,,
1785924061.970,2026-08-05 17:01:01,GUIDED,True,-7.9262264,112.594866,144.11,0.0,0.0,TRACKING_BUOY,,
1785924062.117,2026-08-05 17:01:02,GUIDED,True,-7.9262264,112.594866,144.11,0.0,0.0,TRACKING_BUOY,,
1785924062.268,2026-08-05 17:01:02,GUIDED,True,-7.9262264,112.594866,144.15,0.0,0.0,TRACKING_BUOY,,
1785924062.407,2026-08-05 17:01:02,GUIDED,True,-7.9262264,112.594866,144.16,0.0,0.0,TRACKING_BUOY,,
1785924062.550,2026-08-05 17:01:02,GUIDED,True,-7.9262264,112.594866,144.17,0.0,0.0,TRACKING_BUOY,,
1785924062.696,2026-08-05 17:01:02,GUIDED,True,-7.9262264,112.594866,144.15,0.0,0.0,TRACKING_BUOY,,
1785924062.839,2026-08-05 17:01:02,GUIDED,True,-7.9262264,112.594866,144.15,0.0,0.0,TRACKING_BUOY,,
1785924062.988,2026-08-05 17:01:02,GUIDED,True,-7.9262264,112.594866,144.13,0.0,0.0,TRACKING_BUOY,,
1785924063.132,2026-08-05 17:01:03,GUIDED,True,-7.9262264,112.594866,144.12,0.0,0.0,TRACKING_BUOY,,
1785924063.275,2026-08-05 17:01:03,GUIDED,True,-7.9262264,112.594866,144.12,0.0,0.0,TRACKING_BUOY,,
1785924063.416,2026-08-05 17:01:03,GUIDED,True,-7.9262264,112.594866,144.11,0.0,0.0,TRACKING_BUOY,,
1785924063.556,2026-08-05 17:01:03,GUIDED,True,-7.9262264,112.594866,144.12,0.0,0.0,TRACKING_BUOY,,
1785924063.697,2026-08-05 17:01:03,GUIDED,True,-7.9262264,112.594866,144.12,0.0,0.0,TRACKING_BUOY,,
1785924063.840,2026-08-05 17:01:03,GUIDED,True,-7.9262264,112.594866,144.12,0.0,0.0,TRACKING_BUOY,,
1785924063.986,2026-08-05 17:01:03,GUIDED,True,-7.9262264,112.594866,144.1,0.0,0.0,TRACKING_BUOY,,
1785924064.127,2026-08-05 17:01:04,GUIDED,True,-7.9262264,112.594866,144.1,0.0,0.0,TRACKING_BUOY,,
1785924064.267,2026-08-05 17:01:04,GUIDED,True,-7.9262264,112.594866,144.09,0.0,0.0,TRACKING_BUOY,,
1785924064.408,2026-08-05 17:01:04,GUIDED,True,-7.9262264,112.594866,144.09,0.0,0.0,TRACKING_BUOY,,
1785924064.555,2026-08-05 17:01:04,GUIDED,True,-7.9262264,112.594866,144.08,0.0,0.0,TRACKING_BUOY,,
1785924064.695,2026-08-05 17:01:04,GUIDED,True,-7.9262264,112.594866,144.08,0.0,0.0,TRACKING_BUOY,,
1785924064.838,2026-08-05 17:01:04,GUIDED,True,-7.9262264,112.594866,144.08,0.0,0.0,TRACKING_BUOY,,
1785924064.983,2026-08-05 17:01:04,GUIDED,True,-7.9262264,112.594866,144.1,0.0,0.0,TRACKING_BUOY,,
1785924065.148,2026-08-05 17:01:05,GUIDED,True,-7.9262264,112.594866,144.11,0.0,0.0,TRACKING_BUOY,,
1785924065.287,2026-08-05 17:01:05,GUIDED,True,-7.9262264,112.594866,144.07,0.0,0.0,TRACKING_BUOY,,
1785924065.428,2026-08-05 17:01:05,GUIDED,True,-7.9262264,112.594866,144.08,0.0,0.0,TRACKING_BUOY,,
1785924065.569,2026-08-05 17:01:05,GUIDED,True,-7.9262264,112.594866,144.14,0.0,0.0,TRACKING_BUOY,,
1785924065.710,2026-08-05 17:01:05,GUIDED,True,-7.9262264,112.594866,144.15,0.0,0.0,TRACKING_BUOY,,
1785924065.856,2026-08-05 17:01:05,GUIDED,True,-7.9262264,112.594866,144.21,0.0,0.0,TRACKING_BUOY,,
1785924066.001,2026-08-05 17:01:06,GUIDED,True,-7.9262264,112.594866,144.21,0.0,0.0,TRACKING_BUOY,,
1785924066.142,2026-08-05 17:01:06,GUIDED,True,-7.9262264,112.594866,144.19,0.0,0.0,TRACKING_BUOY,,
1785924066.287,2026-08-05 17:01:06,GUIDED,True,-7.9262264,112.594866,144.19,0.0,0.0,TRACKING_BUOY,,
1785924066.429,2026-08-05 17:01:06,GUIDED,True,-7.9262264,112.594866,144.2,0.0,0.0,TRACKING_BUOY,,
1785924066.578,2026-08-05 17:01:06,GUIDED,True,-7.9262264,112.594866,144.26,0.0,0.0,TRACKING_BUOY,,
1785924066.725,2026-08-05 17:01:06,GUIDED,True,-7.9262264,112.594866,144.25,0.0,0.0,TRACKING_BUOY,,
1785924066.870,2026-08-05 17:01:06,GUIDED,True,-7.9262264,112.594866,144.25,0.0,0.0,TRACKING_BUOY,,
1785924067.037,2026-08-05 17:01:07,GUIDED,True,-7.9262264,112.594866,144.26,0.0,0.0,TRACKING_BUOY,,
1785924067.238,2026-08-05 17:01:07,GUIDED,True,-7.9262264,112.594866,144.28,0.0,0.0,TRACKING_BUOY,,
1785924067.408,2026-08-05 17:01:07,GUIDED,True,-7.9262264,112.594866,144.32,0.0,0.0,TRACKING_BUOY,,
1785924067.579,2026-08-05 17:01:07,GUIDED,True,-7.9262264,112.594866,144.32,0.0,0.0,TRACKING_BUOY,,
1785924067.724,2026-08-05 17:01:07,GUIDED,True,-7.9262264,112.594866,144.31,0.0,0.0,TRACKING_BUOY,,
1785924067.878,2026-08-05 17:01:07,GUIDED,True,-7.9262264,112.594866,144.3,0.0,0.0,TRACKING_BUOY,,
1785924068.020,2026-08-05 17:01:08,GUIDED,True,-7.9262264,112.594866,144.31,0.0,0.0,TRACKING_BUOY,,
1785924068.168,2026-08-05 17:01:08,GUIDED,True,-7.9262264,112.594866,144.31,0.0,0.0,TRACKING_BUOY,,
1785924068.309,2026-08-05 17:01:08,GUIDED,True,-7.9262264,112.594866,144.3,0.0,0.0,TRACKING_BUOY,,
1785924068.455,2026-08-05 17:01:08,GUIDED,True,-7.9262264,112.594866,144.32,0.0,0.0,TRACKING_BUOY,,
1785924068.600,2026-08-05 17:01:08,GUIDED,True,-7.9262264,112.594866,144.36,0.0,0.0,TRACKING_BUOY,,
1785924068.738,2026-08-05 17:01:08,GUIDED,True,-7.9262264,112.594866,144.34,0.0,0.0,TRACKING_BUOY,,
1785924068.882,2026-08-05 17:01:08,GUIDED,True,-7.9262264,112.594866,144.41,0.0,0.0,TRACKING_BUOY,,
1785924069.030,2026-08-05 17:01:09,GUIDED,True,-7.9262264,112.594866,144.39,0.0,0.0,TRACKING_BUOY,,
1785924069.174,2026-08-05 17:01:09,GUIDED,True,-7.9262264,112.594866,144.36,0.0,0.0,TRACKING_BUOY,,
1785924069.317,2026-08-05 17:01:09,GUIDED,True,-7.9262264,112.594866,144.34,0.0,0.0,TRACKING_BUOY,,
1785924069.457,2026-08-05 17:01:09,GUIDED,True,-7.9262264,112.594866,144.35,0.0,0.0,TRACKING_BUOY,,
1785924069.599,2026-08-05 17:01:09,GUIDED,True,-7.9262264,112.594866,144.32,0.0,0.0,TRACKING_BUOY,,
1785924069.737,2026-08-05 17:01:09,GUIDED,True,-7.9262264,112.594866,144.32,0.0,0.0,TRACKING_BUOY,,
1785924069.880,2026-08-05 17:01:09,GUIDED,True,-7.9262264,112.594866,144.32,0.0,0.0,TRACKING_BUOY,,
1785924070.026,2026-08-05 17:01:10,GUIDED,True,-7.9262264,112.594866,144.33,0.0,0.0,TRACKING_BUOY,,
1785924070.173,2026-08-05 17:01:10,GUIDED,True,-7.9262264,112.594866,144.33,0.0,0.0,TRACKING_BUOY,,
1785924070.324,2026-08-05 17:01:10,GUIDED,True,-7.9262264,112.594866,144.34,0.0,0.0,TRACKING_BUOY,,
1785924070.470,2026-08-05 17:01:10,GUIDED,True,-7.9262264,112.594866,144.27,0.0,0.0,TRACKING_BUOY,,
1785924070.622,2026-08-05 17:01:10,GUIDED,True,-7.9262264,112.594866,144.22,0.0,0.0,TRACKING_BUOY,,
1785924070.772,2026-08-05 17:01:10,GUIDED,True,-7.9262264,112.594866,144.19,0.0,0.0,TRACKING_BUOY,,
1785924070.924,2026-08-05 17:01:10,GUIDED,True,-7.9262264,112.594866,144.15,0.0,0.0,TRACKING_BUOY,,
1785924071.068,2026-08-05 17:01:11,GUIDED,True,-7.9262264,112.594866,144.15,0.0,0.0,TRACKING_BUOY,,
1785924071.213,2026-08-05 17:01:11,GUIDED,True,-7.9262264,112.594866,144.14,0.0,0.0,TRACKING_BUOY,,
1785924071.367,2026-08-05 17:01:11,GUIDED,True,-7.9262264,112.594866,144.16,0.0,0.0,TRACKING_BUOY,,
1785924071.507,2026-08-05 17:01:11,GUIDED,True,-7.9262264,112.594866,144.15,0.0,0.0,TRACKING_BUOY,,
1785924071.648,2026-08-05 17:01:11,GUIDED,True,-7.9262264,112.594866,144.17,0.0,0.0,TRACKING_BUOY,,
1785924071.788,2026-08-05 17:01:11,GUIDED,True,-7.9262264,112.594866,144.16,0.0,0.0,TRACKING_BUOY,,
1785924071.935,2026-08-05 17:01:11,GUIDED,True,-7.9262264,112.594866,144.15,0.0,0.0,TRACKING_BUOY,,
1785924072.085,2026-08-05 17:01:12,GUIDED,True,-7.9262264,112.594866,144.19,0.0,0.0,TRACKING_BUOY,,
1785924072.232,2026-08-05 17:01:12,GUIDED,True,-7.9262264,112.594866,144.2,0.0,0.0,TRACKING_BUOY,352,32
1785924072.370,2026-08-05 17:01:12,GUIDED,True,-7.9262264,112.594866,144.22,0.0,0.0,TRACKING_BUOY,,
1785924072.517,2026-08-05 17:01:12,GUIDED,True,-7.9262264,112.594866,144.23,0.0,0.0,TRACKING_BUOY,,
1785924072.654,2026-08-05 17:01:12,GUIDED,True,-7.9262264,112.594866,144.25,0.0,0.0,TRACKING_BUOY,,
1785924072.791,2026-08-05 17:01:12,GUIDED,True,-7.9262264,112.594866,144.26,0.0,0.0,TRACKING_BUOY,,
1785924072.932,2026-08-05 17:01:12,GUIDED,True,-7.9262264,112.594866,144.26,0.0,0.0,TRACKING_BUOY,,
1785924073.071,2026-08-05 17:01:13,GUIDED,True,-7.9262264,112.594866,144.27,0.0,0.0,TRACKING_BUOY,,
1785924073.208,2026-08-05 17:01:13,GUIDED,True,-7.9262264,112.594866,144.28,0.0,0.0,TRACKING_BUOY,,
1785924073.352,2026-08-05 17:01:13,GUIDED,True,-7.9262264,112.594866,144.28,0.0,0.0,TRACKING_BUOY,,
1785924073.493,2026-08-05 17:01:13,GUIDED,True,-7.9262264,112.594866,144.27,0.0,0.0,TRACKING_BUOY,,
1785924073.642,2026-08-05 17:01:13,GUIDED,True,-7.9262264,112.594866,144.28,0.0,0.0,TRACKING_BUOY,,
1785924073.783,2026-08-05 17:01:13,GUIDED,True,-7.9262264,112.594866,144.28,0.0,0.0,TRACKING_BUOY,,
1785924073.922,2026-08-05 17:01:13,GUIDED,True,-7.9262264,112.594866,144.29,0.0,0.0,TRACKING_BUOY,,
1785924074.061,2026-08-05 17:01:14,GUIDED,True,-7.9262264,112.594866,144.31,0.0,0.0,TRACKING_BUOY,,
1785924074.209,2026-08-05 17:01:14,GUIDED,True,-7.9262264,112.594866,144.33,0.0,0.0,TRACKING_BUOY,,
1785924074.358,2026-08-05 17:01:14,GUIDED,True,-7.9262264,112.594866,144.35,0.0,0.0,TRACKING_BUOY,,
1785924074.516,2026-08-05 17:01:14,GUIDED,True,-7.9262264,112.594866,144.36,0.0,0.0,TRACKING_BUOY,,
1785924074.654,2026-08-05 17:01:14,GUIDED,True,-7.9262264,112.594866,144.37,0.0,0.0,TRACKING_BUOY,,
1785924074.792,2026-08-05 17:01:14,GUIDED,True,-7.9262264,112.594866,144.39,0.0,0.0,TRACKING_BUOY,,
1785924074.933,2026-08-05 17:01:14,GUIDED,True,-7.9262264,112.594866,144.41,0.0,0.0,TRACKING_BUOY,,
1785924075.089,2026-08-05 17:01:15,GUIDED,True,-7.9262264,112.594866,144.42,0.0,0.0,TRACKING_BUOY,,
1785924075.237,2026-08-05 17:01:15,GUIDED,True,-7.9262264,112.594866,144.45,0.0,0.0,TRACKING_BUOY,,
1785924075.378,2026-08-05 17:01:15,GUIDED,True,-7.9262264,112.594866,144.46,0.0,0.0,TRACKING_BUOY,,
1785924075.519,2026-08-05 17:01:15,GUIDED,True,-7.9262264,112.594866,144.49,0.0,0.0,TRACKING_BUOY,,
1785924075.658,2026-08-05 17:01:15,GUIDED,True,-7.9262264,112.594866,144.48,0.0,0.0,TRACKING_BUOY,,
1785924075.796,2026-08-05 17:01:15,GUIDED,True,-7.9262264,112.594866,144.49,0.0,0.0,TRACKING_BUOY,,
1785924075.937,2026-08-05 17:01:15,GUIDED,True,-7.9262264,112.594866,144.5,0.0,0.0,TRACKING_BUOY,,
1785924076.079,2026-08-05 17:01:16,GUIDED,True,-7.9262264,112.594866,144.51,0.0,0.0,TRACKING_BUOY,,
1785924076.229,2026-08-05 17:01:16,GUIDED,True,-7.9262264,112.594866,144.54,0.0,0.0,TRACKING_BUOY,,
1785924076.375,2026-08-05 17:01:16,GUIDED,True,-7.9262264,112.594866,144.55,0.0,0.0,TRACKING_BUOY,,
1785924076.514,2026-08-05 17:01:16,GUIDED,True,-7.9262264,112.594866,144.56,0.0,0.0,TRACKING_BUOY,,
1785924076.659,2026-08-05 17:01:16,GUIDED,True,-7.9262264,112.594866,144.56,0.0,0.0,TRACKING_BUOY,,
1785924076.802,2026-08-05 17:01:16,GUIDED,True,-7.9262264,112.594866,144.6,0.0,0.0,TRACKING_BUOY,,
1785924076.944,2026-08-05 17:01:16,GUIDED,True,-7.9262264,112.594866,144.61,0.0,0.0,TRACKING_BUOY,,
1785924077.106,2026-08-05 17:01:17,GUIDED,True,-7.9262264,112.594866,144.62,0.0,0.0,TRACKING_BUOY,,
1785924077.249,2026-08-05 17:01:17,GUIDED,True,-7.9262264,112.594866,144.62,0.0,0.0,TRACKING_BUOY,,
1785924077.390,2026-08-05 17:01:17,GUIDED,True,-7.9262264,112.594866,144.65,0.0,0.0,TRACKING_BUOY,,
1785924077.531,2026-08-05 17:01:17,GUIDED,True,-7.9262264,112.594866,144.67,0.0,0.0,TRACKING_BUOY,,
1785924077.673,2026-08-05 17:01:17,GUIDED,True,-7.9262264,112.594866,144.7,0.0,0.0,TRACKING_BUOY,,
1785924077.817,2026-08-05 17:01:17,GUIDED,True,-7.9262264,112.594866,144.71,0.0,0.0,TRACKING_BUOY,,
1785924077.957,2026-08-05 17:01:17,GUIDED,True,-7.9262264,112.594866,144.73,0.0,0.0,TRACKING_BUOY,,
1785924078.100,2026-08-05 17:01:18,GUIDED,True,-7.9262264,112.594866,144.74,0.0,0.0,TRACKING_BUOY,,
1785924078.244,2026-08-05 17:01:18,GUIDED,True,-7.9262264,112.594866,144.74,0.0,0.0,TRACKING_BUOY,,
1785924078.391,2026-08-05 17:01:18,GUIDED,True,-7.9262264,112.594866,144.75,0.0,0.0,TRACKING_BUOY,,
1785924078.532,2026-08-05 17:01:18,GUIDED,True,-7.9262264,112.594866,144.75,0.0,0.0,TRACKING_BUOY,,
1785924078.672,2026-08-05 17:01:18,GUIDED,True,-7.9262264,112.594866,144.78,0.0,0.0,TRACKING_BUOY,,
1785924078.813,2026-08-05 17:01:18,GUIDED,True,-7.9262264,112.594866,144.77,0.0,0.0,TRACKING_BUOY,,
1785924078.954,2026-08-05 17:01:18,GUIDED,True,-7.9262264,112.594866,144.78,0.0,0.0,TRACKING_BUOY,,
1785924079.097,2026-08-05 17:01:19,GUIDED,True,-7.9262264,112.594866,144.81,0.0,0.0,TRACKING_BUOY,,
1785924079.241,2026-08-05 17:01:19,GUIDED,True,-7.9262264,112.594866,144.81,0.0,0.0,TRACKING_BUOY,,
1785924079.382,2026-08-05 17:01:19,GUIDED,True,-7.9262264,112.594866,144.84,0.0,0.0,TRACKING_BUOY,,
1785924079.521,2026-08-05 17:01:19,GUIDED,True,-7.9262264,112.594866,144.83,0.0,0.0,TRACKING_BUOY,,
1785924079.660,2026-08-05 17:01:19,GUIDED,True,-7.9262264,112.594866,144.83,0.0,0.0,TRACKING_BUOY,,
1785924079.804,2026-08-05 17:01:19,GUIDED,True,-7.9262264,112.594866,144.84,0.0,0.0,TRACKING_BUOY,,
1785924079.949,2026-08-05 17:01:19,GUIDED,True,-7.9262264,112.594866,144.85,0.0,0.0,TRACKING_BUOY,,
1785924080.105,2026-08-05 17:01:20,GUIDED,True,-7.9262264,112.594866,144.85,0.0,0.0,TRACKING_BUOY,594,274
1785924080.246,2026-08-05 17:01:20,GUIDED,True,-7.9262264,112.594866,144.87,0.0,0.0,TRACKING_BUOY,604,284
1785924080.391,2026-08-05 17:01:20,GUIDED,True,-7.9262264,112.594866,144.89,0.0,0.0,TRACKING_BUOY,,
1785924080.534,2026-08-05 17:01:20,GUIDED,True,-7.9262264,112.594866,144.91,0.0,0.0,TRACKING_BUOY,,
1785924080.678,2026-08-05 17:01:20,GUIDED,True,-7.9262264,112.594866,144.91,0.0,0.0,TRACKING_BUOY,,
1785924080.838,2026-08-05 17:01:20,GUIDED,True,-7.9262264,112.594866,144.92,0.0,0.0,TRACKING_BUOY,611,291
1785924080.991,2026-08-05 17:01:20,GUIDED,True,-7.9262264,112.594866,144.94,0.0,0.0,TRACKING_BUOY,,
1785924081.133,2026-08-05 17:01:21,GUIDED,True,-7.9262264,112.594866,144.94,0.0,0.0,TRACKING_BUOY,,
1785924081.274,2026-08-05 17:01:21,GUIDED,True,-7.9262264,112.594866,144.97,0.0,0.0,TRACKING_BUOY,,
1785924081.441,2026-08-05 17:01:21,GUIDED,True,-7.9262264,112.594866,144.98,0.0,0.0,TRACKING_BUOY,,
1785924081.588,2026-08-05 17:01:21,GUIDED,True,-7.9262264,112.594866,145.0,0.0,0.0,TRACKING_BUOY,,
1785924081.731,2026-08-05 17:01:21,GUIDED,True,-7.9262264,112.594866,145.0,0.0,0.0,TRACKING_BUOY,,
1785924081.869,2026-08-05 17:01:21,GUIDED,True,-7.9262264,112.594866,145.01,0.0,0.0,TRACKING_BUOY,,
1785924082.011,2026-08-05 17:01:22,GUIDED,True,-7.9262264,112.594866,145.02,0.0,0.0,TRACKING_BUOY,640,320
1785924082.177,2026-08-05 17:01:22,GUIDED,True,-7.9262264,112.594866,145.04,0.0,0.0,TRACKING_BUOY,640,320
1785924082.316,2026-08-05 17:01:22,GUIDED,True,-7.9262264,112.594866,145.03,0.0,0.0,TRACKING_BUOY,,
1785924082.453,2026-08-05 17:01:22,GUIDED,True,-7.9262264,112.594866,145.03,0.0,0.0,TRACKING_BUOY,,
1785924082.603,2026-08-05 17:01:22,GUIDED,True,-7.9262264,112.594866,145.04,0.0,0.0,TRACKING_BUOY,,
1785924082.747,2026-08-05 17:01:22,GUIDED,True,-7.9262264,112.594866,145.06,0.0,0.0,TRACKING_BUOY,,
1785924082.888,2026-08-05 17:01:22,GUIDED,True,-7.9262264,112.594866,145.08,0.0,0.0,TRACKING_BUOY,,
1785924083.037,2026-08-05 17:01:23,GUIDED,True,-7.9262264,112.594866,145.08,0.0,0.0,TRACKING_BUOY,,
1785924083.179,2026-08-05 17:01:23,GUIDED,True,-7.9262264,112.594866,145.12,0.0,0.0,TRACKING_BUOY,,
1785924083.327,2026-08-05 17:01:23,GUIDED,True,-7.9262264,112.594866,145.12,0.0,0.0,TRACKING_BUOY,,
1785924083.470,2026-08-05 17:01:23,GUIDED,True,-7.9262264,112.594866,145.12,0.0,0.0,TRACKING_BUOY,,
1785924083.622,2026-08-05 17:01:23,GUIDED,True,-7.9262264,112.594866,145.12,0.0,0.0,TRACKING_BUOY,,
1785924083.766,2026-08-05 17:01:23,GUIDED,True,-7.9262264,112.594866,145.15,0.0,0.0,TRACKING_BUOY,,
1785924083.913,2026-08-05 17:01:23,GUIDED,True,-7.9262264,112.594866,145.16,0.0,0.0,TRACKING_BUOY,,
1785924084.053,2026-08-05 17:01:24,GUIDED,True,-7.9262264,112.594866,145.16,0.0,0.0,TRACKING_BUOY,,
1785924084.195,2026-08-05 17:01:24,GUIDED,True,-7.9262264,112.594866,145.19,0.0,0.0,TRACKING_BUOY,,
1785924084.338,2026-08-05 17:01:24,GUIDED,True,-7.9262264,112.594866,145.19,0.0,0.0,TRACKING_BUOY,,
1785924084.479,2026-08-05 17:01:24,GUIDED,True,-7.9262264,112.594866,145.21,0.0,0.0,TRACKING_BUOY,,
1785924084.624,2026-08-05 17:01:24,GUIDED,True,-7.9262264,112.594866,145.21,0.0,0.0,TRACKING_BUOY,,
1785924084.772,2026-08-05 17:01:24,GUIDED,True,-7.9262264,112.594866,145.22,0.0,0.0,TRACKING_BUOY,,
1785924084.920,2026-08-05 17:01:24,GUIDED,True,-7.9262264,112.594866,145.23,0.0,0.0,TRACKING_BUOY,,
1785924085.075,2026-08-05 17:01:25,GUIDED,True,-7.9262264,112.594866,145.22,0.0,0.0,TRACKING_BUOY,,
1785924085.223,2026-08-05 17:01:25,GUIDED,True,-7.9262264,112.594866,145.24,0.0,0.0,TRACKING_BUOY,,
1785924085.374,2026-08-05 17:01:25,GUIDED,True,-7.9262264,112.594866,145.26,0.0,0.0,TRACKING_BUOY,,
1785924085.515,2026-08-05 17:01:25,GUIDED,True,-7.9262264,112.594866,145.27,0.0,0.0,TRACKING_BUOY,,
1785924085.666,2026-08-05 17:01:25,GUIDED,True,-7.9262264,112.594866,145.29,0.0,0.0,TRACKING_BUOY,,
1785924085.833,2026-08-05 17:01:25,GUIDED,True,-7.9262264,112.594866,145.29,0.0,0.0,TRACKING_BUOY,,
1785924085.976,2026-08-05 17:01:25,GUIDED,True,-7.9262264,112.594866,145.29,0.0,0.0,TRACKING_BUOY,,
1785924086.123,2026-08-05 17:01:26,GUIDED,True,-7.9262264,112.594866,145.29,0.0,0.0,TRACKING_BUOY,,
1785924086.266,2026-08-05 17:01:26,GUIDED,True,-7.9262264,112.594866,145.31,0.0,0.0,TRACKING_BUOY,,
1785924086.407,2026-08-05 17:01:26,GUIDED,True,-7.9262264,112.594866,145.33,0.0,0.0,TRACKING_BUOY,,
1785924086.551,2026-08-05 17:01:26,GUIDED,True,-7.9262264,112.594866,145.34,0.0,0.0,TRACKING_BUOY,,
1785924086.704,2026-08-05 17:01:26,GUIDED,True,-7.9262264,112.594866,145.34,0.0,0.0,TRACKING_BUOY,,
1785924086.849,2026-08-05 17:01:26,GUIDED,True,-7.9262264,112.594866,145.36,0.0,0.0,TRACKING_BUOY,,
1785924086.994,2026-08-05 17:01:26,GUIDED,True,-7.9262264,112.594866,145.37,0.0,0.0,TRACKING_BUOY,,
1785924087.144,2026-08-05 17:01:27,GUIDED,True,-7.9262264,112.594866,145.38,0.0,0.0,TRACKING_BUOY,,
1785924087.312,2026-08-05 17:01:27,GUIDED,True,-7.9262264,112.594866,145.38,0.0,0.0,TRACKING_BUOY,,
1785924087.453,2026-08-05 17:01:27,GUIDED,True,-7.9262264,112.594866,145.39,0.0,0.0,TRACKING_BUOY,,
1785924087.599,2026-08-05 17:01:27,GUIDED,True,-7.9262264,112.594866,145.39,0.0,0.0,TRACKING_BUOY,,
1785924087.747,2026-08-05 17:01:27,GUIDED,True,-7.9262264,112.594866,145.4,0.0,0.0,TRACKING_BUOY,,
1785924087.899,2026-08-05 17:01:27,GUIDED,True,-7.9262264,112.594866,145.44,0.0,0.0,TRACKING_BUOY,,
1785924088.039,2026-08-05 17:01:28,GUIDED,True,-7.9262264,112.594866,145.45,0.0,0.0,TRACKING_BUOY,,
1785924088.183,2026-08-05 17:01:28,GUIDED,True,-7.9262264,112.594866,145.46,0.0,0.0,TRACKING_BUOY,,
1785924088.327,2026-08-05 17:01:28,GUIDED,True,-7.9262264,112.594866,145.46,0.0,0.0,TRACKING_BUOY,,
1785924088.497,2026-08-05 17:01:28,GUIDED,True,-7.9262264,112.594866,145.46,0.0,0.0,TRACKING_BUOY,,
1785924088.674,2026-08-05 17:01:28,GUIDED,True,-7.9262264,112.594866,145.5,0.0,0.0,TRACKING_BUOY,,
1785924088.860,2026-08-05 17:01:28,GUIDED,True,-7.9262264,112.594866,145.51,0.0,0.0,TRACKING_BUOY,,
1785924089.012,2026-08-05 17:01:29,GUIDED,True,-7.9262264,112.594866,145.51,0.0,0.0,TRACKING_BUOY,,
1785924089.159,2026-08-05 17:01:29,GUIDED,True,-7.9262264,112.594866,145.51,0.0,0.0,TRACKING_BUOY,,
1785924089.302,2026-08-05 17:01:29,GUIDED,True,-7.9262264,112.594866,145.49,0.0,0.0,TRACKING_BUOY,,
1785924089.444,2026-08-05 17:01:29,GUIDED,True,-7.9262264,112.594866,145.49,0.0,0.0,TRACKING_BUOY,,
1785924089.598,2026-08-05 17:01:29,GUIDED,True,-7.9262264,112.594866,145.48,0.0,0.0,TRACKING_BUOY,,
1785924089.740,2026-08-05 17:01:29,GUIDED,True,-7.9262264,112.594866,145.48,0.0,0.0,TRACKING_BUOY,,
1785924089.888,2026-08-05 17:01:29,GUIDED,True,-7.9262264,112.594866,145.51,0.0,0.0,TRACKING_BUOY,,
1785924090.041,2026-08-05 17:01:30,GUIDED,True,-7.9262264,112.594866,145.52,0.0,0.0,TRACKING_BUOY,,
1785924090.218,2026-08-05 17:01:30,GUIDED,True,-7.9262264,112.594866,145.53,0.0,0.0,TRACKING_BUOY,,
1785924090.360,2026-08-05 17:01:30,GUIDED,True,-7.9262264,112.594866,145.55,0.0,0.0,TRACKING_BUOY,,
1785924090.499,2026-08-05 17:01:30,GUIDED,True,-7.9262264,112.594866,145.54,0.0,0.0,TRACKING_BUOY,,
1785924090.636,2026-08-05 17:01:30,GUIDED,True,-7.9262264,112.594866,145.55,0.0,0.0,TRACKING_BUOY,,
1785924090.774,2026-08-05 17:01:30,GUIDED,True,-7.9262264,112.594866,145.55,0.0,0.0,TRACKING_BUOY,,
1785924090.937,2026-08-05 17:01:30,GUIDED,True,-7.9262264,112.594866,145.56,0.0,0.0,TRACKING_BUOY,,
1785924091.099,2026-08-05 17:01:31,GUIDED,True,-7.9262264,112.594866,145.58,0.0,0.0,TRACKING_BUOY,,
1785924091.244,2026-08-05 17:01:31,GUIDED,True,-7.9262264,112.594866,145.58,0.0,0.0,TRACKING_BUOY,,
1785924091.388,2026-08-05 17:01:31,GUIDED,True,-7.9262264,112.594866,145.61,0.0,0.0,TRACKING_BUOY,,
1785924091.552,2026-08-05 17:01:31,GUIDED,True,-7.9262264,112.594866,145.63,0.0,0.0,TRACKING_BUOY,,
1785924091.693,2026-08-05 17:01:31,GUIDED,True,-7.9262264,112.594866,145.66,0.0,0.0,TRACKING_BUOY,,
1785924091.838,2026-08-05 17:01:31,GUIDED,True,-7.9262264,112.594866,145.65,0.0,0.0,TRACKING_BUOY,,
1785924091.983,2026-08-05 17:01:31,GUIDED,True,-7.9262264,112.594866,145.66,0.0,0.0,TRACKING_BUOY,,
1785924092.130,2026-08-05 17:01:32,GUIDED,True,-7.9262264,112.594866,145.68,0.0,0.0,TRACKING_BUOY,,
1785924092.281,2026-08-05 17:01:32,GUIDED,True,-7.9262264,112.594866,145.68,0.0,0.0,TRACKING_BUOY,,
1785924092.429,2026-08-05 17:01:32,GUIDED,True,-7.9262264,112.594866,145.68,0.0,0.0,TRACKING_BUOY,,
1785924092.568,2026-08-05 17:01:32,GUIDED,True,-7.9262264,112.594866,145.72,0.0,0.0,TRACKING_BUOY,626,306
1785924092.707,2026-08-05 17:01:32,GUIDED,True,-7.9262264,112.594866,145.72,0.0,0.0,TRACKING_BUOY,,
1785924092.852,2026-08-05 17:01:32,GUIDED,True,-7.9262264,112.594866,145.74,0.0,0.0,TRACKING_BUOY,629,309
1785924092.995,2026-08-05 17:01:32,GUIDED,True,-7.9262264,112.594866,145.74,0.0,0.0,TRACKING_BUOY,634,314
1785924093.145,2026-08-05 17:01:33,GUIDED,True,-7.9262264,112.594866,145.74,0.0,0.0,TRACKING_BUOY,634,314
1785924093.290,2026-08-05 17:01:33,GUIDED,True,-7.9262264,112.594866,145.76,0.0,0.0,TRACKING_BUOY,640,320
1785924093.431,2026-08-05 17:01:33,GUIDED,True,-7.9262264,112.594866,145.77,0.0,0.0,TRACKING_BUOY,640,320
1785924093.570,2026-08-05 17:01:33,GUIDED,True,-7.9262264,112.594866,145.78,0.0,0.0,TRACKING_BUOY,640,320
1785924093.716,2026-08-05 17:01:33,GUIDED,True,-7.9262264,112.594866,145.79,0.0,0.0,TRACKING_BUOY,640,320
1785924093.862,2026-08-05 17:01:33,GUIDED,True,-7.9262264,112.594866,145.79,0.0,0.0,TRACKING_BUOY,640,320
1785924094.010,2026-08-05 17:01:34,GUIDED,True,-7.9262264,112.594866,145.8,0.0,0.0,TRACKING_BUOY,640,320
1785924094.157,2026-08-05 17:01:34,GUIDED,True,-7.9262264,112.594866,145.81,0.0,0.0,TRACKING_BUOY,640,320
1785924094.296,2026-08-05 17:01:34,GUIDED,True,-7.9262264,112.594866,145.81,0.0,0.0,TRACKING_BUOY,640,320
1785924094.440,2026-08-05 17:01:34,GUIDED,True,-7.9262264,112.594866,145.82,0.0,0.0,TRACKING_BUOY,640,320
1785924094.580,2026-08-05 17:01:34,GUIDED,True,-7.9262264,112.594866,145.81,0.0,0.0,TRACKING_BUOY,640,320
1785924094.719,2026-08-05 17:01:34,GUIDED,True,-7.9262264,112.594866,145.82,0.0,0.0,TRACKING_BUOY,640,320
1785924094.862,2026-08-05 17:01:34,GUIDED,True,-7.9262264,112.594866,145.85,0.0,0.0,TRACKING_BUOY,,
1785924095.007,2026-08-05 17:01:35,GUIDED,True,-7.9262264,112.594866,145.87,0.0,0.0,TRACKING_BUOY,640,320
1785924095.156,2026-08-05 17:01:35,GUIDED,True,-7.9262264,112.594866,145.88,0.0,0.0,TRACKING_BUOY,,
1785924095.292,2026-08-05 17:01:35,GUIDED,True,-7.9262264,112.594866,145.89,0.0,0.0,TRACKING_BUOY,,
1785924095.432,2026-08-05 17:01:35,GUIDED,True,-7.9262264,112.594866,145.91,0.0,0.0,TRACKING_BUOY,,
1785924095.593,2026-08-05 17:01:35,GUIDED,True,-7.9262264,112.594866,145.93,0.0,0.0,TRACKING_BUOY,,
1785924095.737,2026-08-05 17:01:35,GUIDED,True,-7.9262264,112.594866,145.94,0.0,0.0,TRACKING_BUOY,,
1785924095.882,2026-08-05 17:01:35,GUIDED,True,-7.9262264,112.594866,145.96,0.0,0.0,TRACKING_BUOY,640,320
1785924096.031,2026-08-05 17:01:36,GUIDED,True,-7.9262264,112.594866,145.97,0.0,0.0,TRACKING_BUOY,640,320
1785924096.176,2026-08-05 17:01:36,GUIDED,True,-7.9262264,112.594866,145.99,0.0,0.0,TRACKING_BUOY,,
1785924096.318,2026-08-05 17:01:36,GUIDED,True,-7.9262264,112.594866,145.99,0.0,0.0,TRACKING_BUOY,,
1785924096.459,2026-08-05 17:01:36,GUIDED,True,-7.9262264,112.594866,146.0,0.0,0.0,TRACKING_BUOY,640,320
1785924096.608,2026-08-05 17:01:36,GUIDED,True,-7.9262264,112.594866,146.0,0.0,0.0,TRACKING_BUOY,640,320
1785924096.750,2026-08-05 17:01:36,GUIDED,True,-7.9262264,112.594866,146.0,0.0,0.0,TRACKING_BUOY,640,320
1785924096.890,2026-08-05 17:01:36,GUIDED,True,-7.9262264,112.594866,145.99,0.0,0.0,TRACKING_BUOY,640,320
1785924097.041,2026-08-05 17:01:37,GUIDED,True,-7.9262264,112.594866,146.0,0.0,0.0,TRACKING_BUOY,640,320
1785924097.189,2026-08-05 17:01:37,GUIDED,True,-7.9262264,112.594866,146.02,0.0,0.0,TRACKING_BUOY,640,320
1785924097.335,2026-08-05 17:01:37,GUIDED,True,-7.9262264,112.594866,146.03,0.0,0.0,TRACKING_BUOY,640,320
1785924097.490,2026-08-05 17:01:37,GUIDED,True,-7.9262264,112.594866,146.04,0.0,0.0,TRACKING_BUOY,640,320
1785924097.632,2026-08-05 17:01:37,GUIDED,True,-7.9262264,112.594866,146.07,0.0,0.0,TRACKING_BUOY,640,320
1785924097.771,2026-08-05 17:01:37,GUIDED,True,-7.9262264,112.594866,146.09,0.0,0.0,TRACKING_BUOY,,
1785924097.926,2026-08-05 17:01:37,GUIDED,True,-7.9262264,112.594866,146.1,0.0,0.0,TRACKING_BUOY,,
1785924098.067,2026-08-05 17:01:38,GUIDED,True,-7.9262264,112.594866,146.1,0.0,0.0,TRACKING_BUOY,,
1785924098.216,2026-08-05 17:01:38,GUIDED,True,-7.9262264,112.594866,146.09,0.0,0.0,TRACKING_BUOY,,
1785924098.357,2026-08-05 17:01:38,GUIDED,True,-7.9262264,112.594866,146.11,0.0,0.0,TRACKING_BUOY,640,320
1785924098.499,2026-08-05 17:01:38,GUIDED,True,-7.9262264,112.594866,146.1,0.0,0.0,TRACKING_BUOY,640,320
1785924098.646,2026-08-05 17:01:38,GUIDED,True,-7.9262264,112.594866,146.14,0.0,0.0,TRACKING_BUOY,,
1785924098.785,2026-08-05 17:01:38,GUIDED,True,-7.9262264,112.594866,146.14,0.0,0.0,TRACKING_BUOY,640,320
1785924098.933,2026-08-05 17:01:38,GUIDED,True,-7.9262264,112.594866,146.15,0.0,0.0,TRACKING_BUOY,,
1785924099.072,2026-08-05 17:01:39,GUIDED,True,-7.9262264,112.594866,146.15,0.0,0.0,TRACKING_BUOY,,
1785924099.219,2026-08-05 17:01:39,GUIDED,True,-7.9262264,112.594866,146.16,0.0,0.0,TRACKING_BUOY,,
1785924099.356,2026-08-05 17:01:39,GUIDED,True,-7.9262264,112.594866,146.16,0.0,0.0,TRACKING_BUOY,,
1785924099.495,2026-08-05 17:01:39,GUIDED,True,-7.9262264,112.594866,146.19,0.0,0.0,TRACKING_BUOY,,
1785924099.642,2026-08-05 17:01:39,GUIDED,True,-7.9262264,112.594866,146.2,0.0,0.0,TRACKING_BUOY,,
1785924099.784,2026-08-05 17:01:39,GUIDED,True,-7.9262264,112.594866,146.2,0.0,0.0,TRACKING_BUOY,,
1785924099.928,2026-08-05 17:01:39,GUIDED,True,-7.9262264,112.594866,146.2,0.0,0.0,TRACKING_BUOY,,
1785924100.104,2026-08-05 17:01:40,GUIDED,True,-7.9262264,112.594866,146.23,0.0,0.0,TRACKING_BUOY,,
1785924100.248,2026-08-05 17:01:40,GUIDED,True,-7.9262264,112.594866,146.25,0.0,0.0,TRACKING_BUOY,,
1785924100.392,2026-08-05 17:01:40,GUIDED,True,-7.9262264,112.594866,146.27,0.0,0.0,TRACKING_BUOY,,
1785924100.550,2026-08-05 17:01:40,GUIDED,True,-7.9262264,112.594866,146.27,0.0,0.0,TRACKING_BUOY,,
1785924100.692,2026-08-05 17:01:40,GUIDED,True,-7.9262264,112.594866,146.27,0.0,0.0,TRACKING_BUOY,,
1785924100.834,2026-08-05 17:01:40,GUIDED,True,-7.9262264,112.594866,146.27,0.0,0.0,TRACKING_BUOY,,
1785924100.995,2026-08-05 17:01:40,GUIDED,True,-7.9262264,112.594866,146.27,0.0,0.0,TRACKING_BUOY,,
1785924101.161,2026-08-05 17:01:41,GUIDED,True,-7.9262264,112.594866,146.29,0.0,0.0,TRACKING_BUOY,,
1785924101.304,2026-08-05 17:01:41,GUIDED,True,-7.9262264,112.594866,146.3,0.0,0.0,TRACKING_BUOY,,
1785924101.443,2026-08-05 17:01:41,GUIDED,True,-7.9262264,112.594866,146.31,0.0,0.0,TRACKING_BUOY,,
1785924101.604,2026-08-05 17:01:41,GUIDED,True,-7.9262264,112.594866,146.32,0.0,0.0,TRACKING_BUOY,,
1785924101.750,2026-08-05 17:01:41,GUIDED,True,-7.9262264,112.594866,146.33,0.0,0.0,TRACKING_BUOY,,
1785924101.905,2026-08-05 17:01:41,GUIDED,True,-7.9262264,112.594866,146.38,0.0,0.0,TRACKING_BUOY,,
1785924102.049,2026-08-05 17:01:42,GUIDED,True,-7.9262264,112.594866,146.39,0.0,0.0,TRACKING_BUOY,,
1785924102.189,2026-08-05 17:01:42,GUIDED,True,-7.9262264,112.594866,146.41,0.0,0.0,TRACKING_BUOY,,
1785924102.331,2026-08-05 17:01:42,GUIDED,True,-7.9262264,112.594866,146.42,0.0,0.0,TRACKING_BUOY,,
1785924102.488,2026-08-05 17:01:42,GUIDED,True,-7.9262264,112.594866,146.42,0.0,0.0,TRACKING_BUOY,,
1785924102.639,2026-08-05 17:01:42,GUIDED,True,-7.9262264,112.594866,146.42,0.0,0.0,TRACKING_BUOY,,
1785924102.782,2026-08-05 17:01:42,GUIDED,True,-7.9262264,112.594866,146.44,0.0,0.0,TRACKING_BUOY,,
1785924102.925,2026-08-05 17:01:42,GUIDED,True,-7.9262264,112.594866,146.45,0.0,0.0,TRACKING_BUOY,,
1785924103.067,2026-08-05 17:01:43,GUIDED,True,-7.9262264,112.594866,146.46,0.0,0.0,TRACKING_BUOY,,
1785924103.209,2026-08-05 17:01:43,GUIDED,True,-7.9262264,112.594866,146.48,0.0,0.0,TRACKING_BUOY,,
1785924103.354,2026-08-05 17:01:43,GUIDED,True,-7.9262264,112.594866,146.49,0.0,0.0,TRACKING_BUOY,,
1785924103.501,2026-08-05 17:01:43,GUIDED,True,-7.9262264,112.594866,146.5,0.0,0.0,TRACKING_BUOY,,
1785924103.644,2026-08-05 17:01:43,GUIDED,True,-7.9262264,112.594866,146.5,0.0,0.0,TRACKING_BUOY,,
1785924103.791,2026-08-05 17:01:43,GUIDED,True,-7.9262264,112.594866,146.51,0.0,0.0,TRACKING_BUOY,,
1785924103.933,2026-08-05 17:01:43,GUIDED,True,-7.9262264,112.594866,146.52,0.0,0.0,TRACKING_BUOY,,
1785924104.078,2026-08-05 17:01:44,GUIDED,True,-7.9262264,112.594866,146.52,0.0,0.0,TRACKING_BUOY,,
1785924104.222,2026-08-05 17:01:44,GUIDED,True,-7.9262264,112.594866,146.53,0.0,0.0,TRACKING_BUOY,,
1785924104.360,2026-08-05 17:01:44,GUIDED,True,-7.9262264,112.594866,146.54,0.0,0.0,TRACKING_BUOY,,
1785924104.504,2026-08-05 17:01:44,GUIDED,True,-7.9262264,112.594866,146.53,0.0,0.0,TRACKING_BUOY,,
1785924104.654,2026-08-05 17:01:44,GUIDED,True,-7.9262264,112.594866,146.55,0.0,0.0,TRACKING_BUOY,,
1785924104.797,2026-08-05 17:01:44,GUIDED,True,-7.9262264,112.594866,146.55,0.0,0.0,TRACKING_BUOY,,
1785924104.941,2026-08-05 17:01:44,GUIDED,True,-7.9262264,112.594866,146.56,0.0,0.0,TRACKING_BUOY,,
1785924105.091,2026-08-05 17:01:45,GUIDED,True,-7.9262264,112.594866,146.6,0.0,0.0,TRACKING_BUOY,,
1785924105.238,2026-08-05 17:01:45,GUIDED,True,-7.9262264,112.594866,146.61,0.0,0.0,TRACKING_BUOY,,
1785924105.385,2026-08-05 17:01:45,GUIDED,True,-7.9262264,112.594866,146.63,0.0,0.0,TRACKING_BUOY,,
1785924105.525,2026-08-05 17:01:45,GUIDED,True,-7.9262264,112.594866,146.64,0.0,0.0,TRACKING_BUOY,,
1785924105.670,2026-08-05 17:01:45,GUIDED,True,-7.9262264,112.594866,146.66,0.0,0.0,TRACKING_BUOY,,
1785924105.815,2026-08-05 17:01:45,GUIDED,True,-7.9262264,112.594866,146.66,0.0,0.0,TRACKING_BUOY,,
1785924105.958,2026-08-05 17:01:45,GUIDED,True,-7.9262264,112.594866,146.66,0.0,0.0,TRACKING_BUOY,,
1785924106.098,2026-08-05 17:01:46,GUIDED,True,-7.9262264,112.594866,146.69,0.0,0.0,TRACKING_BUOY,,
1785924106.238,2026-08-05 17:01:46,GUIDED,True,-7.9262264,112.594866,146.7,0.0,0.0,TRACKING_BUOY,,
1785924106.383,2026-08-05 17:01:46,GUIDED,True,-7.9262264,112.594866,146.72,0.0,0.0,TRACKING_BUOY,,
1785924106.523,2026-08-05 17:01:46,GUIDED,True,-7.9262264,112.594866,146.73,0.0,0.0,TRACKING_BUOY,,
1785924106.669,2026-08-05 17:01:46,GUIDED,True,-7.9262264,112.594866,146.73,0.0,0.0,TRACKING_BUOY,,
1785924106.810,2026-08-05 17:01:46,GUIDED,True,-7.9262264,112.594866,146.74,0.0,0.0,TRACKING_BUOY,,
1785924106.957,2026-08-05 17:01:46,GUIDED,True,-7.9262264,112.594866,146.75,0.0,0.0,TRACKING_BUOY,,
1785924107.098,2026-08-05 17:01:47,GUIDED,True,-7.9262264,112.594866,146.75,0.0,0.0,TRACKING_BUOY,,
1785924107.239,2026-08-05 17:01:47,GUIDED,True,-7.9262264,112.594866,146.77,0.0,0.0,TRACKING_BUOY,,
1785924107.384,2026-08-05 17:01:47,GUIDED,True,-7.9262264,112.594866,146.79,0.0,0.0,TRACKING_BUOY,,
1785924107.530,2026-08-05 17:01:47,GUIDED,True,-7.9262264,112.594866,146.79,0.0,0.0,TRACKING_BUOY,,
1785924107.678,2026-08-05 17:01:47,GUIDED,True,-7.9262264,112.594866,146.83,0.0,0.0,TRACKING_BUOY,,
1785924107.816,2026-08-05 17:01:47,GUIDED,True,-7.9262264,112.594866,146.83,0.0,0.0,TRACKING_BUOY,,
1785924107.954,2026-08-05 17:01:47,GUIDED,True,-7.9262264,112.594866,146.83,0.0,0.0,TRACKING_BUOY,,
1785924108.095,2026-08-05 17:01:48,GUIDED,True,-7.9262264,112.594866,146.84,0.0,0.0,TRACKING_BUOY,,
1785924108.245,2026-08-05 17:01:48,GUIDED,True,-7.9262264,112.594866,146.86,0.0,0.0,TRACKING_BUOY,,
1785924108.391,2026-08-05 17:01:48,GUIDED,True,-7.9262264,112.594866,146.85,0.0,0.0,TRACKING_BUOY,,
1785924108.539,2026-08-05 17:01:48,GUIDED,True,-7.9262264,112.594866,146.84,0.0,0.0,TRACKING_BUOY,,
1785924108.683,2026-08-05 17:01:48,GUIDED,True,-7.9262264,112.594866,146.86,0.0,0.0,TRACKING_BUOY,,
1785924108.819,2026-08-05 17:01:48,GUIDED,True,-7.9262264,112.594866,146.88,0.0,0.0,TRACKING_BUOY,,
1785924108.960,2026-08-05 17:01:48,GUIDED,True,-7.9262264,112.594866,146.88,0.0,0.0,TRACKING_BUOY,,
1785924109.101,2026-08-05 17:01:49,GUIDED,True,-7.9262264,112.594866,146.89,0.0,0.0,TRACKING_BUOY,,
1785924109.244,2026-08-05 17:01:49,GUIDED,True,-7.9262264,112.594866,146.88,0.0,0.0,TRACKING_BUOY,,
1785924109.389,2026-08-05 17:01:49,GUIDED,True,-7.9262264,112.594866,146.89,0.0,0.0,TRACKING_BUOY,,
1785924109.531,2026-08-05 17:01:49,GUIDED,True,-7.9262264,112.594866,146.9,0.0,0.0,TRACKING_BUOY,,
1785924109.673,2026-08-05 17:01:49,GUIDED,True,-7.9262264,112.594866,146.92,0.0,0.0,TRACKING_BUOY,,
1785924109.818,2026-08-05 17:01:49,GUIDED,True,-7.9262264,112.594866,146.92,0.0,0.0,TRACKING_BUOY,,
1785924109.961,2026-08-05 17:01:49,GUIDED,True,-7.9262264,112.594866,146.93,0.0,0.0,TRACKING_BUOY,,
1785924110.118,2026-08-05 17:01:50,GUIDED,True,-7.9262264,112.594866,146.93,0.0,0.0,TRACKING_BUOY,,
1785924110.260,2026-08-05 17:01:50,GUIDED,True,-7.9262264,112.594866,146.92,0.0,0.0,TRACKING_BUOY,,
1785924110.409,2026-08-05 17:01:50,GUIDED,True,-7.9262264,112.594866,146.92,0.0,0.0,TRACKING_BUOY,,
1785924110.553,2026-08-05 17:01:50,GUIDED,True,-7.9262264,112.594866,146.92,0.0,0.0,TRACKING_BUOY,,
1785924110.694,2026-08-05 17:01:50,GUIDED,True,-7.9262264,112.594866,146.93,0.0,0.0,TRACKING_BUOY,,
1785924110.837,2026-08-05 17:01:50,GUIDED,True,-7.9262264,112.594866,146.95,0.0,0.0,TRACKING_BUOY,,
1785924110.989,2026-08-05 17:01:50,GUIDED,True,-7.9262264,112.594866,146.95,0.0,0.0,TRACKING_BUOY,,
1785924111.148,2026-08-05 17:01:51,GUIDED,True,-7.9262264,112.594866,146.97,0.0,0.0,TRACKING_BUOY,,
1785924111.310,2026-08-05 17:01:51,GUIDED,True,-7.9262264,112.594866,146.98,0.0,0.0,TRACKING_BUOY,,
1785924111.482,2026-08-05 17:01:51,GUIDED,True,-7.9262264,112.594866,147.0,0.0,0.0,TRACKING_BUOY,,
1785924111.704,2026-08-05 17:01:51,GUIDED,True,-7.9262264,112.594866,147.03,0.0,0.0,TRACKING_BUOY,,
1785924111.849,2026-08-05 17:01:51,GUIDED,True,-7.9262264,112.594866,147.04,0.0,0.0,TRACKING_BUOY,,
1785924111.999,2026-08-05 17:01:51,GUIDED,True,-7.9262264,112.594866,147.05,0.0,0.0,TRACKING_BUOY,,
1785924112.142,2026-08-05 17:01:52,GUIDED,True,-7.9262264,112.594866,147.05,0.0,0.0,TRACKING_BUOY,,
1785924112.285,2026-08-05 17:01:52,GUIDED,True,-7.9262264,112.594866,147.07,0.0,0.0,TRACKING_BUOY,,
1785924112.428,2026-08-05 17:01:52,GUIDED,True,-7.9262264,112.594866,147.09,0.0,0.0,TRACKING_BUOY,,
1785924112.571,2026-08-05 17:01:52,GUIDED,True,-7.9262264,112.594866,147.1,0.0,0.0,TRACKING_BUOY,,
1785924112.735,2026-08-05 17:01:52,GUIDED,True,-7.9262264,112.594866,147.1,0.0,0.0,TRACKING_BUOY,,
1785924112.876,2026-08-05 17:01:52,GUIDED,True,-7.9262264,112.594866,147.11,0.0,0.0,TRACKING_BUOY,,
1785924113.024,2026-08-05 17:01:53,GUIDED,True,-7.9262264,112.594866,147.12,0.0,0.0,TRACKING_BUOY,,
1785924113.162,2026-08-05 17:01:53,GUIDED,True,-7.9262264,112.594866,147.14,0.0,0.0,TRACKING_BUOY,,
1785924113.301,2026-08-05 17:01:53,GUIDED,True,-7.9262264,112.594866,147.13,0.0,0.0,TRACKING_BUOY,,
1785924113.441,2026-08-05 17:01:53,GUIDED,True,-7.9262264,112.594866,147.14,0.0,0.0,TRACKING_BUOY,,
1785924113.584,2026-08-05 17:01:53,GUIDED,True,-7.9262264,112.594866,147.15,0.0,0.0,TRACKING_BUOY,,
1785924113.729,2026-08-05 17:01:53,GUIDED,True,-7.9262264,112.594866,147.15,0.0,0.0,TRACKING_BUOY,,
1785924113.869,2026-08-05 17:01:53,GUIDED,True,-7.9262264,112.594866,147.16,0.0,0.0,TRACKING_BUOY,,
1785924114.016,2026-08-05 17:01:54,GUIDED,True,-7.9262264,112.594866,147.17,0.0,0.0,TRACKING_BUOY,,
1785924114.158,2026-08-05 17:01:54,GUIDED,True,-7.9262264,112.594866,147.18,0.0,0.0,TRACKING_BUOY,,
1785924114.296,2026-08-05 17:01:54,GUIDED,True,-7.9262264,112.594866,147.18,0.0,0.0,TRACKING_BUOY,,
1785924114.438,2026-08-05 17:01:54,GUIDED,True,-7.9262264,112.594866,147.2,0.0,0.0,TRACKING_BUOY,,
1785924114.579,2026-08-05 17:01:54,GUIDED,True,-7.9262264,112.594866,147.23,0.0,0.0,TRACKING_BUOY,,
1785924114.724,2026-08-05 17:01:54,GUIDED,True,-7.9262264,112.594866,147.23,0.0,0.0,TRACKING_BUOY,,
1785924114.868,2026-08-05 17:01:54,GUIDED,True,-7.9262264,112.594866,147.26,0.0,0.0,TRACKING_BUOY,,
1785924115.018,2026-08-05 17:01:55,GUIDED,True,-7.9262264,112.594866,147.26,0.0,0.0,TRACKING_BUOY,,
1785924115.159,2026-08-05 17:01:55,GUIDED,True,-7.9262264,112.594866,147.28,0.0,0.0,TRACKING_BUOY,,
1785924115.306,2026-08-05 17:01:55,GUIDED,True,-7.9262264,112.594866,147.29,0.0,0.0,TRACKING_BUOY,,
1785924115.453,2026-08-05 17:01:55,GUIDED,True,-7.9262264,112.594866,147.29,0.0,0.0,TRACKING_BUOY,,
1785924115.595,2026-08-05 17:01:55,GUIDED,True,-7.9262264,112.594866,147.3,0.0,0.0,TRACKING_BUOY,,
1785924115.739,2026-08-05 17:01:55,GUIDED,True,-7.9262264,112.594866,147.32,0.0,0.0,TRACKING_BUOY,,
1785924115.879,2026-08-05 17:01:55,GUIDED,True,-7.9262264,112.594866,147.33,0.0,0.0,TRACKING_BUOY,,
1785924116.025,2026-08-05 17:01:56,GUIDED,True,-7.9262264,112.594866,147.33,0.0,0.0,TRACKING_BUOY,,
1785924116.171,2026-08-05 17:01:56,GUIDED,True,-7.9262264,112.594866,147.35,0.0,0.0,TRACKING_BUOY,,
1785924116.332,2026-08-05 17:01:56,GUIDED,True,-7.9262264,112.594866,147.37,0.0,0.0,TRACKING_BUOY,,
1785924116.469,2026-08-05 17:01:56,GUIDED,True,-7.9262264,112.594866,147.38,0.0,0.0,TRACKING_BUOY,,
1785924116.613,2026-08-05 17:01:56,GUIDED,True,-7.9262264,112.594866,147.39,0.0,0.0,TRACKING_BUOY,,
1785924116.758,2026-08-05 17:01:56,GUIDED,True,-7.9262264,112.594866,147.39,0.0,0.0,TRACKING_BUOY,,
1785924116.904,2026-08-05 17:01:56,GUIDED,True,-7.9262264,112.594866,147.42,0.0,0.0,TRACKING_BUOY,,
1785924117.052,2026-08-05 17:01:57,GUIDED,True,-7.9262264,112.594866,147.43,0.0,0.0,TRACKING_BUOY,640,320
1785924117.199,2026-08-05 17:01:57,GUIDED,True,-7.9262264,112.594866,147.43,0.0,0.0,TRACKING_BUOY,640,320
1785924117.340,2026-08-05 17:01:57,GUIDED,True,-7.9262264,112.594866,147.44,0.0,0.0,TRACKING_BUOY,,
1785924117.479,2026-08-05 17:01:57,GUIDED,True,-7.9262264,112.594866,147.45,0.0,0.0,TRACKING_BUOY,,
1785924117.618,2026-08-05 17:01:57,GUIDED,True,-7.9262264,112.594866,147.45,0.0,0.0,TRACKING_BUOY,,
1785924117.787,2026-08-05 17:01:57,GUIDED,True,-7.9262264,112.594866,147.45,0.0,0.0,TRACKING_BUOY,,
1785924117.936,2026-08-05 17:01:57,GUIDED,True,-7.9262264,112.594866,147.44,0.0,0.0,TRACKING_BUOY,,
1785924118.083,2026-08-05 17:01:58,GUIDED,True,-7.9262264,112.594866,147.48,0.0,0.0,TRACKING_BUOY,,
1785924118.238,2026-08-05 17:01:58,GUIDED,True,-7.9262264,112.594866,147.48,0.0,0.0,TRACKING_BUOY,,
1785924118.385,2026-08-05 17:01:58,GUIDED,True,-7.9262264,112.594866,147.48,0.0,0.0,TRACKING_BUOY,,
1785924118.526,2026-08-05 17:01:58,GUIDED,True,-7.9262264,112.594866,147.5,0.0,0.0,TRACKING_BUOY,640,320
1785924118.673,2026-08-05 17:01:58,GUIDED,True,-7.9262264,112.594866,147.52,0.0,0.0,TRACKING_BUOY,640,320
1785924118.816,2026-08-05 17:01:58,GUIDED,True,-7.9262264,112.594866,147.53,0.0,0.0,TRACKING_BUOY,,
1785924118.959,2026-08-05 17:01:58,GUIDED,True,-7.9262264,112.594866,147.53,0.0,0.0,TRACKING_BUOY,,
1785924119.104,2026-08-05 17:01:59,GUIDED,True,-7.9262264,112.594866,147.54,0.0,0.0,TRACKING_BUOY,,
1785924119.254,2026-08-05 17:01:59,GUIDED,True,-7.9262264,112.594866,147.54,0.0,0.0,TRACKING_BUOY,,
1785924119.401,2026-08-05 17:01:59,GUIDED,True,-7.9262264,112.594866,147.55,0.0,0.0,TRACKING_BUOY,,
1785924119.543,2026-08-05 17:01:59,GUIDED,True,-7.9262264,112.594866,147.56,0.0,0.0,TRACKING_BUOY,,
1785924119.688,2026-08-05 17:01:59,GUIDED,True,-7.9262264,112.594866,147.58,0.0,0.0,TRACKING_BUOY,,
1785924119.828,2026-08-05 17:01:59,GUIDED,True,-7.9262264,112.594866,147.57,0.0,0.0,TRACKING_BUOY,,
1785924119.970,2026-08-05 17:01:59,GUIDED,True,-7.9262264,112.594866,147.58,0.0,0.0,TRACKING_BUOY,,
1785924120.124,2026-08-05 17:02:00,GUIDED,True,-7.9262264,112.594866,147.58,0.0,0.0,TRACKING_BUOY,640,320
1785924120.265,2026-08-05 17:02:00,GUIDED,True,-7.9262264,112.594866,147.59,0.0,0.0,TRACKING_BUOY,,
1785924120.409,2026-08-05 17:02:00,GUIDED,True,-7.9262264,112.594866,147.59,0.0,0.0,TRACKING_BUOY,640,320
1785924120.548,2026-08-05 17:02:00,GUIDED,True,-7.9262264,112.594866,147.59,0.0,0.0,TRACKING_BUOY,,
1785924120.688,2026-08-05 17:02:00,GUIDED,True,-7.9262264,112.594866,147.62,0.0,0.0,TRACKING_BUOY,,
1785924120.834,2026-08-05 17:02:00,GUIDED,True,-7.9262264,112.594866,147.63,0.0,0.0,TRACKING_BUOY,,
1785924120.979,2026-08-05 17:02:00,GUIDED,True,-7.9262264,112.594866,147.63,0.0,0.0,TRACKING_BUOY,,
1785924121.134,2026-08-05 17:02:01,GUIDED,True,-7.9262264,112.594866,147.66,0.0,0.0,TRACKING_BUOY,,
1785924121.279,2026-08-05 17:02:01,GUIDED,True,-7.9262264,112.594866,147.68,0.0,0.0,TRACKING_BUOY,,
1785924121.423,2026-08-05 17:02:01,GUIDED,True,-7.9262264,112.594866,147.69,0.0,0.0,TRACKING_BUOY,,
1785924121.568,2026-08-05 17:02:01,GUIDED,True,-7.9262264,112.594866,147.72,0.0,0.0,TRACKING_BUOY,,
1785924121.725,2026-08-05 17:02:01,GUIDED,True,-7.9262264,112.594866,147.73,0.0,0.0,TRACKING_BUOY,,
1785924121.865,2026-08-05 17:02:01,GUIDED,True,-7.9262264,112.594866,147.75,0.0,0.0,TRACKING_BUOY,,
1785924122.008,2026-08-05 17:02:02,GUIDED,True,-7.9262264,112.594866,147.75,0.0,0.0,TRACKING_BUOY,,
1785924122.155,2026-08-05 17:02:02,GUIDED,True,-7.9262264,112.594866,147.75,0.0,0.0,TRACKING_BUOY,,
1785924122.309,2026-08-05 17:02:02,GUIDED,True,-7.9262264,112.594866,147.74,0.0,0.0,TRACKING_BUOY,,
1785924122.456,2026-08-05 17:02:02,GUIDED,True,-7.9262264,112.594866,147.75,0.0,0.0,TRACKING_BUOY,,
1785924122.599,2026-08-05 17:02:02,GUIDED,True,-7.9262264,112.594866,147.77,0.0,0.0,TRACKING_BUOY,,
1785924122.737,2026-08-05 17:02:02,GUIDED,True,-7.9262264,112.594866,147.77,0.0,0.0,TRACKING_BUOY,,
1785924122.901,2026-08-05 17:02:02,GUIDED,True,-7.9262264,112.594866,147.8,0.0,0.0,TRACKING_BUOY,,
1785924123.046,2026-08-05 17:02:03,GUIDED,True,-7.9262264,112.594866,147.8,0.0,0.0,TRACKING_BUOY,,
1785924123.191,2026-08-05 17:02:03,GUIDED,True,-7.9262264,112.594866,147.83,0.0,0.0,TRACKING_BUOY,,
1785924123.340,2026-08-05 17:02:03,GUIDED,True,-7.9262264,112.594866,147.84,0.0,0.0,TRACKING_BUOY,,
1785924123.490,2026-08-05 17:02:03,GUIDED,True,-7.9262264,112.594866,147.85,0.0,0.0,TRACKING_BUOY,,
1785924123.643,2026-08-05 17:02:03,GUIDED,True,-7.9262264,112.594866,147.85,0.0,0.0,TRACKING_BUOY,,
1785924123.787,2026-08-05 17:02:03,GUIDED,True,-7.9262264,112.594866,147.86,0.0,0.0,TRACKING_BUOY,,
1785924123.930,2026-08-05 17:02:03,GUIDED,True,-7.9262264,112.594866,147.87,0.0,0.0,TRACKING_BUOY,,
1785924124.069,2026-08-05 17:02:04,GUIDED,True,-7.9262264,112.594866,147.89,0.0,0.0,TRACKING_BUOY,,
1785924124.216,2026-08-05 17:02:04,GUIDED,True,-7.9262264,112.594866,147.91,0.0,0.0,TRACKING_BUOY,,
1785924124.356,2026-08-05 17:02:04,GUIDED,True,-7.9262264,112.594866,147.91,0.0,0.0,TRACKING_BUOY,,
1785924124.502,2026-08-05 17:02:04,GUIDED,True,-7.9262264,112.594866,147.9,0.0,0.0,TRACKING_BUOY,,
1785924124.649,2026-08-05 17:02:04,GUIDED,True,-7.9262264,112.594866,147.9,0.0,0.0,TRACKING_BUOY,,
1785924124.790,2026-08-05 17:02:04,GUIDED,True,-7.9262264,112.594866,147.9,0.0,0.0,TRACKING_BUOY,,
1785924124.928,2026-08-05 17:02:04,GUIDED,True,-7.9262264,112.594866,147.91,0.0,0.0,TRACKING_BUOY,,
1785924125.080,2026-08-05 17:02:05,GUIDED,True,-7.9262264,112.594866,147.92,0.0,0.0,TRACKING_BUOY,,
1785924125.233,2026-08-05 17:02:05,GUIDED,True,-7.9262264,112.594866,147.94,0.0,0.0,TRACKING_BUOY,,
1785924125.377,2026-08-05 17:02:05,GUIDED,True,-7.9262264,112.594866,147.94,0.0,0.0,TRACKING_BUOY,,
1785924125.518,2026-08-05 17:02:05,GUIDED,True,-7.9262264,112.594866,147.95,0.0,0.0,TRACKING_BUOY,,
1785924125.658,2026-08-05 17:02:05,GUIDED,True,-7.9262264,112.594866,147.95,0.0,0.0,TRACKING_BUOY,,
1785924125.797,2026-08-05 17:02:05,GUIDED,True,-7.9262264,112.594866,147.95,0.0,0.0,TRACKING_BUOY,,
1785924125.943,2026-08-05 17:02:05,GUIDED,True,-7.9262264,112.594866,147.95,0.0,0.0,TRACKING_BUOY,,
1785924126.086,2026-08-05 17:02:06,GUIDED,True,-7.9262264,112.594866,147.96,0.0,0.0,TRACKING_BUOY,,
1785924126.229,2026-08-05 17:02:06,GUIDED,True,-7.9262264,112.594866,147.97,0.0,0.0,TRACKING_BUOY,,
1785924126.370,2026-08-05 17:02:06,GUIDED,True,-7.9262264,112.594866,147.98,0.0,0.0,TRACKING_BUOY,,
1785924126.511,2026-08-05 17:02:06,GUIDED,True,-7.9262264,112.594866,147.99,0.0,0.0,TRACKING_BUOY,,
1785924126.660,2026-08-05 17:02:06,GUIDED,True,-7.9262264,112.594866,148.03,0.0,0.0,TRACKING_BUOY,,
1785924126.801,2026-08-05 17:02:06,GUIDED,True,-7.9262264,112.594866,148.02,0.0,0.0,TRACKING_BUOY,,
1785924126.942,2026-08-05 17:02:06,GUIDED,True,-7.9262264,112.594866,148.02,0.0,0.0,TRACKING_BUOY,,
1785924127.080,2026-08-05 17:02:07,GUIDED,True,-7.9262264,112.594866,148.04,0.0,0.0,TRACKING_BUOY,,
1785924127.224,2026-08-05 17:02:07,GUIDED,True,-7.9262264,112.594866,148.05,0.0,0.0,TRACKING_BUOY,,
1785924127.368,2026-08-05 17:02:07,GUIDED,True,-7.9262264,112.594866,148.06,0.0,0.0,TRACKING_BUOY,,
1785924127.507,2026-08-05 17:02:07,GUIDED,True,-7.9262264,112.594866,148.06,0.0,0.0,TRACKING_BUOY,,
1785924127.653,2026-08-05 17:02:07,GUIDED,True,-7.9262264,112.594866,148.06,0.0,0.0,TRACKING_BUOY,,
1785924127.796,2026-08-05 17:02:07,GUIDED,True,-7.9262264,112.594866,148.09,0.0,0.0,TRACKING_BUOY,,
1785924127.969,2026-08-05 17:02:07,GUIDED,True,-7.9262264,112.594866,148.1,0.0,0.0,TRACKING_BUOY,,
1785924128.111,2026-08-05 17:02:08,GUIDED,True,-7.9262264,112.594866,148.12,0.0,0.0,TRACKING_BUOY,,
1785924128.257,2026-08-05 17:02:08,GUIDED,True,-7.9262264,112.594866,148.12,0.0,0.0,TRACKING_BUOY,,
1785924128.399,2026-08-05 17:02:08,GUIDED,True,-7.9262264,112.594866,148.13,0.0,0.0,TRACKING_BUOY,,
1785924128.541,2026-08-05 17:02:08,GUIDED,True,-7.9262264,112.594866,148.14,0.0,0.0,TRACKING_BUOY,,
1785924128.684,2026-08-05 17:02:08,GUIDED,True,-7.9262264,112.594866,148.16,0.0,0.0,TRACKING_BUOY,,
1785924128.828,2026-08-05 17:02:08,GUIDED,True,-7.9262264,112.594866,148.16,0.0,0.0,TRACKING_BUOY,,
1785924128.973,2026-08-05 17:02:08,GUIDED,True,-7.9262264,112.594866,148.18,0.0,0.0,TRACKING_BUOY,,
1785924129.121,2026-08-05 17:02:09,GUIDED,True,-7.9262264,112.594866,148.17,0.0,0.0,TRACKING_BUOY,,
1785924129.262,2026-08-05 17:02:09,GUIDED,True,-7.9262264,112.594866,148.17,0.0,0.0,TRACKING_BUOY,,
1785924129.406,2026-08-05 17:02:09,GUIDED,True,-7.9262264,112.594866,148.19,0.0,0.0,TRACKING_BUOY,,
1785924129.553,2026-08-05 17:02:09,GUIDED,True,-7.9262264,112.594866,148.21,0.0,0.0,TRACKING_BUOY,,
1785924129.692,2026-08-05 17:02:09,GUIDED,True,-7.9262264,112.594866,148.21,0.0,0.0,TRACKING_BUOY,,
1785924129.837,2026-08-05 17:02:09,GUIDED,True,-7.9262264,112.594866,148.21,0.0,0.0,TRACKING_BUOY,,
1785924129.987,2026-08-05 17:02:09,GUIDED,True,-7.9262264,112.594866,148.23,0.0,0.0,TRACKING_BUOY,,
1785924130.135,2026-08-05 17:02:10,GUIDED,True,-7.9262264,112.594866,148.24,0.0,0.0,TRACKING_BUOY,,
1785924130.272,2026-08-05 17:02:10,GUIDED,True,-7.9262264,112.594866,148.25,0.0,0.0,TRACKING_BUOY,,
1785924130.419,2026-08-05 17:02:10,GUIDED,True,-7.9262264,112.594866,148.23,0.0,0.0,TRACKING_BUOY,,
1785924130.568,2026-08-05 17:02:10,GUIDED,True,-7.9262264,112.594866,148.23,0.0,0.0,TRACKING_BUOY,,
1785924130.705,2026-08-05 17:02:10,GUIDED,True,-7.9262264,112.594866,148.23,0.0,0.0,TRACKING_BUOY,,
1785924130.852,2026-08-05 17:02:10,GUIDED,True,-7.9262264,112.594866,148.24,0.0,0.0,TRACKING_BUOY,,
1785924130.993,2026-08-05 17:02:10,GUIDED,True,-7.9262264,112.594866,148.23,0.0,0.0,TRACKING_BUOY,,
1785924131.159,2026-08-05 17:02:11,GUIDED,True,-7.9262264,112.594866,148.26,0.0,0.0,TRACKING_BUOY,,
1785924131.311,2026-08-05 17:02:11,GUIDED,True,-7.9262264,112.594866,148.26,0.0,0.0,TRACKING_BUOY,,
1785924131.452,2026-08-05 17:02:11,GUIDED,True,-7.9262264,112.594866,148.26,0.0,0.0,TRACKING_BUOY,,
1785924131.593,2026-08-05 17:02:11,GUIDED,True,-7.9262264,112.594866,148.29,0.0,0.0,TRACKING_BUOY,,
1785924131.752,2026-08-05 17:02:11,GUIDED,True,-7.9262264,112.594866,148.3,0.0,0.0,TRACKING_BUOY,,
1785924131.896,2026-08-05 17:02:11,GUIDED,True,-7.9262264,112.594866,148.31,0.0,0.0,TRACKING_BUOY,,
1785924132.042,2026-08-05 17:02:12,GUIDED,True,-7.9262264,112.594866,148.32,0.0,0.0,TRACKING_BUOY,,
1785924132.190,2026-08-05 17:02:12,GUIDED,True,-7.9262264,112.594866,148.33,0.0,0.0,TRACKING_BUOY,,
1785924132.335,2026-08-05 17:02:12,GUIDED,True,-7.9262264,112.594866,148.34,0.0,0.0,TRACKING_BUOY,,
1785924132.472,2026-08-05 17:02:12,GUIDED,True,-7.9262264,112.594866,148.36,0.0,0.0,TRACKING_BUOY,,
1785924132.612,2026-08-05 17:02:12,GUIDED,True,-7.9262264,112.594866,148.36,0.0,0.0,TRACKING_BUOY,,
1785924132.762,2026-08-05 17:02:12,GUIDED,True,-7.9262264,112.594866,148.35,0.0,0.0,TRACKING_BUOY,640,320
1785924132.908,2026-08-05 17:02:12,GUIDED,True,-7.9262264,112.594866,148.36,0.0,0.0,TRACKING_BUOY,,
1785924133.070,2026-08-05 17:02:13,GUIDED,True,-7.9262264,112.594866,148.38,0.0,0.0,TRACKING_BUOY,,
1785924133.213,2026-08-05 17:02:13,GUIDED,True,-7.9262264,112.594866,148.38,0.0,0.0,TRACKING_BUOY,,
1785924133.356,2026-08-05 17:02:13,GUIDED,True,-7.9262264,112.594866,148.39,0.0,0.0,TRACKING_BUOY,,
1785924133.500,2026-08-05 17:02:13,GUIDED,True,-7.9262264,112.594866,148.41,0.0,0.0,TRACKING_BUOY,,
1785924133.652,2026-08-05 17:02:13,GUIDED,True,-7.9262264,112.594866,148.43,0.0,0.0,TRACKING_BUOY,,
1785924133.795,2026-08-05 17:02:13,GUIDED,True,-7.9262264,112.594866,148.43,0.0,0.0,TRACKING_BUOY,,
1785924133.939,2026-08-05 17:02:13,GUIDED,True,-7.9262264,112.594866,148.45,0.0,0.0,TRACKING_BUOY,,
1785924134.083,2026-08-05 17:02:14,GUIDED,True,-7.9262264,112.594866,148.46,0.0,0.0,TRACKING_BUOY,,
1785924134.242,2026-08-05 17:02:14,GUIDED,True,-7.9262264,112.594866,148.49,0.0,0.0,TRACKING_BUOY,,
1785924134.404,2026-08-05 17:02:14,GUIDED,True,-7.9262264,112.594866,148.52,0.0,0.0,TRACKING_BUOY,,
1785924134.574,2026-08-05 17:02:14,GUIDED,True,-7.9262264,112.594866,148.55,0.0,0.0,TRACKING_BUOY,322,2
1785924134.720,2026-08-05 17:02:14,GUIDED,True,-7.9262264,112.594866,148.54,0.0,0.0,TRACKING_BUOY,,
1785924134.861,2026-08-05 17:02:14,GUIDED,True,-7.9262264,112.594866,148.56,0.0,0.0,TRACKING_BUOY,,
1785924135.009,2026-08-05 17:02:15,GUIDED,True,-7.9262264,112.594866,148.56,0.0,0.0,TRACKING_BUOY,640,320
1785924135.153,2026-08-05 17:02:15,GUIDED,True,-7.9262264,112.594866,148.57,0.0,0.0,TRACKING_BUOY,640,320
1785924135.294,2026-08-05 17:02:15,GUIDED,True,-7.9262264,112.594866,148.59,0.0,0.0,TRACKING_BUOY,640,320
1785924135.436,2026-08-05 17:02:15,GUIDED,True,-7.9262264,112.594866,148.59,0.0,0.0,TRACKING_BUOY,640,320
1785924135.576,2026-08-05 17:02:15,GUIDED,True,-7.9262264,112.594866,148.59,0.0,0.0,TRACKING_BUOY,640,320
1785924135.721,2026-08-05 17:02:15,GUIDED,True,-7.9262264,112.594866,148.59,0.0,0.0,TRACKING_BUOY,,
1785924135.863,2026-08-05 17:02:15,GUIDED,True,-7.9262264,112.594866,148.58,0.0,0.0,TRACKING_BUOY,,
1785924136.009,2026-08-05 17:02:16,GUIDED,True,-7.9262264,112.594866,148.58,0.0,0.0,TRACKING_BUOY,,
1785924136.153,2026-08-05 17:02:16,GUIDED,True,-7.9262264,112.594866,148.57,0.0,0.0,TRACKING_BUOY,,
1785924136.293,2026-08-05 17:02:16,GUIDED,True,-7.9262264,112.594866,148.58,0.0,0.0,TRACKING_BUOY,640,320
1785924136.439,2026-08-05 17:02:16,GUIDED,True,-7.9262264,112.594866,148.59,0.0,0.0,TRACKING_BUOY,,
1785924136.579,2026-08-05 17:02:16,GUIDED,True,-7.9262264,112.594866,148.61,0.0,0.0,TRACKING_BUOY,,
1785924136.722,2026-08-05 17:02:16,GUIDED,True,-7.9262264,112.594866,148.63,0.0,0.0,TRACKING_BUOY,,
1785924136.865,2026-08-05 17:02:16,GUIDED,True,-7.9262264,112.594866,148.62,0.0,0.0,TRACKING_BUOY,,
1785924137.011,2026-08-05 17:02:17,GUIDED,True,-7.9262264,112.594866,148.63,0.0,0.0,TRACKING_BUOY,640,320
1785924137.162,2026-08-05 17:02:17,GUIDED,True,-7.9262264,112.594866,148.64,0.0,0.0,TRACKING_BUOY,,
1785924137.307,2026-08-05 17:02:17,GUIDED,True,-7.9262264,112.594866,148.66,0.0,0.0,TRACKING_BUOY,,
1785924137.450,2026-08-05 17:02:17,GUIDED,True,-7.9262264,112.594866,148.68,0.0,0.0,TRACKING_BUOY,,
1785924137.596,2026-08-05 17:02:17,GUIDED,True,-7.9262264,112.594866,148.7,0.0,0.0,TRACKING_BUOY,,
1785924137.745,2026-08-05 17:02:17,GUIDED,True,-7.9262264,112.594866,148.7,0.0,0.0,TRACKING_BUOY,,
1785924137.890,2026-08-05 17:02:17,GUIDED,True,-7.9262264,112.594866,148.72,0.0,0.0,TRACKING_BUOY,,
1785924138.097,2026-08-05 17:02:18,GUIDED,True,-7.9262264,112.594866,148.73,0.0,0.0,TRACKING_BUOY,,
1785924138.244,2026-08-05 17:02:18,GUIDED,True,-7.9262264,112.594866,148.73,0.0,0.0,TRACKING_BUOY,,
1785924138.386,2026-08-05 17:02:18,GUIDED,True,-7.9262264,112.594866,148.73,0.0,0.0,TRACKING_BUOY,,
1785924138.526,2026-08-05 17:02:18,GUIDED,True,-7.9262264,112.594866,148.73,0.0,0.0,TRACKING_BUOY,,
1785924138.673,2026-08-05 17:02:18,GUIDED,True,-7.9262264,112.594866,148.76,0.0,0.0,TRACKING_BUOY,,
1785924138.840,2026-08-05 17:02:18,GUIDED,True,-7.9262264,112.594866,148.76,0.0,0.0,TRACKING_BUOY,,
1785924138.981,2026-08-05 17:02:18,GUIDED,True,-7.9262264,112.594866,148.77,0.0,0.0,TRACKING_BUOY,640,320
1785924139.124,2026-08-05 17:02:19,GUIDED,True,-7.9262264,112.594866,148.77,0.0,0.0,TRACKING_BUOY,,
1785924139.273,2026-08-05 17:02:19,GUIDED,True,-7.9262264,112.594866,148.78,0.0,0.0,TRACKING_BUOY,,
1785924139.417,2026-08-05 17:02:19,GUIDED,True,-7.9262264,112.594866,148.79,0.0,0.0,TRACKING_BUOY,,
1785924139.559,2026-08-05 17:02:19,GUIDED,True,-7.9262264,112.594866,148.81,0.0,0.0,TRACKING_BUOY,640,320
1785924139.702,2026-08-05 17:02:19,GUIDED,True,-7.9262264,112.594866,148.8,0.0,0.0,TRACKING_BUOY,,
1785924139.844,2026-08-05 17:02:19,GUIDED,True,-7.9262264,112.594866,148.82,0.0,0.0,TRACKING_BUOY,,
1785924139.990,2026-08-05 17:02:19,GUIDED,True,-7.9262264,112.594866,148.82,0.0,0.0,TRACKING_BUOY,,
1785924140.158,2026-08-05 17:02:20,GUIDED,True,-7.9262264,112.594866,148.83,0.0,0.0,TRACKING_BUOY,640,320
1785924140.299,2026-08-05 17:02:20,GUIDED,True,-7.9262264,112.594866,148.83,0.0,0.0,TRACKING_BUOY,640,320
1785924140.444,2026-08-05 17:02:20,GUIDED,True,-7.9262264,112.594866,148.84,0.0,0.0,TRACKING_BUOY,640,320
1785924140.588,2026-08-05 17:02:20,GUIDED,True,-7.9262264,112.594866,148.86,0.0,0.0,TRACKING_BUOY,,
1785924140.742,2026-08-05 17:02:20,GUIDED,True,-7.9262264,112.594866,148.85,0.0,0.0,TRACKING_BUOY,,
1785924140.883,2026-08-05 17:02:20,GUIDED,True,-7.9262264,112.594866,148.87,0.0,0.0,TRACKING_BUOY,,
1785924141.026,2026-08-05 17:02:21,GUIDED,True,-7.9262264,112.594866,148.87,0.0,0.0,TRACKING_BUOY,640,320
1785924141.184,2026-08-05 17:02:21,GUIDED,True,-7.9262264,112.594866,148.88,0.0,0.0,TRACKING_BUOY,,
1785924141.336,2026-08-05 17:02:21,GUIDED,True,-7.9262264,112.594866,148.88,0.0,0.0,TRACKING_BUOY,,
1785924141.477,2026-08-05 17:02:21,GUIDED,True,-7.9262264,112.594866,148.87,0.0,0.0,TRACKING_BUOY,,
1785924141.627,2026-08-05 17:02:21,GUIDED,True,-7.9262264,112.594866,148.87,0.0,0.0,TRACKING_BUOY,,
1785924141.790,2026-08-05 17:02:21,GUIDED,True,-7.9262264,112.594866,148.88,0.0,0.0,TRACKING_BUOY,,
1785924141.935,2026-08-05 17:02:21,GUIDED,True,-7.9262264,112.594866,148.88,0.0,0.0,TRACKING_BUOY,640,320
1785924142.075,2026-08-05 17:02:22,GUIDED,True,-7.9262264,112.594866,148.89,0.0,0.0,TRACKING_BUOY,640,320
1785924142.223,2026-08-05 17:02:22,GUIDED,True,-7.9262264,112.594866,148.9,0.0,0.0,TRACKING_BUOY,,
1785924142.363,2026-08-05 17:02:22,GUIDED,True,-7.9262264,112.594866,148.92,0.0,0.0,TRACKING_BUOY,,
1785924142.500,2026-08-05 17:02:22,GUIDED,True,-7.9262264,112.594866,148.92,0.0,0.0,TRACKING_BUOY,,
1785924142.643,2026-08-05 17:02:22,GUIDED,True,-7.9262264,112.594866,148.93,0.0,0.0,TRACKING_BUOY,,
1785924142.789,2026-08-05 17:02:22,GUIDED,True,-7.9262264,112.594866,148.94,0.0,0.0,TRACKING_BUOY,,
1785924142.936,2026-08-05 17:02:22,GUIDED,True,-7.9262264,112.594866,148.95,0.0,0.0,TRACKING_BUOY,,
1785924143.078,2026-08-05 17:02:23,GUIDED,True,-7.9262264,112.594866,148.95,0.0,0.0,TRACKING_BUOY,,
1785924143.239,2026-08-05 17:02:23,GUIDED,True,-7.9262264,112.594866,148.97,0.0,0.0,TRACKING_BUOY,,
1785924143.382,2026-08-05 17:02:23,GUIDED,True,-7.9262264,112.594866,149.0,0.0,0.0,TRACKING_BUOY,,
1785924143.518,2026-08-05 17:02:23,GUIDED,True,-7.9262264,112.594866,149.01,0.0,0.0,TRACKING_BUOY,,
1785924143.659,2026-08-05 17:02:23,GUIDED,True,-7.9262264,112.594866,149.03,0.0,0.0,TRACKING_BUOY,,
1785924143.799,2026-08-05 17:02:23,GUIDED,True,-7.9262264,112.594866,149.03,0.0,0.0,TRACKING_BUOY,,
1785924143.940,2026-08-05 17:02:23,GUIDED,True,-7.9262264,112.594866,149.04,0.0,0.0,TRACKING_BUOY,,
1785924144.079,2026-08-05 17:02:24,GUIDED,True,-7.9262264,112.594866,149.04,0.0,0.0,TRACKING_BUOY,,
1785924144.225,2026-08-05 17:02:24,GUIDED,True,-7.9262264,112.594866,149.06,0.0,0.0,TRACKING_BUOY,,
1785924144.363,2026-08-05 17:02:24,GUIDED,True,-7.9262264,112.594866,149.05,0.0,0.0,TRACKING_BUOY,,
1785924144.505,2026-08-05 17:02:24,GUIDED,True,-7.9262264,112.594866,149.05,0.0,0.0,TRACKING_BUOY,,
1785924144.644,2026-08-05 17:02:24,GUIDED,True,-7.9262264,112.594866,149.06,0.0,0.0,TRACKING_BUOY,,
1785924144.790,2026-08-05 17:02:24,GUIDED,True,-7.9262264,112.594866,149.07,0.0,0.0,TRACKING_BUOY,362,42
1785924144.933,2026-08-05 17:02:24,GUIDED,True,-7.9262264,112.594866,149.08,0.0,0.0,TRACKING_BUOY,,
1785924145.083,2026-08-05 17:02:25,GUIDED,True,-7.9262264,112.594866,149.08,0.0,0.0,TRACKING_BUOY,,
1785924145.223,2026-08-05 17:02:25,GUIDED,True,-7.9262264,112.594866,149.07,0.0,0.0,TRACKING_BUOY,,
1785924145.362,2026-08-05 17:02:25,GUIDED,True,-7.9262264,112.594866,149.08,0.0,0.0,TRACKING_BUOY,,
1785924145.506,2026-08-05 17:02:25,GUIDED,True,-7.9262264,112.594866,149.07,0.0,0.0,TRACKING_BUOY,,
1785924145.644,2026-08-05 17:02:25,GUIDED,True,-7.9262264,112.594866,149.08,0.0,0.0,TRACKING_BUOY,370,50
1785924145.787,2026-08-05 17:02:25,GUIDED,True,-7.9262264,112.594866,149.09,0.0,0.0,TRACKING_BUOY,,
1785924145.926,2026-08-05 17:02:25,GUIDED,True,-7.9262264,112.594866,149.09,0.0,0.0,TRACKING_BUOY,,
1785924146.074,2026-08-05 17:02:26,GUIDED,True,-7.9262264,112.594866,149.1,0.0,0.0,TRACKING_BUOY,,
1785924146.220,2026-08-05 17:02:26,GUIDED,True,-7.9262264,112.594866,149.11,0.0,0.0,TRACKING_BUOY,,
1785924146.366,2026-08-05 17:02:26,GUIDED,True,-7.9262264,112.594866,149.13,0.0,0.0,TRACKING_BUOY,,
1785924146.511,2026-08-05 17:02:26,GUIDED,True,-7.9262264,112.594866,149.14,0.0,0.0,TRACKING_BUOY,,
1785924146.660,2026-08-05 17:02:26,GUIDED,True,-7.9262264,112.594866,149.14,0.0,0.0,TRACKING_BUOY,,
1785924146.804,2026-08-05 17:02:26,GUIDED,True,-7.9262264,112.594866,149.15,0.0,0.0,TRACKING_BUOY,,
1785924146.946,2026-08-05 17:02:26,GUIDED,True,-7.9262264,112.594866,149.16,0.0,0.0,TRACKING_BUOY,,
1785924147.089,2026-08-05 17:02:27,GUIDED,True,-7.9262264,112.594866,149.16,0.0,0.0,TRACKING_BUOY,,
1785924147.233,2026-08-05 17:02:27,GUIDED,True,-7.9262264,112.594866,149.16,0.0,0.0,TRACKING_BUOY,,
1785924147.374,2026-08-05 17:02:27,GUIDED,True,-7.9262264,112.594866,149.18,0.0,0.0,TRACKING_BUOY,,
1785924147.516,2026-08-05 17:02:27,GUIDED,True,-7.9262264,112.594866,149.19,0.0,0.0,TRACKING_BUOY,,
1785924147.656,2026-08-05 17:02:27,GUIDED,True,-7.9262264,112.594866,149.19,0.0,0.0,TRACKING_BUOY,,
1785924147.803,2026-08-05 17:02:27,GUIDED,True,-7.9262264,112.594866,149.22,0.0,0.0,TRACKING_BUOY,,
1785924147.944,2026-08-05 17:02:27,GUIDED,True,-7.9262264,112.594866,149.22,0.0,0.0,TRACKING_BUOY,,
1785924148.086,2026-08-05 17:02:28,GUIDED,True,-7.9262264,112.594866,149.24,0.0,0.0,TRACKING_BUOY,,
1785924148.245,2026-08-05 17:02:28,GUIDED,True,-7.9262264,112.594866,149.23,0.0,0.0,TRACKING_BUOY,,
1785924148.390,2026-08-05 17:02:28,GUIDED,True,-7.9262264,112.594866,149.24,0.0,0.0,TRACKING_BUOY,,
1785924148.528,2026-08-05 17:02:28,GUIDED,True,-7.9262264,112.594866,149.24,0.0,0.0,TRACKING_BUOY,,
1785924148.668,2026-08-05 17:02:28,GUIDED,True,-7.9262264,112.594866,149.24,0.0,0.0,TRACKING_BUOY,,
1785924148.812,2026-08-05 17:02:28,GUIDED,True,-7.9262264,112.594866,149.25,0.0,0.0,TRACKING_BUOY,,
1785924148.955,2026-08-05 17:02:28,GUIDED,True,-7.9262264,112.594866,149.25,0.0,0.0,TRACKING_BUOY,,
1785924149.101,2026-08-05 17:02:29,GUIDED,True,-7.9262264,112.594866,149.26,0.0,0.0,TRACKING_BUOY,,
1785924149.241,2026-08-05 17:02:29,GUIDED,True,-7.9262264,112.594866,149.25,0.0,0.0,TRACKING_BUOY,,
1785924149.378,2026-08-05 17:02:29,GUIDED,True,-7.9262264,112.594866,149.25,0.0,0.0,TRACKING_BUOY,,
1785924149.521,2026-08-05 17:02:29,GUIDED,True,-7.9262264,112.594866,149.24,0.0,0.0,TRACKING_BUOY,,
1785924149.662,2026-08-05 17:02:29,GUIDED,True,-7.9262264,112.594866,149.24,0.0,0.0,TRACKING_BUOY,,
1785924149.802,2026-08-05 17:02:29,GUIDED,True,-7.9262264,112.594866,149.24,0.0,0.0,TRACKING_BUOY,,
1785924149.941,2026-08-05 17:02:29,GUIDED,True,-7.9262264,112.594866,149.26,0.0,0.0,TRACKING_BUOY,379,59
1785924150.088,2026-08-05 17:02:30,GUIDED,True,-7.9262264,112.594866,149.27,0.0,0.0,TRACKING_BUOY,,
1785924150.236,2026-08-05 17:02:30,GUIDED,True,-7.9262264,112.594866,149.28,0.0,0.0,TRACKING_BUOY,,
1785924150.381,2026-08-05 17:02:30,GUIDED,True,-7.9262264,112.594866,149.3,0.0,0.0,TRACKING_BUOY,,
1785924150.523,2026-08-05 17:02:30,GUIDED,True,-7.9262264,112.594866,149.3,0.0,0.0,TRACKING_BUOY,,
1785924150.669,2026-08-05 17:02:30,GUIDED,True,-7.9262264,112.594866,149.32,0.0,0.0,TRACKING_BUOY,,
1785924150.814,2026-08-05 17:02:30,GUIDED,True,-7.9262264,112.594866,149.31,0.0,0.0,TRACKING_BUOY,,
1785924150.955,2026-08-05 17:02:30,GUIDED,True,-7.9262264,112.594866,149.33,0.0,0.0,TRACKING_BUOY,,
1785924151.100,2026-08-05 17:02:31,GUIDED,True,-7.9262264,112.594866,149.31,0.0,0.0,TRACKING_BUOY,,
1785924151.255,2026-08-05 17:02:31,GUIDED,True,-7.9262264,112.594866,149.32,0.0,0.0,TRACKING_BUOY,,
1785924151.413,2026-08-05 17:02:31,GUIDED,True,-7.9262264,112.594866,149.36,0.0,0.0,TRACKING_BUOY,,
1785924151.554,2026-08-05 17:02:31,GUIDED,True,-7.9262264,112.594866,149.36,0.0,0.0,TRACKING_BUOY,,
1785924151.696,2026-08-05 17:02:31,GUIDED,True,-7.9262264,112.594866,149.36,0.0,0.0,TRACKING_BUOY,,
1785924151.850,2026-08-05 17:02:31,GUIDED,True,-7.9262264,112.594866,149.37,0.0,0.0,TRACKING_BUOY,,
1785924151.996,2026-08-05 17:02:31,GUIDED,True,-7.9262264,112.594866,149.37,0.0,0.0,TRACKING_BUOY,,
1785924152.143,2026-08-05 17:02:32,GUIDED,True,-7.9262264,112.594866,149.35,0.0,0.0,TRACKING_BUOY,,
1785924152.286,2026-08-05 17:02:32,GUIDED,True,-7.9262264,112.594866,149.37,0.0,0.0,TRACKING_BUOY,,
1785924152.439,2026-08-05 17:02:32,GUIDED,True,-7.9262264,112.594866,149.38,0.0,0.0,TRACKING_BUOY,,
1785924152.585,2026-08-05 17:02:32,GUIDED,True,-7.9262264,112.594866,149.39,0.0,0.0,TRACKING_BUOY,,
1785924152.732,2026-08-05 17:02:32,GUIDED,True,-7.9262264,112.594866,149.41,0.0,0.0,TRACKING_BUOY,,
1785924152.874,2026-08-05 17:02:32,GUIDED,True,-7.9262264,112.594866,149.42,0.0,0.0,TRACKING_BUOY,,
1785924153.016,2026-08-05 17:02:33,GUIDED,True,-7.9262264,112.594866,149.41,0.0,0.0,TRACKING_BUOY,,
1785924153.158,2026-08-05 17:02:33,GUIDED,True,-7.9262264,112.594866,149.43,0.0,0.0,TRACKING_BUOY,,
1785924153.302,2026-08-05 17:02:33,GUIDED,True,-7.9262264,112.594866,149.43,0.0,0.0,TRACKING_BUOY,,
1785924153.442,2026-08-05 17:02:33,GUIDED,True,-7.9262264,112.594866,149.43,0.0,0.0,TRACKING_BUOY,,
1785924153.581,2026-08-05 17:02:33,GUIDED,True,-7.9262264,112.594866,149.43,0.0,0.0,TRACKING_BUOY,,
1785924153.723,2026-08-05 17:02:33,GUIDED,True,-7.9262264,112.594866,149.43,0.0,0.0,TRACKING_BUOY,,
1785924153.865,2026-08-05 17:02:33,GUIDED,True,-7.9262264,112.594866,149.44,0.0,0.0,TRACKING_BUOY,,
1785924154.005,2026-08-05 17:02:34,GUIDED,True,-7.9262264,112.594866,149.45,0.0,0.0,TRACKING_BUOY,,
1785924154.152,2026-08-05 17:02:34,GUIDED,True,-7.9262264,112.594866,149.45,0.0,0.0,TRACKING_BUOY,,
1785924154.298,2026-08-05 17:02:34,GUIDED,True,-7.9262264,112.594866,149.43,0.0,0.0,TRACKING_BUOY,,
1785924154.438,2026-08-05 17:02:34,GUIDED,True,-7.9262264,112.594866,149.43,0.0,0.0,TRACKING_BUOY,,
1785924154.578,2026-08-05 17:02:34,GUIDED,True,-7.9262264,112.594866,149.44,0.0,0.0,TRACKING_BUOY,,
1785924154.721,2026-08-05 17:02:34,GUIDED,True,-7.9262264,112.594866,149.44,0.0,0.0,TRACKING_BUOY,,
1785924154.873,2026-08-05 17:02:34,GUIDED,True,-7.9262264,112.594866,149.45,0.0,0.0,TRACKING_BUOY,,
1785924155.022,2026-08-05 17:02:35,GUIDED,True,-7.9262264,112.594866,149.45,0.0,0.0,TRACKING_BUOY,,
1785924155.196,2026-08-05 17:02:35,GUIDED,True,-7.9262264,112.594866,149.44,0.0,0.0,TRACKING_BUOY,376,56
1785924155.338,2026-08-05 17:02:35,GUIDED,True,-7.9262264,112.594866,149.45,0.0,0.0,TRACKING_BUOY,,
1785924155.481,2026-08-05 17:02:35,GUIDED,True,-7.9262264,112.594866,149.48,0.0,0.0,TRACKING_BUOY,375,55
1785924155.624,2026-08-05 17:02:35,GUIDED,True,-7.9262264,112.594866,149.48,0.0,0.0,TRACKING_BUOY,375,55
1785924155.765,2026-08-05 17:02:35,GUIDED,True,-7.9262264,112.594866,149.5,0.0,0.0,TRACKING_BUOY,372,52
1785924155.908,2026-08-05 17:02:35,GUIDED,True,-7.9262264,112.594866,149.51,0.0,0.0,TRACKING_BUOY,370,50
1785924156.057,2026-08-05 17:02:36,GUIDED,True,-7.9262264,112.594866,149.51,0.0,0.0,TRACKING_BUOY,369,49
1785924156.207,2026-08-05 17:02:36,GUIDED,True,-7.9262264,112.594866,149.52,0.0,0.0,TRACKING_BUOY,370,50
1785924156.351,2026-08-05 17:02:36,GUIDED,True,-7.9262264,112.594866,149.52,0.0,0.0,TRACKING_BUOY,394,74
1785924156.491,2026-08-05 17:02:36,GUIDED,True,-7.9262264,112.594866,149.53,0.0,0.0,TRACKING_BUOY,370,50
1785924156.632,2026-08-05 17:02:36,GUIDED,True,-7.9262264,112.594866,149.53,0.0,0.0,TRACKING_BUOY,,
1785924156.776,2026-08-05 17:02:36,GUIDED,True,-7.9262264,112.594866,149.54,0.0,0.0,TRACKING_BUOY,,
1785924156.921,2026-08-05 17:02:36,GUIDED,True,-7.9262264,112.594866,149.56,0.0,0.0,TRACKING_BUOY,361,41
1785924157.070,2026-08-05 17:02:37,GUIDED,True,-7.9262264,112.594866,149.57,0.0,0.0,TRACKING_BUOY,,
1785924157.214,2026-08-05 17:02:37,GUIDED,True,-7.9262264,112.594866,149.56,0.0,0.0,TRACKING_BUOY,354,34
1785924157.360,2026-08-05 17:02:37,GUIDED,True,-7.9262264,112.594866,149.57,0.0,0.0,TRACKING_BUOY,,
1785924157.504,2026-08-05 17:02:37,GUIDED,True,-7.9262264,112.594866,149.57,0.0,0.0,TRACKING_BUOY,,
1785924157.645,2026-08-05 17:02:37,GUIDED,True,-7.9262264,112.594866,149.59,0.0,0.0,TRACKING_BUOY,,
1785924157.785,2026-08-05 17:02:37,GUIDED,True,-7.9262264,112.594866,149.59,0.0,0.0,TRACKING_BUOY,,
1785924157.923,2026-08-05 17:02:37,GUIDED,True,-7.9262264,112.594866,149.6,0.0,0.0,TRACKING_BUOY,,
1785924158.099,2026-08-05 17:02:38,GUIDED,True,-7.9262264,112.594866,149.62,0.0,0.0,TRACKING_BUOY,,
1785924158.265,2026-08-05 17:02:38,GUIDED,True,-7.9262264,112.594866,149.64,0.0,0.0,TRACKING_BUOY,,
1785924158.473,2026-08-05 17:02:38,GUIDED,True,-7.9262264,112.594866,149.65,0.0,0.0,TRACKING_BUOY,,
1785924158.611,2026-08-05 17:02:38,GUIDED,True,-7.9262264,112.594866,149.64,0.0,0.0,TRACKING_BUOY,,
1785924158.753,2026-08-05 17:02:38,GUIDED,True,-7.9262264,112.594866,149.65,0.0,0.0,TRACKING_BUOY,,
1785924158.896,2026-08-05 17:02:38,GUIDED,True,-7.9262264,112.594866,149.66,0.0,0.0,TRACKING_BUOY,354,34
1785924159.040,2026-08-05 17:02:39,GUIDED,True,-7.9262264,112.594866,149.67,0.0,0.0,TRACKING_BUOY,,
1785924159.186,2026-08-05 17:02:39,GUIDED,True,-7.9262264,112.594866,149.67,0.0,0.0,TRACKING_BUOY,,
1785924159.325,2026-08-05 17:02:39,GUIDED,True,-7.9262264,112.594866,149.67,0.0,0.0,TRACKING_BUOY,,
1785924159.469,2026-08-05 17:02:39,GUIDED,True,-7.9262264,112.594866,149.69,0.0,0.0,TRACKING_BUOY,,
1785924159.609,2026-08-05 17:02:39,GUIDED,True,-7.9262264,112.594866,149.7,0.0,0.0,TRACKING_BUOY,,
1785924159.755,2026-08-05 17:02:39,GUIDED,True,-7.9262264,112.594866,149.71,0.0,0.0,TRACKING_BUOY,,
1785924159.895,2026-08-05 17:02:39,GUIDED,True,-7.9262264,112.594866,149.72,0.0,0.0,TRACKING_BUOY,,
1785924160.043,2026-08-05 17:02:40,GUIDED,True,-7.9262264,112.594866,149.74,0.0,0.0,TRACKING_BUOY,,
1785924160.194,2026-08-05 17:02:40,GUIDED,True,-7.9262264,112.594866,149.74,0.0,0.0,TRACKING_BUOY,,
1785924160.336,2026-08-05 17:02:40,GUIDED,True,-7.9262264,112.594866,149.75,0.0,0.0,TRACKING_BUOY,,
1785924160.475,2026-08-05 17:02:40,GUIDED,True,-7.9262264,112.594866,149.77,0.0,0.0,TRACKING_BUOY,,
1785924160.624,2026-08-05 17:02:40,GUIDED,True,-7.9262264,112.594866,149.76,0.0,0.0,TRACKING_BUOY,,
1785924160.764,2026-08-05 17:02:40,GUIDED,True,-7.9262264,112.594866,149.77,0.0,0.0,TRACKING_BUOY,,
1785924160.904,2026-08-05 17:02:40,GUIDED,True,-7.9262264,112.594866,149.76,0.0,0.0,TRACKING_BUOY,,
1785924161.048,2026-08-05 17:02:41,GUIDED,True,-7.9262264,112.594866,149.77,0.0,0.0,TRACKING_BUOY,,
1785924161.190,2026-08-05 17:02:41,GUIDED,True,-7.9262264,112.594866,149.77,0.0,0.0,TRACKING_BUOY,,
1785924161.342,2026-08-05 17:02:41,GUIDED,True,-7.9262264,112.594866,149.77,0.0,0.0,TRACKING_BUOY,,
1785924161.489,2026-08-05 17:02:41,GUIDED,True,-7.9262264,112.594866,149.77,0.0,0.0,TRACKING_BUOY,,
1785924161.630,2026-08-05 17:02:41,GUIDED,True,-7.9262264,112.594866,149.78,0.0,0.0,TRACKING_BUOY,,
1785924161.770,2026-08-05 17:02:41,GUIDED,True,-7.9262264,112.594866,149.8,0.0,0.0,TRACKING_BUOY,,
1785924161.936,2026-08-05 17:02:41,GUIDED,True,-7.9262264,112.594866,149.81,0.0,0.0,TRACKING_BUOY,,
1785924162.080,2026-08-05 17:02:42,GUIDED,True,-7.9262264,112.594866,149.83,0.0,0.0,TRACKING_BUOY,,
1785924162.223,2026-08-05 17:02:42,GUIDED,True,-7.9262264,112.594866,149.83,0.0,0.0,TRACKING_BUOY,,
1785924162.363,2026-08-05 17:02:42,GUIDED,True,-7.9262264,112.594866,149.86,0.0,0.0,TRACKING_BUOY,,
1785924162.501,2026-08-05 17:02:42,GUIDED,True,-7.9262264,112.594866,149.86,0.0,0.0,TRACKING_BUOY,,
1785924162.645,2026-08-05 17:02:42,GUIDED,True,-7.9262264,112.594866,149.88,0.0,0.0,TRACKING_BUOY,,
1785924162.791,2026-08-05 17:02:42,GUIDED,True,-7.9262264,112.594866,149.91,0.0,0.0,TRACKING_BUOY,,
1785924162.934,2026-08-05 17:02:42,GUIDED,True,-7.9262264,112.594866,149.91,0.0,0.0,TRACKING_BUOY,,
1785924163.070,2026-08-05 17:02:43,GUIDED,True,-7.9262264,112.594866,149.91,0.0,0.0,TRACKING_BUOY,,
1785924163.210,2026-08-05 17:02:43,GUIDED,True,-7.9262264,112.594866,149.92,0.0,0.0,TRACKING_BUOY,,
1785924163.353,2026-08-05 17:02:43,GUIDED,True,-7.9262264,112.594866,149.94,0.0,0.0,TRACKING_BUOY,,
1785924163.501,2026-08-05 17:02:43,GUIDED,True,-7.9262264,112.594866,149.96,0.0,0.0,TRACKING_BUOY,,
1785924163.641,2026-08-05 17:02:43,GUIDED,True,-7.9262264,112.594866,149.96,0.0,0.0,TRACKING_BUOY,,
1785924163.787,2026-08-05 17:02:43,GUIDED,True,-7.9262264,112.594866,149.95,0.0,0.0,TRACKING_BUOY,,
1785924163.935,2026-08-05 17:02:43,GUIDED,True,-7.9262264,112.594866,149.96,0.0,0.0,TRACKING_BUOY,,
1785924164.081,2026-08-05 17:02:44,GUIDED,True,-7.9262264,112.594866,149.97,0.0,0.0,TRACKING_BUOY,,
1785924164.223,2026-08-05 17:02:44,GUIDED,True,-7.9262264,112.594866,149.98,0.0,0.0,TRACKING_BUOY,,
1785924164.366,2026-08-05 17:02:44,GUIDED,True,-7.9262264,112.594866,150.01,0.0,0.0,TRACKING_BUOY,,
1785924164.507,2026-08-05 17:02:44,GUIDED,True,-7.9262264,112.594866,150.01,0.0,0.0,TRACKING_BUOY,,
1785924164.651,2026-08-05 17:02:44,GUIDED,True,-7.9262264,112.594866,150.01,0.0,0.0,TRACKING_BUOY,,
1785924164.791,2026-08-05 17:02:44,GUIDED,True,-7.9262264,112.594866,150.02,0.0,0.0,TRACKING_BUOY,,
1785924164.938,2026-08-05 17:02:44,GUIDED,True,-7.9262264,112.594866,150.02,0.0,0.0,TRACKING_BUOY,,
1785924165.089,2026-08-05 17:02:45,GUIDED,True,-7.9262264,112.594866,150.02,0.0,0.0,TRACKING_BUOY,,
1785924165.253,2026-08-05 17:02:45,GUIDED,True,-7.9262264,112.594866,150.03,0.0,0.0,TRACKING_BUOY,,
1785924165.398,2026-08-05 17:02:45,GUIDED,True,-7.9262264,112.594866,150.04,0.0,0.0,TRACKING_BUOY,,
1785924165.539,2026-08-05 17:02:45,GUIDED,True,-7.9262264,112.594866,150.04,0.0,0.0,TRACKING_BUOY,,
1785924165.686,2026-08-05 17:02:45,GUIDED,True,-7.9262264,112.594866,150.03,0.0,0.0,TRACKING_BUOY,,
1785924165.826,2026-08-05 17:02:45,GUIDED,True,-7.9262264,112.594866,150.03,0.0,0.0,TRACKING_BUOY,,
1785924165.967,2026-08-05 17:02:45,GUIDED,True,-7.9262264,112.594866,150.04,0.0,0.0,TRACKING_BUOY,,
1785924166.113,2026-08-05 17:02:46,GUIDED,True,-7.9262264,112.594866,150.04,0.0,0.0,TRACKING_BUOY,,
1785924166.257,2026-08-05 17:02:46,GUIDED,True,-7.9262264,112.594866,150.05,0.0,0.0,TRACKING_BUOY,,
1785924166.402,2026-08-05 17:02:46,GUIDED,True,-7.9262264,112.594866,150.04,0.0,0.0,TRACKING_BUOY,,
1785924166.541,2026-08-05 17:02:46,GUIDED,True,-7.9262264,112.594866,150.04,0.0,0.0,TRACKING_BUOY,,
1785924166.688,2026-08-05 17:02:46,GUIDED,True,-7.9262264,112.594866,150.04,0.0,0.0,TRACKING_BUOY,,
1785924166.829,2026-08-05 17:02:46,GUIDED,True,-7.9262264,112.594866,150.04,0.0,0.0,TRACKING_BUOY,,
1785924166.968,2026-08-05 17:02:46,GUIDED,True,-7.9262264,112.594866,150.04,0.0,0.0,TRACKING_BUOY,,
1785924167.111,2026-08-05 17:02:47,GUIDED,True,-7.9262264,112.594866,150.06,0.0,0.0,TRACKING_BUOY,,
1785924167.255,2026-08-05 17:02:47,GUIDED,True,-7.9262264,112.594866,150.06,0.0,0.0,TRACKING_BUOY,,
1785924167.398,2026-08-05 17:02:47,GUIDED,True,-7.9262264,112.594866,150.06,0.0,0.0,TRACKING_BUOY,377,57
1785924167.539,2026-08-05 17:02:47,GUIDED,True,-7.9262264,112.594866,150.06,0.0,0.0,TRACKING_BUOY,,
1785924167.693,2026-08-05 17:02:47,GUIDED,True,-7.9262264,112.594866,150.07,0.0,0.0,TRACKING_BUOY,,
1785924167.835,2026-08-05 17:02:47,GUIDED,True,-7.9262264,112.594866,150.09,0.0,0.0,TRACKING_BUOY,,
1785924167.979,2026-08-05 17:02:47,GUIDED,True,-7.9262264,112.594866,150.08,0.0,0.0,TRACKING_BUOY,,
1785924168.123,2026-08-05 17:02:48,GUIDED,True,-7.9262264,112.594866,150.08,0.0,0.0,TRACKING_BUOY,,
1785924168.269,2026-08-05 17:02:48,GUIDED,True,-7.9262264,112.594866,150.09,0.0,0.0,TRACKING_BUOY,,
1785924168.413,2026-08-05 17:02:48,GUIDED,True,-7.9262264,112.594866,150.1,0.0,0.0,TRACKING_BUOY,,
1785924168.558,2026-08-05 17:02:48,GUIDED,True,-7.9262264,112.594866,150.1,0.0,0.0,TRACKING_BUOY,,
1785924168.701,2026-08-05 17:02:48,GUIDED,True,-7.9262264,112.594866,150.1,0.0,0.0,TRACKING_BUOY,,
1785924168.841,2026-08-05 17:02:48,GUIDED,True,-7.9262264,112.594866,150.12,0.0,0.0,TRACKING_BUOY,,
1785924168.987,2026-08-05 17:02:48,GUIDED,True,-7.9262264,112.594866,150.13,0.0,0.0,TRACKING_BUOY,,
1785924169.129,2026-08-05 17:02:49,GUIDED,True,-7.9262264,112.594866,150.12,0.0,0.0,TRACKING_BUOY,,
1785924169.271,2026-08-05 17:02:49,GUIDED,True,-7.9262264,112.594866,150.13,0.0,0.0,TRACKING_BUOY,,
1785924169.413,2026-08-05 17:02:49,GUIDED,True,-7.9262264,112.594866,150.13,0.0,0.0,TRACKING_BUOY,,
1785924169.555,2026-08-05 17:02:49,GUIDED,True,-7.9262264,112.594866,150.13,0.0,0.0,TRACKING_BUOY,,
1785924169.702,2026-08-05 17:02:49,GUIDED,True,-7.9262264,112.594866,150.15,0.0,0.0,TRACKING_BUOY,,
1785924169.839,2026-08-05 17:02:49,GUIDED,True,-7.9262264,112.594866,150.15,0.0,0.0,TRACKING_BUOY,,
1785924169.981,2026-08-05 17:02:49,GUIDED,True,-7.9262264,112.594866,150.16,0.0,0.0,TRACKING_BUOY,,
1785924170.153,2026-08-05 17:02:50,GUIDED,True,-7.9262264,112.594866,150.16,0.0,0.0,TRACKING_BUOY,,
1785924170.289,2026-08-05 17:02:50,GUIDED,True,-7.9262264,112.594866,150.15,0.0,0.0,TRACKING_BUOY,,
1785924170.430,2026-08-05 17:02:50,GUIDED,True,-7.9262264,112.594866,150.16,0.0,0.0,TRACKING_BUOY,,
1785924170.572,2026-08-05 17:02:50,GUIDED,True,-7.9262264,112.594866,150.15,0.0,0.0,TRACKING_BUOY,,
1785924170.721,2026-08-05 17:02:50,GUIDED,True,-7.9262264,112.594866,150.15,0.0,0.0,TRACKING_BUOY,,
1785924170.866,2026-08-05 17:02:50,GUIDED,True,-7.9262264,112.594866,150.15,0.0,0.0,TRACKING_BUOY,,
1785924171.009,2026-08-05 17:02:51,GUIDED,True,-7.9262264,112.594866,150.15,0.0,0.0,TRACKING_BUOY,,
1785924171.156,2026-08-05 17:02:51,GUIDED,True,-7.9262264,112.594866,150.15,0.0,0.0,TRACKING_BUOY,,
1785924171.310,2026-08-05 17:02:51,GUIDED,True,-7.9262264,112.594866,150.17,0.0,0.0,TRACKING_BUOY,,
1785924171.455,2026-08-05 17:02:51,GUIDED,True,-7.9262264,112.594866,150.17,0.0,0.0,TRACKING_BUOY,,
1785924171.599,2026-08-05 17:02:51,GUIDED,True,-7.9262264,112.594866,150.17,0.0,0.0,TRACKING_BUOY,,
1785924171.741,2026-08-05 17:02:51,GUIDED,True,-7.9262264,112.594866,150.18,0.0,0.0,TRACKING_BUOY,,
1785924171.881,2026-08-05 17:02:51,GUIDED,True,-7.9262264,112.594866,150.17,0.0,0.0,TRACKING_BUOY,,
1785924172.027,2026-08-05 17:02:52,GUIDED,True,-7.9262264,112.594866,150.18,0.0,0.0,TRACKING_BUOY,,
1785924172.321,2026-08-05 17:02:52,GUIDED,True,-7.9262264,112.594866,150.18,0.0,0.0,TRACKING_BUOY,,
1785924172.917,2026-08-05 17:02:52,GUIDED,True,-7.9262264,112.594866,150.2,0.0,0.0,TRACKING_BUOY,,
1785924173.060,2026-08-05 17:02:53,GUIDED,True,-7.9262264,112.594866,150.21,0.0,0.0,TRACKING_BUOY,,
1785924173.208,2026-08-05 17:02:53,GUIDED,True,-7.9262264,112.594866,150.23,0.0,0.0,TRACKING_BUOY,,
1785924173.350,2026-08-05 17:02:53,GUIDED,True,-7.9262264,112.594866,150.23,0.0,0.0,TRACKING_BUOY,,
1785924173.490,2026-08-05 17:02:53,GUIDED,True,-7.9262264,112.594866,150.24,0.0,0.0,TRACKING_BUOY,,
1785924173.653,2026-08-05 17:02:53,GUIDED,True,-7.9262264,112.594866,150.25,0.0,0.0,TRACKING_BUOY,,
1785924173.797,2026-08-05 17:02:53,GUIDED,True,-7.9262264,112.594866,150.27,0.0,0.0,TRACKING_BUOY,,
1785924173.939,2026-08-05 17:02:53,GUIDED,True,-7.9262264,112.594866,150.28,0.0,0.0,TRACKING_BUOY,,
1785924174.079,2026-08-05 17:02:54,GUIDED,True,-7.9262264,112.594866,150.29,0.0,0.0,TRACKING_BUOY,,
1785924174.229,2026-08-05 17:02:54,GUIDED,True,-7.9262264,112.594866,150.3,0.0,0.0,TRACKING_BUOY,,
1785924174.373,2026-08-05 17:02:54,GUIDED,True,-7.9262264,112.594866,150.3,0.0,0.0,TRACKING_BUOY,,
1785924174.516,2026-08-05 17:02:54,GUIDED,True,-7.9262264,112.594866,150.3,0.0,0.0,TRACKING_BUOY,,
1785924174.660,2026-08-05 17:02:54,GUIDED,True,-7.9262264,112.594866,150.32,0.0,0.0,TRACKING_BUOY,,
1785924174.806,2026-08-05 17:02:54,GUIDED,True,-7.9262264,112.594866,150.32,0.0,0.0,TRACKING_BUOY,640,320
1785924174.946,2026-08-05 17:02:54,GUIDED,True,-7.9262264,112.594866,150.32,0.0,0.0,TRACKING_BUOY,,
1785924175.092,2026-08-05 17:02:55,GUIDED,True,-7.9262264,112.594866,150.31,0.0,0.0,TRACKING_BUOY,,
1785924175.235,2026-08-05 17:02:55,GUIDED,True,-7.9262264,112.594866,150.31,0.0,0.0,TRACKING_BUOY,640,320
1785924175.374,2026-08-05 17:02:55,GUIDED,True,-7.9262264,112.594866,150.33,0.0,0.0,TRACKING_BUOY,,
1785924175.523,2026-08-05 17:02:55,GUIDED,True,-7.9262264,112.594866,150.33,0.0,0.0,TRACKING_BUOY,,
1785924175.669,2026-08-05 17:02:55,GUIDED,True,-7.9262264,112.594866,150.33,0.0,0.0,TRACKING_BUOY,,
1785924175.808,2026-08-05 17:02:55,GUIDED,True,-7.9262264,112.594866,150.34,0.0,0.0,TRACKING_BUOY,,
1785924175.950,2026-08-05 17:02:55,GUIDED,True,-7.9262264,112.594866,150.33,0.0,0.0,TRACKING_BUOY,,
1785924176.091,2026-08-05 17:02:56,GUIDED,True,-7.9262264,112.594866,150.34,0.0,0.0,TRACKING_BUOY,,
1785924176.236,2026-08-05 17:02:56,GUIDED,True,-7.9262264,112.594866,150.35,0.0,0.0,TRACKING_BUOY,,
1785924176.382,2026-08-05 17:02:56,GUIDED,True,-7.9262264,112.594866,150.37,0.0,0.0,TRACKING_BUOY,,
1785924176.521,2026-08-05 17:02:56,GUIDED,True,-7.9262264,112.594866,150.38,0.0,0.0,TRACKING_BUOY,,
1785924176.673,2026-08-05 17:02:56,GUIDED,True,-7.9262264,112.594866,150.4,0.0,0.0,TRACKING_BUOY,,
1785924176.818,2026-08-05 17:02:56,GUIDED,True,-7.9262264,112.594866,150.41,0.0,0.0,TRACKING_BUOY,,
1785924176.959,2026-08-05 17:02:56,GUIDED,True,-7.9262264,112.594866,150.43,0.0,0.0,TRACKING_BUOY,640,320
1785924177.100,2026-08-05 17:02:57,GUIDED,True,-7.9262264,112.594866,150.43,0.0,0.0,TRACKING_BUOY,,
1785924177.246,2026-08-05 17:02:57,GUIDED,True,-7.9262264,112.594866,150.44,0.0,0.0,TRACKING_BUOY,,
1785924177.393,2026-08-05 17:02:57,GUIDED,True,-7.9262264,112.594866,150.46,0.0,0.0,TRACKING_BUOY,,
1785924177.535,2026-08-05 17:02:57,GUIDED,True,-7.9262264,112.594866,150.46,0.0,0.0,TRACKING_BUOY,,
1785924177.676,2026-08-05 17:02:57,GUIDED,True,-7.9262264,112.594866,150.49,0.0,0.0,TRACKING_BUOY,,
1785924177.819,2026-08-05 17:02:57,GUIDED,True,-7.9262264,112.594866,150.49,0.0,0.0,TRACKING_BUOY,640,320
1785924177.957,2026-08-05 17:02:57,GUIDED,True,-7.9262264,112.594866,150.51,0.0,0.0,TRACKING_BUOY,,
1785924178.096,2026-08-05 17:02:58,GUIDED,True,-7.9262264,112.594866,150.51,0.0,0.0,TRACKING_BUOY,,
1785924178.240,2026-08-05 17:02:58,GUIDED,True,-7.9262264,112.594866,150.51,0.0,0.0,TRACKING_BUOY,,
1785924178.384,2026-08-05 17:02:58,GUIDED,True,-7.9262264,112.594866,150.54,0.0,0.0,TRACKING_BUOY,,
1785924178.531,2026-08-05 17:02:58,GUIDED,True,-7.9262264,112.594866,150.54,0.0,0.0,TRACKING_BUOY,,
1785924178.688,2026-08-05 17:02:58,GUIDED,True,-7.9262264,112.594866,150.55,0.0,0.0,TRACKING_BUOY,640,320
1785924178.836,2026-08-05 17:02:58,GUIDED,True,-7.9262264,112.594866,150.57,0.0,0.0,TRACKING_BUOY,,
1785924178.993,2026-08-05 17:02:58,GUIDED,True,-7.9262264,112.594866,150.59,0.0,0.0,TRACKING_BUOY,,
1785924179.142,2026-08-05 17:02:59,GUIDED,True,-7.9262264,112.594866,150.6,0.0,0.0,TRACKING_BUOY,,
1785924179.284,2026-08-05 17:02:59,GUIDED,True,-7.9262264,112.594866,150.62,0.0,0.0,TRACKING_BUOY,,
1785924179.424,2026-08-05 17:02:59,GUIDED,True,-7.9262264,112.594866,150.62,0.0,0.0,TRACKING_BUOY,,
1785924179.571,2026-08-05 17:02:59,GUIDED,True,-7.9262264,112.594866,150.63,0.0,0.0,TRACKING_BUOY,,
1785924179.721,2026-08-05 17:02:59,GUIDED,True,-7.9262264,112.594866,150.64,0.0,0.0,TRACKING_BUOY,,
1785924179.869,2026-08-05 17:02:59,GUIDED,True,-7.9262264,112.594866,150.65,0.0,0.0,TRACKING_BUOY,,
1785924180.010,2026-08-05 17:03:00,GUIDED,True,-7.9262264,112.594866,150.67,0.0,0.0,TRACKING_BUOY,,
1785924180.154,2026-08-05 17:03:00,GUIDED,True,-7.9262264,112.594866,150.67,0.0,0.0,TRACKING_BUOY,,
1785924180.295,2026-08-05 17:03:00,GUIDED,True,-7.9262264,112.594866,150.67,0.0,0.0,TRACKING_BUOY,,
1785924180.438,2026-08-05 17:03:00,GUIDED,True,-7.9262264,112.594866,150.67,0.0,0.0,TRACKING_BUOY,,
1785924180.580,2026-08-05 17:03:00,GUIDED,True,-7.9262264,112.594866,150.69,0.0,0.0,TRACKING_BUOY,,
1785924180.723,2026-08-05 17:03:00,GUIDED,True,-7.9262264,112.594866,150.7,0.0,0.0,TRACKING_BUOY,245,-75
1785924180.864,2026-08-05 17:03:00,GUIDED,True,-7.9262264,112.594866,150.71,0.0,0.0,TRACKING_BUOY,254,-66
1785924181.007,2026-08-05 17:03:01,GUIDED,True,-7.9262264,112.594866,150.72,0.0,0.0,TRACKING_BUOY,254,-66
1785924181.160,2026-08-05 17:03:01,GUIDED,True,-7.9262264,112.594866,150.73,0.0,0.0,TRACKING_BUOY,254,-66
1785924181.307,2026-08-05 17:03:01,GUIDED,True,-7.9262264,112.594866,150.74,0.0,0.0,TRACKING_BUOY,251,-69
1785924181.470,2026-08-05 17:03:01,GUIDED,True,-7.9262264,112.594866,150.74,0.0,0.0,TRACKING_BUOY,248,-72
1785924181.612,2026-08-05 17:03:01,GUIDED,True,-7.9262264,112.594866,150.75,0.0,0.0,TRACKING_BUOY,249,-71
1785924181.757,2026-08-05 17:03:01,GUIDED,True,-7.9262264,112.594866,150.75,0.0,0.0,TRACKING_BUOY,251,-69
1785924181.904,2026-08-05 17:03:01,GUIDED,True,-7.9262264,112.594866,150.77,0.0,0.0,TRACKING_BUOY,254,-66
1785924182.063,2026-08-05 17:03:02,GUIDED,True,-7.9262264,112.594866,150.77,0.0,0.0,TRACKING_BUOY,256,-64
1785924182.226,2026-08-05 17:03:02,GUIDED,True,-7.9262264,112.594866,150.78,0.0,0.0,TRACKING_BUOY,268,-52
1785924182.374,2026-08-05 17:03:02,GUIDED,True,-7.9262264,112.594866,150.79,0.0,0.0,TRACKING_BUOY,283,-37
1785924182.520,2026-08-05 17:03:02,GUIDED,True,-7.9262264,112.594866,150.8,0.0,0.0,TRACKING_BUOY,297,-23
1785924182.669,2026-08-05 17:03:02,GUIDED,True,-7.9262264,112.594866,150.83,0.0,0.0,TRACKING_BUOY,310,-10
1785924182.810,2026-08-05 17:03:02,GUIDED,True,-7.9262264,112.594866,150.82,0.0,0.0,TRACKING_BUOY,339,19
1785924182.956,2026-08-05 17:03:02,GUIDED,True,-7.9262264,112.594866,150.84,0.0,0.0,TRACKING_BUOY,357,37
1785924183.097,2026-08-05 17:03:03,GUIDED,True,-7.9262264,112.594866,150.85,0.0,0.0,TRACKING_BUOY,373,53
1785924183.244,2026-08-05 17:03:03,GUIDED,True,-7.9262264,112.594866,150.86,0.0,0.0,TRACKING_BUOY,386,66
1785924183.393,2026-08-05 17:03:03,GUIDED,True,-7.9262264,112.594866,150.88,0.0,0.0,TRACKING_BUOY,396,76
1785924183.535,2026-08-05 17:03:03,GUIDED,True,-7.9262264,112.594866,150.88,0.0,0.0,TRACKING_BUOY,406,86
1785924183.679,2026-08-05 17:03:03,GUIDED,True,-7.9262264,112.594866,150.9,0.0,0.0,TRACKING_BUOY,404,84
1785924183.846,2026-08-05 17:03:03,GUIDED,True,-7.9262264,112.594866,150.91,0.0,0.0,TRACKING_BUOY,395,75
1785924183.995,2026-08-05 17:03:03,GUIDED,True,-7.9262264,112.594866,150.93,0.0,0.0,TRACKING_BUOY,372,52
1785924184.135,2026-08-05 17:03:04,GUIDED,True,-7.9262264,112.594866,150.93,0.0,0.0,TRACKING_BUOY,329,9
1785924184.277,2026-08-05 17:03:04,GUIDED,True,-7.9262264,112.594866,150.94,0.0,0.0,TRACKING_BUOY,298,-22
1785924184.424,2026-08-05 17:03:04,GUIDED,True,-7.9262264,112.594866,150.95,0.0,0.0,TRACKING_BUOY,268,-52
1785924184.566,2026-08-05 17:03:04,GUIDED,True,-7.9262264,112.594866,150.95,0.0,0.0,TRACKING_BUOY,245,-75
1785924184.709,2026-08-05 17:03:04,GUIDED,True,-7.9262264,112.594866,150.96,0.0,0.0,TRACKING_BUOY,235,-85
1785924184.858,2026-08-05 17:03:04,GUIDED,True,-7.9262264,112.594866,150.95,0.0,0.0,TRACKING_BUOY,232,-88
1785924185.001,2026-08-05 17:03:05,GUIDED,True,-7.9262264,112.594866,150.95,0.0,0.0,TRACKING_BUOY,237,-83
1785924185.165,2026-08-05 17:03:05,GUIDED,True,-7.9262264,112.594866,150.97,0.0,0.0,TRACKING_BUOY,244,-76
1785924185.305,2026-08-05 17:03:05,GUIDED,True,-7.9262264,112.594866,150.98,0.0,0.0,TRACKING_BUOY,264,-56
1785924185.445,2026-08-05 17:03:05,GUIDED,True,-7.9262264,112.594866,150.98,0.0,0.0,TRACKING_BUOY,292,-28
1785924185.587,2026-08-05 17:03:05,GUIDED,True,-7.9262264,112.594866,150.98,0.0,0.0,TRACKING_BUOY,325,5
1785924185.733,2026-08-05 17:03:05,GUIDED,True,-7.9262264,112.594866,150.99,0.0,0.0,TRACKING_BUOY,364,44
1785924185.876,2026-08-05 17:03:05,GUIDED,True,-7.9262264,112.594866,150.99,0.0,0.0,TRACKING_BUOY,387,67
1785924186.026,2026-08-05 17:03:06,GUIDED,True,-7.9262264,112.594866,150.99,0.0,0.0,TRACKING_BUOY,397,77
1785924186.172,2026-08-05 17:03:06,GUIDED,True,-7.9262264,112.594866,151.0,0.0,0.0,TRACKING_BUOY,405,85
1785924186.316,2026-08-05 17:03:06,GUIDED,True,-7.9262264,112.594866,151.01,0.0,0.0,TRACKING_BUOY,413,93
1785924186.462,2026-08-05 17:03:06,GUIDED,True,-7.9262264,112.594866,151.01,0.0,0.0,TRACKING_BUOY,417,97
1785924186.607,2026-08-05 17:03:06,GUIDED,True,-7.9262264,112.594866,151.02,0.0,0.0,TRACKING_BUOY,415,95
1785924186.752,2026-08-05 17:03:06,GUIDED,True,-7.9262264,112.594866,151.04,0.0,0.0,TRACKING_BUOY,392,72
1785924186.894,2026-08-05 17:03:06,GUIDED,True,-7.9262264,112.594866,151.04,0.0,0.0,TRACKING_BUOY,354,34
1785924187.042,2026-08-05 17:03:07,GUIDED,True,-7.9262264,112.594866,151.03,0.0,0.0,TRACKING_BUOY,313,-7
1785924187.186,2026-08-05 17:03:07,GUIDED,True,-7.9262264,112.594866,151.02,0.0,0.0,TRACKING_BUOY,,
1785924187.325,2026-08-05 17:03:07,GUIDED,True,-7.9262264,112.594866,151.02,0.0,0.0,TRACKING_BUOY,,
1785924187.471,2026-08-05 17:03:07,GUIDED,True,-7.9262264,112.594866,151.03,0.0,0.0,TRACKING_BUOY,395,75
1785924187.615,2026-08-05 17:03:07,GUIDED,True,-7.9262264,112.594866,151.04,0.0,0.0,TRACKING_BUOY,640,320
1785924187.759,2026-08-05 17:03:07,GUIDED,True,-7.9262264,112.594866,151.06,0.0,0.0,TRACKING_BUOY,,
1785924187.906,2026-08-05 17:03:07,GUIDED,True,-7.9262264,112.594866,151.05,0.0,0.0,TRACKING_BUOY,,
1785924188.057,2026-08-05 17:03:08,GUIDED,True,-7.9262264,112.594866,151.04,0.0,0.0,TRACKING_BUOY,,
1785924188.206,2026-08-05 17:03:08,GUIDED,True,-7.9262264,112.594866,151.05,0.0,0.0,TRACKING_BUOY,,
1785924188.346,2026-08-05 17:03:08,GUIDED,True,-7.9262264,112.594866,151.05,0.0,0.0,TRACKING_BUOY,,
1785924188.489,2026-08-05 17:03:08,GUIDED,True,-7.9262264,112.594866,151.08,0.0,0.0,TRACKING_BUOY,,
1785924188.640,2026-08-05 17:03:08,GUIDED,True,-7.9262264,112.594866,151.09,0.0,0.0,TRACKING_BUOY,,
1785924188.780,2026-08-05 17:03:08,GUIDED,True,-7.9262264,112.594866,151.09,0.0,0.0,TRACKING_BUOY,,
1785924188.957,2026-08-05 17:03:08,GUIDED,True,-7.9262264,112.594866,151.07,0.0,0.0,TRACKING_BUOY,,
1785924189.109,2026-08-05 17:03:09,GUIDED,True,-7.9262264,112.594866,151.08,0.0,0.0,TRACKING_BUOY,,
1785924189.254,2026-08-05 17:03:09,GUIDED,True,-7.9262264,112.594866,151.09,0.0,0.0,TRACKING_BUOY,640,320
1785924189.397,2026-08-05 17:03:09,GUIDED,True,-7.9262264,112.594866,151.08,0.0,0.0,TRACKING_BUOY,,
1785924189.541,2026-08-05 17:03:09,GUIDED,True,-7.9262264,112.594866,151.09,0.0,0.0,TRACKING_BUOY,640,320
1785924189.693,2026-08-05 17:03:09,GUIDED,True,-7.9262264,112.594866,151.11,0.0,0.0,TRACKING_BUOY,,
1785924189.835,2026-08-05 17:03:09,GUIDED,True,-7.9262264,112.594866,151.11,0.0,0.0,TRACKING_BUOY,,
1785924189.979,2026-08-05 17:03:09,GUIDED,True,-7.9262264,112.594866,151.11,0.0,0.0,TRACKING_BUOY,,
1785924190.143,2026-08-05 17:03:10,GUIDED,True,-7.9262264,112.594866,151.13,0.0,0.0,TRACKING_BUOY,,
1785924190.291,2026-08-05 17:03:10,GUIDED,True,-7.9262264,112.594866,151.11,0.0,0.0,TRACKING_BUOY,,
1785924190.660,2026-08-05 17:03:10,GUIDED,True,-7.9262264,112.594866,151.14,0.0,0.0,TRACKING_BUOY,,
1785924190.921,2026-08-05 17:03:10,GUIDED,True,-7.9262264,112.594866,151.16,0.0,0.0,TRACKING_BUOY,,
1785924191.081,2026-08-05 17:03:11,GUIDED,True,-7.9262264,112.594866,151.14,0.0,0.0,TRACKING_BUOY,,
1785924191.251,2026-08-05 17:03:11,GUIDED,True,-7.9262264,112.594866,151.14,0.0,0.0,TRACKING_BUOY,,
1785924191.387,2026-08-05 17:03:11,GUIDED,True,-7.9262264,112.594866,151.13,0.0,0.0,TRACKING_BUOY,,
1785924191.557,2026-08-05 17:03:11,GUIDED,True,-7.9262264,112.594866,151.14,0.0,0.0,TRACKING_BUOY,,
1785924191.883,2026-08-05 17:03:11,GUIDED,True,-7.9262264,112.594866,151.15,0.0,0.0,TRACKING_BUOY,,
1785924192.092,2026-08-05 17:03:12,GUIDED,True,-7.9262264,112.594866,151.17,0.0,0.0,TRACKING_BUOY,,
1785924192.254,2026-08-05 17:03:12,GUIDED,True,-7.9262264,112.594866,151.19,0.0,0.0,TRACKING_BUOY,,
1785924192.392,2026-08-05 17:03:12,GUIDED,True,-7.9262264,112.594866,151.19,0.0,0.0,TRACKING_BUOY,,
1785924192.527,2026-08-05 17:03:12,GUIDED,True,-7.9262264,112.594866,151.2,0.0,0.0,TRACKING_BUOY,,
1785924192.667,2026-08-05 17:03:12,GUIDED,True,-7.9262264,112.594866,151.2,0.0,0.0,TRACKING_BUOY,,
1785924192.803,2026-08-05 17:03:12,GUIDED,True,-7.9262264,112.594866,151.19,0.0,0.0,TRACKING_BUOY,,
1785924192.938,2026-08-05 17:03:12,GUIDED,True,-7.9262264,112.594866,151.21,0.0,0.0,TRACKING_BUOY,,
1785924193.076,2026-08-05 17:03:13,GUIDED,True,-7.9262264,112.594866,151.23,0.0,0.0,TRACKING_BUOY,,
1785924193.212,2026-08-05 17:03:13,GUIDED,True,-7.9262264,112.594866,151.24,0.0,0.0,TRACKING_BUOY,,
1785924193.352,2026-08-05 17:03:13,GUIDED,True,-7.9262264,112.594866,151.22,0.0,0.0,TRACKING_BUOY,,
1785924193.506,2026-08-05 17:03:13,GUIDED,True,-7.9262264,112.594866,151.21,0.0,0.0,TRACKING_BUOY,,
1785924193.656,2026-08-05 17:03:13,GUIDED,True,-7.9262264,112.594866,151.22,0.0,0.0,TRACKING_BUOY,,
1785924193.795,2026-08-05 17:03:13,GUIDED,True,-7.9262264,112.594866,151.22,0.0,0.0,TRACKING_BUOY,,
1785924193.938,2026-08-05 17:03:13,GUIDED,True,-7.9262264,112.594866,151.22,0.0,0.0,TRACKING_BUOY,,
1785924194.077,2026-08-05 17:03:14,GUIDED,True,-7.9262264,112.594866,151.22,0.0,0.0,TRACKING_BUOY,,
1785924194.212,2026-08-05 17:03:14,GUIDED,True,-7.9262264,112.594866,151.24,0.0,0.0,TRACKING_BUOY,,
1785924194.347,2026-08-05 17:03:14,GUIDED,True,-7.9262264,112.594866,151.23,0.0,0.0,TRACKING_BUOY,,
1785924194.487,2026-08-05 17:03:14,GUIDED,True,-7.9262264,112.594866,151.21,0.0,0.0,TRACKING_BUOY,,
1785924194.628,2026-08-05 17:03:14,GUIDED,True,-7.9262264,112.594866,151.21,0.0,0.0,TRACKING_BUOY,,
1785924194.786,2026-08-05 17:03:14,GUIDED,True,-7.9262264,112.594866,151.23,0.0,0.0,TRACKING_BUOY,,
1785924194.930,2026-08-05 17:03:14,GUIDED,True,-7.9262264,112.594866,151.24,0.0,0.0,TRACKING_BUOY,,
1785924195.085,2026-08-05 17:03:15,GUIDED,True,-7.9262264,112.594866,151.23,0.0,0.0,TRACKING_BUOY,,
1785924195.224,2026-08-05 17:03:15,GUIDED,True,-7.9262264,112.594866,151.23,0.0,0.0,TRACKING_BUOY,640,320
1785924195.359,2026-08-05 17:03:15,GUIDED,True,-7.9262264,112.594866,151.22,0.0,0.0,TRACKING_BUOY,,
1785924195.497,2026-08-05 17:03:15,GUIDED,True,-7.9262264,112.594866,151.2,0.0,0.0,TRACKING_BUOY,640,320
1785924195.635,2026-08-05 17:03:15,GUIDED,True,-7.9262264,112.594866,151.21,0.0,0.0,TRACKING_BUOY,,
1785924195.794,2026-08-05 17:03:15,GUIDED,True,-7.9262264,112.594866,151.19,0.0,0.0,TRACKING_BUOY,,
1785924195.930,2026-08-05 17:03:15,GUIDED,True,-7.9262264,112.594866,151.2,0.0,0.0,TRACKING_BUOY,,
1785924196.077,2026-08-05 17:03:16,GUIDED,True,-7.9262264,112.594866,151.21,0.0,0.0,TRACKING_BUOY,640,320
1785924196.215,2026-08-05 17:03:16,GUIDED,True,-7.9262264,112.594866,151.2,0.0,0.0,TRACKING_BUOY,,
1785924196.384,2026-08-05 17:03:16,GUIDED,True,-7.9262264,112.594866,151.2,0.0,0.0,TRACKING_BUOY,,
1785924196.519,2026-08-05 17:03:16,GUIDED,True,-7.9262264,112.594866,151.2,0.0,0.0,TRACKING_BUOY,,
1785924196.655,2026-08-05 17:03:16,GUIDED,True,-7.9262264,112.594866,151.19,0.0,0.0,TRACKING_BUOY,,
1785924196.788,2026-08-05 17:03:16,GUIDED,True,-7.9262264,112.594866,151.19,0.0,0.0,TRACKING_BUOY,,
1785924196.925,2026-08-05 17:03:16,GUIDED,True,-7.9262264,112.594866,151.18,0.0,0.0,TRACKING_BUOY,,
1785924197.063,2026-08-05 17:03:17,GUIDED,True,-7.9262264,112.594866,151.19,0.0,0.0,TRACKING_BUOY,,
1785924197.199,2026-08-05 17:03:17,GUIDED,True,-7.9262264,112.594866,151.18,0.0,0.0,TRACKING_BUOY,,
1785924197.335,2026-08-05 17:03:17,GUIDED,True,-7.9262264,112.594866,151.18,0.0,0.0,TRACKING_BUOY,,
1785924197.471,2026-08-05 17:03:17,GUIDED,True,-7.9262264,112.594866,151.17,0.0,0.0,TRACKING_BUOY,,
1785924197.619,2026-08-05 17:03:17,GUIDED,True,-7.9262264,112.594866,151.18,0.0,0.0,TRACKING_BUOY,,
1785924197.754,2026-08-05 17:03:17,GUIDED,True,-7.9262264,112.594866,151.18,0.0,0.0,TRACKING_BUOY,,
1785924197.893,2026-08-05 17:03:17,GUIDED,True,-7.9262264,112.594866,151.19,0.0,0.0,TRACKING_BUOY,,
1785924198.031,2026-08-05 17:03:18,GUIDED,True,-7.9262264,112.594866,151.19,0.0,0.0,TRACKING_BUOY,,
1785924198.173,2026-08-05 17:03:18,GUIDED,True,-7.9262264,112.594866,151.19,0.0,0.0,TRACKING_BUOY,,
1785924198.330,2026-08-05 17:03:18,GUIDED,True,-7.9262264,112.594866,151.2,0.0,0.0,TRACKING_BUOY,,
1785924198.461,2026-08-05 17:03:18,GUIDED,True,-7.9262264,112.594866,151.22,0.0,0.0,TRACKING_BUOY,,
1785924198.603,2026-08-05 17:03:18,GUIDED,True,-7.9262264,112.594866,151.23,0.0,0.0,TRACKING_BUOY,,
1785924198.739,2026-08-05 17:03:18,GUIDED,True,-7.9262264,112.594866,151.22,0.0,0.0,TRACKING_BUOY,640,320
1785924198.921,2026-08-05 17:03:18,GUIDED,True,-7.9262264,112.594866,151.24,0.0,0.0,TRACKING_BUOY,640,320
1785924199.086,2026-08-05 17:03:19,GUIDED,True,-7.9262264,112.594866,151.23,0.0,0.0,TRACKING_BUOY,640,320
1785924199.243,2026-08-05 17:03:19,GUIDED,True,-7.9262264,112.594866,151.23,0.0,0.0,TRACKING_BUOY,,
1785924199.391,2026-08-05 17:03:19,GUIDED,True,-7.9262264,112.594866,151.23,0.0,0.0,TRACKING_BUOY,,
1785924199.545,2026-08-05 17:03:19,GUIDED,True,-7.9262264,112.594866,151.22,0.0,0.0,TRACKING_BUOY,,
1785924199.698,2026-08-05 17:03:19,GUIDED,True,-7.9262264,112.594866,151.23,0.0,0.0,TRACKING_BUOY,,
1785924199.846,2026-08-05 17:03:19,GUIDED,True,-7.9262264,112.594866,151.23,0.0,0.0,TRACKING_BUOY,634,314
1785924200.002,2026-08-05 17:03:20,GUIDED,True,-7.9262264,112.594866,151.23,0.0,0.0,TRACKING_BUOY,,
1785924200.151,2026-08-05 17:03:20,GUIDED,True,-7.9262264,112.594866,151.24,0.0,0.0,TRACKING_BUOY,636,316
1785924200.324,2026-08-05 17:03:20,GUIDED,True,-7.9262264,112.594866,151.24,0.0,0.0,TRACKING_BUOY,636,316
1785924200.467,2026-08-05 17:03:20,GUIDED,True,-7.9262264,112.594866,151.24,0.0,0.0,TRACKING_BUOY,638,318
1785924200.609,2026-08-05 17:03:20,GUIDED,True,-7.9262264,112.594866,151.25,0.0,0.0,TRACKING_BUOY,435,115
1785924200.764,2026-08-05 17:03:20,GUIDED,True,-7.9262264,112.594866,151.25,0.0,0.0,TRACKING_BUOY,637,317
1785924200.921,2026-08-05 17:03:20,GUIDED,True,-7.9262264,112.594866,151.26,0.0,0.0,TRACKING_BUOY,636,316
1785924201.097,2026-08-05 17:03:21,GUIDED,True,-7.9262264,112.594866,151.25,0.0,0.0,TRACKING_BUOY,637,317
1785924201.263,2026-08-05 17:03:21,GUIDED,True,-7.9262264,112.594866,151.25,0.0,0.0,TRACKING_BUOY,434,114
1785924201.405,2026-08-05 17:03:21,GUIDED,True,-7.9262264,112.594866,151.26,0.0,0.0,TRACKING_BUOY,639,319
1785924201.579,2026-08-05 17:03:21,GUIDED,True,-7.9262264,112.594866,151.24,0.0,0.0,TRACKING_BUOY,640,320
1785924201.726,2026-08-05 17:03:21,GUIDED,True,-7.9262264,112.594866,151.25,0.0,0.0,TRACKING_BUOY,640,320
1785924201.871,2026-08-05 17:03:21,GUIDED,True,-7.9262264,112.594866,151.24,0.0,0.0,TRACKING_BUOY,637,317
1785924202.016,2026-08-05 17:03:22,GUIDED,True,-7.9262264,112.594866,151.24,0.0,0.0,TRACKING_BUOY,639,319
1785924202.180,2026-08-05 17:03:22,GUIDED,True,-7.9262264,112.594866,151.25,0.0,0.0,TRACKING_BUOY,,
1785924202.320,2026-08-05 17:03:22,GUIDED,True,-7.9262264,112.594866,151.25,0.0,0.0,TRACKING_BUOY,640,320
1785924202.460,2026-08-05 17:03:22,GUIDED,True,-7.9262264,112.594866,151.24,0.0,0.0,TRACKING_BUOY,,
1785924202.623,2026-08-05 17:03:22,GUIDED,True,-7.9262264,112.594866,151.23,0.0,0.0,TRACKING_BUOY,,
1785924202.777,2026-08-05 17:03:22,GUIDED,True,-7.9262264,112.594866,151.23,0.0,0.0,TRACKING_BUOY,,
1785924202.922,2026-08-05 17:03:22,GUIDED,True,-7.9262264,112.594866,151.22,0.0,0.0,TRACKING_BUOY,,
1785924203.071,2026-08-05 17:03:23,GUIDED,True,-7.9262264,112.594866,151.22,0.0,0.0,TRACKING_BUOY,,
1785924203.212,2026-08-05 17:03:23,GUIDED,True,-7.9262264,112.594866,151.21,0.0,0.0,TRACKING_BUOY,,
1785924203.360,2026-08-05 17:03:23,GUIDED,True,-7.9262264,112.594866,151.21,0.0,0.0,TRACKING_BUOY,,
1785924203.498,2026-08-05 17:03:23,GUIDED,True,-7.9262264,112.594866,151.2,0.0,0.0,TRACKING_BUOY,,
1785924203.641,2026-08-05 17:03:23,GUIDED,True,-7.9262264,112.594866,151.2,0.0,0.0,TRACKING_BUOY,,
1785924203.780,2026-08-05 17:03:23,GUIDED,True,-7.9262264,112.594866,151.2,0.0,0.0,TRACKING_BUOY,,
1785924203.974,2026-08-05 17:03:23,GUIDED,True,-7.9262264,112.594866,151.22,0.0,0.0,TRACKING_BUOY,,
1785924204.148,2026-08-05 17:03:24,GUIDED,True,-7.9262264,112.594866,151.23,0.0,0.0,TRACKING_BUOY,,
1785924204.298,2026-08-05 17:03:24,GUIDED,True,-7.9262264,112.594866,151.23,0.0,0.0,TRACKING_BUOY,,
1785924204.459,2026-08-05 17:03:24,GUIDED,True,-7.9262264,112.594866,151.23,0.0,0.0,TRACKING_BUOY,,
1785924204.598,2026-08-05 17:03:24,GUIDED,True,-7.9262264,112.594866,151.23,0.0,0.0,TRACKING_BUOY,,
1785924204.760,2026-08-05 17:03:24,GUIDED,True,-7.9262264,112.594866,151.23,0.0,0.0,TRACKING_BUOY,,
1785924204.897,2026-08-05 17:03:24,GUIDED,True,-7.9262264,112.594866,151.24,0.0,0.0,TRACKING_BUOY,,
1785924205.043,2026-08-05 17:03:25,GUIDED,True,-7.9262264,112.594866,151.24,0.0,0.0,TRACKING_BUOY,,
1785924205.189,2026-08-05 17:03:25,GUIDED,True,-7.9262264,112.594866,151.23,0.0,0.0,TRACKING_BUOY,,
1785924205.329,2026-08-05 17:03:25,GUIDED,True,-7.9262264,112.594866,151.25,0.0,0.0,TRACKING_BUOY,,
1785924205.617,2026-08-05 17:03:25,GUIDED,True,-7.9262264,112.594866,151.27,0.0,0.0,TRACKING_BUOY,,
1785924205.784,2026-08-05 17:03:25,GUIDED,True,-7.9262264,112.594866,151.27,0.0,0.0,TRACKING_BUOY,,
1785924205.965,2026-08-05 17:03:25,GUIDED,True,-7.9262264,112.594866,151.27,0.0,0.0,TRACKING_BUOY,,
1785924206.098,2026-08-05 17:03:26,GUIDED,True,-7.9262264,112.594866,151.28,0.0,0.0,TRACKING_BUOY,,
1785924206.236,2026-08-05 17:03:26,GUIDED,True,-7.9262264,112.594866,151.27,0.0,0.0,TRACKING_BUOY,,
1785924206.371,2026-08-05 17:03:26,GUIDED,True,-7.9262264,112.594866,151.27,0.0,0.0,TRACKING_BUOY,,
1785924206.503,2026-08-05 17:03:26,GUIDED,True,-7.9262264,112.594866,151.28,0.0,0.0,TRACKING_BUOY,,
1785924206.640,2026-08-05 17:03:26,GUIDED,True,-7.9262264,112.594866,151.29,0.0,0.0,TRACKING_BUOY,,
1785924206.775,2026-08-05 17:03:26,GUIDED,True,-7.9262264,112.594866,151.29,0.0,0.0,TRACKING_BUOY,,
1785924206.910,2026-08-05 17:03:26,GUIDED,True,-7.9262264,112.594866,151.28,0.0,0.0,TRACKING_BUOY,,
1785924207.047,2026-08-05 17:03:27,GUIDED,True,-7.9262264,112.594866,151.28,0.0,0.0,TRACKING_BUOY,,
1785924207.186,2026-08-05 17:03:27,GUIDED,True,-7.9262264,112.594866,151.28,0.0,0.0,TRACKING_BUOY,,
1785924207.326,2026-08-05 17:03:27,GUIDED,True,-7.9262264,112.594866,151.26,0.0,0.0,TRACKING_BUOY,,
1785924207.464,2026-08-05 17:03:27,GUIDED,True,-7.9262264,112.594866,151.27,0.0,0.0,TRACKING_BUOY,,
1785924207.607,2026-08-05 17:03:27,GUIDED,True,-7.9262264,112.594866,151.27,0.0,0.0,TRACKING_BUOY,,
1785924207.746,2026-08-05 17:03:27,GUIDED,True,-7.9262264,112.594866,151.27,0.0,0.0,TRACKING_BUOY,,
1785924207.884,2026-08-05 17:03:27,GUIDED,True,-7.9262264,112.594866,151.28,0.0,0.0,TRACKING_BUOY,,
1785924208.023,2026-08-05 17:03:28,GUIDED,True,-7.9262264,112.594866,151.29,0.0,0.0,TRACKING_BUOY,,
1785924208.160,2026-08-05 17:03:28,GUIDED,True,-7.9262264,112.594866,151.28,0.0,0.0,TRACKING_BUOY,,
1785924208.298,2026-08-05 17:03:28,GUIDED,True,-7.9262264,112.594866,151.28,0.0,0.0,TRACKING_BUOY,,
1785924208.436,2026-08-05 17:03:28,GUIDED,True,-7.9262264,112.594866,151.28,0.0,0.0,TRACKING_BUOY,640,320
1785924208.574,2026-08-05 17:03:28,GUIDED,True,-7.9262264,112.594866,151.28,0.0,0.0,TRACKING_BUOY,640,320
1785924208.709,2026-08-05 17:03:28,GUIDED,True,-7.9262264,112.594866,151.28,0.0,0.0,TRACKING_BUOY,,
1785924208.847,2026-08-05 17:03:28,GUIDED,True,-7.9262264,112.594866,151.28,0.0,0.0,TRACKING_BUOY,,
1785924208.983,2026-08-05 17:03:28,GUIDED,True,-7.9262264,112.594866,151.3,0.0,0.0,TRACKING_BUOY,,
1785924209.123,2026-08-05 17:03:29,GUIDED,True,-7.9262264,112.594866,151.31,0.0,0.0,TRACKING_BUOY,,
1785924209.271,2026-08-05 17:03:29,GUIDED,True,-7.9262264,112.594866,151.32,0.0,0.0,TRACKING_BUOY,,
1785924209.410,2026-08-05 17:03:29,GUIDED,True,-7.9262264,112.594866,151.31,0.0,0.0,TRACKING_BUOY,,
1785924209.551,2026-08-05 17:03:29,GUIDED,True,-7.9262264,112.594866,151.31,0.0,0.0,TRACKING_BUOY,,
