timestamp,iso_time,mode,armed,lat,lng,heading,sog_knots,battery_v,state,gate_x,error_px
1785927218.654,2026-08-05 17:53:38,GUIDED,False,-7.9262642,112.5948679,152.06,0.0,0.0,IDLE,,
1785927218.801,2026-08-05 17:53:38,GUIDED,False,-7.9262643,112.5948676,152.07,0.0,0.0,IDLE,,
1785927218.958,2026-08-05 17:53:38,GUIDED,False,-7.926264,112.5948675,152.05,0.0,0.0,IDLE,,
1785927219.108,2026-08-05 17:53:39,GUIDED,False,-7.926264,112.5948675,152.05,0.0,0.0,IDLE,,
1785927219.255,2026-08-05 17:53:39,GUIDED,False,-7.9262636,112.5948666,152.05,0.0,0.0,IDLE,,
1785927219.399,2026-08-05 17:53:39,GUIDED,False,-7.9262633,112.5948666,152.06,0.0,0.0,IDLE,,
1785927219.549,2026-08-05 17:53:39,GUIDED,False,-7.9262635,112.5948664,152.05,0.0,0.0,IDLE,,
1785927219.707,2026-08-05 17:53:39,GUIDED,False,-7.9262636,112.5948654,152.08,0.0,0.0,IDLE,,
1785927219.854,2026-08-05 17:53:39,GUIDED,False,-7.9262636,112.5948654,152.08,0.0,0.0,IDLE,,
1785927219.998,2026-08-05 17:53:39,GUIDED,False,-7.9262638,112.594865,152.07,0.0,0.0,IDLE,,
1785927220.155,2026-08-05 17:53:40,GUIDED,False,-7.9262638,112.594865,152.08,0.0,0.0,IDLE,,
1785927220.303,2026-08-05 17:53:40,GUIDED,False,-7.9262646,112.5948665,152.07,0.0,0.0,IDLE,,
1785927220.454,2026-08-05 17:53:40,GUIDED,False,-7.9262646,112.5948665,152.05,0.0,0.0,IDLE,,
1785927220.604,2026-08-05 17:53:40,GUIDED,False,-7.9262647,112.5948685,152.05,0.0,0.0,IDLE,,
1785927220.758,2026-08-05 17:53:40,GUIDED,False,-7.9262645,112.5948702,152.08,0.0,0.0,IDLE,,
1785927220.902,2026-08-05 17:53:40,GUIDED,False,-7.9262645,112.5948731,152.06,0.0,0.0,IDLE,,
1785927221.049,2026-08-05 17:53:41,GUIDED,False,-7.9262645,112.5948731,152.07,0.0,0.0,IDLE,,
1785927221.208,2026-08-05 17:53:41,GUIDED,False,-7.9262643,112.5948752,152.08,0.0,0.0,IDLE,,
1785927221.357,2026-08-05 17:53:41,GUIDED,False,-7.9262635,112.5948769,152.07,0.0,0.0,IDLE,,
1785927221.505,2026-08-05 17:53:41,GUIDED,False,-7.9262637,112.5948789,152.08,0.0,0.0,IDLE,,
1785927221.654,2026-08-05 17:53:41,GUIDED,False,-7.9262637,112.5948789,152.08,0.0,0.0,IDLE,,
1785927221.797,2026-08-05 17:53:41,GUIDED,False,-7.9262643,112.5948807,152.08,0.0,0.0,IDLE,,
1785927221.941,2026-08-05 17:53:41,GUIDED,False,-7.926266,112.5948853,152.06,0.0,0.0,IDLE,,
1785927222.087,2026-08-05 17:53:42,GUIDED,False,-7.926266,112.5948853,152.06,0.0,0.0,IDLE,,
1785927222.233,2026-08-05 17:53:42,GUIDED,False,-7.926267,112.594889,152.07,0.0,0.0,IDLE,,
1785927222.396,2026-08-05 17:53:42,GUIDED,False,-7.9262666,112.5948905,152.07,0.0,0.0,IDLE,,
1785927222.546,2026-08-05 17:53:42,GUIDED,False,-7.9262666,112.5948918,152.08,0.0,0.0,IDLE,,
1785927222.707,2026-08-05 17:53:42,GUIDED,False,-7.9262675,112.5948924,152.06,0.0,0.0,IDLE,,
1785927222.874,2026-08-05 17:53:42,GUIDED,False,-7.9262675,112.5948924,152.06,0.0,0.0,IDLE,466,146
1785927223.022,2026-08-05 17:53:43,GUIDED,False,-7.9262693,112.5948912,152.05,0.0,0.0,IDLE,,
1785927223.170,2026-08-05 17:53:43,GUIDED,False,-7.9262693,112.5948912,152.04,0.0,0.0,IDLE,,
1785927223.308,2026-08-05 17:53:43,GUIDED,False,-7.926271,112.5948979,152.06,0.0,0.0,IDLE,,
1785927223.450,2026-08-05 17:53:43,GUIDED,False,-7.926271,112.5948979,152.06,0.0,0.0,IDLE,,
1785927223.617,2026-08-05 17:53:43,GUIDED,False,-7.9262714,112.594904,152.05,0.0,0.0,IDLE,,
1785927223.767,2026-08-05 17:53:43,GUIDED,False,-7.9262723,112.5949093,152.06,0.0,0.0,IDLE,,
1785927223.905,2026-08-05 17:53:43,GUIDED,False,-7.926273,112.5949108,152.05,0.0,0.0,IDLE,,
1785927224.050,2026-08-05 17:53:44,GUIDED,False,-7.926273,112.5949108,152.04,0.0,0.0,IDLE,,
1785927224.196,2026-08-05 17:53:44,GUIDED,False,-7.926273,112.5949108,152.04,0.0,0.0,IDLE,,
1785927224.339,2026-08-05 17:53:44,GUIDED,False,-7.9262734,112.5949144,152.02,0.0,0.0,IDLE,,
1785927224.480,2026-08-05 17:53:44,GUIDED,False,-7.9262734,112.5949144,152.02,0.0,0.0,IDLE,,
1785927224.622,2026-08-05 17:53:44,GUIDED,False,-7.9262731,112.5949117,152.0,0.0,0.0,IDLE,,
1785927224.780,2026-08-05 17:53:44,GUIDED,False,-7.9262733,112.5949136,152.02,0.0,0.0,IDLE,,
1785927224.919,2026-08-05 17:53:44,GUIDED,False,-7.9262722,112.5949141,152.0,0.0,0.0,IDLE,,
1785927225.072,2026-08-05 17:53:45,GUIDED,False,-7.9262722,112.5949141,151.99,0.0,0.0,IDLE,,
1785927225.247,2026-08-05 17:53:45,GUIDED,False,-7.9262704,112.5949116,151.98,0.0,0.0,IDLE,,
1785927225.397,2026-08-05 17:53:45,GUIDED,False,-7.926269,112.5949103,151.99,0.0,0.0,IDLE,,
1785927225.548,2026-08-05 17:53:45,GUIDED,False,-7.9262681,112.5949136,151.97,0.0,0.0,IDLE,,
1785927225.763,2026-08-05 17:53:45,GUIDED,False,-7.9262667,112.5949163,151.98,0.0,0.0,IDLE,,
1785927225.958,2026-08-05 17:53:45,GUIDED,False,-7.926265,112.5949185,151.97,0.0,0.0,IDLE,,
1785927226.170,2026-08-05 17:53:46,GUIDED,False,-7.926265,112.5949185,151.97,0.0,0.0,IDLE,,
1785927226.326,2026-08-05 17:53:46,GUIDED,False,-7.926265,112.5949286,151.96,0.0,0.0,IDLE,,
1785927226.487,2026-08-05 17:53:46,GUIDED,False,-7.926265,112.5949286,151.95,0.0,0.0,IDLE,,
1785927226.672,2026-08-05 17:53:46,GUIDED,False,-7.9262642,112.5949307,151.95,0.0,0.0,IDLE,,
1785927226.863,2026-08-05 17:53:46,GUIDED,False,-7.9262627,112.5949326,151.94,0.0,0.0,IDLE,,
1785927227.073,2026-08-05 17:53:47,GUIDED,False,-7.9262616,112.594935,151.94,0.0,0.0,IDLE,,
1785927227.247,2026-08-05 17:53:47,GUIDED,False,-7.9262611,112.5949377,151.94,0.0,0.0,IDLE,,
1785927227.419,2026-08-05 17:53:47,GUIDED,False,-7.92626,112.5949402,151.92,0.0,0.0,IDLE,,
1785927227.568,2026-08-05 17:53:47,GUIDED,False,-7.926258,112.5949417,151.93,0.0,0.0,IDLE,,
1785927227.709,2026-08-05 17:53:47,GUIDED,False,-7.9262558,112.5949406,151.92,0.0,0.0,IDLE,,
1785927227.855,2026-08-05 17:53:47,GUIDED,False,-7.9262558,112.5949406,151.92,0.0,0.0,IDLE,,
1785927227.999,2026-08-05 17:53:47,GUIDED,False,-7.9262548,112.5949446,151.9,0.0,0.0,IDLE,,
1785927228.149,2026-08-05 17:53:48,GUIDED,False,-7.9262548,112.5949446,151.91,0.0,0.0,IDLE,,
1785927228.304,2026-08-05 17:53:48,GUIDED,False,-7.9262518,112.5949497,151.93,0.0,0.0,IDLE,,
1785927228.471,2026-08-05 17:53:48,GUIDED,False,-7.9262518,112.5949497,151.92,0.0,0.0,IDLE,,
1785927228.692,2026-08-05 17:53:48,GUIDED,False,-7.9262501,112.5949527,151.93,0.0,0.0,IDLE,,
1785927228.865,2026-08-05 17:53:48,GUIDED,False,-7.9262505,112.5949553,151.92,0.0,0.0,IDLE,,
1785927229.039,2026-08-05 17:53:49,GUIDED,False,-7.9262497,112.5949598,151.9,0.0,0.0,IDLE,,
1785927229.236,2026-08-05 17:53:49,GUIDED,False,-7.9262485,112.5949662,151.9,0.0,0.0,IDLE,,
1785927229.382,2026-08-05 17:53:49,GUIDED,False,-7.9262472,112.5949735,151.89,0.0,0.0,IDLE,,
1785927229.526,2026-08-05 17:53:49,GUIDED,False,-7.926247,112.594975,151.88,0.0,0.0,IDLE,,
1785927229.671,2026-08-05 17:53:49,GUIDED,False,-7.926247,112.594975,151.86,0.0,0.0,IDLE,,
1785927229.819,2026-08-05 17:53:49,GUIDED,False,-7.9262472,112.5949747,151.87,0.0,0.0,IDLE,,
1785927229.996,2026-08-05 17:53:49,GUIDED,False,-7.926248,112.5949732,151.85,0.0,0.0,IDLE,,
1785927230.156,2026-08-05 17:53:50,GUIDED,False,-7.926248,112.5949732,151.84,0.0,0.0,IDLE,,
1785927230.304,2026-08-05 17:53:50,GUIDED,False,-7.9262479,112.5949776,151.84,0.0,0.0,IDLE,,
1785927230.451,2026-08-05 17:53:50,GUIDED,False,-7.9262479,112.5949776,151.83,0.0,0.0,IDLE,,
1785927230.591,2026-08-05 17:53:50,GUIDED,False,-7.9262482,112.5949821,151.84,0.0,0.0,IDLE,,
1785927230.735,2026-08-05 17:53:50,GUIDED,False,-7.9262487,112.5949868,151.84,0.0,0.0,IDLE,,
1785927230.878,2026-08-05 17:53:50,GUIDED,False,-7.9262487,112.5949868,151.84,0.0,0.0,IDLE,,
1785927231.031,2026-08-05 17:53:51,GUIDED,False,-7.9262493,112.5949883,151.84,0.0,0.0,IDLE,,
1785927231.171,2026-08-05 17:53:51,GUIDED,False,-7.9262493,112.5949883,151.85,0.0,0.0,IDLE,,
1785927231.307,2026-08-05 17:53:51,GUIDED,False,-7.9262518,112.5949893,151.84,0.0,0.0,IDLE,,
1785927231.450,2026-08-05 17:53:51,GUIDED,False,-7.9262518,112.5949893,151.85,0.0,0.0,IDLE,,
1785927231.591,2026-08-05 17:53:51,GUIDED,False,-7.9262519,112.5949892,151.87,0.0,0.0,IDLE,,
1785927231.736,2026-08-05 17:53:51,GUIDED,False,-7.9262518,112.5949855,151.87,0.0,0.0,IDLE,,
1785927231.874,2026-08-05 17:53:51,GUIDED,False,-7.9262518,112.5949855,151.88,0.0,0.0,IDLE,,
1785927232.019,2026-08-05 17:53:52,GUIDED,False,-7.9262526,112.5949843,151.89,0.0,0.0,IDLE,,
1785927232.167,2026-08-05 17:53:52,GUIDED,False,-7.9262526,112.5949843,151.9,0.0,0.0,IDLE,,
1785927232.310,2026-08-05 17:53:52,GUIDED,False,-7.9262539,112.5949784,151.89,0.0,0.0,IDLE,,
1785927232.461,2026-08-05 17:53:52,GUIDED,False,-7.9262539,112.5949784,151.9,0.0,0.0,IDLE,,
1785927232.612,2026-08-05 17:53:52,GUIDED,True,-7.9262551,112.5949726,151.9,0.0,0.0,IDLE,,
1785927232.771,2026-08-05 17:53:52,GUIDED,True,-7.9262551,112.5949702,151.91,0.0,0.0,IDLE,,
1785927232.932,2026-08-05 17:53:52,GUIDED,True,-7.9262552,112.5949644,151.92,0.0,0.0,IDLE,,
1785927233.080,2026-08-05 17:53:53,GUIDED,True,-7.9262552,112.5949644,151.93,0.0,0.0,IDLE,,
1785927233.221,2026-08-05 17:53:53,GUIDED,True,-7.926256,112.5949595,151.95,0.0,0.0,IDLE,,
1785927233.360,2026-08-05 17:53:53,GUIDED,True,-7.9262565,112.5949547,151.97,0.0,0.0,IDLE,,
1785927233.500,2026-08-05 17:53:53,GUIDED,True,-7.9262565,112.5949547,151.97,0.0,0.0,IDLE,,
1785927233.645,2026-08-05 17:53:53,GUIDED,True,-7.9262579,112.5949531,151.99,0.0,0.0,IDLE,,
1785927233.791,2026-08-05 17:53:53,GUIDED,True,-7.9262585,112.5949533,152.0,0.0,0.0,IDLE,,
1785927233.942,2026-08-05 17:53:53,GUIDED,True,-7.9262606,112.5949508,152.0,0.0,0.0,IDLE,,
1785927234.085,2026-08-05 17:53:54,GUIDED,True,-7.9262606,112.5949508,152.01,0.0,0.0,IDLE,,
1785927234.230,2026-08-05 17:53:54,GUIDED,True,-7.9262622,112.5949453,151.98,0.0,0.0,IDLE,,
1785927234.374,2026-08-05 17:53:54,GUIDED,True,-7.9262635,112.594943,151.98,0.0,0.0,IDLE,,
1785927234.509,2026-08-05 17:53:54,GUIDED,True,-7.9262643,112.5949408,151.98,0.0,0.0,IDLE,,
1785927234.654,2026-08-05 17:53:54,GUIDED,True,-7.9262643,112.5949408,151.97,0.0,0.0,IDLE,,
1785927234.800,2026-08-05 17:53:54,GUIDED,True,-7.9262642,112.5949416,151.96,0.0,0.0,IDLE,,
1785927234.946,2026-08-05 17:53:54,GUIDED,True,-7.9262643,112.5949419,151.97,0.0,0.0,IDLE,,
1785927235.088,2026-08-05 17:53:55,GUIDED,True,-7.9262643,112.5949419,151.98,0.0,0.0,IDLE,,
1785927235.238,2026-08-05 17:53:55,GUIDED,True,-7.9262649,112.5949428,151.98,0.0,0.0,IDLE,,
1785927235.381,2026-08-05 17:53:55,GUIDED,True,-7.9262644,112.5949454,151.98,0.0,0.0,IDLE,,
1785927235.520,2026-08-05 17:53:55,GUIDED,True,-7.9262627,112.5949462,151.98,0.0,0.0,IDLE,,
1785927235.664,2026-08-05 17:53:55,GUIDED,True,-7.9262627,112.5949462,151.99,0.0,0.0,IDLE,,
1785927235.815,2026-08-05 17:53:55,GUIDED,True,-7.9262606,112.5949478,151.99,0.0,0.0,IDLE,,
1785927235.953,2026-08-05 17:53:55,GUIDED,True,-7.9262589,112.5949495,151.99,0.0,0.0,IDLE,,
1785927236.094,2026-08-05 17:53:56,GUIDED,True,-7.9262589,112.5949495,151.99,0.0,0.0,IDLE,,
1785927236.246,2026-08-05 17:53:56,GUIDED,True,-7.9262561,112.594949,152.0,0.0,0.0,IDLE,,
1785927236.390,2026-08-05 17:53:56,GUIDED,True,-7.9262527,112.5949482,152.0,0.0,0.0,IDLE,,
1785927236.532,2026-08-05 17:53:56,GUIDED,True,-7.9262509,112.5949478,151.99,0.0,0.0,IDLE,,
1785927236.675,2026-08-05 17:53:56,GUIDED,True,-7.9262509,112.5949478,151.99,0.0,0.0,IDLE,,
1785927236.837,2026-08-05 17:53:56,GUIDED,True,-7.9262526,112.5949514,152.01,0.0,0.0,IDLE,,
1785927236.975,2026-08-05 17:53:56,GUIDED,True,-7.9262576,112.5949508,152.0,0.0,0.0,IDLE,,
1785927237.119,2026-08-05 17:53:57,GUIDED,True,-7.9262576,112.5949508,152.01,0.0,0.0,IDLE,,
1785927237.266,2026-08-05 17:53:57,GUIDED,True,-7.9262602,112.5949465,152.0,0.0,0.0,IDLE,,
1785927237.407,2026-08-05 17:53:57,GUIDED,True,-7.9262611,112.5949435,152.01,0.0,0.0,IDLE,,
1785927237.558,2026-08-05 17:53:57,GUIDED,True,-7.9262619,112.5949445,152.03,0.0,0.0,IDLE,,
1785927237.700,2026-08-05 17:53:57,GUIDED,True,-7.9262619,112.5949445,152.03,0.0,0.0,IDLE,,
1785927237.846,2026-08-05 17:53:57,GUIDED,True,-7.9262615,112.5949503,152.04,0.0,0.0,IDLE,180,-140
1785927237.988,2026-08-05 17:53:57,GUIDED,True,-7.9262618,112.5949524,152.05,0.0,0.0,IDLE,185,-135
1785927238.134,2026-08-05 17:53:58,GUIDED,True,-7.9262618,112.5949524,152.06,0.0,0.0,IDLE,191,-129
1785927238.276,2026-08-05 17:53:58,GUIDED,True,-7.926261,112.5949476,152.07,0.0,0.0,IDLE,197,-123
1785927238.420,2026-08-05 17:53:58,GUIDED,True,-7.9262611,112.5949476,152.08,0.0,0.0,IDLE,198,-122
1785927238.571,2026-08-05 17:53:58,GUIDED,True,-7.9262599,112.5949511,152.08,0.0,0.0,IDLE,199,-121
1785927238.725,2026-08-05 17:53:58,GUIDED,True,-7.9262615,112.5949537,152.08,0.0,0.0,IDLE,198,-122
1785927238.870,2026-08-05 17:53:58,GUIDED,True,-7.9262615,112.5949537,152.09,0.0,0.0,IDLE,199,-121
1785927239.014,2026-08-05 17:53:59,GUIDED,True,-7.9262615,112.5949493,152.09,0.0,0.0,IDLE,196,-124
1785927239.154,2026-08-05 17:53:59,GUIDED,True,-7.9262615,112.5949493,152.09,0.0,0.0,IDLE,196,-124
1785927239.297,2026-08-05 17:53:59,GUIDED,True,-7.9262619,112.5949457,152.09,0.0,0.0,IDLE,199,-121
1785927239.436,2026-08-05 17:53:59,GUIDED,True,-7.9262627,112.5949471,152.09,0.0,0.0,IDLE,199,-121
1785927239.578,2026-08-05 17:53:59,GUIDED,True,-7.9262627,112.5949483,152.09,0.0,0.0,IDLE,201,-119
1785927239.716,2026-08-05 17:53:59,GUIDED,True,-7.9262635,112.5949516,152.11,0.0,0.0,IDLE,209,-111
1785927239.861,2026-08-05 17:53:59,GUIDED,True,-7.9262635,112.5949516,152.12,0.0,0.0,IDLE,293,-27
1785927240.005,2026-08-05 17:54:00,GUIDED,True,-7.9262648,112.5949555,152.11,0.0,0.0,IDLE,285,-35
1785927240.157,2026-08-05 17:54:00,GUIDED,True,-7.9262648,112.5949555,152.12,0.0,0.0,IDLE,278,-42
1785927240.298,2026-08-05 17:54:00,GUIDED,True,-7.9262656,112.5949605,152.14,0.0,0.0,IDLE,272,-48
1785927240.436,2026-08-05 17:54:00,GUIDED,True,-7.9262654,112.5949612,152.18,0.0,0.0,IDLE,267,-53
1785927240.577,2026-08-05 17:54:00,GUIDED,True,-7.926265,112.5949635,152.19,0.0,0.0,IDLE,263,-57
1785927240.722,2026-08-05 17:54:00,GUIDED,True,-7.9262657,112.5949675,152.19,0.0,0.0,IDLE,255,-65
1785927240.870,2026-08-05 17:54:00,GUIDED,True,-7.9262657,112.5949675,152.2,0.0,0.0,IDLE,248,-72
1785927241.014,2026-08-05 17:54:01,GUIDED,True,-7.9262676,112.594971,152.19,0.0,0.0,IDLE,242,-78
1785927241.158,2026-08-05 17:54:01,GUIDED,True,-7.9262676,112.594971,152.19,0.0,0.0,IDLE,235,-85
1785927241.303,2026-08-05 17:54:01,GUIDED,True,-7.9262659,112.5949706,152.2,0.0,0.0,IDLE,246,-74
1785927241.442,2026-08-05 17:54:01,GUIDED,True,-7.9262659,112.5949706,152.19,0.0,0.0,IDLE,270,-50
1785927241.586,2026-08-05 17:54:01,GUIDED,True,-7.9262618,112.5949704,152.2,0.0,0.0,IDLE,302,-18
1785927241.734,2026-08-05 17:54:01,GUIDED,True,-7.9262592,112.5949747,152.2,0.0,0.0,IDLE,335,15
1785927241.876,2026-08-05 17:54:01,GUIDED,True,-7.9262592,112.5949747,152.2,0.0,0.0,IDLE,364,44
1785927242.013,2026-08-05 17:54:02,GUIDED,True,-7.9262587,112.5949799,152.22,0.0,0.0,IDLE,381,61
1785927242.158,2026-08-05 17:54:02,GUIDED,True,-7.9262587,112.5949799,152.24,0.0,0.0,IDLE,391,71
1785927242.449,2026-08-05 17:54:02,GUIDED,True,-7.9262612,112.5949835,152.24,0.0,0.0,IDLE,394,74
1785927242.607,2026-08-05 17:54:02,GUIDED,True,-7.9262602,112.5949848,152.24,0.0,0.0,IDLE,387,67
1785927242.761,2026-08-05 17:54:02,GUIDED,True,-7.9262588,112.5949825,152.25,0.0,0.0,IDLE,383,63
1785927242.902,2026-08-05 17:54:02,GUIDED,True,-7.9262567,112.5949813,152.26,0.0,0.0,IDLE,373,53
1785927243.040,2026-08-05 17:54:03,GUIDED,True,-7.9262567,112.5949813,152.27,0.0,0.0,IDLE,361,41
1785927243.187,2026-08-05 17:54:03,GUIDED,True,-7.9262567,112.5949813,152.27,0.0,0.0,IDLE,340,20
1785927243.325,2026-08-05 17:54:03,GUIDED,True,-7.9262549,112.5949769,152.24,0.0,0.0,IDLE,308,-12
1785927243.467,2026-08-05 17:54:03,GUIDED,True,-7.9262549,112.5949769,152.23,0.0,0.0,IDLE,275,-45
1785927243.604,2026-08-05 17:54:03,GUIDED,True,-7.9262566,112.5949747,152.23,0.0,0.0,IDLE,247,-73
1785927243.748,2026-08-05 17:54:03,GUIDED,True,-7.9262558,112.5949719,152.23,0.0,0.0,IDLE,232,-88
1785927243.905,2026-08-05 17:54:03,GUIDED,True,-7.9262534,112.5949679,152.23,0.0,0.0,IDLE,227,-93
1785927244.049,2026-08-05 17:54:04,GUIDED,True,-7.9262534,112.5949679,152.23,0.0,0.0,IDLE,229,-91
1785927244.192,2026-08-05 17:54:04,GUIDED,True,-7.9262534,112.5949679,152.22,0.0,0.0,IDLE,163,-157
1785927244.336,2026-08-05 17:54:04,GUIDED,True,-7.9262488,112.5949605,152.22,0.0,0.0,IDLE,,
1785927244.478,2026-08-05 17:54:04,GUIDED,True,-7.9262488,112.5949605,152.21,0.0,0.0,IDLE,,
1785927244.622,2026-08-05 17:54:04,GUIDED,True,-7.9262478,112.5949565,152.19,0.0,0.0,IDLE,,
1785927244.770,2026-08-05 17:54:04,GUIDED,True,-7.9262475,112.5949546,152.2,0.0,0.0,IDLE,,
1785927244.913,2026-08-05 17:54:04,GUIDED,True,-7.92625,112.5949593,152.22,0.0,0.0,IDLE,,
1785927245.056,2026-08-05 17:54:05,GUIDED,True,-7.92625,112.5949593,152.22,0.0,0.0,IDLE,,
1785927245.213,2026-08-05 17:54:05,GUIDED,True,-7.92625,112.5949593,152.23,0.0,0.0,IDLE,,
1785927245.353,2026-08-05 17:54:05,GUIDED,True,-7.9262548,112.5949655,152.25,0.0,0.0,IDLE,,
1785927245.491,2026-08-05 17:54:05,GUIDED,True,-7.9262548,112.5949655,152.25,0.0,0.0,IDLE,,
1785927245.636,2026-08-05 17:54:05,GUIDED,True,-7.9262564,112.5949652,152.22,0.0,0.0,IDLE,,
1785927245.784,2026-08-05 17:54:05,GUIDED,True,-7.9262568,112.5949653,152.22,0.0,0.0,IDLE,,
1785927245.924,2026-08-05 17:54:05,GUIDED,True,-7.926258,112.5949643,152.22,0.0,0.0,IDLE,,
1785927246.092,2026-08-05 17:54:06,GUIDED,True,-7.926258,112.5949643,152.23,0.0,0.0,IDLE,,
1785927246.237,2026-08-05 17:54:06,GUIDED,True,-7.9262613,112.5949652,152.22,0.0,0.0,IDLE,,
1785927246.382,2026-08-05 17:54:06,GUIDED,True,-7.9262617,112.5949673,152.22,0.0,0.0,IDLE,,
1785927246.521,2026-08-05 17:54:06,GUIDED,True,-7.9262614,112.5949723,152.22,0.0,0.0,IDLE,,
1785927246.684,2026-08-05 17:54:06,GUIDED,False,-7.9262614,112.5949723,152.22,0.0,0.0,IDLE,,
1785927246.871,2026-08-05 17:54:06,GUIDED,False,-7.9262621,112.5949765,152.23,0.0,0.0,IDLE,,
1785927247.028,2026-08-05 17:54:07,GUIDED,False,-7.926263,112.5949742,152.24,0.0,0.0,IDLE,,
1785927247.191,2026-08-05 17:54:07,GUIDED,False,-7.926263,112.5949742,152.24,0.0,0.0,IDLE,,
1785927247.341,2026-08-05 17:54:07,GUIDED,False,-7.9262609,112.5949685,152.21,0.0,0.0,IDLE,469,149
1785927247.494,2026-08-05 17:54:07,GUIDED,False,-7.9262609,112.5949685,152.2,0.0,0.0,IDLE,470,150
1785927247.638,2026-08-05 17:54:07,GUIDED,False,-7.9262599,112.5949664,152.2,0.0,0.0,IDLE,471,151
1785927247.876,2026-08-05 17:54:07,GUIDED,False,-7.9262613,112.5949644,152.2,0.0,0.0,IDLE,,
1785927248.032,2026-08-05 17:54:08,GUIDED,False,-7.9262642,112.5949635,152.22,0.0,0.0,IDLE,,
1785927248.181,2026-08-05 17:54:08,GUIDED,False,-7.9262642,112.5949635,152.25,0.0,0.0,IDLE,,
1785927248.325,2026-08-05 17:54:08,GUIDED,False,-7.9262642,112.5949571,152.25,0.0,0.0,IDLE,,
1785927248.467,2026-08-05 17:54:08,GUIDED,False,-7.9262642,112.5949571,152.26,0.0,0.0,IDLE,,
1785927248.614,2026-08-05 17:54:08,GUIDED,False,-7.9262639,112.5949573,152.26,0.0,0.0,IDLE,,
1785927248.761,2026-08-05 17:54:08,GUIDED,False,-7.926266,112.5949577,152.23,0.0,0.0,IDLE,,
1785927248.920,2026-08-05 17:54:08,GUIDED,False,-7.9262674,112.5949565,152.23,0.0,0.0,IDLE,,
1785927249.064,2026-08-05 17:54:09,GUIDED,False,-7.9262674,112.5949565,152.22,0.0,0.0,IDLE,,
1785927249.223,2026-08-05 17:54:09,GUIDED,False,-7.9262686,112.5949555,152.2,0.0,0.0,IDLE,,
1785927249.372,2026-08-05 17:54:09,GUIDED,False,-7.9262697,112.5949551,152.2,0.0,0.0,IDLE,,
1785927249.515,2026-08-05 17:54:09,GUIDED,False,-7.9262706,112.5949591,152.2,0.0,0.0,IDLE,,
1785927249.674,2026-08-05 17:54:09,GUIDED,False,-7.9262706,112.5949591,152.2,0.0,0.0,IDLE,,
1785927249.817,2026-08-05 17:54:09,GUIDED,False,-7.9262691,112.5949553,152.2,0.0,0.0,IDLE,,
1785927249.964,2026-08-05 17:54:09,GUIDED,False,-7.9262685,112.5949535,152.2,0.0,0.0,IDLE,,
1785927250.120,2026-08-05 17:54:10,GUIDED,False,-7.9262685,112.5949535,152.2,0.0,0.0,IDLE,,
1785927250.286,2026-08-05 17:54:10,GUIDED,False,-7.9262672,112.5949496,152.2,0.0,0.0,IDLE,,
1785927250.425,2026-08-05 17:54:10,GUIDED,False,-7.9262664,112.5949508,152.2,0.0,0.0,IDLE,,
1785927250.604,2026-08-05 17:54:10,GUIDED,False,-7.9262672,112.5949572,152.21,0.0,0.0,IDLE,,
1785927250.761,2026-08-05 17:54:10,GUIDED,False,-7.9262651,112.5949586,152.22,0.0,0.0,IDLE,,
1785927250.928,2026-08-05 17:54:10,GUIDED,False,-7.9262637,112.5949618,152.22,0.0,0.0,IDLE,,
1785927251.091,2026-08-05 17:54:11,GUIDED,False,-7.9262637,112.5949618,152.23,0.0,0.0,IDLE,,
1785927251.257,2026-08-05 17:54:11,GUIDED,False,-7.9262633,112.594964,152.21,0.0,0.0,IDLE,,
1785927251.404,2026-08-05 17:54:11,GUIDED,False,-7.9262636,112.5949645,152.21,0.0,0.0,IDLE,,
1785927251.553,2026-08-05 17:54:11,GUIDED,False,-7.9262645,112.5949646,152.19,0.0,0.0,START,,
1785927251.700,2026-08-05 17:54:11,GUIDED,True,-7.9262645,112.5949646,152.2,0.0,0.0,START,,
1785927251.855,2026-08-05 17:54:11,GUIDED,True,-7.9262665,112.5949699,152.2,0.0,0.0,START,,
1785927252.009,2026-08-05 17:54:12,GUIDED,True,-7.9262682,112.5949749,152.2,0.0,0.0,START,,
1785927252.145,2026-08-05 17:54:12,GUIDED,True,-7.9262682,112.5949749,152.19,0.0,0.0,START,,
1785927252.278,2026-08-05 17:54:12,GUIDED,True,-7.9262693,112.5949788,152.19,0.0,0.0,START,,
1785927252.415,2026-08-05 17:54:12,GUIDED,True,-7.9262706,112.5949835,152.18,0.0,0.0,START,,
1785927252.553,2026-08-05 17:54:12,GUIDED,True,-7.926271,112.5949871,152.18,0.0,0.0,START,,
1785927252.698,2026-08-05 17:54:12,GUIDED,True,-7.926271,112.5949871,152.18,0.0,0.0,START,,
1785927252.890,2026-08-05 17:54:12,GUIDED,True,-7.9262692,112.5949855,152.2,0.0,0.0,START,,
1785927253.032,2026-08-05 17:54:13,GUIDED,True,-7.9262663,112.5949897,152.21,0.0,0.0,START,,
1785927253.185,2026-08-05 17:54:13,GUIDED,True,-7.9262663,112.5949897,152.21,0.0,0.0,START,,
1785927253.338,2026-08-05 17:54:13,GUIDED,True,-7.9262638,112.5949905,152.21,0.0,0.0,START,,
1785927253.484,2026-08-05 17:54:13,GUIDED,True,-7.9262638,112.5949905,152.22,0.0,0.0,START,,
1785927253.628,2026-08-05 17:54:13,GUIDED,True,-7.9262639,112.5949934,152.23,0.0,0.0,START,,
1785927253.784,2026-08-05 17:54:13,GUIDED,True,-7.9262632,112.5949896,152.24,0.0,0.0,START,,
1785927253.933,2026-08-05 17:54:13,GUIDED,True,-7.9262628,112.5949868,152.23,0.0,0.0,START,,
1785927254.076,2026-08-05 17:54:14,GUIDED,True,-7.9262628,112.5949868,152.23,0.0,0.0,START,,
1785927254.224,2026-08-05 17:54:14,GUIDED,True,-7.9262624,112.5949826,152.25,0.0,0.0,START,,
1785927254.366,2026-08-05 17:54:14,GUIDED,True,-7.9262625,112.5949807,152.25,0.0,0.0,START,,
1785927254.510,2026-08-05 17:54:14,GUIDED,True,-7.9262606,112.5949777,152.25,0.0,0.0,START,366,46
1785927254.662,2026-08-05 17:54:14,GUIDED,True,-7.9262606,112.5949777,152.25,0.0,0.0,TRACKING_BUOY,288,-32
1785927254.840,2026-08-05 17:54:14,GUIDED,True,-7.9262585,112.5949729,152.24,0.0,0.0,TRACKING_BUOY,289,-31
1785927254.992,2026-08-05 17:54:14,GUIDED,True,-7.926257,112.5949648,152.24,0.0,0.0,TRACKING_BUOY,287,-33
1785927255.141,2026-08-05 17:54:15,GUIDED,True,-7.926257,112.5949648,152.23,0.0,0.0,TRACKING_BUOY,284,-36
1785927255.287,2026-08-05 17:54:15,GUIDED,True,-7.9262555,112.5949589,152.23,0.0,0.0,TRACKING_BUOY,282,-38
1785927255.429,2026-08-05 17:54:15,GUIDED,True,-7.9262558,112.5949557,152.22,0.0,0.0,TRACKING_BUOY,284,-36
1785927255.581,2026-08-05 17:54:15,GUIDED,True,-7.9262547,112.5949505,152.23,0.0,0.0,TRACKING_BUOY,286,-34
1785927255.727,2026-08-05 17:54:15,GUIDED,True,-7.9262542,112.5949482,152.23,0.0,0.0,TRACKING_BUOY,288,-32
1785927255.867,2026-08-05 17:54:15,GUIDED,True,-7.9262542,112.5949482,152.25,0.0,0.0,TRACKING_BUOY,289,-31
1785927256.005,2026-08-05 17:54:16,GUIDED,True,-7.926253,112.5949474,152.26,0.0,0.0,TRACKING_BUOY,289,-31
1785927256.154,2026-08-05 17:54:16,GUIDED,True,-7.926253,112.5949474,152.27,0.0,0.0,TRACKING_BUOY,290,-30
1785927256.294,2026-08-05 17:54:16,GUIDED,True,-7.92625,112.5949438,152.28,0.0,0.0,TRACKING_BUOY,291,-29
1785927256.442,2026-08-05 17:54:16,GUIDED,True,-7.9262471,112.5949367,152.29,0.0,0.0,TRACKING_BUOY,297,-23
1785927256.590,2026-08-05 17:54:16,GUIDED,True,-7.9262466,112.5949327,152.29,0.0,0.0,TRACKING_BUOY,305,-15
1785927256.733,2026-08-05 17:54:16,GUIDED,True,-7.9262458,112.5949312,152.28,0.0,0.0,TRACKING_BUOY,318,-2
1785927256.878,2026-08-05 17:54:16,GUIDED,True,-7.9262458,112.5949312,152.28,0.0,0.0,TRACKING_BUOY,337,17
1785927257.022,2026-08-05 17:54:17,GUIDED,True,-7.9262457,112.5949359,152.27,0.0,0.0,TRACKING_BUOY,347,27
1785927257.186,2026-08-05 17:54:17,GUIDED,True,-7.9262457,112.5949359,152.27,0.0,0.0,TRACKING_BUOY,355,35
1785927257.326,2026-08-05 17:54:17,GUIDED,True,-7.9262472,112.5949365,152.26,0.0,0.0,TRACKING_BUOY,358,38
1785927257.465,2026-08-05 17:54:17,GUIDED,True,-7.9262472,112.5949365,152.27,0.0,0.0,TRACKING_BUOY,358,38
1785927257.607,2026-08-05 17:54:17,GUIDED,True,-7.9262467,112.5949352,152.27,0.0,0.0,TRACKING_BUOY,359,39
1785927257.759,2026-08-05 17:54:17,GUIDED,True,-7.9262471,112.5949375,152.28,0.0,0.0,TRACKING_BUOY,353,33
1785927257.924,2026-08-05 17:54:17,GUIDED,True,-7.9262457,112.5949342,152.26,0.0,0.0,TRACKING_BUOY,273,-47
1785927258.065,2026-08-05 17:54:18,GUIDED,True,-7.9262457,112.5949342,152.26,0.0,0.0,TRACKING_BUOY,313,-7
1785927258.206,2026-08-05 17:54:18,GUIDED,True,-7.9262457,112.5949342,152.26,0.0,0.0,TRACKING_BUOY,291,-29
1785927258.348,2026-08-05 17:54:18,GUIDED,True,-7.9262504,112.5949317,152.24,0.0,0.0,TRACKING_BUOY,280,-40
1785927258.485,2026-08-05 17:54:18,GUIDED,True,-7.9262504,112.5949317,152.23,0.0,0.0,TRACKING_BUOY,275,-45
1785927258.627,2026-08-05 17:54:18,GUIDED,True,-7.9262517,112.5949293,152.22,0.0,0.0,TRACKING_BUOY,274,-46
1785927258.770,2026-08-05 17:54:18,GUIDED,True,-7.9262528,112.5949303,152.23,0.0,0.0,TRACKING_BUOY,277,-43
1785927258.920,2026-08-05 17:54:18,GUIDED,True,-7.9262534,112.5949284,152.23,0.0,0.0,TRACKING_BUOY,289,-31
1785927259.060,2026-08-05 17:54:19,GUIDED,True,-7.9262534,112.5949284,152.23,0.0,0.0,TRACKING_BUOY,300,-20
1785927259.208,2026-08-05 17:54:19,GUIDED,True,-7.9262534,112.5949284,152.22,0.0,0.0,TRACKING_BUOY,315,-5
1785927259.357,2026-08-05 17:54:19,GUIDED,True,-7.9262535,112.5949196,152.22,0.0,0.0,TRACKING_BUOY,331,11
1785927259.497,2026-08-05 17:54:19,GUIDED,True,-7.9262535,112.5949196,152.21,0.0,0.0,TRACKING_BUOY,339,19
1785927259.644,2026-08-05 17:54:19,GUIDED,True,-7.9262532,112.5949154,152.23,0.0,0.0,TRACKING_BUOY,346,26
1785927259.784,2026-08-05 17:54:19,GUIDED,True,-7.926251,112.5949103,152.23,0.0,0.0,TRACKING_BUOY,348,28
1785927259.926,2026-08-05 17:54:19,GUIDED,True,-7.9262476,112.5949043,152.23,0.0,0.0,TRACKING_BUOY,350,30
1785927260.072,2026-08-05 17:54:20,GUIDED,True,-7.9262476,112.5949043,152.22,0.0,0.0,TRACKING_BUOY,354,34
1785927260.232,2026-08-05 17:54:20,GUIDED,True,-7.9262466,112.5949024,152.22,0.0,0.0,TRACKING_BUOY,340,20
1785927260.374,2026-08-05 17:54:20,GUIDED,True,-7.9262475,112.5948997,152.23,0.0,0.0,TRACKING_BUOY,321,1
1785927260.519,2026-08-05 17:54:20,GUIDED,True,-7.9262461,112.5948976,152.22,0.0,0.0,TRACKING_BUOY,310,-10
1785927260.656,2026-08-05 17:54:20,GUIDED,True,-7.9262461,112.5948976,152.2,0.0,0.0,TRACKING_BUOY,300,-20
1785927260.800,2026-08-05 17:54:20,GUIDED,True,-7.9262432,112.5948952,152.2,0.0,0.0,TRACKING_BUOY,297,-23
1785927260.938,2026-08-05 17:54:20,GUIDED,True,-7.926241,112.5948936,152.18,0.0,0.0,TRACKING_BUOY,296,-24
1785927261.079,2026-08-05 17:54:21,GUIDED,True,-7.926241,112.5948936,152.19,0.0,0.0,TRACKING_BUOY,297,-23
1785927261.224,2026-08-05 17:54:21,GUIDED,True,-7.9262383,112.5948954,152.2,0.0,0.0,TRACKING_BUOY,303,-17
1785927261.374,2026-08-05 17:54:21,GUIDED,True,-7.9262362,112.5948994,152.2,0.0,0.0,TRACKING_BUOY,313,-7
1785927261.516,2026-08-05 17:54:21,GUIDED,True,-7.9262351,112.5949009,152.19,0.0,0.0,TRACKING_BUOY,323,3
1785927261.655,2026-08-05 17:54:21,GUIDED,True,-7.9262351,112.5949009,152.18,0.0,0.0,TRACKING_BUOY,329,9
1785927261.803,2026-08-05 17:54:21,GUIDED,True,-7.9262356,112.5949071,152.19,0.0,0.0,TRACKING_BUOY,332,12
1785927261.947,2026-08-05 17:54:21,GUIDED,True,-7.9262355,112.5949085,152.22,0.0,0.0,TRACKING_BUOY,337,17
1785927262.087,2026-08-05 17:54:22,GUIDED,True,-7.9262355,112.5949085,152.21,0.0,0.0,TRACKING_BUOY,340,20
1785927262.242,2026-08-05 17:54:22,GUIDED,True,-7.926236,112.5949058,152.21,0.0,0.0,TRACKING_BUOY,341,21
1785927262.405,2026-08-05 17:54:22,GUIDED,True,-7.9262362,112.5949085,152.21,0.0,0.0,TRACKING_BUOY,341,21
1785927262.569,2026-08-05 17:54:22,GUIDED,True,-7.9262352,112.5949099,152.2,0.0,0.0,TRACKING_BUOY,336,16
1785927262.731,2026-08-05 17:54:22,GUIDED,True,-7.9262358,112.594911,152.21,0.0,0.0,TRACKING_BUOY,332,12
1785927263.006,2026-08-05 17:54:23,GUIDED,True,-7.9262367,112.5949158,152.2,0.0,0.0,TRACKING_BUOY,326,6
1785927263.173,2026-08-05 17:54:23,GUIDED,True,-7.9262367,112.5949158,152.21,0.0,0.0,TRACKING_BUOY,330,10
1785927263.334,2026-08-05 17:54:23,GUIDED,True,-7.9262403,112.5949295,152.2,0.0,0.0,TRACKING_BUOY,339,19
1785927263.474,2026-08-05 17:54:23,GUIDED,True,-7.9262403,112.5949295,152.21,0.0,0.0,TRACKING_BUOY,356,36
1785927263.615,2026-08-05 17:54:23,GUIDED,True,-7.9262389,112.5949296,152.21,0.0,0.0,TRACKING_BUOY,363,43
1785927263.754,2026-08-05 17:54:23,GUIDED,True,-7.9262374,112.5949313,152.23,0.0,0.0,TRACKING_BUOY,363,43
1785927263.897,2026-08-05 17:54:23,GUIDED,True,-7.9262374,112.5949313,152.21,0.0,0.0,TRACKING_BUOY,349,29
1785927264.042,2026-08-05 17:54:24,GUIDED,True,-7.9262359,112.5949306,152.23,0.0,0.0,TRACKING_BUOY,321,1
1785927264.193,2026-08-05 17:54:24,GUIDED,True,-7.9262359,112.5949306,152.24,0.0,0.0,TRACKING_BUOY,293,-27
1785927264.337,2026-08-05 17:54:24,GUIDED,True,-7.9262369,112.5949336,152.26,0.0,0.0,TRACKING_BUOY,259,-61
1785927264.486,2026-08-05 17:54:24,GUIDED,True,-7.9262369,112.5949336,152.25,0.0,0.0,TRACKING_BUOY,251,-69
1785927264.640,2026-08-05 17:54:24,GUIDED,True,-7.9262387,112.5949354,152.25,0.0,0.0,TRACKING_BUOY,251,-69
1785927264.786,2026-08-05 17:54:24,GUIDED,True,-7.9262409,112.5949382,152.25,0.0,0.0,TRACKING_BUOY,256,-64
1785927264.930,2026-08-05 17:54:24,GUIDED,True,-7.9262424,112.594938,152.24,0.0,0.0,TRACKING_BUOY,263,-57
1785927265.069,2026-08-05 17:54:25,GUIDED,True,-7.9262424,112.594938,152.23,0.0,0.0,TRACKING_BUOY,287,-33
1785927265.230,2026-08-05 17:54:25,GUIDED,True,-7.9262453,112.5949379,152.23,0.0,0.0,TRACKING_BUOY,307,-13
1785927265.375,2026-08-05 17:54:25,GUIDED,True,-7.926246,112.5949367,152.23,0.0,0.0,TRACKING_BUOY,323,3
1785927265.517,2026-08-05 17:54:25,GUIDED,True,-7.9262449,112.5949345,152.23,0.0,0.0,TRACKING_BUOY,334,14
1785927265.658,2026-08-05 17:54:25,GUIDED,True,-7.9262449,112.5949345,152.22,0.0,0.0,TRACKING_BUOY,341,21
1785927265.803,2026-08-05 17:54:25,GUIDED,True,-7.9262427,112.5949317,152.23,0.0,0.0,TRACKING_BUOY,350,30
1785927265.942,2026-08-05 17:54:25,GUIDED,True,-7.9262412,112.594927,152.23,0.0,0.0,TRACKING_BUOY,349,29
1785927266.083,2026-08-05 17:54:26,GUIDED,True,-7.9262412,112.594927,152.22,0.0,0.0,TRACKING_BUOY,340,20
1785927266.240,2026-08-05 17:54:26,GUIDED,True,-7.9262404,112.5949281,152.22,0.0,0.0,TRACKING_BUOY,319,-1
1785927266.379,2026-08-05 17:54:26,GUIDED,True,-7.9262392,112.594928,152.23,0.0,0.0,TRACKING_BUOY,297,-23
1785927266.519,2026-08-05 17:54:26,GUIDED,True,-7.9262385,112.5949312,152.22,0.0,0.0,TRACKING_BUOY,278,-42
1785927266.657,2026-08-05 17:54:26,GUIDED,True,-7.9262385,112.5949312,152.22,0.0,0.0,TRACKING_BUOY,264,-56
1785927266.804,2026-08-05 17:54:26,GUIDED,True,-7.9262369,112.5949261,152.21,0.0,0.0,TRACKING_BUOY,255,-65
1785927266.960,2026-08-05 17:54:26,GUIDED,True,-7.9262367,112.5949206,152.21,0.0,0.0,TRACKING_BUOY,255,-65
1785927267.097,2026-08-05 17:54:27,GUIDED,True,-7.9262367,112.5949206,152.2,0.0,0.0,TRACKING_BUOY,258,-62
1785927267.254,2026-08-05 17:54:27,GUIDED,True,-7.9262382,112.5949198,152.21,0.0,0.0,TRACKING_BUOY,269,-51
1785927267.391,2026-08-05 17:54:27,GUIDED,True,-7.9262406,112.5949205,152.2,0.0,0.0,TRACKING_BUOY,287,-33
1785927267.537,2026-08-05 17:54:27,GUIDED,True,-7.9262418,112.594922,152.21,0.0,0.0,TRACKING_BUOY,299,-21
1785927267.679,2026-08-05 17:54:27,GUIDED,True,-7.9262418,112.594922,152.2,0.0,0.0,TRACKING_BUOY,310,-10
1785927267.820,2026-08-05 17:54:27,GUIDED,True,-7.9262432,112.5949246,152.19,0.0,0.0,TRACKING_BUOY,319,-1
1785927267.966,2026-08-05 17:54:27,GUIDED,True,-7.9262454,112.5949251,152.2,0.0,0.0,TRACKING_BUOY,328,8
1785927268.136,2026-08-05 17:54:28,GUIDED,True,-7.9262454,112.5949251,152.21,0.0,0.0,TRACKING_BUOY,331,11
1785927268.280,2026-08-05 17:54:28,GUIDED,True,-7.9262486,112.5949335,152.21,0.0,0.0,TRACKING_BUOY,322,2
1785927268.419,2026-08-05 17:54:28,GUIDED,True,-7.9262493,112.594936,152.22,0.0,0.0,TRACKING_BUOY,314,-6
1785927268.559,2026-08-05 17:54:28,GUIDED,True,-7.9262492,112.5949421,152.22,0.0,0.0,TRACKING_BUOY,304,-16
1785927268.700,2026-08-05 17:54:28,GUIDED,True,-7.9262488,112.5949496,152.22,0.0,0.0,TRACKING_BUOY,292,-28
1785927268.844,2026-08-05 17:54:28,GUIDED,True,-7.9262488,112.5949496,152.22,0.0,0.0,TRACKING_BUOY,283,-37
1785927268.989,2026-08-05 17:54:28,GUIDED,True,-7.9262481,112.5949551,152.23,0.0,0.0,TRACKING_BUOY,278,-42
1785927269.127,2026-08-05 17:54:29,GUIDED,True,-7.9262481,112.5949551,152.22,0.0,0.0,TRACKING_BUOY,280,-40
1785927269.275,2026-08-05 17:54:29,GUIDED,True,-7.9262466,112.59496,152.22,0.0,0.0,TRACKING_BUOY,288,-32
1785927269.416,2026-08-05 17:54:29,GUIDED,True,-7.9262449,112.5949648,152.23,0.0,0.0,TRACKING_BUOY,297,-23
1785927269.560,2026-08-05 17:54:29,GUIDED,True,-7.926246,112.5949669,152.25,0.0,0.0,TRACKING_BUOY,307,-13
1785927269.706,2026-08-05 17:54:29,GUIDED,True,-7.9262494,112.5949753,152.24,0.0,0.0,TRACKING_BUOY,318,-2
1785927269.854,2026-08-05 17:54:29,GUIDED,True,-7.9262494,112.5949753,152.26,0.0,0.0,TRACKING_BUOY,326,6
1785927269.996,2026-08-05 17:54:29,GUIDED,True,-7.9262532,112.5949782,152.26,0.0,0.0,TRACKING_BUOY,333,13
1785927270.136,2026-08-05 17:54:30,GUIDED,True,-7.9262532,112.5949782,152.27,0.0,0.0,TRACKING_BUOY,338,18
1785927270.277,2026-08-05 17:54:30,GUIDED,True,-7.9262578,112.5949817,152.28,0.0,0.0,TRACKING_BUOY,337,17
1785927270.414,2026-08-05 17:54:30,GUIDED,True,-7.9262635,112.5949858,152.27,0.0,0.0,TRACKING_BUOY,326,6
1785927270.558,2026-08-05 17:54:30,GUIDED,True,-7.9262702,112.594992,152.28,0.0,0.0,TRACKING_BUOY,310,-10
1785927270.701,2026-08-05 17:54:30,GUIDED,True,-7.9262759,112.5949926,152.28,0.0,0.0,TRACKING_BUOY,297,-23
1785927270.848,2026-08-05 17:54:30,GUIDED,True,-7.9262759,112.5949926,152.27,0.0,0.0,TRACKING_BUOY,290,-30
1785927270.985,2026-08-05 17:54:30,GUIDED,True,-7.9262819,112.594997,152.26,0.0,0.0,TRACKING_BUOY,287,-33
1785927271.125,2026-08-05 17:54:31,GUIDED,True,-7.9262819,112.594997,152.25,0.0,0.0,TRACKING_BUOY,290,-30
1785927271.264,2026-08-05 17:54:31,GUIDED,True,-7.926285,112.5949924,152.25,0.0,0.0,TRACKING_BUOY,295,-25
1785927271.403,2026-08-05 17:54:31,GUIDED,True,-7.9262869,112.5949908,152.24,0.0,0.0,TRACKING_BUOY,297,-23
1785927271.541,2026-08-05 17:54:31,GUIDED,True,-7.9262875,112.5949856,152.24,0.0,0.0,TRACKING_BUOY,298,-22
1785927271.682,2026-08-05 17:54:31,GUIDED,True,-7.9262875,112.5949856,152.23,0.0,0.0,TRACKING_BUOY,297,-23
1785927271.823,2026-08-05 17:54:31,GUIDED,True,-7.9262898,112.5949775,152.22,0.0,0.0,TRACKING_BUOY,297,-23
1785927271.962,2026-08-05 17:54:31,GUIDED,True,-7.9262937,112.5949761,152.22,0.0,0.0,TRACKING_BUOY,297,-23
1785927272.106,2026-08-05 17:54:32,GUIDED,True,-7.9262937,112.5949761,152.24,0.0,0.0,TRACKING_BUOY,296,-24
1785927272.246,2026-08-05 17:54:32,GUIDED,True,-7.926296,112.5949759,152.25,0.0,0.0,TRACKING_BUOY,292,-28
1785927272.389,2026-08-05 17:54:32,GUIDED,True,-7.9262976,112.5949768,152.24,0.0,0.0,TRACKING_BUOY,287,-33
1785927272.530,2026-08-05 17:54:32,GUIDED,True,-7.9262992,112.5949732,152.25,0.0,0.0,TRACKING_BUOY,280,-40
1785927272.668,2026-08-05 17:54:32,GUIDED,True,-7.9262992,112.5949732,152.25,0.0,0.0,TRACKING_BUOY,286,-34
1785927272.816,2026-08-05 17:54:32,GUIDED,True,-7.9263004,112.5949659,152.24,0.0,0.0,TRACKING_BUOY,297,-23
1785927272.957,2026-08-05 17:54:32,GUIDED,True,-7.9263018,112.5949634,152.23,0.0,0.0,TRACKING_BUOY,311,-9
1785927273.108,2026-08-05 17:54:33,GUIDED,True,-7.9263018,112.5949634,152.22,0.0,0.0,TRACKING_BUOY,322,2
1785927273.261,2026-08-05 17:54:33,GUIDED,True,-7.9263027,112.5949546,152.23,0.0,0.0,TRACKING_BUOY,327,7
1785927273.401,2026-08-05 17:54:33,GUIDED,True,-7.9263034,112.5949488,152.22,0.0,0.0,TRACKING_BUOY,325,5
1785927273.543,2026-08-05 17:54:33,GUIDED,True,-7.9263027,112.5949464,152.2,0.0,0.0,TRACKING_BUOY,324,4
1785927273.686,2026-08-05 17:54:33,GUIDED,True,-7.9263027,112.5949464,152.2,0.0,0.0,TRACKING_BUOY,324,4
1785927273.828,2026-08-05 17:54:33,GUIDED,True,-7.9263009,112.5949452,152.21,0.0,0.0,TRACKING_BUOY,323,3
1785927273.969,2026-08-05 17:54:33,GUIDED,True,-7.9262981,112.5949429,152.21,0.0,0.0,TRACKING_BUOY,322,2
1785927274.128,2026-08-05 17:54:34,GUIDED,True,-7.9262981,112.5949429,152.21,0.0,0.0,TRACKING_BUOY,321,1
1785927274.271,2026-08-05 17:54:34,GUIDED,True,-7.9262946,112.5949411,152.21,0.0,0.0,TRACKING_BUOY,317,-3
1785927274.421,2026-08-05 17:54:34,GUIDED,True,-7.9262946,112.5949401,152.22,0.0,0.0,TRACKING_BUOY,315,-5
1785927274.570,2026-08-05 17:54:34,GUIDED,True,-7.9262955,112.5949385,152.22,0.0,0.0,TRACKING_BUOY,314,-6
1785927274.716,2026-08-05 17:54:34,GUIDED,True,-7.9262975,112.5949382,152.2,0.0,0.0,TRACKING_BUOY,313,-7
1785927274.860,2026-08-05 17:54:34,GUIDED,True,-7.9262975,112.5949382,152.21,0.0,0.0,TRACKING_BUOY,313,-7
1785927274.999,2026-08-05 17:54:34,GUIDED,True,-7.9262986,112.594933,152.2,0.0,0.0,TRACKING_BUOY,313,-7
1785927275.154,2026-08-05 17:54:35,GUIDED,True,-7.9262986,112.594933,152.23,0.0,0.0,TRACKING_BUOY,313,-7
1785927275.294,2026-08-05 17:54:35,GUIDED,True,-7.9262966,112.5949232,152.23,0.0,0.0,TRACKING_BUOY,314,-6
1785927275.442,2026-08-05 17:54:35,GUIDED,True,-7.9262963,112.5949199,152.24,0.0,0.0,TRACKING_BUOY,314,-6
1785927275.590,2026-08-05 17:54:35,GUIDED,True,-7.9262972,112.5949135,152.24,0.0,0.0,TRACKING_BUOY,317,-3
1785927275.731,2026-08-05 17:54:35,GUIDED,True,-7.9262971,112.5949076,152.24,0.0,0.0,TRACKING_BUOY,318,-2
1785927275.871,2026-08-05 17:54:35,GUIDED,True,-7.9262971,112.5949076,152.24,0.0,0.0,TRACKING_BUOY,320,0
1785927276.008,2026-08-05 17:54:36,GUIDED,True,-7.926295,112.5949073,152.24,0.0,0.0,TRACKING_BUOY,322,2
1785927276.163,2026-08-05 17:54:36,GUIDED,True,-7.926295,112.5949073,152.23,0.0,0.0,TRACKING_BUOY,324,4
1785927276.312,2026-08-05 17:54:36,GUIDED,True,-7.9262909,112.5948999,152.22,0.0,0.0,TRACKING_BUOY,324,4
1785927276.454,2026-08-05 17:54:36,GUIDED,True,-7.9262909,112.5948999,152.22,0.0,0.0,TRACKING_BUOY,326,6
1785927276.596,2026-08-05 17:54:36,GUIDED,True,-7.9262923,112.5949012,152.22,0.0,0.0,TRACKING_BUOY,325,5
1785927276.739,2026-08-05 17:54:36,GUIDED,True,-7.9262922,112.5948993,152.24,0.0,0.0,TRACKING_BUOY,322,2
1785927276.880,2026-08-05 17:54:36,GUIDED,True,-7.9262922,112.5948993,152.24,0.0,0.0,TRACKING_BUOY,317,-3
1785927277.037,2026-08-05 17:54:37,GUIDED,True,-7.92629,112.5948935,152.24,0.0,0.0,TRACKING_BUOY,310,-10
1785927277.188,2026-08-05 17:54:37,GUIDED,True,-7.92629,112.5948935,152.23,0.0,0.0,TRACKING_BUOY,301,-19
1785927277.334,2026-08-05 17:54:37,GUIDED,True,-7.9262853,112.59489,152.23,0.0,0.0,TRACKING_BUOY,291,-29
1785927277.473,2026-08-05 17:54:37,GUIDED,True,-7.9262853,112.59489,152.23,0.0,0.0,TRACKING_BUOY,289,-31
1785927277.619,2026-08-05 17:54:37,GUIDED,True,-7.9262837,112.5948878,152.23,0.0,0.0,TRACKING_BUOY,289,-31
1785927277.761,2026-08-05 17:54:37,GUIDED,True,-7.9262836,112.5948888,152.23,0.0,0.0,TRACKING_BUOY,291,-29
1785927277.904,2026-08-05 17:54:37,GUIDED,True,-7.9262833,112.5948874,152.24,0.0,0.0,TRACKING_BUOY,295,-25
1785927278.042,2026-08-05 17:54:38,GUIDED,True,-7.9262833,112.5948874,152.25,0.0,0.0,TRACKING_BUOY,299,-21
1785927278.190,2026-08-05 17:54:38,GUIDED,True,-7.9262833,112.5948874,152.26,0.0,0.0,TRACKING_BUOY,306,-14
1785927278.339,2026-08-05 17:54:38,GUIDED,True,-7.9262863,112.5948877,152.27,0.0,0.0,TRACKING_BUOY,311,-9
1785927278.480,2026-08-05 17:54:38,GUIDED,True,-7.9262863,112.5948877,152.26,0.0,0.0,TRACKING_BUOY,315,-5
1785927278.626,2026-08-05 17:54:38,GUIDED,True,-7.9262868,112.5948921,152.29,0.0,0.0,TRACKING_BUOY,318,-2
1785927278.772,2026-08-05 17:54:38,GUIDED,True,-7.926286,112.5948967,152.29,0.0,0.0,TRACKING_BUOY,321,1
1785927278.924,2026-08-05 17:54:38,GUIDED,True,-7.9262842,112.5948975,152.28,0.0,0.0,TRACKING_BUOY,327,7
1785927279.062,2026-08-05 17:54:39,GUIDED,True,-7.9262842,112.5948975,152.29,0.0,0.0,TRACKING_BUOY,327,7
1785927279.202,2026-08-05 17:54:39,GUIDED,True,-7.9262842,112.5948975,152.29,0.0,0.0,TRACKING_BUOY,328,8
1785927279.339,2026-08-05 17:54:39,GUIDED,True,-7.9262829,112.5949005,152.31,0.0,0.0,TRACKING_BUOY,326,6
1785927279.477,2026-08-05 17:54:39,GUIDED,True,-7.9262829,112.5949005,152.33,0.0,0.0,TRACKING_BUOY,324,4
1785927279.623,2026-08-05 17:54:39,GUIDED,True,-7.926281,112.5948966,152.31,0.0,0.0,TRACKING_BUOY,322,2
1785927279.767,2026-08-05 17:54:39,GUIDED,True,-7.9262803,112.5948904,152.32,0.0,0.0,TRACKING_BUOY,320,0
1785927279.907,2026-08-05 17:54:39,GUIDED,True,-7.9262823,112.5948931,152.31,0.0,0.0,TRACKING_BUOY,317,-3
1785927280.055,2026-08-05 17:54:40,GUIDED,True,-7.9262823,112.5948931,152.32,0.0,0.0,TRACKING_BUOY,315,-5
1785927280.217,2026-08-05 17:54:40,GUIDED,True,-7.9262823,112.5948931,152.33,0.0,0.0,TRACKING_BUOY,314,-6
1785927280.367,2026-08-05 17:54:40,GUIDED,True,-7.9262865,112.5948899,152.31,0.0,0.0,TRACKING_BUOY,311,-9
1785927280.517,2026-08-05 17:54:40,GUIDED,True,-7.9262867,112.5948883,152.31,0.0,0.0,TRACKING_BUOY,309,-11
1785927280.669,2026-08-05 17:54:40,GUIDED,True,-7.9262867,112.5948883,152.31,0.0,0.0,TRACKING_BUOY,307,-13
1785927280.810,2026-08-05 17:54:40,GUIDED,True,-7.9262863,112.5948866,152.31,0.0,0.0,TRACKING_BUOY,311,-9
1785927280.954,2026-08-05 17:54:40,GUIDED,True,-7.9262867,112.5948831,152.31,0.0,0.0,TRACKING_BUOY,313,-7
1785927281.101,2026-08-05 17:54:41,GUIDED,True,-7.9262867,112.5948831,152.32,0.0,0.0,TRACKING_BUOY,315,-5
1785927281.247,2026-08-05 17:54:41,GUIDED,True,-7.926286,112.5948809,152.32,0.0,0.0,TRACKING_BUOY,319,-1
1785927281.388,2026-08-05 17:54:41,GUIDED,True,-7.9262843,112.5948775,152.31,0.0,0.0,TRACKING_BUOY,323,3
1785927281.540,2026-08-05 17:54:41,GUIDED,True,-7.9262837,112.5948732,152.28,0.0,0.0,TRACKING_BUOY,326,6
1785927281.683,2026-08-05 17:54:41,GUIDED,True,-7.9262837,112.5948732,152.28,0.0,0.0,TRACKING_BUOY,326,6
1785927281.824,2026-08-05 17:54:41,GUIDED,True,-7.9262826,112.5948712,152.27,0.0,0.0,TRACKING_BUOY,323,3
1785927281.964,2026-08-05 17:54:41,GUIDED,True,-7.9262837,112.5948691,152.29,0.0,0.0,TRACKING_BUOY,319,-1
1785927282.104,2026-08-05 17:54:42,GUIDED,True,-7.9262837,112.5948691,152.3,0.0,0.0,TRACKING_BUOY,311,-9
1785927282.244,2026-08-05 17:54:42,GUIDED,True,-7.9262848,112.5948651,152.29,0.0,0.0,TRACKING_BUOY,293,-27
1785927282.386,2026-08-05 17:54:42,GUIDED,True,-7.9262861,112.594866,152.28,0.0,0.0,TRACKING_BUOY,279,-41
1785927282.522,2026-08-05 17:54:42,GUIDED,True,-7.9262854,112.5948661,152.28,0.0,0.0,TRACKING_BUOY,263,-57
1785927282.664,2026-08-05 17:54:42,GUIDED,True,-7.9262854,112.5948661,152.29,0.0,0.0,TRACKING_BUOY,,
1785927282.806,2026-08-05 17:54:42,GUIDED,True,-7.9262851,112.5948633,152.29,0.0,0.0,TRACKING_BUOY,,
1785927282.952,2026-08-05 17:54:42,GUIDED,True,-7.926286,112.5948646,152.3,0.0,0.0,TRACKING_BUOY,,
1785927283.094,2026-08-05 17:54:43,GUIDED,True,-7.926286,112.5948646,152.3,0.0,0.0,TRACKING_BUOY,,
1785927283.238,2026-08-05 17:54:43,GUIDED,True,-7.9262871,112.5948627,152.31,0.0,0.0,TRACKING_BUOY,,
1785927283.405,2026-08-05 17:54:43,GUIDED,True,-7.9262875,112.5948594,152.3,0.0,0.0,TRACKING_BUOY,,
1785927283.548,2026-08-05 17:54:43,GUIDED,True,-7.9262886,112.5948612,152.29,0.0,0.0,TRACKING_BUOY,,
1785927283.685,2026-08-05 17:54:43,GUIDED,True,-7.9262886,112.5948612,152.29,0.0,0.0,TRACKING_BUOY,,
1785927283.828,2026-08-05 17:54:43,GUIDED,True,-7.9262918,112.5948637,152.3,0.0,0.0,TRACKING_BUOY,,
1785927283.986,2026-08-05 17:54:43,GUIDED,True,-7.926294,112.5948633,152.31,0.0,0.0,TRACKING_BUOY,,
1785927284.124,2026-08-05 17:54:44,GUIDED,True,-7.926294,112.5948633,152.29,0.0,0.0,TRACKING_BUOY,,
1785927284.278,2026-08-05 17:54:44,GUIDED,True,-7.9262961,112.5948663,152.28,0.0,0.0,TRACKING_BUOY,,
1785927284.435,2026-08-05 17:54:44,GUIDED,True,-7.9262967,112.5948643,152.25,0.0,0.0,TRACKING_BUOY,,
1785927284.591,2026-08-05 17:54:44,GUIDED,True,-7.9262942,112.5948668,152.24,0.0,0.0,TRACKING_BUOY,,
1785927284.742,2026-08-05 17:54:44,GUIDED,True,-7.9262942,112.5948682,152.23,0.0,0.0,TRACKING_BUOY,,
1785927284.894,2026-08-05 17:54:44,GUIDED,True,-7.9262942,112.5948682,152.22,0.0,0.0,TRACKING_BUOY,,
1785927285.341,2026-08-05 17:54:45,GUIDED,True,-7.9262892,112.5948636,152.21,0.0,0.0,TRACKING_BUOY,,
1785927285.625,2026-08-05 17:54:45,GUIDED,True,-7.9262878,112.5948592,152.23,0.0,0.0,TRACKING_BUOY,,
1785927285.880,2026-08-05 17:54:45,GUIDED,True,-7.926291,112.5948622,152.21,0.0,0.0,TRACKING_BUOY,,
1785927286.039,2026-08-05 17:54:46,GUIDED,True,-7.9262948,112.5948674,152.22,0.0,0.0,TRACKING_BUOY,,
1785927286.186,2026-08-05 17:54:46,GUIDED,True,-7.9262948,112.5948674,152.22,0.0,0.0,TRACKING_BUOY,,
1785927286.327,2026-08-05 17:54:46,GUIDED,True,-7.9263017,112.5948767,152.23,0.0,0.0,TRACKING_BUOY,,
1785927286.471,2026-08-05 17:54:46,GUIDED,True,-7.9263017,112.5948767,152.24,0.0,0.0,TRACKING_BUOY,,
1785927286.615,2026-08-05 17:54:46,GUIDED,True,-7.9263025,112.5948858,152.22,0.0,0.0,TRACKING_BUOY,,
1785927286.766,2026-08-05 17:54:46,GUIDED,True,-7.9263027,112.5948883,152.21,0.0,0.0,TRACKING_BUOY,,
1785927286.901,2026-08-05 17:54:46,GUIDED,True,-7.9263041,112.5948906,152.2,0.0,0.0,TRACKING_BUOY,,
1785927287.057,2026-08-05 17:54:47,GUIDED,True,-7.9263041,112.5948906,152.19,0.0,0.0,TRACKING_BUOY,,
1785927287.202,2026-08-05 17:54:47,GUIDED,True,-7.9263041,112.5948906,152.2,0.0,0.0,TRACKING_BUOY,,
1785927287.357,2026-08-05 17:54:47,GUIDED,True,-7.9263077,112.594889,152.2,0.0,0.0,TRACKING_BUOY,,
1785927287.505,2026-08-05 17:54:47,GUIDED,True,-7.9263102,112.5948862,152.2,0.0,0.0,TRACKING_BUOY,,
1785927287.654,2026-08-05 17:54:47,GUIDED,True,-7.9263102,112.5948862,152.21,0.0,0.0,TRACKING_BUOY,,
1785927287.796,2026-08-05 17:54:47,GUIDED,True,-7.9263121,112.5948871,152.21,0.0,0.0,TRACKING_BUOY,,
1785927287.935,2026-08-05 17:54:47,GUIDED,True,-7.926311,112.5948837,152.19,0.0,0.0,TRACKING_BUOY,,
1785927288.074,2026-08-05 17:54:48,GUIDED,True,-7.926311,112.5948837,152.2,0.0,0.0,TRACKING_BUOY,,
1785927288.220,2026-08-05 17:54:48,GUIDED,True,-7.9263112,112.5948914,152.2,0.0,0.0,TRACKING_BUOY,,
1785927288.357,2026-08-05 17:54:48,GUIDED,True,-7.9263112,112.5948881,152.2,0.0,0.0,TRACKING_BUOY,,
1785927288.521,2026-08-05 17:54:48,GUIDED,True,-7.9263107,112.5948847,152.19,0.0,0.0,TRACKING_BUOY,,
1785927288.662,2026-08-05 17:54:48,GUIDED,True,-7.9263107,112.5948847,152.18,0.0,0.0,TRACKING_BUOY,,
1785927288.809,2026-08-05 17:54:48,GUIDED,True,-7.9263084,112.5948862,152.17,0.0,0.0,TRACKING_BUOY,,
1785927288.953,2026-08-05 17:54:48,GUIDED,True,-7.9263064,112.5948881,152.16,0.0,0.0,TRACKING_BUOY,,
1785927289.093,2026-08-05 17:54:49,GUIDED,True,-7.9263064,112.5948881,152.15,0.0,0.0,TRACKING_BUOY,,
1785927289.236,2026-08-05 17:54:49,GUIDED,True,-7.9263039,112.5948914,152.14,0.0,0.0,TRACKING_BUOY,,
1785927289.374,2026-08-05 17:54:49,GUIDED,True,-7.9263034,112.5948988,152.15,0.0,0.0,TRACKING_BUOY,,
1785927289.513,2026-08-05 17:54:49,GUIDED,True,-7.9263006,112.5949017,152.15,0.0,0.0,TRACKING_BUOY,,
1785927289.655,2026-08-05 17:54:49,GUIDED,True,-7.9263006,112.5949017,152.13,0.0,0.0,TRACKING_BUOY,,
1785927289.802,2026-08-05 17:54:49,GUIDED,True,-7.9262984,112.5949094,152.14,0.0,0.0,TRACKING_BUOY,,
1785927289.967,2026-08-05 17:54:49,GUIDED,True,-7.9262989,112.5949068,152.12,0.0,0.0,TRACKING_BUOY,,
1785927290.124,2026-08-05 17:54:50,GUIDED,True,-7.9262989,112.5949068,152.14,0.0,0.0,TRACKING_BUOY,,
1785927290.295,2026-08-05 17:54:50,GUIDED,True,-7.9262994,112.5949057,152.14,0.0,0.0,TRACKING_BUOY,,
1785927290.432,2026-08-05 17:54:50,GUIDED,True,-7.9262971,112.5948977,152.14,0.0,0.0,TRACKING_BUOY,,
1785927290.572,2026-08-05 17:54:50,GUIDED,True,-7.9262926,112.5948863,152.14,0.0,0.0,TRACKING_BUOY,,
1785927290.711,2026-08-05 17:54:50,GUIDED,True,-7.9262896,112.5948785,152.14,0.0,0.0,TRACKING_BUOY,,
1785927290.852,2026-08-05 17:54:50,GUIDED,True,-7.9262896,112.5948785,152.13,0.0,0.0,TRACKING_BUOY,,
1785927290.993,2026-08-05 17:54:50,GUIDED,True,-7.9262869,112.594886,152.13,0.0,0.0,TRACKING_BUOY,,
1785927291.140,2026-08-05 17:54:51,GUIDED,True,-7.9262869,112.594886,152.12,0.0,0.0,TRACKING_BUOY,,
1785927291.286,2026-08-05 17:54:51,GUIDED,True,-7.9262864,112.5948835,152.13,0.0,0.0,TRACKING_BUOY,,
1785927291.432,2026-08-05 17:54:51,GUIDED,True,-7.9262869,112.5948826,152.12,0.0,0.0,TRACKING_BUOY,,
1785927291.573,2026-08-05 17:54:51,GUIDED,True,-7.9262881,112.5948833,152.13,0.0,0.0,TRACKING_BUOY,,
1785927291.711,2026-08-05 17:54:51,GUIDED,True,-7.9262879,112.5948824,152.14,0.0,0.0,TRACKING_BUOY,,
1785927291.859,2026-08-05 17:54:51,GUIDED,True,-7.9262879,112.5948824,152.16,0.0,0.0,TRACKING_BUOY,,
1785927292.002,2026-08-05 17:54:52,GUIDED,True,-7.9262861,112.5948776,152.16,0.0,0.0,TRACKING_BUOY,,
1785927292.143,2026-08-05 17:54:52,GUIDED,True,-7.9262861,112.5948776,152.16,0.0,0.0,TRACKING_BUOY,,
1785927292.286,2026-08-05 17:54:52,GUIDED,True,-7.9262845,112.594873,152.16,0.0,0.0,TRACKING_BUOY,,
1785927292.428,2026-08-05 17:54:52,GUIDED,True,-7.9262833,112.5948766,152.15,0.0,0.0,TRACKING_BUOY,,
1785927292.564,2026-08-05 17:54:52,GUIDED,True,-7.9262831,112.5948778,152.16,0.0,0.0,TRACKING_BUOY,,
1785927292.701,2026-08-05 17:54:52,GUIDED,True,-7.926284,112.5948801,152.18,0.0,0.0,TRACKING_BUOY,,
1785927292.837,2026-08-05 17:54:52,GUIDED,True,-7.926284,112.5948801,152.18,0.0,0.0,TRACKING_BUOY,,
1785927292.977,2026-08-05 17:54:52,GUIDED,True,-7.9262856,112.5948779,152.17,0.0,0.0,TRACKING_BUOY,,
1785927293.115,2026-08-05 17:54:53,GUIDED,True,-7.9262856,112.5948779,152.16,0.0,0.0,TRACKING_BUOY,,
1785927293.255,2026-08-05 17:54:53,GUIDED,True,-7.9262865,112.5948782,152.16,0.0,0.0,TRACKING_BUOY,,
1785927293.403,2026-08-05 17:54:53,GUIDED,True,-7.9262849,112.5948849,152.15,0.0,0.0,TRACKING_BUOY,,
1785927293.572,2026-08-05 17:54:53,GUIDED,True,-7.926283,112.5948817,152.14,0.0,0.0,TRACKING_BUOY,,
1785927293.716,2026-08-05 17:54:53,GUIDED,True,-7.9262795,112.5948838,152.15,0.0,0.0,TRACKING_BUOY,298,-22
1785927293.865,2026-08-05 17:54:53,GUIDED,True,-7.9262795,112.5948838,152.16,0.0,0.0,TRACKING_BUOY,292,-28
1785927294.004,2026-08-05 17:54:54,GUIDED,True,-7.9262767,112.5948892,152.16,0.0,0.0,TRACKING_BUOY,290,-30
1785927294.151,2026-08-05 17:54:54,GUIDED,True,-7.9262767,112.5948892,152.16,0.0,0.0,TRACKING_BUOY,288,-32
1785927294.304,2026-08-05 17:54:54,GUIDED,True,-7.9262716,112.5948825,152.14,0.0,0.0,TRACKING_BUOY,284,-36
1785927294.451,2026-08-05 17:54:54,GUIDED,True,-7.9262716,112.5948825,152.15,0.0,0.0,TRACKING_BUOY,281,-39
1785927294.591,2026-08-05 17:54:54,GUIDED,True,-7.9262712,112.5948848,152.15,0.0,0.0,TRACKING_BUOY,282,-38
1785927294.738,2026-08-05 17:54:54,GUIDED,True,-7.92627,112.5948896,152.13,0.0,0.0,TRACKING_BUOY,281,-39
1785927294.886,2026-08-05 17:54:54,GUIDED,True,-7.92627,112.5948896,152.13,0.0,0.0,TRACKING_BUOY,283,-37
1785927295.030,2026-08-05 17:54:55,GUIDED,True,-7.9262671,112.5948951,152.12,0.0,0.0,TRACKING_BUOY,292,-28
1785927295.182,2026-08-05 17:54:55,GUIDED,True,-7.9262671,112.5948951,152.11,0.0,0.0,TRACKING_BUOY,308,-12
1785927295.319,2026-08-05 17:54:55,GUIDED,True,-7.9262611,112.5948935,152.12,0.0,0.0,TRACKING_BUOY,320,0
1785927295.459,2026-08-05 17:54:55,GUIDED,True,-7.9262611,112.5948935,152.12,0.0,0.0,TRACKING_BUOY,333,13
1785927295.605,2026-08-05 17:54:55,GUIDED,True,-7.9262589,112.5948865,152.12,0.0,0.0,TRACKING_BUOY,338,18
1785927295.752,2026-08-05 17:54:55,GUIDED,True,-7.9262578,112.5948844,152.12,0.0,0.0,TRACKING_BUOY,346,26
1785927295.895,2026-08-05 17:54:55,GUIDED,True,-7.9262578,112.5948844,152.12,0.0,0.0,TRACKING_BUOY,350,30
1785927296.036,2026-08-05 17:54:56,GUIDED,True,-7.9262586,112.594885,152.12,0.0,0.0,TRACKING_BUOY,352,32
1785927296.189,2026-08-05 17:54:56,GUIDED,True,-7.9262586,112.594885,152.13,0.0,0.0,TRACKING_BUOY,351,31
1785927296.329,2026-08-05 17:54:56,GUIDED,True,-7.9262589,112.5948843,152.13,0.0,0.0,TRACKING_BUOY,349,29
1785927296.505,2026-08-05 17:54:56,GUIDED,True,-7.9262597,112.5948803,152.14,0.0,0.0,TRACKING_BUOY,344,24
1785927296.670,2026-08-05 17:54:56,GUIDED,True,-7.9262597,112.5948803,152.13,0.0,0.0,TRACKING_BUOY,335,15
1785927296.839,2026-08-05 17:54:56,GUIDED,True,-7.9262603,112.5948774,152.13,0.0,0.0,TRACKING_BUOY,327,7
1785927297.061,2026-08-05 17:54:57,GUIDED,True,-7.9262602,112.5948735,152.13,0.0,0.0,TRACKING_BUOY,313,-7
1785927297.212,2026-08-05 17:54:57,GUIDED,True,-7.9262602,112.5948735,152.14,0.0,0.0,TRACKING_BUOY,298,-22
1785927297.369,2026-08-05 17:54:57,GUIDED,True,-7.9262601,112.5948722,152.15,0.0,0.0,TRACKING_BUOY,288,-32
1785927297.516,2026-08-05 17:54:57,GUIDED,True,-7.9262597,112.5948678,152.16,0.0,0.0,TRACKING_BUOY,277,-43
1785927297.656,2026-08-05 17:54:57,GUIDED,True,-7.9262597,112.5948678,152.15,0.0,0.0,TRACKING_BUOY,273,-47
1785927297.806,2026-08-05 17:54:57,GUIDED,True,-7.9262573,112.5948585,152.15,0.0,0.0,TRACKING_BUOY,269,-51
1785927297.952,2026-08-05 17:54:57,GUIDED,True,-7.9262564,112.5948608,152.13,0.0,0.0,TRACKING_BUOY,264,-56
1785927298.091,2026-08-05 17:54:58,GUIDED,True,-7.9262564,112.5948608,152.13,0.0,0.0,TRACKING_BUOY,259,-61
1785927298.234,2026-08-05 17:54:58,GUIDED,True,-7.9262562,112.5948639,152.13,0.0,0.0,TRACKING_BUOY,259,-61
1785927298.379,2026-08-05 17:54:58,GUIDED,True,-7.9262546,112.5948557,152.15,0.0,0.0,TRACKING_BUOY,258,-62
1785927298.520,2026-08-05 17:54:58,GUIDED,True,-7.9262536,112.5948459,152.15,0.0,0.0,TRACKING_BUOY,260,-60
1785927298.682,2026-08-05 17:54:58,GUIDED,True,-7.9262536,112.5948459,152.15,0.0,0.0,TRACKING_BUOY,262,-58
1785927298.821,2026-08-05 17:54:58,GUIDED,True,-7.926254,112.5948447,152.15,0.0,0.0,TRACKING_BUOY,269,-51
1785927298.965,2026-08-05 17:54:58,GUIDED,True,-7.9262538,112.594847,152.14,0.0,0.0,TRACKING_BUOY,283,-37
1785927299.119,2026-08-05 17:54:59,GUIDED,True,-7.9262538,112.594847,152.15,0.0,0.0,TRACKING_BUOY,295,-25
1785927299.256,2026-08-05 17:54:59,GUIDED,True,-7.9262534,112.5948489,152.16,0.0,0.0,TRACKING_BUOY,309,-11
1785927299.400,2026-08-05 17:54:59,GUIDED,True,-7.9262526,112.5948455,152.16,0.0,0.0,TRACKING_BUOY,323,3
1785927299.539,2026-08-05 17:54:59,GUIDED,True,-7.9262524,112.5948435,152.16,0.0,0.0,TRACKING_BUOY,333,13
1785927299.684,2026-08-05 17:54:59,GUIDED,True,-7.9262524,112.5948435,152.17,0.0,0.0,TRACKING_BUOY,341,21
1785927299.835,2026-08-05 17:54:59,GUIDED,True,-7.9262515,112.5948402,152.18,0.0,0.0,TRACKING_BUOY,345,25
1785927299.979,2026-08-05 17:54:59,GUIDED,True,-7.9262491,112.5948368,152.19,0.0,0.0,TRACKING_BUOY,347,27
1785927300.125,2026-08-05 17:55:00,GUIDED,True,-7.9262491,112.5948368,152.18,0.0,0.0,TRACKING_BUOY,348,28
1785927300.274,2026-08-05 17:55:00,GUIDED,True,-7.9262486,112.5948405,152.19,0.0,0.0,TRACKING_BUOY,349,29
1785927300.416,2026-08-05 17:55:00,GUIDED,True,-7.9262473,112.5948409,152.19,0.0,0.0,TRACKING_BUOY,350,30
1785927300.560,2026-08-05 17:55:00,GUIDED,True,-7.9262461,112.5948398,152.18,0.0,0.0,TRACKING_BUOY,351,31
1785927300.699,2026-08-05 17:55:00,GUIDED,True,-7.9262449,112.5948418,152.17,0.0,0.0,TRACKING_BUOY,351,31
1785927300.842,2026-08-05 17:55:00,GUIDED,True,-7.9262449,112.5948418,152.17,0.0,0.0,TRACKING_BUOY,349,29
1785927300.983,2026-08-05 17:55:00,GUIDED,True,-7.9262419,112.5948385,152.17,0.0,0.0,TRACKING_BUOY,347,27
1785927301.126,2026-08-05 17:55:01,GUIDED,True,-7.9262419,112.5948385,152.16,0.0,0.0,TRACKING_BUOY,346,26
1785927301.273,2026-08-05 17:55:01,GUIDED,True,-7.9262371,112.5948369,152.16,0.0,0.0,TRACKING_BUOY,344,24
1785927301.420,2026-08-05 17:55:01,GUIDED,True,-7.9262336,112.5948322,152.19,0.0,0.0,TRACKING_BUOY,341,21
1785927301.557,2026-08-05 17:55:01,GUIDED,True,-7.9262322,112.5948339,152.19,0.0,0.0,TRACKING_BUOY,338,18
1785927301.704,2026-08-05 17:55:01,GUIDED,True,-7.9262319,112.5948283,152.16,0.0,0.0,TRACKING_BUOY,333,13
1785927301.844,2026-08-05 17:55:01,GUIDED,True,-7.9262319,112.5948283,152.17,0.0,0.0,TRACKING_BUOY,331,11
1785927301.988,2026-08-05 17:55:01,GUIDED,True,-7.9262305,112.5948259,152.17,0.0,0.0,TRACKING_BUOY,330,10
1785927302.138,2026-08-05 17:55:02,GUIDED,True,-7.9262305,112.5948259,152.18,0.0,0.0,TRACKING_BUOY,330,10
1785927302.290,2026-08-05 17:55:02,GUIDED,True,-7.9262304,112.5948305,152.18,0.0,0.0,TRACKING_BUOY,329,9
1785927302.431,2026-08-05 17:55:02,GUIDED,True,-7.92623,112.5948304,152.19,0.0,0.0,TRACKING_BUOY,329,9
1785927302.572,2026-08-05 17:55:02,GUIDED,True,-7.9262291,112.5948321,152.19,0.0,0.0,TRACKING_BUOY,329,9
1785927302.714,2026-08-05 17:55:02,GUIDED,True,-7.9262285,112.594838,152.2,0.0,0.0,TRACKING_BUOY,328,8
1785927302.865,2026-08-05 17:55:02,GUIDED,True,-7.9262285,112.594838,152.2,0.0,0.0,TRACKING_BUOY,328,8
1785927303.005,2026-08-05 17:55:03,GUIDED,True,-7.9262276,112.5948376,152.2,0.0,0.0,TRACKING_BUOY,327,7
1785927303.148,2026-08-05 17:55:03,GUIDED,True,-7.9262276,112.5948376,152.21,0.0,0.0,TRACKING_BUOY,326,6
1785927303.287,2026-08-05 17:55:03,GUIDED,True,-7.9262288,112.5948397,152.22,0.0,0.0,TRACKING_BUOY,326,6
1785927303.426,2026-08-05 17:55:03,GUIDED,True,-7.9262303,112.5948475,152.23,0.0,0.0,TRACKING_BUOY,325,5
1785927303.572,2026-08-05 17:55:03,GUIDED,True,-7.9262294,112.5948546,152.23,0.0,0.0,TRACKING_BUOY,322,2
1785927303.737,2026-08-05 17:55:03,GUIDED,True,-7.9262279,112.5948607,152.23,0.0,0.0,TRACKING_BUOY,320,0
1785927303.886,2026-08-05 17:55:03,GUIDED,True,-7.9262279,112.5948607,152.24,0.0,0.0,TRACKING_BUOY,319,-1
1785927304.034,2026-08-05 17:55:04,GUIDED,True,-7.9262276,112.5948691,152.23,0.0,0.0,TRACKING_BUOY,320,0
1785927304.174,2026-08-05 17:55:04,GUIDED,True,-7.9262276,112.5948691,152.22,0.0,0.0,TRACKING_BUOY,322,2
1785927304.316,2026-08-05 17:55:04,GUIDED,True,-7.9262305,112.594882,152.22,0.0,0.0,TRACKING_BUOY,322,2
1785927304.455,2026-08-05 17:55:04,GUIDED,True,-7.9262305,112.594882,152.22,0.0,0.0,TRACKING_BUOY,324,4
1785927304.604,2026-08-05 17:55:04,GUIDED,True,-7.9262307,112.594879,152.23,0.0,0.0,TRACKING_BUOY,325,5
1785927304.751,2026-08-05 17:55:04,GUIDED,True,-7.9262313,112.5948814,152.23,0.0,0.0,TRACKING_BUOY,326,6
1785927304.891,2026-08-05 17:55:04,GUIDED,True,-7.9262313,112.5948814,152.22,0.0,0.0,TRACKING_BUOY,326,6
1785927305.034,2026-08-05 17:55:05,GUIDED,True,-7.9262309,112.5948772,152.22,0.0,0.0,TRACKING_BUOY,326,6
1785927305.200,2026-08-05 17:55:05,GUIDED,True,-7.9262309,112.5948772,152.21,0.0,0.0,TRACKING_BUOY,324,4
1785927305.341,2026-08-05 17:55:05,GUIDED,True,-7.9262294,112.5948761,152.19,0.0,0.0,TRACKING_BUOY,322,2
1785927305.483,2026-08-05 17:55:05,GUIDED,True,-7.9262294,112.5948761,152.2,0.0,0.0,TRACKING_BUOY,320,0
1785927305.624,2026-08-05 17:55:05,GUIDED,True,-7.9262294,112.5948812,152.2,0.0,0.0,TRACKING_BUOY,320,0
1785927305.769,2026-08-05 17:55:05,GUIDED,True,-7.9262281,112.5948762,152.21,0.0,0.0,TRACKING_BUOY,319,-1
1785927305.909,2026-08-05 17:55:05,GUIDED,True,-7.9262266,112.5948744,152.18,0.0,0.0,TRACKING_BUOY,318,-2
1785927306.059,2026-08-05 17:55:06,GUIDED,True,-7.9262266,112.5948744,152.2,0.0,0.0,TRACKING_BUOY,320,0
1785927306.207,2026-08-05 17:55:06,GUIDED,True,-7.9262266,112.5948744,152.21,0.0,0.0,TRACKING_BUOY,318,-2
1785927306.350,2026-08-05 17:55:06,GUIDED,True,-7.9262223,112.5948795,152.21,0.0,0.0,TRACKING_BUOY,316,-4
1785927306.488,2026-08-05 17:55:06,GUIDED,True,-7.9262223,112.5948795,152.2,0.0,0.0,TRACKING_BUOY,319,-1
1785927306.636,2026-08-05 17:55:06,GUIDED,True,-7.926221,112.5948786,152.19,0.0,0.0,TRACKING_BUOY,320,0
1785927306.783,2026-08-05 17:55:06,GUIDED,True,-7.9262205,112.5948722,152.19,0.0,0.0,TRACKING_BUOY,320,0
1785927306.926,2026-08-05 17:55:06,GUIDED,True,-7.9262187,112.59487,152.2,0.0,0.0,TRACKING_BUOY,320,0
1785927307.073,2026-08-05 17:55:07,GUIDED,True,-7.9262187,112.59487,152.2,0.0,0.0,TRACKING_BUOY,320,0
1785927307.230,2026-08-05 17:55:07,GUIDED,True,-7.9262148,112.5948642,152.22,0.0,0.0,TRACKING_BUOY,321,1
1785927307.396,2026-08-05 17:55:07,GUIDED,True,-7.9262113,112.5948645,152.21,0.0,0.0,TRACKING_BUOY,323,3
1785927307.537,2026-08-05 17:55:07,GUIDED,True,-7.9262087,112.594869,152.22,0.0,0.0,TRACKING_BUOY,326,6
1785927307.679,2026-08-05 17:55:07,GUIDED,True,-7.9262087,112.594869,152.22,0.0,0.0,TRACKING_BUOY,326,6
1785927307.823,2026-08-05 17:55:07,GUIDED,True,-7.9262055,112.5948729,152.21,0.0,0.0,TRACKING_BUOY,328,8
1785927307.961,2026-08-05 17:55:07,GUIDED,True,-7.9262025,112.5948725,152.2,0.0,0.0,TRACKING_BUOY,328,8
1785927308.102,2026-08-05 17:55:08,GUIDED,True,-7.9262025,112.5948725,152.18,0.0,0.0,TRACKING_BUOY,327,7
1785927308.240,2026-08-05 17:55:08,GUIDED,True,-7.926201,112.5948777,152.18,0.0,0.0,TRACKING_BUOY,326,6
1785927308.386,2026-08-05 17:55:08,GUIDED,True,-7.9261995,112.5948803,152.18,0.0,0.0,TRACKING_BUOY,324,4
1785927308.523,2026-08-05 17:55:08,GUIDED,True,-7.9261975,112.5948842,152.2,0.0,0.0,TRACKING_BUOY,323,3
1785927308.667,2026-08-05 17:55:08,GUIDED,True,-7.9261975,112.5948842,152.21,0.0,0.0,TRACKING_BUOY,320,0
1785927308.851,2026-08-05 17:55:08,GUIDED,True,-7.9261953,112.5948842,152.21,0.0,0.0,TRACKING_BUOY,319,-1
1785927308.999,2026-08-05 17:55:08,GUIDED,True,-7.9261953,112.5948923,152.21,0.0,0.0,TRACKING_BUOY,319,-1
1785927309.160,2026-08-05 17:55:09,GUIDED,True,-7.9261953,112.5948923,152.21,0.0,0.0,TRACKING_BUOY,320,0
1785927309.305,2026-08-05 17:55:09,GUIDED,True,-7.9261964,112.5949028,152.23,0.0,0.0,TRACKING_BUOY,321,1
1785927309.447,2026-08-05 17:55:09,GUIDED,True,-7.9261964,112.5949028,152.22,0.0,0.0,TRACKING_BUOY,323,3
1785927309.590,2026-08-05 17:55:09,GUIDED,True,-7.9261975,112.5949075,152.22,0.0,0.0,TRACKING_BUOY,322,2
1785927309.740,2026-08-05 17:55:09,GUIDED,True,-7.9261983,112.5949135,152.24,0.0,0.0,TRACKING_BUOY,321,1
1785927309.878,2026-08-05 17:55:09,GUIDED,True,-7.9261983,112.5949135,152.24,0.0,0.0,TRACKING_BUOY,321,1
1785927310.022,2026-08-05 17:55:10,GUIDED,True,-7.9262013,112.5949139,152.26,0.0,0.0,TRACKING_BUOY,321,1
1785927310.172,2026-08-05 17:55:10,GUIDED,True,-7.9262013,112.5949139,152.26,0.0,0.0,TRACKING_BUOY,321,1
1785927310.322,2026-08-05 17:55:10,GUIDED,True,-7.9262044,112.5949153,152.26,0.0,0.0,TRACKING_BUOY,322,2
1785927310.461,2026-08-05 17:55:10,GUIDED,True,-7.9262044,112.5949153,152.26,0.0,0.0,TRACKING_BUOY,324,4
1785927310.604,2026-08-05 17:55:10,GUIDED,True,-7.9262055,112.5949233,152.25,0.0,0.0,TRACKING_BUOY,326,6
1785927310.745,2026-08-05 17:55:10,GUIDED,True,-7.9262066,112.5949263,152.24,0.0,0.0,TRACKING_BUOY,331,11
1785927310.895,2026-08-05 17:55:10,GUIDED,True,-7.9262066,112.5949263,152.22,0.0,0.0,TRACKING_BUOY,332,12
1785927311.048,2026-08-05 17:55:11,GUIDED,True,-7.9262096,112.5949215,152.2,0.0,0.0,TRACKING_BUOY,331,11
1785927311.195,2026-08-05 17:55:11,GUIDED,True,-7.9262096,112.5949215,152.2,0.0,0.0,TRACKING_BUOY,329,9
1785927311.335,2026-08-05 17:55:11,GUIDED,True,-7.9262122,112.5949243,152.19,0.0,0.0,TRACKING_BUOY,326,6
1785927311.477,2026-08-05 17:55:11,GUIDED,True,-7.9262122,112.5949243,152.17,0.0,0.0,TRACKING_BUOY,323,3
1785927311.615,2026-08-05 17:55:11,GUIDED,True,-7.9262122,112.5949182,152.17,0.0,0.0,TRACKING_BUOY,316,-4
1785927311.758,2026-08-05 17:55:11,GUIDED,True,-7.9262118,112.5949137,152.19,0.0,0.0,TRACKING_BUOY,312,-8
1785927311.910,2026-08-05 17:55:11,GUIDED,True,-7.9262118,112.5949141,152.19,0.0,0.0,TRACKING_BUOY,310,-10
1785927312.057,2026-08-05 17:55:12,GUIDED,True,-7.9262118,112.5949141,152.2,0.0,0.0,TRACKING_BUOY,314,-6
1785927312.205,2026-08-05 17:55:12,GUIDED,True,-7.9262118,112.5949141,152.2,0.0,0.0,TRACKING_BUOY,319,-1
1785927312.343,2026-08-05 17:55:12,GUIDED,True,-7.9262121,112.5949092,152.21,0.0,0.0,TRACKING_BUOY,322,2
1785927312.479,2026-08-05 17:55:12,GUIDED,True,-7.9262121,112.5949092,152.22,0.0,0.0,TRACKING_BUOY,324,4
1785927312.627,2026-08-05 17:55:12,GUIDED,True,-7.9262123,112.5949105,152.19,0.0,0.0,TRACKING_BUOY,325,5
1785927312.769,2026-08-05 17:55:12,GUIDED,True,-7.9262123,112.5949019,152.2,0.0,0.0,TRACKING_BUOY,325,5
1785927312.910,2026-08-05 17:55:12,GUIDED,True,-7.9262102,112.5948969,152.19,0.0,0.0,TRACKING_BUOY,323,3
1785927313.055,2026-08-05 17:55:13,GUIDED,True,-7.9262102,112.5948969,152.2,0.0,0.0,TRACKING_BUOY,319,-1
1785927313.198,2026-08-05 17:55:13,GUIDED,True,-7.9262102,112.5948969,152.21,0.0,0.0,TRACKING_BUOY,312,-8
1785927313.342,2026-08-05 17:55:13,GUIDED,True,-7.9262045,112.5948909,152.23,0.0,0.0,TRACKING_BUOY,304,-16
1785927313.481,2026-08-05 17:55:13,GUIDED,True,-7.9262045,112.5948909,152.24,0.0,0.0,TRACKING_BUOY,303,-17
1785927313.624,2026-08-05 17:55:13,GUIDED,True,-7.9262036,112.5948861,152.25,0.0,0.0,TRACKING_BUOY,305,-15
1785927313.767,2026-08-05 17:55:13,GUIDED,True,-7.9262045,112.5948791,152.24,0.0,0.0,TRACKING_BUOY,311,-9
1785927313.928,2026-08-05 17:55:13,GUIDED,True,-7.9262052,112.5948752,152.26,0.0,0.0,TRACKING_BUOY,318,-2
1785927314.070,2026-08-05 17:55:14,GUIDED,True,-7.9262052,112.5948752,152.25,0.0,0.0,TRACKING_BUOY,323,3
1785927314.209,2026-08-05 17:55:14,GUIDED,True,-7.9262052,112.5948752,152.25,0.0,0.0,TRACKING_BUOY,330,10
1785927314.348,2026-08-05 17:55:14,GUIDED,True,-7.9262052,112.5948682,152.26,0.0,0.0,TRACKING_BUOY,327,7
1785927314.490,2026-08-05 17:55:14,GUIDED,True,-7.9262052,112.5948682,152.27,0.0,0.0,TRACKING_BUOY,322,2
1785927314.627,2026-08-05 17:55:14,GUIDED,True,-7.9262059,112.5948665,152.27,0.0,0.0,TRACKING_BUOY,313,-7
1785927314.770,2026-08-05 17:55:14,GUIDED,True,-7.9262068,112.5948653,152.27,0.0,0.0,TRACKING_BUOY,299,-21
1785927314.924,2026-08-05 17:55:14,GUIDED,True,-7.9262071,112.5948639,152.25,0.0,0.0,GOTO_GPS,287,-33
1785927315.073,2026-08-05 17:55:15,GUIDED,True,-7.9262071,112.5948639,152.25,0.0,0.0,GOTO_GPS,282,-38
1785927315.258,2026-08-05 17:55:15,GUIDED,True,-7.9262086,112.5948677,152.23,0.0,0.0,GOTO_GPS,286,-34
1785927315.406,2026-08-05 17:55:15,GUIDED,True,-7.9262106,112.5948687,152.23,0.0,0.0,GOTO_GPS,293,-27
1785927315.556,2026-08-05 17:55:15,GUIDED,True,-7.9262125,112.5948645,152.23,0.0,0.0,GOTO_GPS,307,-13
1785927315.708,2026-08-05 17:55:15,GUIDED,True,-7.9262161,112.5948739,152.23,0.0,0.0,GOTO_GPS,317,-3
1785927315.884,2026-08-05 17:55:15,GUIDED,True,-7.9262161,112.5948739,152.23,0.0,0.0,GOTO_GPS,317,-3
1785927316.024,2026-08-05 17:55:16,GUIDED,True,-7.9262182,112.5948778,152.22,0.0,0.0,GOTO_GPS,316,-4
1785927316.172,2026-08-05 17:55:16,GUIDED,True,-7.9262182,112.5948778,152.22,0.0,0.0,GOTO_GPS,316,-4
1785927316.320,2026-08-05 17:55:16,GUIDED,True,-7.9262227,112.5948806,152.22,0.0,0.0,GOTO_GPS,318,-2
1785927316.468,2026-08-05 17:55:16,GUIDED,True,-7.9262227,112.5948806,152.21,0.0,0.0,GOTO_GPS,320,0
1785927316.606,2026-08-05 17:55:16,GUIDED,True,-7.9262241,112.5948832,152.21,0.0,0.0,GOTO_GPS,325,5
1785927316.746,2026-08-05 17:55:16,GUIDED,True,-7.9262263,112.5948846,152.2,0.0,0.0,GOTO_GPS,328,8
1785927316.889,2026-08-05 17:55:16,GUIDED,True,-7.9262263,112.5948846,152.2,0.0,0.0,GOTO_GPS,331,11
1785927317.033,2026-08-05 17:55:17,GUIDED,True,-7.9262286,112.5948896,152.2,0.0,0.0,GOTO_GPS,333,13
1785927317.208,2026-08-05 17:55:17,GUIDED,True,-7.9262286,112.5948896,152.19,0.0,0.0,GOTO_GPS,335,15
1785927317.347,2026-08-05 17:55:17,GUIDED,True,-7.9262344,112.5948949,152.2,0.0,0.0,GOTO_GPS,336,16
1785927317.503,2026-08-05 17:55:17,GUIDED,True,-7.9262337,112.5948928,152.19,0.0,0.0,GOTO_GPS,337,17
1785927317.647,2026-08-05 17:55:17,GUIDED,True,-7.9262337,112.5948928,152.19,0.0,0.0,GOTO_GPS,337,17
1785927317.786,2026-08-05 17:55:17,GUIDED,True,-7.9262315,112.5948936,152.17,0.0,0.0,GOTO_GPS,337,17
1785927317.929,2026-08-05 17:55:17,GUIDED,True,-7.9262291,112.5948918,152.18,0.0,0.0,GOTO_GPS,338,18
1785927318.091,2026-08-05 17:55:18,GUIDED,True,-7.9262291,112.5948918,152.17,0.0,0.0,GOTO_GPS,339,19
1785927318.240,2026-08-05 17:55:18,GUIDED,True,-7.9262293,112.5948929,152.18,0.0,0.0,GOTO_GPS,341,21
1785927318.388,2026-08-05 17:55:18,GUIDED,True,-7.9262298,112.594888,152.17,0.0,0.0,GOTO_GPS,342,22
1785927318.526,2026-08-05 17:55:18,GUIDED,True,-7.9262314,112.5948905,152.18,0.0,0.0,GOTO_GPS,344,24
1785927318.667,2026-08-05 17:55:18,GUIDED,True,-7.9262314,112.5948905,152.19,0.0,0.0,GOTO_GPS,346,26
1785927318.810,2026-08-05 17:55:18,GUIDED,True,-7.9262346,112.5948908,152.19,0.0,0.0,GOTO_GPS,349,29
1785927318.978,2026-08-05 17:55:18,GUIDED,True,-7.9262358,112.5948954,152.19,0.0,0.0,GOTO_GPS,351,31
1785927319.152,2026-08-05 17:55:19,GUIDED,True,-7.9262358,112.5948954,152.2,0.0,0.0,GOTO_GPS,354,34
1785927319.296,2026-08-05 17:55:19,GUIDED,True,-7.926233,112.5948949,152.21,0.0,0.0,GOTO_GPS,356,36
1785927319.442,2026-08-05 17:55:19,GUIDED,True,-7.9262339,112.5948955,152.23,0.0,0.0,GOTO_GPS,352,32
1785927319.585,2026-08-05 17:55:19,GUIDED,True,-7.9262364,112.5949025,152.23,0.0,0.0,GOTO_GPS,342,22
1785927319.729,2026-08-05 17:55:19,GUIDED,True,-7.9262393,112.5949117,152.23,0.0,0.0,GOTO_GPS,325,5
1785927319.876,2026-08-05 17:55:19,GUIDED,True,-7.9262393,112.5949117,152.23,0.0,0.0,GOTO_GPS,291,-29
1785927320.022,2026-08-05 17:55:20,GUIDED,True,-7.9262402,112.5949082,152.23,0.0,0.0,GOTO_GPS,269,-51
1785927320.195,2026-08-05 17:55:20,GUIDED,True,-7.9262402,112.5949082,152.24,0.0,0.0,GOTO_GPS,252,-68
1785927320.338,2026-08-05 17:55:20,GUIDED,True,-7.9262439,112.5949197,152.25,0.0,0.0,GOTO_GPS,238,-82
1785927320.481,2026-08-05 17:55:20,GUIDED,True,-7.9262439,112.5949197,152.25,0.0,0.0,GOTO_GPS,242,-78
1785927320.620,2026-08-05 17:55:20,GUIDED,True,-7.9262426,112.5949166,152.24,0.0,0.0,GOTO_GPS,257,-63
1785927320.762,2026-08-05 17:55:20,GUIDED,True,-7.9262423,112.5949197,152.25,0.0,0.0,GOTO_GPS,280,-40
1785927320.909,2026-08-05 17:55:20,GUIDED,True,-7.9262438,112.5949233,152.25,0.0,0.0,GOTO_GPS,305,-15
1785927321.051,2026-08-05 17:55:21,GUIDED,True,-7.9262438,112.5949233,152.25,0.0,0.0,GOTO_GPS,329,9
1785927321.198,2026-08-05 17:55:21,GUIDED,True,-7.9262438,112.5949233,152.25,0.0,0.0,GOTO_GPS,346,26
1785927321.343,2026-08-05 17:55:21,GUIDED,True,-7.9262439,112.5949317,152.26,0.0,0.0,GOTO_GPS,361,41
1785927321.481,2026-08-05 17:55:21,GUIDED,True,-7.9262439,112.5949317,152.24,0.0,0.0,GOTO_GPS,366,46
1785927321.619,2026-08-05 17:55:21,GUIDED,True,-7.9262442,112.5949353,152.24,0.0,0.0,GOTO_GPS,365,45
1785927321.764,2026-08-05 17:55:21,GUIDED,True,-7.9262423,112.5949366,152.24,0.0,0.0,GOTO_GPS,359,39
1785927321.902,2026-08-05 17:55:21,GUIDED,True,-7.9262388,112.5949373,152.24,0.0,0.0,GOTO_GPS,348,28
1785927322.044,2026-08-05 17:55:22,GUIDED,True,-7.9262388,112.5949373,152.25,0.0,0.0,GOTO_GPS,331,11
1785927322.192,2026-08-05 17:55:22,GUIDED,True,-7.9262388,112.5949373,152.24,0.0,0.0,GOTO_GPS,310,-10
1785927322.330,2026-08-05 17:55:22,GUIDED,True,-7.9262359,112.5949335,152.25,0.0,0.0,GOTO_GPS,274,-46
1785927322.472,2026-08-05 17:55:22,GUIDED,True,-7.9262359,112.5949335,152.26,0.0,0.0,GOTO_GPS,255,-65
1785927322.610,2026-08-05 17:55:22,GUIDED,True,-7.926234,112.594931,152.24,0.0,0.0,GOTO_GPS,243,-77
1785927322.753,2026-08-05 17:55:22,GUIDED,True,-7.9262317,112.5949311,152.24,0.0,0.0,GOTO_GPS,240,-80
1785927322.907,2026-08-05 17:55:22,GUIDED,True,-7.92623,112.5949293,152.25,0.0,0.0,GOTO_GPS,250,-70
1785927323.056,2026-08-05 17:55:23,GUIDED,True,-7.92623,112.5949293,152.24,0.0,0.0,GOTO_GPS,269,-51
1785927323.203,2026-08-05 17:55:23,GUIDED,True,-7.92623,112.5949293,152.25,0.0,0.0,GOTO_GPS,309,-11
1785927323.341,2026-08-05 17:55:23,GUIDED,True,-7.9262305,112.5949414,152.23,0.0,0.0,GOTO_GPS,335,15
1785927323.486,2026-08-05 17:55:23,GUIDED,True,-7.9262305,112.5949414,152.23,0.0,0.0,GOTO_GPS,355,35
1785927323.632,2026-08-05 17:55:23,GUIDED,True,-7.9262306,112.5949444,152.23,0.0,0.0,GOTO_GPS,369,49
1785927323.774,2026-08-05 17:55:23,GUIDED,True,-7.9262295,112.5949491,152.22,0.0,0.0,GOTO_GPS,369,49
1785927323.913,2026-08-05 17:55:23,GUIDED,True,-7.9262305,112.5949542,152.22,0.0,0.0,GOTO_GPS,354,34
1785927324.086,2026-08-05 17:55:24,GUIDED,True,-7.9262305,112.5949542,152.23,0.0,0.0,GOTO_GPS,268,-52
1785927324.230,2026-08-05 17:55:24,GUIDED,True,-7.9262345,112.5949651,152.21,0.0,0.0,GOTO_GPS,,
1785927324.367,2026-08-05 17:55:24,GUIDED,True,-7.9262373,112.5949721,152.21,0.0,0.0,GOTO_GPS,,
1785927324.507,2026-08-05 17:55:24,GUIDED,True,-7.9262389,112.5949665,152.22,0.0,0.0,GOTO_GPS,,
1785927324.642,2026-08-05 17:55:24,GUIDED,True,-7.9262389,112.5949665,152.22,0.0,0.0,GOTO_GPS,,
1785927324.788,2026-08-05 17:55:24,GUIDED,True,-7.9262415,112.5949685,152.22,0.0,0.0,GOTO_GPS,,
1785927324.924,2026-08-05 17:55:24,GUIDED,True,-7.9262419,112.5949667,152.22,0.0,0.0,GOTO_GPS,,
1785927325.062,2026-08-05 17:55:25,GUIDED,True,-7.9262419,112.5949667,152.2,0.0,0.0,GOTO_GPS,,
1785927325.212,2026-08-05 17:55:25,GUIDED,True,-7.9262419,112.5949667,152.21,0.0,0.0,GOTO_GPS,,
1785927325.355,2026-08-05 17:55:25,GUIDED,True,-7.9262438,112.5949776,152.19,0.0,0.0,GOTO_GPS,,
1785927325.496,2026-08-05 17:55:25,GUIDED,True,-7.9262438,112.5949776,152.18,0.0,0.0,GOTO_GPS,,
1785927325.638,2026-08-05 17:55:25,GUIDED,True,-7.9262446,112.5949813,152.19,0.0,0.0,GOTO_GPS,,
1785927325.777,2026-08-05 17:55:25,GUIDED,True,-7.9262461,112.5949887,152.2,0.0,0.0,GOTO_GPS,,
1785927325.918,2026-08-05 17:55:25,GUIDED,True,-7.9262489,112.5949906,152.19,0.0,0.0,GOTO_GPS,,
1785927326.058,2026-08-05 17:55:26,GUIDED,True,-7.9262489,112.5949906,152.16,0.0,0.0,GOTO_GPS,,
1785927326.224,2026-08-05 17:55:26,GUIDED,True,-7.9262511,112.5949971,151.69,0.0,0.0,GOTO_GPS,,
1785927326.370,2026-08-05 17:55:26,GUIDED,True,-7.9262524,112.5949976,151.65,0.0,0.0,GOTO_GPS,,
1785927326.525,2026-08-05 17:55:26,GUIDED,True,-7.9262525,112.5950005,151.62,0.0,0.0,GOTO_GPS,,
1785927326.668,2026-08-05 17:55:26,GUIDED,True,-7.9262525,112.5950005,151.65,0.0,0.0,GOTO_GPS,,
1785927326.813,2026-08-05 17:55:26,GUIDED,True,-7.9262517,112.5950038,151.63,0.0,0.0,GOTO_GPS,,
1785927326.958,2026-08-05 17:55:26,GUIDED,True,-7.9262504,112.5950025,151.66,0.0,0.0,GOTO_GPS,,
1785927327.123,2026-08-05 17:55:27,GUIDED,True,-7.9262504,112.5950025,151.68,0.0,0.0,GOTO_GPS,,
1785927327.276,2026-08-05 17:55:27,GUIDED,True,-7.9262489,112.5950002,151.69,0.0,0.0,GOTO_GPS,,
1785927327.423,2026-08-05 17:55:27,GUIDED,True,-7.9262481,112.5949984,151.7,0.0,0.0,GOTO_GPS,,
1785927327.782,2026-08-05 17:55:27,GUIDED,True,-7.9262472,112.5950045,151.73,0.0,0.0,GOTO_GPS,,
1785927328.047,2026-08-05 17:55:28,GUIDED,True,-7.9262473,112.5950091,151.77,0.0,0.0,GOTO_GPS,,
1785927328.288,2026-08-05 17:55:28,GUIDED,True,-7.9262467,112.5950082,151.79,0.0,0.0,GOTO_GPS,,
1785927328.508,2026-08-05 17:55:28,GUIDED,True,-7.9262459,112.5950116,151.71,0.0,0.0,GOTO_GPS,,
1785927328.711,2026-08-05 17:55:28,GUIDED,True,-7.9262465,112.5950085,151.71,0.0,0.0,GOTO_GPS,,
1785927328.894,2026-08-05 17:55:28,GUIDED,True,-7.9262465,112.5950085,151.72,0.0,0.0,GOTO_GPS,,
1785927329.234,2026-08-05 17:55:29,GUIDED,True,-7.9262463,112.5950047,151.8,0.0,0.0,GOTO_GPS,,
1785927329.455,2026-08-05 17:55:29,GUIDED,True,-7.9262472,112.5950026,151.91,0.0,0.0,GOTO_GPS,,
1785927329.650,2026-08-05 17:55:29,GUIDED,True,-7.9262456,112.5950009,151.94,0.0,0.0,GOTO_GPS,,
1785927329.893,2026-08-05 17:55:29,GUIDED,True,-7.9262438,112.594999,151.83,0.0,0.0,GOTO_GPS,,
1785927330.043,2026-08-05 17:55:30,GUIDED,True,-7.9262419,112.5950041,151.75,0.0,0.0,GOTO_GPS,,
1785927330.219,2026-08-05 17:55:30,GUIDED,True,-7.926242,112.5950019,151.81,0.0,0.0,GOTO_GPS,,
1785927330.422,2026-08-05 17:55:30,GUIDED,True,-7.9262453,112.5949986,151.8,0.0,0.0,GOTO_GPS,,
1785927330.773,2026-08-05 17:55:30,GUIDED,True,-7.9262578,112.5949925,151.89,0.0,0.0,GOTO_GPS,,
1785927331.050,2026-08-05 17:55:31,GUIDED,True,-7.9262646,112.5949902,151.98,0.0,0.0,GOTO_GPS,,
1785927331.224,2026-08-05 17:55:31,GUIDED,True,-7.9262716,112.5949879,152.61,0.0,0.0,GOTO_GPS,,
1785927331.377,2026-08-05 17:55:31,GUIDED,True,-7.9262788,112.5949855,152.61,0.0,0.0,GOTO_GPS,,
1785927331.535,2026-08-05 17:55:31,GUIDED,True,-7.9262862,112.5949828,152.27,0.0,0.0,GOTO_GPS,,
1785927331.704,2026-08-05 17:55:31,GUIDED,True,-7.9262893,112.5949812,151.95,0.0,0.0,GOTO_GPS,,
1785927331.868,2026-08-05 17:55:31,GUIDED,True,-7.9262893,112.5949812,151.84,0.0,0.0,GOTO_GPS,,
1785927332.022,2026-08-05 17:55:32,GUIDED,True,-7.926288,112.5949801,151.84,0.0,0.0,GOTO_GPS,,
1785927332.186,2026-08-05 17:55:32,GUIDED,True,-7.926288,112.5949801,151.89,0.0,0.0,GOTO_GPS,,
1785927332.335,2026-08-05 17:55:32,GUIDED,True,-7.9262663,112.594918,152.01,0.0,0.0,GOTO_GPS,,
1785927332.489,2026-08-05 17:55:32,GUIDED,True,-7.9262663,112.594918,152.09,0.0,0.0,GOTO_GPS,,
1785927332.652,2026-08-05 17:55:32,GUIDED,True,-7.9262415,112.5948772,152.02,0.0,0.0,GOTO_GPS,,
1785927332.811,2026-08-05 17:55:32,GUIDED,True,-7.9262166,112.5948364,151.96,0.0,0.0,GOTO_GPS,,
1785927332.964,2026-08-05 17:55:32,GUIDED,True,-7.9262166,112.5948364,151.79,0.0,0.0,GOTO_GPS,,
1785927333.111,2026-08-05 17:55:33,GUIDED,True,-7.9262166,112.5948364,151.77,0.0,0.0,GOTO_GPS,,
1785927333.268,2026-08-05 17:55:33,GUIDED,True,-7.9262166,112.5948364,151.79,0.0,0.0,GOTO_GPS,,
1785927333.414,2026-08-05 17:55:33,GUIDED,True,-7.9262166,112.5948364,151.83,0.0,0.0,GOTO_GPS,,
1785927333.563,2026-08-05 17:55:33,GUIDED,True,-7.9262166,112.5948364,151.82,0.0,0.0,GOTO_GPS,,
1785927333.712,2026-08-05 17:55:33,GUIDED,True,-7.9262166,112.5948364,151.8,0.0,0.0,GOTO_GPS,,
1785927333.862,2026-08-05 17:55:33,GUIDED,True,-7.9262166,112.5948364,151.73,0.0,0.0,GOTO_GPS,,
1785927334.007,2026-08-05 17:55:34,GUIDED,True,-7.9262166,112.5948364,151.68,0.0,0.0,GOTO_GPS,,
1785927334.165,2026-08-05 17:55:34,GUIDED,True,-7.9262166,112.5948364,151.63,0.0,0.0,GOTO_GPS,,
1785927334.348,2026-08-05 17:55:34,GUIDED,True,-7.9262166,112.5948364,151.68,0.0,0.0,GOTO_GPS,,
1785927334.501,2026-08-05 17:55:34,GUIDED,True,-7.9262166,112.5948364,151.76,0.0,0.0,GOTO_GPS,,
1785927334.655,2026-08-05 17:55:34,GUIDED,True,-7.9262166,112.5948364,151.92,0.0,0.0,GOTO_GPS,,
1785927334.812,2026-08-05 17:55:34,GUIDED,True,-7.9262166,112.5948364,151.93,0.0,0.0,GOTO_GPS,,
1785927334.990,2026-08-05 17:55:34,GUIDED,True,-7.9262166,112.5948364,151.85,0.0,0.0,GOTO_GPS,,
1785927335.165,2026-08-05 17:55:35,GUIDED,True,-7.9262166,112.5948364,151.67,0.0,0.0,GOTO_GPS,,
1785927335.318,2026-08-05 17:55:35,GUIDED,True,-7.9262166,112.5948364,151.59,0.0,0.0,GOTO_GPS,,
1785927335.468,2026-08-05 17:55:35,GUIDED,True,-7.9262166,112.5948364,151.47,0.0,0.0,GOTO_GPS,,
1785927335.618,2026-08-05 17:55:35,GUIDED,True,-7.9262166,112.5948364,151.41,0.0,0.0,GOTO_GPS,,
1785927335.777,2026-08-05 17:55:35,GUIDED,True,-7.9262166,112.5948364,151.28,0.0,0.0,GOTO_GPS,,
1785927335.932,2026-08-05 17:55:35,GUIDED,True,-7.9262166,112.5948364,151.21,0.0,0.0,GOTO_GPS,,
1785927336.095,2026-08-05 17:55:36,GUIDED,True,-7.9262166,112.5948364,151.15,0.0,0.0,GOTO_GPS,,
1785927336.261,2026-08-05 17:55:36,GUIDED,True,-7.9262166,112.5948364,150.95,0.0,0.0,GOTO_GPS,470,150
1785927336.430,2026-08-05 17:55:36,GUIDED,True,-7.9262166,112.5948364,150.9,0.0,0.0,GOTO_GPS,467,147
1785927336.670,2026-08-05 17:55:36,GUIDED,True,-7.9262166,112.5948364,150.7,0.0,0.0,GOTO_GPS,,
1785927336.982,2026-08-05 17:55:36,GUIDED,True,-7.9262166,112.5948364,150.52,0.0,0.0,GOTO_GPS,468,148
1785927337.245,2026-08-05 17:55:37,GUIDED,True,-7.9262166,112.5948364,150.39,0.0,0.0,GOTO_GPS,,
1785927337.437,2026-08-05 17:55:37,GUIDED,True,-7.9262166,112.5948364,150.27,0.0,0.0,GOTO_GPS,,
1785927337.670,2026-08-05 17:55:37,GUIDED,True,-7.9262166,112.5948364,150.11,0.0,0.0,GOTO_GPS,,
1785927337.873,2026-08-05 17:55:37,GUIDED,True,-7.9262166,112.5948364,149.99,0.0,0.0,GOTO_GPS,,
1785927338.052,2026-08-05 17:55:38,GUIDED,True,-7.9262166,112.5948364,149.92,0.0,0.0,GOTO_GPS,,
1785927338.205,2026-08-05 17:55:38,GUIDED,True,-7.9262166,112.5948364,149.8,0.0,0.0,GOTO_GPS,,
1785927338.344,2026-08-05 17:55:38,GUIDED,True,-7.9262166,112.5948364,149.75,0.0,0.0,GOTO_GPS,,
1785927338.525,2026-08-05 17:55:38,GUIDED,True,-7.9262166,112.5948364,149.65,0.0,0.0,GOTO_GPS,,
1785927338.702,2026-08-05 17:55:38,GUIDED,True,-7.9262166,112.5948364,149.52,0.0,0.0,GOTO_GPS,,
1785927338.858,2026-08-05 17:55:38,GUIDED,True,-7.9262166,112.5948364,149.46,0.0,0.0,GOTO_GPS,,
1785927339.036,2026-08-05 17:55:39,GUIDED,True,-7.9262166,112.5948364,149.33,0.0,0.0,GOTO_GPS,,
1785927339.205,2026-08-05 17:55:39,GUIDED,True,-7.9262166,112.5948364,149.21,0.0,0.0,GOTO_GPS,,
1785927339.423,2026-08-05 17:55:39,GUIDED,True,-7.9262166,112.5948364,149.11,0.0,0.0,GOTO_GPS,,
1785927339.574,2026-08-05 17:55:39,GUIDED,True,-7.9262166,112.5948364,149.08,0.0,0.0,GOTO_GPS,,
1785927339.724,2026-08-05 17:55:39,GUIDED,True,-7.9262166,112.5948364,148.97,0.0,0.0,GOTO_GPS,,
1785927339.891,2026-08-05 17:55:39,GUIDED,True,-7.9262166,112.5948364,148.85,0.0,0.0,GOTO_GPS,,
1785927340.047,2026-08-05 17:55:40,GUIDED,True,-7.9262166,112.5948364,148.77,0.0,0.0,GOTO_GPS,,
1785927340.227,2026-08-05 17:55:40,GUIDED,True,-7.9262166,112.5948364,148.68,0.0,0.0,GOTO_GPS,,
1785927340.379,2026-08-05 17:55:40,GUIDED,True,-7.9262166,112.5948364,148.65,0.0,0.0,GOTO_GPS,,
1785927340.531,2026-08-05 17:55:40,GUIDED,True,-7.9262166,112.5948364,148.52,0.0,0.0,GOTO_GPS,,
1785927340.694,2026-08-05 17:55:40,GUIDED,True,-7.9262166,112.5948364,148.09,0.0,0.0,GOTO_GPS,,
1785927340.876,2026-08-05 17:55:40,GUIDED,True,-7.9262166,112.5948364,148.0,0.0,0.0,GOTO_GPS,,
1785927341.047,2026-08-05 17:55:41,GUIDED,True,-7.9262166,112.5948364,147.44,0.0,0.0,GOTO_GPS,,
1785927341.209,2026-08-05 17:55:41,GUIDED,True,-7.9262166,112.5948364,146.12,0.0,0.0,GOTO_GPS,,
1785927341.360,2026-08-05 17:55:41,GUIDED,True,-7.9262166,112.5948364,141.7,0.0,0.0,GOTO_GPS,,
1785927341.525,2026-08-05 17:55:41,GUIDED,True,-7.9262166,112.5948364,118.19,0.0,0.0,GOTO_GPS,,
1785927341.683,2026-08-05 17:55:41,GUIDED,True,-7.9262166,112.5948364,114.2,0.0,0.0,GOTO_GPS,,
1785927341.841,2026-08-05 17:55:41,GUIDED,True,-7.9262166,112.5948364,113.95,0.0,0.0,GOTO_GPS,,
1785927341.996,2026-08-05 17:55:41,GUIDED,True,-7.9262166,112.5948364,120.01,0.0,0.0,GOTO_GPS,,
1785927342.167,2026-08-05 17:55:42,GUIDED,True,-7.9262166,112.5948364,168.41,0.0,0.0,GOTO_GPS,,
1785927342.337,2026-08-05 17:55:42,GUIDED,True,-7.9262166,112.5948364,169.99,0.0,0.0,GOTO_GPS,,
1785927342.504,2026-08-05 17:55:42,GUIDED,True,-7.9262166,112.5948364,140.68,0.0,0.0,GOTO_GPS,,
1785927342.664,2026-08-05 17:55:42,GUIDED,True,-7.9262166,112.5948364,128.96,0.0,0.0,GOTO_GPS,,
1785927342.828,2026-08-05 17:55:42,GUIDED,True,-7.9262166,112.5948364,130.62,0.0,0.0,GOTO_GPS,,
1785927342.986,2026-08-05 17:55:42,GUIDED,True,-7.9262166,112.5948364,143.33,0.0,0.0,GOTO_GPS,,
1785927343.152,2026-08-05 17:55:43,GUIDED,True,-7.9262166,112.5948364,168.03,0.0,0.0,GOTO_GPS,,
1785927343.324,2026-08-05 17:55:43,GUIDED,True,-7.9262166,112.5948364,168.1,0.0,0.0,GOTO_GPS,,
1785927343.484,2026-08-05 17:55:43,GUIDED,True,-7.9262166,112.5948364,162.9,0.0,0.0,GOTO_GPS,,
1785927343.643,2026-08-05 17:55:43,GUIDED,True,-7.9262166,112.5948364,136.7,0.0,0.0,GOTO_GPS,,
1785927343.804,2026-08-05 17:55:43,GUIDED,True,-7.9262166,112.5948364,127.07,0.0,0.0,GOTO_GPS,,
1785927343.963,2026-08-05 17:55:43,GUIDED,True,-7.9262166,112.5948364,127.1,0.0,0.0,GOTO_GPS,,
1785927344.126,2026-08-05 17:55:44,GUIDED,True,-7.9262166,112.5948364,129.14,0.0,0.0,GOTO_GPS,,
1785927344.313,2026-08-05 17:55:44,GUIDED,True,-7.9262166,112.5948364,159.48,0.0,0.0,GOTO_GPS,,
1785927344.515,2026-08-05 17:55:44,GUIDED,True,-7.9262166,112.5948364,163.87,0.0,0.0,GOTO_GPS,,
1785927344.685,2026-08-05 17:55:44,GUIDED,True,-7.9262166,112.5948364,143.64,0.0,0.0,GOTO_GPS,,
1785927344.843,2026-08-05 17:55:44,GUIDED,True,-7.9262166,112.5948364,130.71,0.0,0.0,GOTO_GPS,,
1785927344.990,2026-08-05 17:55:44,GUIDED,True,-7.9262166,112.5948364,129.66,0.0,0.0,GOTO_GPS,,
1785927345.165,2026-08-05 17:55:45,GUIDED,True,-7.9262166,112.5948364,145.31,0.0,0.0,GOTO_GPS,,
1785927345.331,2026-08-05 17:55:45,GUIDED,True,-7.9262166,112.5948364,161.49,0.0,0.0,GOTO_GPS,,
1785927345.490,2026-08-05 17:55:45,GUIDED,True,-7.9262166,112.5948364,162.7,0.0,0.0,GOTO_GPS,,
1785927345.656,2026-08-05 17:55:45,GUIDED,True,-7.9262166,112.5948364,162.57,0.0,0.0,GOTO_GPS,,
1785927345.842,2026-08-05 17:55:45,GUIDED,True,-7.9262166,112.5948364,162.36,0.0,0.0,GOTO_GPS,,
1785927345.991,2026-08-05 17:55:45,GUIDED,True,-7.9262166,112.5948364,164.53,0.0,0.0,GOTO_GPS,,
1785927346.157,2026-08-05 17:55:46,GUIDED,True,-7.9262166,112.5948364,179.48,0.0,0.0,GOTO_GPS,,
1785927346.354,2026-08-05 17:55:46,GUIDED,True,-7.9262166,112.5948364,179.87,0.0,0.0,GOTO_GPS,,
1785927346.505,2026-08-05 17:55:46,GUIDED,True,-7.9262166,112.5948364,179.53,0.0,0.0,GOTO_GPS,,
1785927346.676,2026-08-05 17:55:46,GUIDED,True,-7.9262166,112.5948364,179.33,0.0,0.0,GOTO_GPS,,
1785927346.840,2026-08-05 17:55:46,GUIDED,True,-7.9262166,112.5948364,156.96,0.0,0.0,GOTO_GPS,,
1785927347.011,2026-08-05 17:55:47,GUIDED,True,-7.9262166,112.5948364,129.72,0.0,0.0,GOTO_GPS,,
1785927347.182,2026-08-05 17:55:47,GUIDED,True,-7.9262166,112.5948364,120.29,0.0,0.0,GOTO_GPS,,
1785927347.364,2026-08-05 17:55:47,GUIDED,True,-7.9262166,112.5948364,114.38,0.0,0.0,GOTO_GPS,,
1785927347.512,2026-08-05 17:55:47,GUIDED,True,-7.9262166,112.5948364,112.15,0.0,0.0,GOTO_GPS,,
1785927347.735,2026-08-05 17:55:47,GUIDED,True,-7.9262166,112.5948364,118.47,0.0,0.0,GOTO_GPS,,
1785927347.893,2026-08-05 17:55:47,GUIDED,True,-7.9262166,112.5948364,158.17,0.0,0.0,GOTO_GPS,,
1785927348.056,2026-08-05 17:55:48,GUIDED,True,-7.9262166,112.5948364,158.98,0.0,0.0,GOTO_GPS,,
1785927348.232,2026-08-05 17:55:48,GUIDED,True,-7.9262166,112.5948364,154.82,0.0,0.0,GOTO_GPS,,
1785927348.386,2026-08-05 17:55:48,GUIDED,True,-7.9262166,112.5948364,151.96,0.0,0.0,GOTO_GPS,,
1785927348.543,2026-08-05 17:55:48,GUIDED,True,-7.9262166,112.5948364,145.25,0.0,0.0,GOTO_GPS,,
1785927348.754,2026-08-05 17:55:48,GUIDED,True,-7.9262166,112.5948364,150.28,0.0,0.0,GOTO_GPS,,
1785927348.926,2026-08-05 17:55:48,GUIDED,True,-7.9262166,112.5948364,147.16,0.0,0.0,GOTO_GPS,,
1785927349.090,2026-08-05 17:55:49,GUIDED,True,-7.9262166,112.5948364,145.44,0.0,0.0,GOTO_GPS,,
1785927349.263,2026-08-05 17:55:49,GUIDED,True,-7.9262166,112.5948364,150.58,0.0,0.0,GOTO_GPS,,
1785927349.441,2026-08-05 17:55:49,GUIDED,True,-7.9262166,112.5948364,152.26,0.0,0.0,GOTO_GPS,,
1785927349.658,2026-08-05 17:55:49,GUIDED,True,-7.9262166,112.5948364,121.71,0.0,0.0,GOTO_GPS,,
1785927349.814,2026-08-05 17:55:49,GUIDED,True,-7.9262166,112.5948364,142.68,0.0,0.0,GOTO_GPS,,
1785927349.978,2026-08-05 17:55:49,GUIDED,True,-7.9262166,112.5948364,115.33,0.0,0.0,GOTO_GPS,,
1785927350.150,2026-08-05 17:55:50,GUIDED,True,-7.9262166,112.5948364,149.43,0.0,0.0,GOTO_GPS,,
1785927350.321,2026-08-05 17:55:50,GUIDED,True,-7.9262166,112.5948364,122.27,0.0,0.0,GOTO_GPS,,
1785927350.492,2026-08-05 17:55:50,GUIDED,True,-7.9262166,112.5948364,156.27,0.0,0.0,GOTO_GPS,,
1785927350.667,2026-08-05 17:55:50,GUIDED,True,-7.9262166,112.5948364,132.89,0.0,0.0,GOTO_GPS,,
1785927350.852,2026-08-05 17:55:50,GUIDED,True,-7.9262166,112.5948364,133.02,0.0,0.0,GOTO_GPS,,
1785927351.020,2026-08-05 17:55:51,GUIDED,True,-7.9262166,112.5948364,130.61,0.0,0.0,GOTO_GPS,,
1785927351.203,2026-08-05 17:55:51,GUIDED,True,-7.9262166,112.5948364,147.96,0.0,0.0,GOTO_GPS,,
1785927351.390,2026-08-05 17:55:51,GUIDED,True,-7.9262166,112.5948364,160.13,0.0,0.0,GOTO_GPS,,
1785927351.584,2026-08-05 17:55:51,GUIDED,True,-7.9262166,112.5948364,115.81,0.0,0.0,GOTO_GPS,,
1785927351.763,2026-08-05 17:55:51,GUIDED,True,-7.9262166,112.5948364,155.1,0.0,0.0,GOTO_GPS,,
1785927351.934,2026-08-05 17:55:51,GUIDED,True,-7.9262166,112.5948364,119.46,0.0,0.0,GOTO_GPS,,
1785927352.102,2026-08-05 17:55:52,GUIDED,True,-7.9262166,112.5948364,143.41,0.0,0.0,GOTO_GPS,,
1785927352.277,2026-08-05 17:55:52,GUIDED,True,-7.9262166,112.5948364,116.55,0.0,0.0,GOTO_GPS,,
1785927352.429,2026-08-05 17:55:52,GUIDED,True,-7.9262166,112.5948364,153.67,0.0,0.0,GOTO_GPS,,
1785927352.577,2026-08-05 17:55:52,GUIDED,True,-7.9262166,112.5948364,160.97,0.0,0.0,GOTO_GPS,,
1785927352.756,2026-08-05 17:55:52,GUIDED,True,-7.9267074,112.5952372,121.24,0.0,0.0,GOTO_GPS,,
1785927352.910,2026-08-05 17:55:52,GUIDED,True,-7.926712,112.5952337,114.98,0.0,0.0,GOTO_GPS,,
1785927353.073,2026-08-05 17:55:53,GUIDED,True,-7.9267102,112.5952318,160.89,0.0,0.0,GOTO_GPS,,
1785927353.234,2026-08-05 17:55:53,GUIDED,True,-7.926717,112.5952325,118.03,0.0,0.0,GOTO_GPS,,
1785927353.386,2026-08-05 17:55:53,GUIDED,True,-7.926717,112.5952325,115.95,0.0,0.0,GOTO_GPS,,
1785927353.542,2026-08-05 17:55:53,GUIDED,True,-7.9267202,112.595229,160.63,0.0,0.0,GOTO_GPS,,
1785927353.697,2026-08-05 17:55:53,GUIDED,True,-7.9267239,112.5952242,161.36,0.0,0.0,GOTO_GPS,,
1785927353.851,2026-08-05 17:55:53,GUIDED,True,-7.926728,112.5952258,154.43,0.0,0.0,GOTO_GPS,,
1785927354.029,2026-08-05 17:55:54,GUIDED,True,-7.9267323,112.5952226,116.71,0.0,0.0,GOTO_GPS,,
1785927354.208,2026-08-05 17:55:54,GUIDED,True,-7.9267323,112.5952226,130.45,0.0,0.0,GOTO_GPS,,
1785927354.381,2026-08-05 17:55:54,GUIDED,True,-7.9267323,112.5952226,132.99,0.0,0.0,GOTO_GPS,,
1785927354.545,2026-08-05 17:55:54,GUIDED,True,-7.9267323,112.5952226,134.13,0.0,0.0,GOTO_GPS,,
1785927354.757,2026-08-05 17:55:54,GUIDED,True,-7.9267323,112.5952226,139.6,0.0,0.0,GOTO_GPS,,
1785927354.936,2026-08-05 17:55:54,GUIDED,True,-7.926752,112.5952441,138.8,0.0,0.0,GOTO_GPS,,
1785927355.122,2026-08-05 17:55:55,GUIDED,True,-7.926755,112.5952646,138.94,0.0,0.0,GOTO_GPS,,
1785927355.313,2026-08-05 17:55:55,GUIDED,True,-7.9267579,112.5952792,139.69,0.0,0.0,GOTO_GPS,,
1785927355.471,2026-08-05 17:55:55,GUIDED,True,-7.9267568,112.595289,139.28,0.0,0.0,GOTO_GPS,,
1785927355.628,2026-08-05 17:55:55,GUIDED,True,-7.9267544,112.5953029,143.47,0.0,0.0,GOTO_GPS,,
1785927355.780,2026-08-05 17:55:55,GUIDED,True,-7.9267544,112.5953029,142.8,0.0,0.0,GOTO_GPS,,
1785927355.943,2026-08-05 17:55:55,GUIDED,True,-7.9267533,112.595313,140.75,0.0,0.0,GOTO_GPS,,
1785927356.121,2026-08-05 17:55:56,GUIDED,True,-7.9267513,112.5953219,140.68,0.0,0.0,GOTO_GPS,,
1785927356.290,2026-08-05 17:55:56,GUIDED,True,-7.926751,112.5953225,140.26,0.0,0.0,GOTO_GPS,,
1785927356.448,2026-08-05 17:55:56,GUIDED,True,-7.9267507,112.5953223,139.77,0.0,0.0,GOTO_GPS,,
1785927356.611,2026-08-05 17:55:56,GUIDED,True,-7.9267506,112.5953156,139.58,0.0,0.0,GOTO_GPS,,
1785927356.770,2026-08-05 17:55:56,GUIDED,True,-7.9267506,112.5953156,139.16,0.0,0.0,GOTO_GPS,,
1785927356.940,2026-08-05 17:55:56,GUIDED,True,-7.9267505,112.5953075,144.29,0.0,0.0,GOTO_GPS,,
1785927357.102,2026-08-05 17:55:57,GUIDED,True,-7.9267514,112.5952983,143.92,0.0,0.0,GOTO_GPS,,
1785927357.275,2026-08-05 17:55:57,GUIDED,True,-7.926751,112.5952829,144.09,0.0,0.0,GOTO_GPS,,
1785927357.463,2026-08-05 17:55:57,GUIDED,True,-7.9267508,112.5952768,144.03,0.0,0.0,GOTO_GPS,,
1785927357.651,2026-08-05 17:55:57,GUIDED,True,-7.9267498,112.5952737,138.27,0.0,0.0,GOTO_GPS,,
1785927357.836,2026-08-05 17:55:57,GUIDED,True,-7.9267494,112.5952761,133.28,0.0,0.0,GOTO_GPS,,
1785927358.053,2026-08-05 17:55:58,GUIDED,True,-7.9267473,112.5952773,133.03,0.0,0.0,GOTO_GPS,,
1785927358.225,2026-08-05 17:55:58,GUIDED,True,-7.9267473,112.5952773,133.09,0.0,0.0,GOTO_GPS,,
1785927358.408,2026-08-05 17:55:58,GUIDED,True,-7.9267473,112.5952773,133.03,0.0,0.0,GOTO_GPS,,
1785927358.579,2026-08-05 17:55:58,GUIDED,True,-7.9267473,112.5952773,133.02,0.0,0.0,GOTO_GPS,,
1785927358.738,2026-08-05 17:55:58,GUIDED,True,-7.9267473,112.5952773,143.97,0.0,0.0,GOTO_GPS,,
1785927358.911,2026-08-05 17:55:58,GUIDED,True,-7.9267473,112.5952773,169.72,0.0,0.0,GOTO_GPS,,
1785927359.074,2026-08-05 17:55:59,GUIDED,True,-7.9267473,112.5952773,142.57,0.0,0.0,GOTO_GPS,,
1785927359.247,2026-08-05 17:55:59,GUIDED,True,-7.9267473,112.5952773,124.12,0.0,0.0,GOTO_GPS,,
1785927359.449,2026-08-05 17:55:59,GUIDED,True,-7.9267473,112.5952773,124.25,0.0,0.0,GOTO_GPS,,
1785927359.622,2026-08-05 17:55:59,GUIDED,True,-7.9267473,112.5952773,124.67,0.0,0.0,GOTO_GPS,,
1785927359.849,2026-08-05 17:55:59,GUIDED,True,-7.9267473,112.5952773,125.21,0.0,0.0,GOTO_GPS,,
1785927360.030,2026-08-05 17:56:00,GUIDED,True,-7.9267473,112.5952773,169.69,0.0,0.0,GOTO_GPS,,
1785927360.246,2026-08-05 17:56:00,GUIDED,True,-7.9267473,112.5952773,122.14,0.0,0.0,GOTO_GPS,,
1785927360.428,2026-08-05 17:56:00,GUIDED,True,-7.9267491,112.595314,116.05,0.0,0.0,GOTO_GPS,,
1785927360.595,2026-08-05 17:56:00,GUIDED,True,-7.9267491,112.595314,117.15,0.0,0.0,GOTO_GPS,,
1785927360.763,2026-08-05 17:56:00,GUIDED,True,-7.9267353,112.5953165,117.27,0.0,0.0,GOTO_GPS,,
1785927360.944,2026-08-05 17:56:00,GUIDED,True,-7.9267215,112.5953124,117.56,0.0,0.0,GOTO_GPS,,
1785927361.121,2026-08-05 17:56:01,GUIDED,True,-7.9267149,112.5953028,118.88,0.0,0.0,GOTO_GPS,,
1785927361.293,2026-08-05 17:56:01,GUIDED,True,-7.926708,112.595294,119.1,0.0,0.0,GOTO_GPS,,
1785927361.454,2026-08-05 17:56:01,GUIDED,True,-7.9267007,112.5952892,120.22,0.0,0.0,GOTO_GPS,,
1785927361.606,2026-08-05 17:56:01,GUIDED,True,-7.9266943,112.5952865,120.41,0.0,0.0,GOTO_GPS,,
1785927361.779,2026-08-05 17:56:01,GUIDED,True,-7.9266943,112.5952865,120.48,0.0,0.0,GOTO_GPS,,
1785927361.960,2026-08-05 17:56:01,GUIDED,True,-7.9266898,112.5952909,120.68,0.0,0.0,GOTO_GPS,,
1785927362.135,2026-08-05 17:56:02,GUIDED,True,-7.9266852,112.595296,120.81,0.0,0.0,GOTO_GPS,,
1785927362.309,2026-08-05 17:56:02,GUIDED,True,-7.9266808,112.5953031,120.95,0.0,0.0,GOTO_GPS,,
1785927362.477,2026-08-05 17:56:02,GUIDED,True,-7.9266765,112.5952995,121.03,0.0,0.0,GOTO_GPS,,
1785927362.650,2026-08-05 17:56:02,GUIDED,True,-7.9266718,112.5952942,121.66,0.0,0.0,GOTO_GPS,,
1785927362.808,2026-08-05 17:56:02,GUIDED,True,-7.9266673,112.5952976,154.33,0.0,0.0,GOTO_GPS,,
1785927362.992,2026-08-05 17:56:02,GUIDED,True,-7.9266673,112.5952976,141.09,0.0,0.0,GOTO_GPS,,
1785927363.171,2026-08-05 17:56:03,GUIDED,True,-7.9266634,112.5952961,111.83,0.0,0.0,GOTO_GPS,,
1785927363.349,2026-08-05 17:56:03,GUIDED,True,-7.9266591,112.5952905,149.57,0.0,0.0,GOTO_GPS,,
1785927363.502,2026-08-05 17:56:03,GUIDED,True,-7.926656,112.5952927,145.69,0.0,0.0,GOTO_GPS,,
1785927363.722,2026-08-05 17:56:03,GUIDED,True,-7.926654,112.5952902,120.25,0.0,0.0,GOTO_GPS,,
1785927363.889,2026-08-05 17:56:03,GUIDED,True,-7.9266506,112.5952904,145.42,0.0,0.0,GOTO_GPS,,
1785927364.055,2026-08-05 17:56:04,GUIDED,True,-7.9266469,112.5952862,151.75,0.0,0.0,GOTO_GPS,,
1785927364.234,2026-08-05 17:56:04,GUIDED,True,-7.926643,112.5952849,151.78,0.0,0.0,GOTO_GPS,,
1785927364.412,2026-08-05 17:56:04,GUIDED,True,-7.9266392,112.5952848,151.64,0.0,0.0,GOTO_GPS,,
1785927364.587,2026-08-05 17:56:04,GUIDED,True,-7.9266392,112.5952848,151.52,0.0,0.0,GOTO_GPS,,
1785927364.757,2026-08-05 17:56:04,GUIDED,True,-7.9266349,112.5952848,151.25,0.0,0.0,GOTO_GPS,,
1785927364.978,2026-08-05 17:56:04,GUIDED,True,-7.9266301,112.5952885,150.8,0.0,0.0,GOTO_GPS,,
1785927365.193,2026-08-05 17:56:05,GUIDED,True,-7.9266301,112.5952885,150.64,0.0,0.0,GOTO_GPS,,
1785927365.360,2026-08-05 17:56:05,GUIDED,True,-7.9266292,112.5952879,150.35,0.0,0.0,GOTO_GPS,,
1785927365.542,2026-08-05 17:56:05,GUIDED,True,-7.9266277,112.5952835,148.91,0.0,0.0,GOTO_GPS,,
1785927365.705,2026-08-05 17:56:05,GUIDED,True,-7.9266267,112.5952773,145.9,0.0,0.0,GOTO_GPS,,
1785927365.905,2026-08-05 17:56:05,GUIDED,True,-7.9266254,112.5952736,145.6,0.0,0.0,GOTO_GPS,,
1785927366.239,2026-08-05 17:56:06,GUIDED,True,-7.9266194,112.5952622,149.95,0.0,0.0,GOTO_GPS,,
1785927366.746,2026-08-05 17:56:06,GUIDED,True,-7.9266137,112.5952551,149.65,0.0,0.0,GOTO_GPS,,
1785927366.916,2026-08-05 17:56:06,GUIDED,True,-7.9266114,112.5952552,149.41,0.0,0.0,GOTO_GPS,,
1785927367.095,2026-08-05 17:56:07,GUIDED,True,-7.9266096,112.5952567,149.26,0.0,0.0,GOTO_GPS,,
1785927367.303,2026-08-05 17:56:07,GUIDED,True,-7.9266062,112.5952578,148.98,0.0,0.0,GOTO_GPS,,
1785927367.506,2026-08-05 17:56:07,GUIDED,True,-7.9266029,112.5952592,148.78,0.0,0.0,GOTO_GPS,,
1785927367.677,2026-08-05 17:56:07,GUIDED,True,-7.9265983,112.5952594,148.67,0.0,0.0,GOTO_GPS,,
1785927367.860,2026-08-05 17:56:07,GUIDED,True,-7.9265932,112.5952548,148.46,0.0,0.0,GOTO_GPS,,
1785927368.045,2026-08-05 17:56:08,GUIDED,True,-7.9265891,112.595247,148.27,0.0,0.0,GOTO_GPS,,
1785927368.227,2026-08-05 17:56:08,GUIDED,True,-7.9265844,112.5952361,148.01,0.0,0.0,GOTO_GPS,,
1785927368.392,2026-08-05 17:56:08,GUIDED,True,-7.9265844,112.5952361,147.91,0.0,0.0,GOTO_GPS,,
1785927368.569,2026-08-05 17:56:08,GUIDED,True,-7.9265801,112.595231,147.64,0.0,0.0,GOTO_GPS,,
1785927368.723,2026-08-05 17:56:08,GUIDED,True,-7.9265772,112.5952301,147.43,0.0,0.0,GOTO_GPS,,
1785927368.895,2026-08-05 17:56:08,GUIDED,True,-7.9265743,112.5952282,147.24,0.0,0.0,GOTO_GPS,,
1785927369.095,2026-08-05 17:56:09,GUIDED,True,-7.9265719,112.5952315,147.03,0.0,0.0,GOTO_GPS,,
1785927369.266,2026-08-05 17:56:09,GUIDED,True,-7.926567,112.595228,146.9,0.0,0.0,GOTO_GPS,,
1785927369.427,2026-08-05 17:56:09,GUIDED,True,-7.9265631,112.5952287,146.72,0.0,0.0,GOTO_GPS,,
1785927369.591,2026-08-05 17:56:09,GUIDED,True,-7.9265631,112.5952287,146.64,0.0,0.0,GOTO_GPS,,
1785927369.760,2026-08-05 17:56:09,GUIDED,True,-7.9265598,112.595235,146.45,0.0,0.0,GOTO_GPS,,
1785927369.934,2026-08-05 17:56:09,GUIDED,True,-7.9265553,112.5952349,146.31,0.0,0.0,GOTO_GPS,,
1785927370.128,2026-08-05 17:56:10,GUIDED,True,-7.9265519,112.5952399,148.42,0.0,0.0,GOTO_GPS,,
1785927370.322,2026-08-05 17:56:10,GUIDED,True,-7.9265488,112.5952448,148.8,0.0,0.0,GOTO_GPS,,
1785927370.512,2026-08-05 17:56:10,GUIDED,True,-7.9265461,112.5952493,148.62,0.0,0.0,GOTO_GPS,,
1785927370.706,2026-08-05 17:56:10,GUIDED,True,-7.926543,112.5952502,148.47,0.0,0.0,GOTO_GPS,,
1785927370.906,2026-08-05 17:56:10,GUIDED,True,-7.9265395,112.5952519,151.79,0.0,0.0,GOTO_GPS,,
1785927371.094,2026-08-05 17:56:11,GUIDED,True,-7.9265354,112.595252,151.59,0.0,0.0,GOTO_GPS,,
1785927371.337,2026-08-05 17:56:11,GUIDED,True,-7.9265297,112.5952556,151.36,0.0,0.0,GOTO_GPS,,
1785927371.493,2026-08-05 17:56:11,GUIDED,True,-7.9265309,112.5952626,151.07,0.0,0.0,GOTO_GPS,,
1785927371.661,2026-08-05 17:56:11,GUIDED,True,-7.9265309,112.5952626,150.92,0.0,0.0,GOTO_GPS,,
1785927371.822,2026-08-05 17:56:11,GUIDED,True,-7.9265273,112.5952646,150.72,0.0,0.0,GOTO_GPS,,
1785927371.994,2026-08-05 17:56:11,GUIDED,True,-7.9265235,112.595267,150.62,0.0,0.0,GOTO_GPS,,
1785927372.165,2026-08-05 17:56:12,GUIDED,True,-7.9265196,112.5952695,150.26,0.0,0.0,GOTO_GPS,,
1785927372.335,2026-08-05 17:56:12,GUIDED,True,-7.9265196,112.5952695,149.22,0.0,0.0,GOTO_GPS,,
1785927372.529,2026-08-05 17:56:12,GUIDED,True,-7.9265119,112.5952714,146.32,0.0,0.0,GOTO_GPS,,
1785927372.709,2026-08-05 17:56:12,GUIDED,True,-7.9265055,112.5952702,143.36,0.0,0.0,GOTO_GPS,,
1785927372.881,2026-08-05 17:56:12,GUIDED,True,-7.9264987,112.5952671,133.22,0.0,0.0,GOTO_GPS,,
1785927373.029,2026-08-05 17:56:13,GUIDED,True,-7.9264924,112.5952626,125.19,0.0,0.0,GOTO_GPS,,
1785927373.213,2026-08-05 17:56:13,GUIDED,True,-7.9264853,112.5952568,112.5,0.0,0.0,GOTO_GPS,,
1785927373.380,2026-08-05 17:56:13,GUIDED,True,-7.9264853,112.5952568,111.24,0.0,0.0,GOTO_GPS,,
1785927373.533,2026-08-05 17:56:13,GUIDED,True,-7.926478,112.5952496,107.59,0.0,0.0,GOTO_GPS,,
1785927373.694,2026-08-05 17:56:13,GUIDED,True,-7.9264711,112.5952402,94.31,0.0,0.0,GOTO_GPS,,
1785927373.877,2026-08-05 17:56:13,GUIDED,True,-7.9264711,112.5952402,89.55,0.0,0.0,GOTO_GPS,,
1785927374.047,2026-08-05 17:56:14,GUIDED,True,-7.9264662,112.5952314,81.97,0.0,0.0,GOTO_GPS,,
1785927374.216,2026-08-05 17:56:14,GUIDED,True,-7.9264631,112.5952234,131.5,0.0,0.0,GOTO_GPS,,
1785927374.392,2026-08-05 17:56:14,GUIDED,True,-7.9264596,112.5952176,134.02,0.0,0.0,GOTO_GPS,,
1785927374.571,2026-08-05 17:56:14,GUIDED,True,-7.9264575,112.5952108,135.12,0.0,0.0,GOTO_GPS,,
1785927374.768,2026-08-05 17:56:14,GUIDED,True,-7.9264553,112.5952037,134.99,0.0,0.0,GOTO_GPS,,
1785927374.951,2026-08-05 17:56:14,GUIDED,True,-7.9264527,112.5952022,150.92,0.0,0.0,GOTO_GPS,,
1785927375.165,2026-08-05 17:56:15,GUIDED,True,-7.92645,112.5951982,150.61,0.0,0.0,GOTO_GPS,,
1785927375.340,2026-08-05 17:56:15,GUIDED,True,-7.9264496,112.5951919,125.95,0.0,0.0,GOTO_GPS,,
1785927375.502,2026-08-05 17:56:15,GUIDED,True,-7.9264496,112.5951919,97.55,0.0,0.0,GOTO_GPS,,
1785927375.670,2026-08-05 17:56:15,GUIDED,True,-7.9264508,112.5951795,95.84,0.0,0.0,GOTO_GPS,,
1785927375.880,2026-08-05 17:56:15,GUIDED,True,-7.9264512,112.5951778,96.26,0.0,0.0,GOTO_GPS,,
1785927376.067,2026-08-05 17:56:16,GUIDED,True,-7.9264547,112.5951787,142.93,0.0,0.0,GOTO_GPS,,
1785927376.261,2026-08-05 17:56:16,GUIDED,True,-7.9264552,112.5951746,144.88,0.0,0.0,GOTO_GPS,,
1785927376.416,2026-08-05 17:56:16,GUIDED,True,-7.9264533,112.5951683,140.93,0.0,0.0,GOTO_GPS,,
1785927376.579,2026-08-05 17:56:16,GUIDED,True,-7.9264533,112.5951683,106.74,0.0,0.0,GOTO_GPS,,
1785927376.740,2026-08-05 17:56:16,GUIDED,True,-7.9264535,112.5951652,87.96,0.0,0.0,GOTO_GPS,,
1785927376.919,2026-08-05 17:56:16,GUIDED,True,-7.9264522,112.5951655,87.89,0.0,0.0,GOTO_GPS,,
1785927377.101,2026-08-05 17:56:17,GUIDED,True,-7.9264508,112.595163,87.96,0.0,0.0,GOTO_GPS,,
1785927377.279,2026-08-05 17:56:17,GUIDED,True,-7.9264488,112.5951634,105.6,0.0,0.0,GOTO_GPS,,
1785927377.457,2026-08-05 17:56:17,GUIDED,True,-7.9264488,112.5951634,143.48,0.0,0.0,GOTO_GPS,,
1785927377.643,2026-08-05 17:56:17,GUIDED,True,-7.9264462,112.595165,144.36,0.0,0.0,GOTO_GPS,,
1785927377.842,2026-08-05 17:56:17,GUIDED,True,-7.9264445,112.5951618,143.98,0.0,0.0,GOTO_GPS,,
1785927378.012,2026-08-05 17:56:18,GUIDED,True,-7.9264422,112.5951568,126.66,0.0,0.0,GOTO_GPS,,
1785927378.176,2026-08-05 17:56:18,GUIDED,True,-7.9264405,112.5951514,125.45,0.0,0.0,GOTO_GPS,,
1785927378.354,2026-08-05 17:56:18,GUIDED,True,-7.9264405,112.5951514,126.77,0.0,0.0,GOTO_GPS,,
1785927378.524,2026-08-05 17:56:18,GUIDED,True,-7.9264364,112.5951437,126.92,0.0,0.0,GOTO_GPS,,
1785927378.679,2026-08-05 17:56:18,GUIDED,True,-7.9264346,112.5951398,127.21,0.0,0.0,GOTO_GPS,,
1785927378.910,2026-08-05 17:56:18,GUIDED,True,-7.9264311,112.5951359,128.68,0.0,0.0,GOTO_GPS,,
1785927379.104,2026-08-05 17:56:19,GUIDED,True,-7.9264283,112.5951331,128.52,0.0,0.0,GOTO_GPS,,
1785927379.287,2026-08-05 17:56:19,GUIDED,True,-7.9264243,112.5951297,129.19,0.0,0.0,GOTO_GPS,,
1785927379.460,2026-08-05 17:56:19,GUIDED,True,-7.9264183,112.5951256,130.1,0.0,0.0,GOTO_GPS,,
1785927379.676,2026-08-05 17:56:19,GUIDED,True,-7.926412,112.5951215,130.2,0.0,0.0,GOTO_GPS,,
1785927379.852,2026-08-05 17:56:19,GUIDED,True,-7.9264069,112.5951176,129.36,0.0,0.0,GOTO_GPS,,
1785927380.013,2026-08-05 17:56:20,GUIDED,True,-7.9264069,112.5951176,128.9,0.0,0.0,GOTO_GPS,,
1785927380.267,2026-08-05 17:56:20,GUIDED,True,-7.9264054,112.5951143,120.62,0.0,0.0,GOTO_GPS,,
1785927380.440,2026-08-05 17:56:20,GUIDED,True,-7.9264042,112.5951111,120.71,0.0,0.0,GOTO_GPS,,
1785927380.605,2026-08-05 17:56:20,GUIDED,True,-7.9264028,112.5950963,119.09,0.0,0.0,GOTO_GPS,,
1785927380.771,2026-08-05 17:56:20,GUIDED,True,-7.9264028,112.5950963,119.22,0.0,0.0,GOTO_GPS,,
1785927380.950,2026-08-05 17:56:20,GUIDED,True,-7.9264028,112.5950963,121.45,0.0,0.0,GOTO_GPS,,
1785927381.132,2026-08-05 17:56:21,GUIDED,True,-7.9264028,112.5950963,124.58,0.0,0.0,GOTO_GPS,,
1785927381.309,2026-08-05 17:56:21,GUIDED,True,-7.9264028,112.5950963,123.46,0.0,0.0,GOTO_GPS,,
1785927381.486,2026-08-05 17:56:21,GUIDED,True,-7.9264028,112.5950963,140.79,0.0,0.0,GOTO_GPS,,
1785927381.652,2026-08-05 17:56:21,GUIDED,True,-7.9264028,112.5950963,145.37,0.0,0.0,GOTO_GPS,,
1785927381.829,2026-08-05 17:56:21,GUIDED,True,-7.9264028,112.5950963,122.58,0.0,0.0,GOTO_GPS,,
1785927382.020,2026-08-05 17:56:22,GUIDED,True,-7.9264028,112.5950963,124.04,0.0,0.0,GOTO_GPS,,
1785927382.212,2026-08-05 17:56:22,GUIDED,True,-7.9264028,112.5950963,152.77,0.0,0.0,GOTO_GPS,,
1785927382.380,2026-08-05 17:56:22,GUIDED,True,-7.9264028,112.5950963,155.06,0.0,0.0,GOTO_GPS,,
1785927382.557,2026-08-05 17:56:22,GUIDED,True,-7.9264028,112.5950963,122.65,0.0,0.0,GOTO_GPS,,
1785927382.742,2026-08-05 17:56:22,GUIDED,True,-7.9264028,112.5950963,115.71,0.0,0.0,GOTO_GPS,,
1785927382.906,2026-08-05 17:56:22,GUIDED,True,-7.9264028,112.5950963,134.26,0.0,0.0,GOTO_GPS,,
1785927383.070,2026-08-05 17:56:23,GUIDED,True,-7.9264028,112.5950963,183.97,0.0,0.0,GOTO_GPS,,
1785927383.239,2026-08-05 17:56:23,GUIDED,True,-7.9264028,112.5950963,182.89,0.0,0.0,GOTO_GPS,,
1785927383.412,2026-08-05 17:56:23,GUIDED,True,-7.9264028,112.5950963,138.97,0.0,0.0,GOTO_GPS,,
1785927383.578,2026-08-05 17:56:23,GUIDED,True,-7.9264028,112.5950963,122.8,0.0,0.0,GOTO_GPS,,
1785927383.751,2026-08-05 17:56:23,GUIDED,True,-7.9264028,112.5950963,105.59,0.0,0.0,GOTO_GPS,,
1785927383.919,2026-08-05 17:56:23,GUIDED,True,-7.9264028,112.5950963,103.88,0.0,0.0,GOTO_GPS,,
1785927384.092,2026-08-05 17:56:24,GUIDED,True,-7.9264028,112.5950963,107.89,0.0,0.0,GOTO_GPS,,
1785927384.287,2026-08-05 17:56:24,GUIDED,True,-7.9264028,112.5950963,183.18,0.0,0.0,GOTO_GPS,,
1785927384.467,2026-08-05 17:56:24,GUIDED,True,-7.9264028,112.5950963,146.19,0.0,0.0,GOTO_GPS,,
1785927384.642,2026-08-05 17:56:24,GUIDED,True,-7.9264028,112.5950963,117.14,0.0,0.0,GOTO_GPS,,
1785927384.810,2026-08-05 17:56:24,GUIDED,True,-7.9264028,112.5950963,174.58,0.0,0.0,GOTO_GPS,,
1785927384.973,2026-08-05 17:56:24,GUIDED,True,-7.9264028,112.5950963,170.83,0.0,0.0,GOTO_GPS,,
1785927385.180,2026-08-05 17:56:25,GUIDED,True,-7.9264028,112.5950963,112.97,0.0,0.0,GOTO_GPS,,
1785927385.423,2026-08-05 17:56:25,GUIDED,True,-7.9264028,112.5950963,163.92,0.0,0.0,GOTO_GPS,,
1785927385.659,2026-08-05 17:56:25,GUIDED,True,-7.9264028,112.5950963,110.23,0.0,0.0,GOTO_GPS,,
1785927385.843,2026-08-05 17:56:25,GUIDED,True,-7.9264028,112.5950963,168.5,0.0,0.0,GOTO_GPS,,
1785927386.031,2026-08-05 17:56:26,GUIDED,True,-7.9264028,112.5950963,157.58,0.0,0.0,GOTO_GPS,,
1785927386.261,2026-08-05 17:56:26,GUIDED,True,-7.9264028,112.5950963,153.12,0.0,0.0,GOTO_GPS,,
1785927386.494,2026-08-05 17:56:26,GUIDED,True,-7.9264028,112.5950963,154.46,0.0,0.0,GOTO_GPS,,
1785927386.660,2026-08-05 17:56:26,GUIDED,True,-7.9264028,112.5950963,140.19,0.0,0.0,GOTO_GPS,,
1785927386.868,2026-08-05 17:56:26,GUIDED,True,-7.9264028,112.5950963,111.28,0.0,0.0,GOTO_GPS,,
1785927387.050,2026-08-05 17:56:27,GUIDED,True,-7.9264028,112.5950963,72.35,0.0,0.0,GOTO_GPS,,
1785927387.230,2026-08-05 17:56:27,GUIDED,True,-7.9264028,112.5950963,129.99,0.0,0.0,GOTO_GPS,,
1785927387.390,2026-08-05 17:56:27,GUIDED,True,-7.9264028,112.5950963,150.15,0.0,0.0,GOTO_GPS,,
1785927387.615,2026-08-05 17:56:27,GUIDED,True,-7.9264028,112.5950963,154.67,0.0,0.0,GOTO_GPS,,
1785927387.776,2026-08-05 17:56:27,GUIDED,True,-7.9264028,112.5950963,163.88,0.0,0.0,GOTO_GPS,,
1785927387.983,2026-08-05 17:56:27,GUIDED,True,-7.9264028,112.5950963,118.3,0.0,0.0,GOTO_GPS,,
1785927388.179,2026-08-05 17:56:28,GUIDED,True,-7.9264028,112.5950963,170.98,0.0,0.0,GOTO_GPS,,
1785927388.366,2026-08-05 17:56:28,GUIDED,True,-7.9264028,112.5950963,123.7,0.0,0.0,GOTO_GPS,,
1785927388.542,2026-08-05 17:56:28,GUIDED,True,-7.9264028,112.5950963,164.91,0.0,0.0,GOTO_GPS,,
1785927388.715,2026-08-05 17:56:28,GUIDED,True,-7.9264028,112.5950963,119.07,0.0,0.0,GOTO_GPS,,
1785927388.887,2026-08-05 17:56:28,GUIDED,True,-7.9264028,112.5950963,169.08,0.0,0.0,GOTO_GPS,,
1785927389.061,2026-08-05 17:56:29,GUIDED,True,-7.9264028,112.5950963,168.88,0.0,0.0,GOTO_GPS,,
1785927389.231,2026-08-05 17:56:29,GUIDED,True,-7.9264028,112.5950963,125.52,0.0,0.0,GOTO_GPS,,
1785927389.413,2026-08-05 17:56:29,GUIDED,True,-7.9264028,112.5950963,106.66,0.0,0.0,GOTO_GPS,,
1785927389.627,2026-08-05 17:56:29,GUIDED,True,-7.9264028,112.5950963,115.58,0.0,0.0,GOTO_GPS,,
1785927389.802,2026-08-05 17:56:29,GUIDED,True,-7.9264028,112.5950963,165.39,0.0,0.0,GOTO_GPS,,
1785927389.985,2026-08-05 17:56:29,GUIDED,True,-7.9264028,112.5950963,162.72,0.0,0.0,GOTO_GPS,,
1785927390.148,2026-08-05 17:56:30,GUIDED,True,-7.9264028,112.5950963,107.6,0.0,0.0,GOTO_GPS,,
1785927390.393,2026-08-05 17:56:30,GUIDED,True,-7.9264028,112.5950963,167.31,0.0,0.0,GOTO_GPS,,
1785927390.574,2026-08-05 17:56:30,GUIDED,True,-7.9264028,112.5950963,147.72,0.0,0.0,GOTO_GPS,,
1785927390.738,2026-08-05 17:56:30,GUIDED,True,-7.9264028,112.5950963,127.78,0.0,0.0,GOTO_GPS,,
1785927390.955,2026-08-05 17:56:30,GUIDED,True,-7.9264028,112.5950963,167.22,0.0,0.0,GOTO_GPS,,
1785927391.161,2026-08-05 17:56:31,GUIDED,True,-7.9264028,112.5950963,114.67,0.0,0.0,GOTO_GPS,,
1785927391.361,2026-08-05 17:56:31,GUIDED,True,-7.9264028,112.5950963,154.39,0.0,0.0,GOTO_GPS,,
1785927391.548,2026-08-05 17:56:31,GUIDED,True,-7.9264028,112.5950963,136.23,0.0,0.0,GOTO_GPS,,
1785927391.718,2026-08-05 17:56:31,GUIDED,True,-7.9264028,112.5950963,135.55,0.0,0.0,GOTO_GPS,,
1785927391.890,2026-08-05 17:56:31,GUIDED,True,-7.9264028,112.5950963,133.26,0.0,0.0,GOTO_GPS,,
1785927392.082,2026-08-05 17:56:32,GUIDED,True,-7.9264028,112.5950963,155.02,0.0,0.0,GOTO_GPS,,
1785927392.273,2026-08-05 17:56:32,GUIDED,True,-7.9264028,112.5950963,137.2,0.0,0.0,GOTO_GPS,,
1785927392.459,2026-08-05 17:56:32,GUIDED,True,-7.9264028,112.5950963,126.2,0.0,0.0,GOTO_GPS,,
1785927392.645,2026-08-05 17:56:32,GUIDED,True,-7.9264028,112.5950963,166.83,0.0,0.0,GOTO_GPS,,
1785927392.847,2026-08-05 17:56:32,GUIDED,True,-7.9264028,112.5950963,136.33,0.0,0.0,GOTO_GPS,,
1785927393.070,2026-08-05 17:56:33,GUIDED,True,-7.9264028,112.5950963,170.37,0.0,0.0,GOTO_GPS,,
1785927393.252,2026-08-05 17:56:33,GUIDED,True,-7.9264028,112.5950963,146.71,0.0,0.0,GOTO_GPS,,
1785927393.426,2026-08-05 17:56:33,GUIDED,True,-7.9264028,112.5950963,173.46,0.0,0.0,GOTO_GPS,,
1785927393.586,2026-08-05 17:56:33,GUIDED,True,-7.9264028,112.5950963,176.01,0.0,0.0,GOTO_GPS,,
1785927393.773,2026-08-05 17:56:33,GUIDED,True,-7.9264028,112.5950963,173.66,0.0,0.0,GOTO_GPS,,
1785927393.951,2026-08-05 17:56:33,GUIDED,True,-7.9264028,112.5950963,115.48,0.0,0.0,GOTO_GPS,,
1785927394.144,2026-08-05 17:56:34,GUIDED,True,-7.9264028,112.5950963,163.97,0.0,0.0,GOTO_GPS,,
1785927394.329,2026-08-05 17:56:34,GUIDED,True,-7.9264028,112.5950963,122.61,0.0,0.0,GOTO_GPS,,
1785927394.513,2026-08-05 17:56:34,GUIDED,True,-7.9264028,112.5950963,178.07,0.0,0.0,GOTO_GPS,,
1785927394.713,2026-08-05 17:56:34,GUIDED,True,-7.9264028,112.5950963,114.43,0.0,0.0,GOTO_GPS,,
1785927394.889,2026-08-05 17:56:34,GUIDED,True,-7.9264028,112.5950963,174.45,0.0,0.0,GOTO_GPS,,
1785927395.072,2026-08-05 17:56:35,GUIDED,True,-7.9264028,112.5950963,175.28,0.0,0.0,GOTO_GPS,,
1785927395.270,2026-08-05 17:56:35,GUIDED,True,-7.9264028,112.5950963,113.04,0.0,0.0,GOTO_GPS,,
1785927395.516,2026-08-05 17:56:35,GUIDED,True,-7.9264028,112.5950963,168.94,0.0,0.0,GOTO_GPS,,
1785927395.713,2026-08-05 17:56:35,GUIDED,True,-7.9264028,112.5950963,110.08,0.0,0.0,GOTO_GPS,,
1785927395.924,2026-08-05 17:56:35,GUIDED,True,-7.9264028,112.5950963,141.78,0.0,0.0,GOTO_GPS,,
1785927396.107,2026-08-05 17:56:36,GUIDED,True,-7.9264028,112.5950963,162.09,0.0,0.0,GOTO_GPS,,
1785927396.352,2026-08-05 17:56:36,GUIDED,True,-7.9264028,112.5950963,168.48,0.0,0.0,GOTO_GPS,,
1785927396.526,2026-08-05 17:56:36,GUIDED,True,-7.9264028,112.5950963,165.79,0.0,0.0,GOTO_GPS,,
1785927396.696,2026-08-05 17:56:36,GUIDED,True,-7.9264028,112.5950963,116.55,0.0,0.0,GOTO_GPS,,
1785927396.883,2026-08-05 17:56:36,GUIDED,True,-7.9264028,112.5950963,165.47,0.0,0.0,GOTO_GPS,,
1785927397.060,2026-08-05 17:56:37,GUIDED,True,-7.9264028,112.5950963,172.6,0.0,0.0,GOTO_GPS,,
1785927397.246,2026-08-05 17:56:37,GUIDED,True,-7.9264028,112.5950963,165.55,0.0,0.0,GOTO_GPS,,
1785927397.409,2026-08-05 17:56:37,GUIDED,True,-7.9264028,112.5950963,125.06,0.0,0.0,GOTO_GPS,,
1785927397.584,2026-08-05 17:56:37,GUIDED,True,-7.9264028,112.5950963,137.5,0.0,0.0,GOTO_GPS,,
1785927397.763,2026-08-05 17:56:37,GUIDED,True,-7.9264028,112.5950963,170.0,0.0,0.0,GOTO_GPS,,
1785927397.956,2026-08-05 17:56:37,GUIDED,True,-7.9264028,112.5950963,152.19,0.0,0.0,GOTO_GPS,,
1785927398.265,2026-08-05 17:56:38,GUIDED,True,-7.9264028,112.5950963,163.73,0.0,0.0,GOTO_GPS,,
1785927398.541,2026-08-05 17:56:38,GUIDED,True,-7.9264028,112.5950963,161.09,0.0,0.0,GOTO_GPS,,
1785927398.718,2026-08-05 17:56:38,GUIDED,True,-7.9264028,112.5950963,133.65,0.0,0.0,GOTO_GPS,,
1785927398.905,2026-08-05 17:56:38,GUIDED,True,-7.9264028,112.5950963,150.5,0.0,0.0,GOTO_GPS,,
1785927399.127,2026-08-05 17:56:39,GUIDED,True,-7.9264028,112.5950963,160.55,0.0,0.0,GOTO_GPS,,
1785927399.307,2026-08-05 17:56:39,GUIDED,True,-7.9264028,112.5950963,129.74,0.0,0.0,GOTO_GPS,,
1785927399.501,2026-08-05 17:56:39,GUIDED,True,-7.9264028,112.5950963,127.89,0.0,0.0,GOTO_GPS,,
1785927399.773,2026-08-05 17:56:39,GUIDED,True,-7.9264028,112.5950963,160.08,0.0,0.0,GOTO_GPS,,
1785927399.981,2026-08-05 17:56:39,GUIDED,True,-7.9264028,112.5950963,151.23,0.0,0.0,GOTO_GPS,,
1785927400.159,2026-08-05 17:56:40,GUIDED,True,-7.9264028,112.5950963,126.06,0.0,0.0,GOTO_GPS,,
1785927400.366,2026-08-05 17:56:40,GUIDED,True,-7.9264028,112.5950963,128.83,0.0,0.0,GOTO_GPS,,
1785927400.586,2026-08-05 17:56:40,GUIDED,True,-7.9264028,112.5950963,146.16,0.0,0.0,GOTO_GPS,,
1785927400.752,2026-08-05 17:56:40,GUIDED,True,-7.9264028,112.5950963,170.49,0.0,0.0,GOTO_GPS,,
1785927400.939,2026-08-05 17:56:40,GUIDED,True,-7.9264028,112.5950963,153.33,0.0,0.0,GOTO_GPS,,
1785927401.101,2026-08-05 17:56:41,GUIDED,True,-7.9264028,112.5950963,104.39,0.0,0.0,GOTO_GPS,,
1785927401.298,2026-08-05 17:56:41,GUIDED,True,-7.9264028,112.5950963,125.56,0.0,0.0,GOTO_GPS,,
1785927401.521,2026-08-05 17:56:41,GUIDED,True,-7.9264028,112.5950963,168.48,0.0,0.0,GOTO_GPS,,
1785927401.798,2026-08-05 17:56:41,GUIDED,True,-7.9264028,112.5950963,105.89,0.0,0.0,GOTO_GPS,,
1785927402.126,2026-08-05 17:56:42,GUIDED,True,-7.9264028,112.5950963,135.85,0.0,0.0,GOTO_GPS,,
1785927402.449,2026-08-05 17:56:42,GUIDED,True,-7.9264028,112.5950963,179.41,0.0,0.0,GOTO_GPS,,
1785927402.691,2026-08-05 17:56:42,GUIDED,True,-7.9264028,112.5950963,103.9,0.0,0.0,GOTO_GPS,,
1785927402.864,2026-08-05 17:56:42,GUIDED,True,-7.9264028,112.5950963,101.98,0.0,0.0,GOTO_GPS,,
1785927403.029,2026-08-05 17:56:43,GUIDED,True,-7.9264028,112.5950963,148.88,0.0,0.0,GOTO_GPS,,
1785927403.208,2026-08-05 17:56:43,GUIDED,True,-7.9264028,112.5950963,177.2,0.0,0.0,GOTO_GPS,,
1785927403.405,2026-08-05 17:56:43,GUIDED,True,-7.9264028,112.5950963,130.52,0.0,0.0,GOTO_GPS,,
1785927403.597,2026-08-05 17:56:43,GUIDED,True,-7.9264028,112.5950963,97.31,0.0,0.0,GOTO_GPS,,
1785927403.811,2026-08-05 17:56:43,GUIDED,True,-7.9264028,112.5950963,98.54,0.0,0.0,GOTO_GPS,,
1785927404.010,2026-08-05 17:56:44,GUIDED,True,-7.9264028,112.5950963,103.12,0.0,0.0,GOTO_GPS,554,234
1785927404.206,2026-08-05 17:56:44,GUIDED,True,-7.9264028,112.5950963,105.11,0.0,0.0,GOTO_GPS,557,237
1785927404.402,2026-08-05 17:56:44,GUIDED,True,-7.9264028,112.5950963,106.09,0.0,0.0,GOTO_GPS,,
1785927404.600,2026-08-05 17:56:44,GUIDED,True,-7.9264028,112.5950963,106.93,0.0,0.0,GOTO_GPS,,
1785927404.781,2026-08-05 17:56:44,GUIDED,True,-7.9264028,112.5950963,107.27,0.0,0.0,GOTO_GPS,,
1785927404.941,2026-08-05 17:56:44,GUIDED,True,-7.9264028,112.5950963,108.04,0.0,0.0,GOTO_GPS,,
1785927405.109,2026-08-05 17:56:45,GUIDED,True,-7.9264028,112.5950963,108.77,0.0,0.0,GOTO_GPS,,
1785927405.338,2026-08-05 17:56:45,GUIDED,True,-7.9264028,112.5950963,109.5,0.0,0.0,GOTO_GPS,,
1785927405.524,2026-08-05 17:56:45,GUIDED,True,-7.9264028,112.5950963,110.21,0.0,0.0,GOTO_GPS,,
1785927405.757,2026-08-05 17:56:45,GUIDED,True,-7.9264028,112.5950963,110.91,0.0,0.0,GOTO_GPS,,
1785927405.950,2026-08-05 17:56:45,GUIDED,True,-7.9264028,112.5950963,111.56,0.0,0.0,GOTO_GPS,,
1785927406.141,2026-08-05 17:56:46,GUIDED,True,-7.9264028,112.5950963,112.25,0.0,0.0,GOTO_GPS,,
1785927406.459,2026-08-05 17:56:46,GUIDED,True,-7.9264028,112.5950963,113.14,0.0,0.0,GOTO_GPS,,
1785927406.637,2026-08-05 17:56:46,GUIDED,True,-7.9264028,112.5950963,113.71,0.0,0.0,GOTO_GPS,,
1785927406.803,2026-08-05 17:56:46,GUIDED,True,-7.9264028,112.5950963,114.25,0.0,0.0,GOTO_GPS,,
1785927406.976,2026-08-05 17:56:46,GUIDED,True,-7.9264028,112.5950963,114.46,0.0,0.0,GOTO_GPS,,
1785927407.159,2026-08-05 17:56:47,GUIDED,True,-7.9264028,112.5950963,115.02,0.0,0.0,GOTO_GPS,,
1785927407.396,2026-08-05 17:56:47,GUIDED,True,-7.9264028,112.5950963,115.73,0.0,0.0,GOTO_GPS,,
1785927407.587,2026-08-05 17:56:47,GUIDED,True,-7.9264028,112.5950963,115.91,0.0,0.0,GOTO_GPS,,
1785927407.850,2026-08-05 17:56:47,GUIDED,True,-7.9264028,112.5950963,116.61,0.0,0.0,GOTO_GPS,,
1785927408.068,2026-08-05 17:56:48,GUIDED,True,-7.9264028,112.5950963,117.03,0.0,0.0,GOTO_GPS,,
1785927408.258,2026-08-05 17:56:48,GUIDED,True,-7.9264028,112.5950963,117.43,0.0,0.0,GOTO_GPS,,
1785927408.414,2026-08-05 17:56:48,GUIDED,True,-7.9264028,112.5950963,117.8,0.0,0.0,GOTO_GPS,,
1785927408.567,2026-08-05 17:56:48,GUIDED,True,-7.9264028,112.5950963,117.96,0.0,0.0,GOTO_GPS,,
1785927408.709,2026-08-05 17:56:48,GUIDED,True,-7.9264028,112.5950963,118.33,0.0,0.0,GOTO_GPS,,
1785927408.852,2026-08-05 17:56:48,GUIDED,True,-7.9264028,112.5950963,118.53,0.0,0.0,GOTO_GPS,,
1785927408.996,2026-08-05 17:56:48,GUIDED,True,-7.9264028,112.5950963,118.71,0.0,0.0,GOTO_GPS,,
1785927409.154,2026-08-05 17:56:49,GUIDED,True,-7.9264028,112.5950963,119.08,0.0,0.0,GOTO_GPS,,
1785927409.307,2026-08-05 17:56:49,GUIDED,True,-7.9264028,112.5950963,119.38,0.0,0.0,GOTO_GPS,,
1785927409.477,2026-08-05 17:56:49,GUIDED,True,-7.9264028,112.5950963,119.69,0.0,0.0,IDLE,,
1785927409.623,2026-08-05 17:56:49,GUIDED,True,-7.9264028,112.5950963,119.87,0.0,0.0,IDLE,,
1785927409.791,2026-08-05 17:56:49,GUIDED,True,-7.9264028,112.5950963,119.99,0.0,0.0,IDLE,,
1785927409.938,2026-08-05 17:56:49,GUIDED,True,-7.9264028,112.5950963,120.28,0.0,0.0,IDLE,,
1785927410.085,2026-08-05 17:56:50,GUIDED,True,-7.9264028,112.5950963,120.52,0.0,0.0,IDLE,,
1785927410.253,2026-08-05 17:56:50,GUIDED,True,-7.9264028,112.5950963,120.74,0.0,0.0,IDLE,,
1785927410.396,2026-08-05 17:56:50,GUIDED,True,-7.9264028,112.5950963,121.01,0.0,0.0,IDLE,,
1785927410.539,2026-08-05 17:56:50,GUIDED,True,-7.9264028,112.5950963,121.12,0.0,0.0,IDLE,,
1785927410.704,2026-08-05 17:56:50,GUIDED,True,-7.9264028,112.5950963,121.38,0.0,0.0,IDLE,,
1785927410.853,2026-08-05 17:56:50,GUIDED,True,-7.9264028,112.5950963,121.53,0.0,0.0,IDLE,,
1785927410.991,2026-08-05 17:56:50,GUIDED,True,-7.9264028,112.5950963,121.63,0.0,0.0,IDLE,,
1785927411.127,2026-08-05 17:56:51,GUIDED,True,-7.9264028,112.5950963,121.92,0.0,0.0,IDLE,,
1785927411.273,2026-08-05 17:56:51,GUIDED,True,-7.9264028,112.5950963,122.05,0.0,0.0,IDLE,,
1785927411.416,2026-08-05 17:56:51,GUIDED,True,-7.9264028,112.5950963,122.3,0.0,0.0,IDLE,,
1785927411.557,2026-08-05 17:56:51,GUIDED,True,-7.9264028,112.5950963,122.38,0.0,0.0,IDLE,,
1785927411.709,2026-08-05 17:56:51,GUIDED,True,-7.9264028,112.5950963,122.59,0.0,0.0,IDLE,,
1785927411.854,2026-08-05 17:56:51,GUIDED,True,-7.9264028,112.5950963,122.73,0.0,0.0,IDLE,,
1785927411.997,2026-08-05 17:56:51,GUIDED,True,-7.9264028,112.5950963,122.82,0.0,0.0,IDLE,,
1785927412.138,2026-08-05 17:56:52,GUIDED,True,-7.9264028,112.5950963,123.07,0.0,0.0,IDLE,,
1785927412.292,2026-08-05 17:56:52,GUIDED,True,-7.9264028,112.5950963,123.27,0.0,0.0,IDLE,,
1785927412.437,2026-08-05 17:56:52,GUIDED,True,-7.9264028,112.5950963,123.39,0.0,0.0,IDLE,,
1785927412.581,2026-08-05 17:56:52,GUIDED,True,-7.9264028,112.5950963,123.49,0.0,0.0,IDLE,,
1785927412.725,2026-08-05 17:56:52,GUIDED,True,-7.9264028,112.5950963,123.69,0.0,0.0,IDLE,,
1785927412.873,2026-08-05 17:56:52,GUIDED,True,-7.9264028,112.5950963,123.81,0.0,0.0,IDLE,,
1785927413.023,2026-08-05 17:56:53,GUIDED,True,-7.9264028,112.5950963,124.0,0.0,0.0,IDLE,,
1785927413.173,2026-08-05 17:56:53,GUIDED,True,-7.9264028,112.5950963,124.1,0.0,0.0,IDLE,,
1785927413.315,2026-08-05 17:56:53,GUIDED,True,-7.9264028,112.5950963,124.29,0.0,0.0,IDLE,,
1785927413.457,2026-08-05 17:56:53,GUIDED,True,-7.9264028,112.5950963,124.39,0.0,0.0,IDLE,,
1785927413.602,2026-08-05 17:56:53,GUIDED,True,-7.9264028,112.5950963,124.56,0.0,0.0,IDLE,,
1785927413.743,2026-08-05 17:56:53,GUIDED,True,-7.9264028,112.5950963,124.63,0.0,0.0,IDLE,,
1785927413.882,2026-08-05 17:56:53,GUIDED,True,-7.9264028,112.5950963,124.82,0.0,0.0,IDLE,,
1785927414.033,2026-08-05 17:56:54,GUIDED,True,-7.9264028,112.5950963,124.92,0.0,0.0,IDLE,,
1785927414.172,2026-08-05 17:56:54,GUIDED,True,-7.9264028,112.5950963,125.0,0.0,0.0,IDLE,,
1785927414.312,2026-08-05 17:56:54,GUIDED,True,-7.9264028,112.5950963,125.15,0.0,0.0,IDLE,,
1785927414.450,2026-08-05 17:56:54,GUIDED,True,-7.9264028,112.5950963,125.25,0.0,0.0,IDLE,,
1785927414.590,2026-08-05 17:56:54,GUIDED,True,-7.9264028,112.5950963,125.31,0.0,0.0,IDLE,,
1785927414.741,2026-08-05 17:56:54,GUIDED,True,-7.9264028,112.5950963,125.48,0.0,0.0,IDLE,,
1785927414.892,2026-08-05 17:56:54,GUIDED,True,-7.9264028,112.5950963,125.63,0.0,0.0,IDLE,,
1785927415.029,2026-08-05 17:56:55,GUIDED,True,-7.9264028,112.5950963,125.75,0.0,0.0,IDLE,,
1785927415.180,2026-08-05 17:56:55,GUIDED,True,-7.9264028,112.5950963,125.81,0.0,0.0,IDLE,,
1785927415.325,2026-08-05 17:56:55,GUIDED,True,-7.9264028,112.5950963,125.94,0.0,0.0,IDLE,,
1785927415.465,2026-08-05 17:56:55,GUIDED,True,-7.9264028,112.5950963,126.02,0.0,0.0,IDLE,,
1785927415.605,2026-08-05 17:56:55,GUIDED,True,-7.9264028,112.5950963,126.16,0.0,0.0,IDLE,,
1785927415.769,2026-08-05 17:56:55,GUIDED,True,-7.9264028,112.5950963,126.21,0.0,0.0,IDLE,,
1785927415.915,2026-08-05 17:56:55,GUIDED,True,-7.9264028,112.5950963,126.35,0.0,0.0,IDLE,,
1785927416.056,2026-08-05 17:56:56,GUIDED,True,-7.9264028,112.5950963,126.48,0.0,0.0,IDLE,,
1785927416.210,2026-08-05 17:56:56,GUIDED,True,-7.9264028,112.5950963,126.58,0.0,0.0,IDLE,,
1785927416.351,2026-08-05 17:56:56,GUIDED,True,-7.9264028,112.5950963,126.63,0.0,0.0,IDLE,,
1785927416.489,2026-08-05 17:56:56,GUIDED,True,-7.9264028,112.5950963,126.78,0.0,0.0,IDLE,,
1785927416.625,2026-08-05 17:56:56,GUIDED,True,-7.9264028,112.5950963,126.85,0.0,0.0,IDLE,,
1785927416.762,2026-08-05 17:56:56,GUIDED,True,-7.9264028,112.5950963,126.91,0.0,0.0,IDLE,,
1785927416.899,2026-08-05 17:56:56,GUIDED,True,-7.9264028,112.5950963,127.03,0.0,0.0,IDLE,,
1785927417.035,2026-08-05 17:56:57,GUIDED,True,-7.9264028,112.5950963,127.1,0.0,0.0,IDLE,,
1785927417.187,2026-08-05 17:56:57,GUIDED,True,-7.9264028,112.5950963,127.17,0.0,0.0,IDLE,,
1785927417.332,2026-08-05 17:56:57,GUIDED,True,-7.9264028,112.5950963,127.27,0.0,0.0,IDLE,,
1785927417.506,2026-08-05 17:56:57,GUIDED,True,-7.9264028,112.5950963,127.39,0.0,0.0,START,,
1785927417.659,2026-08-05 17:56:57,GUIDED,True,-7.9264028,112.5950963,127.45,0.0,0.0,START,,
1785927417.811,2026-08-05 17:56:57,GUIDED,True,-7.9264028,112.5950963,127.56,0.0,0.0,START,,
1785927417.952,2026-08-05 17:56:57,GUIDED,True,-7.9264028,112.5950963,127.6,0.0,0.0,START,,
1785927418.124,2026-08-05 17:56:58,GUIDED,True,-7.9264028,112.5950963,127.71,0.0,0.0,START,,
1785927418.277,2026-08-05 17:56:58,GUIDED,True,-7.9264028,112.5950963,127.78,0.0,0.0,START,,
1785927418.421,2026-08-05 17:56:58,GUIDED,True,-7.9264028,112.5950963,127.84,0.0,0.0,START,,
1785927418.598,2026-08-05 17:56:58,GUIDED,True,-7.9264028,112.5950963,127.95,0.0,0.0,START,,
1785927418.745,2026-08-05 17:56:58,GUIDED,True,-7.9264028,112.5950963,127.98,0.0,0.0,START,,
1785927418.908,2026-08-05 17:56:58,GUIDED,True,-7.9264028,112.5950963,128.09,0.0,0.0,START,,
1785927419.059,2026-08-05 17:56:59,GUIDED,True,-7.9264028,112.5950963,128.17,0.0,0.0,START,,
1785927419.216,2026-08-05 17:56:59,GUIDED,True,-7.9264028,112.5950963,128.25,0.0,0.0,START,,
1785927419.377,2026-08-05 17:56:59,GUIDED,True,-7.9264028,112.5950963,128.29,0.0,0.0,START,,
1785927419.527,2026-08-05 17:56:59,GUIDED,True,-7.9264028,112.5950963,128.39,0.0,0.0,START,,
1785927419.668,2026-08-05 17:56:59,GUIDED,True,-7.9264028,112.5950963,128.44,0.0,0.0,START,,
1785927419.827,2026-08-05 17:56:59,GUIDED,True,-7.9264028,112.5950963,128.53,0.0,0.0,START,,
1785927419.967,2026-08-05 17:56:59,GUIDED,True,-7.9264028,112.5950963,128.58,0.0,0.0,START,,
1785927420.112,2026-08-05 17:57:00,GUIDED,True,-7.9264028,112.5950963,128.71,0.0,0.0,START,,
1785927420.277,2026-08-05 17:57:00,GUIDED,True,-7.9264028,112.5950963,128.8,0.0,0.0,START,,
1785927420.423,2026-08-05 17:57:00,GUIDED,True,-7.9264028,112.5950963,128.85,0.0,0.0,START,,
1785927420.567,2026-08-05 17:57:00,GUIDED,True,-7.9264028,112.5950963,128.89,0.0,0.0,TRACKING_BUOY,,
1785927420.713,2026-08-05 17:57:00,GUIDED,True,-7.9264028,112.5950963,128.99,0.0,0.0,TRACKING_BUOY,,
1785927420.898,2026-08-05 17:57:00,GUIDED,True,-7.9264028,112.5950963,129.07,0.0,0.0,TRACKING_BUOY,,
1785927421.052,2026-08-05 17:57:01,GUIDED,True,-7.9264028,112.5950963,129.12,0.0,0.0,TRACKING_BUOY,,
1785927421.220,2026-08-05 17:57:01,GUIDED,True,-7.9264028,112.5950963,129.19,0.0,0.0,TRACKING_BUOY,,
1785927421.373,2026-08-05 17:57:01,GUIDED,True,-7.9264028,112.5950963,129.24,0.0,0.0,TRACKING_BUOY,,
1785927421.524,2026-08-05 17:57:01,GUIDED,True,-7.9264028,112.5950963,129.33,0.0,0.0,TRACKING_BUOY,,
1785927421.663,2026-08-05 17:57:01,GUIDED,True,-7.9264028,112.5950963,129.37,0.0,0.0,TRACKING_BUOY,,
1785927421.863,2026-08-05 17:57:01,GUIDED,True,-7.9264028,112.5950963,129.46,0.0,0.0,TRACKING_BUOY,,
1785927422.007,2026-08-05 17:57:02,GUIDED,True,-7.9264028,112.5950963,129.5,0.0,0.0,TRACKING_BUOY,,
1785927422.156,2026-08-05 17:57:02,GUIDED,True,-7.9264028,112.5950963,129.58,0.0,0.0,TRACKING_BUOY,,
1785927422.300,2026-08-05 17:57:02,GUIDED,True,-7.9264028,112.5950963,129.64,0.0,0.0,TRACKING_BUOY,294,-26
1785927422.445,2026-08-05 17:57:02,GUIDED,True,-7.9264028,112.5950963,129.68,0.0,0.0,TRACKING_BUOY,291,-29
1785927422.597,2026-08-05 17:57:02,GUIDED,True,-7.9264028,112.5950963,129.78,0.0,0.0,TRACKING_BUOY,292,-28
1785927422.744,2026-08-05 17:57:02,GUIDED,True,-7.9264028,112.5950963,129.8,0.0,0.0,TRACKING_BUOY,290,-30
1785927422.898,2026-08-05 17:57:02,GUIDED,True,-7.9264028,112.5950963,129.88,0.0,0.0,TRACKING_BUOY,288,-32
1785927423.045,2026-08-05 17:57:03,GUIDED,True,-7.9264028,112.5950963,129.94,0.0,0.0,TRACKING_BUOY,287,-33
1785927423.196,2026-08-05 17:57:03,GUIDED,True,-7.9264028,112.5950963,130.02,0.0,0.0,TRACKING_BUOY,289,-31
1785927423.340,2026-08-05 17:57:03,GUIDED,True,-7.9264028,112.5950963,130.05,0.0,0.0,TRACKING_BUOY,299,-21
1785927423.486,2026-08-05 17:57:03,GUIDED,True,-7.9264028,112.5950963,130.11,0.0,0.0,TRACKING_BUOY,313,-7
1785927423.664,2026-08-05 17:57:03,GUIDED,True,-7.9264028,112.5950963,130.15,0.0,0.0,TRACKING_BUOY,330,10
1785927423.819,2026-08-05 17:57:03,GUIDED,True,-7.9264028,112.5950963,130.23,0.0,0.0,TRACKING_BUOY,337,17
1785927423.960,2026-08-05 17:57:03,GUIDED,True,-7.9264028,112.5950963,130.26,0.0,0.0,TRACKING_BUOY,344,24
1785927424.102,2026-08-05 17:57:04,GUIDED,True,-7.9264028,112.5950963,130.34,0.0,0.0,TRACKING_BUOY,344,24
1785927424.242,2026-08-05 17:57:04,GUIDED,True,-7.9264028,112.5950963,130.37,0.0,0.0,TRACKING_BUOY,345,25
1785927424.383,2026-08-05 17:57:04,GUIDED,True,-7.9264028,112.5950963,130.39,0.0,0.0,TRACKING_BUOY,345,25
1785927424.536,2026-08-05 17:57:04,GUIDED,True,-7.9264028,112.5950963,130.48,0.0,0.0,TRACKING_BUOY,343,23
1785927424.675,2026-08-05 17:57:04,GUIDED,True,-7.9264028,112.5950963,130.53,0.0,0.0,TRACKING_BUOY,333,13
1785927424.819,2026-08-05 17:57:04,GUIDED,True,-7.9264028,112.5950963,130.62,0.0,0.0,TRACKING_BUOY,324,4
1785927424.966,2026-08-05 17:57:04,GUIDED,True,-7.9264028,112.5950963,130.66,0.0,0.0,TRACKING_BUOY,312,-8
1785927425.127,2026-08-05 17:57:05,GUIDED,True,-7.9264028,112.5950963,130.73,0.0,0.0,TRACKING_BUOY,309,-11
1785927425.296,2026-08-05 17:57:05,GUIDED,True,-7.9264028,112.5950963,130.78,0.0,0.0,TRACKING_BUOY,310,-10
1785927425.443,2026-08-05 17:57:05,GUIDED,True,-7.9264028,112.5950963,130.82,0.0,0.0,TRACKING_BUOY,310,-10
1785927425.589,2026-08-05 17:57:05,GUIDED,True,-7.9264028,112.5950963,130.85,0.0,0.0,TRACKING_BUOY,313,-7
1785927425.734,2026-08-05 17:57:05,GUIDED,True,-7.9264028,112.5950963,130.93,0.0,0.0,TRACKING_BUOY,316,-4
1785927425.883,2026-08-05 17:57:05,GUIDED,True,-7.9264028,112.5950963,130.99,0.0,0.0,TRACKING_BUOY,321,1
1785927426.032,2026-08-05 17:57:06,GUIDED,True,-7.9264028,112.5950963,131.02,0.0,0.0,TRACKING_BUOY,333,13
1785927426.179,2026-08-05 17:57:06,GUIDED,True,-7.9264028,112.5950963,131.05,0.0,0.0,TRACKING_BUOY,339,19
1785927426.323,2026-08-05 17:57:06,GUIDED,True,-7.9264028,112.5950963,131.12,0.0,0.0,TRACKING_BUOY,342,22
1785927426.471,2026-08-05 17:57:06,GUIDED,True,-7.9264028,112.5950963,131.17,0.0,0.0,TRACKING_BUOY,344,24
1785927426.608,2026-08-05 17:57:06,GUIDED,True,-7.9264028,112.5950963,131.24,0.0,0.0,TRACKING_BUOY,343,23
1785927426.756,2026-08-05 17:57:06,GUIDED,True,-7.9264028,112.5950963,131.27,0.0,0.0,TRACKING_BUOY,337,17
1785927426.901,2026-08-05 17:57:06,GUIDED,True,-7.9264028,112.5950963,131.34,0.0,0.0,TRACKING_BUOY,318,-2
1785927427.050,2026-08-05 17:57:07,GUIDED,True,-7.9264028,112.5950963,131.38,0.0,0.0,TRACKING_BUOY,310,-10
1785927427.193,2026-08-05 17:57:07,GUIDED,True,-7.9264028,112.5950963,131.4,0.0,0.0,TRACKING_BUOY,303,-17
1785927427.342,2026-08-05 17:57:07,GUIDED,True,-7.9264028,112.5950963,131.46,0.0,0.0,TRACKING_BUOY,299,-21
1785927427.485,2026-08-05 17:57:07,GUIDED,True,-7.9264028,112.5950963,131.51,0.0,0.0,TRACKING_BUOY,297,-23
1785927427.631,2026-08-05 17:57:07,GUIDED,True,-7.9264028,112.5950963,131.53,0.0,0.0,TRACKING_BUOY,298,-22
1785927427.774,2026-08-05 17:57:07,GUIDED,True,-7.9264028,112.5950963,131.55,0.0,0.0,TRACKING_BUOY,303,-17
1785927427.936,2026-08-05 17:57:07,GUIDED,True,-7.9264028,112.5950963,131.63,0.0,0.0,TRACKING_BUOY,314,-6
1785927428.084,2026-08-05 17:57:08,GUIDED,True,-7.9264028,112.5950963,131.71,0.0,0.0,TRACKING_BUOY,321,1
1785927428.247,2026-08-05 17:57:08,GUIDED,True,-7.9264028,112.5950963,131.72,0.0,0.0,TRACKING_BUOY,337,17
1785927428.393,2026-08-05 17:57:08,GUIDED,True,-7.9264028,112.5950963,131.75,0.0,0.0,TRACKING_BUOY,340,20
1785927428.537,2026-08-05 17:57:08,GUIDED,True,-7.9264028,112.5950963,131.81,0.0,0.0,TRACKING_BUOY,340,20
1785927428.686,2026-08-05 17:57:08,GUIDED,True,-7.9264028,112.5950963,131.88,0.0,0.0,TRACKING_BUOY,336,16
1785927428.837,2026-08-05 17:57:08,GUIDED,True,-7.9264028,112.5950963,131.92,0.0,0.0,TRACKING_BUOY,320,0
1785927428.982,2026-08-05 17:57:08,GUIDED,True,-7.9264028,112.5950963,131.96,0.0,0.0,TRACKING_BUOY,311,-9
1785927429.130,2026-08-05 17:57:09,GUIDED,True,-7.9264028,112.5950963,132.03,0.0,0.0,TRACKING_BUOY,304,-16
1785927429.279,2026-08-05 17:57:09,GUIDED,True,-7.9264028,112.5950963,132.09,0.0,0.0,TRACKING_BUOY,297,-23
1785927429.429,2026-08-05 17:57:09,GUIDED,True,-7.9264028,112.5950963,132.12,0.0,0.0,TRACKING_BUOY,293,-27
1785927429.575,2026-08-05 17:57:09,GUIDED,True,-7.9264028,112.5950963,132.15,0.0,0.0,TRACKING_BUOY,294,-26
1785927429.721,2026-08-05 17:57:09,GUIDED,True,-7.9264028,112.5950963,132.19,0.0,0.0,TRACKING_BUOY,298,-22
1785927429.868,2026-08-05 17:57:09,GUIDED,True,-7.9264028,112.5950963,132.23,0.0,0.0,TRACKING_BUOY,304,-16
1785927430.011,2026-08-05 17:57:10,GUIDED,True,-7.9264028,112.5950963,132.26,0.0,0.0,TRACKING_BUOY,310,-10
1785927430.160,2026-08-05 17:57:10,GUIDED,True,-7.9264028,112.5950963,132.33,0.0,0.0,TRACKING_BUOY,320,0
1785927430.304,2026-08-05 17:57:10,GUIDED,True,-7.9264028,112.5950963,132.38,0.0,0.0,TRACKING_BUOY,323,3
1785927430.446,2026-08-05 17:57:10,GUIDED,True,-7.9264028,112.5950963,132.42,0.0,0.0,TRACKING_BUOY,325,5
1785927430.630,2026-08-05 17:57:10,GUIDED,True,-7.9264028,112.5950963,132.49,0.0,0.0,TRACKING_BUOY,325,5
1785927430.771,2026-08-05 17:57:10,GUIDED,True,-7.9264028,112.5950963,132.53,0.0,0.0,TRACKING_BUOY,323,3
1785927430.913,2026-08-05 17:57:10,GUIDED,True,-7.9264028,112.5950963,132.6,0.0,0.0,TRACKING_BUOY,322,2
1785927431.075,2026-08-05 17:57:11,GUIDED,True,-7.9264028,112.5950963,132.64,0.0,0.0,TRACKING_BUOY,320,0
1785927431.220,2026-08-05 17:57:11,GUIDED,True,-7.9264028,112.5950963,132.71,0.0,0.0,TRACKING_BUOY,319,-1
1785927431.368,2026-08-05 17:57:11,GUIDED,True,-7.9264028,112.5950963,132.72,0.0,0.0,TRACKING_BUOY,317,-3
1785927431.510,2026-08-05 17:57:11,GUIDED,True,-7.9264028,112.5950963,132.8,0.0,0.0,TRACKING_BUOY,316,-4
1785927431.658,2026-08-05 17:57:11,GUIDED,True,-7.9264028,112.5950963,132.83,0.0,0.0,TRACKING_BUOY,317,-3
1785927431.808,2026-08-05 17:57:11,GUIDED,True,-7.9264028,112.5950963,132.86,0.0,0.0,TRACKING_BUOY,318,-2
1785927431.953,2026-08-05 17:57:11,GUIDED,True,-7.9264028,112.5950963,132.88,0.0,0.0,TRACKING_BUOY,321,1
1785927432.095,2026-08-05 17:57:12,GUIDED,True,-7.9264028,112.5950963,132.93,0.0,0.0,TRACKING_BUOY,321,1
1785927432.250,2026-08-05 17:57:12,GUIDED,True,-7.9264028,112.5950963,132.97,0.0,0.0,TRACKING_BUOY,323,3
1785927432.394,2026-08-05 17:57:12,GUIDED,True,-7.9264028,112.5950963,132.99,0.0,0.0,TRACKING_BUOY,324,4
1785927432.542,2026-08-05 17:57:12,GUIDED,True,-7.9264028,112.5950963,133.05,0.0,0.0,TRACKING_BUOY,330,10
1785927432.693,2026-08-05 17:57:12,GUIDED,True,-7.9264028,112.5950963,133.12,0.0,0.0,TRACKING_BUOY,332,12
1785927432.840,2026-08-05 17:57:12,GUIDED,True,-7.9264028,112.5950963,133.15,0.0,0.0,TRACKING_BUOY,333,13
1785927432.980,2026-08-05 17:57:12,GUIDED,True,-7.9264028,112.5950963,133.18,0.0,0.0,TRACKING_BUOY,333,13
1785927433.124,2026-08-05 17:57:13,GUIDED,True,-7.9264028,112.5950963,133.24,0.0,0.0,TRACKING_BUOY,331,11
1785927433.272,2026-08-05 17:57:13,GUIDED,True,-7.9264028,112.5950963,133.27,0.0,0.0,TRACKING_BUOY,331,11
1785927433.421,2026-08-05 17:57:13,GUIDED,True,-7.9264028,112.5950963,133.33,0.0,0.0,TRACKING_BUOY,327,7
1785927433.563,2026-08-05 17:57:13,GUIDED,True,-7.9264028,112.5950963,133.36,0.0,0.0,TRACKING_BUOY,326,6
1785927433.709,2026-08-05 17:57:13,GUIDED,True,-7.9264028,112.5950963,133.41,0.0,0.0,TRACKING_BUOY,324,4
1785927433.859,2026-08-05 17:57:13,GUIDED,True,-7.9264028,112.5950963,133.44,0.0,0.0,TRACKING_BUOY,325,5
1785927434.005,2026-08-05 17:57:14,GUIDED,True,-7.9264028,112.5950963,133.47,0.0,0.0,TRACKING_BUOY,326,6
1785927434.157,2026-08-05 17:57:14,GUIDED,True,-7.9263034,112.5947947,133.53,0.0,0.0,TRACKING_BUOY,327,7
1785927434.307,2026-08-05 17:57:14,GUIDED,True,-7.9263084,112.5947933,133.58,0.0,0.0,TRACKING_BUOY,329,9
1785927434.458,2026-08-05 17:57:14,GUIDED,True,-7.9263048,112.5947889,133.6,0.0,0.0,TRACKING_BUOY,332,12
1785927434.600,2026-08-05 17:57:14,GUIDED,True,-7.9263081,112.5947884,133.64,0.0,0.0,TRACKING_BUOY,334,14
1785927434.740,2026-08-05 17:57:14,GUIDED,True,-7.9263081,112.5947884,133.67,0.0,0.0,TRACKING_BUOY,334,14
1785927434.883,2026-08-05 17:57:14,GUIDED,True,-7.9263083,112.5947873,133.72,0.0,0.0,TRACKING_BUOY,334,14
1785927435.031,2026-08-05 17:57:15,GUIDED,True,-7.9263061,112.5947845,133.75,0.0,0.0,TRACKING_BUOY,333,13
1785927435.184,2026-08-05 17:57:15,GUIDED,True,-7.9263061,112.5947845,133.78,0.0,0.0,TRACKING_BUOY,329,9
1785927435.333,2026-08-05 17:57:15,GUIDED,True,-7.9263036,112.5947765,133.82,0.0,0.0,TRACKING_BUOY,324,4
1785927435.478,2026-08-05 17:57:15,GUIDED,True,-7.9263025,112.5947744,133.86,0.0,0.0,TRACKING_BUOY,320,0
1785927435.618,2026-08-05 17:57:15,GUIDED,True,-7.9263019,112.5947686,133.88,0.0,0.0,TRACKING_BUOY,311,-9
1785927435.758,2026-08-05 17:57:15,GUIDED,True,-7.9263019,112.5947686,133.9,0.0,0.0,TRACKING_BUOY,306,-14
1785927435.910,2026-08-05 17:57:15,GUIDED,True,-7.9262996,112.5947646,133.96,0.0,0.0,TRACKING_BUOY,302,-18
1785927436.058,2026-08-05 17:57:16,GUIDED,True,-7.9262967,112.5947622,134.0,0.0,0.0,TRACKING_BUOY,300,-20
1785927436.198,2026-08-05 17:57:16,GUIDED,True,-7.9262938,112.594758,134.05,0.0,0.0,TRACKING_BUOY,295,-25
1785927436.339,2026-08-05 17:57:16,GUIDED,True,-7.9262938,112.594758,134.07,0.0,0.0,TRACKING_BUOY,291,-29
1785927436.481,2026-08-05 17:57:16,GUIDED,True,-7.9262896,112.5947574,134.13,0.0,0.0,TRACKING_BUOY,291,-29
1785927436.622,2026-08-05 17:57:16,GUIDED,True,-7.9262881,112.5947534,134.14,0.0,0.0,TRACKING_BUOY,293,-27
1785927436.765,2026-08-05 17:57:16,GUIDED,True,-7.9262881,112.5947534,134.15,0.0,0.0,TRACKING_BUOY,297,-23
1785927436.912,2026-08-05 17:57:16,GUIDED,True,-7.9262874,112.5947494,134.21,0.0,0.0,TRACKING_BUOY,304,-16
1785927437.056,2026-08-05 17:57:17,GUIDED,True,-7.9262853,112.5947457,134.24,0.0,0.0,TRACKING_BUOY,309,-11
1785927437.205,2026-08-05 17:57:17,GUIDED,True,-7.9262812,112.5947454,134.32,0.0,0.0,TRACKING_BUOY,314,-6
1785927437.357,2026-08-05 17:57:17,GUIDED,True,-7.9262812,112.5947454,134.33,0.0,0.0,TRACKING_BUOY,320,0
1785927437.525,2026-08-05 17:57:17,GUIDED,True,-7.9262768,112.5947466,134.38,0.0,0.0,TRACKING_BUOY,321,1
1785927437.684,2026-08-05 17:57:17,GUIDED,True,-7.9262721,112.5947486,134.43,0.0,0.0,TRACKING_BUOY,322,2
1785927437.875,2026-08-05 17:57:17,GUIDED,True,-7.9262684,112.5947466,134.46,0.0,0.0,TRACKING_BUOY,323,3
1785927438.100,2026-08-05 17:57:18,GUIDED,True,-7.9262647,112.5947468,134.53,0.0,0.0,TRACKING_BUOY,326,6
1785927438.257,2026-08-05 17:57:18,GUIDED,True,-7.9262606,112.5947475,134.56,0.0,0.0,TRACKING_BUOY,327,7
1785927438.399,2026-08-05 17:57:18,GUIDED,True,-7.9262571,112.5947471,134.59,0.0,0.0,TRACKING_BUOY,329,9
1785927438.540,2026-08-05 17:57:18,GUIDED,True,-7.9262571,112.5947471,134.61,0.0,0.0,TRACKING_BUOY,331,11
1785927438.688,2026-08-05 17:57:18,GUIDED,True,-7.9262546,112.5947449,134.64,0.0,0.0,TRACKING_BUOY,332,12
1785927438.835,2026-08-05 17:57:18,GUIDED,True,-7.9262524,112.5947446,134.66,0.0,0.0,TRACKING_BUOY,335,15
1785927438.990,2026-08-05 17:57:18,GUIDED,True,-7.9262524,112.5947446,134.68,0.0,0.0,TRACKING_BUOY,334,14
1785927439.137,2026-08-05 17:57:19,GUIDED,True,-7.9262509,112.5947394,134.72,0.0,0.0,TRACKING_BUOY,332,12
1785927439.282,2026-08-05 17:57:19,GUIDED,True,-7.9262497,112.5947367,134.76,0.0,0.0,TRACKING_BUOY,331,11
1785927439.421,2026-08-05 17:57:19,GUIDED,True,-7.9262473,112.5947352,134.79,0.0,0.0,TRACKING_BUOY,329,9
1785927439.568,2026-08-05 17:57:19,GUIDED,True,-7.9262473,112.5947352,134.81,0.0,0.0,TRACKING_BUOY,328,8
1785927439.713,2026-08-05 17:57:19,GUIDED,True,-7.9262447,112.594734,134.86,0.0,0.0,TRACKING_BUOY,325,5
1785927439.859,2026-08-05 17:57:19,GUIDED,True,-7.9262424,112.5947363,134.89,0.0,0.0,TRACKING_BUOY,322,2
1785927440.015,2026-08-05 17:57:20,GUIDED,True,-7.9262424,112.5947363,134.91,0.0,0.0,TRACKING_BUOY,319,-1
1785927440.158,2026-08-05 17:57:20,GUIDED,True,-7.9262419,112.5947389,134.97,0.0,0.0,TRACKING_BUOY,312,-8
1785927440.301,2026-08-05 17:57:20,GUIDED,True,-7.9262403,112.5947353,135.0,0.0,0.0,TRACKING_BUOY,313,-7
1785927440.445,2026-08-05 17:57:20,GUIDED,True,-7.9262414,112.594733,135.01,0.0,0.0,TRACKING_BUOY,317,-3
1785927440.590,2026-08-05 17:57:20,GUIDED,True,-7.9262414,112.594733,135.03,0.0,0.0,TRACKING_BUOY,320,0
1785927440.731,2026-08-05 17:57:20,GUIDED,True,-7.9262419,112.59473,135.05,0.0,0.0,TRACKING_BUOY,325,5
1785927440.878,2026-08-05 17:57:20,GUIDED,True,-7.9262405,112.5947285,135.08,0.0,0.0,TRACKING_BUOY,330,10
1785927441.022,2026-08-05 17:57:21,GUIDED,True,-7.9262374,112.5947255,135.11,0.0,0.0,TRACKING_BUOY,331,11
1785927441.193,2026-08-05 17:57:21,GUIDED,True,-7.9262374,112.5947255,135.14,0.0,0.0,TRACKING_BUOY,331,11
1785927441.334,2026-08-05 17:57:21,GUIDED,True,-7.9262328,112.5947219,135.19,0.0,0.0,TRACKING_BUOY,330,10
1785927441.473,2026-08-05 17:57:21,GUIDED,True,-7.9262282,112.5947183,135.22,0.0,0.0,TRACKING_BUOY,327,7
1785927441.618,2026-08-05 17:57:21,GUIDED,True,-7.9262257,112.5947187,135.28,0.0,0.0,TRACKING_BUOY,327,7
1785927441.759,2026-08-05 17:57:21,GUIDED,True,-7.9262257,112.5947187,135.31,0.0,0.0,TRACKING_BUOY,328,8
1785927441.902,2026-08-05 17:57:21,GUIDED,True,-7.9262236,112.5947187,135.36,0.0,0.0,TRACKING_BUOY,328,8
1785927442.046,2026-08-05 17:57:22,GUIDED,True,-7.9262226,112.5947196,135.39,0.0,0.0,TRACKING_BUOY,327,7
1785927442.192,2026-08-05 17:57:22,GUIDED,True,-7.9262226,112.5947196,135.4,0.0,0.0,TRACKING_BUOY,329,9
1785927442.334,2026-08-05 17:57:22,GUIDED,True,-7.9262213,112.5947225,135.42,0.0,0.0,TRACKING_BUOY,331,11
1785927442.477,2026-08-05 17:57:22,GUIDED,True,-7.9262198,112.5947262,135.47,0.0,0.0,TRACKING_BUOY,336,16
1785927442.623,2026-08-05 17:57:22,GUIDED,True,-7.9262194,112.5947302,135.48,0.0,0.0,TRACKING_BUOY,335,15
1785927442.767,2026-08-05 17:57:22,GUIDED,True,-7.9262194,112.5947302,135.5,0.0,0.0,TRACKING_BUOY,334,14
1785927442.913,2026-08-05 17:57:22,GUIDED,True,-7.9262184,112.594732,135.53,0.0,0.0,TRACKING_BUOY,332,12
1785927443.059,2026-08-05 17:57:23,GUIDED,True,-7.9262177,112.5947333,135.56,0.0,0.0,TRACKING_BUOY,331,11
1785927443.213,2026-08-05 17:57:23,GUIDED,True,-7.9262186,112.5947337,135.6,0.0,0.0,TRACKING_BUOY,326,6
1785927443.364,2026-08-05 17:57:23,GUIDED,True,-7.9262186,112.5947337,135.63,0.0,0.0,TRACKING_BUOY,319,-1
1785927443.512,2026-08-05 17:57:23,GUIDED,True,-7.9262206,112.5947359,135.66,0.0,0.0,TRACKING_BUOY,308,-12
1785927443.655,2026-08-05 17:57:23,GUIDED,True,-7.9262218,112.5947401,135.67,0.0,0.0,TRACKING_BUOY,301,-19
1785927443.797,2026-08-05 17:57:23,GUIDED,True,-7.9262237,112.5947449,135.69,0.0,0.0,TRACKING_BUOY,296,-24
1785927443.945,2026-08-05 17:57:23,GUIDED,True,-7.9262237,112.5947449,135.7,0.0,0.0,TRACKING_BUOY,299,-21
1785927444.089,2026-08-05 17:57:24,GUIDED,True,-7.9262256,112.594749,135.74,0.0,0.0,TRACKING_BUOY,308,-12
1785927444.238,2026-08-05 17:57:24,GUIDED,True,-7.9262274,112.5947532,135.78,0.0,0.0,TRACKING_BUOY,316,-4
1785927444.376,2026-08-05 17:57:24,GUIDED,True,-7.9262274,112.5947532,135.8,0.0,0.0,TRACKING_BUOY,325,5
1785927444.526,2026-08-05 17:57:24,GUIDED,True,-7.9262282,112.5947541,135.84,0.0,0.0,TRACKING_BUOY,329,9
1785927444.665,2026-08-05 17:57:24,GUIDED,True,-7.9262298,112.5947568,135.85,0.0,0.0,TRACKING_BUOY,333,13
1785927444.806,2026-08-05 17:57:24,GUIDED,True,-7.9262306,112.5947614,135.9,0.0,0.0,TRACKING_BUOY,333,13
1785927444.951,2026-08-05 17:57:24,GUIDED,True,-7.9262306,112.5947614,135.93,0.0,0.0,TRACKING_BUOY,332,12
1785927445.095,2026-08-05 17:57:25,GUIDED,True,-7.92623,112.5947686,135.98,0.0,0.0,TRACKING_BUOY,331,11
1785927445.255,2026-08-05 17:57:25,GUIDED,True,-7.9262299,112.5947766,135.99,0.0,0.0,TRACKING_BUOY,327,7
1785927445.395,2026-08-05 17:57:25,GUIDED,True,-7.9262323,112.5947801,136.03,0.0,0.0,TRACKING_BUOY,319,-1
1785927445.546,2026-08-05 17:57:25,GUIDED,True,-7.9262323,112.5947801,136.05,0.0,0.0,TRACKING_BUOY,310,-10
1785927445.688,2026-08-05 17:57:25,GUIDED,True,-7.9262333,112.5947827,136.09,0.0,0.0,TRACKING_BUOY,306,-14
1785927445.832,2026-08-05 17:57:25,GUIDED,True,-7.9262323,112.5947902,136.09,0.0,0.0,TRACKING_BUOY,312,-8
1785927445.980,2026-08-05 17:57:25,GUIDED,True,-7.9262307,112.5947975,136.12,0.0,0.0,TRACKING_BUOY,322,2
1785927446.127,2026-08-05 17:57:26,GUIDED,True,-7.9262307,112.5947975,136.13,0.0,0.0,TRACKING_BUOY,332,12
1785927446.302,2026-08-05 17:57:26,GUIDED,True,-7.9262287,112.5948056,136.16,0.0,0.0,TRACKING_BUOY,339,19
1785927446.447,2026-08-05 17:57:26,GUIDED,True,-7.9262291,112.5948088,136.18,0.0,0.0,TRACKING_BUOY,342,22
1785927446.590,2026-08-05 17:57:26,GUIDED,True,-7.9262291,112.5948088,136.19,0.0,0.0,TRACKING_BUOY,343,23
1785927446.733,2026-08-05 17:57:26,GUIDED,True,-7.9262281,112.5948167,136.23,0.0,0.0,TRACKING_BUOY,333,13
1785927446.876,2026-08-05 17:57:26,GUIDED,True,-7.9262278,112.5948248,136.26,0.0,0.0,TRACKING_BUOY,319,-1
1785927447.024,2026-08-05 17:57:27,GUIDED,True,-7.9262273,112.5948343,136.28,0.0,0.0,TRACKING_BUOY,305,-15
1785927447.169,2026-08-05 17:57:27,GUIDED,True,-7.9262273,112.5948343,136.32,0.0,0.0,TRACKING_BUOY,288,-32
1785927447.313,2026-08-05 17:57:27,GUIDED,True,-7.9262262,112.5948425,136.37,0.0,0.0,TRACKING_BUOY,270,-50
1785927447.458,2026-08-05 17:57:27,GUIDED,True,-7.9262251,112.5948475,136.39,0.0,0.0,TRACKING_BUOY,256,-64
1785927447.600,2026-08-05 17:57:27,GUIDED,True,-7.9262251,112.5948503,136.42,0.0,0.0,TRACKING_BUOY,244,-76
1785927447.750,2026-08-05 17:57:27,GUIDED,True,-7.9262251,112.5948503,136.44,0.0,0.0,TRACKING_BUOY,238,-82
1785927447.892,2026-08-05 17:57:27,GUIDED,True,-7.9262254,112.594852,136.47,0.0,0.0,TRACKING_BUOY,237,-83
1785927448.040,2026-08-05 17:57:28,GUIDED,True,-7.9262256,112.5948545,136.49,0.0,0.0,TRACKING_BUOY,236,-84
1785927448.197,2026-08-05 17:57:28,GUIDED,True,-7.9262279,112.5948563,136.49,0.0,0.0,TRACKING_BUOY,238,-82
1785927448.344,2026-08-05 17:57:28,GUIDED,True,-7.9262279,112.5948563,136.51,0.0,0.0,TRACKING_BUOY,240,-80
1785927448.492,2026-08-05 17:57:28,GUIDED,True,-7.9262294,112.5948556,136.56,0.0,0.0,TRACKING_BUOY,245,-75
1785927448.649,2026-08-05 17:57:28,GUIDED,True,-7.9262309,112.5948521,136.58,0.0,0.0,TRACKING_BUOY,251,-69
1785927448.814,2026-08-05 17:57:28,GUIDED,True,-7.9262342,112.5948471,136.62,0.0,0.0,TRACKING_BUOY,263,-57
1785927448.959,2026-08-05 17:57:28,GUIDED,True,-7.9262342,112.5948471,136.64,0.0,0.0,TRACKING_BUOY,281,-39
1785927449.105,2026-08-05 17:57:29,GUIDED,True,-7.9262374,112.5948428,136.69,0.0,0.0,TRACKING_BUOY,293,-27
1785927449.249,2026-08-05 17:57:29,GUIDED,True,-7.92624,112.5948395,136.71,0.0,0.0,TRACKING_BUOY,301,-19
1785927449.393,2026-08-05 17:57:29,GUIDED,True,-7.92624,112.5948395,136.73,0.0,0.0,TRACKING_BUOY,313,-7
1785927449.537,2026-08-05 17:57:29,GUIDED,True,-7.9262424,112.5948408,136.77,0.0,0.0,TRACKING_BUOY,326,6
1785927449.680,2026-08-05 17:57:29,GUIDED,True,-7.9262428,112.5948441,136.78,0.0,0.0,TRACKING_BUOY,332,12
1785927449.822,2026-08-05 17:57:29,GUIDED,True,-7.9262432,112.594845,136.8,0.0,0.0,TRACKING_BUOY,338,18
1785927449.989,2026-08-05 17:57:29,GUIDED,True,-7.9262432,112.594845,136.82,0.0,0.0,TRACKING_BUOY,342,22
1785927450.127,2026-08-05 17:57:30,GUIDED,True,-7.9262472,112.5948425,136.84,0.0,0.0,TRACKING_BUOY,348,28
1785927450.282,2026-08-05 17:57:30,GUIDED,True,-7.9262517,112.5948397,136.86,0.0,0.0,TRACKING_BUOY,350,30
1785927450.829,2026-08-05 17:57:30,GUIDED,True,-7.9262584,112.5948361,136.94,0.0,0.0,TRACKING_BUOY,350,30
1785927451.009,2026-08-05 17:57:31,GUIDED,True,-7.9262584,112.5948361,136.95,0.0,0.0,TRACKING_BUOY,,
1785927451.173,2026-08-05 17:57:31,GUIDED,True,-7.9262599,112.594833,136.99,0.0,0.0,TRACKING_BUOY,,
1785927451.378,2026-08-05 17:57:31,GUIDED,True,-7.9262617,112.5948355,137.02,0.0,0.0,TRACKING_BUOY,,
1785927451.547,2026-08-05 17:57:31,GUIDED,True,-7.9262643,112.5948385,137.06,0.0,0.0,TRACKING_BUOY,,
1785927451.739,2026-08-05 17:57:31,GUIDED,True,-7.926266,112.5948429,137.09,0.0,0.0,TRACKING_BUOY,,
1785927451.879,2026-08-05 17:57:31,GUIDED,True,-7.926265,112.5948495,137.11,0.0,0.0,TRACKING_BUOY,,
1785927452.019,2026-08-05 17:57:32,GUIDED,True,-7.9262659,112.5948569,137.13,0.0,0.0,TRACKING_BUOY,,
1785927452.172,2026-08-05 17:57:32,GUIDED,True,-7.9262659,112.5948569,137.14,0.0,0.0,TRACKING_BUOY,,
1785927452.330,2026-08-05 17:57:32,GUIDED,True,-7.9262668,112.5948676,137.14,0.0,0.0,TRACKING_BUOY,,
1785927452.475,2026-08-05 17:57:32,GUIDED,True,-7.9262669,112.5948737,137.17,0.0,0.0,TRACKING_BUOY,,
1785927452.616,2026-08-05 17:57:32,GUIDED,True,-7.9262714,112.5948754,137.19,0.0,0.0,TRACKING_BUOY,,
1785927452.758,2026-08-05 17:57:32,GUIDED,True,-7.9262714,112.5948754,137.21,0.0,0.0,TRACKING_BUOY,,
1785927452.898,2026-08-05 17:57:32,GUIDED,True,-7.9262759,112.5948785,137.24,0.0,0.0,TRACKING_BUOY,,
1785927453.043,2026-08-05 17:57:33,GUIDED,True,-7.9262798,112.5948741,137.26,0.0,0.0,TRACKING_BUOY,,
1785927453.189,2026-08-05 17:57:33,GUIDED,True,-7.9262798,112.5948741,137.27,0.0,0.0,TRACKING_BUOY,,
1785927453.329,2026-08-05 17:57:33,GUIDED,True,-7.9262794,112.5948812,137.29,0.0,0.0,TRACKING_BUOY,,
1785927453.467,2026-08-05 17:57:33,GUIDED,True,-7.9262788,112.5948898,137.31,0.0,0.0,TRACKING_BUOY,,
1785927453.608,2026-08-05 17:57:33,GUIDED,True,-7.9262809,112.5948924,137.33,0.0,0.0,TRACKING_BUOY,,
1785927453.763,2026-08-05 17:57:33,GUIDED,True,-7.9262809,112.5948924,137.34,0.0,0.0,TRACKING_BUOY,,
1785927453.907,2026-08-05 17:57:33,GUIDED,True,-7.9262842,112.594892,137.36,0.0,0.0,TRACKING_BUOY,,
1785927454.047,2026-08-05 17:57:34,GUIDED,True,-7.9262858,112.5948982,137.37,0.0,0.0,TRACKING_BUOY,,
1785927454.188,2026-08-05 17:57:34,GUIDED,True,-7.9262858,112.5948982,137.37,0.0,0.0,TRACKING_BUOY,,
1785927454.330,2026-08-05 17:57:34,GUIDED,True,-7.9262875,112.5949045,137.39,0.0,0.0,TRACKING_BUOY,,
1785927454.482,2026-08-05 17:57:34,GUIDED,True,-7.9262884,112.5949117,137.41,0.0,0.0,TRACKING_BUOY,,
1785927454.629,2026-08-05 17:57:34,GUIDED,True,-7.9262891,112.5949168,137.43,0.0,0.0,TRACKING_BUOY,,
1785927454.775,2026-08-05 17:57:34,GUIDED,True,-7.9262891,112.5949168,137.44,0.0,0.0,TRACKING_BUOY,,
1785927454.920,2026-08-05 17:57:34,GUIDED,True,-7.9262891,112.5949168,137.47,0.0,0.0,TRACKING_BUOY,,
1785927455.070,2026-08-05 17:57:35,GUIDED,True,-7.9262903,112.5949281,137.51,0.0,0.0,TRACKING_BUOY,,
1785927455.226,2026-08-05 17:57:35,GUIDED,True,-7.9262918,112.5949327,137.52,0.0,0.0,TRACKING_BUOY,,
1785927455.369,2026-08-05 17:57:35,GUIDED,True,-7.9262918,112.5949327,137.54,0.0,0.0,TRACKING_BUOY,,
1785927455.509,2026-08-05 17:57:35,GUIDED,True,-7.9262942,112.5949352,137.57,0.0,0.0,TRACKING_BUOY,,
1785927455.650,2026-08-05 17:57:35,GUIDED,False,-7.9262942,112.5949352,137.57,0.0,0.0,TRACKING_BUOY,,
1785927455.800,2026-08-05 17:57:35,GUIDED,False,-7.9262942,112.5949352,137.58,0.0,0.0,TRACKING_BUOY,,
1785927455.965,2026-08-05 17:57:35,GUIDED,False,-7.9262942,112.5949352,137.61,0.0,0.0,TRACKING_BUOY,,
1785927456.108,2026-08-05 17:57:36,GUIDED,False,-7.9263046,112.5949432,137.63,0.0,0.0,TRACKING_BUOY,,
1785927456.257,2026-08-05 17:57:36,GUIDED,False,-7.9263066,112.5949474,137.63,0.0,0.0,TRACKING_BUOY,,
1785927456.404,2026-08-05 17:57:36,GUIDED,False,-7.9263076,112.594952,137.65,0.0,0.0,TRACKING_BUOY,,
1785927456.547,2026-08-05 17:57:36,GUIDED,False,-7.9263076,112.594952,137.67,0.0,0.0,TRACKING_BUOY,,
1785927456.697,2026-08-05 17:57:36,GUIDED,False,-7.9263114,112.5949558,137.7,0.0,0.0,TRACKING_BUOY,,
1785927456.842,2026-08-05 17:57:36,GUIDED,False,-7.9263114,112.5949558,137.71,0.0,0.0,TRACKING_BUOY,,
1785927456.996,2026-08-05 17:57:36,GUIDED,False,-7.9263153,112.5949605,137.72,0.0,0.0,TRACKING_BUOY,,
1785927457.141,2026-08-05 17:57:37,GUIDED,False,-7.9263152,112.5949672,137.76,0.0,0.0,TRACKING_BUOY,,
1785927457.322,2026-08-05 17:57:37,GUIDED,False,-7.9263117,112.594974,137.79,0.0,0.0,TRACKING_BUOY,,
1785927457.543,2026-08-05 17:57:37,GUIDED,False,-7.9263107,112.5949801,137.8,0.0,0.0,TRACKING_BUOY,,
1785927457.693,2026-08-05 17:57:37,GUIDED,False,-7.9263114,112.5949847,137.83,0.0,0.0,TRACKING_BUOY,,
1785927457.839,2026-08-05 17:57:37,GUIDED,False,-7.9263114,112.5949847,137.84,0.0,0.0,TRACKING_BUOY,,
1785927458.003,2026-08-05 17:57:38,GUIDED,False,-7.926313,112.5949889,137.86,0.0,0.0,TRACKING_BUOY,,
1785927458.142,2026-08-05 17:57:38,GUIDED,False,-7.9263159,112.594992,137.86,0.0,0.0,TRACKING_BUOY,,
1785927458.303,2026-08-05 17:57:38,GUIDED,False,-7.9263133,112.5949971,137.9,0.0,0.0,TRACKING_BUOY,,
1785927458.442,2026-08-05 17:57:38,GUIDED,False,-7.9263133,112.5949971,137.91,0.0,0.0,TRACKING_BUOY,,
1785927458.584,2026-08-05 17:57:38,GUIDED,False,-7.9263133,112.5949971,137.91,0.0,0.0,TRACKING_BUOY,,
1785927458.726,2026-08-05 17:57:38,GUIDED,False,-7.9263133,112.5949971,137.93,0.0,0.0,TRACKING_BUOY,,
1785927458.874,2026-08-05 17:57:38,GUIDED,False,-7.9263133,112.5949971,137.93,0.0,0.0,TRACKING_BUOY,,
1785927459.014,2026-08-05 17:57:39,GUIDED,False,-7.9263133,112.5949971,137.97,0.0,0.0,TRACKING_BUOY,,
1785927459.158,2026-08-05 17:57:39,GUIDED,False,-7.9263133,112.5949971,137.98,0.0,0.0,TRACKING_BUOY,,
