timestamp,iso_time,mode,armed,lat,lng,heading,sog_knots,battery_v,state,gate_x,error_px
1786033459.272,2026-08-06 23:24:19,MANUAL,True,-7.9262282,112.5949178,230.19,0.0,0.0,IDLE,,
1786033459.400,2026-08-06 23:24:19,MANUAL,True,-7.9262282,112.5949177,230.19,0.0,0.0,IDLE,,
1786033459.718,2026-08-06 23:24:19,MANUAL,True,-7.9262284,112.5949177,230.2,0.0,0.0,IDLE,,
1786033459.977,2026-08-06 23:24:19,MANUAL,True,-7.9262285,112.5949177,230.19,0.0,0.0,IDLE,,
1786033460.172,2026-08-06 23:24:20,MANUAL,True,-7.9262286,112.5949178,230.18,0.0,0.0,IDLE,,
1786033460.311,2026-08-06 23:24:20,MANUAL,True,-7.9262287,112.5949182,230.17,0.0,0.0,IDLE,,
1786033460.492,2026-08-06 23:24:20,MANUAL,True,-7.9262287,112.5949184,230.19,0.0,0.0,IDLE,,
1786033460.655,2026-08-06 23:24:20,MANUAL,True,-7.9262289,112.594919,230.18,0.0,0.0,IDLE,,
1786033460.791,2026-08-06 23:24:20,MANUAL,True,-7.9262289,112.5949192,230.18,0.0,0.0,IDLE,,
1786033460.924,2026-08-06 23:24:20,MANUAL,True,-7.9262291,112.5949196,230.19,0.0,0.0,IDLE,,
1786033461.057,2026-08-06 23:24:21,MANUAL,True,-7.9262292,112.5949198,230.18,0.0,0.0,IDLE,,
1786033461.220,2026-08-06 23:24:21,MANUAL,True,-7.9262295,112.59492,230.15,0.0,0.0,IDLE,,
1786033461.375,2026-08-06 23:24:21,MANUAL,True,-7.9262297,112.5949201,230.15,0.0,0.0,IDLE,,
1786033461.591,2026-08-06 23:24:21,MANUAL,True,-7.9262301,112.5949205,230.15,0.0,0.0,IDLE,,
1786033461.748,2026-08-06 23:24:21,MANUAL,True,-7.9262306,112.5949209,230.13,0.0,0.0,IDLE,,
1786033461.866,2026-08-06 23:24:21,MANUAL,True,-7.9262309,112.5949211,230.14,0.0,0.0,IDLE,,
1786033461.985,2026-08-06 23:24:21,MANUAL,True,-7.9262311,112.5949213,230.13,0.0,0.0,IDLE,,
1786033462.117,2026-08-06 23:24:22,MANUAL,True,-7.9262315,112.5949218,230.16,0.0,0.0,IDLE,,
1786033462.357,2026-08-06 23:24:22,MANUAL,True,-7.9262319,112.5949224,230.16,0.0,0.0,IDLE,,
1786033462.480,2026-08-06 23:24:22,MANUAL,True,-7.9262322,112.5949227,230.16,0.0,0.0,IDLE,,
1786033462.608,2026-08-06 23:24:22,MANUAL,True,-7.9262326,112.5949232,230.16,0.0,0.0,IDLE,,
1786033462.754,2026-08-06 23:24:22,MANUAL,True,-7.9262329,112.5949235,230.16,0.0,0.0,IDLE,,
1786033462.893,2026-08-06 23:24:22,MANUAL,True,-7.9262331,112.5949238,230.17,0.0,0.0,IDLE,,
1786033463.103,2026-08-06 23:24:23,MANUAL,True,-7.9262335,112.5949245,230.16,0.0,0.0,IDLE,,
1786033463.244,2026-08-06 23:24:23,MANUAL,True,-7.9262338,112.5949251,230.17,0.0,0.0,IDLE,,
1786033463.396,2026-08-06 23:24:23,MANUAL,True,-7.9262339,112.5949255,230.16,0.0,0.0,IDLE,,
1786033463.525,2026-08-06 23:24:23,MANUAL,True,-7.9262343,112.5949262,230.16,0.0,0.0,IDLE,,
1786033463.652,2026-08-06 23:24:23,MANUAL,True,-7.9262345,112.5949267,230.16,0.0,0.0,IDLE,,
1786033463.787,2026-08-06 23:24:23,MANUAL,True,-7.9262346,112.5949271,230.16,0.0,0.0,IDLE,,
1786033463.906,2026-08-06 23:24:23,MANUAL,True,-7.926235,112.5949281,230.14,0.0,0.0,IDLE,,
1786033464.027,2026-08-06 23:24:24,MANUAL,True,-7.9262352,112.5949285,230.13,0.0,0.0,IDLE,,
1786033464.152,2026-08-06 23:24:24,MANUAL,True,-7.9262355,112.594929,230.13,0.0,0.0,IDLE,,
1786033464.276,2026-08-06 23:24:24,MANUAL,True,-7.9262357,112.5949296,230.14,0.0,0.0,IDLE,,
1786033464.403,2026-08-06 23:24:24,MANUAL,True,-7.9262363,112.5949307,230.15,0.0,0.0,IDLE,,
1786033464.542,2026-08-06 23:24:24,MANUAL,True,-7.9262366,112.5949312,230.15,0.0,0.0,IDLE,183,-137
1786033464.670,2026-08-06 23:24:24,MANUAL,True,-7.9262369,112.5949318,230.13,0.0,0.0,IDLE,,
1786033464.790,2026-08-06 23:24:24,MANUAL,True,-7.9262371,112.594932,230.12,0.0,0.0,IDLE,,
1786033464.908,2026-08-06 23:24:24,MANUAL,True,-7.9262379,112.5949328,230.11,0.0,0.0,IDLE,,
1786033465.026,2026-08-06 23:24:25,MANUAL,True,-7.9262382,112.5949331,230.12,0.0,0.0,IDLE,,
1786033465.148,2026-08-06 23:24:25,MANUAL,True,-7.9262384,112.5949334,230.13,0.0,0.0,IDLE,,
1786033465.266,2026-08-06 23:24:25,MANUAL,True,-7.9262387,112.5949337,230.14,0.0,0.0,IDLE,,
1786033465.390,2026-08-06 23:24:25,MANUAL,True,-7.926239,112.5949341,230.13,0.0,0.0,IDLE,,
1786033465.509,2026-08-06 23:24:25,MANUAL,True,-7.9262396,112.594935,230.14,0.0,0.0,IDLE,,
1786033465.624,2026-08-06 23:24:25,MANUAL,True,-7.9262399,112.5949355,230.15,0.0,0.0,IDLE,,
1786033465.747,2026-08-06 23:24:25,MANUAL,True,-7.9262402,112.5949359,230.15,0.0,0.0,IDLE,640,320
1786033465.865,2026-08-06 23:24:25,MANUAL,True,-7.9262405,112.5949364,230.16,0.0,0.0,IDLE,640,320
1786033465.986,2026-08-06 23:24:25,MANUAL,True,-7.9262409,112.5949369,230.15,0.0,0.0,IDLE,296,-24
1786033466.106,2026-08-06 23:24:26,MANUAL,True,-7.9262416,112.5949379,230.15,0.0,0.0,IDLE,294,-26
1786033466.219,2026-08-06 23:24:26,MANUAL,True,-7.926242,112.5949383,230.14,0.0,0.0,IDLE,302,-18
1786033466.340,2026-08-06 23:24:26,MANUAL,True,-7.9262424,112.5949388,230.14,0.0,0.0,IDLE,303,-17
1786033466.458,2026-08-06 23:24:26,MANUAL,True,-7.9262429,112.5949393,230.15,0.0,0.0,IDLE,310,-10
1786033466.572,2026-08-06 23:24:26,MANUAL,True,-7.9262434,112.5949397,230.14,0.0,0.0,IDLE,319,-1
1786033466.691,2026-08-06 23:24:26,MANUAL,True,-7.9262441,112.5949402,230.12,0.0,0.0,IDLE,325,5
1786033466.809,2026-08-06 23:24:26,MANUAL,True,-7.9262452,112.5949409,230.12,0.0,0.0,IDLE,327,7
1786033466.928,2026-08-06 23:24:26,MANUAL,True,-7.9262459,112.5949413,230.11,0.0,0.0,IDLE,316,-4
1786033467.042,2026-08-06 23:24:27,MANUAL,True,-7.9262467,112.5949416,230.11,0.0,0.0,IDLE,293,-27
1786033467.158,2026-08-06 23:24:27,MANUAL,True,-7.9262474,112.5949419,230.1,0.0,0.0,IDLE,264,-56
1786033467.274,2026-08-06 23:24:27,MANUAL,True,-7.9262479,112.594942,230.09,0.0,0.0,IDLE,250,-70
1786033467.397,2026-08-06 23:24:27,MANUAL,True,-7.9262484,112.5949423,230.07,0.0,0.0,IDLE,229,-91
1786033467.516,2026-08-06 23:24:27,MANUAL,True,-7.9262495,112.5949429,230.07,0.0,0.0,IDLE,214,-106
1786033467.627,2026-08-06 23:24:27,MANUAL,True,-7.9262495,112.5949429,230.07,0.0,0.0,IDLE,205,-115
1786033467.739,2026-08-06 23:24:27,MANUAL,True,-7.9262507,112.5949437,230.05,0.0,0.0,IDLE,205,-115
1786033467.857,2026-08-06 23:24:27,MANUAL,True,-7.9262513,112.5949441,230.07,0.0,0.0,IDLE,209,-111
1786033467.976,2026-08-06 23:24:27,MANUAL,True,-7.9262519,112.5949444,230.06,0.0,0.0,IDLE,221,-99
1786033468.111,2026-08-06 23:24:28,MANUAL,True,-7.926253,112.5949451,230.05,0.0,0.0,IDLE,245,-75
1786033468.228,2026-08-06 23:24:28,MANUAL,True,-7.9262536,112.5949455,230.06,0.0,0.0,IDLE,279,-41
1786033468.341,2026-08-06 23:24:28,MANUAL,True,-7.9262541,112.5949458,230.07,0.0,0.0,IDLE,315,-5
1786033468.459,2026-08-06 23:24:28,MANUAL,True,-7.9262546,112.5949462,230.07,0.0,0.0,IDLE,332,12
1786033468.582,2026-08-06 23:24:28,MANUAL,True,-7.9262551,112.5949464,230.07,0.0,0.0,IDLE,368,48
1786033468.698,2026-08-06 23:24:28,MANUAL,True,-7.9262556,112.5949466,230.07,0.0,0.0,IDLE,402,82
1786033468.813,2026-08-06 23:24:28,MANUAL,True,-7.9262564,112.594947,230.07,0.0,0.0,IDLE,422,102
1786033468.929,2026-08-06 23:24:28,MANUAL,True,-7.9262569,112.5949473,230.05,0.0,0.0,IDLE,425,105
1786033469.041,2026-08-06 23:24:29,MANUAL,True,-7.9262573,112.5949475,230.05,0.0,0.0,IDLE,431,111
1786033469.157,2026-08-06 23:24:29,MANUAL,True,-7.9262578,112.5949478,230.06,0.0,0.0,IDLE,435,115
1786033469.275,2026-08-06 23:24:29,MANUAL,True,-7.9262582,112.594948,230.08,0.0,0.0,IDLE,435,115
1786033469.399,2026-08-06 23:24:29,MANUAL,True,-7.9262587,112.5949482,230.08,0.0,0.0,IDLE,432,112
1786033469.519,2026-08-06 23:24:29,MANUAL,True,-7.9262598,112.5949486,230.11,0.0,0.0,IDLE,419,99
1786033469.636,2026-08-06 23:24:29,MANUAL,True,-7.9262603,112.5949489,230.11,0.0,0.0,IDLE,398,78
1786033469.752,2026-08-06 23:24:29,MANUAL,True,-7.9262607,112.5949493,230.12,0.0,0.0,IDLE,375,55
1786033469.867,2026-08-06 23:24:29,MANUAL,True,-7.9262612,112.5949497,230.11,0.0,0.0,IDLE,364,44
1786033469.979,2026-08-06 23:24:29,MANUAL,True,-7.9262617,112.5949502,230.11,0.0,0.0,IDLE,332,12
1786033470.095,2026-08-06 23:24:30,MANUAL,True,-7.9262622,112.5949507,230.1,0.0,0.0,IDLE,307,-13
1786033470.210,2026-08-06 23:24:30,MANUAL,True,-7.9262633,112.5949515,230.09,0.0,0.0,IDLE,282,-38
1786033470.327,2026-08-06 23:24:30,MANUAL,True,-7.9262639,112.5949519,230.09,0.0,0.0,IDLE,271,-49
1786033470.453,2026-08-06 23:24:30,MANUAL,True,-7.9262644,112.5949524,230.09,0.0,0.0,IDLE,244,-76
1786033470.575,2026-08-06 23:24:30,MANUAL,True,-7.9262649,112.594953,230.09,0.0,0.0,IDLE,225,-95
1786033470.694,2026-08-06 23:24:30,MANUAL,True,-7.9262655,112.5949539,230.1,0.0,0.0,IDLE,214,-106
1786033470.809,2026-08-06 23:24:30,MANUAL,True,-7.9262663,112.5949545,230.11,0.0,0.0,IDLE,211,-109
1786033470.926,2026-08-06 23:24:30,MANUAL,True,-7.9262667,112.5949549,230.12,0.0,0.0,IDLE,211,-109
1786033471.041,2026-08-06 23:24:31,MANUAL,True,-7.926267,112.5949554,230.13,0.0,0.0,IDLE,218,-102
1786033471.165,2026-08-06 23:24:31,MANUAL,True,-7.9262674,112.5949558,230.14,0.0,0.0,IDLE,230,-90
1786033471.277,2026-08-06 23:24:31,MANUAL,True,-7.9262678,112.5949563,230.15,0.0,0.0,IDLE,256,-64
1786033471.399,2026-08-06 23:24:31,MANUAL,True,-7.9262682,112.5949568,230.14,0.0,0.0,IDLE,268,-52
1786033471.516,2026-08-06 23:24:31,MANUAL,True,-7.9262688,112.5949577,230.13,0.0,0.0,IDLE,296,-24
1786033471.653,2026-08-06 23:24:31,MANUAL,True,-7.9262691,112.5949583,230.12,0.0,0.0,IDLE,328,8
1786033471.767,2026-08-06 23:24:31,MANUAL,True,-7.9262694,112.5949589,230.14,0.0,0.0,IDLE,3,-317
1786033471.883,2026-08-06 23:24:31,MANUAL,True,-7.9262698,112.5949595,230.14,0.0,0.0,IDLE,324,4
1786033472.003,2026-08-06 23:24:32,MANUAL,True,-7.9262705,112.5949608,230.14,0.0,0.0,IDLE,310,-10
1786033472.123,2026-08-06 23:24:32,MANUAL,True,-7.9262709,112.5949613,230.13,0.0,0.0,IDLE,287,-33
1786033472.240,2026-08-06 23:24:32,MANUAL,True,-7.9262713,112.5949619,230.13,0.0,0.0,IDLE,278,-42
1786033472.366,2026-08-06 23:24:32,MANUAL,True,-7.9262718,112.5949625,230.12,0.0,0.0,IDLE,310,-10
1786033472.478,2026-08-06 23:24:32,MANUAL,True,-7.9262722,112.594963,230.14,0.0,0.0,IDLE,,
1786033472.593,2026-08-06 23:24:32,MANUAL,True,-7.9262727,112.5949636,230.14,0.0,0.0,IDLE,,
1786033472.710,2026-08-06 23:24:32,MANUAL,True,-7.9262736,112.5949648,230.16,0.0,0.0,IDLE,,
1786033472.827,2026-08-06 23:24:32,MANUAL,True,-7.9262742,112.5949653,230.17,0.0,0.0,IDLE,,
1786033472.942,2026-08-06 23:24:32,MANUAL,True,-7.9262748,112.5949657,230.17,0.0,0.0,IDLE,,
1786033473.060,2026-08-06 23:24:33,MANUAL,True,-7.9262753,112.5949662,230.18,0.0,0.0,IDLE,,
1786033473.193,2026-08-06 23:24:33,MANUAL,True,-7.9262758,112.5949666,230.19,0.0,0.0,IDLE,,
1786033473.305,2026-08-06 23:24:33,MANUAL,True,-7.9262766,112.5949675,230.19,0.0,0.0,IDLE,,
1786033473.425,2026-08-06 23:24:33,MANUAL,True,-7.9262769,112.5949679,230.19,0.0,0.0,IDLE,,
1786033473.542,2026-08-06 23:24:33,MANUAL,True,-7.9262772,112.5949683,230.2,0.0,0.0,IDLE,,
1786033473.658,2026-08-06 23:24:33,MANUAL,True,-7.9262775,112.594969,230.22,0.0,0.0,IDLE,,
1786033473.771,2026-08-06 23:24:33,MANUAL,True,-7.9262776,112.5949692,230.23,0.0,0.0,IDLE,,
1786033473.886,2026-08-06 23:24:33,MANUAL,True,-7.9262778,112.5949696,230.23,0.0,0.0,IDLE,,
1786033474.001,2026-08-06 23:24:34,MANUAL,True,-7.9262784,112.5949702,230.23,0.0,0.0,IDLE,,
1786033474.116,2026-08-06 23:24:34,MANUAL,True,-7.9262787,112.5949704,230.24,0.0,0.0,IDLE,,
1786033474.230,2026-08-06 23:24:34,MANUAL,True,-7.9262789,112.5949705,230.24,0.0,0.0,IDLE,,
1786033474.342,2026-08-06 23:24:34,MANUAL,True,-7.9262791,112.5949707,230.23,0.0,0.0,IDLE,,
1786033474.459,2026-08-06 23:24:34,MANUAL,True,-7.9262792,112.5949709,230.23,0.0,0.0,IDLE,,
1786033474.574,2026-08-06 23:24:34,MANUAL,True,-7.9262793,112.5949712,230.24,0.0,0.0,IDLE,,
1786033474.692,2026-08-06 23:24:34,MANUAL,True,-7.9262793,112.5949714,230.27,0.0,0.0,IDLE,,
1786033474.807,2026-08-06 23:24:34,MANUAL,True,-7.9262792,112.5949718,230.27,0.0,0.0,IDLE,,
1786033474.926,2026-08-06 23:24:34,MANUAL,True,-7.9262791,112.5949719,230.27,0.0,0.0,IDLE,,
1786033475.049,2026-08-06 23:24:35,MANUAL,True,-7.926279,112.5949719,230.27,0.0,0.0,IDLE,,
1786033475.166,2026-08-06 23:24:35,MANUAL,True,-7.9262789,112.594972,230.26,0.0,0.0,IDLE,,
1786033475.286,2026-08-06 23:24:35,MANUAL,True,-7.9262788,112.5949721,230.27,0.0,0.0,IDLE,,
1786033475.438,2026-08-06 23:24:35,MANUAL,True,-7.9262785,112.5949721,230.29,0.0,0.0,IDLE,,
1786033475.569,2026-08-06 23:24:35,MANUAL,True,-7.9262784,112.5949721,230.3,0.0,0.0,IDLE,,
1786033475.695,2026-08-06 23:24:35,MANUAL,True,-7.9262783,112.5949722,230.31,0.0,0.0,IDLE,,
1786033475.812,2026-08-06 23:24:35,MANUAL,True,-7.9262781,112.5949723,230.31,0.0,0.0,IDLE,,
1786033475.942,2026-08-06 23:24:35,MANUAL,True,-7.9262779,112.5949723,230.31,0.0,0.0,IDLE,,
1786033476.074,2026-08-06 23:24:36,MANUAL,True,-7.9262778,112.5949723,230.32,0.0,0.0,IDLE,,
1786033476.190,2026-08-06 23:24:36,MANUAL,True,-7.9262776,112.5949723,230.33,0.0,0.0,IDLE,,
1786033476.430,2026-08-06 23:24:36,MANUAL,True,-7.9262768,112.5949718,230.34,0.0,0.0,IDLE,,
1786033476.571,2026-08-06 23:24:36,MANUAL,True,-7.9262766,112.5949717,230.35,0.0,0.0,IDLE,,
1786033476.695,2026-08-06 23:24:36,MANUAL,True,-7.9262762,112.5949715,230.35,0.0,0.0,IDLE,,
1786033476.859,2026-08-06 23:24:36,MANUAL,True,-7.9262758,112.5949712,230.36,0.0,0.0,IDLE,,
1786033476.989,2026-08-06 23:24:36,MANUAL,True,-7.9262755,112.594971,230.37,0.0,0.0,IDLE,,
1786033477.106,2026-08-06 23:24:37,MANUAL,True,-7.9262751,112.5949706,230.36,0.0,0.0,IDLE,,
1786033477.224,2026-08-06 23:24:37,MANUAL,True,-7.9262747,112.5949701,230.36,0.0,0.0,IDLE,,
1786033477.427,2026-08-06 23:24:37,MANUAL,True,-7.9262742,112.5949693,230.38,0.0,0.0,IDLE,,
1786033477.595,2026-08-06 23:24:37,MANUAL,True,-7.9262739,112.5949689,230.37,0.0,0.0,IDLE,,
1786033477.849,2026-08-06 23:24:37,MANUAL,True,-7.926273,112.594968,230.38,0.0,0.0,IDLE,,
1786033477.984,2026-08-06 23:24:37,MANUAL,True,-7.9262727,112.5949676,230.38,0.0,0.0,IDLE,,
1786033478.111,2026-08-06 23:24:38,MANUAL,True,-7.9262721,112.5949669,230.39,0.0,0.0,IDLE,,
1786033478.281,2026-08-06 23:24:38,MANUAL,True,-7.9262716,112.5949664,230.41,0.0,0.0,IDLE,,
1786033478.405,2026-08-06 23:24:38,MANUAL,True,-7.9262712,112.594966,230.42,0.0,0.0,IDLE,,
1786033478.560,2026-08-06 23:24:38,MANUAL,True,-7.9262703,112.5949649,230.43,0.0,0.0,IDLE,,
1786033478.696,2026-08-06 23:24:38,MANUAL,True,-7.9262703,112.5949649,230.43,0.0,0.0,IDLE,,
1786033478.821,2026-08-06 23:24:38,MANUAL,True,-7.9262691,112.5949636,230.46,0.0,0.0,IDLE,,
1786033478.954,2026-08-06 23:24:38,MANUAL,True,-7.9262688,112.5949632,230.46,0.0,0.0,IDLE,,
1786033479.078,2026-08-06 23:24:39,MANUAL,True,-7.9262685,112.5949628,230.48,0.0,0.0,IDLE,,
1786033479.208,2026-08-06 23:24:39,MANUAL,True,-7.9262682,112.5949623,230.49,0.0,0.0,IDLE,,
1786033479.348,2026-08-06 23:24:39,MANUAL,True,-7.9262675,112.5949612,230.51,0.0,0.0,IDLE,,
1786033479.503,2026-08-06 23:24:39,MANUAL,True,-7.9262672,112.5949607,230.52,0.0,0.0,IDLE,,
1786033479.632,2026-08-06 23:24:39,MANUAL,True,-7.9262669,112.5949601,230.53,0.0,0.0,IDLE,,
1786033479.775,2026-08-06 23:24:39,MANUAL,True,-7.9262661,112.5949586,230.53,0.0,0.0,IDLE,336,16
1786033479.910,2026-08-06 23:24:39,MANUAL,True,-7.9262658,112.5949579,230.53,0.0,0.0,IDLE,,
1786033480.047,2026-08-06 23:24:40,MANUAL,True,-7.9262652,112.5949567,230.56,0.0,0.0,IDLE,,
1786033480.186,2026-08-06 23:24:40,MANUAL,True,-7.9262649,112.5949561,230.58,0.0,0.0,IDLE,,
1786033480.466,2026-08-06 23:24:40,MANUAL,True,-7.9262639,112.5949542,230.62,0.0,0.0,IDLE,,
1786033480.855,2026-08-06 23:24:40,MANUAL,True,-7.9262628,112.5949518,230.63,0.0,0.0,IDLE,,
1786033480.984,2026-08-06 23:24:40,MANUAL,True,-7.9262623,112.5949503,230.63,0.0,0.0,IDLE,,
1786033481.128,2026-08-06 23:24:41,MANUAL,True,-7.9262621,112.5949496,230.63,0.0,0.0,IDLE,334,14
1786033481.294,2026-08-06 23:24:41,MANUAL,True,-7.9262617,112.5949484,230.62,0.0,0.0,IDLE,,
1786033481.450,2026-08-06 23:24:41,MANUAL,True,-7.9262616,112.5949478,230.63,0.0,0.0,IDLE,331,11
1786033481.594,2026-08-06 23:24:41,MANUAL,True,-7.9262615,112.5949474,230.63,0.0,0.0,IDLE,,
1786033481.741,2026-08-06 23:24:41,MANUAL,True,-7.9262612,112.5949467,230.65,0.0,0.0,IDLE,,
1786033481.893,2026-08-06 23:24:41,MANUAL,True,-7.9262609,112.5949456,230.65,0.0,0.0,IDLE,,
1786033482.017,2026-08-06 23:24:42,MANUAL,True,-7.9262607,112.5949454,230.64,0.0,0.0,IDLE,456,136
1786033482.245,2026-08-06 23:24:42,MANUAL,True,-7.9262605,112.5949452,230.65,0.0,0.0,IDLE,462,142
1786033482.525,2026-08-06 23:24:42,MANUAL,True,-7.9262602,112.5949454,230.66,0.0,0.0,IDLE,,
1786033482.639,2026-08-06 23:24:42,MANUAL,True,-7.9262602,112.5949454,230.66,0.0,0.0,IDLE,,
1786033482.755,2026-08-06 23:24:42,MANUAL,True,-7.9262601,112.5949456,230.66,0.0,0.0,IDLE,,
1786033482.875,2026-08-06 23:24:42,MANUAL,True,-7.92626,112.5949457,230.66,0.0,0.0,IDLE,,
1786033482.995,2026-08-06 23:24:42,MANUAL,True,-7.92626,112.5949457,230.66,0.0,0.0,IDLE,,
1786033483.116,2026-08-06 23:24:43,MANUAL,True,-7.9262598,112.5949459,230.66,0.0,0.0,IDLE,,
1786033483.233,2026-08-06 23:24:43,MANUAL,True,-7.9262598,112.5949461,230.66,0.0,0.0,IDLE,,
1786033483.370,2026-08-06 23:24:43,MANUAL,True,-7.9262597,112.5949461,230.66,0.0,0.0,IDLE,,
1786033483.481,2026-08-06 23:24:43,MANUAL,True,-7.9262595,112.5949464,230.65,0.0,0.0,IDLE,,
1786033483.596,2026-08-06 23:24:43,MANUAL,True,-7.9262594,112.5949465,230.65,0.0,0.0,IDLE,,
1786033483.718,2026-08-06 23:24:43,MANUAL,True,-7.9262592,112.5949467,230.65,0.0,0.0,IDLE,,
1786033483.838,2026-08-06 23:24:43,MANUAL,True,-7.9262591,112.5949468,230.65,0.0,0.0,IDLE,,
1786033483.954,2026-08-06 23:24:43,MANUAL,True,-7.926259,112.5949469,230.65,0.0,0.0,IDLE,,
1786033484.072,2026-08-06 23:24:44,MANUAL,True,-7.9262589,112.5949469,230.65,0.0,0.0,IDLE,,
1786033484.192,2026-08-06 23:24:44,MANUAL,True,-7.9262587,112.5949469,230.66,0.0,0.0,IDLE,,
1786033484.306,2026-08-06 23:24:44,MANUAL,True,-7.9262585,112.5949469,230.67,0.0,0.0,IDLE,341,21
1786033484.429,2026-08-06 23:24:44,MANUAL,True,-7.9262583,112.594947,230.67,0.0,0.0,IDLE,,
1786033484.545,2026-08-06 23:24:44,MANUAL,True,-7.926258,112.5949471,230.66,0.0,0.0,IDLE,,
1786033484.664,2026-08-06 23:24:44,MANUAL,True,-7.9262577,112.5949471,230.66,0.0,0.0,IDLE,,
1786033484.788,2026-08-06 23:24:44,MANUAL,True,-7.9262576,112.5949471,230.67,0.0,0.0,IDLE,,
1786033484.908,2026-08-06 23:24:44,MANUAL,True,-7.9262572,112.5949472,230.65,0.0,0.0,IDLE,,
1786033485.033,2026-08-06 23:24:45,MANUAL,True,-7.9262569,112.5949472,230.66,0.0,0.0,IDLE,,
1786033485.147,2026-08-06 23:24:45,MANUAL,True,-7.9262566,112.5949471,230.67,0.0,0.0,IDLE,,
1786033485.263,2026-08-06 23:24:45,MANUAL,True,-7.9262563,112.5949471,230.68,0.0,0.0,IDLE,,
1786033485.388,2026-08-06 23:24:45,MANUAL,True,-7.926256,112.594947,230.68,0.0,0.0,IDLE,,
1786033485.502,2026-08-06 23:24:45,MANUAL,True,-7.9262551,112.5949468,230.69,0.0,0.0,IDLE,,
1786033485.619,2026-08-06 23:24:45,MANUAL,True,-7.9262551,112.5949468,230.69,0.0,0.0,IDLE,,
1786033485.730,2026-08-06 23:24:45,MANUAL,True,-7.9262544,112.5949468,230.68,0.0,0.0,IDLE,332,12
1786033485.844,2026-08-06 23:24:45,MANUAL,True,-7.9262541,112.5949467,230.67,0.0,0.0,IDLE,328,8
1786033485.955,2026-08-06 23:24:45,MANUAL,True,-7.9262539,112.5949465,230.66,0.0,0.0,IDLE,321,1
1786033486.069,2026-08-06 23:24:46,MANUAL,True,-7.9262535,112.5949463,230.67,0.0,0.0,IDLE,,
1786033486.183,2026-08-06 23:24:46,MANUAL,True,-7.9262532,112.5949461,230.65,0.0,0.0,IDLE,62,-258
1786033486.296,2026-08-06 23:24:46,MANUAL,True,-7.9262526,112.5949457,230.66,0.0,0.0,IDLE,,
1786033486.409,2026-08-06 23:24:46,MANUAL,True,-7.9262522,112.5949453,230.65,0.0,0.0,IDLE,,
1786033486.525,2026-08-06 23:24:46,MANUAL,True,-7.9262519,112.594945,230.65,0.0,0.0,IDLE,,
1786033486.638,2026-08-06 23:24:46,MANUAL,True,-7.9262516,112.5949447,230.65,0.0,0.0,IDLE,,
1786033486.751,2026-08-06 23:24:46,MANUAL,True,-7.9262512,112.5949444,230.65,0.0,0.0,IDLE,325,5
1786033486.865,2026-08-06 23:24:46,MANUAL,True,-7.9262507,112.5949441,230.66,0.0,0.0,IDLE,326,6
1786033486.977,2026-08-06 23:24:46,MANUAL,True,-7.9262503,112.5949438,230.66,0.0,0.0,IDLE,325,5
1786033487.092,2026-08-06 23:24:47,MANUAL,True,-7.9262498,112.5949435,230.65,0.0,0.0,IDLE,327,7
1786033487.205,2026-08-06 23:24:47,MANUAL,True,-7.9262485,112.5949429,230.65,0.0,0.0,IDLE,,
1786033487.317,2026-08-06 23:24:47,MANUAL,True,-7.926248,112.5949427,230.49,0.0,0.0,IDLE,,
1786033487.434,2026-08-06 23:24:47,MANUAL,True,-7.9262471,112.5949422,230.44,0.0,0.0,IDLE,,
1786033487.549,2026-08-06 23:24:47,MANUAL,True,-7.9262464,112.5949418,230.42,0.0,0.0,IDLE,,
1786033487.670,2026-08-06 23:24:47,MANUAL,True,-7.9262457,112.5949413,230.42,0.0,0.0,IDLE,,
1786033487.786,2026-08-06 23:24:47,MANUAL,True,-7.9262454,112.594941,230.4,0.0,0.0,IDLE,,
1786033487.908,2026-08-06 23:24:47,MANUAL,True,-7.9262443,112.5949398,230.42,0.0,0.0,IDLE,,
1786033488.019,2026-08-06 23:24:48,MANUAL,True,-7.9262438,112.5949394,230.42,0.0,0.0,IDLE,77,-243
1786033488.135,2026-08-06 23:24:48,MANUAL,True,-7.9262433,112.594939,230.42,0.0,0.0,IDLE,,
1786033488.253,2026-08-06 23:24:48,MANUAL,True,-7.9262428,112.5949384,230.44,0.0,0.0,IDLE,,
1786033488.371,2026-08-06 23:24:48,MANUAL,True,-7.9262425,112.594938,230.46,0.0,0.0,IDLE,,
1786033488.495,2026-08-06 23:24:48,MANUAL,True,-7.9262417,112.5949367,230.48,0.0,0.0,IDLE,,
1786033488.605,2026-08-06 23:24:48,MANUAL,True,-7.9262417,112.5949367,230.48,0.0,0.0,IDLE,,
1786033488.722,2026-08-06 23:24:48,MANUAL,True,-7.9262408,112.5949354,230.52,0.0,0.0,IDLE,,
1786033488.839,2026-08-06 23:24:48,MANUAL,True,-7.9262403,112.5949349,230.52,0.0,0.0,IDLE,,
1786033488.961,2026-08-06 23:24:48,MANUAL,True,-7.92624,112.5949345,230.54,0.0,0.0,IDLE,450,130
1786033489.076,2026-08-06 23:24:49,MANUAL,True,-7.9262395,112.5949339,230.54,0.0,0.0,IDLE,,
1786033489.196,2026-08-06 23:24:49,MANUAL,True,-7.9262391,112.5949334,230.55,0.0,0.0,IDLE,267,-53
1786033489.320,2026-08-06 23:24:49,MANUAL,True,-7.9262384,112.5949327,230.58,0.0,0.0,IDLE,,
1786033489.434,2026-08-06 23:24:49,MANUAL,True,-7.9262379,112.5949323,230.59,0.0,0.0,IDLE,457,137
1786033489.548,2026-08-06 23:24:49,MANUAL,True,-7.9262376,112.594932,230.6,0.0,0.0,IDLE,,
1786033489.673,2026-08-06 23:24:49,MANUAL,True,-7.9262371,112.5949315,230.61,0.0,0.0,IDLE,457,137
1786033489.800,2026-08-06 23:24:49,MANUAL,True,-7.9262362,112.5949306,230.64,0.0,0.0,IDLE,,
1786033489.925,2026-08-06 23:24:49,MANUAL,True,-7.9262359,112.5949303,230.65,0.0,0.0,IDLE,,
1786033490.061,2026-08-06 23:24:50,MANUAL,True,-7.9262354,112.5949296,230.66,0.0,0.0,IDLE,,
1786033490.181,2026-08-06 23:24:50,MANUAL,True,-7.9262349,112.5949291,230.67,0.0,0.0,IDLE,,
1786033490.306,2026-08-06 23:24:50,MANUAL,True,-7.9262343,112.5949282,230.67,0.0,0.0,IDLE,458,138
1786033490.471,2026-08-06 23:24:50,MANUAL,True,-7.9262339,112.5949275,230.68,0.0,0.0,IDLE,,
1786033490.660,2026-08-06 23:24:50,MANUAL,True,-7.9262334,112.5949264,230.67,0.0,0.0,IDLE,,
1786033490.803,2026-08-06 23:24:50,MANUAL,True,-7.926233,112.5949256,230.69,0.0,0.0,IDLE,,
1786033490.918,2026-08-06 23:24:50,MANUAL,True,-7.9262328,112.5949253,230.7,0.0,0.0,IDLE,456,136
1786033491.032,2026-08-06 23:24:51,MANUAL,True,-7.9262327,112.5949247,230.7,0.0,0.0,IDLE,,
1786033491.153,2026-08-06 23:24:51,MANUAL,True,-7.9262325,112.5949243,230.7,0.0,0.0,IDLE,,
1786033491.268,2026-08-06 23:24:51,MANUAL,True,-7.9262324,112.5949238,230.73,0.0,0.0,IDLE,,
1786033491.391,2026-08-06 23:24:51,MANUAL,True,-7.9262323,112.5949235,230.73,0.0,0.0,IDLE,,
1786033491.521,2026-08-06 23:24:51,MANUAL,True,-7.9262322,112.5949226,230.75,0.0,0.0,IDLE,,
1786033491.638,2026-08-06 23:24:51,MANUAL,True,-7.9262322,112.5949226,230.75,0.0,0.0,IDLE,,
1786033491.774,2026-08-06 23:24:51,MANUAL,True,-7.9262324,112.5949216,230.77,0.0,0.0,IDLE,,
1786033491.894,2026-08-06 23:24:51,MANUAL,True,-7.9262327,112.5949208,230.78,0.0,0.0,IDLE,,
1786033492.018,2026-08-06 23:24:52,MANUAL,True,-7.9262329,112.5949205,230.77,0.0,0.0,IDLE,,
1786033492.158,2026-08-06 23:24:52,MANUAL,True,-7.926233,112.5949202,230.78,0.0,0.0,IDLE,,
1786033492.276,2026-08-06 23:24:52,MANUAL,True,-7.9262332,112.5949201,230.78,0.0,0.0,IDLE,,
1786033492.429,2026-08-06 23:24:52,MANUAL,True,-7.9262335,112.5949198,230.76,0.0,0.0,IDLE,,
1786033492.550,2026-08-06 23:24:52,MANUAL,True,-7.9262336,112.5949197,230.77,0.0,0.0,IDLE,,
1786033492.663,2026-08-06 23:24:52,MANUAL,True,-7.9262337,112.5949194,230.77,0.0,0.0,IDLE,,
1786033492.785,2026-08-06 23:24:52,MANUAL,True,-7.9262337,112.5949194,230.77,0.0,0.0,IDLE,,
1786033492.902,2026-08-06 23:24:52,MANUAL,True,-7.9262341,112.5949187,230.77,0.0,0.0,IDLE,,
1786033493.017,2026-08-06 23:24:53,MANUAL,True,-7.9262341,112.5949184,230.78,0.0,0.0,IDLE,,
1786033493.131,2026-08-06 23:24:53,MANUAL,True,-7.9262341,112.5949181,230.78,0.0,0.0,IDLE,,
1786033493.245,2026-08-06 23:24:53,MANUAL,True,-7.9262342,112.5949178,230.79,0.0,0.0,IDLE,,
1786033493.361,2026-08-06 23:24:53,MANUAL,True,-7.9262343,112.5949176,230.8,0.0,0.0,IDLE,,
1786033493.484,2026-08-06 23:24:53,MANUAL,True,-7.9262344,112.5949173,230.81,0.0,0.0,IDLE,,
1786033493.608,2026-08-06 23:24:53,MANUAL,True,-7.9262344,112.594917,230.82,0.0,0.0,IDLE,,
1786033493.728,2026-08-06 23:24:53,MANUAL,True,-7.9262345,112.5949165,230.83,0.0,0.0,IDLE,,
1786033493.841,2026-08-06 23:24:53,MANUAL,True,-7.9262345,112.5949162,230.83,0.0,0.0,IDLE,,
1786033493.954,2026-08-06 23:24:53,MANUAL,True,-7.9262345,112.594916,230.85,0.0,0.0,IDLE,,
1786033494.074,2026-08-06 23:24:54,MANUAL,True,-7.9262345,112.5949157,230.84,0.0,0.0,IDLE,,
1786033494.190,2026-08-06 23:24:54,MANUAL,True,-7.9262345,112.5949155,230.83,0.0,0.0,IDLE,,
1786033494.310,2026-08-06 23:24:54,MANUAL,True,-7.9262345,112.5949151,230.83,0.0,0.0,IDLE,,
1786033494.442,2026-08-06 23:24:54,MANUAL,True,-7.9262345,112.5949148,230.84,0.0,0.0,IDLE,,
1786033494.556,2026-08-06 23:24:54,MANUAL,True,-7.9262345,112.5949146,230.84,0.0,0.0,IDLE,,
1786033494.673,2026-08-06 23:24:54,MANUAL,True,-7.9262345,112.5949142,230.84,0.0,0.0,IDLE,,
1786033494.789,2026-08-06 23:24:54,MANUAL,True,-7.9262345,112.594914,230.84,0.0,0.0,IDLE,,
1786033494.907,2026-08-06 23:24:54,MANUAL,True,-7.9262345,112.5949134,230.88,0.0,0.0,IDLE,,
1786033495.022,2026-08-06 23:24:55,MANUAL,True,-7.9262346,112.5949133,230.88,0.0,0.0,IDLE,,
1786033495.133,2026-08-06 23:24:55,MANUAL,True,-7.9262346,112.5949132,230.88,0.0,0.0,IDLE,,
1786033495.245,2026-08-06 23:24:55,MANUAL,True,-7.9262347,112.594913,230.86,0.0,0.0,IDLE,,
1786033495.358,2026-08-06 23:24:55,MANUAL,True,-7.9262347,112.5949129,230.87,0.0,0.0,IDLE,,
1786033495.485,2026-08-06 23:24:55,MANUAL,True,-7.9262347,112.5949128,230.88,0.0,0.0,IDLE,,
1786033495.609,2026-08-06 23:24:55,MANUAL,True,-7.9262347,112.5949125,230.89,0.0,0.0,IDLE,,
1786033495.724,2026-08-06 23:24:55,MANUAL,True,-7.9262347,112.5949124,230.9,0.0,0.0,IDLE,,
1786033495.838,2026-08-06 23:24:55,MANUAL,True,-7.9262347,112.5949124,230.92,0.0,0.0,IDLE,,
1786033495.949,2026-08-06 23:24:55,MANUAL,True,-7.9262347,112.5949123,230.93,0.0,0.0,IDLE,68,-252
1786033496.065,2026-08-06 23:24:56,MANUAL,True,-7.9262346,112.5949122,230.93,0.0,0.0,IDLE,,
1786033496.181,2026-08-06 23:24:56,MANUAL,True,-7.9262345,112.5949122,230.93,0.0,0.0,IDLE,64,-256
1786033496.298,2026-08-06 23:24:56,MANUAL,True,-7.9262344,112.5949122,230.92,0.0,0.0,IDLE,60,-260
1786033496.426,2026-08-06 23:24:56,MANUAL,True,-7.9262343,112.5949122,230.92,0.0,0.0,IDLE,62,-258
1786033496.542,2026-08-06 23:24:56,MANUAL,True,-7.9262342,112.5949123,230.93,0.0,0.0,IDLE,57,-263
1786033496.658,2026-08-06 23:24:56,MANUAL,True,-7.926234,112.5949124,230.92,0.0,0.0,IDLE,60,-260
1786033496.769,2026-08-06 23:24:56,MANUAL,True,-7.9262339,112.5949125,230.93,0.0,0.0,IDLE,60,-260
1786033496.888,2026-08-06 23:24:56,MANUAL,True,-7.9262337,112.5949127,230.94,0.0,0.0,IDLE,62,-258
1786033497.001,2026-08-06 23:24:57,MANUAL,True,-7.9262334,112.5949129,230.96,0.0,0.0,IDLE,66,-254
1786033497.126,2026-08-06 23:24:57,MANUAL,True,-7.9262333,112.594913,230.96,0.0,0.0,IDLE,68,-252
1786033497.284,2026-08-06 23:24:57,GUIDED,True,-7.9262331,112.5949132,230.97,0.0,0.0,START,69,-251
1786033497.417,2026-08-06 23:24:57,GUIDED,True,-7.9262325,112.5949135,230.96,0.0,0.0,START,,
1786033497.532,2026-08-06 23:24:57,GUIDED,True,-7.9262322,112.5949136,230.95,0.0,0.0,START,69,-251
1786033497.644,2026-08-06 23:24:57,GUIDED,True,-7.9262318,112.5949137,230.97,0.0,0.0,START,,
1786033497.765,2026-08-06 23:24:57,GUIDED,True,-7.9262316,112.5949138,230.97,0.0,0.0,START,70,-250
1786033497.883,2026-08-06 23:24:57,GUIDED,True,-7.9262313,112.5949139,230.97,0.0,0.0,START,70,-250
1786033497.993,2026-08-06 23:24:57,GUIDED,True,-7.926231,112.594914,230.99,0.0,0.0,START,,
1786033498.111,2026-08-06 23:24:58,GUIDED,True,-7.9262304,112.5949144,231.01,0.0,0.0,START,,
1786033498.226,2026-08-06 23:24:58,GUIDED,True,-7.9262301,112.5949146,231.02,0.0,0.0,START,71,-249
1786033498.361,2026-08-06 23:24:58,GUIDED,True,-7.9262298,112.5949148,231.03,0.0,0.0,START,,
1786033498.498,2026-08-06 23:24:58,GUIDED,True,-7.9262294,112.594915,231.04,0.0,0.0,START,,
1786033498.640,2026-08-06 23:24:58,GUIDED,True,-7.9262287,112.5949154,231.05,0.0,0.0,START,71,-249
1786033498.762,2026-08-06 23:24:58,GUIDED,True,-7.9262284,112.5949156,231.05,0.0,0.0,START,,
1786033498.872,2026-08-06 23:24:58,GUIDED,True,-7.926228,112.5949158,231.05,0.0,0.0,START,,
1786033498.984,2026-08-06 23:24:58,GUIDED,True,-7.9262276,112.5949159,231.06,0.0,0.0,START,,
1786033499.100,2026-08-06 23:24:59,GUIDED,True,-7.9262272,112.5949161,231.04,0.0,0.0,START,,
1786033499.209,2026-08-06 23:24:59,GUIDED,True,-7.9262265,112.5949165,231.04,0.0,0.0,START,,
1786033499.341,2026-08-06 23:24:59,GUIDED,True,-7.9262261,112.5949168,231.04,0.0,0.0,🔴 FAILSAFE: TARGET LOST,,
1786033499.474,2026-08-06 23:24:59,MANUAL,True,-7.9262258,112.594917,231.03,0.0,0.0,🔴 FAILSAFE: TARGET LOST,,
1786033499.606,2026-08-06 23:24:59,MANUAL,True,-7.9262255,112.5949172,231.02,0.0,0.0,🔴 FAILSAFE: TARGET LOST,,
1786033499.725,2026-08-06 23:24:59,MANUAL,True,-7.9262249,112.5949177,231.03,0.0,0.0,🔴 FAILSAFE: TARGET LOST,,
1786033499.848,2026-08-06 23:24:59,MANUAL,True,-7.9262246,112.5949178,231.03,0.0,0.0,🔴 FAILSAFE: TARGET LOST,,
1786033499.972,2026-08-06 23:24:59,MANUAL,True,-7.9262243,112.594918,231.02,0.0,0.0,🔴 FAILSAFE: TARGET LOST,,
1786033500.099,2026-08-06 23:25:00,MANUAL,True,-7.9262239,112.5949181,231.04,0.0,0.0,TRACKING_BUOY (MANUAL),640,320
1786033500.235,2026-08-06 23:25:00,MANUAL,True,-7.9262233,112.5949184,231.07,0.0,0.0,TRACKING_BUOY (MANUAL),283,-37
1786033500.357,2026-08-06 23:25:00,MANUAL,True,-7.9262229,112.5949186,231.09,0.0,0.0,TRACKING_BUOY (MANUAL),271,-49
1786033500.489,2026-08-06 23:25:00,MANUAL,True,-7.9262226,112.5949188,231.09,0.0,0.0,TRACKING_BUOY (MANUAL),262,-58
1786033500.604,2026-08-06 23:25:00,MANUAL,True,-7.9262223,112.594919,231.11,0.0,0.0,TRACKING_BUOY (MANUAL),260,-60
1786033500.720,2026-08-06 23:25:00,MANUAL,True,-7.9262218,112.5949193,231.14,0.0,0.0,TRACKING_BUOY (MANUAL),262,-58
1786033500.834,2026-08-06 23:25:00,MANUAL,True,-7.9262215,112.5949195,231.15,0.0,0.0,TRACKING_BUOY (MANUAL),264,-56
1786033500.947,2026-08-06 23:25:00,MANUAL,True,-7.9262212,112.5949197,231.14,0.0,0.0,TRACKING_BUOY (MANUAL),266,-54
1786033501.072,2026-08-06 23:25:01,MANUAL,True,-7.926221,112.5949199,231.14,0.0,0.0,TRACKING_BUOY (MANUAL),267,-53
1786033501.192,2026-08-06 23:25:01,MANUAL,True,-7.9262208,112.5949201,231.14,0.0,0.0,TRACKING_BUOY (MANUAL),269,-51
1786033501.314,2026-08-06 23:25:01,MANUAL,True,-7.9262202,112.5949204,231.18,0.0,0.0,TRACKING_BUOY (MANUAL),277,-43
1786033501.439,2026-08-06 23:25:01,MANUAL,True,-7.92622,112.5949206,231.18,0.0,0.0,TRACKING_BUOY (MANUAL),284,-36
1786033501.549,2026-08-06 23:25:01,MANUAL,True,-7.9262197,112.5949208,231.18,0.0,0.0,TRACKING_BUOY (MANUAL),298,-22
1786033501.663,2026-08-06 23:25:01,MANUAL,True,-7.9262195,112.594921,231.18,0.0,0.0,TRACKING_BUOY (MANUAL),309,-11
1786033501.789,2026-08-06 23:25:01,MANUAL,True,-7.9262193,112.5949211,231.18,0.0,0.0,TRACKING_BUOY (MANUAL),317,-3
1786033501.904,2026-08-06 23:25:01,MANUAL,True,-7.9262188,112.5949214,231.18,0.0,0.0,TRACKING_BUOY (MANUAL),319,-1
1786033502.024,2026-08-06 23:25:02,MANUAL,True,-7.9262186,112.5949215,231.19,0.0,0.0,TRACKING_BUOY (MANUAL),320,0
1786033502.139,2026-08-06 23:25:02,MANUAL,True,-7.9262184,112.5949216,231.19,0.0,0.0,TRACKING_BUOY (MANUAL),320,0
1786033502.252,2026-08-06 23:25:02,MANUAL,True,-7.9262182,112.5949217,231.18,0.0,0.0,TRACKING_BUOY (MANUAL),316,-4
1786033502.375,2026-08-06 23:25:02,MANUAL,True,-7.9262181,112.5949217,231.19,0.0,0.0,TRACKING_BUOY (MANUAL),315,-5
1786033502.513,2026-08-06 23:25:02,MANUAL,True,-7.9262178,112.5949218,231.2,0.0,0.0,TRACKING_BUOY (MANUAL),314,-6
1786033502.624,2026-08-06 23:25:02,MANUAL,True,-7.9262176,112.5949219,231.21,0.0,0.0,TRACKING_BUOY (MANUAL),313,-7
1786033502.739,2026-08-06 23:25:02,MANUAL,True,-7.9262176,112.594922,231.21,0.0,0.0,TRACKING_BUOY (MANUAL),311,-9
1786033502.852,2026-08-06 23:25:02,MANUAL,True,-7.9262175,112.594922,231.21,0.0,0.0,TRACKING_BUOY (MANUAL),309,-11
1786033502.966,2026-08-06 23:25:02,MANUAL,True,-7.9262174,112.5949221,231.22,0.0,0.0,TRACKING_BUOY (MANUAL),309,-11
1786033503.088,2026-08-06 23:25:03,MANUAL,True,-7.9262173,112.5949222,231.21,0.0,0.0,TRACKING_BUOY (MANUAL),309,-11
1786033503.202,2026-08-06 23:25:03,MANUAL,True,-7.9262172,112.5949224,231.24,0.0,0.0,TRACKING_BUOY (MANUAL),306,-14
1786033503.342,2026-08-06 23:25:03,MANUAL,True,-7.9262172,112.5949224,231.24,0.0,0.0,TRACKING_BUOY (MANUAL),304,-16
1786033503.487,2026-08-06 23:25:03,MANUAL,True,-7.9262172,112.5949223,231.25,0.0,0.0,TRACKING_BUOY (MANUAL),298,-22
1786033503.625,2026-08-06 23:25:03,MANUAL,True,-7.9262172,112.5949223,231.25,0.0,0.0,TRACKING_BUOY (MANUAL),288,-32
1786033503.864,2026-08-06 23:25:03,MANUAL,True,-7.9262173,112.5949221,231.29,0.0,0.0,TRACKING_BUOY (MANUAL),282,-38
1786033503.978,2026-08-06 23:25:03,MANUAL,True,-7.9262174,112.5949221,231.31,0.0,0.0,TRACKING_BUOY (MANUAL),268,-52
1786033504.099,2026-08-06 23:25:04,MANUAL,True,-7.9262174,112.594922,231.31,0.0,0.0,TRACKING_BUOY (MANUAL),264,-56
1786033504.213,2026-08-06 23:25:04,MANUAL,True,-7.9262176,112.5949218,231.35,0.0,0.0,TRACKING_BUOY (MANUAL),261,-59
1786033504.331,2026-08-06 23:25:04,MANUAL,True,-7.9262176,112.5949218,231.36,0.0,0.0,TRACKING_BUOY (MANUAL),259,-61
1786033504.443,2026-08-06 23:25:04,MANUAL,True,-7.9262177,112.5949217,231.37,0.0,0.0,TRACKING_BUOY (MANUAL),263,-57
1786033504.557,2026-08-06 23:25:04,MANUAL,True,-7.9262177,112.5949216,231.37,0.0,0.0,TRACKING_BUOY (MANUAL),268,-52
1786033504.671,2026-08-06 23:25:04,MANUAL,True,-7.9262177,112.5949214,231.38,0.0,0.0,TRACKING_BUOY (MANUAL),280,-40
1786033504.785,2026-08-06 23:25:04,MANUAL,True,-7.9262178,112.5949212,231.39,0.0,0.0,TRACKING_BUOY (MANUAL),295,-25
1786033504.896,2026-08-06 23:25:04,MANUAL,True,-7.9262178,112.5949212,231.39,0.0,0.0,TRACKING_BUOY (MANUAL),300,-20
1786033505.010,2026-08-06 23:25:05,MANUAL,True,-7.9262178,112.5949209,231.43,0.0,0.0,TRACKING_BUOY (MANUAL),308,-12
1786033505.132,2026-08-06 23:25:05,MANUAL,True,-7.9262178,112.5949208,231.41,0.0,0.0,TRACKING_BUOY (MANUAL),309,-11
1786033505.242,2026-08-06 23:25:05,MANUAL,True,-7.9262178,112.5949207,231.43,0.0,0.0,TRACKING_BUOY (MANUAL),308,-12
1786033505.354,2026-08-06 23:25:05,MANUAL,True,-7.9262178,112.5949205,231.47,0.0,0.0,TRACKING_BUOY (MANUAL),308,-12
1786033505.484,2026-08-06 23:25:05,MANUAL,True,-7.9262178,112.5949204,231.46,0.0,0.0,TRACKING_BUOY (MANUAL),309,-11
1786033505.601,2026-08-06 23:25:05,MANUAL,True,-7.9262178,112.5949202,231.47,0.0,0.0,TRACKING_BUOY (MANUAL),310,-10
1786033505.719,2026-08-06 23:25:05,MANUAL,True,-7.9262178,112.5949198,231.48,0.0,0.0,TRACKING_BUOY (MANUAL),311,-9
1786033505.832,2026-08-06 23:25:05,MANUAL,True,-7.9262178,112.5949197,231.49,0.0,0.0,TRACKING_BUOY (MANUAL),313,-7
1786033505.948,2026-08-06 23:25:05,MANUAL,True,-7.9262178,112.5949195,231.51,0.0,0.0,TRACKING_BUOY (MANUAL),315,-5
1786033506.063,2026-08-06 23:25:06,MANUAL,True,-7.9262178,112.5949193,231.53,0.0,0.0,TRACKING_BUOY (MANUAL),321,1
1786033506.175,2026-08-06 23:25:06,MANUAL,True,-7.9262177,112.5949191,231.53,0.0,0.0,TRACKING_BUOY (MANUAL),323,3
1786033506.291,2026-08-06 23:25:06,MANUAL,True,-7.9262177,112.5949189,231.54,0.0,0.0,TRACKING_BUOY (MANUAL),325,5
1786033506.413,2026-08-06 23:25:06,MANUAL,True,-7.9262175,112.5949187,231.56,0.0,0.0,TRACKING_BUOY (MANUAL),23,-297
1786033506.540,2026-08-06 23:25:06,MANUAL,True,-7.9262174,112.5949185,231.58,0.0,0.0,TRACKING_BUOY (MANUAL),26,-294
1786033506.658,2026-08-06 23:25:06,MANUAL,True,-7.9262174,112.5949185,231.58,0.0,0.0,TRACKING_BUOY (MANUAL),27,-293
1786033506.774,2026-08-06 23:25:06,MANUAL,True,-7.9262171,112.5949183,231.61,0.0,0.0,TRACKING_BUOY (MANUAL),30,-290
1786033506.890,2026-08-06 23:25:06,MANUAL,True,-7.9262171,112.5949182,231.66,0.0,0.0,TRACKING_BUOY (MANUAL),33,-287
1786033507.008,2026-08-06 23:25:07,MANUAL,True,-7.926217,112.594918,231.65,0.0,0.0,TRACKING_BUOY (MANUAL),339,19
1786033507.126,2026-08-06 23:25:07,MANUAL,True,-7.9262169,112.5949179,231.67,0.0,0.0,TRACKING_BUOY (MANUAL),341,21
1786033507.238,2026-08-06 23:25:07,MANUAL,True,-7.9262168,112.5949178,231.67,0.0,0.0,TRACKING_BUOY (MANUAL),346,26
1786033507.354,2026-08-06 23:25:07,MANUAL,True,-7.9262166,112.5949176,231.68,0.0,0.0,TRACKING_BUOY (MANUAL),347,27
1786033507.469,2026-08-06 23:25:07,MANUAL,True,-7.9262166,112.5949176,231.69,0.0,0.0,TRACKING_BUOY (MANUAL),350,30
1786033507.580,2026-08-06 23:25:07,MANUAL,True,-7.9262166,112.5949175,231.68,0.0,0.0,TRACKING_BUOY (MANUAL),352,32
1786033507.690,2026-08-06 23:25:07,MANUAL,True,-7.9262166,112.5949175,231.68,0.0,0.0,TRACKING_BUOY (MANUAL),354,34
1786033507.806,2026-08-06 23:25:07,MANUAL,True,-7.9262165,112.5949174,231.71,0.0,0.0,TRACKING_BUOY (MANUAL),50,-270
1786033507.924,2026-08-06 23:25:07,MANUAL,True,-7.9262165,112.5949173,231.7,0.0,0.0,TRACKING_BUOY (MANUAL),358,38
1786033508.040,2026-08-06 23:25:08,MANUAL,True,-7.9262164,112.5949172,231.66,0.0,0.0,TRACKING_BUOY (MANUAL),357,37
1786033508.155,2026-08-06 23:25:08,MANUAL,True,-7.9262164,112.5949171,231.68,0.0,0.0,TRACKING_BUOY (MANUAL),49,-271
1786033508.272,2026-08-06 23:25:08,MANUAL,True,-7.9262164,112.5949171,231.7,0.0,0.0,TRACKING_BUOY (MANUAL),47,-273
1786033508.390,2026-08-06 23:25:08,MANUAL,True,-7.9262164,112.5949171,231.73,0.0,0.0,🔴 FAILSAFE: TARGET LOST,,
1786033508.505,2026-08-06 23:25:08,MANUAL,True,-7.9262164,112.5949171,231.72,0.0,0.0,🔴 FAILSAFE: TARGET LOST,,
1786033508.617,2026-08-06 23:25:08,MANUAL,True,-7.9262164,112.5949171,231.72,0.0,0.0,🔴 FAILSAFE: TARGET LOST,,
1786033508.734,2026-08-06 23:25:08,MANUAL,True,-7.9262165,112.5949171,231.73,0.0,0.0,🔴 FAILSAFE: TARGET LOST,,
1786033508.866,2026-08-06 23:25:08,MANUAL,True,-7.9262165,112.5949172,231.73,0.0,0.0,🔴 FAILSAFE: TARGET LOST,,
1786033508.977,2026-08-06 23:25:08,MANUAL,True,-7.9262165,112.5949173,231.72,0.0,0.0,🔴 FAILSAFE: TARGET LOST,,
1786033509.101,2026-08-06 23:25:09,MANUAL,True,-7.9262165,112.5949173,231.72,0.0,0.0,🔴 FAILSAFE: TARGET LOST,,
1786033509.217,2026-08-06 23:25:09,MANUAL,True,-7.9262166,112.5949174,231.73,0.0,0.0,🔴 FAILSAFE: TARGET LOST,,
1786033509.336,2026-08-06 23:25:09,MANUAL,True,-7.9262166,112.5949175,231.73,0.0,0.0,🔴 FAILSAFE: TARGET LOST,,
1786033509.454,2026-08-06 23:25:09,MANUAL,True,-7.9262166,112.5949175,231.73,0.0,0.0,TRACKING_BUOY (MANUAL),353,33
1786033509.570,2026-08-06 23:25:09,MANUAL,True,-7.9262167,112.5949176,231.74,0.0,0.0,TRACKING_BUOY (MANUAL),331,11
1786033509.682,2026-08-06 23:25:09,MANUAL,True,-7.9262168,112.5949175,231.74,0.0,0.0,TRACKING_BUOY (MANUAL),326,6
1786033509.793,2026-08-06 23:25:09,MANUAL,True,-7.9262168,112.5949175,231.74,0.0,0.0,TRACKING_BUOY (MANUAL),324,4
1786033509.908,2026-08-06 23:25:09,MANUAL,True,-7.9262171,112.5949173,231.76,0.0,0.0,TRACKING_BUOY (MANUAL),322,2
1786033510.022,2026-08-06 23:25:10,MANUAL,True,-7.9262173,112.5949173,231.77,0.0,0.0,TRACKING_BUOY (MANUAL),323,3
1786033510.140,2026-08-06 23:25:10,MANUAL,True,-7.9262174,112.5949173,231.79,0.0,0.0,TRACKING_BUOY (MANUAL),329,9
1786033510.258,2026-08-06 23:25:10,MANUAL,True,-7.9262176,112.5949172,231.8,0.0,0.0,TRACKING_BUOY (MANUAL),252,-68
1786033510.377,2026-08-06 23:25:10,MANUAL,True,-7.9262177,112.5949172,231.8,0.0,0.0,TRACKING_BUOY (MANUAL),259,-61
1786033510.503,2026-08-06 23:25:10,MANUAL,True,-7.926218,112.5949173,231.79,0.0,0.0,TRACKING_BUOY (MANUAL),262,-58
1786033510.614,2026-08-06 23:25:10,MANUAL,True,-7.9262182,112.5949173,231.8,0.0,0.0,TRACKING_BUOY (MANUAL),262,-58
1786033510.733,2026-08-06 23:25:10,MANUAL,True,-7.9262182,112.5949173,231.8,0.0,0.0,TRACKING_BUOY (MANUAL),263,-57
1786033510.846,2026-08-06 23:25:10,MANUAL,True,-7.9262185,112.5949174,231.81,0.0,0.0,TRACKING_BUOY (MANUAL),259,-61
1786033510.959,2026-08-06 23:25:10,MANUAL,True,-7.9262186,112.5949174,231.81,0.0,0.0,TRACKING_BUOY (MANUAL),260,-60
1786033511.080,2026-08-06 23:25:11,MANUAL,True,-7.9262188,112.5949175,231.81,0.0,0.0,TRACKING_BUOY (MANUAL),264,-56
1786033511.196,2026-08-06 23:25:11,MANUAL,True,-7.9262189,112.5949175,231.82,0.0,0.0,TRACKING_BUOY (MANUAL),270,-50
1786033511.312,2026-08-06 23:25:11,MANUAL,True,-7.9262193,112.5949175,231.83,0.0,0.0,TRACKING_BUOY (MANUAL),279,-41
1786033511.449,2026-08-06 23:25:11,MANUAL,True,-7.9262195,112.5949175,231.82,0.0,0.0,TRACKING_BUOY (MANUAL),282,-38
1786033511.564,2026-08-06 23:25:11,MANUAL,True,-7.9262197,112.5949176,231.79,0.0,0.0,TRACKING_BUOY (MANUAL),286,-34
1786033511.683,2026-08-06 23:25:11,MANUAL,True,-7.92622,112.5949176,231.8,0.0,0.0,TRACKING_BUOY (MANUAL),290,-30
1786033511.812,2026-08-06 23:25:11,MANUAL,True,-7.9262203,112.5949175,231.81,0.0,0.0,TRACKING_BUOY (MANUAL),297,-23
1786033511.924,2026-08-06 23:25:11,MANUAL,True,-7.9262205,112.5949173,231.81,0.0,0.0,TRACKING_BUOY (MANUAL),303,-17
1786033512.037,2026-08-06 23:25:12,MANUAL,True,-7.9262207,112.5949171,231.8,0.0,0.0,TRACKING_BUOY (MANUAL),309,-11
1786033512.151,2026-08-06 23:25:12,MANUAL,True,-7.9262209,112.5949169,231.8,0.0,0.0,TRACKING_BUOY (MANUAL),311,-9
1786033512.270,2026-08-06 23:25:12,MANUAL,True,-7.9262211,112.5949166,231.8,0.0,0.0,TRACKING_BUOY (MANUAL),316,-4
1786033512.388,2026-08-06 23:25:12,MANUAL,True,-7.9262213,112.5949164,231.8,0.0,0.0,TRACKING_BUOY (MANUAL),318,-2
1786033512.516,2026-08-06 23:25:12,MANUAL,True,-7.9262217,112.5949158,231.79,0.0,0.0,TRACKING_BUOY (MANUAL),318,-2
1786033512.628,2026-08-06 23:25:12,MANUAL,True,-7.9262217,112.5949158,231.79,0.0,0.0,TRACKING_BUOY (MANUAL),319,-1
1786033512.750,2026-08-06 23:25:12,MANUAL,True,-7.9262221,112.5949154,231.77,0.0,0.0,TRACKING_BUOY (MANUAL),318,-2
1786033512.867,2026-08-06 23:25:12,MANUAL,True,-7.9262224,112.5949152,231.78,0.0,0.0,TRACKING_BUOY (MANUAL),313,-7
1786033513.000,2026-08-06 23:25:12,MANUAL,True,-7.9262229,112.594915,231.77,0.0,0.0,TRACKING_BUOY (MANUAL),310,-10
1786033513.122,2026-08-06 23:25:13,MANUAL,True,-7.9262231,112.5949149,231.76,0.0,0.0,TRACKING_BUOY (MANUAL),306,-14
1786033513.236,2026-08-06 23:25:13,MANUAL,True,-7.9262234,112.5949147,231.78,0.0,0.0,TRACKING_BUOY (MANUAL),305,-15
1786033513.357,2026-08-06 23:25:13,MANUAL,True,-7.9262236,112.5949146,231.77,0.0,0.0,TRACKING_BUOY (MANUAL),304,-16
1786033513.473,2026-08-06 23:25:13,MANUAL,True,-7.9262239,112.5949146,231.78,0.0,0.0,TRACKING_BUOY (MANUAL),304,-16
1786033513.591,2026-08-06 23:25:13,MANUAL,True,-7.9262242,112.5949145,231.77,0.0,0.0,TRACKING_BUOY (MANUAL),304,-16
1786033513.707,2026-08-06 23:25:13,MANUAL,True,-7.9262247,112.5949144,231.77,0.0,0.0,TRACKING_BUOY (MANUAL),303,-17
1786033513.825,2026-08-06 23:25:13,MANUAL,True,-7.9262249,112.5949142,231.77,0.0,0.0,TRACKING_BUOY (MANUAL),301,-19
1786033513.960,2026-08-06 23:25:13,MANUAL,True,-7.9262251,112.594914,231.77,0.0,0.0,TRACKING_BUOY (MANUAL),296,-24
1786033514.082,2026-08-06 23:25:14,MANUAL,True,-7.9262254,112.5949136,231.78,0.0,0.0,TRACKING_BUOY (MANUAL),289,-31
1786033514.198,2026-08-06 23:25:14,MANUAL,True,-7.9262259,112.5949131,231.79,0.0,0.0,TRACKING_BUOY (MANUAL),283,-37
1786033514.315,2026-08-06 23:25:14,MANUAL,True,-7.9262261,112.5949128,231.79,0.0,0.0,TRACKING_BUOY (MANUAL),279,-41
1786033514.434,2026-08-06 23:25:14,MANUAL,True,-7.9262264,112.5949124,231.78,0.0,0.0,TRACKING_BUOY (MANUAL),272,-48
1786033514.549,2026-08-06 23:25:14,MANUAL,True,-7.9262267,112.5949121,231.77,0.0,0.0,TRACKING_BUOY (MANUAL),268,-52
1786033514.663,2026-08-06 23:25:14,MANUAL,True,-7.9262269,112.5949118,231.77,0.0,0.0,TRACKING_BUOY (MANUAL),264,-56
1786033514.781,2026-08-06 23:25:14,MANUAL,True,-7.9262271,112.5949116,231.78,0.0,0.0,TRACKING_BUOY (MANUAL),263,-57
1786033514.901,2026-08-06 23:25:14,MANUAL,True,-7.9262276,112.5949111,231.76,0.0,0.0,TRACKING_BUOY (MANUAL),263,-57
1786033515.017,2026-08-06 23:25:15,MANUAL,True,-7.9262279,112.594911,231.76,0.0,0.0,TRACKING_BUOY (MANUAL),262,-58
1786033515.133,2026-08-06 23:25:15,MANUAL,True,-7.9262281,112.5949108,231.76,0.0,0.0,TRACKING_BUOY (MANUAL),260,-60
1786033515.246,2026-08-06 23:25:15,MANUAL,True,-7.9262283,112.5949106,231.78,0.0,0.0,TRACKING_BUOY (MANUAL),260,-60
1786033515.361,2026-08-06 23:25:15,MANUAL,True,-7.9262284,112.5949105,231.79,0.0,0.0,TRACKING_BUOY (MANUAL),262,-58
1786033515.491,2026-08-06 23:25:15,MANUAL,True,-7.9262286,112.5949103,231.78,0.0,0.0,TRACKING_BUOY (MANUAL),264,-56
1786033515.605,2026-08-06 23:25:15,MANUAL,True,-7.9262287,112.5949101,231.78,0.0,0.0,TRACKING_BUOY (MANUAL),270,-50
1786033515.724,2026-08-06 23:25:15,MANUAL,True,-7.926229,112.5949095,231.76,0.0,0.0,TRACKING_BUOY (MANUAL),283,-37
1786033515.837,2026-08-06 23:25:15,MANUAL,True,-7.9262292,112.5949093,231.75,0.0,0.0,TRACKING_BUOY (MANUAL),300,-20
1786033515.947,2026-08-06 23:25:15,MANUAL,True,-7.9262293,112.5949091,231.76,0.0,0.0,TRACKING_BUOY (MANUAL),311,-9
1786033516.062,2026-08-06 23:25:16,MANUAL,True,-7.9262295,112.594909,231.76,0.0,0.0,TRACKING_BUOY (MANUAL),324,4
1786033516.179,2026-08-06 23:25:16,MANUAL,True,-7.9262297,112.5949089,231.75,0.0,0.0,TRACKING_BUOY (MANUAL),329,9
1786033516.294,2026-08-06 23:25:16,MANUAL,True,-7.9262298,112.5949089,231.74,0.0,0.0,TRACKING_BUOY (MANUAL),336,16
1786033516.417,2026-08-06 23:25:16,MANUAL,True,-7.9262299,112.5949086,231.75,0.0,0.0,TRACKING_BUOY (MANUAL),344,24
1786033516.537,2026-08-06 23:25:16,MANUAL,True,-7.92623,112.5949084,231.76,0.0,0.0,TRACKING_BUOY (MANUAL),354,34
1786033516.650,2026-08-06 23:25:16,MANUAL,True,-7.92623,112.5949082,231.77,0.0,0.0,TRACKING_BUOY (MANUAL),363,43
1786033516.761,2026-08-06 23:25:16,MANUAL,True,-7.92623,112.5949079,231.77,0.0,0.0,TRACKING_BUOY (MANUAL),370,50
1786033516.875,2026-08-06 23:25:16,MANUAL,True,-7.92623,112.5949077,231.76,0.0,0.0,TRACKING_BUOY (MANUAL),372,52
1786033516.989,2026-08-06 23:25:16,MANUAL,True,-7.9262299,112.5949074,231.77,0.0,0.0,TRACKING_BUOY (MANUAL),372,52
1786033517.107,2026-08-06 23:25:17,MANUAL,True,-7.9262299,112.594907,231.8,0.0,0.0,TRACKING_BUOY (MANUAL),373,53
1786033517.222,2026-08-06 23:25:17,MANUAL,True,-7.9262298,112.5949068,231.81,0.0,0.0,TRACKING_BUOY (MANUAL),368,48
1786033517.343,2026-08-06 23:25:17,MANUAL,True,-7.9262297,112.5949066,231.83,0.0,0.0,TRACKING_BUOY (MANUAL),363,43
1786033517.459,2026-08-06 23:25:17,MANUAL,True,-7.9262296,112.5949063,231.84,0.0,0.0,TRACKING_BUOY (MANUAL),341,21
1786033517.572,2026-08-06 23:25:17,MANUAL,True,-7.9262295,112.5949061,231.86,0.0,0.0,TRACKING_BUOY (MANUAL),356,36
1786033517.685,2026-08-06 23:25:17,MANUAL,True,-7.9262293,112.5949057,231.88,0.0,0.0,TRACKING_BUOY (MANUAL),352,32
1786033517.799,2026-08-06 23:25:17,MANUAL,True,-7.9262289,112.5949051,231.95,0.0,0.0,TRACKING_BUOY (MANUAL),334,14
1786033517.915,2026-08-06 23:25:17,MANUAL,True,-7.9262288,112.5949048,231.93,0.0,0.0,TRACKING_BUOY (MANUAL),331,11
1786033518.032,2026-08-06 23:25:18,MANUAL,True,-7.9262286,112.5949045,231.94,0.0,0.0,TRACKING_BUOY (MANUAL),331,11
1786033518.148,2026-08-06 23:25:18,MANUAL,True,-7.9262285,112.5949042,231.94,0.0,0.0,TRACKING_BUOY (MANUAL),335,15
1786033518.263,2026-08-06 23:25:18,MANUAL,True,-7.9262282,112.5949038,231.98,0.0,0.0,TRACKING_BUOY (MANUAL),335,15
1786033518.374,2026-08-06 23:25:18,MANUAL,True,-7.926228,112.5949035,231.97,0.0,0.0,TRACKING_BUOY (MANUAL),345,25
1786033518.487,2026-08-06 23:25:18,MANUAL,True,-7.9262277,112.5949032,231.98,0.0,0.0,TRACKING_BUOY (MANUAL),335,15
1786033518.602,2026-08-06 23:25:18,MANUAL,True,-7.9262274,112.5949028,232.0,0.0,0.0,TRACKING_BUOY (MANUAL),345,25
1786033518.715,2026-08-06 23:25:18,MANUAL,True,-7.9262268,112.5949021,232.01,0.0,0.0,TRACKING_BUOY (MANUAL),336,16
1786033518.828,2026-08-06 23:25:18,MANUAL,True,-7.9262265,112.5949017,232.0,0.0,0.0,TRACKING_BUOY (MANUAL),336,16
1786033518.954,2026-08-06 23:25:18,MANUAL,True,-7.9262262,112.5949014,231.99,0.0,0.0,TRACKING_BUOY (MANUAL),336,16
1786033519.072,2026-08-06 23:25:19,MANUAL,True,-7.9262259,112.5949011,231.99,0.0,0.0,TRACKING_BUOY (MANUAL),333,13
1786033519.183,2026-08-06 23:25:19,MANUAL,True,-7.9262256,112.5949007,231.99,0.0,0.0,TRACKING_BUOY (MANUAL),332,12
1786033519.297,2026-08-06 23:25:19,MANUAL,True,-7.9262253,112.5949003,232.0,0.0,0.0,TRACKING_BUOY (MANUAL),331,11
1786033519.418,2026-08-06 23:25:19,MANUAL,True,-7.9262246,112.5948994,232.04,0.0,0.0,TRACKING_BUOY (MANUAL),330,10
1786033519.537,2026-08-06 23:25:19,MANUAL,True,-7.9262242,112.594899,232.04,0.0,0.0,TRACKING_BUOY (MANUAL),331,11
1786033519.654,2026-08-06 23:25:19,MANUAL,True,-7.9262238,112.5948986,232.05,0.0,0.0,TRACKING_BUOY (MANUAL),331,11
1786033519.773,2026-08-06 23:25:19,MANUAL,True,-7.9262235,112.5948983,232.06,0.0,0.0,TRACKING_BUOY (MANUAL),331,11
1786033519.883,2026-08-06 23:25:19,MANUAL,True,-7.9262231,112.594898,232.08,0.0,0.0,TRACKING_BUOY (MANUAL),330,10
1786033519.996,2026-08-06 23:25:19,MANUAL,True,-7.9262228,112.5948978,232.09,0.0,0.0,TRACKING_BUOY (MANUAL),329,9
1786033520.111,2026-08-06 23:25:20,MANUAL,True,-7.9262222,112.5948975,232.1,0.0,0.0,TRACKING_BUOY (MANUAL),327,7
1786033520.227,2026-08-06 23:25:20,MANUAL,True,-7.9262219,112.5948974,232.12,0.0,0.0,TRACKING_BUOY (MANUAL),324,4
1786033520.350,2026-08-06 23:25:20,MANUAL,True,-7.9262215,112.5948972,232.12,0.0,0.0,TRACKING_BUOY (MANUAL),322,2
1786033520.474,2026-08-06 23:25:20,MANUAL,True,-7.9262212,112.5948969,232.11,0.0,0.0,TRACKING_BUOY (MANUAL),320,0
1786033520.588,2026-08-06 23:25:20,MANUAL,True,-7.9262209,112.5948966,232.12,0.0,0.0,TRACKING_BUOY (MANUAL),312,-8
1786033520.703,2026-08-06 23:25:20,MANUAL,True,-7.9262203,112.5948961,232.12,0.0,0.0,TRACKING_BUOY (MANUAL),309,-11
1786033520.823,2026-08-06 23:25:20,MANUAL,True,-7.92622,112.5948959,232.17,0.0,0.0,TRACKING_BUOY (MANUAL),314,-6
1786033520.940,2026-08-06 23:25:20,MANUAL,True,-7.9262198,112.5948958,232.16,0.0,0.0,TRACKING_BUOY (MANUAL),304,-16
1786033521.059,2026-08-06 23:25:21,MANUAL,True,-7.9262195,112.5948956,232.17,0.0,0.0,TRACKING_BUOY (MANUAL),307,-13
1786033521.172,2026-08-06 23:25:21,MANUAL,True,-7.9262192,112.5948954,232.2,0.0,0.0,TRACKING_BUOY (MANUAL),305,-15
1786033521.284,2026-08-06 23:25:21,MANUAL,True,-7.926219,112.5948952,232.21,0.0,0.0,TRACKING_BUOY (MANUAL),302,-18
1786033521.401,2026-08-06 23:25:21,MANUAL,True,-7.9262184,112.5948948,232.2,0.0,0.0,TRACKING_BUOY (MANUAL),303,-17
1786033521.528,2026-08-06 23:25:21,MANUAL,True,-7.9262182,112.5948946,232.2,0.0,0.0,TRACKING_BUOY (MANUAL),305,-15
1786033521.644,2026-08-06 23:25:21,MANUAL,True,-7.9262178,112.5948944,232.2,0.0,0.0,TRACKING_BUOY (MANUAL),307,-13
1786033521.766,2026-08-06 23:25:21,MANUAL,True,-7.9262177,112.5948943,232.21,0.0,0.0,TRACKING_BUOY (MANUAL),310,-10
1786033521.902,2026-08-06 23:25:21,MANUAL,True,-7.9262171,112.5948942,232.23,0.0,0.0,TRACKING_BUOY (MANUAL),311,-9
1786033522.014,2026-08-06 23:25:22,MANUAL,True,-7.9262169,112.5948941,232.25,0.0,0.0,TRACKING_BUOY (MANUAL),313,-7
1786033522.128,2026-08-06 23:25:22,MANUAL,True,-7.9262166,112.5948939,232.25,0.0,0.0,TRACKING_BUOY (MANUAL),314,-6
1786033522.247,2026-08-06 23:25:22,MANUAL,True,-7.9262163,112.5948936,232.26,0.0,0.0,TRACKING_BUOY (MANUAL),315,-5
1786033522.368,2026-08-06 23:25:22,MANUAL,True,-7.926216,112.5948933,232.25,0.0,0.0,TRACKING_BUOY (MANUAL),317,-3
1786033522.483,2026-08-06 23:25:22,MANUAL,True,-7.9262158,112.5948929,232.25,0.0,0.0,TRACKING_BUOY (MANUAL),320,0
1786033522.613,2026-08-06 23:25:22,MANUAL,True,-7.9262152,112.5948923,232.28,0.0,0.0,TRACKING_BUOY (MANUAL),321,1
1786033522.731,2026-08-06 23:25:22,MANUAL,True,-7.9262148,112.594892,232.27,0.0,0.0,TRACKING_BUOY (MANUAL),322,2
1786033522.847,2026-08-06 23:25:22,MANUAL,True,-7.9262145,112.5948918,232.28,0.0,0.0,TRACKING_BUOY (MANUAL),323,3
1786033522.959,2026-08-06 23:25:22,MANUAL,True,-7.9262142,112.5948915,232.27,0.0,0.0,TRACKING_BUOY (MANUAL),325,5
1786033523.077,2026-08-06 23:25:23,MANUAL,True,-7.9262139,112.5948911,232.28,0.0,0.0,TRACKING_BUOY (MANUAL),325,5
1786033523.192,2026-08-06 23:25:23,MANUAL,True,-7.9262136,112.5948908,232.29,0.0,0.0,TRACKING_BUOY (MANUAL),311,-9
1786033523.306,2026-08-06 23:25:23,MANUAL,True,-7.926213,112.5948898,232.3,0.0,0.0,TRACKING_BUOY (MANUAL),311,-9
1786033523.426,2026-08-06 23:25:23,MANUAL,True,-7.9262127,112.5948893,232.33,0.0,0.0,TRACKING_BUOY (MANUAL),311,-9
1786033523.541,2026-08-06 23:25:23,MANUAL,True,-7.9262124,112.5948888,232.33,0.0,0.0,TRACKING_BUOY (MANUAL),321,1
1786033523.661,2026-08-06 23:25:23,MANUAL,True,-7.926212,112.5948881,232.33,0.0,0.0,TRACKING_BUOY (MANUAL),310,-10
1786033523.774,2026-08-06 23:25:23,MANUAL,True,-7.9262118,112.5948877,232.31,0.0,0.0,TRACKING_BUOY (MANUAL),321,1
1786033523.888,2026-08-06 23:25:23,MANUAL,True,-7.9262114,112.594887,232.33,0.0,0.0,TRACKING_BUOY (MANUAL),311,-9
1786033524.005,2026-08-06 23:25:24,MANUAL,True,-7.9262109,112.5948858,232.34,0.0,0.0,TRACKING_BUOY (MANUAL),321,1
1786033524.124,2026-08-06 23:25:24,MANUAL,True,-7.9262106,112.5948852,232.36,0.0,0.0,TRACKING_BUOY (MANUAL),311,-9
1786033524.242,2026-08-06 23:25:24,MANUAL,True,-7.9262104,112.5948846,232.35,0.0,0.0,TRACKING_BUOY (MANUAL),320,0
1786033524.358,2026-08-06 23:25:24,MANUAL,True,-7.9262102,112.5948839,232.36,0.0,0.0,TRACKING_BUOY (MANUAL),311,-9
1786033524.474,2026-08-06 23:25:24,MANUAL,True,-7.9262099,112.5948831,232.35,0.0,0.0,TRACKING_BUOY (MANUAL),311,-9
1786033524.610,2026-08-06 23:25:24,MANUAL,True,-7.9262096,112.5948824,232.35,0.0,0.0,TRACKING_BUOY (MANUAL),319,-1
1786033524.722,2026-08-06 23:25:24,MANUAL,True,-7.9262091,112.5948812,232.4,0.0,0.0,TRACKING_BUOY (MANUAL),310,-10
1786033524.843,2026-08-06 23:25:24,MANUAL,True,-7.9262089,112.5948807,232.37,0.0,0.0,TRACKING_BUOY (MANUAL),309,-11
1786033524.963,2026-08-06 23:25:24,MANUAL,True,-7.9262086,112.5948802,232.4,0.0,0.0,TRACKING_BUOY (MANUAL),316,-4
1786033525.079,2026-08-06 23:25:25,MANUAL,True,-7.9262084,112.5948795,232.4,0.0,0.0,TRACKING_BUOY (MANUAL),310,-10
1786033525.193,2026-08-06 23:25:25,MANUAL,True,-7.9262081,112.594879,232.39,0.0,0.0,TRACKING_BUOY (MANUAL),313,-7
1786033525.306,2026-08-06 23:25:25,MANUAL,True,-7.9262078,112.5948778,232.37,0.0,0.0,TRACKING_BUOY (MANUAL),308,-12
1786033525.433,2026-08-06 23:25:25,MANUAL,True,-7.9262076,112.5948773,232.36,0.0,0.0,TRACKING_BUOY (MANUAL),307,-13
1786033525.547,2026-08-06 23:25:25,MANUAL,True,-7.9262074,112.5948767,232.36,0.0,0.0,🔴 FAILSAFE: TARGET LOST,,
1786033525.704,2026-08-06 23:25:25,MANUAL,True,-7.9262071,112.5948755,232.33,0.0,0.0,TRACKING_BUOY (MANUAL),54,-266
1786033525.846,2026-08-06 23:25:25,MANUAL,True,-7.926207,112.5948748,232.33,0.0,0.0,TRACKING_BUOY (MANUAL),63,-257
1786033525.990,2026-08-06 23:25:25,MANUAL,True,-7.9262069,112.5948742,232.34,0.0,0.0,TRACKING_BUOY (MANUAL),64,-256
1786033526.158,2026-08-06 23:25:26,MANUAL,True,-7.9262066,112.5948729,232.37,0.0,0.0,TRACKING_BUOY (MANUAL),64,-256
1786033526.273,2026-08-06 23:25:26,MANUAL,True,-7.9262065,112.5948721,232.36,0.0,0.0,TRACKING_BUOY (MANUAL),61,-259
1786033526.395,2026-08-06 23:25:26,MANUAL,True,-7.9262063,112.5948714,232.36,0.0,0.0,TRACKING_BUOY (MANUAL),53,-267
1786033526.512,2026-08-06 23:25:26,MANUAL,True,-7.926206,112.5948698,232.36,0.0,0.0,TRACKING_BUOY (MANUAL),50,-270
1786033526.627,2026-08-06 23:25:26,MANUAL,True,-7.9262057,112.5948688,232.34,0.0,0.0,TRACKING_BUOY (MANUAL),51,-269
1786033526.742,2026-08-06 23:25:26,MANUAL,True,-7.9262056,112.594868,232.34,0.0,0.0,TRACKING_BUOY (MANUAL),57,-263
1786033526.863,2026-08-06 23:25:26,MANUAL,True,-7.9262054,112.594867,232.33,0.0,0.0,TRACKING_BUOY (MANUAL),67,-253
1786033526.982,2026-08-06 23:25:26,MANUAL,True,-7.9262052,112.5948659,232.32,0.0,0.0,🔴 FAILSAFE: TARGET LOST,,
1786033527.102,2026-08-06 23:25:27,MANUAL,True,-7.9262047,112.594864,232.34,0.0,0.0,TRACKING_BUOY (MANUAL),81,-239
1786033527.213,2026-08-06 23:25:27,MANUAL,True,-7.9262046,112.594863,232.32,0.0,0.0,🔴 FAILSAFE: TARGET LOST,,
1786033527.338,2026-08-06 23:25:27,MANUAL,True,-7.9262044,112.5948621,232.32,0.0,0.0,🔴 FAILSAFE: TARGET LOST,,
1786033527.457,2026-08-06 23:25:27,MANUAL,True,-7.9262042,112.5948612,232.31,0.0,0.0,🔴 FAILSAFE: TARGET LOST,,
1786033527.568,2026-08-06 23:25:27,MANUAL,True,-7.9262041,112.5948603,232.3,0.0,0.0,🔴 FAILSAFE: TARGET LOST,,
1786033527.684,2026-08-06 23:25:27,MANUAL,True,-7.9262038,112.5948591,232.3,0.0,0.0,TRACKING_BUOY (MANUAL),79,-241
1786033527.798,2026-08-06 23:25:27,MANUAL,True,-7.9262037,112.5948586,232.3,0.0,0.0,🔴 FAILSAFE: TARGET LOST,,
1786033527.914,2026-08-06 23:25:27,MANUAL,True,-7.9262034,112.5948571,232.33,0.0,0.0,🔴 FAILSAFE: TARGET LOST,,
1786033528.024,2026-08-06 23:25:28,MANUAL,True,-7.9262032,112.5948564,232.31,0.0,0.0,🔴 FAILSAFE: TARGET LOST,,
1786033528.144,2026-08-06 23:25:28,MANUAL,True,-7.9262031,112.5948557,232.31,0.0,0.0,🔴 FAILSAFE: TARGET LOST,,
1786033528.260,2026-08-06 23:25:28,MANUAL,True,-7.9262029,112.5948549,232.31,0.0,0.0,🔴 FAILSAFE: TARGET LOST,,
1786033528.397,2026-08-06 23:25:28,MANUAL,True,-7.9262027,112.5948542,232.29,0.0,0.0,🔴 FAILSAFE: TARGET LOST,,
1786033528.514,2026-08-06 23:25:28,MANUAL,True,-7.9262024,112.5948528,232.3,0.0,0.0,🔴 FAILSAFE: TARGET LOST,,
1786033528.627,2026-08-06 23:25:28,MANUAL,True,-7.9262022,112.5948521,232.3,0.0,0.0,🔴 FAILSAFE: TARGET LOST,,
1786033528.744,2026-08-06 23:25:28,MANUAL,True,-7.926202,112.5948514,232.3,0.0,0.0,🔴 FAILSAFE: TARGET LOST,,
1786033528.867,2026-08-06 23:25:28,MANUAL,True,-7.9262018,112.5948508,232.31,0.0,0.0,TRACKING_BUOY (MANUAL),93,-227
1786033528.983,2026-08-06 23:25:28,MANUAL,True,-7.9262016,112.5948501,232.3,0.0,0.0,TRACKING_BUOY (MANUAL),97,-223
1786033529.141,2026-08-06 23:25:29,MANUAL,True,-7.9262013,112.5948487,232.35,0.0,0.0,TRACKING_BUOY (MANUAL),97,-223
1786033529.270,2026-08-06 23:25:29,MANUAL,True,-7.9262012,112.5948479,232.32,0.0,0.0,TRACKING_BUOY (MANUAL),94,-226
1786033529.399,2026-08-06 23:25:29,MANUAL,True,-7.926201,112.5948472,232.33,0.0,0.0,TRACKING_BUOY (MANUAL),95,-225
1786033529.545,2026-08-06 23:25:29,MANUAL,True,-7.9262008,112.5948458,232.36,0.0,0.0,TRACKING_BUOY (MANUAL),94,-226
1786033529.668,2026-08-06 23:25:29,MANUAL,True,-7.9262006,112.5948449,232.36,0.0,0.0,TRACKING_BUOY (MANUAL),95,-225
1786033529.808,2026-08-06 23:25:29,MANUAL,True,-7.9262004,112.5948438,232.34,0.0,0.0,TRACKING_BUOY (MANUAL),95,-225
1786033529.982,2026-08-06 23:25:29,MANUAL,True,-7.9262003,112.5948433,232.34,0.0,0.0,TRACKING_BUOY (MANUAL),95,-225
1786033530.124,2026-08-06 23:25:30,MANUAL,True,-7.9262,112.594842,232.33,0.0,0.0,TRACKING_BUOY (MANUAL),95,-225
1786033530.242,2026-08-06 23:25:30,MANUAL,True,-7.9261999,112.5948415,232.32,0.0,0.0,TRACKING_BUOY (MANUAL),95,-225
1786033530.355,2026-08-06 23:25:30,MANUAL,True,-7.9261998,112.594841,232.31,0.0,0.0,TRACKING_BUOY (MANUAL),95,-225
1786033530.484,2026-08-06 23:25:30,MANUAL,True,-7.9261997,112.5948405,232.31,0.0,0.0,TRACKING_BUOY (MANUAL),95,-225
1786033530.598,2026-08-06 23:25:30,MANUAL,True,-7.9261995,112.5948401,232.31,0.0,0.0,TRACKING_BUOY (MANUAL),95,-225
1786033530.728,2026-08-06 23:25:30,MANUAL,True,-7.9261993,112.5948394,232.28,0.0,0.0,TRACKING_BUOY (MANUAL),95,-225
1786033530.842,2026-08-06 23:25:30,MANUAL,True,-7.9261992,112.5948391,232.29,0.0,0.0,TRACKING_BUOY (MANUAL),94,-226
1786033530.961,2026-08-06 23:25:30,MANUAL,True,-7.9261991,112.5948389,232.29,0.0,0.0,TRACKING_BUOY (MANUAL),93,-227
1786033531.092,2026-08-06 23:25:31,MANUAL,True,-7.9261989,112.5948386,232.28,0.0,0.0,🔴 FAILSAFE: TARGET LOST,,
1786033531.211,2026-08-06 23:25:31,MANUAL,True,-7.9261987,112.5948381,232.28,0.0,0.0,TRACKING_BUOY (MANUAL),94,-226
1786033531.337,2026-08-06 23:25:31,MANUAL,True,-7.9261986,112.5948378,232.25,0.0,0.0,🔴 FAILSAFE: TARGET LOST,,
1786033531.487,2026-08-06 23:25:31,MANUAL,True,-7.9261985,112.5948375,232.25,0.0,0.0,🔴 FAILSAFE: TARGET LOST,,
1786033531.622,2026-08-06 23:25:31,MANUAL,True,-7.9261982,112.5948369,232.22,0.0,0.0,🔴 FAILSAFE: TARGET LOST,,
1786033531.750,2026-08-06 23:25:31,MANUAL,True,-7.9261981,112.5948366,232.24,0.0,0.0,TRACKING_BUOY (MANUAL),94,-226
1786033531.893,2026-08-06 23:25:31,MANUAL,True,-7.926198,112.5948362,232.22,0.0,0.0,TRACKING_BUOY (MANUAL),94,-226
1786033532.012,2026-08-06 23:25:32,MANUAL,True,-7.9261977,112.5948355,232.22,0.0,0.0,🔴 FAILSAFE: TARGET LOST,,
1786033532.134,2026-08-06 23:25:32,MANUAL,True,-7.9261976,112.5948351,232.25,0.0,0.0,TRACKING_BUOY (MANUAL),94,-226
1786033532.249,2026-08-06 23:25:32,MANUAL,True,-7.9261975,112.5948349,232.23,0.0,0.0,TRACKING_BUOY (MANUAL),93,-227
1786033532.365,2026-08-06 23:25:32,MANUAL,True,-7.9261974,112.5948346,232.2,0.0,0.0,TRACKING_BUOY (MANUAL),94,-226
1786033532.483,2026-08-06 23:25:32,MANUAL,True,-7.9261972,112.5948342,232.25,0.0,0.0,🔴 FAILSAFE: TARGET LOST,,
1786033532.610,2026-08-06 23:25:32,MANUAL,True,-7.9261971,112.5948338,232.24,0.0,0.0,🔴 FAILSAFE: TARGET LOST,,
1786033532.741,2026-08-06 23:25:32,MANUAL,True,-7.9261969,112.594833,232.2,0.0,0.0,TRACKING_BUOY (MANUAL),94,-226
1786033532.866,2026-08-06 23:25:32,MANUAL,True,-7.9261968,112.5948328,232.2,0.0,0.0,TRACKING_BUOY (MANUAL),94,-226
1786033532.982,2026-08-06 23:25:32,MANUAL,True,-7.9261966,112.5948325,232.2,0.0,0.0,🔴 FAILSAFE: TARGET LOST,,
1786033533.109,2026-08-06 23:25:33,MANUAL,True,-7.9261963,112.5948319,232.21,0.0,0.0,🔴 FAILSAFE: TARGET LOST,,
1786033533.229,2026-08-06 23:25:33,MANUAL,True,-7.9261963,112.5948318,232.21,0.0,0.0,🔴 FAILSAFE: TARGET LOST,,
1786033533.375,2026-08-06 23:25:33,MANUAL,True,-7.9261962,112.5948316,232.22,0.0,0.0,TRACKING_BUOY (MANUAL),94,-226
1786033533.505,2026-08-06 23:25:33,MANUAL,True,-7.926196,112.5948311,232.2,0.0,0.0,TRACKING_BUOY (MANUAL),93,-227
1786033533.625,2026-08-06 23:25:33,MANUAL,True,-7.926196,112.5948311,232.2,0.0,0.0,TRACKING_BUOY (MANUAL),93,-227
1786033533.754,2026-08-06 23:25:33,MANUAL,True,-7.9261957,112.5948306,232.21,0.0,0.0,🔴 FAILSAFE: TARGET LOST,,
1786033533.886,2026-08-06 23:25:33,MANUAL,False,-7.9261956,112.5948303,232.21,0.0,0.0,TRACKING_BUOY (MANUAL),94,-226
1786033534.012,2026-08-06 23:25:34,MANUAL,False,-7.9261954,112.5948297,232.19,0.0,0.0,TRACKING_BUOY (MANUAL),93,-227
1786033534.140,2026-08-06 23:25:34,MANUAL,False,-7.9261953,112.5948294,232.19,0.0,0.0,TRACKING_BUOY (MANUAL),93,-227
1786033534.297,2026-08-06 23:25:34,MANUAL,False,-7.9261951,112.5948288,232.17,0.0,0.0,TRACKING_BUOY (MANUAL),93,-227
1786033534.418,2026-08-06 23:25:34,MANUAL,False,-7.9261949,112.5948277,232.17,0.0,0.0,TRACKING_BUOY (MANUAL),93,-227
1786033534.541,2026-08-06 23:25:34,MANUAL,False,-7.9261947,112.5948273,232.18,0.0,0.0,TRACKING_BUOY (MANUAL),92,-228
1786033534.669,2026-08-06 23:25:34,MANUAL,False,-7.9261946,112.5948268,232.17,0.0,0.0,TRACKING_BUOY (MANUAL),93,-227
1786033534.789,2026-08-06 23:25:34,MANUAL,False,-7.9261944,112.5948265,232.18,0.0,0.0,TRACKING_BUOY (MANUAL),94,-226
1786033534.910,2026-08-06 23:25:34,MANUAL,False,-7.9261942,112.5948258,232.17,0.0,0.0,TRACKING_BUOY (MANUAL),93,-227
1786033535.046,2026-08-06 23:25:35,MANUAL,False,-7.9261941,112.5948257,232.19,0.0,0.0,TRACKING_BUOY (MANUAL),91,-229
1786033535.167,2026-08-06 23:25:35,MANUAL,False,-7.926194,112.5948256,232.2,0.0,0.0,TRACKING_BUOY (MANUAL),90,-230
1786033535.290,2026-08-06 23:25:35,MANUAL,False,-7.9261938,112.5948254,232.18,0.0,0.0,TRACKING_BUOY (MANUAL),91,-229
1786033535.430,2026-08-06 23:25:35,MANUAL,False,-7.9261936,112.594825,232.19,0.0,0.0,TRACKING_BUOY (MANUAL),92,-228
1786033535.555,2026-08-06 23:25:35,MANUAL,False,-7.9261935,112.5948248,232.17,0.0,0.0,TRACKING_BUOY (MANUAL),91,-229
1786033535.676,2026-08-06 23:25:35,MANUAL,False,-7.9261933,112.5948246,232.17,0.0,0.0,TRACKING_BUOY (MANUAL),91,-229
1786033535.808,2026-08-06 23:25:35,MANUAL,False,-7.9261932,112.5948241,232.14,0.0,0.0,TRACKING_BUOY (MANUAL),91,-229
1786033535.924,2026-08-06 23:25:35,MANUAL,False,-7.9261931,112.594824,232.13,0.0,0.0,TRACKING_BUOY (MANUAL),89,-231
1786033536.055,2026-08-06 23:25:36,MANUAL,False,-7.926193,112.5948239,232.12,0.0,0.0,TRACKING_BUOY (MANUAL),88,-232
1786033536.174,2026-08-06 23:25:36,MANUAL,False,-7.9261929,112.5948238,232.11,0.0,0.0,TRACKING_BUOY (MANUAL),89,-231
1786033536.437,2026-08-06 23:25:36,MANUAL,False,-7.9261929,112.5948234,232.08,0.0,0.0,TRACKING_BUOY (MANUAL),90,-230
1786033536.670,2026-08-06 23:25:36,MANUAL,False,-7.9261928,112.5948232,232.08,0.0,0.0,TRACKING_BUOY (MANUAL),93,-227
1786033536.860,2026-08-06 23:25:36,MANUAL,False,-7.9261928,112.5948232,232.07,0.0,0.0,TRACKING_BUOY (MANUAL),93,-227
1786033537.001,2026-08-06 23:25:37,MANUAL,False,-7.9261928,112.5948233,232.07,0.0,0.0,TRACKING_BUOY (MANUAL),92,-228
1786033537.132,2026-08-06 23:25:37,MANUAL,False,-7.9261928,112.5948233,232.05,0.0,0.0,TRACKING_BUOY (MANUAL),93,-227
1786033537.288,2026-08-06 23:25:37,MANUAL,False,-7.9261928,112.5948233,232.07,0.0,0.0,TRACKING_BUOY (MANUAL),94,-226
1786033537.410,2026-08-06 23:25:37,MANUAL,False,-7.9261928,112.5948233,232.06,0.0,0.0,TRACKING_BUOY (MANUAL),105,-215
1786033537.622,2026-08-06 23:25:37,MANUAL,False,-7.9261928,112.5948235,232.05,0.0,0.0,TRACKING_BUOY (MANUAL),106,-214
1786033537.760,2026-08-06 23:25:37,MANUAL,False,-7.9261929,112.5948237,232.04,0.0,0.0,TRACKING_BUOY (MANUAL),108,-212
1786033537.902,2026-08-06 23:25:37,MANUAL,False,-7.9261929,112.5948237,232.05,0.0,0.0,TRACKING_BUOY (MANUAL),108,-212
1786033538.040,2026-08-06 23:25:38,MANUAL,False,-7.9261929,112.5948239,232.05,0.0,0.0,TRACKING_BUOY (MANUAL),106,-214
1786033538.177,2026-08-06 23:25:38,MANUAL,False,-7.9261929,112.594824,232.04,0.0,0.0,TRACKING_BUOY (MANUAL),106,-214
1786033538.324,2026-08-06 23:25:38,MANUAL,False,-7.9261929,112.594824,232.04,0.0,0.0,TRACKING_BUOY (MANUAL),106,-214
1786033538.447,2026-08-06 23:25:38,MANUAL,False,-7.926193,112.5948239,232.04,0.0,0.0,TRACKING_BUOY (MANUAL),107,-213
1786033538.562,2026-08-06 23:25:38,MANUAL,False,-7.926193,112.5948238,232.04,0.0,0.0,TRACKING_BUOY (MANUAL),106,-214
1786033538.693,2026-08-06 23:25:38,MANUAL,False,-7.926193,112.5948236,232.04,0.0,0.0,TRACKING_BUOY (MANUAL),107,-213
1786033538.812,2026-08-06 23:25:38,MANUAL,False,-7.9261931,112.5948232,232.05,0.0,0.0,TRACKING_BUOY (MANUAL),106,-214
1786033538.930,2026-08-06 23:25:38,MANUAL,False,-7.9261931,112.5948231,232.04,0.0,0.0,TRACKING_BUOY (MANUAL),106,-214
1786033539.049,2026-08-06 23:25:39,MANUAL,False,-7.9261932,112.594823,232.03,0.0,0.0,TRACKING_BUOY (MANUAL),107,-213
1786033539.170,2026-08-06 23:25:39,MANUAL,False,-7.9261932,112.594823,232.04,0.0,0.0,TRACKING_BUOY (MANUAL),104,-216
1786033539.298,2026-08-06 23:25:39,MANUAL,False,-7.9261932,112.5948229,232.03,0.0,0.0,TRACKING_BUOY (MANUAL),104,-216
1786033539.425,2026-08-06 23:25:39,MANUAL,False,-7.9261932,112.5948225,232.04,0.0,0.0,TRACKING_BUOY (MANUAL),104,-216
1786033539.537,2026-08-06 23:25:39,MANUAL,False,-7.9261931,112.5948223,232.02,0.0,0.0,TRACKING_BUOY (MANUAL),103,-217
1786033539.653,2026-08-06 23:25:39,MANUAL,False,-7.9261931,112.5948219,232.03,0.0,0.0,TRACKING_BUOY (MANUAL),102,-218
1786033539.769,2026-08-06 23:25:39,MANUAL,False,-7.9261931,112.5948217,232.03,0.0,0.0,TRACKING_BUOY (MANUAL),102,-218
1786033539.884,2026-08-06 23:25:39,MANUAL,False,-7.926193,112.5948215,232.02,0.0,0.0,TRACKING_BUOY (MANUAL),102,-218
1786033540.002,2026-08-06 23:25:40,MANUAL,False,-7.9261929,112.5948208,231.99,0.0,0.0,TRACKING_BUOY (MANUAL),102,-218
1786033540.122,2026-08-06 23:25:40,MANUAL,False,-7.9261929,112.5948206,232.01,0.0,0.0,TRACKING_BUOY (MANUAL),102,-218
1786033540.240,2026-08-06 23:25:40,MANUAL,False,-7.9261929,112.5948202,232.01,0.0,0.0,TRACKING_BUOY (MANUAL),101,-219
1786033540.359,2026-08-06 23:25:40,MANUAL,False,-7.9261928,112.5948199,232.0,0.0,0.0,TRACKING_BUOY (MANUAL),101,-219
1786033540.481,2026-08-06 23:25:40,MANUAL,False,-7.9261928,112.5948196,232.01,0.0,0.0,TRACKING_BUOY (MANUAL),101,-219
1786033540.594,2026-08-06 23:25:40,MANUAL,False,-7.9261927,112.5948193,232.02,0.0,0.0,TRACKING_BUOY (MANUAL),102,-218
1786033540.707,2026-08-06 23:25:40,MANUAL,False,-7.9261925,112.5948186,232.02,0.0,0.0,TRACKING_BUOY (MANUAL),102,-218
1786033540.819,2026-08-06 23:25:40,MANUAL,False,-7.9261925,112.5948183,232.03,0.0,0.0,TRACKING_BUOY (MANUAL),101,-219
1786033540.929,2026-08-06 23:25:40,MANUAL,False,-7.9261925,112.594818,232.03,0.0,0.0,TRACKING_BUOY (MANUAL),102,-218
1786033541.046,2026-08-06 23:25:41,MANUAL,False,-7.9261924,112.5948177,232.02,0.0,0.0,TRACKING_BUOY (MANUAL),102,-218
1786033541.159,2026-08-06 23:25:41,MANUAL,False,-7.9261923,112.5948175,232.03,0.0,0.0,TRACKING_BUOY (MANUAL),102,-218
1786033541.276,2026-08-06 23:25:41,MANUAL,False,-7.9261922,112.5948173,232.03,0.0,0.0,TRACKING_BUOY (MANUAL),102,-218
1786033541.397,2026-08-06 23:25:41,MANUAL,False,-7.9261922,112.594817,232.01,0.0,0.0,TRACKING_BUOY (MANUAL),101,-219
1786033541.515,2026-08-06 23:25:41,MANUAL,False,-7.9261922,112.594817,232.01,0.0,0.0,TRACKING_BUOY (MANUAL),102,-218
1786033541.626,2026-08-06 23:25:41,MANUAL,False,-7.9261922,112.5948169,232.02,0.0,0.0,TRACKING_BUOY (MANUAL),101,-219
1786033541.747,2026-08-06 23:25:41,MANUAL,False,-7.9261922,112.5948169,232.01,0.0,0.0,TRACKING_BUOY (MANUAL),101,-219
1786033541.871,2026-08-06 23:25:41,MANUAL,False,-7.9261922,112.594817,232.01,0.0,0.0,TRACKING_BUOY (MANUAL),102,-218
1786033542.008,2026-08-06 23:25:42,MANUAL,False,-7.9261923,112.5948173,232.01,0.0,0.0,TRACKING_BUOY (MANUAL),103,-217
1786033542.122,2026-08-06 23:25:42,MANUAL,False,-7.9261923,112.5948174,231.99,0.0,0.0,TRACKING_BUOY (MANUAL),103,-217
1786033542.237,2026-08-06 23:25:42,MANUAL,False,-7.9261923,112.5948174,232.0,0.0,0.0,TRACKING_BUOY (MANUAL),102,-218
1786033542.353,2026-08-06 23:25:42,MANUAL,False,-7.9261923,112.5948176,232.0,0.0,0.0,TRACKING_BUOY (MANUAL),103,-217
1786033542.464,2026-08-06 23:25:42,MANUAL,False,-7.9261923,112.5948177,232.0,0.0,0.0,TRACKING_BUOY (MANUAL),104,-216
1786033542.579,2026-08-06 23:25:42,MANUAL,False,-7.9261923,112.5948179,232.01,0.0,0.0,TRACKING_BUOY (MANUAL),105,-215
1786033542.713,2026-08-06 23:25:42,MANUAL,False,-7.9261925,112.5948185,232.01,0.0,0.0,TRACKING_BUOY (MANUAL),105,-215
1786033542.828,2026-08-06 23:25:42,MANUAL,False,-7.9261926,112.5948188,232.02,0.0,0.0,TRACKING_BUOY (MANUAL),104,-216
1786033542.942,2026-08-06 23:25:42,MANUAL,False,-7.9261927,112.5948192,232.01,0.0,0.0,TRACKING_BUOY (MANUAL),103,-217
1786033543.058,2026-08-06 23:25:43,MANUAL,False,-7.9261929,112.5948197,232.0,0.0,0.0,TRACKING_BUOY (MANUAL),102,-218
1786033543.173,2026-08-06 23:25:43,MANUAL,False,-7.926193,112.5948202,232.02,0.0,0.0,TRACKING_BUOY (MANUAL),103,-217
1786033543.290,2026-08-06 23:25:43,MANUAL,False,-7.9261932,112.5948208,232.01,0.0,0.0,TRACKING_BUOY (MANUAL),102,-218
1786033543.418,2026-08-06 23:25:43,MANUAL,False,-7.9261935,112.5948219,232.0,0.0,0.0,TRACKING_BUOY (MANUAL),102,-218
1786033543.536,2026-08-06 23:25:43,MANUAL,False,-7.9261936,112.5948225,232.0,0.0,0.0,TRACKING_BUOY (MANUAL),103,-217
1786033543.652,2026-08-06 23:25:43,MANUAL,False,-7.9261938,112.5948231,232.0,0.0,0.0,TRACKING_BUOY (MANUAL),102,-218
1786033543.772,2026-08-06 23:25:43,MANUAL,False,-7.9261939,112.5948237,232.01,0.0,0.0,TRACKING_BUOY (MANUAL),102,-218
1786033543.890,2026-08-06 23:25:43,MANUAL,False,-7.926194,112.5948242,232.0,0.0,0.0,TRACKING_BUOY (MANUAL),104,-216
1786033544.005,2026-08-06 23:25:44,MANUAL,False,-7.9261942,112.5948254,232.01,0.0,0.0,TRACKING_BUOY (MANUAL),102,-218
1786033544.119,2026-08-06 23:25:44,MANUAL,False,-7.9261943,112.5948259,232.02,0.0,0.0,TRACKING_BUOY (MANUAL),102,-218
1786033544.230,2026-08-06 23:25:44,MANUAL,False,-7.9261944,112.5948264,232.02,0.0,0.0,TRACKING_BUOY (MANUAL),103,-217
1786033544.354,2026-08-06 23:25:44,MANUAL,False,-7.9261945,112.5948269,232.01,0.0,0.0,TRACKING_BUOY (MANUAL),106,-214
1786033544.471,2026-08-06 23:25:44,MANUAL,False,-7.9261945,112.5948273,232.03,0.0,0.0,TRACKING_BUOY (MANUAL),106,-214
1786033544.590,2026-08-06 23:25:44,MANUAL,False,-7.9261945,112.5948277,232.05,0.0,0.0,TRACKING_BUOY (MANUAL),105,-215
1786033544.707,2026-08-06 23:25:44,MANUAL,False,-7.9261946,112.5948284,232.05,0.0,0.0,TRACKING_BUOY (MANUAL),105,-215
1786033544.823,2026-08-06 23:25:44,MANUAL,False,-7.9261946,112.5948287,232.05,0.0,0.0,TRACKING_BUOY (MANUAL),105,-215
1786033544.943,2026-08-06 23:25:44,MANUAL,False,-7.9261946,112.5948289,232.05,0.0,0.0,TRACKING_BUOY (MANUAL),104,-216
1786033545.061,2026-08-06 23:25:45,MANUAL,False,-7.9261947,112.5948291,232.05,0.0,0.0,TRACKING_BUOY (MANUAL),104,-216
1786033545.179,2026-08-06 23:25:45,MANUAL,False,-7.9261947,112.5948293,232.06,0.0,0.0,TRACKING_BUOY (MANUAL),104,-216
1786033545.292,2026-08-06 23:25:45,MANUAL,False,-7.9261947,112.5948295,232.07,0.0,0.0,TRACKING_BUOY (MANUAL),104,-216
1786033545.407,2026-08-06 23:25:45,MANUAL,False,-7.9261947,112.5948297,232.07,0.0,0.0,TRACKING_BUOY (MANUAL),105,-215
1786033545.519,2026-08-06 23:25:45,MANUAL,False,-7.9261947,112.5948298,232.07,0.0,0.0,TRACKING_BUOY (MANUAL),104,-216
1786033545.631,2026-08-06 23:25:45,MANUAL,False,-7.9261947,112.5948298,232.07,0.0,0.0,TRACKING_BUOY (MANUAL),104,-216
1786033545.749,2026-08-06 23:25:45,MANUAL,False,-7.9261946,112.5948301,232.08,0.0,0.0,TRACKING_BUOY (MANUAL),105,-215
1786033545.860,2026-08-06 23:25:45,MANUAL,False,-7.9261946,112.5948302,232.1,0.0,0.0,TRACKING_BUOY (MANUAL),104,-216
1786033545.978,2026-08-06 23:25:45,MANUAL,False,-7.9261945,112.5948302,232.09,0.0,0.0,TRACKING_BUOY (MANUAL),104,-216
1786033546.095,2026-08-06 23:25:46,MANUAL,False,-7.9261944,112.5948302,232.1,0.0,0.0,TRACKING_BUOY (MANUAL),105,-215
1786033546.207,2026-08-06 23:25:46,MANUAL,False,-7.9261943,112.5948302,232.1,0.0,0.0,TRACKING_BUOY (MANUAL),102,-218
1786033546.322,2026-08-06 23:25:46,MANUAL,False,-7.9261943,112.5948302,232.11,0.0,0.0,TRACKING_BUOY (MANUAL),103,-217
1786033546.444,2026-08-06 23:25:46,MANUAL,False,-7.9261943,112.5948301,232.11,0.0,0.0,TRACKING_BUOY (MANUAL),103,-217
1786033546.569,2026-08-06 23:25:46,MANUAL,False,-7.9261943,112.59483,232.13,0.0,0.0,TRACKING_BUOY (MANUAL),105,-215
1786033546.681,2026-08-06 23:25:46,MANUAL,False,-7.9261941,112.5948298,232.13,0.0,0.0,TRACKING_BUOY (MANUAL),104,-216
1786033546.794,2026-08-06 23:25:46,MANUAL,False,-7.9261939,112.5948297,232.15,0.0,0.0,TRACKING_BUOY (MANUAL),102,-218
1786033546.910,2026-08-06 23:25:46,MANUAL,False,-7.9261938,112.5948294,232.14,0.0,0.0,TRACKING_BUOY (MANUAL),104,-216
1786033547.040,2026-08-06 23:25:47,MANUAL,False,-7.9261937,112.5948292,232.15,0.0,0.0,TRACKING_BUOY (MANUAL),103,-217
1786033547.174,2026-08-06 23:25:47,MANUAL,False,-7.9261936,112.5948291,232.16,0.0,0.0,TRACKING_BUOY (MANUAL),104,-216
1786033547.318,2026-08-06 23:25:47,MANUAL,False,-7.9261934,112.5948287,232.18,0.0,0.0,TRACKING_BUOY (MANUAL),103,-217
1786033547.466,2026-08-06 23:25:47,MANUAL,False,-7.9261932,112.5948285,232.18,0.0,0.0,TRACKING_BUOY (MANUAL),103,-217
1786033547.590,2026-08-06 23:25:47,MANUAL,False,-7.9261931,112.5948283,232.17,0.0,0.0,TRACKING_BUOY (MANUAL),102,-218
1786033547.726,2026-08-06 23:25:47,MANUAL,False,-7.9261929,112.5948279,232.14,0.0,0.0,TRACKING_BUOY (MANUAL),102,-218
1786033547.843,2026-08-06 23:25:47,MANUAL,False,-7.9261928,112.5948277,232.15,0.0,0.0,TRACKING_BUOY (MANUAL),102,-218
1786033547.967,2026-08-06 23:25:47,MANUAL,False,-7.9261926,112.5948276,232.16,0.0,0.0,TRACKING_BUOY (MANUAL),103,-217
1786033548.097,2026-08-06 23:25:48,MANUAL,False,-7.9261924,112.5948273,232.16,0.0,0.0,TRACKING_BUOY (MANUAL),105,-215
1786033548.226,2026-08-06 23:25:48,MANUAL,False,-7.9261922,112.5948268,232.17,0.0,0.0,TRACKING_BUOY (MANUAL),103,-217
1786033548.356,2026-08-06 23:25:48,MANUAL,False,-7.9261921,112.5948267,232.16,0.0,0.0,TRACKING_BUOY (MANUAL),105,-215
1786033548.479,2026-08-06 23:25:48,MANUAL,False,-7.926192,112.5948265,232.17,0.0,0.0,TRACKING_BUOY (MANUAL),103,-217
1786033548.591,2026-08-06 23:25:48,MANUAL,False,-7.926192,112.5948264,232.18,0.0,0.0,TRACKING_BUOY (MANUAL),103,-217
1786033548.719,2026-08-06 23:25:48,MANUAL,False,-7.9261918,112.5948261,232.19,0.0,0.0,TRACKING_BUOY (MANUAL),104,-216
1786033548.841,2026-08-06 23:25:48,MANUAL,False,-7.9261917,112.594826,232.2,0.0,0.0,TRACKING_BUOY (MANUAL),105,-215
1786033548.968,2026-08-06 23:25:48,MANUAL,False,-7.9261916,112.5948258,232.21,0.0,0.0,TRACKING_BUOY (MANUAL),102,-218
1786033549.096,2026-08-06 23:25:49,MANUAL,False,-7.9261915,112.5948257,232.22,0.0,0.0,TRACKING_BUOY (MANUAL),106,-214
1786033549.207,2026-08-06 23:25:49,MANUAL,False,-7.9261913,112.5948255,232.25,0.0,0.0,TRACKING_BUOY (MANUAL),108,-212
1786033549.329,2026-08-06 23:25:49,MANUAL,False,-7.9261912,112.5948254,232.26,0.0,0.0,TRACKING_BUOY (MANUAL),109,-211
1786033549.491,2026-08-06 23:25:49,MANUAL,False,-7.9261911,112.5948254,232.28,0.0,0.0,TRACKING_BUOY (MANUAL),109,-211
1786033549.612,2026-08-06 23:25:49,MANUAL,False,-7.9261909,112.5948253,232.26,0.0,0.0,TRACKING_BUOY (MANUAL),109,-211
1786033549.735,2026-08-06 23:25:49,MANUAL,False,-7.9261909,112.5948252,232.26,0.0,0.0,TRACKING_BUOY (MANUAL),109,-211
1786033549.881,2026-08-06 23:25:49,MANUAL,False,-7.9261908,112.5948252,232.27,0.0,0.0,🔴 FAILSAFE: TARGET LOST,,
1786033550.001,2026-08-06 23:25:50,MANUAL,False,-7.9261908,112.5948252,232.27,0.0,0.0,TRACKING_BUOY (MANUAL),105,-215
1786033550.118,2026-08-06 23:25:50,MANUAL,False,-7.9261908,112.5948252,232.28,0.0,0.0,TRACKING_BUOY (MANUAL),104,-216
1786033550.234,2026-08-06 23:25:50,MANUAL,False,-7.9261908,112.5948252,232.27,0.0,0.0,TRACKING_BUOY (MANUAL),106,-214
1786033550.351,2026-08-06 23:25:50,MANUAL,False,-7.9261908,112.5948251,232.25,0.0,0.0,TRACKING_BUOY (MANUAL),106,-214
1786033550.477,2026-08-06 23:25:50,MANUAL,False,-7.9261908,112.5948251,232.25,0.0,0.0,TRACKING_BUOY (MANUAL),108,-212
1786033550.594,2026-08-06 23:25:50,MANUAL,False,-7.9261908,112.5948252,232.24,0.0,0.0,TRACKING_BUOY (MANUAL),107,-213
1786033550.713,2026-08-06 23:25:50,MANUAL,False,-7.9261909,112.5948255,232.26,0.0,0.0,TRACKING_BUOY (MANUAL),107,-213
1786033550.828,2026-08-06 23:25:50,MANUAL,True,-7.9261909,112.5948256,232.26,0.0,0.0,TRACKING_BUOY (MANUAL),105,-215
1786033550.963,2026-08-06 23:25:50,MANUAL,True,-7.9261909,112.5948258,232.25,0.0,0.0,TRACKING_BUOY (MANUAL),103,-217
1786033551.101,2026-08-06 23:25:51,MANUAL,True,-7.926191,112.5948259,232.24,0.0,0.0,TRACKING_BUOY (MANUAL),102,-218
1786033551.237,2026-08-06 23:25:51,MANUAL,True,-7.926191,112.5948261,232.24,0.0,0.0,TRACKING_BUOY (MANUAL),101,-219
1786033551.357,2026-08-06 23:25:51,MANUAL,True,-7.9261911,112.5948264,232.25,0.0,0.0,TRACKING_BUOY (MANUAL),100,-220
1786033551.474,2026-08-06 23:25:51,MANUAL,True,-7.9261911,112.5948266,232.25,0.0,0.0,TRACKING_BUOY (MANUAL),96,-224
1786033551.604,2026-08-06 23:25:51,MANUAL,True,-7.9261911,112.5948268,232.25,0.0,0.0,TRACKING_BUOY (MANUAL),94,-226
1786033551.723,2026-08-06 23:25:51,MANUAL,True,-7.9261913,112.5948274,232.24,0.0,0.0,TRACKING_BUOY (MANUAL),92,-228
1786033551.843,2026-08-06 23:25:51,MANUAL,True,-7.9261913,112.5948277,232.24,0.0,0.0,TRACKING_BUOY (MANUAL),92,-228
1786033551.964,2026-08-06 23:25:51,MANUAL,True,-7.9261914,112.594828,232.24,0.0,0.0,TRACKING_BUOY (MANUAL),94,-226
1786033552.087,2026-08-06 23:25:52,MANUAL,True,-7.9261915,112.5948283,232.23,0.0,0.0,TRACKING_BUOY (MANUAL),94,-226
1786033552.199,2026-08-06 23:25:52,MANUAL,True,-7.9261917,112.5948292,232.24,0.0,0.0,TRACKING_BUOY (MANUAL),94,-226
1786033552.319,2026-08-06 23:25:52,MANUAL,True,-7.9261919,112.5948298,232.25,0.0,0.0,TRACKING_BUOY (MANUAL),94,-226
1786033552.451,2026-08-06 23:25:52,MANUAL,True,-7.926192,112.5948304,232.23,0.0,0.0,TRACKING_BUOY (MANUAL),0,-320
1786033552.562,2026-08-06 23:25:52,MANUAL,True,-7.9261921,112.5948309,232.22,0.0,0.0,TRACKING_BUOY (MANUAL),0,-320
1786033552.680,2026-08-06 23:25:52,MANUAL,True,-7.9261922,112.5948314,232.21,0.0,0.0,TRACKING_BUOY (MANUAL),0,-320
1786033552.796,2026-08-06 23:25:52,MANUAL,True,-7.9261922,112.5948314,232.21,0.0,0.0,TRACKING_BUOY (MANUAL),0,-320
1786033552.913,2026-08-06 23:25:52,MANUAL,True,-7.9261924,112.594833,232.21,0.0,0.0,TRACKING_BUOY (MANUAL),0,-320
1786033553.034,2026-08-06 23:25:53,MANUAL,True,-7.9261927,112.5948347,232.22,0.0,0.0,TRACKING_BUOY (MANUAL),0,-320
1786033553.150,2026-08-06 23:25:53,MANUAL,True,-7.9261928,112.5948354,232.21,0.0,0.0,TRACKING_BUOY (MANUAL),0,-320
1786033553.261,2026-08-06 23:25:53,MANUAL,True,-7.9261929,112.5948367,232.2,0.0,0.0,TRACKING_BUOY (MANUAL),298,-22
1786033553.383,2026-08-06 23:25:53,MANUAL,True,-7.926193,112.5948377,232.18,0.0,0.0,TRACKING_BUOY (MANUAL),297,-23
1786033553.494,2026-08-06 23:25:53,MANUAL,True,-7.9261931,112.5948386,232.19,0.0,0.0,TRACKING_BUOY (MANUAL),295,-25
1786033553.610,2026-08-06 23:25:53,MANUAL,True,-7.9261932,112.5948395,232.19,0.0,0.0,TRACKING_BUOY (MANUAL),293,-27
1786033553.724,2026-08-06 23:25:53,MANUAL,True,-7.9261932,112.5948395,232.19,0.0,0.0,TRACKING_BUOY (MANUAL),292,-28
1786033553.840,2026-08-06 23:25:53,MANUAL,True,-7.9261936,112.5948421,232.16,0.0,0.0,TRACKING_BUOY (MANUAL),293,-27
1786033553.955,2026-08-06 23:25:53,MANUAL,True,-7.9261937,112.5948426,232.15,0.0,0.0,TRACKING_BUOY (MANUAL),293,-27
1786033554.071,2026-08-06 23:25:54,MANUAL,True,-7.9261937,112.594843,232.14,0.0,0.0,TRACKING_BUOY (MANUAL),0,-320
1786033554.185,2026-08-06 23:25:54,MANUAL,True,-7.9261937,112.5948433,232.13,0.0,0.0,🔴 FAILSAFE: TARGET LOST,,
1786033554.305,2026-08-06 23:25:54,MANUAL,True,-7.9261938,112.5948436,232.13,0.0,0.0,TRACKING_BUOY (MANUAL),110,-210
1786033554.427,2026-08-06 23:25:54,MANUAL,True,-7.9261937,112.5948438,232.09,0.0,0.0,TRACKING_BUOY (MANUAL),112,-208
1786033554.560,2026-08-06 23:25:54,MANUAL,True,-7.9261936,112.5948442,232.09,0.0,0.0,TRACKING_BUOY (MANUAL),112,-208
1786033554.672,2026-08-06 23:25:54,MANUAL,True,-7.9261936,112.5948445,232.09,0.0,0.0,TRACKING_BUOY (MANUAL),110,-210
1786033554.786,2026-08-06 23:25:54,MANUAL,True,-7.9261936,112.5948445,232.09,0.0,0.0,🔴 FAILSAFE: TARGET LOST,,
1786033554.902,2026-08-06 23:25:54,MANUAL,True,-7.9261937,112.594845,232.11,0.0,0.0,TRACKING_BUOY (MANUAL),108,-212
1786033555.017,2026-08-06 23:25:55,MANUAL,True,-7.9261936,112.5948451,232.11,0.0,0.0,🔴 FAILSAFE: TARGET LOST,,
1786033555.132,2026-08-06 23:25:55,MANUAL,True,-7.9261936,112.5948451,232.13,0.0,0.0,🔴 FAILSAFE: TARGET LOST,,
1786033555.250,2026-08-06 23:25:55,MANUAL,True,-7.9261937,112.5948452,232.11,0.0,0.0,TRACKING_BUOY (MANUAL),640,320
1786033555.367,2026-08-06 23:25:55,MANUAL,True,-7.9261937,112.5948453,232.11,0.0,0.0,TRACKING_BUOY (MANUAL),640,320
1786033555.505,2026-08-06 23:25:55,MANUAL,True,-7.9261937,112.5948454,232.13,0.0,0.0,TRACKING_BUOY (MANUAL),616,296
1786033555.615,2026-08-06 23:25:55,MANUAL,True,-7.9261937,112.5948453,232.11,0.0,0.0,TRACKING_BUOY (MANUAL),285,-35
1786033555.736,2026-08-06 23:25:55,MANUAL,True,-7.9261937,112.5948453,232.11,0.0,0.0,TRACKING_BUOY (MANUAL),282,-38
1786033555.848,2026-08-06 23:25:55,MANUAL,True,-7.9261937,112.5948453,232.1,0.0,0.0,TRACKING_BUOY (MANUAL),282,-38
1786033555.963,2026-08-06 23:25:55,MANUAL,True,-7.9261937,112.5948454,232.12,0.0,0.0,TRACKING_BUOY (MANUAL),282,-38
1786033556.086,2026-08-06 23:25:56,MANUAL,True,-7.9261938,112.5948454,232.13,0.0,0.0,TRACKING_BUOY (MANUAL),284,-36
1786033556.205,2026-08-06 23:25:56,MANUAL,True,-7.9261939,112.5948456,232.11,0.0,0.0,TRACKING_BUOY (MANUAL),289,-31
1786033556.324,2026-08-06 23:25:56,MANUAL,True,-7.926194,112.5948457,232.11,0.0,0.0,TRACKING_BUOY (MANUAL),292,-28
1786033556.446,2026-08-06 23:25:56,MANUAL,True,-7.9261941,112.5948458,232.1,0.0,0.0,TRACKING_BUOY (MANUAL),294,-26
1786033556.559,2026-08-06 23:25:56,MANUAL,True,-7.9261942,112.594846,232.09,0.0,0.0,TRACKING_BUOY (MANUAL),301,-19
1786033556.674,2026-08-06 23:25:56,MANUAL,True,-7.9261944,112.5948463,232.1,0.0,0.0,TRACKING_BUOY (MANUAL),310,-10
1786033556.788,2026-08-06 23:25:56,MANUAL,True,-7.9261945,112.5948466,232.09,0.0,0.0,TRACKING_BUOY (MANUAL),317,-3
1786033556.909,2026-08-06 23:25:56,MANUAL,True,-7.926195,112.5948476,232.07,0.0,0.0,TRACKING_BUOY (MANUAL),320,0
1786033557.030,2026-08-06 23:25:57,MANUAL,True,-7.9261954,112.5948483,232.07,0.0,0.0,TRACKING_BUOY (MANUAL),324,4
1786033557.152,2026-08-06 23:25:57,MANUAL,True,-7.9261957,112.5948489,232.09,0.0,0.0,TRACKING_BUOY (MANUAL),324,4
1786033557.272,2026-08-06 23:25:57,MANUAL,True,-7.9261961,112.5948497,232.08,0.0,0.0,TRACKING_BUOY (MANUAL),324,4
1786033557.392,2026-08-06 23:25:57,MANUAL,True,-7.9261964,112.5948502,232.06,0.0,0.0,TRACKING_BUOY (MANUAL),322,2
1786033557.512,2026-08-06 23:25:57,MANUAL,True,-7.9261969,112.5948513,232.06,0.0,0.0,TRACKING_BUOY (MANUAL),322,2
1786033557.627,2026-08-06 23:25:57,MANUAL,True,-7.9261969,112.5948513,232.06,0.0,0.0,TRACKING_BUOY (MANUAL),320,0
1786033557.745,2026-08-06 23:25:57,MANUAL,True,-7.9261972,112.5948521,232.05,0.0,0.0,TRACKING_BUOY (MANUAL),321,1
1786033557.867,2026-08-06 23:25:57,MANUAL,True,-7.9261973,112.5948524,232.05,0.0,0.0,TRACKING_BUOY (MANUAL),321,1
1786033557.984,2026-08-06 23:25:57,MANUAL,True,-7.9261974,112.5948526,232.04,0.0,0.0,TRACKING_BUOY (MANUAL),322,2
1786033558.106,2026-08-06 23:25:58,MANUAL,True,-7.9261976,112.594853,232.06,0.0,0.0,TRACKING_BUOY (MANUAL),321,1
1786033558.225,2026-08-06 23:25:58,MANUAL,True,-7.9261976,112.594853,232.05,0.0,0.0,TRACKING_BUOY (MANUAL),322,2
1786033558.342,2026-08-06 23:25:58,MANUAL,True,-7.9261976,112.5948531,232.03,0.0,0.0,TRACKING_BUOY (MANUAL),321,1
1786033558.482,2026-08-06 23:25:58,MANUAL,True,-7.9261975,112.5948532,232.04,0.0,0.0,TRACKING_BUOY (MANUAL),320,0
1786033558.597,2026-08-06 23:25:58,MANUAL,True,-7.9261974,112.5948532,232.03,0.0,0.0,TRACKING_BUOY (MANUAL),316,-4
1786033558.713,2026-08-06 23:25:58,MANUAL,True,-7.9261974,112.5948532,232.03,0.0,0.0,TRACKING_BUOY (MANUAL),312,-8
1786033558.827,2026-08-06 23:25:58,MANUAL,True,-7.9261973,112.5948532,232.02,0.0,0.0,TRACKING_BUOY (MANUAL),310,-10
1786033558.944,2026-08-06 23:25:58,MANUAL,True,-7.9261973,112.5948531,232.03,0.0,0.0,TRACKING_BUOY (MANUAL),308,-12
1786033559.061,2026-08-06 23:25:59,MANUAL,True,-7.9261972,112.5948529,232.02,0.0,0.0,TRACKING_BUOY (MANUAL),306,-14
1786033559.173,2026-08-06 23:25:59,MANUAL,True,-7.9261972,112.5948528,232.02,0.0,0.0,TRACKING_BUOY (MANUAL),302,-18
1786033559.290,2026-08-06 23:25:59,MANUAL,True,-7.9261971,112.5948522,232.01,0.0,0.0,TRACKING_BUOY (MANUAL),299,-21
1786033559.407,2026-08-06 23:25:59,MANUAL,True,-7.9261972,112.5948517,232.0,0.0,0.0,TRACKING_BUOY,288,-32
1786033559.556,2026-08-06 23:25:59,MANUAL,True,-7.9261972,112.5948514,232.0,0.0,0.0,FINISH,275,-45
1786033559.708,2026-08-06 23:25:59,MANUAL,True,-7.9261972,112.5948506,231.99,0.0,0.0,IDLE,265,-55
1786033559.828,2026-08-06 23:25:59,MANUAL,True,-7.9261971,112.5948502,232.0,0.0,0.0,IDLE,259,-61
1786033559.946,2026-08-06 23:25:59,MANUAL,True,-7.9261971,112.59485,232.0,0.0,0.0,IDLE,256,-64
1786033560.060,2026-08-06 23:26:00,MANUAL,True,-7.9261971,112.5948497,231.98,0.0,0.0,IDLE,255,-65
1786033560.179,2026-08-06 23:26:00,MANUAL,True,-7.926197,112.5948495,231.98,0.0,0.0,IDLE,255,-65
1786033560.621,2026-08-06 23:26:00,MANUAL,True,-7.926197,112.5948483,231.99,0.0,0.0,IDLE,254,-66
1786033560.766,2026-08-06 23:26:00,MANUAL,True,-7.9261971,112.5948476,232.0,0.0,0.0,IDLE,253,-67
1786033560.901,2026-08-06 23:26:00,MANUAL,True,-7.9261971,112.5948467,232.0,0.0,0.0,IDLE,254,-66
1786033561.031,2026-08-06 23:26:01,MANUAL,True,-7.9261971,112.5948461,232.0,0.0,0.0,IDLE,250,-70
1786033561.210,2026-08-06 23:26:01,MANUAL,True,-7.9261972,112.5948451,232.0,0.0,0.0,IDLE,246,-74
1786033561.330,2026-08-06 23:26:01,MANUAL,True,-7.9261973,112.5948447,231.99,0.0,0.0,IDLE,240,-80
1786033561.451,2026-08-06 23:26:01,MANUAL,True,-7.9261975,112.594844,231.99,0.0,0.0,IDLE,236,-84
1786033561.572,2026-08-06 23:26:01,MANUAL,True,-7.9261976,112.5948434,231.99,0.0,0.0,IDLE,234,-86
1786033561.695,2026-08-06 23:26:01,MANUAL,True,-7.9261979,112.5948424,232.01,0.0,0.0,IDLE,227,-93
1786033561.815,2026-08-06 23:26:01,MANUAL,True,-7.926198,112.5948419,232.01,0.0,0.0,IDLE,224,-96
1786033561.935,2026-08-06 23:26:01,MANUAL,True,-7.9261982,112.5948415,232.01,0.0,0.0,IDLE,228,-92
1786033562.062,2026-08-06 23:26:02,MANUAL,True,-7.9261983,112.594841,232.03,0.0,0.0,IDLE,235,-85
1786033562.174,2026-08-06 23:26:02,MANUAL,True,-7.9261985,112.5948406,232.03,0.0,0.0,IDLE,247,-73
1786033562.292,2026-08-06 23:26:02,MANUAL,True,-7.9261987,112.5948397,232.03,0.0,0.0,IDLE,256,-64
1786033562.410,2026-08-06 23:26:02,MANUAL,True,-7.9261988,112.5948391,232.04,0.0,0.0,IDLE,273,-47
1786033562.527,2026-08-06 23:26:02,MANUAL,True,-7.9261989,112.5948386,232.04,0.0,0.0,IDLE,290,-30
1786033562.644,2026-08-06 23:26:02,MANUAL,True,-7.9261989,112.5948379,232.03,0.0,0.0,IDLE,306,-14
1786033562.777,2026-08-06 23:26:02,MANUAL,True,-7.926199,112.5948375,232.04,0.0,0.0,IDLE,314,-6
1786033562.889,2026-08-06 23:26:02,MANUAL,True,-7.9261991,112.5948365,232.02,0.0,0.0,IDLE,328,8
1786033563.003,2026-08-06 23:26:03,MANUAL,True,-7.9261991,112.5948359,232.02,0.0,0.0,IDLE,338,18
1786033563.121,2026-08-06 23:26:03,MANUAL,True,-7.9261991,112.5948354,232.02,0.0,0.0,IDLE,348,28
1786033563.239,2026-08-06 23:26:03,MANUAL,True,-7.9261991,112.594835,232.02,0.0,0.0,IDLE,353,33
1786033563.356,2026-08-06 23:26:03,MANUAL,True,-7.9261992,112.5948347,232.02,0.0,0.0,IDLE,359,39
1786033563.473,2026-08-06 23:26:03,MANUAL,True,-7.9261992,112.5948342,232.03,0.0,0.0,IDLE,365,45
1786033563.586,2026-08-06 23:26:03,MANUAL,True,-7.9261992,112.5948339,232.04,0.0,0.0,IDLE,369,49
1786033563.703,2026-08-06 23:26:03,MANUAL,True,-7.9261993,112.5948333,232.07,0.0,0.0,IDLE,371,51
1786033563.815,2026-08-06 23:26:03,MANUAL,True,-7.9261993,112.594833,232.07,0.0,0.0,IDLE,378,58
1786033563.933,2026-08-06 23:26:03,MANUAL,True,-7.9261994,112.5948329,232.06,0.0,0.0,IDLE,386,66
1786033564.053,2026-08-06 23:26:04,MANUAL,True,-7.9261995,112.5948327,232.06,0.0,0.0,IDLE,392,72
1786033564.164,2026-08-06 23:26:04,MANUAL,True,-7.9261996,112.5948325,232.06,0.0,0.0,IDLE,394,74
1786033564.278,2026-08-06 23:26:04,MANUAL,True,-7.9261996,112.5948324,232.06,0.0,0.0,IDLE,397,77
1786033564.394,2026-08-06 23:26:04,MANUAL,True,-7.9261997,112.5948323,232.06,0.0,0.0,IDLE,398,78
1786033564.511,2026-08-06 23:26:04,MANUAL,True,-7.9261998,112.5948319,232.07,0.0,0.0,IDLE,389,69
1786033564.627,2026-08-06 23:26:04,MANUAL,True,-7.9261998,112.5948318,232.08,0.0,0.0,IDLE,379,59
1786033564.774,2026-08-06 23:26:04,MANUAL,True,-7.9261999,112.5948317,232.08,0.0,0.0,IDLE,640,320
1786033564.886,2026-08-06 23:26:04,MANUAL,True,-7.9261999,112.5948315,232.08,0.0,0.0,IDLE,110,-210
1786033564.998,2026-08-06 23:26:04,MANUAL,True,-7.9262,112.5948313,232.08,0.0,0.0,IDLE,109,-211
1786033565.112,2026-08-06 23:26:05,MANUAL,True,-7.9262,112.5948312,232.08,0.0,0.0,IDLE,105,-215
1786033565.233,2026-08-06 23:26:05,MANUAL,True,-7.9262001,112.5948312,232.09,0.0,0.0,IDLE,102,-218
1786033565.354,2026-08-06 23:26:05,MANUAL,True,-7.9262001,112.5948311,232.1,0.0,0.0,IDLE,101,-219
1786033565.487,2026-08-06 23:26:05,MANUAL,True,-7.9262002,112.5948311,232.09,0.0,0.0,IDLE,100,-220
1786033565.601,2026-08-06 23:26:05,MANUAL,True,-7.9262002,112.594831,232.09,0.0,0.0,IDLE,104,-216
1786033565.713,2026-08-06 23:26:05,MANUAL,True,-7.9262003,112.5948306,232.11,0.0,0.0,IDLE,109,-211
1786033565.828,2026-08-06 23:26:05,MANUAL,True,-7.9262004,112.5948304,232.11,0.0,0.0,IDLE,,
1786033565.956,2026-08-06 23:26:05,MANUAL,True,-7.9262004,112.5948303,232.11,0.0,0.0,IDLE,,
1786033566.088,2026-08-06 23:26:06,MANUAL,True,-7.9262005,112.5948302,232.11,0.0,0.0,IDLE,109,-211
1786033566.210,2026-08-06 23:26:06,MANUAL,True,-7.9262007,112.5948297,232.12,0.0,0.0,IDLE,,
1786033566.328,2026-08-06 23:26:06,MANUAL,True,-7.9262008,112.5948296,232.12,0.0,0.0,IDLE,109,-211
1786033566.453,2026-08-06 23:26:06,MANUAL,True,-7.926201,112.5948297,232.12,0.0,0.0,IDLE,109,-211
1786033566.588,2026-08-06 23:26:06,MANUAL,True,-7.9262011,112.5948297,232.12,0.0,0.0,IDLE,109,-211
1786033566.708,2026-08-06 23:26:06,MANUAL,True,-7.9262014,112.5948296,232.12,0.0,0.0,IDLE,109,-211
1786033566.828,2026-08-06 23:26:06,MANUAL,True,-7.9262016,112.5948297,232.13,0.0,0.0,IDLE,109,-211
1786033566.946,2026-08-06 23:26:06,MANUAL,True,-7.9262017,112.5948297,232.14,0.0,0.0,IDLE,109,-211
1786033567.060,2026-08-06 23:26:07,MANUAL,True,-7.9262019,112.5948299,232.13,0.0,0.0,IDLE,110,-210
1786033567.175,2026-08-06 23:26:07,MANUAL,True,-7.926202,112.5948299,232.13,0.0,0.0,IDLE,108,-212
1786033567.306,2026-08-06 23:26:07,MANUAL,True,-7.9262023,112.59483,232.13,0.0,0.0,IDLE,108,-212
1786033567.461,2026-08-06 23:26:07,GUIDED,True,-7.9262024,112.5948298,232.16,0.0,0.0,START,109,-211
1786033567.601,2026-08-06 23:26:07,GUIDED,True,-7.9262027,112.5948294,232.16,0.0,0.0,START,107,-213
1786033567.719,2026-08-06 23:26:07,GUIDED,True,-7.9262028,112.5948292,232.16,0.0,0.0,START,103,-217
1786033567.839,2026-08-06 23:26:07,GUIDED,True,-7.9262029,112.5948291,232.15,0.0,0.0,START,98,-222
1786033567.967,2026-08-06 23:26:07,GUIDED,True,-7.926203,112.594829,232.15,0.0,0.0,START,98,-222
1786033568.101,2026-08-06 23:26:08,GUIDED,True,-7.9262031,112.5948289,232.16,0.0,0.0,START,98,-222
1786033568.226,2026-08-06 23:26:08,GUIDED,True,-7.9262032,112.5948289,232.17,0.0,0.0,START,100,-220
1786033568.342,2026-08-06 23:26:08,GUIDED,True,-7.9262033,112.5948289,232.17,0.0,0.0,START,,
1786033568.474,2026-08-06 23:26:08,GUIDED,True,-7.9262035,112.594829,232.17,0.0,0.0,START,0,-320
1786033568.594,2026-08-06 23:26:08,GUIDED,True,-7.9262036,112.594829,232.18,0.0,0.0,START,0,-320
1786033568.721,2026-08-06 23:26:08,GUIDED,True,-7.9262038,112.5948288,232.18,0.0,0.0,START,0,-320
1786033568.839,2026-08-06 23:26:08,GUIDED,True,-7.9262039,112.5948288,232.17,0.0,0.0,START,0,-320
1786033568.962,2026-08-06 23:26:08,GUIDED,True,-7.926204,112.5948287,232.18,0.0,0.0,START,0,-320
1786033569.091,2026-08-06 23:26:09,GUIDED,True,-7.9262042,112.5948286,232.18,0.0,0.0,START,0,-320
1786033569.218,2026-08-06 23:26:09,GUIDED,True,-7.9262044,112.5948284,232.17,0.0,0.0,START,0,-320
1786033569.349,2026-08-06 23:26:09,GUIDED,True,-7.9262045,112.5948282,232.17,0.0,0.0,START,330,10
1786033569.479,2026-08-06 23:26:09,GUIDED,True,-7.9262046,112.5948277,232.17,0.0,0.0,TRACKING_BUOY (MANUAL),302,-18
1786033569.618,2026-08-06 23:26:09,MANUAL,True,-7.9262046,112.5948277,232.17,0.0,0.0,TRACKING_BUOY (MANUAL),286,-34
1786033569.746,2026-08-06 23:26:09,MANUAL,True,-7.9262048,112.594827,232.16,0.0,0.0,TRACKING_BUOY (MANUAL),279,-41
1786033569.895,2026-08-06 23:26:09,MANUAL,True,-7.926205,112.5948265,232.14,0.0,0.0,TRACKING_BUOY (MANUAL),274,-46
1786033570.020,2026-08-06 23:26:10,MANUAL,True,-7.926205,112.5948258,232.15,0.0,0.0,TRACKING_BUOY (MANUAL),271,-49
1786033570.156,2026-08-06 23:26:10,MANUAL,True,-7.926205,112.5948252,232.13,0.0,0.0,TRACKING_BUOY (MANUAL),270,-50
1786033570.277,2026-08-06 23:26:10,MANUAL,True,-7.926205,112.5948245,232.13,0.0,0.0,TRACKING_BUOY (MANUAL),268,-52
1786033570.409,2026-08-06 23:26:10,MANUAL,True,-7.926205,112.5948228,232.14,0.0,0.0,TRACKING_BUOY (MANUAL),263,-57
1786033570.532,2026-08-06 23:26:10,MANUAL,True,-7.9262049,112.5948218,232.13,0.0,0.0,TRACKING_BUOY (MANUAL),257,-63
1786033570.646,2026-08-06 23:26:10,MANUAL,True,-7.9262049,112.5948208,232.13,0.0,0.0,TRACKING_BUOY (MANUAL),253,-67
1786033570.759,2026-08-06 23:26:10,MANUAL,True,-7.9262049,112.5948208,232.13,0.0,0.0,TRACKING_BUOY (MANUAL),250,-70
1786033570.879,2026-08-06 23:26:10,MANUAL,True,-7.9262047,112.5948187,232.15,0.0,0.0,TRACKING_BUOY (MANUAL),250,-70
1786033571.021,2026-08-06 23:26:11,MANUAL,True,-7.9262046,112.5948167,232.15,0.0,0.0,TRACKING_BUOY (MANUAL),252,-68
1786033571.145,2026-08-06 23:26:11,MANUAL,True,-7.9262046,112.5948159,232.16,0.0,0.0,TRACKING_BUOY (MANUAL),259,-61
1786033571.261,2026-08-06 23:26:11,MANUAL,True,-7.9262048,112.5948152,232.16,0.0,0.0,TRACKING_BUOY (MANUAL),267,-53
1786033571.380,2026-08-06 23:26:11,MANUAL,True,-7.9262049,112.5948145,232.15,0.0,0.0,TRACKING_BUOY (MANUAL),275,-45
1786033571.511,2026-08-06 23:26:11,MANUAL,True,-7.926205,112.5948136,232.17,0.0,0.0,TRACKING_BUOY (MANUAL),284,-36
1786033571.632,2026-08-06 23:26:11,MANUAL,True,-7.9262051,112.5948132,232.17,0.0,0.0,TRACKING_BUOY (MANUAL),294,-26
1786033571.757,2026-08-06 23:26:11,MANUAL,True,-7.9262051,112.5948129,232.17,0.0,0.0,TRACKING_BUOY (MANUAL),297,-23
1786033571.870,2026-08-06 23:26:11,MANUAL,True,-7.9262052,112.5948126,232.18,0.0,0.0,TRACKING_BUOY (MANUAL),301,-19
1786033571.986,2026-08-06 23:26:11,MANUAL,True,-7.9262051,112.5948123,232.17,0.0,0.0,TRACKING_BUOY (MANUAL),304,-16
1786033572.127,2026-08-06 23:26:12,MANUAL,True,-7.9262051,112.5948117,232.16,0.0,0.0,TRACKING_BUOY (MANUAL),306,-14
1786033572.244,2026-08-06 23:26:12,MANUAL,True,-7.9262051,112.5948114,232.16,0.0,0.0,TRACKING_BUOY (MANUAL),307,-13
1786033572.361,2026-08-06 23:26:12,MANUAL,True,-7.9262051,112.5948112,232.18,0.0,0.0,TRACKING_BUOY (MANUAL),308,-12
1786033572.479,2026-08-06 23:26:12,MANUAL,True,-7.9262051,112.594811,232.18,0.0,0.0,TRACKING_BUOY (MANUAL),309,-11
1786033572.593,2026-08-06 23:26:12,MANUAL,True,-7.9262051,112.594811,232.17,0.0,0.0,TRACKING_BUOY (MANUAL),312,-8
1786033572.715,2026-08-06 23:26:12,MANUAL,True,-7.9262051,112.5948109,232.18,0.0,0.0,TRACKING_BUOY (MANUAL),314,-6
1786033572.855,2026-08-06 23:26:12,MANUAL,True,-7.9262051,112.5948108,232.17,0.0,0.0,TRACKING_BUOY (MANUAL),317,-3
1786033572.972,2026-08-06 23:26:12,MANUAL,True,-7.9262051,112.5948108,232.17,0.0,0.0,TRACKING_BUOY (MANUAL),318,-2
1786033573.088,2026-08-06 23:26:13,MANUAL,True,-7.9262053,112.5948108,232.17,0.0,0.0,TRACKING_BUOY (MANUAL),320,0
1786033573.204,2026-08-06 23:26:13,MANUAL,True,-7.9262053,112.5948108,232.16,0.0,0.0,TRACKING_BUOY (MANUAL),321,1
1786033573.316,2026-08-06 23:26:13,MANUAL,True,-7.9262053,112.5948109,232.16,0.0,0.0,TRACKING_BUOY (MANUAL),323,3
1786033573.439,2026-08-06 23:26:13,MANUAL,True,-7.9262052,112.5948109,232.17,0.0,0.0,TRACKING_BUOY (MANUAL),327,7
1786033573.558,2026-08-06 23:26:13,MANUAL,True,-7.9262052,112.5948109,232.16,0.0,0.0,TRACKING_BUOY (MANUAL),328,8
1786033573.677,2026-08-06 23:26:13,MANUAL,True,-7.9262052,112.5948109,232.14,0.0,0.0,TRACKING_BUOY (MANUAL),332,12
1786033573.791,2026-08-06 23:26:13,MANUAL,True,-7.9262052,112.5948108,232.13,0.0,0.0,TRACKING_BUOY (MANUAL),336,16
1786033573.907,2026-08-06 23:26:13,MANUAL,True,-7.9262052,112.5948107,232.14,0.0,0.0,TRACKING_BUOY (MANUAL),343,23
1786033574.031,2026-08-06 23:26:14,MANUAL,True,-7.9262052,112.5948106,232.12,0.0,0.0,TRACKING_BUOY (MANUAL),345,25
1786033574.148,2026-08-06 23:26:14,MANUAL,True,-7.9262052,112.5948105,232.13,0.0,0.0,TRACKING_BUOY (MANUAL),351,31
1786033574.262,2026-08-06 23:26:14,MANUAL,True,-7.9262052,112.5948104,232.14,0.0,0.0,TRACKING_BUOY (MANUAL),355,35
1786033574.382,2026-08-06 23:26:14,MANUAL,True,-7.9262052,112.5948101,232.15,0.0,0.0,TRACKING_BUOY (MANUAL),359,39
1786033574.503,2026-08-06 23:26:14,MANUAL,True,-7.9262051,112.5948096,232.17,0.0,0.0,TRACKING_BUOY (MANUAL),365,45
1786033574.620,2026-08-06 23:26:14,MANUAL,True,-7.9262051,112.5948094,232.18,0.0,0.0,TRACKING_BUOY (MANUAL),368,48
1786033574.735,2026-08-06 23:26:14,MANUAL,True,-7.9262051,112.5948092,232.17,0.0,0.0,TRACKING_BUOY (MANUAL),374,54
1786033574.853,2026-08-06 23:26:14,MANUAL,True,-7.9262051,112.594809,232.18,0.0,0.0,TRACKING_BUOY (MANUAL),380,60
1786033574.978,2026-08-06 23:26:14,MANUAL,True,-7.9262051,112.5948088,232.19,0.0,0.0,TRACKING_BUOY (MANUAL),388,68
1786033575.098,2026-08-06 23:26:15,MANUAL,True,-7.9262051,112.5948087,232.19,0.0,0.0,TRACKING_BUOY (MANUAL),392,72
1786033575.213,2026-08-06 23:26:15,MANUAL,True,-7.9262051,112.5948086,232.22,0.0,0.0,TRACKING_BUOY (MANUAL),395,75
1786033575.325,2026-08-06 23:26:15,MANUAL,True,-7.9262052,112.5948085,232.23,0.0,0.0,TRACKING_BUOY (MANUAL),398,78
1786033575.462,2026-08-06 23:26:15,MANUAL,True,-7.9262051,112.5948084,232.21,0.0,0.0,TRACKING_BUOY (MANUAL),400,80
1786033575.575,2026-08-06 23:26:15,MANUAL,True,-7.9262051,112.5948083,232.22,0.0,0.0,TRACKING_BUOY (MANUAL),399,79
1786033575.691,2026-08-06 23:26:15,MANUAL,True,-7.9262051,112.5948084,232.24,0.0,0.0,TRACKING_BUOY (MANUAL),398,78
1786033575.804,2026-08-06 23:26:15,MANUAL,True,-7.926205,112.5948084,232.24,0.0,0.0,TRACKING_BUOY (MANUAL),391,71
1786033575.916,2026-08-06 23:26:15,MANUAL,True,-7.926205,112.5948084,232.25,0.0,0.0,TRACKING_BUOY (MANUAL),375,55
1786033576.029,2026-08-06 23:26:16,MANUAL,True,-7.9262049,112.5948086,232.25,0.0,0.0,TRACKING_BUOY (MANUAL),354,34
1786033576.144,2026-08-06 23:26:16,MANUAL,True,-7.9262049,112.5948087,232.24,0.0,0.0,TRACKING_BUOY (MANUAL),342,22
1786033576.259,2026-08-06 23:26:16,MANUAL,True,-7.9262048,112.5948087,232.25,0.0,0.0,TRACKING_BUOY (MANUAL),322,2
1786033576.372,2026-08-06 23:26:16,MANUAL,True,-7.9262047,112.5948087,232.27,0.0,0.0,TRACKING_BUOY (MANUAL),303,-17
1786033576.491,2026-08-06 23:26:16,MANUAL,True,-7.9262047,112.5948087,232.26,0.0,0.0,TRACKING_BUOY (MANUAL),295,-25
1786033576.607,2026-08-06 23:26:16,MANUAL,True,-7.9262044,112.5948088,232.27,0.0,0.0,TRACKING_BUOY (MANUAL),283,-37
1786033576.721,2026-08-06 23:26:16,MANUAL,True,-7.9262042,112.594809,232.26,0.0,0.0,TRACKING_BUOY (MANUAL),273,-47
1786033576.837,2026-08-06 23:26:16,MANUAL,True,-7.9262039,112.5948091,232.26,0.0,0.0,TRACKING_BUOY (MANUAL),265,-55
1786033576.956,2026-08-06 23:26:16,MANUAL,True,-7.9262037,112.5948091,232.26,0.0,0.0,TRACKING_BUOY (MANUAL),263,-57
1786033577.081,2026-08-06 23:26:17,MANUAL,True,-7.9262036,112.5948091,232.27,0.0,0.0,TRACKING_BUOY (MANUAL),257,-63
1786033577.194,2026-08-06 23:26:17,MANUAL,True,-7.9262036,112.5948092,232.28,0.0,0.0,TRACKING_BUOY (MANUAL),268,-52
1786033577.313,2026-08-06 23:26:17,MANUAL,True,-7.9262035,112.5948093,232.29,0.0,0.0,TRACKING_BUOY (MANUAL),640,320
1786033577.434,2026-08-06 23:26:17,MANUAL,True,-7.9262033,112.5948095,232.29,0.0,0.0,TRACKING_BUOY (MANUAL),92,-228
1786033577.552,2026-08-06 23:26:17,MANUAL,True,-7.9262031,112.5948096,232.29,0.0,0.0,TRACKING_BUOY (MANUAL),90,-230
1786033577.668,2026-08-06 23:26:17,MANUAL,True,-7.926203,112.5948099,232.29,0.0,0.0,TRACKING_BUOY (MANUAL),92,-228
1786033577.785,2026-08-06 23:26:17,MANUAL,True,-7.9262029,112.5948099,232.3,0.0,0.0,TRACKING_BUOY (MANUAL),91,-229
1786033577.901,2026-08-06 23:26:17,MANUAL,True,-7.9262026,112.5948102,232.32,0.0,0.0,TRACKING_BUOY (MANUAL),90,-230
1786033578.034,2026-08-06 23:26:18,MANUAL,True,-7.9262025,112.5948104,232.33,0.0,0.0,TRACKING_BUOY (MANUAL),91,-229
1786033578.154,2026-08-06 23:26:18,MANUAL,True,-7.9262024,112.5948105,232.33,0.0,0.0,TRACKING_BUOY (MANUAL),92,-228
1786033578.270,2026-08-06 23:26:18,MANUAL,True,-7.9262023,112.5948107,232.33,0.0,0.0,TRACKING_BUOY (MANUAL),95,-225
1786033578.391,2026-08-06 23:26:18,MANUAL,True,-7.9262021,112.5948108,232.35,0.0,0.0,TRACKING_BUOY (MANUAL),99,-221
1786033578.509,2026-08-06 23:26:18,MANUAL,True,-7.9262018,112.594811,232.32,0.0,0.0,TRACKING_BUOY (MANUAL),102,-218
1786033578.630,2026-08-06 23:26:18,MANUAL,True,-7.9262018,112.594811,232.32,0.0,0.0,TRACKING_BUOY (MANUAL),102,-218
1786033578.751,2026-08-06 23:26:18,MANUAL,True,-7.9262015,112.5948114,232.32,0.0,0.0,IDLE,101,-219
1786033578.876,2026-08-06 23:26:18,MANUAL,True,-7.9262014,112.5948115,232.31,0.0,0.0,IDLE,105,-215
1786033578.992,2026-08-06 23:26:18,MANUAL,True,-7.9262013,112.5948117,232.32,0.0,0.0,IDLE,102,-218
1786033579.110,2026-08-06 23:26:19,MANUAL,True,-7.9262011,112.5948121,232.32,0.0,0.0,IDLE,102,-218
1786033579.225,2026-08-06 23:26:19,MANUAL,True,-7.9262011,112.5948122,232.33,0.0,0.0,IDLE,103,-217
1786033579.343,2026-08-06 23:26:19,MANUAL,True,-7.926201,112.5948124,232.33,0.0,0.0,IDLE,103,-217
1786033579.475,2026-08-06 23:26:19,MANUAL,True,-7.9262009,112.5948125,232.32,0.0,0.0,IDLE,103,-217
1786033579.589,2026-08-06 23:26:19,MANUAL,True,-7.9262009,112.5948126,232.33,0.0,0.0,IDLE,103,-217
1786033579.703,2026-08-06 23:26:19,MANUAL,True,-7.9262008,112.594813,232.32,0.0,0.0,IDLE,102,-218
1786033579.821,2026-08-06 23:26:19,MANUAL,True,-7.9262008,112.5948133,232.31,0.0,0.0,IDLE,102,-218
1786033579.939,2026-08-06 23:26:19,MANUAL,True,-7.9262008,112.5948135,232.31,0.0,0.0,IDLE,102,-218
1786033580.060,2026-08-06 23:26:20,MANUAL,True,-7.9262007,112.5948137,232.32,0.0,0.0,IDLE,102,-218
1786033580.175,2026-08-06 23:26:20,MANUAL,True,-7.9262007,112.5948138,232.32,0.0,0.0,IDLE,103,-217
1786033580.294,2026-08-06 23:26:20,MANUAL,True,-7.9262007,112.5948139,232.33,0.0,0.0,IDLE,102,-218
1786033580.416,2026-08-06 23:26:20,MANUAL,True,-7.9262006,112.5948141,232.34,0.0,0.0,IDLE,103,-217
1786033580.529,2026-08-06 23:26:20,MANUAL,True,-7.9262006,112.5948141,232.34,0.0,0.0,IDLE,103,-217
1786033580.642,2026-08-06 23:26:20,MANUAL,True,-7.9262006,112.594814,232.34,0.0,0.0,IDLE,103,-217
1786033580.761,2026-08-06 23:26:20,MANUAL,True,-7.9262006,112.5948139,232.34,0.0,0.0,IDLE,104,-216
1786033580.877,2026-08-06 23:26:20,MANUAL,True,-7.9262005,112.5948138,232.34,0.0,0.0,TRACKING_BUOY (MANUAL),105,-215
1786033580.993,2026-08-06 23:26:20,MANUAL,True,-7.9262004,112.5948137,232.34,0.0,0.0,TRACKING_BUOY (MANUAL),102,-218
1786033581.110,2026-08-06 23:26:21,MANUAL,True,-7.9262004,112.5948133,232.33,0.0,0.0,TRACKING_BUOY (MANUAL),100,-220
1786033581.227,2026-08-06 23:26:21,MANUAL,True,-7.9262004,112.5948131,232.33,0.0,0.0,TRACKING_BUOY (MANUAL),99,-221
1786033581.339,2026-08-06 23:26:21,MANUAL,True,-7.9262004,112.5948129,232.34,0.0,0.0,TRACKING_BUOY (MANUAL),98,-222
1786033581.460,2026-08-06 23:26:21,MANUAL,True,-7.9262003,112.5948127,232.34,0.0,0.0,TRACKING_BUOY (MANUAL),99,-221
1786033581.575,2026-08-06 23:26:21,MANUAL,True,-7.9262002,112.5948126,232.35,0.0,0.0,TRACKING_BUOY (MANUAL),101,-219
1786033581.693,2026-08-06 23:26:21,MANUAL,True,-7.9262001,112.5948122,232.35,0.0,0.0,TRACKING_BUOY (MANUAL),103,-217
1786033581.823,2026-08-06 23:26:21,MANUAL,True,-7.9262,112.594812,232.35,0.0,0.0,TRACKING_BUOY (MANUAL),103,-217
1786033581.938,2026-08-06 23:26:21,MANUAL,True,-7.9262,112.594812,232.37,0.0,0.0,TRACKING_BUOY (MANUAL),0,-320
1786033582.056,2026-08-06 23:26:22,MANUAL,True,-7.9262001,112.5948118,232.37,0.0,0.0,TRACKING_BUOY (MANUAL),0,-320
1786033582.187,2026-08-06 23:26:22,MANUAL,True,-7.9262001,112.5948117,232.37,0.0,0.0,TRACKING_BUOY (MANUAL),0,-320
1786033582.308,2026-08-06 23:26:22,MANUAL,True,-7.9262002,112.5948114,232.37,0.0,0.0,TRACKING_BUOY (MANUAL),0,-320
1786033582.430,2026-08-06 23:26:22,MANUAL,True,-7.9262001,112.5948112,232.37,0.0,0.0,TRACKING_BUOY (MANUAL),0,-320
1786033582.556,2026-08-06 23:26:22,MANUAL,True,-7.9262001,112.5948111,232.38,0.0,0.0,TRACKING_BUOY (MANUAL),0,-320
1786033582.670,2026-08-06 23:26:22,MANUAL,True,-7.9262001,112.5948109,232.38,0.0,0.0,TRACKING_BUOY (MANUAL),0,-320
1786033582.787,2026-08-06 23:26:22,MANUAL,True,-7.9262,112.5948107,232.38,0.0,0.0,TRACKING_BUOY (MANUAL),0,-320
1786033582.923,2026-08-06 23:26:22,MANUAL,True,-7.9261997,112.5948104,232.38,0.0,0.0,TRACKING_BUOY (MANUAL),341,21
1786033583.046,2026-08-06 23:26:23,MANUAL,True,-7.9261997,112.5948102,232.39,0.0,0.0,TRACKING_BUOY (MANUAL),305,-15
1786033583.182,2026-08-06 23:26:23,MANUAL,True,-7.9261997,112.59481,232.4,0.0,0.0,TRACKING_BUOY (MANUAL),284,-36
1786033583.324,2026-08-06 23:26:23,MANUAL,True,-7.9262,112.5948098,232.41,0.0,0.0,TRACKING_BUOY (MANUAL),275,-45
1786033583.469,2026-08-06 23:26:23,MANUAL,True,-7.9262,112.5948096,232.4,0.0,0.0,TRACKING_BUOY (MANUAL),267,-53
1786033583.600,2026-08-06 23:26:23,MANUAL,True,-7.9262001,112.5948093,232.39,0.0,0.0,TRACKING_BUOY (MANUAL),260,-60
1786033583.760,2026-08-06 23:26:23,MANUAL,True,-7.9262004,112.5948087,232.41,0.0,0.0,TRACKING_BUOY (MANUAL),256,-64
1786033583.877,2026-08-06 23:26:23,MANUAL,True,-7.9262003,112.5948084,232.41,0.0,0.0,TRACKING_BUOY (MANUAL),254,-66
1786033583.990,2026-08-06 23:26:23,MANUAL,True,-7.9262003,112.5948081,232.43,0.0,0.0,TRACKING_BUOY (MANUAL),249,-71
1786033584.108,2026-08-06 23:26:24,MANUAL,True,-7.9262001,112.5948075,232.4,0.0,0.0,TRACKING_BUOY (MANUAL),243,-77
1786033584.222,2026-08-06 23:26:24,MANUAL,True,-7.9262002,112.5948071,232.4,0.0,0.0,TRACKING_BUOY (MANUAL),236,-84
1786033584.342,2026-08-06 23:26:24,MANUAL,True,-7.9262003,112.5948068,232.4,0.0,0.0,TRACKING_BUOY (MANUAL),235,-85
1786033584.462,2026-08-06 23:26:24,MANUAL,True,-7.9262004,112.5948065,232.39,0.0,0.0,TRACKING_BUOY (MANUAL),242,-78
1786033584.576,2026-08-06 23:26:24,MANUAL,True,-7.9262004,112.5948062,232.38,0.0,0.0,TRACKING_BUOY (MANUAL),267,-53
1786033584.696,2026-08-06 23:26:24,MANUAL,True,-7.9262004,112.5948053,232.41,0.0,0.0,TRACKING_BUOY (MANUAL),299,-21
1786033584.817,2026-08-06 23:26:24,MANUAL,True,-7.9262004,112.5948049,232.41,0.0,0.0,TRACKING_BUOY (MANUAL),313,-7
1786033584.939,2026-08-06 23:26:24,MANUAL,True,-7.9262004,112.5948045,232.43,0.0,0.0,TRACKING_BUOY (MANUAL),337,17
1786033585.081,2026-08-06 23:26:25,MANUAL,True,-7.9262004,112.594804,232.44,0.0,0.0,TRACKING_BUOY (MANUAL),358,38
1786033585.191,2026-08-06 23:26:25,MANUAL,True,-7.9262004,112.5948036,232.44,0.0,0.0,TRACKING_BUOY (MANUAL),375,55
1786033585.305,2026-08-06 23:26:25,MANUAL,True,-7.9262003,112.5948029,232.43,0.0,0.0,TRACKING_BUOY (MANUAL),385,65
1786033585.424,2026-08-06 23:26:25,MANUAL,True,-7.9262004,112.5948027,232.43,0.0,0.0,TRACKING_BUOY (MANUAL),391,71
1786033585.541,2026-08-06 23:26:25,MANUAL,True,-7.9262004,112.5948026,232.42,0.0,0.0,TRACKING_BUOY (MANUAL),393,73
1786033585.661,2026-08-06 23:26:25,MANUAL,True,-7.9262005,112.5948025,232.43,0.0,0.0,TRACKING_BUOY (MANUAL),397,77
1786033585.782,2026-08-06 23:26:25,MANUAL,True,-7.9262007,112.5948024,232.44,0.0,0.0,TRACKING_BUOY (MANUAL),404,84
1786033585.901,2026-08-06 23:26:25,MANUAL,True,-7.9262009,112.594802,232.45,0.0,0.0,TRACKING_BUOY (MANUAL),410,90
1786033586.020,2026-08-06 23:26:26,MANUAL,True,-7.926201,112.5948019,232.44,0.0,0.0,TRACKING_BUOY (MANUAL),422,102
1786033586.139,2026-08-06 23:26:26,MANUAL,True,-7.9262012,112.5948018,232.44,0.0,0.0,TRACKING_BUOY (MANUAL),428,108
1786033586.257,2026-08-06 23:26:26,MANUAL,True,-7.9262013,112.5948017,232.43,0.0,0.0,TRACKING_BUOY (MANUAL),437,117
1786033586.370,2026-08-06 23:26:26,MANUAL,True,-7.9262014,112.5948015,232.43,0.0,0.0,TRACKING_BUOY (MANUAL),444,124
1786033586.487,2026-08-06 23:26:26,MANUAL,True,-7.9262014,112.5948013,232.45,0.0,0.0,TRACKING_BUOY (MANUAL),443,123
1786033586.602,2026-08-06 23:26:26,MANUAL,True,-7.9262014,112.5948011,232.44,0.0,0.0,TRACKING_BUOY (MANUAL),439,119
1786033586.723,2026-08-06 23:26:26,MANUAL,True,-7.9262015,112.5948009,232.46,0.0,0.0,TRACKING_BUOY (MANUAL),416,96
1786033586.845,2026-08-06 23:26:26,MANUAL,True,-7.9262015,112.5948007,232.45,0.0,0.0,TRACKING_BUOY (MANUAL),375,55
1786033586.963,2026-08-06 23:26:26,MANUAL,True,-7.9262015,112.5948004,232.44,0.0,0.0,TRACKING_BUOY (MANUAL),640,320
1786033587.079,2026-08-06 23:26:27,MANUAL,True,-7.9262014,112.5948002,232.46,0.0,0.0,TRACKING_BUOY (MANUAL),111,-209
1786033587.191,2026-08-06 23:26:27,MANUAL,True,-7.9262014,112.5948,232.46,0.0,0.0,TRACKING_BUOY (MANUAL),109,-211
1786033587.305,2026-08-06 23:26:27,MANUAL,True,-7.9262014,112.5947995,232.46,0.0,0.0,TRACKING_BUOY (MANUAL),103,-217
1786033587.424,2026-08-06 23:26:27,MANUAL,True,-7.9262014,112.5947992,232.46,0.0,0.0,TRACKING_BUOY (MANUAL),95,-225
1786033587.544,2026-08-06 23:26:27,MANUAL,True,-7.9262014,112.594799,232.46,0.0,0.0,TRACKING_BUOY (MANUAL),94,-226
1786033587.657,2026-08-06 23:26:27,MANUAL,True,-7.9262015,112.5947986,232.46,0.0,0.0,TRACKING_BUOY (MANUAL),92,-228
1786033587.779,2026-08-06 23:26:27,MANUAL,True,-7.9262015,112.5947984,232.46,0.0,0.0,TRACKING_BUOY (MANUAL),93,-227
1786033587.894,2026-08-06 23:26:27,MANUAL,True,-7.9262015,112.5947982,232.47,0.0,0.0,TRACKING_BUOY (MANUAL),94,-226
1786033588.011,2026-08-06 23:26:28,MANUAL,True,-7.9262014,112.5947976,232.47,0.0,0.0,TRACKING_BUOY (MANUAL),98,-222
1786033588.129,2026-08-06 23:26:28,MANUAL,True,-7.9262014,112.5947973,232.47,0.0,0.0,TRACKING_BUOY (MANUAL),102,-218
1786033588.251,2026-08-06 23:26:28,MANUAL,True,-7.9262014,112.5947971,232.47,0.0,0.0,IDLE,102,-218
1786033588.371,2026-08-06 23:26:28,MANUAL,True,-7.9262014,112.5947968,232.48,0.0,0.0,IDLE,104,-216
1786033588.484,2026-08-06 23:26:28,MANUAL,True,-7.9262014,112.5947966,232.5,0.0,0.0,IDLE,105,-215
1786033588.597,2026-08-06 23:26:28,MANUAL,True,-7.9262013,112.5947959,232.48,0.0,0.0,IDLE,104,-216
1786033588.712,2026-08-06 23:26:28,MANUAL,True,-7.9262012,112.5947956,232.47,0.0,0.0,IDLE,105,-215
1786033588.838,2026-08-06 23:26:28,MANUAL,True,-7.9262012,112.5947953,232.46,0.0,0.0,IDLE,106,-214
1786033588.962,2026-08-06 23:26:28,MANUAL,True,-7.9262012,112.594795,232.46,0.0,0.0,IDLE,105,-215
1786033589.079,2026-08-06 23:26:29,MANUAL,True,-7.9262013,112.5947948,232.45,0.0,0.0,IDLE,107,-213
1786033589.207,2026-08-06 23:26:29,MANUAL,True,-7.9262014,112.5947945,232.43,0.0,0.0,IDLE,107,-213
1786033589.333,2026-08-06 23:26:29,MANUAL,True,-7.9262015,112.5947944,232.44,0.0,0.0,IDLE,107,-213
1786033589.601,2026-08-06 23:26:29,MANUAL,True,-7.9262016,112.5947943,232.44,0.0,0.0,IDLE,108,-212
1786033589.836,2026-08-06 23:26:29,MANUAL,True,-7.9262018,112.5947945,232.45,0.0,0.0,IDLE,107,-213
1786033589.971,2026-08-06 23:26:29,MANUAL,True,-7.9262019,112.5947945,232.44,0.0,0.0,IDLE,106,-214
1786033590.138,2026-08-06 23:26:30,MANUAL,True,-7.9262019,112.5947947,232.45,0.0,0.0,IDLE,104,-216
1786033590.278,2026-08-06 23:26:30,MANUAL,True,-7.9262018,112.5947948,232.44,0.0,0.0,IDLE,104,-216
1786033590.420,2026-08-06 23:26:30,MANUAL,True,-7.9262019,112.5947952,232.45,0.0,0.0,IDLE,103,-217
1786033590.567,2026-08-06 23:26:30,MANUAL,True,-7.926202,112.5947952,232.45,0.0,0.0,IDLE,104,-216
1786033590.730,2026-08-06 23:26:30,MANUAL,True,-7.9262021,112.5947957,232.47,0.0,0.0,IDLE,102,-218
1786033590.891,2026-08-06 23:26:30,MANUAL,True,-7.9262023,112.594796,232.48,0.0,0.0,IDLE,99,-221
1786033591.066,2026-08-06 23:26:31,MANUAL,True,-7.9262028,112.5947966,232.46,0.0,0.0,IDLE,99,-221
1786033591.188,2026-08-06 23:26:31,MANUAL,True,-7.9262031,112.5947969,232.47,0.0,0.0,IDLE,99,-221
1786033591.371,2026-08-06 23:26:31,MANUAL,True,-7.9262037,112.5947978,232.45,0.0,0.0,IDLE,101,-219
1786033591.522,2026-08-06 23:26:31,MANUAL,True,-7.9262042,112.5947985,232.44,0.0,0.0,IDLE,97,-223
1786033591.641,2026-08-06 23:26:31,MANUAL,True,-7.9262043,112.5947989,232.45,0.0,0.0,IDLE,101,-219
1786033591.767,2026-08-06 23:26:31,MANUAL,True,-7.9262045,112.5947993,232.44,0.0,0.0,IDLE,100,-220
1786033591.910,2026-08-06 23:26:31,MANUAL,True,-7.9262047,112.5948002,232.42,0.0,0.0,IDLE,100,-220
1786033592.027,2026-08-06 23:26:32,MANUAL,True,-7.9262048,112.5948005,232.42,0.0,0.0,IDLE,97,-223
1786033592.141,2026-08-06 23:26:32,MANUAL,True,-7.9262049,112.5948008,232.42,0.0,0.0,IDLE,100,-220
1786033592.288,2026-08-06 23:26:32,MANUAL,True,-7.9262049,112.5948011,232.41,0.0,0.0,IDLE,100,-220
1786033592.424,2026-08-06 23:26:32,MANUAL,True,-7.926205,112.5948018,232.41,0.0,0.0,IDLE,97,-223
1786033592.555,2026-08-06 23:26:32,MANUAL,True,-7.926205,112.5948022,232.41,0.0,0.0,IDLE,99,-221
1786033592.676,2026-08-06 23:26:32,MANUAL,True,-7.9262049,112.5948027,232.4,0.0,0.0,IDLE,102,-218
1786033592.814,2026-08-06 23:26:32,MANUAL,True,-7.9262048,112.5948032,232.41,0.0,0.0,IDLE,103,-217
1786033592.935,2026-08-06 23:26:32,MANUAL,True,-7.9262047,112.5948035,232.41,0.0,0.0,IDLE,104,-216
1786033593.062,2026-08-06 23:26:33,MANUAL,True,-7.9262046,112.5948038,232.41,0.0,0.0,IDLE,105,-215
1786033593.178,2026-08-06 23:26:33,MANUAL,True,-7.9262046,112.5948041,232.41,0.0,0.0,IDLE,107,-213
1786033593.294,2026-08-06 23:26:33,MANUAL,True,-7.9262045,112.5948043,232.43,0.0,0.0,IDLE,108,-212
1786033593.413,2026-08-06 23:26:33,MANUAL,True,-7.9262042,112.5948047,232.43,0.0,0.0,IDLE,108,-212
1786033593.531,2026-08-06 23:26:33,MANUAL,True,-7.9262041,112.594805,232.43,0.0,0.0,IDLE,109,-211
1786033593.646,2026-08-06 23:26:33,MANUAL,True,-7.9262038,112.5948053,232.44,0.0,0.0,IDLE,110,-210
1786033593.761,2026-08-06 23:26:33,MANUAL,True,-7.9262037,112.5948054,232.44,0.0,0.0,IDLE,110,-210
1786033593.874,2026-08-06 23:26:33,MANUAL,True,-7.9262037,112.5948055,232.43,0.0,0.0,IDLE,110,-210
1786033593.988,2026-08-06 23:26:33,MANUAL,True,-7.9262036,112.5948058,232.47,0.0,0.0,IDLE,110,-210
1786033594.113,2026-08-06 23:26:34,MANUAL,True,-7.9262035,112.5948063,232.48,0.0,0.0,IDLE,110,-210
1786033594.235,2026-08-06 23:26:34,MANUAL,True,-7.9262035,112.5948066,232.48,0.0,0.0,IDLE,110,-210
1786033594.352,2026-08-06 23:26:34,MANUAL,True,-7.9262035,112.5948069,232.48,0.0,0.0,IDLE,110,-210
1786033594.474,2026-08-06 23:26:34,MANUAL,True,-7.9262033,112.5948071,232.49,0.0,0.0,IDLE,110,-210
1786033594.595,2026-08-06 23:26:34,MANUAL,True,-7.926203,112.5948074,232.51,0.0,0.0,IDLE,110,-210
1786033594.711,2026-08-06 23:26:34,MANUAL,True,-7.9262029,112.5948076,232.51,0.0,0.0,IDLE,110,-210
1786033594.827,2026-08-06 23:26:34,MANUAL,True,-7.9262027,112.5948077,232.53,0.0,0.0,IDLE,,
1786033594.941,2026-08-06 23:26:34,MANUAL,True,-7.9262026,112.5948079,232.53,0.0,0.0,IDLE,,
1786033595.056,2026-08-06 23:26:35,MANUAL,True,-7.9262027,112.5948082,232.53,0.0,0.0,IDLE,,
1786033595.170,2026-08-06 23:26:35,MANUAL,True,-7.9262027,112.5948085,232.54,0.0,0.0,IDLE,,
1786033595.305,2026-08-06 23:26:35,MANUAL,True,-7.9262028,112.5948091,232.54,0.0,0.0,IDLE,112,-208
1786033595.418,2026-08-06 23:26:35,MANUAL,True,-7.9262029,112.5948094,232.53,0.0,0.0,IDLE,111,-209
1786033595.535,2026-08-06 23:26:35,MANUAL,True,-7.9262029,112.5948097,232.54,0.0,0.0,IDLE,112,-208
1786033595.647,2026-08-06 23:26:35,MANUAL,True,-7.9262029,112.5948101,232.55,0.0,0.0,IDLE,111,-209
1786033595.760,2026-08-06 23:26:35,MANUAL,True,-7.926203,112.5948103,232.55,0.0,0.0,IDLE,,
1786033595.871,2026-08-06 23:26:35,MANUAL,True,-7.9262031,112.5948107,232.57,0.0,0.0,IDLE,,
1786033595.996,2026-08-06 23:26:35,MANUAL,True,-7.9262032,112.5948115,232.56,0.0,0.0,IDLE,110,-210
1786033596.122,2026-08-06 23:26:36,MANUAL,True,-7.9262033,112.5948119,232.56,0.0,0.0,IDLE,110,-210
1786033596.243,2026-08-06 23:26:36,MANUAL,True,-7.9262034,112.5948121,232.55,0.0,0.0,IDLE,110,-210
1786033596.358,2026-08-06 23:26:36,MANUAL,True,-7.9262034,112.5948123,232.56,0.0,0.0,IDLE,110,-210
1786033596.488,2026-08-06 23:26:36,MANUAL,True,-7.9262034,112.5948124,232.57,0.0,0.0,IDLE,110,-210
1786033596.727,2026-08-06 23:26:36,MANUAL,True,-7.9262035,112.5948131,232.56,0.0,0.0,IDLE,110,-210
1786033597.059,2026-08-06 23:26:37,MANUAL,True,-7.9262035,112.5948134,232.58,0.0,0.0,IDLE,110,-210
1786033597.295,2026-08-06 23:26:37,MANUAL,True,-7.9262035,112.5948141,232.58,0.0,0.0,IDLE,110,-210
1786033597.448,2026-08-06 23:26:37,MANUAL,True,-7.9262036,112.5948144,232.59,0.0,0.0,IDLE,110,-210
1786033597.579,2026-08-06 23:26:37,MANUAL,True,-7.9262037,112.5948146,232.59,0.0,0.0,IDLE,110,-210
1786033597.712,2026-08-06 23:26:37,MANUAL,True,-7.9262038,112.594815,232.56,0.0,0.0,IDLE,110,-210
1786033597.849,2026-08-06 23:26:37,MANUAL,True,-7.9262038,112.5948152,232.56,0.0,0.0,IDLE,,
1786033597.992,2026-08-06 23:26:37,MANUAL,True,-7.9262038,112.5948154,232.56,0.0,0.0,IDLE,110,-210
1786033598.152,2026-08-06 23:26:38,MANUAL,True,-7.9262039,112.5948159,232.57,0.0,0.0,IDLE,110,-210
1786033598.270,2026-08-06 23:26:38,MANUAL,True,-7.926204,112.5948161,232.59,0.0,0.0,IDLE,110,-210
1786033598.386,2026-08-06 23:26:38,MANUAL,True,-7.926204,112.5948164,232.59,0.0,0.0,IDLE,110,-210
1786033598.503,2026-08-06 23:26:38,MANUAL,True,-7.926204,112.5948168,232.59,0.0,0.0,IDLE,110,-210
1786033598.616,2026-08-06 23:26:38,MANUAL,True,-7.9262039,112.594817,232.6,0.0,0.0,IDLE,110,-210
1786033598.732,2026-08-06 23:26:38,MANUAL,True,-7.9262039,112.5948172,232.58,0.0,0.0,IDLE,109,-211
1786033598.846,2026-08-06 23:26:38,MANUAL,True,-7.9262039,112.5948174,232.58,0.0,0.0,IDLE,110,-210
1786033598.962,2026-08-06 23:26:38,MANUAL,True,-7.9262039,112.5948177,232.59,0.0,0.0,IDLE,110,-210
1786033599.076,2026-08-06 23:26:39,MANUAL,True,-7.9262039,112.594818,232.6,0.0,0.0,IDLE,110,-210
1786033599.214,2026-08-06 23:26:39,MANUAL,True,-7.9262039,112.5948186,232.6,0.0,0.0,IDLE,110,-210
1786033599.389,2026-08-06 23:26:39,MANUAL,True,-7.9262039,112.5948189,232.59,0.0,0.0,IDLE,110,-210
1786033599.512,2026-08-06 23:26:39,MANUAL,True,-7.9262039,112.5948196,232.61,0.0,0.0,IDLE,,
1786033599.651,2026-08-06 23:26:39,MANUAL,True,-7.9262039,112.5948201,232.61,0.0,0.0,IDLE,110,-210
1786033599.776,2026-08-06 23:26:39,MANUAL,True,-7.9262039,112.5948204,232.61,0.0,0.0,IDLE,,
1786033599.918,2026-08-06 23:26:39,MANUAL,True,-7.9262039,112.5948211,232.61,0.0,0.0,IDLE,110,-210
1786033600.046,2026-08-06 23:26:40,MANUAL,True,-7.9262039,112.5948214,232.6,0.0,0.0,IDLE,110,-210
1786033600.179,2026-08-06 23:26:40,MANUAL,True,-7.9262039,112.5948217,232.59,0.0,0.0,IDLE,110,-210
1786033600.357,2026-08-06 23:26:40,MANUAL,True,-7.9262039,112.5948223,232.59,0.0,0.0,IDLE,110,-210
1786033600.489,2026-08-06 23:26:40,MANUAL,True,-7.9262039,112.5948225,232.59,0.0,0.0,IDLE,110,-210
1786033600.604,2026-08-06 23:26:40,MANUAL,True,-7.9262039,112.5948232,232.59,0.0,0.0,IDLE,110,-210
1786033600.721,2026-08-06 23:26:40,MANUAL,True,-7.9262039,112.5948235,232.59,0.0,0.0,IDLE,110,-210
1786033600.846,2026-08-06 23:26:40,MANUAL,True,-7.9262039,112.5948239,232.59,0.0,0.0,IDLE,110,-210
1786033600.959,2026-08-06 23:26:40,MANUAL,True,-7.9262039,112.5948242,232.6,0.0,0.0,IDLE,110,-210
1786033601.075,2026-08-06 23:26:41,MANUAL,True,-7.9262039,112.5948246,232.6,0.0,0.0,IDLE,110,-210
1786033601.189,2026-08-06 23:26:41,MANUAL,True,-7.9262039,112.5948249,232.59,0.0,0.0,IDLE,,
1786033601.304,2026-08-06 23:26:41,MANUAL,True,-7.9262039,112.5948256,232.6,0.0,0.0,IDLE,110,-210
1786033601.425,2026-08-06 23:26:41,MANUAL,True,-7.926204,112.5948259,232.58,0.0,0.0,IDLE,110,-210
1786033601.540,2026-08-06 23:26:41,MANUAL,True,-7.926204,112.5948263,232.57,0.0,0.0,IDLE,110,-210
1786033601.659,2026-08-06 23:26:41,MANUAL,True,-7.9262041,112.5948267,232.57,0.0,0.0,IDLE,110,-210
1786033601.774,2026-08-06 23:26:41,MANUAL,True,-7.9262042,112.5948271,232.57,0.0,0.0,IDLE,110,-210
1786033601.896,2026-08-06 23:26:41,MANUAL,True,-7.9262044,112.594828,232.56,0.0,0.0,IDLE,110,-210
1786033602.011,2026-08-06 23:26:42,MANUAL,True,-7.9262045,112.5948285,232.55,0.0,0.0,IDLE,110,-210
1786033602.125,2026-08-06 23:26:42,MANUAL,True,-7.9262046,112.594829,232.56,0.0,0.0,IDLE,110,-210
1786033602.240,2026-08-06 23:26:42,MANUAL,True,-7.9262048,112.5948296,232.56,0.0,0.0,IDLE,104,-216
1786033602.358,2026-08-06 23:26:42,MANUAL,True,-7.9262049,112.59483,232.54,0.0,0.0,IDLE,90,-230
1786033602.472,2026-08-06 23:26:42,MANUAL,True,-7.9262049,112.5948304,232.54,0.0,0.0,IDLE,94,-226
1786033602.586,2026-08-06 23:26:42,MANUAL,True,-7.926205,112.5948308,232.54,0.0,0.0,IDLE,95,-225
1786033602.703,2026-08-06 23:26:42,MANUAL,True,-7.9262054,112.5948321,232.53,0.0,0.0,IDLE,94,-226
1786033602.822,2026-08-06 23:26:42,MANUAL,True,-7.9262054,112.5948326,232.51,0.0,0.0,IDLE,94,-226
1786033602.945,2026-08-06 23:26:42,MANUAL,True,-7.9262055,112.5948331,232.52,0.0,0.0,IDLE,95,-225
1786033603.071,2026-08-06 23:26:43,MANUAL,True,-7.9262057,112.5948336,232.51,0.0,0.0,IDLE,95,-225
1786033603.187,2026-08-06 23:26:43,MANUAL,True,-7.9262058,112.5948341,232.51,0.0,0.0,IDLE,96,-224
1786033603.302,2026-08-06 23:26:43,MANUAL,True,-7.9262061,112.5948352,232.51,0.0,0.0,IDLE,97,-223
1786033603.420,2026-08-06 23:26:43,MANUAL,True,-7.9262061,112.5948357,232.49,0.0,0.0,IDLE,96,-224
1786033603.540,2026-08-06 23:26:43,MANUAL,True,-7.9262062,112.5948362,232.51,0.0,0.0,IDLE,96,-224
1786033603.656,2026-08-06 23:26:43,MANUAL,True,-7.9262064,112.5948366,232.49,0.0,0.0,IDLE,96,-224
1786033603.773,2026-08-06 23:26:43,MANUAL,True,-7.9262065,112.5948371,232.49,0.0,0.0,IDLE,97,-223
1786033603.892,2026-08-06 23:26:43,MANUAL,True,-7.9262066,112.5948377,232.5,0.0,0.0,IDLE,98,-222
1786033604.017,2026-08-06 23:26:44,MANUAL,True,-7.9262069,112.5948389,232.49,0.0,0.0,IDLE,98,-222
1786033604.143,2026-08-06 23:26:44,MANUAL,True,-7.926207,112.5948395,232.49,0.0,0.0,IDLE,98,-222
1786033604.256,2026-08-06 23:26:44,MANUAL,True,-7.9262072,112.59484,232.49,0.0,0.0,IDLE,100,-220
1786033604.368,2026-08-06 23:26:44,MANUAL,True,-7.9262073,112.5948406,232.5,0.0,0.0,IDLE,99,-221
1786033604.484,2026-08-06 23:26:44,MANUAL,True,-7.9262075,112.5948412,232.5,0.0,0.0,IDLE,98,-222
1786033604.594,2026-08-06 23:26:44,MANUAL,True,-7.9262076,112.5948417,232.5,0.0,0.0,IDLE,99,-221
1786033604.706,2026-08-06 23:26:44,MANUAL,True,-7.9262079,112.5948428,232.5,0.0,0.0,IDLE,99,-221
1786033604.819,2026-08-06 23:26:44,MANUAL,True,-7.926208,112.5948432,232.48,0.0,0.0,IDLE,100,-220
1786033604.935,2026-08-06 23:26:44,MANUAL,True,-7.9262081,112.5948436,232.48,0.0,0.0,IDLE,100,-220
1786033605.052,2026-08-06 23:26:45,MANUAL,True,-7.9262081,112.5948441,232.48,0.0,0.0,IDLE,100,-220
1786033605.172,2026-08-06 23:26:45,MANUAL,True,-7.9262082,112.5948445,232.48,0.0,0.0,IDLE,100,-220
1786033605.286,2026-08-06 23:26:45,MANUAL,True,-7.9262082,112.594845,232.48,0.0,0.0,IDLE,100,-220
1786033605.411,2026-08-06 23:26:45,MANUAL,True,-7.9262084,112.594846,232.49,0.0,0.0,IDLE,99,-221
1786033605.537,2026-08-06 23:26:45,MANUAL,True,-7.9262084,112.5948464,232.5,0.0,0.0,IDLE,100,-220
1786033605.657,2026-08-06 23:26:45,MANUAL,True,-7.9262085,112.594847,232.5,0.0,0.0,IDLE,101,-219
1786033605.774,2026-08-06 23:26:45,MANUAL,True,-7.9262086,112.5948473,232.5,0.0,0.0,IDLE,100,-220
1786033605.894,2026-08-06 23:26:45,MANUAL,True,-7.9262086,112.5948476,232.51,0.0,0.0,IDLE,101,-219
1786033606.011,2026-08-06 23:26:46,MANUAL,True,-7.9262087,112.5948484,232.51,0.0,0.0,IDLE,103,-217
1786033606.145,2026-08-06 23:26:46,MANUAL,True,-7.9262087,112.5948487,232.51,0.0,0.0,IDLE,101,-219
1786033606.280,2026-08-06 23:26:46,MANUAL,True,-7.9262088,112.5948491,232.51,0.0,0.0,IDLE,101,-219
1786033606.403,2026-08-06 23:26:46,MANUAL,True,-7.9262089,112.5948497,232.53,0.0,0.0,IDLE,102,-218
1786033606.538,2026-08-06 23:26:46,MANUAL,True,-7.9262089,112.59485,232.55,0.0,0.0,IDLE,101,-219
1786033606.716,2026-08-06 23:26:46,MANUAL,True,-7.9262089,112.5948504,232.57,0.0,0.0,IDLE,100,-220
1786033606.835,2026-08-06 23:26:46,MANUAL,True,-7.9262089,112.5948507,232.58,0.0,0.0,IDLE,101,-219
1786033606.951,2026-08-06 23:26:46,MANUAL,True,-7.926209,112.5948509,232.57,0.0,0.0,IDLE,100,-220
1786033607.066,2026-08-06 23:26:47,MANUAL,True,-7.926209,112.5948511,232.56,0.0,0.0,IDLE,100,-220
1786033607.177,2026-08-06 23:26:47,MANUAL,True,-7.9262091,112.5948513,232.55,0.0,0.0,IDLE,102,-218
1786033607.286,2026-08-06 23:26:47,MANUAL,True,-7.9262091,112.5948514,232.54,0.0,0.0,IDLE,100,-220
1786033607.412,2026-08-06 23:26:47,MANUAL,True,-7.9262092,112.5948515,232.55,0.0,0.0,IDLE,100,-220
1786033607.529,2026-08-06 23:26:47,MANUAL,True,-7.9262091,112.5948516,232.56,0.0,0.0,IDLE,100,-220
1786033607.643,2026-08-06 23:26:47,MANUAL,True,-7.926209,112.5948515,232.56,0.0,0.0,IDLE,100,-220
1786033607.756,2026-08-06 23:26:47,MANUAL,True,-7.926209,112.5948516,232.55,0.0,0.0,IDLE,99,-221
1786033607.875,2026-08-06 23:26:47,MANUAL,True,-7.9262091,112.5948517,232.56,0.0,0.0,IDLE,100,-220
1786033607.992,2026-08-06 23:26:47,MANUAL,True,-7.9262091,112.5948519,232.56,0.0,0.0,IDLE,99,-221
1786033608.122,2026-08-06 23:26:48,MANUAL,True,-7.9262091,112.5948519,232.56,0.0,0.0,IDLE,98,-222
1786033608.269,2026-08-06 23:26:48,MANUAL,True,-7.926209,112.5948518,232.57,0.0,0.0,IDLE,101,-219
1786033608.471,2026-08-06 23:26:48,MANUAL,True,-7.9262089,112.5948516,232.55,0.0,0.0,IDLE,99,-221
1786033608.617,2026-08-06 23:26:48,MANUAL,True,-7.9262088,112.5948515,232.56,0.0,0.0,IDLE,99,-221
1786033608.763,2026-08-06 23:26:48,MANUAL,True,-7.9262088,112.5948515,232.56,0.0,0.0,IDLE,102,-218
1786033608.882,2026-08-06 23:26:48,MANUAL,True,-7.9262088,112.5948515,232.57,0.0,0.0,IDLE,101,-219
1786033609.012,2026-08-06 23:26:49,MANUAL,True,-7.9262087,112.5948514,232.57,0.0,0.0,IDLE,100,-220
1786033609.143,2026-08-06 23:26:49,MANUAL,True,-7.9262086,112.5948513,232.56,0.0,0.0,IDLE,101,-219
1786033609.262,2026-08-06 23:26:49,MANUAL,True,-7.9262085,112.5948513,232.56,0.0,0.0,IDLE,102,-218
1786033609.380,2026-08-06 23:26:49,MANUAL,True,-7.9262085,112.5948513,232.56,0.0,0.0,IDLE,103,-217
1786033609.515,2026-08-06 23:26:49,GUIDED,True,-7.9262083,112.594851,232.55,0.0,0.0,START,103,-217
1786033609.644,2026-08-06 23:26:49,GUIDED,True,-7.9262082,112.5948508,232.57,0.0,0.0,START,105,-215
1786033609.769,2026-08-06 23:26:49,GUIDED,True,-7.9262081,112.5948506,232.58,0.0,0.0,START,97,-223
1786033609.890,2026-08-06 23:26:49,GUIDED,True,-7.9262081,112.5948506,232.59,0.0,0.0,START,95,-225
1786033610.008,2026-08-06 23:26:50,GUIDED,True,-7.9262079,112.5948501,232.61,0.0,0.0,START,98,-222
1786033610.123,2026-08-06 23:26:50,GUIDED,True,-7.9262078,112.5948499,232.61,0.0,0.0,START,100,-220
1786033610.241,2026-08-06 23:26:50,GUIDED,True,-7.9262077,112.5948497,232.61,0.0,0.0,START,,
1786033610.356,2026-08-06 23:26:50,GUIDED,True,-7.9262076,112.5948495,232.61,0.0,0.0,START,106,-214
1786033610.528,2026-08-06 23:26:50,GUIDED,True,-7.9262075,112.594849,232.61,0.0,0.0,START,108,-212
1786033610.644,2026-08-06 23:26:50,GUIDED,True,-7.9262073,112.5948486,232.62,0.0,0.0,START,110,-210
1786033610.772,2026-08-06 23:26:50,GUIDED,True,-7.9262072,112.5948483,232.62,0.0,0.0,START,111,-209
1786033610.898,2026-08-06 23:26:50,GUIDED,True,-7.9262069,112.5948477,232.63,0.0,0.0,START,118,-202
1786033611.019,2026-08-06 23:26:51,GUIDED,True,-7.9262068,112.5948474,232.63,0.0,0.0,START,117,-203
1786033611.139,2026-08-06 23:26:51,GUIDED,True,-7.9262067,112.5948471,232.63,0.0,0.0,START,,
1786033611.257,2026-08-06 23:26:51,GUIDED,True,-7.9262065,112.5948468,232.63,0.0,0.0,START,,
1786033611.373,2026-08-06 23:26:51,GUIDED,True,-7.9262065,112.5948466,232.64,0.0,0.0,START,,
1786033611.496,2026-08-06 23:26:51,GUIDED,True,-7.9262064,112.5948462,232.65,0.0,0.0,START,115,-205
1786033611.615,2026-08-06 23:26:51,GUIDED,True,-7.9262064,112.5948462,232.65,0.0,0.0,START,118,-202
1786033611.737,2026-08-06 23:26:51,GUIDED,True,-7.9262063,112.5948459,232.63,0.0,0.0,START,,
1786033611.892,2026-08-06 23:26:51,GUIDED,True,-7.9262063,112.5948458,232.63,0.0,0.0,START,117,-203
1786033612.012,2026-08-06 23:26:52,GUIDED,True,-7.9262063,112.5948457,232.62,0.0,0.0,START,640,320
1786033612.131,2026-08-06 23:26:52,GUIDED,True,-7.9262063,112.5948456,232.62,0.0,0.0,START,297,-23
1786033612.252,2026-08-06 23:26:52,GUIDED,True,-7.9262063,112.5948454,232.63,0.0,0.0,START,292,-28
1786033612.385,2026-08-06 23:26:52,GUIDED,True,-7.9262063,112.5948453,232.62,0.0,0.0,START,282,-38
1786033612.503,2026-08-06 23:26:52,GUIDED,True,-7.9262062,112.5948452,232.62,0.0,0.0,START,278,-42
1786033612.628,2026-08-06 23:26:52,GUIDED,True,-7.9262062,112.594845,232.62,0.0,0.0,TRACKING_BUOY (MANUAL),278,-42
1786033612.755,2026-08-06 23:26:52,MANUAL,True,-7.9262062,112.594845,232.62,0.0,0.0,TRACKING_BUOY (MANUAL),280,-40
1786033612.879,2026-08-06 23:26:52,MANUAL,True,-7.926206,112.5948445,232.6,0.0,0.0,TRACKING_BUOY (MANUAL),280,-40
1786033613.000,2026-08-06 23:26:52,MANUAL,True,-7.926206,112.5948444,232.64,0.0,0.0,TRACKING_BUOY (MANUAL),281,-39
1786033613.142,2026-08-06 23:26:53,MANUAL,True,-7.9262059,112.5948443,232.62,0.0,0.0,TRACKING_BUOY (MANUAL),281,-39
1786033613.258,2026-08-06 23:26:53,MANUAL,True,-7.9262059,112.5948443,232.62,0.0,0.0,TRACKING_BUOY (MANUAL),284,-36
1786033613.376,2026-08-06 23:26:53,MANUAL,True,-7.9262059,112.5948443,232.6,0.0,0.0,TRACKING_BUOY (MANUAL),287,-33
1786033613.495,2026-08-06 23:26:53,MANUAL,True,-7.9262059,112.5948443,232.59,0.0,0.0,TRACKING_BUOY (MANUAL),295,-25
1786033613.606,2026-08-06 23:26:53,MANUAL,True,-7.9262059,112.5948443,232.59,0.0,0.0,TRACKING_BUOY (MANUAL),301,-19
1786033613.719,2026-08-06 23:26:53,MANUAL,True,-7.9262059,112.5948443,232.57,0.0,0.0,TRACKING_BUOY (MANUAL),306,-14
1786033613.833,2026-08-06 23:26:53,MANUAL,True,-7.926206,112.5948444,232.56,0.0,0.0,TRACKING_BUOY (MANUAL),308,-12
1786033613.946,2026-08-06 23:26:53,MANUAL,True,-7.926206,112.5948445,232.55,0.0,0.0,TRACKING_BUOY (MANUAL),311,-9
1786033614.062,2026-08-06 23:26:54,MANUAL,True,-7.9262061,112.5948446,232.54,0.0,0.0,TRACKING_BUOY (MANUAL),314,-6
1786033614.178,2026-08-06 23:26:54,MANUAL,True,-7.9262061,112.5948446,232.54,0.0,0.0,TRACKING_BUOY (MANUAL),315,-5
1786033614.295,2026-08-06 23:26:54,MANUAL,True,-7.9262062,112.5948448,232.51,0.0,0.0,TRACKING_BUOY (MANUAL),315,-5
1786033614.413,2026-08-06 23:26:54,MANUAL,True,-7.9262064,112.5948449,232.5,0.0,0.0,TRACKING_BUOY (MANUAL),315,-5
1786033614.537,2026-08-06 23:26:54,MANUAL,True,-7.9262064,112.5948449,232.5,0.0,0.0,TRACKING_BUOY (MANUAL),314,-6
1786033614.652,2026-08-06 23:26:54,MANUAL,True,-7.9262067,112.5948453,232.49,0.0,0.0,TRACKING_BUOY (MANUAL),313,-7
1786033614.770,2026-08-06 23:26:54,MANUAL,True,-7.9262067,112.5948453,232.5,0.0,0.0,TRACKING_BUOY (MANUAL),312,-8
1786033614.887,2026-08-06 23:26:54,MANUAL,True,-7.9262069,112.5948457,232.49,0.0,0.0,TRACKING_BUOY (MANUAL),310,-10
1786033615.002,2026-08-06 23:26:55,MANUAL,True,-7.926207,112.5948459,232.49,0.0,0.0,TRACKING_BUOY (MANUAL),310,-10
1786033615.121,2026-08-06 23:26:55,MANUAL,True,-7.9262071,112.5948461,232.49,0.0,0.0,TRACKING_BUOY (MANUAL),309,-11
1786033615.236,2026-08-06 23:26:55,MANUAL,True,-7.9262072,112.5948463,232.5,0.0,0.0,TRACKING_BUOY (MANUAL),310,-10
1786033615.352,2026-08-06 23:26:55,MANUAL,True,-7.9262073,112.5948465,232.5,0.0,0.0,TRACKING_BUOY (MANUAL),311,-9
1786033615.483,2026-08-06 23:26:55,MANUAL,True,-7.9262077,112.5948473,232.47,0.0,0.0,TRACKING_BUOY (MANUAL),315,-5
1786033615.621,2026-08-06 23:26:55,MANUAL,True,-7.9262079,112.5948478,232.46,0.0,0.0,TRACKING_BUOY (MANUAL),317,-3
1786033615.738,2026-08-06 23:26:55,MANUAL,True,-7.926208,112.5948481,232.46,0.0,0.0,TRACKING_BUOY (MANUAL),318,-2
1786033615.857,2026-08-06 23:26:55,MANUAL,True,-7.9262082,112.5948482,232.45,0.0,0.0,TRACKING_BUOY (MANUAL),320,0
1786033615.981,2026-08-06 23:26:55,MANUAL,True,-7.9262082,112.5948483,232.45,0.0,0.0,TRACKING_BUOY (MANUAL),320,0
1786033616.103,2026-08-06 23:26:56,MANUAL,True,-7.9262085,112.5948486,232.46,0.0,0.0,TRACKING_BUOY (MANUAL),320,0
1786033616.222,2026-08-06 23:26:56,MANUAL,True,-7.9262086,112.5948488,232.47,0.0,0.0,TRACKING_BUOY (MANUAL),321,1
1786033616.339,2026-08-06 23:26:56,MANUAL,True,-7.9262087,112.5948489,232.47,0.0,0.0,TRACKING_BUOY (MANUAL),321,1
1786033616.458,2026-08-06 23:26:56,MANUAL,True,-7.9262089,112.5948493,232.47,0.0,0.0,TRACKING_BUOY (MANUAL),322,2
1786033616.572,2026-08-06 23:26:56,MANUAL,True,-7.926209,112.5948495,232.45,0.0,0.0,TRACKING_BUOY (MANUAL),322,2
1786033616.688,2026-08-06 23:26:56,MANUAL,True,-7.9262092,112.5948498,232.45,0.0,0.0,TRACKING_BUOY (MANUAL),323,3
1786033616.801,2026-08-06 23:26:56,MANUAL,True,-7.9262094,112.5948502,232.46,0.0,0.0,TRACKING_BUOY (MANUAL),322,2
1786033616.913,2026-08-06 23:26:56,MANUAL,True,-7.9262095,112.5948504,232.43,0.0,0.0,TRACKING_BUOY (MANUAL),321,1
1786033617.027,2026-08-06 23:26:57,MANUAL,True,-7.9262097,112.5948507,232.42,0.0,0.0,TRACKING_BUOY (MANUAL),321,1
1786033617.147,2026-08-06 23:26:57,MANUAL,True,-7.9262098,112.5948509,232.42,0.0,0.0,TRACKING_BUOY (MANUAL),323,3
1786033617.263,2026-08-06 23:26:57,MANUAL,True,-7.9262099,112.5948511,232.44,0.0,0.0,TRACKING_BUOY (MANUAL),324,4
1786033617.380,2026-08-06 23:26:57,MANUAL,True,-7.92621,112.5948513,232.43,0.0,0.0,TRACKING_BUOY (MANUAL),324,4
1786033617.499,2026-08-06 23:26:57,MANUAL,True,-7.9262102,112.5948518,232.43,0.0,0.0,TRACKING_BUOY (MANUAL),324,4
1786033617.611,2026-08-06 23:26:57,MANUAL,True,-7.9262102,112.5948518,232.43,0.0,0.0,TRACKING_BUOY (MANUAL),325,5
1786033617.727,2026-08-06 23:26:57,MANUAL,True,-7.9262102,112.594852,232.41,0.0,0.0,TRACKING_BUOY (MANUAL),328,8
1786033617.846,2026-08-06 23:26:57,MANUAL,True,-7.9262102,112.5948521,232.4,0.0,0.0,TRACKING_BUOY (MANUAL),331,11
1786033617.958,2026-08-06 23:26:57,MANUAL,True,-7.9262102,112.5948521,232.39,0.0,0.0,TRACKING_BUOY (MANUAL),333,13
1786033618.072,2026-08-06 23:26:58,MANUAL,True,-7.9262101,112.594852,232.39,0.0,0.0,TRACKING_BUOY (MANUAL),337,17
1786033618.185,2026-08-06 23:26:58,MANUAL,True,-7.9262101,112.594852,232.39,0.0,0.0,TRACKING_BUOY (MANUAL),338,18
1786033618.304,2026-08-06 23:26:58,MANUAL,True,-7.9262101,112.5948523,232.39,0.0,0.0,TRACKING_BUOY (MANUAL),341,21
1786033618.428,2026-08-06 23:26:58,MANUAL,True,-7.9262101,112.5948525,232.41,0.0,0.0,TRACKING_BUOY (MANUAL),340,20
1786033618.547,2026-08-06 23:26:58,MANUAL,True,-7.9262101,112.5948527,232.4,0.0,0.0,TRACKING_BUOY (MANUAL),339,19
1786033618.662,2026-08-06 23:26:58,MANUAL,True,-7.9262101,112.594853,232.38,0.0,0.0,TRACKING_BUOY (MANUAL),333,13
1786033618.775,2026-08-06 23:26:58,MANUAL,True,-7.9262101,112.5948532,232.38,0.0,0.0,TRACKING_BUOY (MANUAL),327,7
1786033618.889,2026-08-06 23:26:58,MANUAL,True,-7.92621,112.5948534,232.38,0.0,0.0,TRACKING_BUOY (MANUAL),325,5
1786033619.000,2026-08-06 23:26:59,MANUAL,True,-7.92621,112.5948538,232.37,0.0,0.0,TRACKING_BUOY (MANUAL),321,1
1786033619.118,2026-08-06 23:26:59,MANUAL,True,-7.92621,112.5948541,232.35,0.0,0.0,TRACKING_BUOY (MANUAL),317,-3
1786033619.232,2026-08-06 23:26:59,MANUAL,True,-7.9262099,112.5948544,232.34,0.0,0.0,TRACKING_BUOY (MANUAL),316,-4
1786033619.358,2026-08-06 23:26:59,MANUAL,True,-7.9262099,112.5948546,232.34,0.0,0.0,TRACKING_BUOY (MANUAL),315,-5
1786033619.489,2026-08-06 23:26:59,MANUAL,True,-7.9262099,112.5948549,232.34,0.0,0.0,TRACKING_BUOY (MANUAL),313,-7
1786033619.604,2026-08-06 23:26:59,MANUAL,True,-7.9262098,112.594855,232.34,0.0,0.0,TRACKING_BUOY (MANUAL),313,-7
1786033619.738,2026-08-06 23:26:59,MANUAL,True,-7.9262094,112.5948552,232.35,0.0,0.0,TRACKING_BUOY (MANUAL),316,-4
1786033619.857,2026-08-06 23:26:59,MANUAL,True,-7.9262093,112.5948554,232.35,0.0,0.0,TRACKING_BUOY (MANUAL),319,-1
1786033619.976,2026-08-06 23:26:59,MANUAL,True,-7.9262092,112.5948555,232.36,0.0,0.0,TRACKING_BUOY (MANUAL),321,1
1786033620.095,2026-08-06 23:27:00,MANUAL,True,-7.926209,112.5948557,232.35,0.0,0.0,TRACKING_BUOY (MANUAL),323,3
1786033620.212,2026-08-06 23:27:00,MANUAL,True,-7.9262087,112.5948563,232.35,0.0,0.0,TRACKING_BUOY (MANUAL),325,5
1786033620.326,2026-08-06 23:27:00,MANUAL,True,-7.9262087,112.5948566,232.36,0.0,0.0,TRACKING_BUOY (MANUAL),326,6
1786033620.450,2026-08-06 23:27:00,MANUAL,True,-7.9262086,112.5948571,232.35,0.0,0.0,TRACKING_BUOY (MANUAL),326,6
1786033620.570,2026-08-06 23:27:00,MANUAL,True,-7.9262085,112.5948574,232.37,0.0,0.0,TRACKING_BUOY (MANUAL),326,6
1786033620.709,2026-08-06 23:27:00,MANUAL,True,-7.9262085,112.5948582,232.37,0.0,0.0,TRACKING_BUOY (MANUAL),322,2
1786033620.825,2026-08-06 23:27:00,MANUAL,True,-7.9262085,112.5948586,232.35,0.0,0.0,TRACKING_BUOY (MANUAL),317,-3
1786033620.944,2026-08-06 23:27:00,MANUAL,True,-7.9262085,112.5948589,232.35,0.0,0.0,TRACKING_BUOY (MANUAL),317,-3
1786033621.063,2026-08-06 23:27:01,MANUAL,True,-7.9262086,112.5948594,232.36,0.0,0.0,TRACKING_BUOY (MANUAL),316,-4
1786033621.180,2026-08-06 23:27:01,MANUAL,True,-7.9262086,112.5948597,232.37,0.0,0.0,TRACKING_BUOY (MANUAL),312,-8
1786033621.298,2026-08-06 23:27:01,MANUAL,True,-7.9262087,112.5948604,232.35,0.0,0.0,TRACKING_BUOY (MANUAL),313,-7
1786033621.413,2026-08-06 23:27:01,MANUAL,True,-7.9262087,112.594861,232.38,0.0,0.0,TRACKING_BUOY (MANUAL),316,-4
1786033621.551,2026-08-06 23:27:01,MANUAL,True,-7.9262087,112.5948613,232.37,0.0,0.0,TRACKING_BUOY (MANUAL),319,-1
1786033621.664,2026-08-06 23:27:01,MANUAL,True,-7.9262087,112.5948618,232.36,0.0,0.0,TRACKING_BUOY (MANUAL),324,4
1786033621.780,2026-08-06 23:27:01,MANUAL,True,-7.9262087,112.5948621,232.36,0.0,0.0,TRACKING_BUOY (MANUAL),329,9
1786033621.898,2026-08-06 23:27:01,MANUAL,True,-7.9262086,112.5948628,232.37,0.0,0.0,TRACKING_BUOY (MANUAL),329,9
1786033622.015,2026-08-06 23:27:02,MANUAL,True,-7.9262085,112.5948632,232.35,0.0,0.0,TRACKING_BUOY (MANUAL),328,8
1786033622.127,2026-08-06 23:27:02,MANUAL,True,-7.9262085,112.5948635,232.35,0.0,0.0,TRACKING_BUOY (MANUAL),324,4
1786033622.243,2026-08-06 23:27:02,MANUAL,True,-7.9262085,112.5948638,232.36,0.0,0.0,TRACKING_BUOY (MANUAL),320,0
1786033622.370,2026-08-06 23:27:02,MANUAL,True,-7.9262085,112.5948641,232.34,0.0,0.0,TRACKING_BUOY (MANUAL),318,-2
1786033622.494,2026-08-06 23:27:02,MANUAL,True,-7.9262085,112.5948649,232.33,0.0,0.0,TRACKING_BUOY (MANUAL),317,-3
1786033622.609,2026-08-06 23:27:02,MANUAL,True,-7.9262085,112.5948649,232.33,0.0,0.0,TRACKING_BUOY (MANUAL),317,-3
1786033622.727,2026-08-06 23:27:02,MANUAL,True,-7.9262083,112.5948656,232.33,0.0,0.0,TRACKING_BUOY (MANUAL),319,-1
1786033622.840,2026-08-06 23:27:02,MANUAL,True,-7.9262083,112.594866,232.32,0.0,0.0,TRACKING_BUOY (MANUAL),322,2
1786033622.958,2026-08-06 23:27:02,MANUAL,True,-7.9262083,112.5948662,232.31,0.0,0.0,TRACKING_BUOY (MANUAL),324,4
1786033623.090,2026-08-06 23:27:03,MANUAL,True,-7.9262083,112.5948666,232.32,0.0,0.0,TRACKING_BUOY (MANUAL),330,10
1786033623.208,2026-08-06 23:27:03,MANUAL,True,-7.9262083,112.5948672,232.33,0.0,0.0,TRACKING_BUOY (MANUAL),333,13
1786033623.322,2026-08-06 23:27:03,MANUAL,True,-7.9262083,112.5948675,232.34,0.0,0.0,TRACKING_BUOY (MANUAL),333,13
1786033623.441,2026-08-06 23:27:03,MANUAL,True,-7.9262082,112.5948677,232.34,0.0,0.0,TRACKING_BUOY (MANUAL),332,12
1786033623.558,2026-08-06 23:27:03,MANUAL,True,-7.9262082,112.5948679,232.34,0.0,0.0,TRACKING_BUOY (MANUAL),325,5
1786033623.677,2026-08-06 23:27:03,MANUAL,True,-7.9262082,112.5948682,232.31,0.0,0.0,TRACKING_BUOY (MANUAL),315,-5
1786033623.796,2026-08-06 23:27:03,MANUAL,True,-7.9262082,112.5948685,232.31,0.0,0.0,TRACKING_BUOY (MANUAL),310,-10
1786033623.912,2026-08-06 23:27:03,MANUAL,True,-7.9262082,112.5948687,232.31,0.0,0.0,TRACKING_BUOY (MANUAL),308,-12
1786033624.027,2026-08-06 23:27:04,MANUAL,True,-7.9262083,112.5948689,232.31,0.0,0.0,TRACKING_BUOY (MANUAL),307,-13
1786033624.144,2026-08-06 23:27:04,MANUAL,True,-7.9262083,112.594869,232.31,0.0,0.0,TRACKING_BUOY (MANUAL),640,320
1786033624.264,2026-08-06 23:27:04,MANUAL,True,-7.9262083,112.5948692,232.31,0.0,0.0,TRACKING_BUOY (MANUAL),104,-216
1786033624.384,2026-08-06 23:27:04,MANUAL,True,-7.9262083,112.5948694,232.33,0.0,0.0,TRACKING_BUOY (MANUAL),98,-222
1786033624.501,2026-08-06 23:27:04,MANUAL,True,-7.9262083,112.5948699,232.3,0.0,0.0,TRACKING_BUOY (MANUAL),95,-225
1786033624.614,2026-08-06 23:27:04,MANUAL,True,-7.9262083,112.5948702,232.34,0.0,0.0,TRACKING_BUOY (MANUAL),92,-228
1786033624.728,2026-08-06 23:27:04,MANUAL,True,-7.9262083,112.5948705,232.35,0.0,0.0,TRACKING_BUOY (MANUAL),88,-232
1786033624.846,2026-08-06 23:27:04,MANUAL,True,-7.9262083,112.5948709,232.33,0.0,0.0,TRACKING_BUOY (MANUAL),88,-232
1786033624.958,2026-08-06 23:27:04,MANUAL,True,-7.9262083,112.5948713,232.34,0.0,0.0,TRACKING_BUOY (MANUAL),88,-232
1786033625.082,2026-08-06 23:27:05,MANUAL,True,-7.9262084,112.5948718,232.32,0.0,0.0,TRACKING_BUOY (MANUAL),89,-231
1786033625.194,2026-08-06 23:27:05,MANUAL,True,-7.9262086,112.5948726,232.3,0.0,0.0,TRACKING_BUOY (MANUAL),91,-229
1786033625.309,2026-08-06 23:27:05,MANUAL,True,-7.9262087,112.5948728,232.28,0.0,0.0,TRACKING_BUOY (MANUAL),95,-225
1786033625.428,2026-08-06 23:27:05,MANUAL,True,-7.9262087,112.5948732,232.3,0.0,0.0,TRACKING_BUOY (MANUAL),95,-225
1786033625.569,2026-08-06 23:27:05,MANUAL,True,-7.9262088,112.5948735,232.3,0.0,0.0,TRACKING_BUOY (MANUAL),95,-225
1786033625.693,2026-08-06 23:27:05,MANUAL,True,-7.9262091,112.5948743,232.3,0.0,0.0,TRACKING_BUOY (MANUAL),94,-226
1786033625.853,2026-08-06 23:27:05,MANUAL,True,-7.9262093,112.5948748,232.28,0.0,0.0,TRACKING_BUOY (MANUAL),94,-226
1786033625.986,2026-08-06 23:27:05,MANUAL,True,-7.9262094,112.5948752,232.28,0.0,0.0,TRACKING_BUOY (MANUAL),95,-225
1786033626.113,2026-08-06 23:27:06,MANUAL,True,-7.9262097,112.5948761,232.26,0.0,0.0,TRACKING_BUOY (MANUAL),95,-225
1786033626.234,2026-08-06 23:27:06,MANUAL,True,-7.9262099,112.5948766,232.25,0.0,0.0,TRACKING_BUOY (MANUAL),94,-226
1786033626.352,2026-08-06 23:27:06,MANUAL,True,-7.92621,112.5948769,232.25,0.0,0.0,TRACKING_BUOY (MANUAL),95,-225
1786033626.500,2026-08-06 23:27:06,MANUAL,True,-7.9262105,112.5948779,232.24,0.0,0.0,TRACKING_BUOY (MANUAL),94,-226
1786033626.643,2026-08-06 23:27:06,MANUAL,True,-7.9262108,112.5948786,232.23,0.0,0.0,TRACKING_BUOY (MANUAL),95,-225
1786033626.815,2026-08-06 23:27:06,MANUAL,True,-7.9262112,112.5948793,232.24,0.0,0.0,TRACKING_BUOY (MANUAL),96,-224
1786033626.943,2026-08-06 23:27:06,MANUAL,True,-7.9262113,112.5948796,232.21,0.0,0.0,TRACKING_BUOY (MANUAL),93,-227
1786033627.086,2026-08-06 23:27:07,MANUAL,True,-7.9262116,112.5948801,232.19,0.0,0.0,TRACKING_BUOY (MANUAL),95,-225
1786033627.211,2026-08-06 23:27:07,MANUAL,True,-7.9262118,112.5948807,232.17,0.0,0.0,TRACKING_BUOY (MANUAL),88,-232
1786033627.338,2026-08-06 23:27:07,MANUAL,True,-7.9262119,112.5948809,232.16,0.0,0.0,TRACKING_BUOY (MANUAL),87,-233
1786033627.467,2026-08-06 23:27:07,MANUAL,True,-7.9262121,112.5948813,232.17,0.0,0.0,TRACKING_BUOY (MANUAL),87,-233
1786033627.583,2026-08-06 23:27:07,MANUAL,True,-7.9262122,112.5948816,232.17,0.0,0.0,TRACKING_BUOY (MANUAL),78,-242
1786033627.696,2026-08-06 23:27:07,MANUAL,True,-7.9262125,112.5948823,232.18,0.0,0.0,TRACKING_BUOY (MANUAL),60,-260
1786033627.806,2026-08-06 23:27:07,MANUAL,True,-7.9262128,112.5948828,232.19,0.0,0.0,TRACKING_BUOY (MANUAL),54,-266
1786033627.921,2026-08-06 23:27:07,MANUAL,True,-7.9262129,112.5948831,232.17,0.0,0.0,TRACKING_BUOY (MANUAL),45,-275
1786033628.039,2026-08-06 23:27:08,MANUAL,True,-7.9262131,112.5948834,232.17,0.0,0.0,TRACKING_BUOY (MANUAL),59,-261
1786033628.154,2026-08-06 23:27:08,MANUAL,True,-7.9262133,112.5948837,232.16,0.0,0.0,🔴 FAILSAFE: TARGET LOST,,
1786033628.267,2026-08-06 23:27:08,MANUAL,True,-7.9262135,112.5948839,232.13,0.0,0.0,TRACKING_BUOY (MANUAL),31,-289
1786033628.378,2026-08-06 23:27:08,MANUAL,True,-7.9262137,112.5948841,232.11,0.0,0.0,TRACKING_BUOY (MANUAL),30,-290
1786033628.491,2026-08-06 23:27:08,MANUAL,True,-7.9262142,112.5948846,232.13,0.0,0.0,TRACKING_BUOY (MANUAL),30,-290
1786033628.605,2026-08-06 23:27:08,MANUAL,True,-7.9262142,112.5948846,232.13,0.0,0.0,TRACKING_BUOY (MANUAL),319,-1
1786033628.721,2026-08-06 23:27:08,MANUAL,True,-7.9262148,112.5948854,232.11,0.0,0.0,TRACKING_BUOY (MANUAL),319,-1
1786033628.860,2026-08-06 23:27:08,MANUAL,True,-7.926215,112.5948858,232.09,0.0,0.0,TRACKING_BUOY (MANUAL),30,-290
1786033628.990,2026-08-06 23:27:08,MANUAL,True,-7.9262152,112.594886,232.1,0.0,0.0,TRACKING_BUOY (MANUAL),30,-290
1786033629.129,2026-08-06 23:27:09,MANUAL,True,-7.9262156,112.5948868,232.11,0.0,0.0,TRACKING_BUOY (MANUAL),30,-290
1786033629.263,2026-08-06 23:27:09,MANUAL,True,-7.9262158,112.5948871,232.1,0.0,0.0,TRACKING_BUOY (MANUAL),30,-290
1786033629.375,2026-08-06 23:27:09,MANUAL,True,-7.926216,112.5948874,232.1,0.0,0.0,TRACKING_BUOY (MANUAL),30,-290
1786033629.494,2026-08-06 23:27:09,MANUAL,True,-7.9262165,112.5948883,232.1,0.0,0.0,TRACKING_BUOY (MANUAL),30,-290
1786033629.609,2026-08-06 23:27:09,MANUAL,True,-7.9262165,112.5948883,232.1,0.0,0.0,TRACKING_BUOY (MANUAL),30,-290
1786033629.723,2026-08-06 23:27:09,MANUAL,True,-7.9262171,112.5948892,232.09,0.0,0.0,🔴 FAILSAFE: TARGET LOST,,
1786033629.844,2026-08-06 23:27:09,MANUAL,True,-7.9262174,112.5948896,232.09,0.0,0.0,🔴 FAILSAFE: TARGET LOST,,
1786033629.960,2026-08-06 23:27:09,MANUAL,True,-7.9262176,112.59489,232.07,0.0,0.0,TRACKING_BUOY (MANUAL),31,-289
1786033630.078,2026-08-06 23:27:10,MANUAL,True,-7.9262177,112.5948902,232.07,0.0,0.0,TRACKING_BUOY (MANUAL),320,0
1786033630.194,2026-08-06 23:27:10,MANUAL,True,-7.9262181,112.5948907,232.08,0.0,0.0,TRACKING_BUOY (MANUAL),320,0
1786033630.306,2026-08-06 23:27:10,MANUAL,True,-7.9262182,112.5948908,232.08,0.0,0.0,TRACKING_BUOY (MANUAL),288,-32
1786033630.421,2026-08-06 23:27:10,MANUAL,True,-7.9262182,112.5948909,232.08,0.0,0.0,TRACKING_BUOY (MANUAL),288,-32
1786033630.536,2026-08-06 23:27:10,MANUAL,True,-7.9262183,112.594891,232.1,0.0,0.0,TRACKING_BUOY (MANUAL),288,-32
1786033630.656,2026-08-06 23:27:10,MANUAL,True,-7.9262184,112.594891,232.09,0.0,0.0,TRACKING_BUOY (MANUAL),288,-32
1786033630.771,2026-08-06 23:27:10,MANUAL,True,-7.9262184,112.594891,232.09,0.0,0.0,TRACKING_BUOY (MANUAL),288,-32
1786033630.905,2026-08-06 23:27:10,MANUAL,True,-7.9262188,112.5948913,232.07,0.0,0.0,TRACKING_BUOY (MANUAL),288,-32
1786033631.020,2026-08-06 23:27:11,MANUAL,True,-7.9262191,112.5948915,232.06,0.0,0.0,TRACKING_BUOY (MANUAL),288,-32
1786033631.136,2026-08-06 23:27:11,MANUAL,True,-7.9262193,112.5948917,232.05,0.0,0.0,🔴 FAILSAFE: TARGET LOST,,
1786033631.253,2026-08-06 23:27:11,MANUAL,True,-7.9262196,112.5948918,232.05,0.0,0.0,🔴 FAILSAFE: TARGET LOST,,
1786033631.366,2026-08-06 23:27:11,MANUAL,True,-7.9262198,112.594892,232.01,0.0,0.0,🔴 FAILSAFE: TARGET LOST,,
1786033631.488,2026-08-06 23:27:11,MANUAL,True,-7.9262201,112.5948921,231.98,0.0,0.0,🔴 FAILSAFE: TARGET LOST,,
1786033631.601,2026-08-06 23:27:11,MANUAL,True,-7.9262204,112.5948921,231.99,0.0,0.0,🔴 FAILSAFE: TARGET LOST,,
1786033631.716,2026-08-06 23:27:11,MANUAL,True,-7.926221,112.5948923,232.0,0.0,0.0,🔴 FAILSAFE: TARGET LOST,,
1786033631.829,2026-08-06 23:27:11,MANUAL,True,-7.9262213,112.5948925,231.99,0.0,0.0,🔴 FAILSAFE: TARGET LOST,,
1786033631.944,2026-08-06 23:27:11,MANUAL,True,-7.9262217,112.5948927,232.0,0.0,0.0,🔴 FAILSAFE: TARGET LOST,,
1786033632.063,2026-08-06 23:27:12,MANUAL,True,-7.9262221,112.5948929,231.99,0.0,0.0,🔴 FAILSAFE: TARGET LOST,,
1786033632.189,2026-08-06 23:27:12,MANUAL,True,-7.9262225,112.5948931,231.98,0.0,0.0,🔴 FAILSAFE: TARGET LOST,,
1786033632.317,2026-08-06 23:27:12,MANUAL,True,-7.9262233,112.5948936,232.0,0.0,0.0,🔴 FAILSAFE: TARGET LOST,,
1786033632.450,2026-08-06 23:27:12,MANUAL,True,-7.9262237,112.5948938,232.0,0.0,0.0,🔴 FAILSAFE: TARGET LOST,,
1786033632.564,2026-08-06 23:27:12,MANUAL,True,-7.9262241,112.5948941,232.01,0.0,0.0,🔴 FAILSAFE: TARGET LOST,,
1786033632.676,2026-08-06 23:27:12,MANUAL,True,-7.9262247,112.5948945,232.02,0.0,0.0,🔴 FAILSAFE: TARGET LOST,,
1786033632.789,2026-08-06 23:27:12,MANUAL,True,-7.926225,112.5948946,232.02,0.0,0.0,🔴 FAILSAFE: TARGET LOST,,
1786033632.902,2026-08-06 23:27:12,MANUAL,True,-7.9262257,112.5948949,232.0,0.0,0.0,🔴 FAILSAFE: TARGET LOST,,
1786033633.021,2026-08-06 23:27:13,MANUAL,True,-7.926226,112.594895,232.0,0.0,0.0,🔴 FAILSAFE: TARGET LOST,,
1786033633.162,2026-08-06 23:27:13,MANUAL,True,-7.9262263,112.5948951,232.01,0.0,0.0,🔴 FAILSAFE: TARGET LOST,,
1786033633.276,2026-08-06 23:27:13,MANUAL,True,-7.9262266,112.5948951,232.02,0.0,0.0,🔴 FAILSAFE: TARGET LOST,,
1786033633.395,2026-08-06 23:27:13,MANUAL,True,-7.9262271,112.5948952,232.04,0.0,0.0,🔴 FAILSAFE: TARGET LOST,,
1786033633.510,2026-08-06 23:27:13,MANUAL,True,-7.9262274,112.5948952,232.05,0.0,0.0,🔴 FAILSAFE: TARGET LOST,,
1786033633.622,2026-08-06 23:27:13,MANUAL,True,-7.9262275,112.5948953,232.05,0.0,0.0,🔴 FAILSAFE: TARGET LOST,,
1786033633.734,2026-08-06 23:27:13,MANUAL,True,-7.9262277,112.5948954,232.06,0.0,0.0,🔴 FAILSAFE: TARGET LOST,,
1786033633.846,2026-08-06 23:27:13,MANUAL,True,-7.9262279,112.5948954,232.06,0.0,0.0,🔴 FAILSAFE: TARGET LOST,,
1786033633.959,2026-08-06 23:27:13,MANUAL,True,-7.9262281,112.5948954,232.06,0.0,0.0,🔴 FAILSAFE: TARGET LOST,,
1786033634.072,2026-08-06 23:27:14,MANUAL,True,-7.9262282,112.5948956,232.05,0.0,0.0,🔴 FAILSAFE: TARGET LOST,,
1786033634.184,2026-08-06 23:27:14,MANUAL,True,-7.9262284,112.5948957,232.05,0.0,0.0,TRACKING_BUOY (MANUAL),86,-234
1786033634.298,2026-08-06 23:27:14,MANUAL,True,-7.9262287,112.5948958,232.03,0.0,0.0,TRACKING_BUOY (MANUAL),87,-233
1786033634.410,2026-08-06 23:27:14,MANUAL,True,-7.9262289,112.5948959,232.07,0.0,0.0,TRACKING_BUOY (MANUAL),86,-234
1786033634.523,2026-08-06 23:27:14,MANUAL,True,-7.926229,112.594896,232.05,0.0,0.0,TRACKING_BUOY (MANUAL),85,-235
1786033634.639,2026-08-06 23:27:14,MANUAL,True,-7.9262291,112.5948961,232.06,0.0,0.0,TRACKING_BUOY (MANUAL),85,-235
1786033634.757,2026-08-06 23:27:14,MANUAL,True,-7.9262291,112.5948962,232.06,0.0,0.0,TRACKING_BUOY (MANUAL),85,-235
1786033634.872,2026-08-06 23:27:14,MANUAL,True,-7.9262292,112.5948963,232.03,0.0,0.0,TRACKING_BUOY (MANUAL),86,-234
1786033634.986,2026-08-06 23:27:14,MANUAL,True,-7.9262293,112.5948963,232.01,0.0,0.0,TRACKING_BUOY (MANUAL),86,-234
1786033635.103,2026-08-06 23:27:15,MANUAL,True,-7.9262295,112.5948965,231.99,0.0,0.0,TRACKING_BUOY (MANUAL),86,-234
1786033635.218,2026-08-06 23:27:15,MANUAL,True,-7.9262296,112.5948965,231.98,0.0,0.0,TRACKING_BUOY (MANUAL),87,-233
1786033635.336,2026-08-06 23:27:15,MANUAL,True,-7.9262297,112.5948966,231.98,0.0,0.0,TRACKING_BUOY (MANUAL),87,-233
1786033635.460,2026-08-06 23:27:15,MANUAL,True,-7.9262298,112.5948966,231.98,0.0,0.0,TRACKING_BUOY (MANUAL),88,-232
1786033635.573,2026-08-06 23:27:15,MANUAL,True,-7.9262298,112.5948966,231.98,0.0,0.0,TRACKING_BUOY (MANUAL),92,-228
1786033635.689,2026-08-06 23:27:15,MANUAL,True,-7.9262298,112.5948966,231.99,0.0,0.0,TRACKING_BUOY (MANUAL),92,-228
1786033635.801,2026-08-06 23:27:15,MANUAL,True,-7.9262297,112.5948965,231.99,0.0,0.0,TRACKING_BUOY (MANUAL),91,-229
1786033635.919,2026-08-06 23:27:15,MANUAL,True,-7.9262296,112.5948964,231.99,0.0,0.0,TRACKING_BUOY (MANUAL),90,-230
1786033636.028,2026-08-06 23:27:16,MANUAL,True,-7.9262295,112.5948963,231.97,0.0,0.0,TRACKING_BUOY (MANUAL),87,-233
1786033636.141,2026-08-06 23:27:16,MANUAL,True,-7.9262294,112.5948962,231.96,0.0,0.0,TRACKING_BUOY (MANUAL),88,-232
1786033636.261,2026-08-06 23:27:16,MANUAL,True,-7.9262294,112.594896,231.98,0.0,0.0,TRACKING_BUOY (MANUAL),88,-232
1786033636.385,2026-08-06 23:27:16,MANUAL,True,-7.9262293,112.5948958,231.97,0.0,0.0,TRACKING_BUOY (MANUAL),88,-232
1786033636.508,2026-08-06 23:27:16,MANUAL,True,-7.9262292,112.5948955,231.94,0.0,0.0,TRACKING_BUOY (MANUAL),87,-233
1786033636.629,2026-08-06 23:27:16,MANUAL,True,-7.9262291,112.5948953,231.94,0.0,0.0,TRACKING_BUOY (MANUAL),87,-233
1786033636.751,2026-08-06 23:27:16,MANUAL,True,-7.926229,112.594895,231.95,0.0,0.0,TRACKING_BUOY (MANUAL),86,-234
1786033636.864,2026-08-06 23:27:16,MANUAL,True,-7.926229,112.5948946,231.94,0.0,0.0,TRACKING_BUOY (MANUAL),86,-234
1786033636.982,2026-08-06 23:27:16,MANUAL,True,-7.9262289,112.5948943,231.91,0.0,0.0,TRACKING_BUOY (MANUAL),86,-234
1786033637.102,2026-08-06 23:27:17,MANUAL,True,-7.9262288,112.5948936,231.93,0.0,0.0,TRACKING_BUOY (MANUAL),87,-233
1786033637.213,2026-08-06 23:27:17,MANUAL,True,-7.9262288,112.5948932,231.95,0.0,0.0,TRACKING_BUOY (MANUAL),86,-234
1786033637.328,2026-08-06 23:27:17,MANUAL,True,-7.9262288,112.5948927,231.97,0.0,0.0,TRACKING_BUOY (MANUAL),87,-233
1786033637.461,2026-08-06 23:27:17,MANUAL,True,-7.9262287,112.5948921,231.99,0.0,0.0,TRACKING_BUOY (MANUAL),88,-232
1786033637.590,2026-08-06 23:27:17,MANUAL,True,-7.9262287,112.5948916,231.99,0.0,0.0,TRACKING_BUOY (MANUAL),87,-233
1786033637.703,2026-08-06 23:27:17,MANUAL,True,-7.9262288,112.5948907,231.98,0.0,0.0,TRACKING_BUOY (MANUAL),85,-235
1786033637.822,2026-08-06 23:27:17,MANUAL,True,-7.9262288,112.5948903,231.95,0.0,0.0,TRACKING_BUOY (MANUAL),85,-235
1786033637.935,2026-08-06 23:27:17,MANUAL,True,-7.926229,112.5948899,231.95,0.0,0.0,TRACKING_BUOY (MANUAL),85,-235
1786033638.057,2026-08-06 23:27:18,MANUAL,True,-7.9262292,112.5948895,231.96,0.0,0.0,TRACKING_BUOY (MANUAL),83,-237
1786033638.178,2026-08-06 23:27:18,MANUAL,True,-7.9262293,112.5948891,231.96,0.0,0.0,TRACKING_BUOY (MANUAL),85,-235
1786033638.294,2026-08-06 23:27:18,MANUAL,True,-7.9262296,112.5948884,231.95,0.0,0.0,TRACKING_BUOY (MANUAL),85,-235
1786033638.417,2026-08-06 23:27:18,MANUAL,True,-7.9262297,112.594888,231.93,0.0,0.0,TRACKING_BUOY (MANUAL),85,-235
1786033638.535,2026-08-06 23:27:18,MANUAL,True,-7.9262298,112.5948876,231.94,0.0,0.0,TRACKING_BUOY (MANUAL),85,-235
1786033638.654,2026-08-06 23:27:18,MANUAL,True,-7.9262301,112.5948873,231.94,0.0,0.0,TRACKING_BUOY (MANUAL),86,-234
1786033638.775,2026-08-06 23:27:18,MANUAL,True,-7.9262301,112.5948871,231.94,0.0,0.0,TRACKING_BUOY (MANUAL),84,-236
1786033638.894,2026-08-06 23:27:18,MANUAL,True,-7.9262302,112.5948865,231.96,0.0,0.0,TRACKING_BUOY (MANUAL),85,-235
1786033639.006,2026-08-06 23:27:19,MANUAL,True,-7.9262302,112.5948861,231.97,0.0,0.0,TRACKING_BUOY (MANUAL),86,-234
1786033639.123,2026-08-06 23:27:19,MANUAL,True,-7.9262302,112.5948857,231.98,0.0,0.0,TRACKING_BUOY (MANUAL),87,-233
1786033639.239,2026-08-06 23:27:19,MANUAL,True,-7.9262303,112.5948854,231.96,0.0,0.0,TRACKING_BUOY (MANUAL),86,-234
1786033639.361,2026-08-06 23:27:19,MANUAL,True,-7.9262304,112.5948851,231.96,0.0,0.0,TRACKING_BUOY (MANUAL),88,-232
1786033639.481,2026-08-06 23:27:19,MANUAL,True,-7.9262306,112.5948847,231.96,0.0,0.0,TRACKING_BUOY (MANUAL),88,-232
1786033639.596,2026-08-06 23:27:19,MANUAL,True,-7.9262308,112.594884,231.97,0.0,0.0,TRACKING_BUOY (MANUAL),86,-234
1786033639.713,2026-08-06 23:27:19,MANUAL,True,-7.9262309,112.5948836,231.98,0.0,0.0,TRACKING_BUOY (MANUAL),81,-239
1786033639.830,2026-08-06 23:27:19,MANUAL,True,-7.926231,112.5948833,231.98,0.0,0.0,TRACKING_BUOY (MANUAL),81,-239
1786033639.942,2026-08-06 23:27:19,MANUAL,True,-7.9262311,112.594883,231.99,0.0,0.0,TRACKING_BUOY (MANUAL),80,-240
1786033640.055,2026-08-06 23:27:20,MANUAL,True,-7.9262312,112.5948828,232.0,0.0,0.0,TRACKING_BUOY (MANUAL),70,-250
1786033640.179,2026-08-06 23:27:20,MANUAL,True,-7.9262313,112.5948826,232.0,0.0,0.0,TRACKING_BUOY (MANUAL),75,-245
1786033640.299,2026-08-06 23:27:20,MANUAL,True,-7.9262315,112.5948822,232.02,0.0,0.0,TRACKING_BUOY (MANUAL),78,-242
1786033640.415,2026-08-06 23:27:20,MANUAL,True,-7.9262316,112.594882,232.02,0.0,0.0,TRACKING_BUOY (MANUAL),79,-241
1786033640.537,2026-08-06 23:27:20,MANUAL,True,-7.9262317,112.5948817,232.02,0.0,0.0,TRACKING_BUOY (MANUAL),81,-239
1786033640.653,2026-08-06 23:27:20,MANUAL,True,-7.9262318,112.5948815,232.01,0.0,0.0,TRACKING_BUOY (MANUAL),81,-239
1786033640.773,2026-08-06 23:27:20,MANUAL,True,-7.9262319,112.5948813,232.02,0.0,0.0,TRACKING_BUOY (MANUAL),80,-240
1786033640.893,2026-08-06 23:27:20,MANUAL,True,-7.9262319,112.5948811,232.01,0.0,0.0,TRACKING_BUOY (MANUAL),74,-246
1786033641.037,2026-08-06 23:27:21,MANUAL,True,-7.9262321,112.5948809,232.02,0.0,0.0,TRACKING_BUOY (MANUAL),69,-251
1786033641.148,2026-08-06 23:27:21,MANUAL,True,-7.9262323,112.5948808,232.02,0.0,0.0,TRACKING_BUOY (MANUAL),53,-267
1786033641.261,2026-08-06 23:27:21,MANUAL,True,-7.9262324,112.5948808,232.01,0.0,0.0,TRACKING_BUOY (MANUAL),32,-288
1786033641.373,2026-08-06 23:27:21,MANUAL,True,-7.9262326,112.5948807,232.02,0.0,0.0,🔴 FAILSAFE: TARGET LOST,,
1786033641.490,2026-08-06 23:27:21,MANUAL,True,-7.9262327,112.5948807,232.03,0.0,0.0,TRACKING_BUOY (MANUAL),606,286
1786033641.603,2026-08-06 23:27:21,MANUAL,True,-7.9262328,112.5948807,232.03,0.0,0.0,TRACKING_BUOY (MANUAL),30,-290
1786033641.720,2026-08-06 23:27:21,MANUAL,True,-7.9262331,112.5948808,232.02,0.0,0.0,TRACKING_BUOY (MANUAL),319,-1
1786033641.832,2026-08-06 23:27:21,MANUAL,True,-7.9262333,112.5948808,232.02,0.0,0.0,TRACKING_BUOY (MANUAL),30,-290
1786033641.944,2026-08-06 23:27:21,MANUAL,True,-7.9262333,112.5948807,232.01,0.0,0.0,TRACKING_BUOY (MANUAL),30,-290
1786033642.074,2026-08-06 23:27:22,MANUAL,True,-7.9262334,112.5948807,232.02,0.0,0.0,TRACKING_BUOY (MANUAL),30,-290
1786033642.187,2026-08-06 23:27:22,MANUAL,True,-7.9262335,112.5948807,232.04,0.0,0.0,TRACKING_BUOY (MANUAL),30,-290
1786033642.299,2026-08-06 23:27:22,MANUAL,True,-7.9262337,112.5948808,232.03,0.0,0.0,TRACKING_BUOY (MANUAL),319,-1
1786033642.422,2026-08-06 23:27:22,MANUAL,True,-7.9262338,112.5948809,232.04,0.0,0.0,TRACKING_BUOY (MANUAL),30,-290
1786033642.547,2026-08-06 23:27:22,MANUAL,True,-7.9262339,112.5948809,232.05,0.0,0.0,TRACKING_BUOY (MANUAL),30,-290
1786033642.666,2026-08-06 23:27:22,MANUAL,True,-7.926234,112.5948811,232.04,0.0,0.0,🔴 FAILSAFE: TARGET LOST,,
1786033642.781,2026-08-06 23:27:22,MANUAL,True,-7.926234,112.5948811,232.02,0.0,0.0,🔴 FAILSAFE: TARGET LOST,,
1786033642.901,2026-08-06 23:27:22,MANUAL,True,-7.926234,112.594881,232.04,0.0,0.0,🔴 FAILSAFE: TARGET LOST,,
1786033643.019,2026-08-06 23:27:23,MANUAL,True,-7.926234,112.594881,232.04,0.0,0.0,🔴 FAILSAFE: TARGET LOST,,
1786033643.135,2026-08-06 23:27:23,MANUAL,True,-7.926234,112.5948809,232.06,0.0,0.0,🔴 FAILSAFE: TARGET LOST,,
1786033643.257,2026-08-06 23:27:23,MANUAL,True,-7.9262339,112.5948809,232.07,0.0,0.0,🔴 FAILSAFE: TARGET LOST,,
1786033643.373,2026-08-06 23:27:23,MANUAL,True,-7.9262339,112.5948808,232.07,0.0,0.0,🔴 FAILSAFE: TARGET LOST,,
1786033643.492,2026-08-06 23:27:23,MANUAL,True,-7.9262339,112.5948809,232.07,0.0,0.0,TRACKING_BUOY (MANUAL),71,-249
1786033643.609,2026-08-06 23:27:23,MANUAL,True,-7.9262338,112.5948809,232.06,0.0,0.0,TRACKING_BUOY (MANUAL),76,-244
1786033643.722,2026-08-06 23:27:23,MANUAL,True,-7.9262336,112.5948809,232.06,0.0,0.0,TRACKING_BUOY (MANUAL),80,-240
1786033643.835,2026-08-06 23:27:23,MANUAL,True,-7.9262335,112.5948808,232.06,0.0,0.0,TRACKING_BUOY (MANUAL),79,-241
1786033643.948,2026-08-06 23:27:23,MANUAL,True,-7.9262334,112.5948808,232.04,0.0,0.0,TRACKING_BUOY (MANUAL),79,-241
1786033644.064,2026-08-06 23:27:24,MANUAL,True,-7.9262333,112.5948808,232.05,0.0,0.0,TRACKING_BUOY (MANUAL),77,-243
1786033644.177,2026-08-06 23:27:24,MANUAL,True,-7.9262332,112.5948808,232.05,0.0,0.0,TRACKING_BUOY (MANUAL),78,-242
1786033644.290,2026-08-06 23:27:24,MANUAL,True,-7.926233,112.5948808,232.06,0.0,0.0,TRACKING_BUOY (MANUAL),79,-241
1786033644.406,2026-08-06 23:27:24,MANUAL,True,-7.9262327,112.5948809,232.06,0.0,0.0,TRACKING_BUOY (MANUAL),79,-241
1786033644.524,2026-08-06 23:27:24,MANUAL,True,-7.9262325,112.5948809,232.07,0.0,0.0,TRACKING_BUOY (MANUAL),80,-240
1786033644.643,2026-08-06 23:27:24,MANUAL,True,-7.9262322,112.5948808,232.06,0.0,0.0,TRACKING_BUOY (MANUAL),80,-240
1786033644.758,2026-08-06 23:27:24,MANUAL,True,-7.9262321,112.5948807,232.06,0.0,0.0,TRACKING_BUOY (MANUAL),80,-240
1786033644.872,2026-08-06 23:27:24,MANUAL,True,-7.9262319,112.5948807,232.05,0.0,0.0,TRACKING_BUOY (MANUAL),80,-240
1786033644.988,2026-08-06 23:27:24,MANUAL,True,-7.9262317,112.5948806,232.05,0.0,0.0,TRACKING_BUOY (MANUAL),80,-240
1786033645.105,2026-08-06 23:27:25,MANUAL,True,-7.9262313,112.5948805,232.03,0.0,0.0,TRACKING_BUOY (MANUAL),80,-240
1786033645.222,2026-08-06 23:27:25,MANUAL,True,-7.9262311,112.5948805,232.04,0.0,0.0,TRACKING_BUOY (MANUAL),80,-240
1786033645.345,2026-08-06 23:27:25,MANUAL,True,-7.9262309,112.5948805,232.04,0.0,0.0,TRACKING_BUOY (MANUAL),81,-239
1786033645.492,2026-08-06 23:27:25,MANUAL,True,-7.9262305,112.5948804,232.05,0.0,0.0,TRACKING_BUOY (MANUAL),80,-240
1786033645.616,2026-08-06 23:27:25,MANUAL,True,-7.9262302,112.5948802,232.06,0.0,0.0,TRACKING_BUOY (MANUAL),81,-239
1786033645.736,2026-08-06 23:27:25,MANUAL,True,-7.92623,112.59488,232.06,0.0,0.0,TRACKING_BUOY (MANUAL),86,-234
1786033645.854,2026-08-06 23:27:25,MANUAL,True,-7.9262297,112.5948799,232.05,0.0,0.0,TRACKING_BUOY (MANUAL),79,-241
1786033645.981,2026-08-06 23:27:25,MANUAL,True,-7.9262294,112.5948797,232.07,0.0,0.0,TRACKING_BUOY (MANUAL),82,-238
1786033646.121,2026-08-06 23:27:26,MANUAL,True,-7.9262288,112.5948793,232.08,0.0,0.0,TRACKING_BUOY (MANUAL),84,-236
1786033646.236,2026-08-06 23:27:26,MANUAL,True,-7.9262284,112.5948792,232.08,0.0,0.0,TRACKING_BUOY (MANUAL),82,-238
1786033646.358,2026-08-06 23:27:26,MANUAL,True,-7.9262281,112.594879,232.08,0.0,0.0,TRACKING_BUOY (MANUAL),81,-239
1786033646.477,2026-08-06 23:27:26,MANUAL,True,-7.9262277,112.5948788,232.08,0.0,0.0,TRACKING_BUOY (MANUAL),81,-239
1786033646.592,2026-08-06 23:27:26,MANUAL,True,-7.9262273,112.5948786,232.06,0.0,0.0,TRACKING_BUOY (MANUAL),83,-237
1786033646.706,2026-08-06 23:27:26,MANUAL,True,-7.9262264,112.5948781,232.08,0.0,0.0,TRACKING_BUOY (MANUAL),84,-236
1786033646.826,2026-08-06 23:27:26,MANUAL,True,-7.9262259,112.5948778,232.05,0.0,0.0,TRACKING_BUOY (MANUAL),85,-235
1786033646.950,2026-08-06 23:27:26,MANUAL,True,-7.9262255,112.5948775,232.05,0.0,0.0,TRACKING_BUOY (MANUAL),85,-235
1786033647.101,2026-08-06 23:27:27,MANUAL,True,-7.9262246,112.5948768,232.04,0.0,0.0,TRACKING_BUOY (MANUAL),88,-232
1786033647.255,2026-08-06 23:27:27,MANUAL,True,-7.9262243,112.5948766,232.05,0.0,0.0,TRACKING_BUOY (MANUAL),85,-235
1786033647.376,2026-08-06 23:27:27,MANUAL,True,-7.926224,112.5948764,232.05,0.0,0.0,TRACKING_BUOY (MANUAL),89,-231
1786033647.501,2026-08-06 23:27:27,MANUAL,True,-7.9262235,112.594876,232.01,0.0,0.0,TRACKING_BUOY (MANUAL),90,-230
1786033647.611,2026-08-06 23:27:27,MANUAL,True,-7.9262235,112.594876,232.01,0.0,0.0,TRACKING_BUOY (MANUAL),91,-229
1786033647.726,2026-08-06 23:27:27,MANUAL,True,-7.9262231,112.5948757,231.99,0.0,0.0,TRACKING_BUOY (MANUAL),95,-225
1786033647.839,2026-08-06 23:27:27,MANUAL,True,-7.9262229,112.5948757,231.98,0.0,0.0,TRACKING_BUOY (MANUAL),96,-224
1786033647.952,2026-08-06 23:27:27,MANUAL,True,-7.9262227,112.5948757,231.99,0.0,0.0,TRACKING_BUOY (MANUAL),0,-320
1786033648.071,2026-08-06 23:27:28,MANUAL,True,-7.9262226,112.5948756,231.98,0.0,0.0,TRACKING_BUOY (MANUAL),0,-320
1786033648.185,2026-08-06 23:27:28,MANUAL,True,-7.9262225,112.5948756,231.98,0.0,0.0,TRACKING_BUOY (MANUAL),0,-320
1786033648.300,2026-08-06 23:27:28,MANUAL,True,-7.9262222,112.5948754,231.98,0.0,0.0,TRACKING_BUOY (MANUAL),0,-320
1786033648.413,2026-08-06 23:27:28,MANUAL,True,-7.9262221,112.5948752,231.96,0.0,0.0,TRACKING_BUOY (MANUAL),0,-320
1786033648.532,2026-08-06 23:27:28,MANUAL,True,-7.926222,112.594875,231.96,0.0,0.0,TRACKING_BUOY (MANUAL),0,-320
1786033648.648,2026-08-06 23:27:28,MANUAL,True,-7.9262219,112.5948748,231.96,0.0,0.0,TRACKING_BUOY (MANUAL),0,-320
1786033648.761,2026-08-06 23:27:28,MANUAL,True,-7.9262217,112.5948746,231.94,0.0,0.0,TRACKING_BUOY (MANUAL),0,-320
1786033648.881,2026-08-06 23:27:28,MANUAL,True,-7.9262216,112.5948742,231.94,0.0,0.0,TRACKING_BUOY (MANUAL),0,-320
1786033648.996,2026-08-06 23:27:28,MANUAL,True,-7.9262214,112.5948736,231.95,0.0,0.0,TRACKING_BUOY (MANUAL),318,-2
1786033649.120,2026-08-06 23:27:29,MANUAL,True,-7.9262213,112.5948734,231.94,0.0,0.0,TRACKING_BUOY (MANUAL),288,-32
1786033649.244,2026-08-06 23:27:29,MANUAL,True,-7.9262212,112.5948734,231.92,0.0,0.0,TRACKING_BUOY (MANUAL),278,-42
1786033649.363,2026-08-06 23:27:29,MANUAL,True,-7.9262212,112.5948734,231.93,0.0,0.0,TRACKING_BUOY (MANUAL),275,-45
1786033649.480,2026-08-06 23:27:29,MANUAL,True,-7.9262212,112.5948735,231.95,0.0,0.0,TRACKING_BUOY (MANUAL),275,-45
1786033649.597,2026-08-06 23:27:29,MANUAL,True,-7.9262213,112.5948737,231.94,0.0,0.0,TRACKING_BUOY (MANUAL),277,-43
1786033649.715,2026-08-06 23:27:29,MANUAL,True,-7.9262215,112.5948739,231.93,0.0,0.0,TRACKING_BUOY (MANUAL),277,-43
1786033649.831,2026-08-06 23:27:29,MANUAL,True,-7.9262215,112.5948741,231.91,0.0,0.0,TRACKING_BUOY (MANUAL),277,-43
1786033649.947,2026-08-06 23:27:29,MANUAL,True,-7.9262216,112.5948741,231.9,0.0,0.0,TRACKING_BUOY (MANUAL),278,-42
1786033650.058,2026-08-06 23:27:30,MANUAL,True,-7.9262217,112.5948741,231.89,0.0,0.0,TRACKING_BUOY (MANUAL),280,-40
1786033650.172,2026-08-06 23:27:30,MANUAL,True,-7.9262218,112.5948741,231.89,0.0,0.0,TRACKING_BUOY (MANUAL),284,-36
1786033650.287,2026-08-06 23:27:30,MANUAL,True,-7.9262218,112.5948741,231.88,0.0,0.0,TRACKING_BUOY (MANUAL),294,-26
1786033650.399,2026-08-06 23:27:30,MANUAL,True,-7.9262219,112.594874,231.85,0.0,0.0,TRACKING_BUOY (MANUAL),300,-20
1786033650.536,2026-08-06 23:27:30,MANUAL,True,-7.926222,112.5948739,231.87,0.0,0.0,TRACKING_BUOY (MANUAL),310,-10
1786033650.653,2026-08-06 23:27:30,MANUAL,True,-7.9262219,112.5948736,231.88,0.0,0.0,TRACKING_BUOY (MANUAL),320,0
1786033650.769,2026-08-06 23:27:30,MANUAL,True,-7.9262219,112.5948736,231.88,0.0,0.0,TRACKING_BUOY (MANUAL),327,7
1786033650.909,2026-08-06 23:27:30,MANUAL,True,-7.9262218,112.5948733,231.9,0.0,0.0,TRACKING_BUOY (MANUAL),331,11
1786033651.057,2026-08-06 23:27:31,MANUAL,True,-7.9262218,112.5948731,231.89,0.0,0.0,TRACKING_BUOY (MANUAL),332,12
1786033651.290,2026-08-06 23:27:31,MANUAL,True,-7.9262215,112.5948727,231.89,0.0,0.0,TRACKING_BUOY (MANUAL),332,12
1786033651.443,2026-08-06 23:27:31,MANUAL,True,-7.9262212,112.5948721,231.87,0.0,0.0,TRACKING_BUOY (MANUAL),329,9
1786033651.567,2026-08-06 23:27:31,MANUAL,True,-7.9262211,112.5948719,231.87,0.0,0.0,TRACKING_BUOY (MANUAL),327,7
1786033651.686,2026-08-06 23:27:31,MANUAL,True,-7.9262211,112.5948716,231.87,0.0,0.0,TRACKING_BUOY (MANUAL),325,5
1786033651.802,2026-08-06 23:27:31,MANUAL,True,-7.9262211,112.5948713,231.85,0.0,0.0,TRACKING_BUOY (MANUAL),325,5
1786033651.920,2026-08-06 23:27:31,MANUAL,True,-7.9262211,112.5948712,231.85,0.0,0.0,TRACKING_BUOY (MANUAL),322,2
1786033652.040,2026-08-06 23:27:32,MANUAL,True,-7.9262212,112.5948711,231.86,0.0,0.0,TRACKING_BUOY (MANUAL),319,-1
1786033652.158,2026-08-06 23:27:32,MANUAL,True,-7.9262212,112.594871,231.87,0.0,0.0,TRACKING_BUOY (MANUAL),316,-4
1786033652.273,2026-08-06 23:27:32,MANUAL,True,-7.9262212,112.5948709,231.87,0.0,0.0,TRACKING_BUOY (MANUAL),316,-4
1786033652.388,2026-08-06 23:27:32,MANUAL,True,-7.9262213,112.5948708,231.88,0.0,0.0,TRACKING_BUOY (MANUAL),312,-8
1786033652.506,2026-08-06 23:27:32,MANUAL,True,-7.9262213,112.5948708,231.89,0.0,0.0,TRACKING_BUOY (MANUAL),312,-8
1786033652.616,2026-08-06 23:27:32,MANUAL,True,-7.9262213,112.5948707,231.89,0.0,0.0,TRACKING_BUOY (MANUAL),312,-8
1786033652.731,2026-08-06 23:27:32,MANUAL,True,-7.9262214,112.5948707,231.89,0.0,0.0,TRACKING_BUOY (MANUAL),312,-8
1786033652.850,2026-08-06 23:27:32,MANUAL,True,-7.9262214,112.5948707,231.9,0.0,0.0,TRACKING_BUOY (MANUAL),312,-8
1786033652.971,2026-08-06 23:27:32,MANUAL,True,-7.9262214,112.5948707,231.9,0.0,0.0,TRACKING_BUOY (MANUAL),311,-9
1786033653.088,2026-08-06 23:27:33,MANUAL,True,-7.9262215,112.5948707,231.9,0.0,0.0,TRACKING_BUOY (MANUAL),314,-6
1786033653.204,2026-08-06 23:27:33,MANUAL,True,-7.9262215,112.5948707,231.87,0.0,0.0,TRACKING_BUOY (MANUAL),315,-5
1786033653.331,2026-08-06 23:27:33,MANUAL,True,-7.9262216,112.5948708,231.85,0.0,0.0,TRACKING_BUOY (MANUAL),317,-3
1786033653.445,2026-08-06 23:27:33,MANUAL,True,-7.9262218,112.5948709,231.87,0.0,0.0,TRACKING_BUOY (MANUAL),317,-3
1786033653.570,2026-08-06 23:27:33,MANUAL,True,-7.9262219,112.594871,231.87,0.0,0.0,TRACKING_BUOY (MANUAL),318,-2
1786033653.685,2026-08-06 23:27:33,MANUAL,True,-7.9262219,112.594871,231.87,0.0,0.0,TRACKING_BUOY (MANUAL),318,-2
1786033653.808,2026-08-06 23:27:33,MANUAL,True,-7.9262224,112.5948714,231.88,0.0,0.0,TRACKING_BUOY (MANUAL),318,-2
1786033653.930,2026-08-06 23:27:33,MANUAL,True,-7.9262226,112.5948715,231.87,0.0,0.0,TRACKING_BUOY (MANUAL),318,-2
1786033654.049,2026-08-06 23:27:34,MANUAL,True,-7.926223,112.5948715,231.85,0.0,0.0,TRACKING_BUOY (MANUAL),320,0
1786033654.172,2026-08-06 23:27:34,MANUAL,True,-7.9262232,112.5948717,231.86,0.0,0.0,TRACKING_BUOY (MANUAL),318,-2
1786033654.291,2026-08-06 23:27:34,MANUAL,True,-7.9262235,112.5948719,231.87,0.0,0.0,TRACKING_BUOY (MANUAL),317,-3
1786033654.405,2026-08-06 23:27:34,MANUAL,True,-7.9262238,112.5948721,231.84,0.0,0.0,TRACKING_BUOY (MANUAL),317,-3
1786033654.524,2026-08-06 23:27:34,MANUAL,True,-7.926224,112.5948723,231.85,0.0,0.0,TRACKING_BUOY (MANUAL),317,-3
1786033654.645,2026-08-06 23:27:34,MANUAL,True,-7.9262242,112.5948726,231.84,0.0,0.0,TRACKING_BUOY (MANUAL),317,-3
1786033654.759,2026-08-06 23:27:34,MANUAL,True,-7.9262242,112.5948726,231.84,0.0,0.0,TRACKING_BUOY (MANUAL),316,-4
1786033654.875,2026-08-06 23:27:34,MANUAL,True,-7.9262252,112.5948736,231.84,0.0,0.0,TRACKING_BUOY (MANUAL),316,-4
1786033654.991,2026-08-06 23:27:34,MANUAL,True,-7.9262256,112.594874,231.81,0.0,0.0,TRACKING_BUOY (MANUAL),315,-5
1786033655.112,2026-08-06 23:27:35,MANUAL,True,-7.9262258,112.5948743,231.81,0.0,0.0,TRACKING_BUOY (MANUAL),314,-6
1786033655.228,2026-08-06 23:27:35,MANUAL,True,-7.9262262,112.5948747,231.81,0.0,0.0,TRACKING_BUOY (MANUAL),315,-5
1786033655.342,2026-08-06 23:27:35,MANUAL,True,-7.9262264,112.5948749,231.79,0.0,0.0,TRACKING_BUOY (MANUAL),316,-4
1786033655.477,2026-08-06 23:27:35,MANUAL,True,-7.926227,112.5948756,231.78,0.0,0.0,TRACKING_BUOY (MANUAL),316,-4
1786033655.593,2026-08-06 23:27:35,MANUAL,True,-7.926227,112.5948756,231.78,0.0,0.0,TRACKING_BUOY (MANUAL),315,-5
1786033655.706,2026-08-06 23:27:35,MANUAL,True,-7.9262275,112.5948759,231.8,0.0,0.0,TRACKING_BUOY (MANUAL),314,-6
1786033655.815,2026-08-06 23:27:35,MANUAL,True,-7.926228,112.5948763,231.82,0.0,0.0,TRACKING_BUOY (MANUAL),315,-5
1786033655.938,2026-08-06 23:27:35,MANUAL,True,-7.9262283,112.5948765,231.8,0.0,0.0,TRACKING_BUOY (MANUAL),315,-5
1786033656.060,2026-08-06 23:27:36,MANUAL,True,-7.9262285,112.5948766,231.81,0.0,0.0,TRACKING_BUOY (MANUAL),314,-6
1786033656.176,2026-08-06 23:27:36,MANUAL,True,-7.9262288,112.5948768,231.81,0.0,0.0,TRACKING_BUOY (MANUAL),313,-7
1786033656.313,2026-08-06 23:27:36,MANUAL,True,-7.9262293,112.5948771,231.77,0.0,0.0,TRACKING_BUOY (MANUAL),313,-7
1786033656.429,2026-08-06 23:27:36,MANUAL,True,-7.9262296,112.5948772,231.79,0.0,0.0,TRACKING_BUOY (MANUAL),315,-5
1786033656.562,2026-08-06 23:27:36,MANUAL,True,-7.9262299,112.5948773,231.82,0.0,0.0,TRACKING_BUOY (MANUAL),317,-3
1786033656.678,2026-08-06 23:27:36,MANUAL,True,-7.9262304,112.5948774,231.8,0.0,0.0,TRACKING_BUOY (MANUAL),313,-7
1786033656.796,2026-08-06 23:27:36,MANUAL,True,-7.9262308,112.5948773,231.8,0.0,0.0,TRACKING_BUOY (MANUAL),316,-4
1786033656.911,2026-08-06 23:27:36,MANUAL,True,-7.9262311,112.5948772,231.79,0.0,0.0,TRACKING_BUOY (MANUAL),310,-10
1786033657.028,2026-08-06 23:27:37,MANUAL,True,-7.9262313,112.594877,231.78,0.0,0.0,TRACKING_BUOY (MANUAL),307,-13
1786033657.145,2026-08-06 23:27:37,MANUAL,True,-7.9262315,112.5948769,231.78,0.0,0.0,TRACKING_BUOY (MANUAL),304,-16
1786033657.263,2026-08-06 23:27:37,MANUAL,True,-7.9262317,112.5948768,231.79,0.0,0.0,TRACKING_BUOY (MANUAL),303,-17
1786033657.379,2026-08-06 23:27:37,MANUAL,True,-7.9262318,112.5948767,231.79,0.0,0.0,TRACKING_BUOY (MANUAL),297,-23
1786033657.499,2026-08-06 23:27:37,MANUAL,True,-7.926232,112.5948763,231.78,0.0,0.0,TRACKING_BUOY (MANUAL),292,-28
1786033657.612,2026-08-06 23:27:37,MANUAL,True,-7.926232,112.594876,231.77,0.0,0.0,TRACKING_BUOY (MANUAL),283,-37
1786033657.728,2026-08-06 23:27:37,MANUAL,True,-7.9262321,112.5948757,231.77,0.0,0.0,TRACKING_BUOY (MANUAL),282,-38
1786033657.841,2026-08-06 23:27:37,MANUAL,True,-7.9262321,112.5948754,231.76,0.0,0.0,TRACKING_BUOY (MANUAL),280,-40
1786033657.956,2026-08-06 23:27:37,MANUAL,True,-7.9262322,112.5948753,231.78,0.0,0.0,TRACKING_BUOY (MANUAL),280,-40
1786033658.069,2026-08-06 23:27:38,MANUAL,True,-7.9262322,112.594875,231.77,0.0,0.0,TRACKING_BUOY (MANUAL),287,-33
1786033658.182,2026-08-06 23:27:38,MANUAL,True,-7.9262323,112.5948748,231.77,0.0,0.0,TRACKING_BUOY (MANUAL),292,-28
1786033658.296,2026-08-06 23:27:38,MANUAL,True,-7.9262324,112.5948744,231.77,0.0,0.0,TRACKING_BUOY (MANUAL),304,-16
1786033658.409,2026-08-06 23:27:38,MANUAL,True,-7.9262324,112.5948741,231.77,0.0,0.0,TRACKING_BUOY (MANUAL),314,-6
1786033658.528,2026-08-06 23:27:38,MANUAL,True,-7.9262325,112.5948739,231.75,0.0,0.0,TRACKING_BUOY (MANUAL),318,-2
1786033658.639,2026-08-06 23:27:38,MANUAL,True,-7.9262327,112.5948739,231.76,0.0,0.0,TRACKING_BUOY (MANUAL),326,6
1786033658.757,2026-08-06 23:27:38,MANUAL,True,-7.9262328,112.5948738,231.77,0.0,0.0,TRACKING_BUOY (MANUAL),333,13
1786033658.873,2026-08-06 23:27:38,MANUAL,True,-7.926233,112.5948736,231.75,0.0,0.0,TRACKING_BUOY (MANUAL),335,15
1786033658.986,2026-08-06 23:27:38,MANUAL,True,-7.9262331,112.5948735,231.75,0.0,0.0,TRACKING_BUOY (MANUAL),336,16
1786033659.109,2026-08-06 23:27:39,MANUAL,True,-7.9262334,112.594873,231.77,0.0,0.0,TRACKING_BUOY (MANUAL),340,20
1786033659.224,2026-08-06 23:27:39,MANUAL,True,-7.9262335,112.5948728,231.77,0.0,0.0,TRACKING_BUOY (MANUAL),341,21
1786033659.336,2026-08-06 23:27:39,MANUAL,True,-7.9262336,112.5948726,231.77,0.0,0.0,TRACKING_BUOY (MANUAL),340,20
1786033659.458,2026-08-06 23:27:39,MANUAL,True,-7.9262339,112.5948725,231.76,0.0,0.0,TRACKING_BUOY (MANUAL),338,18
1786033659.578,2026-08-06 23:27:39,MANUAL,True,-7.926234,112.5948723,231.76,0.0,0.0,TRACKING_BUOY (MANUAL),332,12
1786033659.695,2026-08-06 23:27:39,MANUAL,True,-7.9262344,112.5948719,231.76,0.0,0.0,TRACKING_BUOY (MANUAL),321,1
1786033659.812,2026-08-06 23:27:39,MANUAL,True,-7.9262345,112.5948717,231.77,0.0,0.0,TRACKING_BUOY (MANUAL),312,-8
1786033659.936,2026-08-06 23:27:39,MANUAL,True,-7.9262346,112.5948716,231.79,0.0,0.0,TRACKING_BUOY (MANUAL),307,-13
1786033660.049,2026-08-06 23:27:40,MANUAL,True,-7.9262347,112.5948715,231.79,0.0,0.0,TRACKING_BUOY (MANUAL),301,-19
1786033660.162,2026-08-06 23:27:40,MANUAL,True,-7.9262347,112.5948714,231.79,0.0,0.0,TRACKING_BUOY (MANUAL),299,-21
1786033660.281,2026-08-06 23:27:40,MANUAL,True,-7.926235,112.5948711,231.79,0.0,0.0,TRACKING_BUOY (MANUAL),299,-21
1786033660.394,2026-08-06 23:27:40,MANUAL,True,-7.9262351,112.5948711,231.79,0.0,0.0,TRACKING_BUOY (MANUAL),297,-23
1786033660.526,2026-08-06 23:27:40,MANUAL,True,-7.9262352,112.5948711,231.8,0.0,0.0,TRACKING_BUOY (MANUAL),295,-25
1786033660.641,2026-08-06 23:27:40,MANUAL,True,-7.9262353,112.5948711,231.79,0.0,0.0,TRACKING_BUOY (MANUAL),299,-21
1786033660.757,2026-08-06 23:27:40,MANUAL,True,-7.9262354,112.594871,231.81,0.0,0.0,TRACKING_BUOY (MANUAL),303,-17
1786033660.871,2026-08-06 23:27:40,MANUAL,True,-7.9262354,112.5948709,231.8,0.0,0.0,TRACKING_BUOY (MANUAL),312,-8
1786033660.986,2026-08-06 23:27:40,MANUAL,True,-7.9262355,112.5948709,231.79,0.0,0.0,TRACKING_BUOY (MANUAL),316,-4
1786033661.104,2026-08-06 23:27:41,MANUAL,True,-7.9262357,112.5948707,231.78,0.0,0.0,TRACKING_BUOY (MANUAL),322,2
1786033661.221,2026-08-06 23:27:41,MANUAL,True,-7.9262358,112.5948706,231.77,0.0,0.0,TRACKING_BUOY (MANUAL),331,11
1786033661.347,2026-08-06 23:27:41,MANUAL,True,-7.9262358,112.5948705,231.76,0.0,0.0,TRACKING_BUOY (MANUAL),338,18
1786033661.468,2026-08-06 23:27:41,MANUAL,True,-7.9262359,112.5948703,231.76,0.0,0.0,TRACKING_BUOY (MANUAL),340,20
1786033661.584,2026-08-06 23:27:41,MANUAL,True,-7.926236,112.5948702,231.78,0.0,0.0,TRACKING_BUOY (MANUAL),344,24
1786033661.699,2026-08-06 23:27:41,MANUAL,True,-7.9262361,112.5948701,231.76,0.0,0.0,TRACKING_BUOY (MANUAL),348,28
1786033661.812,2026-08-06 23:27:41,MANUAL,True,-7.9262362,112.5948701,231.78,0.0,0.0,🔴 FAILSAFE: TARGET LOST,,
1786033661.927,2026-08-06 23:27:41,MANUAL,True,-7.9262362,112.5948701,231.77,0.0,0.0,TRACKING_BUOY (MANUAL),26,-294
1786033662.045,2026-08-06 23:27:42,MANUAL,True,-7.9262363,112.5948702,231.75,0.0,0.0,TRACKING_BUOY (MANUAL),68,-252
1786033662.169,2026-08-06 23:27:42,MANUAL,True,-7.9262363,112.5948702,231.74,0.0,0.0,TRACKING_BUOY (MANUAL),69,-251
1786033662.286,2026-08-06 23:27:42,MANUAL,True,-7.9262364,112.5948701,231.78,0.0,0.0,TRACKING_BUOY (MANUAL),68,-252
1786033662.409,2026-08-06 23:27:42,MANUAL,True,-7.9262363,112.5948699,231.79,0.0,0.0,TRACKING_BUOY (MANUAL),62,-258
1786033662.531,2026-08-06 23:27:42,MANUAL,True,-7.9262363,112.5948697,231.8,0.0,0.0,TRACKING_BUOY (MANUAL),62,-258
1786033662.652,2026-08-06 23:27:42,MANUAL,True,-7.9262362,112.5948692,231.82,0.0,0.0,TRACKING_BUOY (MANUAL),62,-258
1786033662.763,2026-08-06 23:27:42,MANUAL,True,-7.9262361,112.5948692,231.82,0.0,0.0,TRACKING_BUOY (MANUAL),65,-255
1786033662.879,2026-08-06 23:27:42,MANUAL,True,-7.926236,112.5948687,231.81,0.0,0.0,TRACKING_BUOY (MANUAL),69,-251
1786033663.005,2026-08-06 23:27:43,MANUAL,True,-7.9262359,112.5948684,231.83,0.0,0.0,TRACKING_BUOY (MANUAL),70,-250
1786033663.125,2026-08-06 23:27:43,MANUAL,True,-7.9262359,112.5948682,231.82,0.0,0.0,TRACKING_BUOY (MANUAL),71,-249
1786033663.250,2026-08-06 23:27:43,MANUAL,True,-7.9262358,112.5948679,231.8,0.0,0.0,TRACKING_BUOY (MANUAL),72,-248
1786033663.435,2026-08-06 23:27:43,MANUAL,True,-7.9262358,112.5948673,231.79,0.0,0.0,TRACKING_BUOY (MANUAL),71,-249
1786033663.562,2026-08-06 23:27:43,MANUAL,True,-7.9262357,112.594867,231.78,0.0,0.0,TRACKING_BUOY (MANUAL),72,-248
1786033663.693,2026-08-06 23:27:43,MANUAL,True,-7.9262355,112.5948666,231.76,0.0,0.0,TRACKING_BUOY (MANUAL),72,-248
1786033663.857,2026-08-06 23:27:43,MANUAL,True,-7.9262355,112.5948662,231.75,0.0,0.0,TRACKING_BUOY (MANUAL),79,-241
1786033663.992,2026-08-06 23:27:43,MANUAL,True,-7.9262351,112.5948654,231.74,0.0,0.0,TRACKING_BUOY (MANUAL),71,-249
1786033664.142,2026-08-06 23:27:44,MANUAL,True,-7.926235,112.594865,231.75,0.0,0.0,TRACKING_BUOY (MANUAL),78,-242
1786033664.259,2026-08-06 23:27:44,MANUAL,True,-7.9262347,112.5948645,231.76,0.0,0.0,TRACKING_BUOY (MANUAL),79,-241
1786033664.377,2026-08-06 23:27:44,MANUAL,True,-7.9262345,112.5948642,231.74,0.0,0.0,TRACKING_BUOY (MANUAL),79,-241
1786033664.505,2026-08-06 23:27:44,MANUAL,True,-7.9262341,112.5948632,231.75,0.0,0.0,TRACKING_BUOY (MANUAL),81,-239
1786033664.621,2026-08-06 23:27:44,MANUAL,True,-7.9262339,112.5948628,231.74,0.0,0.0,TRACKING_BUOY (MANUAL),81,-239
1786033664.739,2026-08-06 23:27:44,MANUAL,True,-7.9262338,112.5948625,231.73,0.0,0.0,TRACKING_BUOY (MANUAL),82,-238
1786033664.856,2026-08-06 23:27:44,MANUAL,True,-7.9262336,112.5948621,231.73,0.0,0.0,TRACKING_BUOY (MANUAL),82,-238
1786033664.977,2026-08-06 23:27:44,MANUAL,True,-7.9262335,112.5948619,231.71,0.0,0.0,TRACKING_BUOY (MANUAL),82,-238
1786033665.095,2026-08-06 23:27:45,MANUAL,True,-7.9262331,112.5948615,231.69,0.0,0.0,TRACKING_BUOY (MANUAL),83,-237
1786033665.212,2026-08-06 23:27:45,MANUAL,True,-7.9262329,112.5948614,231.68,0.0,0.0,TRACKING_BUOY (MANUAL),86,-234
1786033665.333,2026-08-06 23:27:45,MANUAL,True,-7.9262328,112.5948613,231.67,0.0,0.0,TRACKING_BUOY (MANUAL),86,-234
1786033665.466,2026-08-06 23:27:45,MANUAL,True,-7.9262326,112.5948612,231.65,0.0,0.0,TRACKING_BUOY (MANUAL),87,-233
1786033665.584,2026-08-06 23:27:45,MANUAL,True,-7.9262325,112.5948612,231.62,0.0,0.0,TRACKING_BUOY (MANUAL),87,-233
1786033665.699,2026-08-06 23:27:45,MANUAL,True,-7.9262322,112.5948612,231.64,0.0,0.0,TRACKING_BUOY (MANUAL),86,-234
1786033665.821,2026-08-06 23:27:45,MANUAL,True,-7.926232,112.5948612,231.64,0.0,0.0,TRACKING_BUOY (MANUAL),87,-233
1786033665.939,2026-08-06 23:27:45,MANUAL,True,-7.9262319,112.5948612,231.64,0.0,0.0,TRACKING_BUOY (MANUAL),87,-233
1786033666.056,2026-08-06 23:27:46,MANUAL,True,-7.9262317,112.5948613,231.63,0.0,0.0,TRACKING_BUOY (MANUAL),86,-234
1786033666.171,2026-08-06 23:27:46,MANUAL,True,-7.9262316,112.5948613,231.62,0.0,0.0,TRACKING_BUOY (MANUAL),86,-234
1786033666.286,2026-08-06 23:27:46,MANUAL,True,-7.9262313,112.5948612,231.62,0.0,0.0,TRACKING_BUOY (MANUAL),83,-237
1786033666.395,2026-08-06 23:27:46,MANUAL,True,-7.9262311,112.5948611,231.6,0.0,0.0,TRACKING_BUOY (MANUAL),82,-238
1786033666.552,2026-08-06 23:27:46,MANUAL,True,-7.926231,112.594861,231.61,0.0,0.0,TRACKING_BUOY (MANUAL),82,-238
1786033666.664,2026-08-06 23:27:46,MANUAL,True,-7.926231,112.594861,231.61,0.0,0.0,TRACKING_BUOY (MANUAL),84,-236
1786033666.774,2026-08-06 23:27:46,MANUAL,True,-7.9262309,112.594861,231.59,0.0,0.0,TRACKING_BUOY (MANUAL),86,-234
1786033666.885,2026-08-06 23:27:46,MANUAL,True,-7.9262309,112.5948611,231.58,0.0,0.0,TRACKING_BUOY (MANUAL),83,-237
1786033667.001,2026-08-06 23:27:47,MANUAL,True,-7.9262308,112.5948612,231.55,0.0,0.0,TRACKING_BUOY (MANUAL),84,-236
1786033667.121,2026-08-06 23:27:47,MANUAL,True,-7.9262307,112.5948612,231.55,0.0,0.0,TRACKING_BUOY (MANUAL),84,-236
1786033667.241,2026-08-06 23:27:47,MANUAL,True,-7.9262307,112.5948612,231.56,0.0,0.0,TRACKING_BUOY (MANUAL),84,-236
1786033667.357,2026-08-06 23:27:47,MANUAL,True,-7.9262306,112.5948612,231.53,0.0,0.0,TRACKING_BUOY (MANUAL),86,-234
1786033667.480,2026-08-06 23:27:47,MANUAL,True,-7.9262305,112.5948611,231.53,0.0,0.0,TRACKING_BUOY (MANUAL),87,-233
1786033667.595,2026-08-06 23:27:47,MANUAL,True,-7.9262304,112.594861,231.53,0.0,0.0,TRACKING_BUOY (MANUAL),88,-232
1786033667.706,2026-08-06 23:27:47,MANUAL,True,-7.9262302,112.5948606,231.54,0.0,0.0,TRACKING_BUOY (MANUAL),85,-235
1786033667.819,2026-08-06 23:27:47,MANUAL,True,-7.9262299,112.5948603,231.52,0.0,0.0,TRACKING_BUOY (MANUAL),84,-236
1786033667.928,2026-08-06 23:27:47,MANUAL,True,-7.9262298,112.5948601,231.51,0.0,0.0,TRACKING_BUOY (MANUAL),85,-235
1786033668.050,2026-08-06 23:27:48,MANUAL,True,-7.9262296,112.5948599,231.5,0.0,0.0,TRACKING_BUOY (MANUAL),84,-236
1786033668.171,2026-08-06 23:27:48,MANUAL,True,-7.9262294,112.5948598,231.5,0.0,0.0,TRACKING_BUOY (MANUAL),84,-236
1786033668.281,2026-08-06 23:27:48,MANUAL,True,-7.9262288,112.5948596,231.48,0.0,0.0,TRACKING_BUOY (MANUAL),84,-236
1786033668.404,2026-08-06 23:27:48,MANUAL,True,-7.9262286,112.5948595,231.47,0.0,0.0,TRACKING_BUOY (MANUAL),83,-237
1786033668.520,2026-08-06 23:27:48,MANUAL,True,-7.9262285,112.5948594,231.45,0.0,0.0,TRACKING_BUOY (MANUAL),83,-237
1786033668.638,2026-08-06 23:27:48,MANUAL,True,-7.9262282,112.5948592,231.45,0.0,0.0,TRACKING_BUOY (MANUAL),85,-235
1786033668.759,2026-08-06 23:27:48,MANUAL,True,-7.9262282,112.5948592,231.46,0.0,0.0,TRACKING_BUOY (MANUAL),85,-235
1786033668.873,2026-08-06 23:27:48,MANUAL,True,-7.926228,112.5948591,231.44,0.0,0.0,TRACKING_BUOY (MANUAL),85,-235
1786033668.989,2026-08-06 23:27:48,MANUAL,True,-7.9262279,112.594859,231.45,0.0,0.0,TRACKING_BUOY (MANUAL),84,-236
1786033669.111,2026-08-06 23:27:49,MANUAL,True,-7.9262275,112.5948589,231.42,0.0,0.0,TRACKING_BUOY (MANUAL),84,-236
1786033669.228,2026-08-06 23:27:49,MANUAL,True,-7.9262273,112.5948588,231.44,0.0,0.0,TRACKING_BUOY (MANUAL),86,-234
1786033669.341,2026-08-06 23:27:49,MANUAL,True,-7.9262272,112.5948587,231.43,0.0,0.0,TRACKING_BUOY (MANUAL),57,-263
1786033669.463,2026-08-06 23:27:49,MANUAL,True,-7.9262269,112.5948585,231.4,0.0,0.0,TRACKING_BUOY (MANUAL),0,-320
1786033669.580,2026-08-06 23:27:49,MANUAL,True,-7.9262268,112.5948584,231.4,0.0,0.0,TRACKING_BUOY (MANUAL),0,-320
1786033669.691,2026-08-06 23:27:49,MANUAL,True,-7.9262264,112.5948579,231.38,0.0,0.0,🔴 FAILSAFE: TARGET LOST,,
1786033669.803,2026-08-06 23:27:49,MANUAL,True,-7.9262263,112.5948576,231.37,0.0,0.0,🔴 FAILSAFE: TARGET LOST,,
1786033669.917,2026-08-06 23:27:49,MANUAL,True,-7.9262263,112.5948574,231.36,0.0,0.0,TRACKING_BUOY (MANUAL),0,-320
1786033670.029,2026-08-06 23:27:50,MANUAL,True,-7.9262261,112.5948571,231.36,0.0,0.0,🔴 FAILSAFE: TARGET LOST,,
1786033670.142,2026-08-06 23:27:50,MANUAL,True,-7.926226,112.5948569,231.36,0.0,0.0,TRACKING_BUOY (MANUAL),0,-320
1786033670.253,2026-08-06 23:27:50,MANUAL,True,-7.926226,112.5948566,231.36,0.0,0.0,TRACKING_BUOY (MANUAL),0,-320
1786033670.368,2026-08-06 23:27:50,MANUAL,True,-7.926226,112.5948564,231.34,0.0,0.0,TRACKING_BUOY (MANUAL),0,-320
1786033670.506,2026-08-06 23:27:50,MANUAL,True,-7.9262258,112.5948553,231.34,0.0,0.0,TRACKING_BUOY (MANUAL),0,-320
1786033670.628,2026-08-06 23:27:50,MANUAL,True,-7.9262257,112.5948549,231.33,0.0,0.0,TRACKING_BUOY (MANUAL),0,-320
1786033670.751,2026-08-06 23:27:50,MANUAL,True,-7.9262257,112.5948546,231.32,0.0,0.0,🔴 FAILSAFE: TARGET LOST,,
1786033670.881,2026-08-06 23:27:50,MANUAL,True,-7.9262255,112.5948538,231.32,0.0,0.0,TRACKING_BUOY (MANUAL),0,-320
1786033671.013,2026-08-06 23:27:51,MANUAL,True,-7.9262254,112.5948534,231.31,0.0,0.0,🔴 FAILSAFE: TARGET LOST,,
1786033671.130,2026-08-06 23:27:51,MANUAL,True,-7.9262254,112.5948531,231.31,0.0,0.0,🔴 FAILSAFE: TARGET LOST,,
1786033671.251,2026-08-06 23:27:51,MANUAL,True,-7.9262253,112.5948528,231.29,0.0,0.0,TRACKING_BUOY (MANUAL),0,-320
1786033671.362,2026-08-06 23:27:51,MANUAL,True,-7.9262253,112.5948525,231.29,0.0,0.0,TRACKING_BUOY (MANUAL),0,-320
1786033671.484,2026-08-06 23:27:51,MANUAL,True,-7.9262253,112.5948519,231.3,0.0,0.0,TRACKING_BUOY (MANUAL),0,-320
1786033671.608,2026-08-06 23:27:51,MANUAL,True,-7.9262253,112.5948519,231.3,0.0,0.0,TRACKING_BUOY (MANUAL),0,-320
1786033671.721,2026-08-06 23:27:51,MANUAL,True,-7.9262253,112.5948514,231.31,0.0,0.0,🔴 FAILSAFE: TARGET LOST,,
1786033671.839,2026-08-06 23:27:51,MANUAL,True,-7.9262253,112.5948511,231.3,0.0,0.0,🔴 FAILSAFE: TARGET LOST,,
1786033671.949,2026-08-06 23:27:51,MANUAL,True,-7.9262254,112.5948509,231.28,0.0,0.0,🔴 FAILSAFE: TARGET LOST,,
1786033672.062,2026-08-06 23:27:52,MANUAL,True,-7.9262254,112.5948505,231.27,0.0,0.0,🔴 FAILSAFE: TARGET LOST,,
1786033672.194,2026-08-06 23:27:52,MANUAL,True,-7.9262255,112.5948498,231.28,0.0,0.0,TRACKING_BUOY (MANUAL),4,-316
1786033672.312,2026-08-06 23:27:52,MANUAL,True,-7.9262255,112.5948494,231.27,0.0,0.0,TRACKING_BUOY (MANUAL),6,-314
1786033672.434,2026-08-06 23:27:52,MANUAL,True,-7.9262255,112.594849,231.29,0.0,0.0,TRACKING_BUOY (MANUAL),5,-315
1786033672.552,2026-08-06 23:27:52,MANUAL,True,-7.9262256,112.5948486,231.27,0.0,0.0,🔴 FAILSAFE: TARGET LOST,,
1786033672.679,2026-08-06 23:27:52,MANUAL,True,-7.9262256,112.5948483,231.26,0.0,0.0,TRACKING_BUOY,,
1786033672.809,2026-08-06 23:27:52,MANUAL,True,-7.9262256,112.5948475,231.25,0.0,0.0,GOTO_GPS,,
1786033672.929,2026-08-06 23:27:52,MANUAL,True,-7.9262255,112.5948472,231.26,0.0,0.0,GOTO_GPS,53,-267
1786033673.047,2026-08-06 23:27:53,MANUAL,True,-7.9262254,112.5948468,231.26,0.0,0.0,GOTO_GPS,53,-267
1786033673.169,2026-08-06 23:27:53,MANUAL,True,-7.9262253,112.5948465,231.27,0.0,0.0,GOTO_GPS,65,-255
1786033673.283,2026-08-06 23:27:53,MANUAL,True,-7.926225,112.594846,231.27,0.0,0.0,GOTO_GPS,71,-249
1786033673.422,2026-08-06 23:27:53,MANUAL,True,-7.9262248,112.5948456,231.27,0.0,0.0,GOTO_GPS,,
1786033673.540,2026-08-06 23:27:53,MANUAL,True,-7.9262246,112.5948453,231.28,0.0,0.0,GOTO_GPS,,
1786033673.663,2026-08-06 23:27:53,MANUAL,True,-7.9262244,112.594845,231.28,0.0,0.0,GOTO_GPS,624,304
1786033673.779,2026-08-06 23:27:53,MANUAL,True,-7.9262242,112.5948447,231.29,0.0,0.0,GOTO_GPS,610,290
1786033673.896,2026-08-06 23:27:53,MANUAL,True,-7.9262237,112.5948437,231.31,0.0,0.0,GOTO_GPS,274,-46
1786033674.011,2026-08-06 23:27:54,MANUAL,True,-7.9262234,112.5948432,231.32,0.0,0.0,GOTO_GPS,263,-57
1786033674.127,2026-08-06 23:27:54,MANUAL,True,-7.9262231,112.5948427,231.32,0.0,0.0,GOTO_GPS,262,-58
1786033674.240,2026-08-06 23:27:54,MANUAL,True,-7.926223,112.5948422,231.32,0.0,0.0,GOTO_GPS,264,-56
1786033674.355,2026-08-06 23:27:54,MANUAL,True,-7.9262228,112.5948418,231.32,0.0,0.0,GOTO_GPS,267,-53
1786033674.493,2026-08-06 23:27:54,MANUAL,True,-7.9262223,112.5948407,231.33,0.0,0.0,GOTO_GPS,274,-46
1786033674.642,2026-08-06 23:27:54,MANUAL,True,-7.9262219,112.5948399,231.34,0.0,0.0,GOTO_GPS,278,-42
1786033674.784,2026-08-06 23:27:54,MANUAL,True,-7.9262218,112.5948397,231.34,0.0,0.0,GOTO_GPS,280,-40
1786033674.979,2026-08-06 23:27:54,MANUAL,True,-7.9262212,112.5948389,231.34,0.0,0.0,GOTO_GPS,279,-41
1786033675.104,2026-08-06 23:27:55,MANUAL,True,-7.9262207,112.5948383,231.34,0.0,0.0,GOTO_GPS,280,-40
1786033675.219,2026-08-06 23:27:55,MANUAL,True,-7.9262204,112.594838,231.35,0.0,0.0,GOTO_GPS,282,-38
1786033675.334,2026-08-06 23:27:55,MANUAL,True,-7.9262202,112.5948377,231.34,0.0,0.0,GOTO_GPS,283,-37
1786033675.447,2026-08-06 23:27:55,MANUAL,True,-7.9262198,112.5948372,231.35,0.0,0.0,GOTO_GPS,286,-34
1786033675.570,2026-08-06 23:27:55,MANUAL,True,-7.9262196,112.5948369,231.35,0.0,0.0,GOTO_GPS,286,-34
1786033675.683,2026-08-06 23:27:55,MANUAL,True,-7.9262187,112.594836,231.36,0.0,0.0,GOTO_GPS,280,-40
1786033675.796,2026-08-06 23:27:55,MANUAL,True,-7.9262183,112.5948355,231.36,0.0,0.0,GOTO_GPS,268,-52
1786033675.913,2026-08-06 23:27:55,MANUAL,True,-7.926218,112.5948351,231.35,0.0,0.0,GOTO_GPS,258,-62
1786033676.026,2026-08-06 23:27:56,MANUAL,True,-7.9262176,112.5948348,231.34,0.0,0.0,GOTO_GPS,233,-87
1786033676.148,2026-08-06 23:27:56,MANUAL,True,-7.9262174,112.5948345,231.36,0.0,0.0,GOTO_GPS,216,-104
1786033676.261,2026-08-06 23:27:56,MANUAL,True,-7.9262171,112.5948342,231.36,0.0,0.0,GOTO_GPS,292,-28
1786033676.374,2026-08-06 23:27:56,MANUAL,True,-7.9262169,112.594834,231.35,0.0,0.0,GOTO_GPS,201,-119
1786033676.494,2026-08-06 23:27:56,MANUAL,True,-7.9262162,112.5948337,231.35,0.0,0.0,GOTO_GPS,203,-117
1786033676.607,2026-08-06 23:27:56,MANUAL,True,-7.9262162,112.5948337,231.35,0.0,0.0,GOTO_GPS,215,-105
1786033676.742,2026-08-06 23:27:56,MANUAL,True,-7.9262157,112.5948333,231.37,0.0,0.0,GOTO_GPS,233,-87
1786033676.857,2026-08-06 23:27:56,MANUAL,True,-7.9262153,112.5948331,231.37,0.0,0.0,GOTO_GPS,257,-63
1786033676.971,2026-08-06 23:27:56,MANUAL,True,-7.9262151,112.594833,231.37,0.0,0.0,GOTO_GPS,266,-54
1786033677.095,2026-08-06 23:27:57,MANUAL,True,-7.9262147,112.5948326,231.37,0.0,0.0,GOTO_GPS,284,-36
1786033677.212,2026-08-06 23:27:57,MANUAL,True,-7.9262146,112.5948326,231.37,0.0,0.0,GOTO_GPS,300,-20
1786033677.326,2026-08-06 23:27:57,MANUAL,True,-7.9262145,112.5948326,231.38,0.0,0.0,GOTO_GPS,314,-6
1786033677.445,2026-08-06 23:27:57,MANUAL,True,-7.9262144,112.5948325,231.36,0.0,0.0,GOTO_GPS,318,-2
1786033677.566,2026-08-06 23:27:57,MANUAL,True,-7.9262144,112.5948324,231.36,0.0,0.0,GOTO_GPS,324,4
1786033677.685,2026-08-06 23:27:57,MANUAL,True,-7.9262144,112.5948322,231.37,0.0,0.0,GOTO_GPS,329,9
1786033677.796,2026-08-06 23:27:57,MANUAL,True,-7.9262143,112.594832,231.38,0.0,0.0,GOTO_GPS,334,14
1786033677.914,2026-08-06 23:27:57,MANUAL,True,-7.9262143,112.5948319,231.37,0.0,0.0,GOTO_GPS,338,18
1786033678.026,2026-08-06 23:27:58,MANUAL,True,-7.9262141,112.5948317,231.37,0.0,0.0,GOTO_GPS,341,21
1786033678.146,2026-08-06 23:27:58,MANUAL,True,-7.9262141,112.5948315,231.38,0.0,0.0,GOTO_GPS,348,28
1786033678.262,2026-08-06 23:27:58,MANUAL,True,-7.926214,112.5948314,231.38,0.0,0.0,GOTO_GPS,354,34
1786033678.378,2026-08-06 23:27:58,MANUAL,True,-7.926214,112.5948313,231.38,0.0,0.0,GOTO_GPS,358,38
1786033678.496,2026-08-06 23:27:58,MANUAL,True,-7.926214,112.5948314,231.38,0.0,0.0,GOTO_GPS,365,45
1786033678.623,2026-08-06 23:27:58,MANUAL,True,-7.9262139,112.5948315,231.38,0.0,0.0,GOTO_GPS,373,53
1786033678.765,2026-08-06 23:27:58,MANUAL,True,-7.9262139,112.5948315,231.39,0.0,0.0,GOTO_GPS,381,61
1786033678.881,2026-08-06 23:27:58,MANUAL,True,-7.9262138,112.5948318,231.41,0.0,0.0,GOTO_GPS,388,68
1786033678.994,2026-08-06 23:27:58,MANUAL,True,-7.9262137,112.594832,231.41,0.0,0.0,GOTO_GPS,395,75
1786033679.113,2026-08-06 23:27:59,MANUAL,True,-7.9262137,112.5948321,231.42,0.0,0.0,GOTO_GPS,400,80
1786033679.229,2026-08-06 23:27:59,MANUAL,True,-7.9262137,112.5948323,231.41,0.0,0.0,GOTO_GPS,403,83
1786033679.347,2026-08-06 23:27:59,MANUAL,True,-7.9262137,112.5948324,231.42,0.0,0.0,GOTO_GPS,409,89
1786033679.494,2026-08-06 23:27:59,MANUAL,True,-7.9262137,112.594833,231.43,0.0,0.0,GOTO_GPS,416,96
1786033679.679,2026-08-06 23:27:59,MANUAL,True,-7.9262136,112.5948335,231.42,0.0,0.0,GOTO_GPS,420,100
1786033679.792,2026-08-06 23:27:59,MANUAL,True,-7.9262135,112.5948337,231.44,0.0,0.0,GOTO_GPS,427,107
1786033679.909,2026-08-06 23:27:59,MANUAL,True,-7.9262134,112.5948339,231.45,0.0,0.0,GOTO_GPS,429,109
1786033680.026,2026-08-06 23:28:00,MANUAL,True,-7.9262133,112.594834,231.45,0.0,0.0,GOTO_GPS,432,112
1786033680.140,2026-08-06 23:28:00,MANUAL,True,-7.9262132,112.5948341,231.46,0.0,0.0,GOTO_GPS,438,118
1786033680.254,2026-08-06 23:28:00,MANUAL,True,-7.926213,112.5948342,231.46,0.0,0.0,GOTO_GPS,441,121
1786033680.366,2026-08-06 23:28:00,MANUAL,True,-7.9262129,112.5948342,231.46,0.0,0.0,GOTO_GPS,442,122
1786033680.497,2026-08-06 23:28:00,MANUAL,True,-7.9262126,112.5948344,231.45,0.0,0.0,GOTO_GPS,447,127
1786033680.612,2026-08-06 23:28:00,MANUAL,True,-7.9262126,112.5948344,231.45,0.0,0.0,GOTO_GPS,452,132
1786033680.728,2026-08-06 23:28:00,MANUAL,True,-7.9262124,112.5948345,231.43,0.0,0.0,GOTO_GPS,455,135
1786033680.857,2026-08-06 23:28:00,MANUAL,True,-7.9262122,112.5948346,231.44,0.0,0.0,GOTO_GPS,640,320
1786033680.972,2026-08-06 23:28:00,MANUAL,True,-7.9262121,112.5948347,231.44,0.0,0.0,GOTO_GPS,640,320
1786033681.088,2026-08-06 23:28:01,MANUAL,True,-7.9262119,112.5948348,231.44,0.0,0.0,GOTO_GPS,640,320
1786033681.205,2026-08-06 23:28:01,MANUAL,True,-7.9262117,112.594835,231.41,0.0,0.0,GOTO_GPS,640,320
1786033681.318,2026-08-06 23:28:01,MANUAL,True,-7.9262116,112.594835,231.42,0.0,0.0,GOTO_GPS,448,128
1786033681.442,2026-08-06 23:28:01,MANUAL,True,-7.9262115,112.5948352,231.42,0.0,0.0,GOTO_GPS,437,117
1786033681.566,2026-08-06 23:28:01,MANUAL,True,-7.9262115,112.5948353,231.43,0.0,0.0,GOTO_GPS,640,320
1786033681.683,2026-08-06 23:28:01,MANUAL,True,-7.9262111,112.5948355,231.42,0.0,0.0,GOTO_GPS,382,62
1786033681.822,2026-08-06 23:28:01,MANUAL,True,-7.9262108,112.5948355,231.43,0.0,0.0,GOTO_GPS,350,30
1786033681.936,2026-08-06 23:28:01,MANUAL,True,-7.9262106,112.5948355,231.41,0.0,0.0,GOTO_GPS,323,3
1786033682.058,2026-08-06 23:28:02,MANUAL,True,-7.9262104,112.5948357,231.4,0.0,0.0,GOTO_GPS,297,-23
1786033682.180,2026-08-06 23:28:02,MANUAL,True,-7.9262102,112.5948357,231.41,0.0,0.0,GOTO_GPS,286,-34
1786033682.299,2026-08-06 23:28:02,MANUAL,True,-7.9262096,112.5948355,231.43,0.0,0.0,GOTO_GPS,265,-55
1786033682.412,2026-08-06 23:28:02,MANUAL,True,-7.9262094,112.5948352,231.45,0.0,0.0,GOTO_GPS,249,-71
1786033682.533,2026-08-06 23:28:02,MANUAL,True,-7.9262091,112.5948351,231.46,0.0,0.0,GOTO_GPS,236,-84
1786033682.658,2026-08-06 23:28:02,MANUAL,True,-7.9262086,112.5948348,231.47,0.0,0.0,GOTO_GPS,225,-95
1786033682.773,2026-08-06 23:28:02,MANUAL,True,-7.9262084,112.5948347,231.47,0.0,0.0,GOTO_GPS,222,-98
1786033682.889,2026-08-06 23:28:02,MANUAL,True,-7.9262081,112.5948346,231.48,0.0,0.0,GOTO_GPS,218,-102
1786033683.005,2026-08-06 23:28:03,MANUAL,True,-7.9262077,112.5948344,231.48,0.0,0.0,GOTO_GPS,214,-106
1786033683.117,2026-08-06 23:28:03,MANUAL,True,-7.9262074,112.5948343,231.49,0.0,0.0,GOTO_GPS,216,-104
1786033683.227,2026-08-06 23:28:03,MANUAL,True,-7.9262072,112.5948342,231.5,0.0,0.0,GOTO_GPS,226,-94
1786033683.339,2026-08-06 23:28:03,MANUAL,True,-7.926207,112.5948342,231.5,0.0,0.0,GOTO_GPS,622,302
1786033683.473,2026-08-06 23:28:03,MANUAL,True,-7.9262066,112.594834,231.51,0.0,0.0,GOTO_GPS,7,-313
1786033683.586,2026-08-06 23:28:03,MANUAL,True,-7.9262065,112.5948339,231.5,0.0,0.0,GOTO_GPS,1,-319
1786033683.707,2026-08-06 23:28:03,MANUAL,True,-7.9262064,112.594834,231.53,0.0,0.0,GOTO_GPS,0,-320
1786033683.824,2026-08-06 23:28:03,MANUAL,True,-7.9262062,112.5948339,231.53,0.0,0.0,GOTO_GPS,187,-133
1786033683.938,2026-08-06 23:28:03,MANUAL,True,-7.9262062,112.5948339,231.52,0.0,0.0,GOTO_GPS,21,-299
1786033684.049,2026-08-06 23:28:04,MANUAL,True,-7.9262061,112.5948339,231.51,0.0,0.0,GOTO_GPS,37,-283
1786033684.159,2026-08-06 23:28:04,MANUAL,True,-7.926206,112.5948339,231.51,0.0,0.0,GOTO_GPS,44,-276
1786033684.275,2026-08-06 23:28:04,MANUAL,True,-7.9262056,112.5948337,231.52,0.0,0.0,GOTO_GPS,61,-259
1786033684.386,2026-08-06 23:28:04,MANUAL,True,-7.9262056,112.5948337,231.52,0.0,0.0,GOTO_GPS,66,-254
1786033684.508,2026-08-06 23:28:04,MANUAL,True,-7.9262054,112.5948332,231.53,0.0,0.0,GOTO_GPS,68,-252
1786033684.628,2026-08-06 23:28:04,MANUAL,True,-7.9262053,112.594833,231.55,0.0,0.0,GOTO_GPS,73,-247
1786033684.740,2026-08-06 23:28:04,MANUAL,True,-7.9262053,112.594833,231.55,0.0,0.0,GOTO_GPS,78,-242
1786033684.852,2026-08-06 23:28:04,MANUAL,True,-7.9262051,112.5948324,231.55,0.0,0.0,GOTO_GPS,79,-241
1786033684.975,2026-08-06 23:28:04,MANUAL,True,-7.926205,112.594832,231.55,0.0,0.0,GOTO_GPS,79,-241
1786033685.103,2026-08-06 23:28:05,MANUAL,True,-7.9262048,112.5948312,231.57,0.0,0.0,GOTO_GPS,80,-240
1786033685.226,2026-08-06 23:28:05,MANUAL,True,-7.9262048,112.5948307,231.58,0.0,0.0,GOTO_GPS,79,-241
1786033685.343,2026-08-06 23:28:05,MANUAL,True,-7.9262049,112.5948302,231.58,0.0,0.0,GOTO_GPS,81,-239
1786033685.467,2026-08-06 23:28:05,MANUAL,True,-7.9262051,112.5948297,231.59,0.0,0.0,GOTO_GPS,82,-238
1786033685.580,2026-08-06 23:28:05,MANUAL,True,-7.9262052,112.5948291,231.59,0.0,0.0,GOTO_GPS,81,-239
1786033685.694,2026-08-06 23:28:05,MANUAL,True,-7.9262055,112.5948278,231.58,0.0,0.0,GOTO_GPS,79,-241
1786033685.813,2026-08-06 23:28:05,MANUAL,True,-7.9262057,112.5948274,231.59,0.0,0.0,GOTO_GPS,104,-216
1786033685.928,2026-08-06 23:28:05,MANUAL,True,-7.926206,112.5948269,231.6,0.0,0.0,GOTO_GPS,,
1786033686.041,2026-08-06 23:28:06,MANUAL,True,-7.9262062,112.5948265,231.61,0.0,0.0,GOTO_GPS,,
1786033686.151,2026-08-06 23:28:06,MANUAL,True,-7.9262064,112.5948262,231.62,0.0,0.0,GOTO_GPS,,
1786033686.263,2026-08-06 23:28:06,MANUAL,True,-7.9262067,112.5948255,231.63,0.0,0.0,GOTO_GPS,,
1786033686.375,2026-08-06 23:28:06,MANUAL,True,-7.9262069,112.5948249,231.64,0.0,0.0,GOTO_GPS,98,-222
1786033686.504,2026-08-06 23:28:06,MANUAL,True,-7.9262074,112.5948235,231.64,0.0,0.0,GOTO_GPS,97,-223
1786033686.636,2026-08-06 23:28:06,MANUAL,True,-7.9262077,112.5948227,231.62,0.0,0.0,GOTO_GPS,93,-227
1786033686.755,2026-08-06 23:28:06,MANUAL,True,-7.9262079,112.5948224,231.62,0.0,0.0,GOTO_GPS,99,-221
1786033686.920,2026-08-06 23:28:06,MANUAL,True,-7.9262085,112.5948215,231.65,0.0,0.0,GOTO_GPS,,
1786033687.047,2026-08-06 23:28:07,MANUAL,True,-7.9262088,112.594821,231.65,0.0,0.0,GOTO_GPS,99,-221
1786033687.164,2026-08-06 23:28:07,MANUAL,True,-7.9262091,112.5948206,231.65,0.0,0.0,GOTO_GPS,99,-221
1786033687.283,2026-08-06 23:28:07,MANUAL,True,-7.9262094,112.5948201,231.65,0.0,0.0,GOTO_GPS,99,-221
1786033687.401,2026-08-06 23:28:07,MANUAL,True,-7.9262102,112.5948193,231.62,0.0,0.0,GOTO_GPS,100,-220
1786033687.537,2026-08-06 23:28:07,MANUAL,True,-7.9262105,112.5948189,231.63,0.0,0.0,GOTO_GPS,99,-221
1786033687.655,2026-08-06 23:28:07,MANUAL,True,-7.9262109,112.5948186,231.62,0.0,0.0,GOTO_GPS,99,-221
1786033687.769,2026-08-06 23:28:07,MANUAL,True,-7.9262113,112.5948183,231.61,0.0,0.0,GOTO_GPS,,
1786033687.891,2026-08-06 23:28:07,MANUAL,True,-7.9262119,112.5948174,231.62,0.0,0.0,GOTO_GPS,101,-219
1786033688.079,2026-08-06 23:28:08,MANUAL,True,-7.9262121,112.5948169,231.63,0.0,0.0,GOTO_GPS,105,-215
1786033688.296,2026-08-06 23:28:08,MANUAL,True,-7.9262129,112.5948153,231.64,0.0,0.0,GOTO_GPS,97,-223
1786033688.479,2026-08-06 23:28:08,MANUAL,True,-7.9262132,112.5948147,231.64,0.0,0.0,GOTO_GPS,99,-221
1786033688.626,2026-08-06 23:28:08,MANUAL,True,-7.9262138,112.5948134,231.64,0.0,0.0,GOTO_GPS,100,-220
1786033688.777,2026-08-06 23:28:08,MANUAL,True,-7.9262141,112.594813,231.64,0.0,0.0,GOTO_GPS,98,-222
1786033688.914,2026-08-06 23:28:08,MANUAL,True,-7.9262148,112.5948121,231.63,0.0,0.0,GOTO_GPS,101,-219
1786033689.195,2026-08-06 23:28:09,MANUAL,True,-7.9262165,112.5948112,231.63,0.0,0.0,GOTO_GPS,102,-218
1786033689.477,2026-08-06 23:28:09,MANUAL,True,-7.9262176,112.5948107,231.64,0.0,0.0,GOTO_GPS,100,-220
1786033689.796,2026-08-06 23:28:09,MANUAL,True,-7.9262193,112.5948096,231.66,0.0,0.0,GOTO_GPS,105,-215
1786033689.992,2026-08-06 23:28:09,MANUAL,True,-7.9262201,112.5948091,231.66,0.0,0.0,GOTO_GPS,102,-218
1786033690.148,2026-08-06 23:28:10,MANUAL,True,-7.9262205,112.5948089,231.66,0.0,0.0,GOTO_GPS,101,-219
1786033690.274,2026-08-06 23:28:10,MANUAL,True,-7.926221,112.5948086,231.67,0.0,0.0,GOTO_GPS,102,-218
1786033690.471,2026-08-06 23:28:10,MANUAL,True,-7.9262217,112.5948081,231.7,0.0,0.0,GOTO_GPS,102,-218
1786033690.632,2026-08-06 23:28:10,MANUAL,True,-7.9262223,112.5948075,231.7,0.0,0.0,GOTO_GPS,101,-219
1786033690.775,2026-08-06 23:28:10,MANUAL,True,-7.9262225,112.5948072,231.69,0.0,0.0,GOTO_GPS,101,-219
1786033690.904,2026-08-06 23:28:10,MANUAL,True,-7.9262229,112.5948066,231.71,0.0,0.0,GOTO_GPS,102,-218
1786033691.023,2026-08-06 23:28:11,MANUAL,True,-7.9262231,112.5948064,231.72,0.0,0.0,GOTO_GPS,102,-218
1786033691.160,2026-08-06 23:28:11,MANUAL,True,-7.9262233,112.5948062,231.73,0.0,0.0,GOTO_GPS,102,-218
1786033691.292,2026-08-06 23:28:11,MANUAL,True,-7.9262235,112.5948057,231.74,0.0,0.0,GOTO_GPS,101,-219
1786033691.447,2026-08-06 23:28:11,MANUAL,True,-7.9262237,112.5948055,231.75,0.0,0.0,GOTO_GPS,104,-216
1786033691.577,2026-08-06 23:28:11,MANUAL,True,-7.926224,112.5948054,231.76,0.0,0.0,GOTO_GPS,101,-219
1786033691.698,2026-08-06 23:28:11,MANUAL,True,-7.9262244,112.5948052,231.76,0.0,0.0,GOTO_GPS,100,-220
1786033691.813,2026-08-06 23:28:11,MANUAL,True,-7.9262247,112.5948051,231.75,0.0,0.0,GOTO_GPS,102,-218
1786033691.963,2026-08-06 23:28:11,MANUAL,True,-7.926225,112.5948051,231.75,0.0,0.0,GOTO_GPS,101,-219
1786033692.076,2026-08-06 23:28:12,MANUAL,True,-7.9262254,112.5948051,231.73,0.0,0.0,GOTO_GPS,102,-218
1786033692.216,2026-08-06 23:28:12,MANUAL,True,-7.926226,112.594805,231.71,0.0,0.0,GOTO_GPS,108,-212
1786033692.350,2026-08-06 23:28:12,MANUAL,True,-7.9262263,112.594805,231.72,0.0,0.0,GOTO_GPS,101,-219
1786033692.472,2026-08-06 23:28:12,MANUAL,True,-7.9262266,112.5948051,231.72,0.0,0.0,GOTO_GPS,102,-218
1786033692.589,2026-08-06 23:28:12,MANUAL,True,-7.9262268,112.5948052,231.73,0.0,0.0,GOTO_GPS,102,-218
1786033692.724,2026-08-06 23:28:12,MANUAL,True,-7.9262271,112.5948053,231.74,0.0,0.0,GOTO_GPS,101,-219
1786033692.847,2026-08-06 23:28:12,MANUAL,True,-7.9262272,112.5948053,231.74,0.0,0.0,GOTO_GPS,102,-218
1786033692.962,2026-08-06 23:28:12,MANUAL,True,-7.9262274,112.5948055,231.75,0.0,0.0,GOTO_GPS,101,-219
1786033693.095,2026-08-06 23:28:13,MANUAL,True,-7.9262277,112.5948056,231.75,0.0,0.0,GOTO_GPS,102,-218
1786033693.222,2026-08-06 23:28:13,MANUAL,True,-7.9262282,112.5948057,231.75,0.0,0.0,GOTO_GPS,102,-218
1786033693.340,2026-08-06 23:28:13,MANUAL,True,-7.9262286,112.5948056,231.75,0.0,0.0,GOTO_GPS,102,-218
1786033693.461,2026-08-06 23:28:13,MANUAL,True,-7.9262289,112.5948055,231.77,0.0,0.0,GOTO_GPS,102,-218
1786033693.594,2026-08-06 23:28:13,MANUAL,True,-7.9262295,112.5948052,231.77,0.0,0.0,GOTO_GPS,105,-215
1786033693.709,2026-08-06 23:28:13,MANUAL,True,-7.9262297,112.5948048,231.79,0.0,0.0,GOTO_GPS,104,-216
1786033693.823,2026-08-06 23:28:13,MANUAL,True,-7.92623,112.5948044,231.79,0.0,0.0,GOTO_GPS,103,-217
1786033693.946,2026-08-06 23:28:13,MANUAL,True,-7.9262303,112.5948042,231.78,0.0,0.0,GOTO_GPS,104,-216
1786033694.068,2026-08-06 23:28:14,MANUAL,True,-7.9262307,112.5948039,231.78,0.0,0.0,GOTO_GPS,104,-216
1786033694.182,2026-08-06 23:28:14,MANUAL,True,-7.9262311,112.5948036,231.79,0.0,0.0,GOTO_GPS,103,-217
1786033694.296,2026-08-06 23:28:14,MANUAL,True,-7.926232,112.5948033,231.81,0.0,0.0,GOTO_GPS,102,-218
1786033694.423,2026-08-06 23:28:14,MANUAL,True,-7.9262325,112.5948033,231.81,0.0,0.0,GOTO_GPS,103,-217
1786033694.551,2026-08-06 23:28:14,MANUAL,True,-7.926233,112.5948032,231.81,0.0,0.0,GOTO_GPS,104,-216
1786033694.667,2026-08-06 23:28:14,MANUAL,True,-7.9262335,112.5948033,231.81,0.0,0.0,GOTO_GPS,103,-217
1786033694.784,2026-08-06 23:28:14,MANUAL,True,-7.9262338,112.5948034,231.82,0.0,0.0,GOTO_GPS,105,-215
1786033694.902,2026-08-06 23:28:14,MANUAL,True,-7.9262346,112.5948036,231.82,0.0,0.0,GOTO_GPS,103,-217
1786033695.026,2026-08-06 23:28:15,MANUAL,True,-7.926235,112.5948037,231.83,0.0,0.0,GOTO_GPS,103,-217
1786033695.149,2026-08-06 23:28:15,MANUAL,True,-7.9262353,112.5948038,231.83,0.0,0.0,GOTO_GPS,102,-218
1786033695.267,2026-08-06 23:28:15,MANUAL,True,-7.9262357,112.5948039,231.83,0.0,0.0,GOTO_GPS,103,-217
1786033695.396,2026-08-06 23:28:15,MANUAL,True,-7.9262365,112.5948041,231.81,0.0,0.0,GOTO_GPS,109,-211
1786033695.550,2026-08-06 23:28:15,MANUAL,True,-7.926237,112.5948043,231.82,0.0,0.0,GOTO_GPS,102,-218
1786033695.694,2026-08-06 23:28:15,MANUAL,True,-7.9262378,112.5948045,231.81,0.0,0.0,GOTO_GPS,103,-217
1786033695.811,2026-08-06 23:28:15,MANUAL,True,-7.9262381,112.5948045,231.82,0.0,0.0,GOTO_GPS,105,-215
1786033695.931,2026-08-06 23:28:15,MANUAL,True,-7.9262383,112.5948045,231.82,0.0,0.0,GOTO_GPS,104,-216
1786033696.046,2026-08-06 23:28:16,MANUAL,True,-7.9262385,112.5948045,231.82,0.0,0.0,GOTO_GPS,105,-215
1786033696.163,2026-08-06 23:28:16,MANUAL,True,-7.9262388,112.5948045,231.82,0.0,0.0,GOTO_GPS,105,-215
1786033696.281,2026-08-06 23:28:16,MANUAL,True,-7.926239,112.5948044,231.83,0.0,0.0,GOTO_GPS,105,-215
1786033696.397,2026-08-06 23:28:16,MANUAL,True,-7.9262393,112.5948042,231.84,0.0,0.0,GOTO_GPS,106,-214
1786033696.517,2026-08-06 23:28:16,MANUAL,True,-7.9262394,112.5948041,231.84,0.0,0.0,GOTO_GPS,105,-215
1786033696.668,2026-08-06 23:28:16,MANUAL,True,-7.9262394,112.594804,231.85,0.0,0.0,GOTO_GPS,,
1786033696.797,2026-08-06 23:28:16,MANUAL,True,-7.9262399,112.5948039,231.85,0.0,0.0,GOTO_GPS,,
1786033696.943,2026-08-06 23:28:16,MANUAL,True,-7.9262401,112.594804,231.85,0.0,0.0,GOTO_GPS,,
1786033697.202,2026-08-06 23:28:17,MANUAL,True,-7.9262411,112.5948043,231.84,0.0,0.0,GOTO_GPS,107,-213
1786033697.322,2026-08-06 23:28:17,MANUAL,True,-7.9262413,112.5948045,231.84,0.0,0.0,GOTO_GPS,,
1786033697.439,2026-08-06 23:28:17,MANUAL,True,-7.9262415,112.5948045,231.85,0.0,0.0,GOTO_GPS,,
1786033697.563,2026-08-06 23:28:17,MANUAL,True,-7.9262417,112.5948046,231.85,0.0,0.0,GOTO_GPS,,
1786033697.679,2026-08-06 23:28:17,MANUAL,True,-7.926242,112.5948047,231.84,0.0,0.0,GOTO_GPS,110,-210
1786033697.801,2026-08-06 23:28:17,MANUAL,True,-7.9262422,112.5948046,231.85,0.0,0.0,GOTO_GPS,110,-210
1786033697.916,2026-08-06 23:28:17,MANUAL,True,-7.9262423,112.5948046,231.85,0.0,0.0,GOTO_GPS,107,-213
1786033698.029,2026-08-06 23:28:18,MANUAL,True,-7.9262424,112.5948045,231.86,0.0,0.0,GOTO_GPS,,
1786033698.144,2026-08-06 23:28:18,MANUAL,True,-7.9262426,112.5948044,231.87,0.0,0.0,GOTO_GPS,109,-211
1786033698.257,2026-08-06 23:28:18,MANUAL,True,-7.9262427,112.5948044,231.85,0.0,0.0,GOTO_GPS,,
1786033698.369,2026-08-06 23:28:18,MANUAL,True,-7.9262429,112.5948044,231.87,0.0,0.0,GOTO_GPS,,
1786033698.489,2026-08-06 23:28:18,MANUAL,True,-7.9262431,112.5948044,231.86,0.0,0.0,GOTO_GPS,,
1786033698.615,2026-08-06 23:28:18,MANUAL,True,-7.9262435,112.5948044,231.86,0.0,0.0,GOTO_GPS,107,-213
1786033698.735,2026-08-06 23:28:18,MANUAL,True,-7.9262443,112.5948044,231.87,0.0,0.0,GOTO_GPS,,
1786033698.881,2026-08-06 23:28:18,MANUAL,True,-7.9262447,112.5948044,231.86,0.0,0.0,GOTO_GPS,,
1786033698.996,2026-08-06 23:28:18,MANUAL,True,-7.9262452,112.5948044,231.85,0.0,0.0,GOTO_GPS,109,-211
1786033699.115,2026-08-06 23:28:19,MANUAL,True,-7.9262454,112.5948043,231.85,0.0,0.0,GOTO_GPS,,
1786033699.238,2026-08-06 23:28:19,MANUAL,True,-7.9262456,112.594804,231.87,0.0,0.0,GOTO_GPS,,
1786033699.353,2026-08-06 23:28:19,MANUAL,True,-7.9262458,112.5948039,231.87,0.0,0.0,GOTO_GPS,106,-214
1786033699.474,2026-08-06 23:28:19,MANUAL,True,-7.9262459,112.5948037,231.88,0.0,0.0,GOTO_GPS,,
1786033699.589,2026-08-06 23:28:19,MANUAL,True,-7.9262462,112.5948033,231.89,0.0,0.0,GOTO_GPS,105,-215
1786033699.707,2026-08-06 23:28:19,MANUAL,True,-7.9262464,112.5948032,231.9,0.0,0.0,GOTO_GPS,106,-214
1786033699.828,2026-08-06 23:28:19,MANUAL,True,-7.9262467,112.5948031,231.9,0.0,0.0,GOTO_GPS,,
1786033699.943,2026-08-06 23:28:19,MANUAL,True,-7.9262469,112.5948031,231.9,0.0,0.0,GOTO_GPS,,
1786033700.059,2026-08-06 23:28:20,MANUAL,True,-7.926247,112.594803,231.9,0.0,0.0,GOTO_GPS,105,-215
1786033700.181,2026-08-06 23:28:20,MANUAL,True,-7.9262472,112.5948029,231.88,0.0,0.0,GOTO_GPS,105,-215
1786033700.300,2026-08-06 23:28:20,MANUAL,True,-7.9262474,112.5948025,231.88,0.0,0.0,GOTO_GPS,106,-214
1786033700.418,2026-08-06 23:28:20,MANUAL,True,-7.9262475,112.5948024,231.89,0.0,0.0,GOTO_GPS,,
1786033700.540,2026-08-06 23:28:20,MANUAL,True,-7.9262476,112.5948023,231.89,0.0,0.0,GOTO_GPS,105,-215
1786033700.653,2026-08-06 23:28:20,MANUAL,True,-7.9262477,112.5948022,231.91,0.0,0.0,GOTO_GPS,105,-215
1786033700.778,2026-08-06 23:28:20,MANUAL,True,-7.9262478,112.5948023,231.92,0.0,0.0,GOTO_GPS,106,-214
1786033700.913,2026-08-06 23:28:20,MANUAL,True,-7.9262481,112.5948025,231.91,0.0,0.0,GOTO_GPS,105,-215
1786033701.028,2026-08-06 23:28:21,MANUAL,True,-7.9262482,112.5948028,231.92,0.0,0.0,GOTO_GPS,104,-216
1786033701.148,2026-08-06 23:28:21,MANUAL,True,-7.9262483,112.5948029,231.93,0.0,0.0,GOTO_GPS,,
1786033701.273,2026-08-06 23:28:21,MANUAL,True,-7.9262482,112.5948029,231.94,0.0,0.0,GOTO_GPS,,
1786033701.387,2026-08-06 23:28:21,MANUAL,True,-7.9262481,112.594803,231.95,0.0,0.0,GOTO_GPS,,
1786033701.505,2026-08-06 23:28:21,MANUAL,True,-7.926248,112.5948033,231.97,0.0,0.0,GOTO_GPS,,
1786033701.620,2026-08-06 23:28:21,MANUAL,True,-7.926248,112.5948033,231.97,0.0,0.0,GOTO_GPS,,
1786033701.737,2026-08-06 23:28:21,MANUAL,True,-7.926248,112.5948038,231.97,0.0,0.0,GOTO_GPS,,
1786033701.859,2026-08-06 23:28:21,MANUAL,True,-7.9262481,112.5948041,231.97,0.0,0.0,GOTO_GPS,,
1786033701.978,2026-08-06 23:28:21,MANUAL,True,-7.9262481,112.5948043,231.98,0.0,0.0,GOTO_GPS,,
1786033702.100,2026-08-06 23:28:22,MANUAL,True,-7.9262481,112.5948045,231.97,0.0,0.0,GOTO_GPS,107,-213
1786033702.218,2026-08-06 23:28:22,MANUAL,True,-7.9262481,112.5948047,231.98,0.0,0.0,GOTO_GPS,107,-213
1786033702.352,2026-08-06 23:28:22,MANUAL,True,-7.9262482,112.5948049,231.98,0.0,0.0,GOTO_GPS,,
1786033702.485,2026-08-06 23:28:22,MANUAL,True,-7.9262484,112.5948051,232.0,0.0,0.0,GOTO_GPS,110,-210
1786033702.598,2026-08-06 23:28:22,MANUAL,True,-7.9262487,112.5948056,232.01,0.0,0.0,GOTO_GPS,,
1786033702.717,2026-08-06 23:28:22,MANUAL,True,-7.926249,112.5948059,231.99,0.0,0.0,GOTO_GPS,108,-212
1786033702.839,2026-08-06 23:28:22,MANUAL,True,-7.9262492,112.5948061,232.0,0.0,0.0,GOTO_GPS,,
1786033702.955,2026-08-06 23:28:22,MANUAL,True,-7.9262493,112.5948063,232.0,0.0,0.0,GOTO_GPS,110,-210
1786033703.072,2026-08-06 23:28:23,MANUAL,True,-7.9262495,112.5948064,232.0,0.0,0.0,GOTO_GPS,112,-208
1786033703.191,2026-08-06 23:28:23,MANUAL,True,-7.9262498,112.5948068,232.02,0.0,0.0,GOTO_GPS,111,-209
1786033703.308,2026-08-06 23:28:23,MANUAL,True,-7.9262499,112.594807,232.02,0.0,0.0,GOTO_GPS,111,-209
1786033703.422,2026-08-06 23:28:23,MANUAL,True,-7.92625,112.5948073,232.02,0.0,0.0,GOTO_GPS,111,-209
1786033703.536,2026-08-06 23:28:23,MANUAL,True,-7.92625,112.5948076,232.02,0.0,0.0,GOTO_GPS,109,-211
1786033703.661,2026-08-06 23:28:23,MANUAL,True,-7.92625,112.5948079,232.03,0.0,0.0,GOTO_GPS,109,-211
1786033703.782,2026-08-06 23:28:23,MANUAL,True,-7.9262501,112.5948083,232.03,0.0,0.0,GOTO_GPS,109,-211
1786033703.908,2026-08-06 23:28:23,MANUAL,True,-7.9262502,112.5948089,232.03,0.0,0.0,GOTO_GPS,109,-211
1786033704.029,2026-08-06 23:28:24,MANUAL,True,-7.9262502,112.5948092,232.03,0.0,0.0,GOTO_GPS,,
1786033704.152,2026-08-06 23:28:24,MANUAL,True,-7.9262502,112.5948096,232.03,0.0,0.0,GOTO_GPS,,
1786033704.271,2026-08-06 23:28:24,MANUAL,True,-7.9262501,112.5948099,232.03,0.0,0.0,GOTO_GPS,109,-211
1786033704.381,2026-08-06 23:28:24,MANUAL,True,-7.92625,112.5948103,232.03,0.0,0.0,GOTO_GPS,110,-210
1786033704.492,2026-08-06 23:28:24,MANUAL,True,-7.9262499,112.5948112,232.04,0.0,0.0,GOTO_GPS,,
1786033704.604,2026-08-06 23:28:24,MANUAL,True,-7.9262499,112.5948112,232.04,0.0,0.0,GOTO_GPS,,
1786033704.726,2026-08-06 23:28:24,MANUAL,True,-7.9262495,112.594812,232.05,0.0,0.0,GOTO_GPS,,
1786033704.840,2026-08-06 23:28:24,MANUAL,True,-7.9262493,112.5948124,232.06,0.0,0.0,GOTO_GPS,,
1786033704.953,2026-08-06 23:28:24,MANUAL,True,-7.9262491,112.5948129,232.06,0.0,0.0,GOTO_GPS,106,-214
1786033705.072,2026-08-06 23:28:25,MANUAL,True,-7.926249,112.5948133,232.08,0.0,0.0,GOTO_GPS,,
1786033705.184,2026-08-06 23:28:25,MANUAL,True,-7.9262489,112.5948138,232.07,0.0,0.0,GOTO_GPS,,
1786033705.295,2026-08-06 23:28:25,MANUAL,True,-7.9262487,112.5948148,232.09,0.0,0.0,GOTO_GPS,104,-216
1786033705.408,2026-08-06 23:28:25,MANUAL,True,-7.9262486,112.5948153,232.1,0.0,0.0,GOTO_GPS,,
1786033705.531,2026-08-06 23:28:25,MANUAL,True,-7.9262485,112.5948156,232.1,0.0,0.0,GOTO_GPS,,
1786033705.648,2026-08-06 23:28:25,MANUAL,True,-7.9262484,112.5948159,232.11,0.0,0.0,GOTO_GPS,104,-216
1786033705.771,2026-08-06 23:28:25,MANUAL,True,-7.9262483,112.5948163,232.1,0.0,0.0,GOTO_GPS,106,-214
1786033705.886,2026-08-06 23:28:25,MANUAL,True,-7.9262482,112.5948167,232.11,0.0,0.0,GOTO_GPS,106,-214
1786033706.002,2026-08-06 23:28:26,MANUAL,True,-7.9262481,112.5948175,232.12,0.0,0.0,GOTO_GPS,107,-213
1786033706.117,2026-08-06 23:28:26,MANUAL,True,-7.9262481,112.5948179,232.11,0.0,0.0,GOTO_GPS,108,-212
1786033706.229,2026-08-06 23:28:26,MANUAL,True,-7.9262481,112.5948182,232.11,0.0,0.0,GOTO_GPS,109,-211
1786033706.353,2026-08-06 23:28:26,MANUAL,True,-7.926248,112.5948185,232.1,0.0,0.0,GOTO_GPS,110,-210
1786033706.498,2026-08-06 23:28:26,MANUAL,True,-7.9262478,112.594819,232.1,0.0,0.0,GOTO_GPS,,
1786033706.626,2026-08-06 23:28:26,MANUAL,True,-7.9262477,112.5948195,232.11,0.0,0.0,GOTO_GPS,,
1786033706.739,2026-08-06 23:28:26,MANUAL,True,-7.9262477,112.5948198,232.11,0.0,0.0,GOTO_GPS,107,-213
1786033706.859,2026-08-06 23:28:26,MANUAL,True,-7.9262476,112.5948203,232.12,0.0,0.0,GOTO_GPS,,
1786033706.980,2026-08-06 23:28:26,MANUAL,True,-7.9262474,112.5948207,232.1,0.0,0.0,GOTO_GPS,106,-214
1786033707.095,2026-08-06 23:28:27,MANUAL,True,-7.9262472,112.5948215,232.1,0.0,0.0,GOTO_GPS,106,-214
1786033707.239,2026-08-06 23:28:27,MANUAL,True,-7.926247,112.5948218,232.09,0.0,0.0,GOTO_GPS,105,-215
1786033707.352,2026-08-06 23:28:27,MANUAL,True,-7.9262469,112.5948222,232.11,0.0,0.0,GOTO_GPS,,
1786033707.467,2026-08-06 23:28:27,MANUAL,True,-7.9262467,112.5948227,232.11,0.0,0.0,GOTO_GPS,,
1786033707.584,2026-08-06 23:28:27,MANUAL,True,-7.9262465,112.5948231,232.1,0.0,0.0,GOTO_GPS,109,-211
1786033707.701,2026-08-06 23:28:27,MANUAL,True,-7.9262461,112.5948238,232.12,0.0,0.0,GOTO_GPS,,
1786033707.819,2026-08-06 23:28:27,MANUAL,True,-7.9262459,112.5948241,232.12,0.0,0.0,GOTO_GPS,,
1786033707.934,2026-08-06 23:28:27,MANUAL,True,-7.9262456,112.5948244,232.12,0.0,0.0,GOTO_GPS,0,-320
1786033708.050,2026-08-06 23:28:28,MANUAL,True,-7.9262453,112.5948246,232.12,0.0,0.0,GOTO_GPS,0,-320
1786033708.162,2026-08-06 23:28:28,MANUAL,True,-7.926245,112.5948248,232.14,0.0,0.0,GOTO_GPS,0,-320
1786033708.277,2026-08-06 23:28:28,MANUAL,True,-7.9262447,112.5948251,232.14,0.0,0.0,GOTO_GPS,0,-320
1786033708.399,2026-08-06 23:28:28,MANUAL,True,-7.9262443,112.5948259,232.17,0.0,0.0,GOTO_GPS,0,-320
1786033708.525,2026-08-06 23:28:28,MANUAL,True,-7.926244,112.5948265,232.17,0.0,0.0,GOTO_GPS,0,-320
1786033708.647,2026-08-06 23:28:28,MANUAL,True,-7.9262438,112.5948272,232.17,0.0,0.0,GOTO_GPS,0,-320
1786033708.762,2026-08-06 23:28:28,MANUAL,True,-7.9262436,112.5948278,232.17,0.0,0.0,GOTO_GPS,0,-320
1786033708.880,2026-08-06 23:28:28,MANUAL,True,-7.9262433,112.5948284,232.17,0.0,0.0,GOTO_GPS,0,-320
1786033708.997,2026-08-06 23:28:28,MANUAL,True,-7.9262428,112.5948294,232.16,0.0,0.0,GOTO_GPS,0,-320
1786033709.118,2026-08-06 23:28:29,MANUAL,True,-7.9262425,112.5948299,232.16,0.0,0.0,GOTO_GPS,0,-320
1786033709.235,2026-08-06 23:28:29,MANUAL,True,-7.9262422,112.5948303,232.16,0.0,0.0,GOTO_GPS,0,-320
1786033709.349,2026-08-06 23:28:29,MANUAL,True,-7.926242,112.5948308,232.18,0.0,0.0,GOTO_GPS,5,-315
1786033709.464,2026-08-06 23:28:29,MANUAL,True,-7.9262417,112.5948312,232.18,0.0,0.0,GOTO_GPS,13,-307
1786033709.581,2026-08-06 23:28:29,MANUAL,True,-7.9262415,112.5948317,232.18,0.0,0.0,GOTO_GPS,22,-298
1786033709.701,2026-08-06 23:28:29,MANUAL,True,-7.9262409,112.5948324,232.17,0.0,0.0,GOTO_GPS,23,-297
1786033709.820,2026-08-06 23:28:29,MANUAL,True,-7.9262407,112.5948328,232.18,0.0,0.0,GOTO_GPS,19,-301
1786033709.961,2026-08-06 23:28:29,MANUAL,True,-7.9262405,112.5948331,232.18,0.0,0.0,GOTO_GPS,17,-303
1786033710.073,2026-08-06 23:28:30,MANUAL,True,-7.9262402,112.5948334,232.18,0.0,0.0,GOTO_GPS,15,-305
1786033710.191,2026-08-06 23:28:30,MANUAL,True,-7.9262397,112.5948338,232.18,0.0,0.0,GOTO_GPS,17,-303
1786033710.308,2026-08-06 23:28:30,MANUAL,True,-7.9262394,112.5948339,232.19,0.0,0.0,GOTO_GPS,11,-309
1786033710.423,2026-08-06 23:28:30,MANUAL,True,-7.9262391,112.594834,232.17,0.0,0.0,GOTO_GPS,4,-316
1786033710.542,2026-08-06 23:28:30,MANUAL,True,-7.9262389,112.5948341,232.17,0.0,0.0,GOTO_GPS,2,-318
1786033710.658,2026-08-06 23:28:30,MANUAL,True,-7.9262388,112.5948345,232.17,0.0,0.0,GOTO_GPS,2,-318
1786033710.775,2026-08-06 23:28:30,MANUAL,True,-7.9262387,112.5948346,232.17,0.0,0.0,GOTO_GPS,2,-318
1786033710.895,2026-08-06 23:28:30,MANUAL,True,-7.9262382,112.5948352,232.17,0.0,0.0,GOTO_GPS,1,-319
1786033711.007,2026-08-06 23:28:31,MANUAL,True,-7.9262379,112.5948354,232.18,0.0,0.0,GOTO_GPS,0,-320
1786033711.122,2026-08-06 23:28:31,MANUAL,True,-7.9262376,112.5948356,232.17,0.0,0.0,GOTO_GPS,0,-320
1786033711.238,2026-08-06 23:28:31,MANUAL,True,-7.9262373,112.5948358,232.17,0.0,0.0,GOTO_GPS,345,25
1786033711.359,2026-08-06 23:28:31,MANUAL,True,-7.926237,112.5948361,232.19,0.0,0.0,GOTO_GPS,327,7
1786033711.474,2026-08-06 23:28:31,MANUAL,True,-7.9262368,112.5948364,232.19,0.0,0.0,GOTO_GPS,321,1
1786033711.592,2026-08-06 23:28:31,MANUAL,True,-7.9262364,112.5948371,232.2,0.0,0.0,GOTO_GPS,312,-8
1786033711.708,2026-08-06 23:28:31,MANUAL,True,-7.9262362,112.5948375,232.2,0.0,0.0,GOTO_GPS,309,-11
1786033711.823,2026-08-06 23:28:31,MANUAL,True,-7.9262362,112.5948379,232.21,0.0,0.0,GOTO_GPS,309,-11
1786033711.938,2026-08-06 23:28:31,MANUAL,True,-7.9262361,112.5948382,232.23,0.0,0.0,GOTO_GPS,310,-10
1786033712.059,2026-08-06 23:28:32,MANUAL,True,-7.926236,112.5948384,232.24,0.0,0.0,GOTO_GPS,310,-10
1786033712.174,2026-08-06 23:28:32,MANUAL,True,-7.9262359,112.5948387,232.25,0.0,0.0,GOTO_GPS,307,-13
1786033712.296,2026-08-06 23:28:32,MANUAL,True,-7.9262357,112.5948395,232.27,0.0,0.0,GOTO_GPS,301,-19
1786033712.415,2026-08-06 23:28:32,MANUAL,True,-7.9262355,112.5948397,232.25,0.0,0.0,GOTO_GPS,290,-30
1786033712.538,2026-08-06 23:28:32,MANUAL,True,-7.9262353,112.59484,232.25,0.0,0.0,GOTO_GPS,284,-36
1786033712.655,2026-08-06 23:28:32,MANUAL,True,-7.926235,112.5948403,232.25,0.0,0.0,GOTO_GPS,271,-49
1786033712.769,2026-08-06 23:28:32,MANUAL,True,-7.9262348,112.5948405,232.25,0.0,0.0,GOTO_GPS,263,-57
1786033712.890,2026-08-06 23:28:32,MANUAL,True,-7.9262344,112.594841,232.26,0.0,0.0,GOTO_GPS,255,-65
1786033713.001,2026-08-06 23:28:33,MANUAL,True,-7.9262342,112.5948414,232.25,0.0,0.0,GOTO_GPS,253,-67
1786033713.115,2026-08-06 23:28:33,MANUAL,True,-7.9262339,112.5948417,232.26,0.0,0.0,GOTO_GPS,252,-68
1786033713.238,2026-08-06 23:28:33,MANUAL,True,-7.9262337,112.5948418,232.28,0.0,0.0,GOTO_GPS,254,-66
1786033713.356,2026-08-06 23:28:33,MANUAL,True,-7.9262335,112.594842,232.28,0.0,0.0,GOTO_GPS,265,-55
1786033713.476,2026-08-06 23:28:33,MANUAL,True,-7.9262332,112.5948422,232.27,0.0,0.0,GOTO_GPS,273,-47
1786033713.590,2026-08-06 23:28:33,MANUAL,True,-7.9262329,112.5948424,232.25,0.0,0.0,GOTO_GPS,300,-20
1786033713.711,2026-08-06 23:28:33,MANUAL,True,-7.9262321,112.5948426,232.25,0.0,0.0,GOTO_GPS,640,320
1786033713.832,2026-08-06 23:28:33,MANUAL,True,-7.9262317,112.5948429,232.26,0.0,0.0,GOTO_GPS,,
1786033713.950,2026-08-06 23:28:33,MANUAL,True,-7.9262315,112.5948432,232.26,0.0,0.0,GOTO_GPS,108,-212
1786033714.067,2026-08-06 23:28:34,MANUAL,True,-7.9262314,112.5948434,232.27,0.0,0.0,GOTO_GPS,107,-213
1786033714.180,2026-08-06 23:28:34,MANUAL,True,-7.9262312,112.5948437,232.25,0.0,0.0,GOTO_GPS,,
1786033714.295,2026-08-06 23:28:34,MANUAL,True,-7.926231,112.5948446,232.26,0.0,0.0,GOTO_GPS,,
1786033714.410,2026-08-06 23:28:34,MANUAL,True,-7.9262308,112.5948451,232.27,0.0,0.0,GOTO_GPS,,
1786033714.525,2026-08-06 23:28:34,MANUAL,True,-7.9262305,112.5948455,232.29,0.0,0.0,GOTO_GPS,100,-220
1786033714.642,2026-08-06 23:28:34,MANUAL,True,-7.9262301,112.5948459,232.29,0.0,0.0,GOTO_GPS,,
1786033714.758,2026-08-06 23:28:34,MANUAL,True,-7.9262297,112.5948463,232.3,0.0,0.0,GOTO_GPS,,
1786033714.872,2026-08-06 23:28:34,MANUAL,True,-7.9262294,112.5948468,232.3,0.0,0.0,GOTO_GPS,,
1786033714.996,2026-08-06 23:28:34,MANUAL,True,-7.9262286,112.5948477,232.3,0.0,0.0,GOTO_GPS,,
1786033715.121,2026-08-06 23:28:35,MANUAL,True,-7.9262283,112.5948481,232.31,0.0,0.0,GOTO_GPS,,
1786033715.239,2026-08-06 23:28:35,MANUAL,True,-7.9262278,112.5948485,232.31,0.0,0.0,GOTO_GPS,,
1786033715.351,2026-08-06 23:28:35,MANUAL,True,-7.9262273,112.5948489,232.31,0.0,0.0,GOTO_GPS,,
1786033715.476,2026-08-06 23:28:35,MANUAL,True,-7.9262268,112.5948492,232.33,0.0,0.0,GOTO_GPS,,
1786033715.596,2026-08-06 23:28:35,MANUAL,True,-7.9262262,112.5948494,232.33,0.0,0.0,GOTO_GPS,,
1786033715.708,2026-08-06 23:28:35,MANUAL,True,-7.9262251,112.5948499,232.34,0.0,0.0,GOTO_GPS,,
1786033715.825,2026-08-06 23:28:35,MANUAL,True,-7.9262247,112.5948502,232.34,0.0,0.0,GOTO_GPS,,
1786033715.942,2026-08-06 23:28:35,MANUAL,True,-7.9262242,112.5948506,232.34,0.0,0.0,GOTO_GPS,,
1786033716.067,2026-08-06 23:28:36,MANUAL,True,-7.9262237,112.5948508,232.36,0.0,0.0,GOTO_GPS,,
1786033716.191,2026-08-06 23:28:36,MANUAL,True,-7.9262227,112.5948515,232.35,0.0,0.0,GOTO_GPS,,
1786033716.334,2026-08-06 23:28:36,MANUAL,True,-7.9262222,112.5948519,232.34,0.0,0.0,IDLE,107,-213
1786033716.457,2026-08-06 23:28:36,MANUAL,True,-7.9262217,112.5948523,232.34,0.0,0.0,IDLE,110,-210
1786033716.584,2026-08-06 23:28:36,MANUAL,True,-7.9262212,112.5948526,232.33,0.0,0.0,IDLE,101,-219
1786033716.697,2026-08-06 23:28:36,MANUAL,True,-7.9262198,112.5948532,232.34,0.0,0.0,IDLE,104,-216
1786033716.812,2026-08-06 23:28:36,MANUAL,True,-7.9262192,112.5948534,232.35,0.0,0.0,IDLE,102,-218
1786033716.932,2026-08-06 23:28:36,MANUAL,True,-7.9262185,112.5948536,232.36,0.0,0.0,IDLE,98,-222
1786033717.060,2026-08-06 23:28:37,MANUAL,True,-7.9262178,112.5948539,232.36,0.0,0.0,IDLE,101,-219
1786033717.188,2026-08-06 23:28:37,MANUAL,True,-7.9262172,112.5948542,232.37,0.0,0.0,IDLE,99,-221
1786033717.304,2026-08-06 23:28:37,MANUAL,True,-7.926216,112.5948548,232.4,0.0,0.0,IDLE,100,-220
1786033717.449,2026-08-06 23:28:37,MANUAL,True,-7.9262154,112.5948551,232.41,0.0,0.0,IDLE,101,-219
1786033717.625,2026-08-06 23:28:37,MANUAL,True,-7.9262144,112.594856,232.41,0.0,0.0,IDLE,,
1786033717.878,2026-08-06 23:28:37,MANUAL,True,-7.926214,112.5948574,232.44,0.0,0.0,IDLE,105,-215
1786033718.095,2026-08-06 23:28:38,MANUAL,True,-7.9262134,112.5948592,232.42,0.0,0.0,IDLE,100,-220
1786033718.232,2026-08-06 23:28:38,MANUAL,True,-7.9262132,112.5948597,232.4,0.0,0.0,IDLE,101,-219
1786033718.342,2026-08-06 23:28:38,MANUAL,True,-7.926213,112.5948602,232.39,0.0,0.0,IDLE,100,-220
1786033718.462,2026-08-06 23:28:38,MANUAL,True,-7.9262128,112.5948608,232.39,0.0,0.0,IDLE,99,-221
1786033718.575,2026-08-06 23:28:38,MANUAL,True,-7.9262124,112.5948612,232.39,0.0,0.0,IDLE,99,-221
1786033718.689,2026-08-06 23:28:38,MANUAL,True,-7.9262116,112.594862,232.39,0.0,0.0,IDLE,101,-219
1786033718.797,2026-08-06 23:28:38,MANUAL,True,-7.9262113,112.5948625,232.4,0.0,0.0,IDLE,100,-220
1786033718.915,2026-08-06 23:28:38,MANUAL,True,-7.926211,112.594863,232.38,0.0,0.0,IDLE,101,-219
1786033719.037,2026-08-06 23:28:39,MANUAL,True,-7.9262107,112.5948634,232.39,0.0,0.0,IDLE,101,-219
1786033719.153,2026-08-06 23:28:39,MANUAL,True,-7.9262105,112.5948638,232.4,0.0,0.0,IDLE,101,-219
1786033719.272,2026-08-06 23:28:39,MANUAL,True,-7.9262103,112.5948642,232.41,0.0,0.0,IDLE,101,-219
1786033719.386,2026-08-06 23:28:39,MANUAL,True,-7.9262102,112.5948645,232.39,0.0,0.0,IDLE,102,-218
1786033719.509,2026-08-06 23:28:39,MANUAL,True,-7.92621,112.5948653,232.39,0.0,0.0,IDLE,101,-219
1786033719.634,2026-08-06 23:28:39,MANUAL,True,-7.92621,112.5948653,232.39,0.0,0.0,IDLE,100,-220
1786033719.750,2026-08-06 23:28:39,MANUAL,True,-7.9262096,112.5948662,232.39,0.0,0.0,IDLE,101,-219
1786033719.869,2026-08-06 23:28:39,MANUAL,True,-7.9262094,112.5948666,232.39,0.0,0.0,IDLE,101,-219
1786033719.996,2026-08-06 23:28:39,MANUAL,True,-7.9262091,112.5948668,232.39,0.0,0.0,IDLE,107,-213
1786033720.124,2026-08-06 23:28:40,MANUAL,True,-7.9262089,112.594867,232.41,0.0,0.0,IDLE,102,-218
1786033720.246,2026-08-06 23:28:40,MANUAL,True,-7.9262084,112.5948675,232.41,0.0,0.0,IDLE,101,-219
1786033720.373,2026-08-06 23:28:40,MANUAL,True,-7.9262083,112.5948678,232.42,0.0,0.0,IDLE,102,-218
1786033720.515,2026-08-06 23:28:40,MANUAL,True,-7.9262081,112.5948682,232.43,0.0,0.0,IDLE,100,-220
1786033720.632,2026-08-06 23:28:40,MANUAL,True,-7.926208,112.5948686,232.42,0.0,0.0,IDLE,100,-220
1786033720.752,2026-08-06 23:28:40,MANUAL,True,-7.926208,112.5948686,232.42,0.0,0.0,IDLE,100,-220
1786033720.865,2026-08-06 23:28:40,MANUAL,True,-7.9262079,112.5948696,232.4,0.0,0.0,IDLE,107,-213
1786033720.975,2026-08-06 23:28:40,MANUAL,True,-7.9262076,112.5948704,232.4,0.0,0.0,IDLE,103,-217
1786033721.096,2026-08-06 23:28:41,MANUAL,True,-7.9262075,112.5948708,232.41,0.0,0.0,IDLE,101,-219
1786033721.228,2026-08-06 23:28:41,MANUAL,True,-7.9262074,112.5948713,232.4,0.0,0.0,IDLE,102,-218
1786033721.339,2026-08-06 23:28:41,MANUAL,True,-7.9262073,112.5948716,232.41,0.0,0.0,IDLE,101,-219
1786033721.455,2026-08-06 23:28:41,MANUAL,True,-7.926207,112.594872,232.41,0.0,0.0,IDLE,102,-218
1786033721.576,2026-08-06 23:28:41,MANUAL,True,-7.9262067,112.5948723,232.42,0.0,0.0,IDLE,104,-216
1786033721.688,2026-08-06 23:28:41,MANUAL,True,-7.9262065,112.5948728,232.43,0.0,0.0,IDLE,102,-218
1786033721.803,2026-08-06 23:28:41,MANUAL,True,-7.9262061,112.5948732,232.45,0.0,0.0,IDLE,101,-219
1786033721.918,2026-08-06 23:28:41,MANUAL,True,-7.9262059,112.5948734,232.46,0.0,0.0,IDLE,101,-219
1786033722.038,2026-08-06 23:28:42,MANUAL,True,-7.9262058,112.5948737,232.45,0.0,0.0,IDLE,101,-219
1786033722.151,2026-08-06 23:28:42,MANUAL,True,-7.9262057,112.594874,232.44,0.0,0.0,IDLE,100,-220
1786033722.262,2026-08-06 23:28:42,MANUAL,True,-7.9262054,112.5948742,232.43,0.0,0.0,IDLE,100,-220
1786033722.375,2026-08-06 23:28:42,MANUAL,True,-7.9262052,112.5948744,232.43,0.0,0.0,IDLE,101,-219
1786033722.522,2026-08-06 23:28:42,MANUAL,True,-7.9262045,112.5948748,232.45,0.0,0.0,IDLE,103,-217
1786033722.637,2026-08-06 23:28:42,MANUAL,True,-7.9262043,112.5948752,232.44,0.0,0.0,IDLE,106,-214
1786033722.753,2026-08-06 23:28:42,MANUAL,True,-7.9262043,112.5948752,232.44,0.0,0.0,IDLE,99,-221
1786033722.879,2026-08-06 23:28:42,MANUAL,True,-7.926204,112.5948757,232.46,0.0,0.0,IDLE,100,-220
1786033723.007,2026-08-06 23:28:43,MANUAL,True,-7.9262039,112.5948762,232.47,0.0,0.0,IDLE,98,-222
1786033723.149,2026-08-06 23:28:43,MANUAL,True,-7.9262038,112.5948765,232.47,0.0,0.0,IDLE,99,-221
1786033723.269,2026-08-06 23:28:43,MANUAL,True,-7.9262037,112.5948767,232.47,0.0,0.0,IDLE,99,-221
1786033723.387,2026-08-06 23:28:43,MANUAL,True,-7.9262037,112.594877,232.45,0.0,0.0,IDLE,99,-221
1786033723.500,2026-08-06 23:28:43,MANUAL,True,-7.926204,112.594878,232.44,0.0,0.0,IDLE,104,-216
1786033723.617,2026-08-06 23:28:43,MANUAL,True,-7.9262043,112.5948785,232.44,0.0,0.0,IDLE,94,-226
1786033723.730,2026-08-06 23:28:43,MANUAL,True,-7.9262044,112.5948789,232.44,0.0,0.0,IDLE,93,-227
1786033723.848,2026-08-06 23:28:43,MANUAL,True,-7.9262044,112.5948792,232.43,0.0,0.0,IDLE,95,-225
1786033723.963,2026-08-06 23:28:43,MANUAL,True,-7.9262045,112.5948795,232.42,0.0,0.0,IDLE,92,-228
1786033724.079,2026-08-06 23:28:44,MANUAL,True,-7.9262047,112.5948799,232.43,0.0,0.0,IDLE,94,-226
1786033724.194,2026-08-06 23:28:44,MANUAL,True,-7.9262049,112.5948804,232.44,0.0,0.0,IDLE,95,-225
1786033724.310,2026-08-06 23:28:44,MANUAL,True,-7.9262049,112.5948806,232.44,0.0,0.0,IDLE,95,-225
1786033724.425,2026-08-06 23:28:44,MANUAL,True,-7.9262049,112.594881,232.45,0.0,0.0,IDLE,96,-224
1786033724.539,2026-08-06 23:28:44,MANUAL,True,-7.926205,112.5948813,232.44,0.0,0.0,IDLE,93,-227
1786033724.660,2026-08-06 23:28:44,MANUAL,True,-7.926205,112.5948816,232.47,0.0,0.0,IDLE,94,-226
1786033724.784,2026-08-06 23:28:44,MANUAL,True,-7.926205,112.5948818,232.47,0.0,0.0,IDLE,95,-225
1786033724.905,2026-08-06 23:28:44,MANUAL,True,-7.9262049,112.5948823,232.49,0.0,0.0,IDLE,95,-225
1786033725.051,2026-08-06 23:28:45,MANUAL,True,-7.9262049,112.5948826,232.51,0.0,0.0,IDLE,95,-225
1786033725.169,2026-08-06 23:28:45,MANUAL,True,-7.9262049,112.5948829,232.5,0.0,0.0,IDLE,96,-224
1786033725.287,2026-08-06 23:28:45,MANUAL,True,-7.9262047,112.5948831,232.52,0.0,0.0,IDLE,97,-223
1786033725.399,2026-08-06 23:28:45,MANUAL,True,-7.9262048,112.5948834,232.53,0.0,0.0,IDLE,96,-224
1786033725.529,2026-08-06 23:28:45,MANUAL,True,-7.9262048,112.5948835,232.53,0.0,0.0,IDLE,98,-222
1786033725.650,2026-08-06 23:28:45,MANUAL,True,-7.9262048,112.5948837,232.52,0.0,0.0,IDLE,96,-224
1786033725.770,2026-08-06 23:28:45,MANUAL,True,-7.9262048,112.5948837,232.52,0.0,0.0,IDLE,97,-223
1786033725.890,2026-08-06 23:28:45,MANUAL,True,-7.9262054,112.5948842,232.53,0.0,0.0,IDLE,97,-223
1786033726.002,2026-08-06 23:28:46,MANUAL,True,-7.9262057,112.5948846,232.53,0.0,0.0,IDLE,96,-224
1786033726.120,2026-08-06 23:28:46,MANUAL,True,-7.926206,112.5948849,232.53,0.0,0.0,IDLE,98,-222
1786033726.236,2026-08-06 23:28:46,MANUAL,True,-7.9262063,112.5948851,232.51,0.0,0.0,IDLE,97,-223
1786033726.356,2026-08-06 23:28:46,MANUAL,True,-7.9262067,112.5948853,232.51,0.0,0.0,IDLE,97,-223
1786033726.473,2026-08-06 23:28:46,MANUAL,True,-7.9262072,112.5948856,232.53,0.0,0.0,IDLE,96,-224
1786033726.602,2026-08-06 23:28:46,MANUAL,True,-7.926208,112.594886,232.52,0.0,0.0,IDLE,96,-224
1786033726.733,2026-08-06 23:28:46,MANUAL,True,-7.9262083,112.5948862,232.51,0.0,0.0,IDLE,98,-222
1786033726.858,2026-08-06 23:28:46,MANUAL,True,-7.9262085,112.5948865,232.52,0.0,0.0,IDLE,105,-215
1786033726.974,2026-08-06 23:28:46,MANUAL,True,-7.9262087,112.5948867,232.52,0.0,0.0,IDLE,93,-227
1786033727.107,2026-08-06 23:28:47,MANUAL,True,-7.9262091,112.594887,232.53,0.0,0.0,IDLE,99,-221
1786033727.232,2026-08-06 23:28:47,MANUAL,True,-7.9262091,112.594887,232.53,0.0,0.0,IDLE,94,-226
1786033727.358,2026-08-06 23:28:47,MANUAL,True,-7.9262092,112.5948871,232.53,0.0,0.0,IDLE,98,-222
1786033727.485,2026-08-06 23:28:47,MANUAL,True,-7.9262093,112.5948872,232.54,0.0,0.0,IDLE,95,-225
1786033727.634,2026-08-06 23:28:47,MANUAL,True,-7.9262095,112.5948875,232.55,0.0,0.0,IDLE,96,-224
1786033727.759,2026-08-06 23:28:47,MANUAL,True,-7.9262095,112.5948876,232.55,0.0,0.0,IDLE,95,-225
1786033727.885,2026-08-06 23:28:47,MANUAL,True,-7.9262095,112.5948877,232.56,0.0,0.0,IDLE,96,-224
1786033728.007,2026-08-06 23:28:48,MANUAL,True,-7.9262096,112.5948879,232.56,0.0,0.0,IDLE,98,-222
1786033728.132,2026-08-06 23:28:48,MANUAL,True,-7.9262097,112.5948881,232.56,0.0,0.0,IDLE,98,-222
1786033728.261,2026-08-06 23:28:48,MANUAL,True,-7.92621,112.5948882,232.57,0.0,0.0,IDLE,97,-223
1786033728.382,2026-08-06 23:28:48,MANUAL,True,-7.9262102,112.5948883,232.57,0.0,0.0,IDLE,99,-221
1786033728.499,2026-08-06 23:28:48,MANUAL,True,-7.9262104,112.5948882,232.55,0.0,0.0,IDLE,103,-217
1786033728.612,2026-08-06 23:28:48,MANUAL,True,-7.9262104,112.5948882,232.55,0.0,0.0,IDLE,95,-225
1786033728.728,2026-08-06 23:28:48,MANUAL,True,-7.9262107,112.5948883,232.56,0.0,0.0,IDLE,95,-225
1786033728.842,2026-08-06 23:28:48,MANUAL,True,-7.9262107,112.5948883,232.55,0.0,0.0,IDLE,96,-224
1786033728.954,2026-08-06 23:28:48,MANUAL,True,-7.9262106,112.5948883,232.56,0.0,0.0,IDLE,96,-224
1786033729.066,2026-08-06 23:28:49,MANUAL,True,-7.9262105,112.5948883,232.56,0.0,0.0,IDLE,96,-224
1786033729.185,2026-08-06 23:28:49,MANUAL,True,-7.9262105,112.5948882,232.57,0.0,0.0,IDLE,94,-226
1786033729.310,2026-08-06 23:28:49,MANUAL,True,-7.9262102,112.594888,232.56,0.0,0.0,IDLE,97,-223
1786033729.425,2026-08-06 23:28:49,MANUAL,True,-7.9262099,112.5948879,232.57,0.0,0.0,IDLE,97,-223
1786033729.543,2026-08-06 23:28:49,MANUAL,True,-7.9262097,112.5948879,232.58,0.0,0.0,IDLE,98,-222
1786033729.667,2026-08-06 23:28:49,MANUAL,True,-7.9262095,112.5948879,232.59,0.0,0.0,IDLE,98,-222
1786033729.789,2026-08-06 23:28:49,MANUAL,True,-7.9262092,112.5948879,232.59,0.0,0.0,IDLE,98,-222
1786033729.907,2026-08-06 23:28:49,MANUAL,True,-7.9262088,112.5948879,232.61,0.0,0.0,IDLE,97,-223
1786033730.029,2026-08-06 23:28:50,MANUAL,True,-7.9262086,112.5948878,232.61,0.0,0.0,IDLE,95,-225
1786033730.148,2026-08-06 23:28:50,MANUAL,True,-7.9262085,112.5948877,232.62,0.0,0.0,IDLE,98,-222
1786033730.275,2026-08-06 23:28:50,MANUAL,True,-7.9262083,112.5948874,232.63,0.0,0.0,IDLE,103,-217
1786033730.405,2026-08-06 23:28:50,MANUAL,True,-7.9262079,112.5948871,232.66,0.0,0.0,IDLE,100,-220
1786033730.548,2026-08-06 23:28:50,MANUAL,True,-7.9262076,112.5948868,232.66,0.0,0.0,IDLE,95,-225
1786033730.665,2026-08-06 23:28:50,MANUAL,True,-7.9262073,112.5948865,232.65,0.0,0.0,IDLE,100,-220
1786033730.782,2026-08-06 23:28:50,MANUAL,True,-7.9262069,112.5948862,232.67,0.0,0.0,IDLE,95,-225
1786033730.904,2026-08-06 23:28:50,MANUAL,True,-7.9262065,112.5948858,232.66,0.0,0.0,IDLE,94,-226
1786033731.040,2026-08-06 23:28:51,MANUAL,True,-7.9262062,112.5948855,232.66,0.0,0.0,IDLE,94,-226
1786033731.175,2026-08-06 23:28:51,MANUAL,True,-7.9262059,112.5948853,232.66,0.0,0.0,IDLE,98,-222
1786033731.301,2026-08-06 23:28:51,MANUAL,True,-7.9262051,112.5948844,232.66,0.0,0.0,IDLE,98,-222
1786033731.417,2026-08-06 23:28:51,MANUAL,True,-7.9262048,112.5948839,232.66,0.0,0.0,IDLE,100,-220
1786033731.547,2026-08-06 23:28:51,MANUAL,True,-7.9262046,112.5948835,232.65,0.0,0.0,IDLE,102,-218
1786033731.683,2026-08-06 23:28:51,MANUAL,True,-7.9262042,112.594883,232.65,0.0,0.0,IDLE,102,-218
1786033731.811,2026-08-06 23:28:51,GUIDED,True,-7.9262036,112.5948822,232.65,0.0,0.0,START,107,-213
1786033731.937,2026-08-06 23:28:51,GUIDED,True,-7.9262032,112.5948818,232.67,0.0,0.0,START,101,-219
1786033732.050,2026-08-06 23:28:52,GUIDED,True,-7.9262028,112.5948813,232.67,0.0,0.0,START,101,-219
1786033732.158,2026-08-06 23:28:52,GUIDED,True,-7.9262025,112.5948809,232.68,0.0,0.0,START,104,-216
1786033732.268,2026-08-06 23:28:52,GUIDED,True,-7.9262021,112.5948804,232.7,0.0,0.0,START,102,-218
1786033732.380,2026-08-06 23:28:52,GUIDED,True,-7.9262018,112.5948799,232.69,0.0,0.0,START,103,-217
1786033732.515,2026-08-06 23:28:52,GUIDED,True,-7.9262012,112.5948791,232.71,0.0,0.0,START,108,-212
1786033732.656,2026-08-06 23:28:52,GUIDED,True,-7.9262009,112.5948787,232.72,0.0,0.0,START,,
1786033732.778,2026-08-06 23:28:52,GUIDED,True,-7.9262006,112.5948781,232.72,0.0,0.0,START,109,-211
1786033732.913,2026-08-06 23:28:52,GUIDED,True,-7.9262001,112.5948772,232.71,0.0,0.0,START,0,-320
1786033733.041,2026-08-06 23:28:53,GUIDED,True,-7.9261999,112.5948769,232.71,0.0,0.0,START,0,-320
1786033733.165,2026-08-06 23:28:53,GUIDED,True,-7.9261997,112.5948766,232.72,0.0,0.0,START,0,-320
1786033733.281,2026-08-06 23:28:53,GUIDED,True,-7.9261994,112.5948761,232.72,0.0,0.0,START,0,-320
1786033733.402,2026-08-06 23:28:53,GUIDED,True,-7.926199,112.5948753,232.73,0.0,0.0,START,0,-320
1786033733.525,2026-08-06 23:28:53,GUIDED,True,-7.9261989,112.5948749,232.73,0.0,0.0,START,105,-215
1786033733.645,2026-08-06 23:28:53,GUIDED,True,-7.9261989,112.5948744,232.73,0.0,0.0,START,118,-202
1786033733.765,2026-08-06 23:28:53,GUIDED,True,-7.9261988,112.5948742,232.74,0.0,0.0,START,0,-320
1786033733.898,2026-08-06 23:28:53,GUIDED,True,-7.9261986,112.5948736,232.75,0.0,0.0,TRACKING_BUOY (MANUAL),23,-297
1786033734.028,2026-08-06 23:28:54,MANUAL,True,-7.9261984,112.5948731,232.76,0.0,0.0,TRACKING_BUOY (MANUAL),299,-21
1786033734.177,2026-08-06 23:28:54,MANUAL,True,-7.9261982,112.5948728,232.77,0.0,0.0,TRACKING_BUOY (MANUAL),59,-261
1786033734.299,2026-08-06 23:28:54,MANUAL,True,-7.926198,112.594872,232.78,0.0,0.0,TRACKING_BUOY (MANUAL),30,-290
1786033734.421,2026-08-06 23:28:54,MANUAL,True,-7.9261979,112.5948715,232.79,0.0,0.0,TRACKING_BUOY (MANUAL),43,-277
1786033734.547,2026-08-06 23:28:54,MANUAL,True,-7.9261978,112.594871,232.79,0.0,0.0,TRACKING_BUOY (MANUAL),45,-275
1786033734.678,2026-08-06 23:28:54,MANUAL,True,-7.9261975,112.5948701,232.79,0.0,0.0,TRACKING_BUOY (MANUAL),10,-310
1786033734.811,2026-08-06 23:28:54,MANUAL,True,-7.9261974,112.5948691,232.79,0.0,0.0,TRACKING_BUOY (MANUAL),0,-320
1786033734.944,2026-08-06 23:28:54,MANUAL,True,-7.9261973,112.5948685,232.79,0.0,0.0,TRACKING_BUOY (MANUAL),6,-314
1786033735.064,2026-08-06 23:28:55,MANUAL,True,-7.9261974,112.5948679,232.77,0.0,0.0,TRACKING_BUOY (MANUAL),23,-297
1786033735.182,2026-08-06 23:28:55,MANUAL,True,-7.9261974,112.5948674,232.76,0.0,0.0,TRACKING_BUOY (MANUAL),33,-287
1786033735.302,2026-08-06 23:28:55,MANUAL,True,-7.9261977,112.5948661,232.75,0.0,0.0,TRACKING_BUOY (MANUAL),21,-299
1786033735.424,2026-08-06 23:28:55,MANUAL,True,-7.9261978,112.5948655,232.75,0.0,0.0,TRACKING_BUOY (MANUAL),17,-303
1786033735.551,2026-08-06 23:28:55,MANUAL,True,-7.926198,112.5948649,232.73,0.0,0.0,TRACKING_BUOY (MANUAL),24,-296
1786033735.664,2026-08-06 23:28:55,MANUAL,True,-7.926198,112.5948644,232.73,0.0,0.0,TRACKING_BUOY (MANUAL),21,-299
1786033735.781,2026-08-06 23:28:55,MANUAL,True,-7.9261983,112.5948638,232.72,0.0,0.0,TRACKING_BUOY (MANUAL),16,-304
1786033735.898,2026-08-06 23:28:55,MANUAL,True,-7.9261988,112.5948625,232.69,0.0,0.0,TRACKING_BUOY (MANUAL),6,-314
1786033736.010,2026-08-06 23:28:56,MANUAL,True,-7.9261991,112.5948617,232.69,0.0,0.0,TRACKING_BUOY (MANUAL),15,-305
1786033736.142,2026-08-06 23:28:56,MANUAL,True,-7.9261992,112.5948611,232.69,0.0,0.0,TRACKING_BUOY (MANUAL),21,-299
1786033736.260,2026-08-06 23:28:56,MANUAL,True,-7.9261996,112.5948602,232.71,0.0,0.0,🔴 FAILSAFE: TARGET LOST,,
1786033736.376,2026-08-06 23:28:56,MANUAL,True,-7.9261998,112.5948594,232.69,0.0,0.0,🔴 FAILSAFE: TARGET LOST,,
1786033736.503,2026-08-06 23:28:56,MANUAL,True,-7.9262,112.5948581,232.65,0.0,0.0,TRACKING_BUOY (MANUAL),0,-320
1786033736.619,2026-08-06 23:28:56,MANUAL,True,-7.9261999,112.5948571,232.64,0.0,0.0,🔴 FAILSAFE: TARGET LOST,,
1786033736.735,2026-08-06 23:28:56,MANUAL,True,-7.9261998,112.5948565,232.68,0.0,0.0,TRACKING_BUOY (MANUAL),0,-320
1786033736.847,2026-08-06 23:28:56,MANUAL,True,-7.9261998,112.5948558,232.65,0.0,0.0,TRACKING_BUOY (MANUAL),0,-320
1786033736.965,2026-08-06 23:28:56,MANUAL,True,-7.9261997,112.5948551,232.64,0.0,0.0,TRACKING_BUOY (MANUAL),0,-320
1786033737.086,2026-08-06 23:28:57,MANUAL,True,-7.9261997,112.5948544,232.65,0.0,0.0,TRACKING_BUOY (MANUAL),0,-320
1786033737.199,2026-08-06 23:28:57,MANUAL,True,-7.9261996,112.5948529,232.66,0.0,0.0,TRACKING_BUOY (MANUAL),5,-315
1786033737.313,2026-08-06 23:28:57,MANUAL,True,-7.9261995,112.5948521,232.67,0.0,0.0,TRACKING_BUOY (MANUAL),11,-309
1786033737.430,2026-08-06 23:28:57,MANUAL,True,-7.9261994,112.5948513,232.66,0.0,0.0,TRACKING_BUOY (MANUAL),9,-311
1786033737.544,2026-08-06 23:28:57,MANUAL,True,-7.9261992,112.5948504,232.65,0.0,0.0,TRACKING_BUOY (MANUAL),0,-320
1786033737.658,2026-08-06 23:28:57,MANUAL,True,-7.926199,112.594849,232.63,0.0,0.0,TRACKING_BUOY (MANUAL),0,-320
1786033737.792,2026-08-06 23:28:57,MANUAL,True,-7.9261986,112.5948475,232.62,0.0,0.0,TRACKING_BUOY (MANUAL),0,-320
1786033737.908,2026-08-06 23:28:57,MANUAL,True,-7.9261986,112.5948466,232.61,0.0,0.0,TRACKING_BUOY (MANUAL),0,-320
1786033738.023,2026-08-06 23:28:58,MANUAL,True,-7.9261987,112.5948457,232.58,0.0,0.0,TRACKING_BUOY (MANUAL),0,-320
1786033738.138,2026-08-06 23:28:58,MANUAL,True,-7.9261988,112.5948449,232.58,0.0,0.0,TRACKING_BUOY (MANUAL),0,-320
1786033738.259,2026-08-06 23:28:58,MANUAL,True,-7.9261989,112.5948438,232.59,0.0,0.0,TRACKING_BUOY (MANUAL),12,-308
1786033738.376,2026-08-06 23:28:58,MANUAL,True,-7.926199,112.594843,232.58,0.0,0.0,TRACKING_BUOY (MANUAL),21,-299
1786033738.492,2026-08-06 23:28:58,MANUAL,True,-7.9261992,112.5948415,232.58,0.0,0.0,TRACKING_BUOY (MANUAL),28,-292
1786033738.609,2026-08-06 23:28:58,MANUAL,True,-7.9261991,112.5948407,232.56,0.0,0.0,TRACKING_BUOY (MANUAL),22,-298
1786033738.727,2026-08-06 23:28:58,MANUAL,True,-7.9261991,112.59484,232.54,0.0,0.0,TRACKING_BUOY (MANUAL),22,-298
1786033738.838,2026-08-06 23:28:58,MANUAL,True,-7.9261991,112.5948393,232.54,0.0,0.0,TRACKING_BUOY (MANUAL),15,-305
1786033738.950,2026-08-06 23:28:58,MANUAL,True,-7.9261991,112.5948387,232.53,0.0,0.0,TRACKING_BUOY (MANUAL),18,-302
1786033739.063,2026-08-06 23:28:59,MANUAL,True,-7.9261992,112.5948382,232.5,0.0,0.0,TRACKING_BUOY (MANUAL),107,-213
1786033739.179,2026-08-06 23:28:59,MANUAL,True,-7.9261992,112.5948377,232.49,0.0,0.0,🔴 FAILSAFE: TARGET LOST,,
1786033739.294,2026-08-06 23:28:59,MANUAL,True,-7.9261993,112.5948373,232.49,0.0,0.0,🔴 FAILSAFE: TARGET LOST,,
1786033739.414,2026-08-06 23:28:59,MANUAL,True,-7.9261993,112.594837,232.5,0.0,0.0,🔴 FAILSAFE: TARGET LOST,,
1786033739.529,2026-08-06 23:28:59,MANUAL,True,-7.9261993,112.5948367,232.5,0.0,0.0,🔴 FAILSAFE: TARGET LOST,,
1786033739.639,2026-08-06 23:28:59,MANUAL,True,-7.9261993,112.5948364,232.49,0.0,0.0,🔴 FAILSAFE: TARGET LOST,,
1786033739.755,2026-08-06 23:28:59,MANUAL,True,-7.9261993,112.5948363,232.49,0.0,0.0,🔴 FAILSAFE: TARGET LOST,,
1786033739.871,2026-08-06 23:28:59,MANUAL,True,-7.9261992,112.5948362,232.46,0.0,0.0,🔴 FAILSAFE: TARGET LOST,,
1786033739.988,2026-08-06 23:28:59,MANUAL,True,-7.9261989,112.5948361,232.47,0.0,0.0,TRACKING_BUOY (MANUAL),372,52
1786033740.110,2026-08-06 23:29:00,MANUAL,True,-7.9261984,112.5948358,232.48,0.0,0.0,TRACKING_BUOY (MANUAL),373,53
1786033740.224,2026-08-06 23:29:00,MANUAL,True,-7.9261978,112.5948357,232.47,0.0,0.0,TRACKING_BUOY (MANUAL),367,47
1786033740.338,2026-08-06 23:29:00,MANUAL,True,-7.9261973,112.5948356,232.49,0.0,0.0,TRACKING_BUOY (MANUAL),354,34
1786033740.459,2026-08-06 23:29:00,MANUAL,True,-7.9261969,112.5948355,232.5,0.0,0.0,TRACKING_BUOY (MANUAL),337,17
1786033740.573,2026-08-06 23:29:00,MANUAL,True,-7.9261966,112.5948354,232.5,0.0,0.0,TRACKING_BUOY (MANUAL),334,14
1786033740.711,2026-08-06 23:29:00,MANUAL,True,-7.9261956,112.5948354,232.52,0.0,0.0,TRACKING_BUOY (MANUAL),333,13
1786033740.850,2026-08-06 23:29:00,MANUAL,True,-7.9261951,112.5948354,232.52,0.0,0.0,TRACKING_BUOY (MANUAL),332,12
1786033740.995,2026-08-06 23:29:00,MANUAL,True,-7.9261943,112.5948355,232.53,0.0,0.0,TRACKING_BUOY (MANUAL),335,15
1786033741.147,2026-08-06 23:29:01,MANUAL,True,-7.926194,112.5948354,232.53,0.0,0.0,TRACKING_BUOY (MANUAL),345,25
1786033741.269,2026-08-06 23:29:01,MANUAL,True,-7.9261935,112.5948356,232.51,0.0,0.0,TRACKING_BUOY (MANUAL),359,39
1786033741.383,2026-08-06 23:29:01,MANUAL,True,-7.9261932,112.5948358,232.49,0.0,0.0,TRACKING_BUOY (MANUAL),376,56
1786033741.501,2026-08-06 23:29:01,MANUAL,True,-7.9261926,112.5948364,232.51,0.0,0.0,TRACKING_BUOY (MANUAL),384,64
1786033741.621,2026-08-06 23:29:01,MANUAL,True,-7.9261923,112.5948368,232.5,0.0,0.0,TRACKING_BUOY (MANUAL),402,82
1786033741.739,2026-08-06 23:29:01,MANUAL,True,-7.926192,112.5948371,232.49,0.0,0.0,TRACKING_BUOY (MANUAL),412,92
1786033741.848,2026-08-06 23:29:01,MANUAL,True,-7.9261918,112.5948376,232.5,0.0,0.0,TRACKING_BUOY (MANUAL),413,93
1786033741.959,2026-08-06 23:29:01,MANUAL,True,-7.9261915,112.594838,232.5,0.0,0.0,TRACKING_BUOY (MANUAL),410,90
1786033742.074,2026-08-06 23:29:02,MANUAL,True,-7.9261913,112.5948385,232.5,0.0,0.0,TRACKING_BUOY (MANUAL),397,77
1786033742.189,2026-08-06 23:29:02,MANUAL,True,-7.9261907,112.594839,232.51,0.0,0.0,TRACKING_BUOY (MANUAL),376,56
1786033742.304,2026-08-06 23:29:02,MANUAL,True,-7.9261904,112.5948394,232.51,0.0,0.0,TRACKING_BUOY (MANUAL),368,48
1786033742.425,2026-08-06 23:29:02,MANUAL,True,-7.9261901,112.5948399,232.53,0.0,0.0,TRACKING_BUOY (MANUAL),352,32
1786033742.560,2026-08-06 23:29:02,MANUAL,True,-7.9261898,112.5948403,232.55,0.0,0.0,TRACKING_BUOY (MANUAL),340,20
1786033742.672,2026-08-06 23:29:02,MANUAL,True,-7.9261894,112.5948409,232.56,0.0,0.0,TRACKING_BUOY (MANUAL),333,13
1786033742.808,2026-08-06 23:29:02,MANUAL,True,-7.9261884,112.5948418,232.57,0.0,0.0,TRACKING_BUOY (MANUAL),329,9
1786033742.920,2026-08-06 23:29:02,MANUAL,True,-7.9261879,112.5948421,232.57,0.0,0.0,TRACKING_BUOY (MANUAL),325,5
1786033743.038,2026-08-06 23:29:03,MANUAL,True,-7.9261872,112.5948424,232.55,0.0,0.0,TRACKING_BUOY (MANUAL),323,3
1786033743.153,2026-08-06 23:29:03,MANUAL,True,-7.9261867,112.5948426,232.55,0.0,0.0,TRACKING_BUOY (MANUAL),322,2
1786033743.263,2026-08-06 23:29:03,MANUAL,True,-7.9261861,112.5948432,232.55,0.0,0.0,TRACKING_BUOY (MANUAL),320,0
1786033743.375,2026-08-06 23:29:03,MANUAL,True,-7.9261855,112.5948436,232.55,0.0,0.0,TRACKING_BUOY (MANUAL),322,2
1786033743.495,2026-08-06 23:29:03,MANUAL,True,-7.9261844,112.5948444,232.54,0.0,0.0,TRACKING_BUOY (MANUAL),325,5
1786033743.611,2026-08-06 23:29:03,MANUAL,True,-7.9261844,112.5948444,232.54,0.0,0.0,TRACKING_BUOY (MANUAL),331,11
1786033743.726,2026-08-06 23:29:03,MANUAL,True,-7.9261834,112.5948452,232.55,0.0,0.0,TRACKING_BUOY (MANUAL),337,17
1786033743.847,2026-08-06 23:29:03,MANUAL,True,-7.926183,112.5948456,232.56,0.0,0.0,TRACKING_BUOY (MANUAL),342,22
1786033743.964,2026-08-06 23:29:03,MANUAL,True,-7.9261826,112.594846,232.57,0.0,0.0,TRACKING_BUOY (MANUAL),346,26
1786033744.078,2026-08-06 23:29:04,MANUAL,True,-7.9261822,112.5948463,232.56,0.0,0.0,TRACKING_BUOY (MANUAL),346,26
1786033744.192,2026-08-06 23:29:04,MANUAL,True,-7.9261814,112.5948471,232.56,0.0,0.0,TRACKING_BUOY (MANUAL),348,28
1786033744.307,2026-08-06 23:29:04,MANUAL,True,-7.9261811,112.5948476,232.57,0.0,0.0,TRACKING_BUOY (MANUAL),350,30
1786033744.432,2026-08-06 23:29:04,MANUAL,True,-7.9261807,112.594848,232.57,0.0,0.0,TRACKING_BUOY (MANUAL),350,30
1786033744.551,2026-08-06 23:29:04,MANUAL,True,-7.9261804,112.5948484,232.56,0.0,0.0,TRACKING_BUOY (MANUAL),352,32
1786033744.662,2026-08-06 23:29:04,MANUAL,True,-7.92618,112.5948489,232.56,0.0,0.0,TRACKING_BUOY (MANUAL),352,32
1786033744.782,2026-08-06 23:29:04,MANUAL,True,-7.9261794,112.5948494,232.57,0.0,0.0,TRACKING_BUOY (MANUAL),351,31
1786033744.896,2026-08-06 23:29:04,MANUAL,True,-7.9261781,112.5948505,232.59,0.0,0.0,TRACKING_BUOY (MANUAL),348,28
1786033745.013,2026-08-06 23:29:05,MANUAL,True,-7.9261774,112.5948512,232.6,0.0,0.0,TRACKING_BUOY (MANUAL),341,21
1786033745.130,2026-08-06 23:29:05,MANUAL,True,-7.9261767,112.5948518,232.59,0.0,0.0,TRACKING_BUOY (MANUAL),334,14
1786033745.246,2026-08-06 23:29:05,MANUAL,True,-7.9261759,112.5948523,232.6,0.0,0.0,TRACKING_BUOY (MANUAL),327,7
1786033745.360,2026-08-06 23:29:05,MANUAL,True,-7.9261751,112.5948527,232.61,0.0,0.0,TRACKING_BUOY (MANUAL),323,3
1786033745.495,2026-08-06 23:29:05,MANUAL,True,-7.9261734,112.5948534,232.61,0.0,0.0,TRACKING_BUOY (MANUAL),319,-1
1786033745.614,2026-08-06 23:29:05,MANUAL,True,-7.9261724,112.5948537,232.62,0.0,0.0,TRACKING_BUOY (MANUAL),317,-3
1786033745.739,2026-08-06 23:29:05,MANUAL,True,-7.9261718,112.5948538,232.61,0.0,0.0,TRACKING_BUOY (MANUAL),315,-5
1786033745.856,2026-08-06 23:29:05,MANUAL,True,-7.9261711,112.5948541,232.61,0.0,0.0,TRACKING_BUOY (MANUAL),316,-4
1786033745.970,2026-08-06 23:29:05,MANUAL,True,-7.9261705,112.5948543,232.61,0.0,0.0,TRACKING_BUOY (MANUAL),316,-4
1786033746.086,2026-08-06 23:29:06,MANUAL,True,-7.9261699,112.5948545,232.61,0.0,0.0,TRACKING_BUOY (MANUAL),315,-5
1786033746.210,2026-08-06 23:29:06,MANUAL,True,-7.926169,112.594855,232.63,0.0,0.0,TRACKING_BUOY (MANUAL),315,-5
1786033746.325,2026-08-06 23:29:06,MANUAL,True,-7.9261685,112.5948552,232.63,0.0,0.0,TRACKING_BUOY (MANUAL),316,-4
1786033746.442,2026-08-06 23:29:06,MANUAL,True,-7.9261681,112.5948554,232.63,0.0,0.0,TRACKING_BUOY (MANUAL),317,-3
1786033746.576,2026-08-06 23:29:06,MANUAL,True,-7.9261677,112.5948557,232.64,0.0,0.0,TRACKING_BUOY (MANUAL),318,-2
1786033746.691,2026-08-06 23:29:06,MANUAL,True,-7.9261667,112.5948563,232.65,0.0,0.0,TRACKING_BUOY (MANUAL),318,-2
1786033746.805,2026-08-06 23:29:06,MANUAL,True,-7.9261661,112.5948566,232.66,0.0,0.0,TRACKING_BUOY (MANUAL),319,-1
1786033746.922,2026-08-06 23:29:06,MANUAL,True,-7.9261655,112.5948569,232.67,0.0,0.0,TRACKING_BUOY (MANUAL),320,0
1786033747.040,2026-08-06 23:29:07,MANUAL,True,-7.9261649,112.5948571,232.65,0.0,0.0,TRACKING_BUOY (MANUAL),322,2
1786033747.156,2026-08-06 23:29:07,MANUAL,True,-7.9261643,112.5948573,232.64,0.0,0.0,TRACKING_BUOY (MANUAL),322,2
1786033747.273,2026-08-06 23:29:07,MANUAL,True,-7.9261638,112.5948576,232.62,0.0,0.0,TRACKING_BUOY (MANUAL),323,3
1786033747.391,2026-08-06 23:29:07,MANUAL,True,-7.926163,112.5948581,232.63,0.0,0.0,TRACKING_BUOY (MANUAL),321,1
1786033747.509,2026-08-06 23:29:07,MANUAL,True,-7.9261626,112.5948584,232.62,0.0,0.0,TRACKING_BUOY (MANUAL),321,1
1786033747.631,2026-08-06 23:29:07,MANUAL,True,-7.9261621,112.5948586,232.63,0.0,0.0,TRACKING_BUOY (MANUAL),320,0
1786033747.749,2026-08-06 23:29:07,MANUAL,True,-7.9261615,112.5948589,232.62,0.0,0.0,TRACKING_BUOY (MANUAL),318,-2
1786033747.881,2026-08-06 23:29:07,MANUAL,True,-7.9261608,112.5948593,232.63,0.0,0.0,TRACKING_BUOY (MANUAL),316,-4
1786033747.995,2026-08-06 23:29:07,MANUAL,True,-7.9261594,112.5948604,232.61,0.0,0.0,TRACKING_BUOY (MANUAL),313,-7
1786033748.112,2026-08-06 23:29:08,MANUAL,True,-7.9261587,112.594861,232.59,0.0,0.0,TRACKING_BUOY (MANUAL),310,-10
1786033748.223,2026-08-06 23:29:08,MANUAL,True,-7.926158,112.5948618,232.61,0.0,0.0,TRACKING_BUOY (MANUAL),308,-12
1786033748.342,2026-08-06 23:29:08,MANUAL,True,-7.9261574,112.5948626,232.62,0.0,0.0,TRACKING_BUOY (MANUAL),305,-15
1786033748.460,2026-08-06 23:29:08,MANUAL,True,-7.9261567,112.5948635,232.61,0.0,0.0,TRACKING_BUOY (MANUAL),302,-18
1786033748.574,2026-08-06 23:29:08,MANUAL,True,-7.926156,112.5948643,232.61,0.0,0.0,TRACKING_BUOY (MANUAL),300,-20
1786033748.691,2026-08-06 23:29:08,MANUAL,True,-7.9261546,112.5948658,232.6,0.0,0.0,TRACKING_BUOY (MANUAL),299,-21
1786033748.809,2026-08-06 23:29:08,MANUAL,True,-7.9261537,112.5948664,232.58,0.0,0.0,TRACKING_BUOY (MANUAL),298,-22
1786033748.926,2026-08-06 23:29:08,MANUAL,True,-7.9261528,112.5948669,232.6,0.0,0.0,TRACKING_BUOY (MANUAL),297,-23
1786033749.044,2026-08-06 23:29:09,MANUAL,True,-7.9261517,112.5948674,232.61,0.0,0.0,TRACKING_BUOY (MANUAL),297,-23
1786033749.161,2026-08-06 23:29:09,MANUAL,True,-7.9261507,112.5948678,232.59,0.0,0.0,TRACKING_BUOY (MANUAL),298,-22
1786033749.279,2026-08-06 23:29:09,MANUAL,True,-7.9261496,112.5948682,232.59,0.0,0.0,TRACKING_BUOY (MANUAL),301,-19
1786033749.397,2026-08-06 23:29:09,MANUAL,True,-7.9261479,112.5948689,232.6,0.0,0.0,TRACKING_BUOY (MANUAL),306,-14
1786033749.510,2026-08-06 23:29:09,MANUAL,True,-7.9261471,112.5948692,232.61,0.0,0.0,TRACKING_BUOY (MANUAL),310,-10
1786033749.625,2026-08-06 23:29:09,MANUAL,True,-7.9261471,112.5948692,232.61,0.0,0.0,TRACKING_BUOY (MANUAL),313,-7
1786033749.739,2026-08-06 23:29:09,MANUAL,True,-7.9261452,112.5948697,232.58,0.0,0.0,TRACKING_BUOY (MANUAL),321,1
1786033749.853,2026-08-06 23:29:09,MANUAL,True,-7.9261443,112.5948699,232.56,0.0,0.0,TRACKING_BUOY (MANUAL),326,6
1786033749.965,2026-08-06 23:29:09,MANUAL,True,-7.9261435,112.5948701,232.57,0.0,0.0,TRACKING_BUOY (MANUAL),329,9
1786033750.079,2026-08-06 23:29:10,MANUAL,True,-7.9261427,112.5948703,232.57,0.0,0.0,TRACKING_BUOY (MANUAL),330,10
1786033750.195,2026-08-06 23:29:10,MANUAL,True,-7.9261413,112.5948708,232.57,0.0,0.0,TRACKING_BUOY (MANUAL),331,11
1786033750.315,2026-08-06 23:29:10,MANUAL,True,-7.9261409,112.594871,232.57,0.0,0.0,TRACKING_BUOY (MANUAL),333,13
1786033750.427,2026-08-06 23:29:10,MANUAL,True,-7.9261406,112.5948713,232.57,0.0,0.0,TRACKING_BUOY (MANUAL),334,14
1786033750.544,2026-08-06 23:29:10,MANUAL,True,-7.9261404,112.5948717,232.58,0.0,0.0,TRACKING_BUOY (MANUAL),335,15
1786033750.660,2026-08-06 23:29:10,MANUAL,True,-7.9261404,112.5948721,232.58,0.0,0.0,TRACKING_BUOY (MANUAL),333,13
1786033750.782,2026-08-06 23:29:10,MANUAL,True,-7.9261405,112.5948725,232.57,0.0,0.0,TRACKING_BUOY (MANUAL),331,11
1786033750.899,2026-08-06 23:29:10,MANUAL,True,-7.9261411,112.5948733,232.56,0.0,0.0,TRACKING_BUOY (MANUAL),330,10
1786033751.013,2026-08-06 23:29:11,MANUAL,True,-7.9261416,112.5948736,232.55,0.0,0.0,TRACKING_BUOY (MANUAL),328,8
1786033751.127,2026-08-06 23:29:11,MANUAL,True,-7.926142,112.594874,232.54,0.0,0.0,TRACKING_BUOY (MANUAL),323,3
1786033751.244,2026-08-06 23:29:11,MANUAL,True,-7.9261425,112.5948742,232.53,0.0,0.0,TRACKING_BUOY (MANUAL),316,-4
1786033751.361,2026-08-06 23:29:11,MANUAL,True,-7.9261429,112.5948746,232.52,0.0,0.0,TRACKING_BUOY (MANUAL),314,-6
1786033751.493,2026-08-06 23:29:11,MANUAL,True,-7.9261437,112.5948752,232.52,0.0,0.0,TRACKING_BUOY (MANUAL),304,-16
1786033751.613,2026-08-06 23:29:11,MANUAL,True,-7.9261441,112.5948756,232.51,0.0,0.0,TRACKING_BUOY (MANUAL),293,-27
1786033751.732,2026-08-06 23:29:11,MANUAL,True,-7.9261447,112.5948757,232.5,0.0,0.0,TRACKING_BUOY (MANUAL),282,-38
1786033751.845,2026-08-06 23:29:11,MANUAL,True,-7.9261453,112.5948759,232.49,0.0,0.0,TRACKING_BUOY (MANUAL),272,-48
1786033751.960,2026-08-06 23:29:11,MANUAL,True,-7.9261458,112.5948761,232.48,0.0,0.0,TRACKING_BUOY (MANUAL),270,-50
1786033752.078,2026-08-06 23:29:12,MANUAL,True,-7.9261467,112.5948761,232.46,0.0,0.0,TRACKING_BUOY (MANUAL),271,-49
1786033752.192,2026-08-06 23:29:12,MANUAL,True,-7.926148,112.5948761,232.43,0.0,0.0,TRACKING_BUOY (MANUAL),277,-43
1786033752.310,2026-08-06 23:29:12,MANUAL,True,-7.9261486,112.5948759,232.42,0.0,0.0,TRACKING_BUOY (MANUAL),287,-33
1786033752.427,2026-08-06 23:29:12,MANUAL,True,-7.9261494,112.5948756,232.43,0.0,0.0,TRACKING_BUOY (MANUAL),292,-28
1786033752.567,2026-08-06 23:29:12,MANUAL,True,-7.92615,112.5948754,232.41,0.0,0.0,TRACKING_BUOY (MANUAL),304,-16
1786033752.682,2026-08-06 23:29:12,MANUAL,True,-7.9261512,112.5948752,232.4,0.0,0.0,TRACKING_BUOY (MANUAL),314,-6
1786033752.805,2026-08-06 23:29:12,MANUAL,True,-7.9261524,112.5948753,232.38,0.0,0.0,TRACKING_BUOY (MANUAL),321,1
1786033752.924,2026-08-06 23:29:12,MANUAL,True,-7.926153,112.5948755,232.38,0.0,0.0,TRACKING_BUOY (MANUAL),327,7
1786033753.062,2026-08-06 23:29:13,MANUAL,True,-7.9261538,112.5948758,232.38,0.0,0.0,TRACKING_BUOY (MANUAL),333,13
1786033753.176,2026-08-06 23:29:13,MANUAL,True,-7.9261544,112.5948762,232.37,0.0,0.0,TRACKING_BUOY (MANUAL),341,21
1786033753.295,2026-08-06 23:29:13,MANUAL,True,-7.9261558,112.5948767,232.37,0.0,0.0,TRACKING_BUOY (MANUAL),344,24
1786033753.409,2026-08-06 23:29:13,MANUAL,True,-7.9261565,112.5948771,232.37,0.0,0.0,TRACKING_BUOY (MANUAL),352,32
1786033753.527,2026-08-06 23:29:13,MANUAL,True,-7.9261572,112.5948775,232.34,0.0,0.0,TRACKING_BUOY (MANUAL),355,35
1786033753.645,2026-08-06 23:29:13,MANUAL,True,-7.9261578,112.5948778,232.32,0.0,0.0,TRACKING_BUOY (MANUAL),357,37
1786033753.763,2026-08-06 23:29:13,MANUAL,True,-7.9261584,112.5948781,232.31,0.0,0.0,TRACKING_BUOY (MANUAL),357,37
1786033753.884,2026-08-06 23:29:13,MANUAL,True,-7.9261589,112.5948786,232.33,0.0,0.0,TRACKING_BUOY (MANUAL),356,36
1786033753.997,2026-08-06 23:29:13,MANUAL,True,-7.9261599,112.5948794,232.32,0.0,0.0,TRACKING_BUOY (MANUAL),352,32
1786033754.114,2026-08-06 23:29:14,MANUAL,True,-7.9261602,112.5948797,232.33,0.0,0.0,TRACKING_BUOY (MANUAL),348,28
1786033754.229,2026-08-06 23:29:14,MANUAL,True,-7.9261605,112.5948799,232.32,0.0,0.0,TRACKING_BUOY (MANUAL),342,22
1786033754.346,2026-08-06 23:29:14,MANUAL,True,-7.9261607,112.5948799,232.33,0.0,0.0,TRACKING_BUOY (MANUAL),340,20
1786033754.460,2026-08-06 23:29:14,MANUAL,True,-7.9261609,112.5948799,232.32,0.0,0.0,TRACKING_BUOY (MANUAL),335,15
1786033754.572,2026-08-06 23:29:14,MANUAL,True,-7.926161,112.5948798,232.33,0.0,0.0,TRACKING_BUOY (MANUAL),330,10
1786033754.688,2026-08-06 23:29:14,MANUAL,True,-7.9261611,112.5948792,232.34,0.0,0.0,TRACKING_BUOY (MANUAL),328,8
1786033754.799,2026-08-06 23:29:14,MANUAL,True,-7.926161,112.594879,232.35,0.0,0.0,TRACKING_BUOY (MANUAL),324,4
1786033754.911,2026-08-06 23:29:14,MANUAL,True,-7.9261609,112.5948788,232.36,0.0,0.0,TRACKING_BUOY (MANUAL),319,-1
1786033755.027,2026-08-06 23:29:15,MANUAL,True,-7.9261607,112.5948785,232.36,0.0,0.0,TRACKING_BUOY (MANUAL),317,-3
1786033755.153,2026-08-06 23:29:15,MANUAL,True,-7.9261605,112.5948783,232.36,0.0,0.0,TRACKING_BUOY (MANUAL),316,-4
1786033755.267,2026-08-06 23:29:15,MANUAL,True,-7.9261603,112.5948779,232.35,0.0,0.0,TRACKING_BUOY (MANUAL),314,-6
1786033755.378,2026-08-06 23:29:15,MANUAL,True,-7.92616,112.5948776,232.35,0.0,0.0,TRACKING_BUOY (MANUAL),312,-8
1786033755.515,2026-08-06 23:29:15,MANUAL,True,-7.9261594,112.5948768,232.35,0.0,0.0,TRACKING_BUOY (MANUAL),311,-9
1786033755.636,2026-08-06 23:29:15,MANUAL,True,-7.9261591,112.5948761,232.37,0.0,0.0,TRACKING_BUOY (MANUAL),310,-10
1786033755.755,2026-08-06 23:29:15,MANUAL,True,-7.9261589,112.5948758,232.38,0.0,0.0,TRACKING_BUOY (MANUAL),309,-11
1786033755.870,2026-08-06 23:29:15,MANUAL,True,-7.9261586,112.5948752,232.38,0.0,0.0,TRACKING_BUOY (MANUAL),307,-13
1786033755.983,2026-08-06 23:29:15,MANUAL,True,-7.9261584,112.5948747,232.4,0.0,0.0,TRACKING_BUOY (MANUAL),306,-14
1786033756.103,2026-08-06 23:29:16,MANUAL,True,-7.9261582,112.594874,232.39,0.0,0.0,TRACKING_BUOY (MANUAL),303,-17
1786033756.224,2026-08-06 23:29:16,MANUAL,True,-7.9261582,112.5948736,232.39,0.0,0.0,TRACKING_BUOY (MANUAL),302,-18
1786033756.341,2026-08-06 23:29:16,MANUAL,True,-7.9261582,112.5948733,232.39,0.0,0.0,TRACKING_BUOY (MANUAL),303,-17
1786033756.452,2026-08-06 23:29:16,MANUAL,True,-7.9261582,112.5948729,232.38,0.0,0.0,TRACKING_BUOY (MANUAL),301,-19
1786033756.567,2026-08-06 23:29:16,MANUAL,True,-7.9261583,112.5948727,232.4,0.0,0.0,TRACKING_BUOY (MANUAL),302,-18
1786033756.677,2026-08-06 23:29:16,MANUAL,True,-7.9261585,112.5948725,232.39,0.0,0.0,TRACKING_BUOY (MANUAL),304,-16
1786033756.792,2026-08-06 23:29:16,MANUAL,True,-7.9261589,112.5948721,232.39,0.0,0.0,TRACKING_BUOY (MANUAL),309,-11
1786033756.906,2026-08-06 23:29:16,MANUAL,True,-7.926159,112.594872,232.41,0.0,0.0,TRACKING_BUOY (MANUAL),311,-9
1786033757.018,2026-08-06 23:29:17,MANUAL,True,-7.9261592,112.5948719,232.4,0.0,0.0,TRACKING_BUOY (MANUAL),315,-5
1786033757.135,2026-08-06 23:29:17,MANUAL,True,-7.9261594,112.5948719,232.4,0.0,0.0,TRACKING_BUOY (MANUAL),317,-3
1786033757.252,2026-08-06 23:29:17,MANUAL,True,-7.9261597,112.5948718,232.39,0.0,0.0,TRACKING_BUOY (MANUAL),320,0
1786033757.369,2026-08-06 23:29:17,MANUAL,True,-7.9261599,112.5948717,232.39,0.0,0.0,TRACKING_BUOY (MANUAL),322,2
1786033757.488,2026-08-06 23:29:17,MANUAL,True,-7.9261602,112.5948716,232.39,0.0,0.0,TRACKING_BUOY (MANUAL),323,3
1786033757.608,2026-08-06 23:29:17,MANUAL,True,-7.9261605,112.5948716,232.39,0.0,0.0,TRACKING_BUOY (MANUAL),324,4
1786033757.729,2026-08-06 23:29:17,MANUAL,True,-7.9261607,112.5948715,232.4,0.0,0.0,TRACKING_BUOY (MANUAL),324,4
1786033757.844,2026-08-06 23:29:17,MANUAL,True,-7.9261608,112.5948714,232.39,0.0,0.0,TRACKING_BUOY (MANUAL),324,4
1786033757.955,2026-08-06 23:29:17,MANUAL,True,-7.9261609,112.5948713,232.39,0.0,0.0,TRACKING_BUOY (MANUAL),323,3
1786033758.101,2026-08-06 23:29:18,MANUAL,True,-7.9261612,112.5948709,232.4,0.0,0.0,TRACKING_BUOY (MANUAL),324,4
1786033758.224,2026-08-06 23:29:18,MANUAL,True,-7.9261616,112.5948707,232.39,0.0,0.0,TRACKING_BUOY (MANUAL),323,3
1786033758.341,2026-08-06 23:29:18,MANUAL,True,-7.926162,112.5948706,232.38,0.0,0.0,TRACKING_BUOY (MANUAL),323,3
1786033758.460,2026-08-06 23:29:18,MANUAL,True,-7.9261623,112.5948705,232.37,0.0,0.0,TRACKING_BUOY (MANUAL),322,2
1786033758.578,2026-08-06 23:29:18,MANUAL,True,-7.9261627,112.5948705,232.36,0.0,0.0,TRACKING_BUOY (MANUAL),321,1
1786033758.691,2026-08-06 23:29:18,MANUAL,True,-7.9261636,112.5948705,232.34,0.0,0.0,TRACKING_BUOY (MANUAL),320,0
1786033758.806,2026-08-06 23:29:18,MANUAL,True,-7.9261641,112.5948706,232.35,0.0,0.0,TRACKING_BUOY (MANUAL),320,0
1786033758.920,2026-08-06 23:29:18,MANUAL,True,-7.9261646,112.5948708,232.35,0.0,0.0,TRACKING_BUOY (MANUAL),320,0
1786033759.031,2026-08-06 23:29:19,MANUAL,True,-7.9261651,112.5948709,232.37,0.0,0.0,TRACKING_BUOY (MANUAL),319,-1
1786033759.142,2026-08-06 23:29:19,MANUAL,True,-7.9261656,112.5948711,232.37,0.0,0.0,TRACKING_BUOY (MANUAL),319,-1
1786033759.257,2026-08-06 23:29:19,MANUAL,True,-7.926166,112.5948712,232.36,0.0,0.0,TRACKING_BUOY (MANUAL),320,0
1786033759.371,2026-08-06 23:29:19,MANUAL,True,-7.9261663,112.5948712,232.36,0.0,0.0,TRACKING_BUOY (MANUAL),319,-1
1786033759.489,2026-08-06 23:29:19,MANUAL,True,-7.9261669,112.5948711,232.38,0.0,0.0,TRACKING_BUOY (MANUAL),319,-1
1786033759.604,2026-08-06 23:29:19,MANUAL,True,-7.9261671,112.5948709,232.39,0.0,0.0,TRACKING_BUOY (MANUAL),319,-1
1786033759.718,2026-08-06 23:29:19,MANUAL,True,-7.9261673,112.5948707,232.37,0.0,0.0,TRACKING_BUOY (MANUAL),319,-1
1786033759.831,2026-08-06 23:29:19,MANUAL,True,-7.9261675,112.5948705,232.39,0.0,0.0,TRACKING_BUOY (MANUAL),319,-1
1786033759.946,2026-08-06 23:29:19,MANUAL,True,-7.9261676,112.5948703,232.4,0.0,0.0,TRACKING_BUOY (MANUAL),319,-1
1786033760.063,2026-08-06 23:29:20,MANUAL,True,-7.9261678,112.5948701,232.39,0.0,0.0,TRACKING_BUOY (MANUAL),319,-1
1786033760.177,2026-08-06 23:29:20,MANUAL,True,-7.926168,112.59487,232.38,0.0,0.0,TRACKING_BUOY (MANUAL),319,-1
1786033760.311,2026-08-06 23:29:20,MANUAL,True,-7.9261683,112.5948698,232.4,0.0,0.0,TRACKING_BUOY (MANUAL),319,-1
1786033760.428,2026-08-06 23:29:20,MANUAL,True,-7.9261683,112.5948697,232.4,0.0,0.0,TRACKING_BUOY (MANUAL),318,-2
1786033760.549,2026-08-06 23:29:20,MANUAL,True,-7.9261683,112.5948695,232.42,0.0,0.0,TRACKING_BUOY (MANUAL),319,-1
1786033760.663,2026-08-06 23:29:20,MANUAL,True,-7.9261684,112.5948693,232.43,0.0,0.0,TRACKING_BUOY (MANUAL),319,-1
1786033760.786,2026-08-06 23:29:20,MANUAL,True,-7.9261683,112.5948691,232.42,0.0,0.0,TRACKING_BUOY (MANUAL),319,-1
1786033760.902,2026-08-06 23:29:20,MANUAL,True,-7.9261682,112.5948687,232.46,0.0,0.0,TRACKING_BUOY (MANUAL),319,-1
1786033761.017,2026-08-06 23:29:21,MANUAL,True,-7.926168,112.5948685,232.45,0.0,0.0,TRACKING_BUOY (MANUAL),319,-1
1786033761.131,2026-08-06 23:29:21,MANUAL,True,-7.926168,112.5948683,232.46,0.0,0.0,TRACKING_BUOY (MANUAL),318,-2
1786033761.249,2026-08-06 23:29:21,MANUAL,True,-7.9261679,112.5948682,232.48,0.0,0.0,TRACKING_BUOY (MANUAL),318,-2
1786033761.361,2026-08-06 23:29:21,MANUAL,True,-7.9261678,112.5948681,232.48,0.0,0.0,TRACKING_BUOY (MANUAL),318,-2
1786033761.479,2026-08-06 23:29:21,MANUAL,True,-7.9261675,112.5948679,232.47,0.0,0.0,TRACKING_BUOY (MANUAL),318,-2
1786033761.597,2026-08-06 23:29:21,MANUAL,True,-7.9261673,112.5948678,232.48,0.0,0.0,TRACKING_BUOY (MANUAL),317,-3
1786033761.713,2026-08-06 23:29:21,MANUAL,True,-7.9261669,112.5948677,232.48,0.0,0.0,TRACKING_BUOY (MANUAL),316,-4
1786033761.832,2026-08-06 23:29:21,MANUAL,True,-7.9261667,112.5948677,232.48,0.0,0.0,TRACKING_BUOY (MANUAL),313,-7
1786033761.951,2026-08-06 23:29:21,MANUAL,True,-7.9261665,112.5948677,232.5,0.0,0.0,TRACKING_BUOY (MANUAL),310,-10
1786033762.063,2026-08-06 23:29:22,MANUAL,True,-7.9261662,112.5948676,232.51,0.0,0.0,TRACKING_BUOY (MANUAL),308,-12
1786033762.182,2026-08-06 23:29:22,MANUAL,True,-7.9261661,112.5948674,232.51,0.0,0.0,TRACKING_BUOY (MANUAL),306,-14
1786033762.299,2026-08-06 23:29:22,MANUAL,True,-7.9261652,112.5948667,232.54,0.0,0.0,TRACKING_BUOY (MANUAL),308,-12
1786033762.413,2026-08-06 23:29:22,MANUAL,True,-7.9261646,112.5948663,232.55,0.0,0.0,TRACKING_BUOY (MANUAL),310,-10
1786033762.528,2026-08-06 23:29:22,MANUAL,True,-7.926164,112.5948659,232.56,0.0,0.0,TRACKING_BUOY (MANUAL),315,-5
1786033762.671,2026-08-06 23:29:22,MANUAL,True,-7.9261634,112.5948655,232.57,0.0,0.0,TRACKING_BUOY (MANUAL),318,-2
1786033762.788,2026-08-06 23:29:22,MANUAL,True,-7.9261627,112.5948652,232.57,0.0,0.0,TRACKING_BUOY (MANUAL),320,0
1786033762.904,2026-08-06 23:29:22,MANUAL,True,-7.9261612,112.5948645,232.53,0.0,0.0,TRACKING_BUOY (MANUAL),322,2
1786033763.015,2026-08-06 23:29:23,MANUAL,True,-7.9261605,112.5948641,232.54,0.0,0.0,TRACKING_BUOY (MANUAL),327,7
1786033763.175,2026-08-06 23:29:23,MANUAL,True,-7.92616,112.5948637,232.56,0.0,0.0,TRACKING_BUOY (MANUAL),327,7
1786033763.286,2026-08-06 23:29:23,MANUAL,True,-7.926158,112.5948625,232.56,0.0,0.0,TRACKING_BUOY (MANUAL),322,2
1786033763.400,2026-08-06 23:29:23,MANUAL,True,-7.9261571,112.594862,232.57,0.0,0.0,TRACKING_BUOY (MANUAL),319,-1
1786033763.519,2026-08-06 23:29:23,MANUAL,True,-7.9261563,112.5948615,232.59,0.0,0.0,TRACKING_BUOY (MANUAL),315,-5
1786033763.636,2026-08-06 23:29:23,MANUAL,True,-7.9261555,112.5948611,232.59,0.0,0.0,TRACKING_BUOY (MANUAL),312,-8
1786033763.755,2026-08-06 23:29:23,MANUAL,True,-7.9261549,112.5948607,232.6,0.0,0.0,TRACKING_BUOY (MANUAL),310,-10
1786033763.870,2026-08-06 23:29:23,MANUAL,True,-7.9261542,112.5948602,232.6,0.0,0.0,TRACKING_BUOY (MANUAL),310,-10
1786033764.035,2026-08-06 23:29:24,MANUAL,True,-7.9261525,112.5948589,232.62,0.0,0.0,TRACKING_BUOY (MANUAL),311,-9
1786033764.192,2026-08-06 23:29:24,MANUAL,True,-7.9261508,112.5948573,232.63,0.0,0.0,TRACKING_BUOY (MANUAL),315,-5
1786033764.343,2026-08-06 23:29:24,MANUAL,True,-7.9261499,112.5948564,232.65,0.0,0.0,TRACKING_BUOY (MANUAL),318,-2
1786033764.528,2026-08-06 23:29:24,MANUAL,True,-7.9261481,112.5948547,232.68,0.0,0.0,TRACKING_BUOY (MANUAL),320,0
1786033764.643,2026-08-06 23:29:24,MANUAL,True,-7.9261469,112.5948536,232.68,0.0,0.0,TRACKING_BUOY (MANUAL),322,2
1786033764.762,2026-08-06 23:29:24,MANUAL,True,-7.9261464,112.5948531,232.7,0.0,0.0,TRACKING_BUOY (MANUAL),323,3
1786033764.878,2026-08-06 23:29:24,MANUAL,True,-7.9261456,112.5948523,232.71,0.0,0.0,TRACKING_BUOY (MANUAL),325,5
1786033764.993,2026-08-06 23:29:24,MANUAL,True,-7.9261443,112.5948512,232.69,0.0,0.0,TRACKING_BUOY (MANUAL),328,8
1786033765.107,2026-08-06 23:29:25,MANUAL,True,-7.9261437,112.5948507,232.7,0.0,0.0,TRACKING_BUOY (MANUAL),336,16
1786033765.231,2026-08-06 23:29:25,MANUAL,True,-7.9261431,112.5948503,232.71,0.0,0.0,TRACKING_BUOY (MANUAL),342,22
1786033765.342,2026-08-06 23:29:25,MANUAL,True,-7.9261426,112.59485,232.71,0.0,0.0,TRACKING_BUOY (MANUAL),344,24
1786033765.461,2026-08-06 23:29:25,MANUAL,True,-7.9261421,112.5948497,232.71,0.0,0.0,TRACKING_BUOY (MANUAL),351,31
1786033765.576,2026-08-06 23:29:25,MANUAL,True,-7.9261416,112.5948495,232.71,0.0,0.0,TRACKING_BUOY (MANUAL),355,35
1786033765.697,2026-08-06 23:29:25,MANUAL,True,-7.926141,112.5948492,232.7,0.0,0.0,TRACKING_BUOY (MANUAL),362,42
1786033765.818,2026-08-06 23:29:25,MANUAL,True,-7.9261408,112.5948492,232.71,0.0,0.0,TRACKING_BUOY (MANUAL),378,58
1786033765.936,2026-08-06 23:29:25,MANUAL,True,-7.9261407,112.5948491,232.71,0.0,0.0,🔴 FAILSAFE: TARGET LOST,,
1786033766.049,2026-08-06 23:29:26,MANUAL,True,-7.9261405,112.5948491,232.71,0.0,0.0,🔴 FAILSAFE: TARGET LOST,,
1786033766.164,2026-08-06 23:29:26,MANUAL,True,-7.9261403,112.594849,232.7,0.0,0.0,🔴 FAILSAFE: TARGET LOST,,
1786033766.291,2026-08-06 23:29:26,MANUAL,True,-7.9261404,112.5948493,232.7,0.0,0.0,🔴 FAILSAFE: TARGET LOST,,
1786033766.409,2026-08-06 23:29:26,MANUAL,True,-7.9261404,112.5948493,232.69,0.0,0.0,🔴 FAILSAFE: TARGET LOST,,
1786033766.530,2026-08-06 23:29:26,MANUAL,True,-7.9261405,112.5948493,232.68,0.0,0.0,🔴 FAILSAFE: TARGET LOST,,
1786033766.646,2026-08-06 23:29:26,MANUAL,True,-7.9261406,112.5948494,232.67,0.0,0.0,🔴 FAILSAFE: TARGET LOST,,
1786033766.760,2026-08-06 23:29:26,MANUAL,True,-7.9261408,112.5948495,232.66,0.0,0.0,🔴 FAILSAFE: TARGET LOST,,
1786033766.876,2026-08-06 23:29:26,MANUAL,True,-7.926141,112.5948496,232.64,0.0,0.0,🔴 FAILSAFE: TARGET LOST,,
1786033766.993,2026-08-06 23:29:26,MANUAL,True,-7.9261414,112.5948499,232.63,0.0,0.0,🔴 FAILSAFE: TARGET LOST,,
1786033767.109,2026-08-06 23:29:27,MANUAL,True,-7.9261415,112.5948499,232.62,0.0,0.0,🔴 FAILSAFE: TARGET LOST,,
1786033767.224,2026-08-06 23:29:27,MANUAL,True,-7.9261417,112.59485,232.61,0.0,0.0,🔴 FAILSAFE: TARGET LOST,,
1786033767.340,2026-08-06 23:29:27,MANUAL,True,-7.9261419,112.5948501,232.61,0.0,0.0,🔴 FAILSAFE: TARGET LOST,,
1786033767.460,2026-08-06 23:29:27,MANUAL,True,-7.9261421,112.5948503,232.6,0.0,0.0,🔴 FAILSAFE: TARGET LOST,,
1786033767.571,2026-08-06 23:29:27,MANUAL,True,-7.9261424,112.5948505,232.59,0.0,0.0,🔴 FAILSAFE: TARGET LOST,,
1786033767.694,2026-08-06 23:29:27,MANUAL,True,-7.9261429,112.5948508,232.58,0.0,0.0,🔴 FAILSAFE: TARGET LOST,,
1786033767.816,2026-08-06 23:29:27,MANUAL,True,-7.9261432,112.5948509,232.59,0.0,0.0,TRACKING_BUOY (MANUAL),589,269
1786033767.939,2026-08-06 23:29:27,MANUAL,True,-7.9261434,112.5948511,232.58,0.0,0.0,🔴 FAILSAFE: TARGET LOST,,
1786033768.058,2026-08-06 23:29:28,MANUAL,True,-7.9261438,112.5948514,232.56,0.0,0.0,🔴 FAILSAFE: TARGET LOST,,
1786033768.191,2026-08-06 23:29:28,MANUAL,True,-7.9261446,112.5948521,232.56,0.0,0.0,🔴 FAILSAFE: TARGET LOST,,
1786033768.545,2026-08-06 23:29:28,MANUAL,True,-7.9261459,112.5948535,232.51,0.0,0.0,🔴 FAILSAFE: TARGET LOST,,
1786033768.889,2026-08-06 23:29:28,MANUAL,True,-7.9261478,112.5948556,232.51,0.0,0.0,🔴 FAILSAFE: TARGET LOST,,
1786033769.024,2026-08-06 23:29:29,MANUAL,True,-7.9261483,112.5948561,232.5,0.0,0.0,🔴 FAILSAFE: TARGET LOST,,
1786033769.151,2026-08-06 23:29:29,MANUAL,True,-7.9261486,112.5948565,232.5,0.0,0.0,🔴 FAILSAFE: TARGET LOST,,
1786033769.295,2026-08-06 23:29:29,MANUAL,True,-7.9261497,112.5948576,232.5,0.0,0.0,🔴 FAILSAFE: TARGET LOST,,
1786033769.412,2026-08-06 23:29:29,MANUAL,True,-7.9261502,112.5948581,232.49,0.0,0.0,🔴 FAILSAFE: TARGET LOST,,
1786033769.531,2026-08-06 23:29:29,MANUAL,True,-7.9261508,112.5948587,232.49,0.0,0.0,🔴 FAILSAFE: TARGET LOST,,
1786033769.658,2026-08-06 23:29:29,MANUAL,True,-7.9261515,112.5948593,232.49,0.0,0.0,🔴 FAILSAFE: TARGET LOST,,
1786033769.777,2026-08-06 23:29:29,MANUAL,True,-7.9261518,112.5948597,232.47,0.0,0.0,🔴 FAILSAFE: TARGET LOST,,
1786033769.896,2026-08-06 23:29:29,MANUAL,True,-7.9261527,112.5948606,232.49,0.0,0.0,🔴 FAILSAFE: TARGET LOST,,
1786033770.014,2026-08-06 23:29:30,MANUAL,True,-7.9261531,112.5948611,232.5,0.0,0.0,🔴 FAILSAFE: TARGET LOST,,
1786033770.131,2026-08-06 23:29:30,MANUAL,True,-7.9261535,112.5948615,232.51,0.0,0.0,🔴 FAILSAFE: TARGET LOST,,
1786033770.254,2026-08-06 23:29:30,MANUAL,True,-7.926154,112.594862,232.53,0.0,0.0,🔴 FAILSAFE: TARGET LOST,,
1786033770.369,2026-08-06 23:29:30,MANUAL,True,-7.9261545,112.5948626,232.51,0.0,0.0,🔴 FAILSAFE: TARGET LOST,,
1786033770.500,2026-08-06 23:29:30,MANUAL,True,-7.9261557,112.5948637,232.51,0.0,0.0,🔴 FAILSAFE: TARGET LOST,,
1786033770.614,2026-08-06 23:29:30,MANUAL,True,-7.9261557,112.5948637,232.51,0.0,0.0,🔴 FAILSAFE: TARGET LOST,,
1786033770.730,2026-08-06 23:29:30,MANUAL,True,-7.9261568,112.5948648,232.5,0.0,0.0,🔴 FAILSAFE: TARGET LOST,,
1786033770.849,2026-08-06 23:29:30,MANUAL,True,-7.9261573,112.5948653,232.49,0.0,0.0,🔴 FAILSAFE: TARGET LOST,,
1786033770.966,2026-08-06 23:29:30,MANUAL,True,-7.9261578,112.5948657,232.49,0.0,0.0,🔴 FAILSAFE: TARGET LOST,,
1786033771.081,2026-08-06 23:29:31,MANUAL,True,-7.9261582,112.594866,232.48,0.0,0.0,🔴 FAILSAFE: TARGET LOST,,
1786033771.197,2026-08-06 23:29:31,MANUAL,True,-7.9261589,112.5948665,232.47,0.0,0.0,🔴 FAILSAFE: TARGET LOST,,
1786033771.317,2026-08-06 23:29:31,MANUAL,True,-7.9261593,112.5948667,232.46,0.0,0.0,🔴 FAILSAFE: TARGET LOST,,
1786033771.438,2026-08-06 23:29:31,MANUAL,True,-7.9261597,112.5948669,232.46,0.0,0.0,🔴 FAILSAFE: TARGET LOST,,
1786033771.561,2026-08-06 23:29:31,MANUAL,True,-7.9261601,112.5948671,232.47,0.0,0.0,🔴 FAILSAFE: TARGET LOST,,
1786033771.677,2026-08-06 23:29:31,MANUAL,True,-7.9261606,112.5948672,232.49,0.0,0.0,🔴 FAILSAFE: TARGET LOST,,
1786033771.795,2026-08-06 23:29:31,MANUAL,True,-7.9261617,112.5948678,232.48,0.0,0.0,🔴 FAILSAFE: TARGET LOST,,
1786033771.914,2026-08-06 23:29:31,MANUAL,True,-7.9261623,112.5948681,232.48,0.0,0.0,🔴 FAILSAFE: TARGET LOST,,
1786033772.028,2026-08-06 23:29:32,MANUAL,True,-7.9261631,112.5948685,232.47,0.0,0.0,🔴 FAILSAFE: TARGET LOST,,
1786033772.144,2026-08-06 23:29:32,MANUAL,True,-7.9261638,112.5948688,232.47,0.0,0.0,🔴 FAILSAFE: TARGET LOST,,
1786033772.271,2026-08-06 23:29:32,MANUAL,True,-7.9261644,112.594869,232.46,0.0,0.0,🔴 FAILSAFE: TARGET LOST,,
1786033772.394,2026-08-06 23:29:32,MANUAL,True,-7.9261656,112.5948692,232.44,0.0,0.0,🔴 FAILSAFE: TARGET LOST,,
1786033772.514,2026-08-06 23:29:32,MANUAL,True,-7.9261662,112.5948691,232.45,0.0,0.0,🔴 FAILSAFE: TARGET LOST,,
1786033772.629,2026-08-06 23:29:32,MANUAL,True,-7.9261668,112.594869,232.46,0.0,0.0,🔴 FAILSAFE: TARGET LOST,,
1786033772.746,2026-08-06 23:29:32,MANUAL,True,-7.9261672,112.5948689,232.47,0.0,0.0,🔴 FAILSAFE: TARGET LOST,,
1786033772.866,2026-08-06 23:29:32,MANUAL,True,-7.9261676,112.5948687,232.46,0.0,0.0,🔴 FAILSAFE: TARGET LOST,,
1786033772.978,2026-08-06 23:29:32,MANUAL,True,-7.9261681,112.5948685,232.45,0.0,0.0,🔴 FAILSAFE: TARGET LOST,,
1786033773.100,2026-08-06 23:29:33,MANUAL,True,-7.9261692,112.5948683,232.45,0.0,0.0,🔴 FAILSAFE: TARGET LOST,,
1786033773.211,2026-08-06 23:29:33,MANUAL,True,-7.9261697,112.5948682,232.44,0.0,0.0,🔴 FAILSAFE: TARGET LOST,,
1786033773.347,2026-08-06 23:29:33,MANUAL,True,-7.9261703,112.5948682,232.43,0.0,0.0,🔴 FAILSAFE: TARGET LOST,,
1786033773.461,2026-08-06 23:29:33,MANUAL,True,-7.9261708,112.594868,232.41,0.0,0.0,🔴 FAILSAFE: TARGET LOST,,
1786033773.575,2026-08-06 23:29:33,MANUAL,True,-7.9261713,112.5948679,232.39,0.0,0.0,🔴 FAILSAFE: TARGET LOST,,
1786033773.689,2026-08-06 23:29:33,MANUAL,True,-7.9261721,112.5948675,232.41,0.0,0.0,🔴 FAILSAFE: TARGET LOST,,
1786033773.799,2026-08-06 23:29:33,MANUAL,True,-7.9261726,112.5948674,232.4,0.0,0.0,🔴 FAILSAFE: TARGET LOST,,
1786033773.915,2026-08-06 23:29:33,MANUAL,True,-7.9261731,112.5948673,232.4,0.0,0.0,🔴 FAILSAFE: TARGET LOST,,
1786033774.054,2026-08-06 23:29:34,MANUAL,True,-7.9261737,112.5948674,232.41,0.0,0.0,🔴 FAILSAFE: TARGET LOST,,
1786033774.168,2026-08-06 23:29:34,MANUAL,True,-7.9261742,112.5948675,232.41,0.0,0.0,🔴 FAILSAFE: TARGET LOST,,
1786033774.283,2026-08-06 23:29:34,MANUAL,True,-7.9261747,112.5948676,232.41,0.0,0.0,🔴 FAILSAFE: TARGET LOST,,
1786033774.402,2026-08-06 23:29:34,MANUAL,True,-7.9261757,112.5948678,232.41,0.0,0.0,🔴 FAILSAFE: TARGET LOST,,
1786033774.525,2026-08-06 23:29:34,MANUAL,True,-7.9261763,112.5948679,232.42,0.0,0.0,🔴 FAILSAFE: TARGET LOST,,
1786033774.648,2026-08-06 23:29:34,MANUAL,True,-7.9261768,112.594868,232.42,0.0,0.0,🔴 FAILSAFE: TARGET LOST,,
1786033774.777,2026-08-06 23:29:34,MANUAL,True,-7.9261773,112.5948682,232.41,0.0,0.0,🔴 FAILSAFE: TARGET LOST,,
1786033774.900,2026-08-06 23:29:34,MANUAL,True,-7.9261783,112.5948683,232.41,0.0,0.0,🔴 FAILSAFE: TARGET LOST,,
1786033775.012,2026-08-06 23:29:35,MANUAL,True,-7.9261786,112.5948682,232.41,0.0,0.0,🔴 FAILSAFE: TARGET LOST,,
1786033775.126,2026-08-06 23:29:35,MANUAL,True,-7.926179,112.5948682,232.41,0.0,0.0,🔴 FAILSAFE: TARGET LOST,,
1786033775.244,2026-08-06 23:29:35,MANUAL,True,-7.9261793,112.594868,232.42,0.0,0.0,🔴 FAILSAFE: TARGET LOST,,
1786033775.393,2026-08-06 23:29:35,MANUAL,True,-7.9261799,112.5948678,232.41,0.0,0.0,🔴 FAILSAFE: TARGET LOST,,
1786033775.540,2026-08-06 23:29:35,MANUAL,True,-7.9261803,112.5948678,232.4,0.0,0.0,🔴 FAILSAFE: TARGET LOST,,
1786033775.674,2026-08-06 23:29:35,MANUAL,True,-7.9261809,112.594868,232.38,0.0,0.0,🔴 FAILSAFE: TARGET LOST,,
1786033775.804,2026-08-06 23:29:35,MANUAL,True,-7.9261818,112.5948685,232.38,0.0,0.0,🔴 FAILSAFE: TARGET LOST,,
1786033775.928,2026-08-06 23:29:35,MANUAL,True,-7.9261823,112.5948687,232.37,0.0,0.0,🔴 FAILSAFE: TARGET LOST,,
1786033776.050,2026-08-06 23:29:36,MANUAL,True,-7.9261828,112.594869,232.37,0.0,0.0,🔴 FAILSAFE: TARGET LOST,,
1786033776.163,2026-08-06 23:29:36,MANUAL,True,-7.9261833,112.5948693,232.36,0.0,0.0,🔴 FAILSAFE: TARGET LOST,,
1786033776.281,2026-08-06 23:29:36,MANUAL,True,-7.9261835,112.5948694,232.37,0.0,0.0,🔴 FAILSAFE: TARGET LOST,,
1786033776.395,2026-08-06 23:29:36,MANUAL,True,-7.9261839,112.5948697,232.37,0.0,0.0,🔴 FAILSAFE: TARGET LOST,,
1786033776.513,2026-08-06 23:29:36,MANUAL,True,-7.9261841,112.5948698,232.38,0.0,0.0,🔴 FAILSAFE: TARGET LOST,,
1786033776.629,2026-08-06 23:29:36,MANUAL,True,-7.9261842,112.5948699,232.39,0.0,0.0,🔴 FAILSAFE: TARGET LOST,,
1786033776.745,2026-08-06 23:29:36,MANUAL,True,-7.9261842,112.5948698,232.4,0.0,0.0,🔴 FAILSAFE: TARGET LOST,,
1786033776.863,2026-08-06 23:29:36,MANUAL,True,-7.9261841,112.5948697,232.39,0.0,0.0,🔴 FAILSAFE: TARGET LOST,,
1786033776.980,2026-08-06 23:29:36,MANUAL,True,-7.926184,112.5948696,232.39,0.0,0.0,🔴 FAILSAFE: TARGET LOST,,
1786033777.104,2026-08-06 23:29:37,MANUAL,True,-7.9261839,112.594869,232.38,0.0,0.0,🔴 FAILSAFE: TARGET LOST,,
1786033777.221,2026-08-06 23:29:37,MANUAL,True,-7.9261837,112.5948688,232.39,0.0,0.0,TRACKING_BUOY (MANUAL),0,-320
1786033777.338,2026-08-06 23:29:37,MANUAL,True,-7.9261836,112.5948685,232.38,0.0,0.0,TRACKING_BUOY (MANUAL),0,-320
1786033777.453,2026-08-06 23:29:37,MANUAL,True,-7.9261835,112.5948682,232.41,0.0,0.0,TRACKING_BUOY (MANUAL),0,-320
1786033777.568,2026-08-06 23:29:37,MANUAL,True,-7.9261834,112.594868,232.41,0.0,0.0,TRACKING_BUOY (MANUAL),0,-320
1786033777.682,2026-08-06 23:29:37,MANUAL,True,-7.9261834,112.5948678,232.41,0.0,0.0,TRACKING_BUOY (MANUAL),0,-320
1786033777.805,2026-08-06 23:29:37,MANUAL,True,-7.9261835,112.5948674,232.4,0.0,0.0,TRACKING_BUOY (MANUAL),0,-320
1786033777.949,2026-08-06 23:29:37,MANUAL,True,-7.9261836,112.5948673,232.39,0.0,0.0,TRACKING_BUOY (MANUAL),0,-320
1786033778.060,2026-08-06 23:29:38,MANUAL,True,-7.9261836,112.5948671,232.38,0.0,0.0,TRACKING_BUOY (MANUAL),0,-320
1786033778.171,2026-08-06 23:29:38,MANUAL,True,-7.9261836,112.5948669,232.38,0.0,0.0,TRACKING_BUOY (MANUAL),0,-320
1786033778.286,2026-08-06 23:29:38,MANUAL,True,-7.9261836,112.5948667,232.37,0.0,0.0,TRACKING_BUOY (MANUAL),342,22
1786033778.422,2026-08-06 23:29:38,MANUAL,True,-7.9261836,112.5948663,232.39,0.0,0.0,TRACKING_BUOY (MANUAL),320,0
1786033778.535,2026-08-06 23:29:38,MANUAL,True,-7.9261837,112.5948662,232.36,0.0,0.0,TRACKING_BUOY (MANUAL),310,-10
1786033778.655,2026-08-06 23:29:38,MANUAL,True,-7.9261837,112.594866,232.37,0.0,0.0,TRACKING_BUOY (MANUAL),307,-13
1786033778.771,2026-08-06 23:29:38,MANUAL,True,-7.9261838,112.5948659,232.38,0.0,0.0,TRACKING_BUOY (MANUAL),305,-15
1786033778.890,2026-08-06 23:29:38,MANUAL,True,-7.9261838,112.5948656,232.35,0.0,0.0,TRACKING_BUOY (MANUAL),304,-16
1786033779.009,2026-08-06 23:29:39,MANUAL,True,-7.9261836,112.5948654,232.37,0.0,0.0,TRACKING_BUOY (MANUAL),305,-15
1786033779.127,2026-08-06 23:29:39,MANUAL,True,-7.9261836,112.5948652,232.37,0.0,0.0,TRACKING_BUOY (MANUAL),306,-14
1786033779.244,2026-08-06 23:29:39,MANUAL,True,-7.9261835,112.5948652,232.39,0.0,0.0,TRACKING_BUOY (MANUAL),305,-15
1786033779.369,2026-08-06 23:29:39,MANUAL,True,-7.9261834,112.5948651,232.39,0.0,0.0,TRACKING_BUOY (MANUAL),303,-17
1786033779.482,2026-08-06 23:29:39,MANUAL,True,-7.9261833,112.594865,232.39,0.0,0.0,TRACKING_BUOY (MANUAL),302,-18
1786033779.599,2026-08-06 23:29:39,MANUAL,True,-7.9261831,112.5948649,232.4,0.0,0.0,TRACKING_BUOY (MANUAL),302,-18
1786033779.717,2026-08-06 23:29:39,MANUAL,True,-7.9261826,112.5948644,232.39,0.0,0.0,TRACKING_BUOY (MANUAL),298,-22
1786033779.841,2026-08-06 23:29:39,MANUAL,True,-7.9261821,112.5948639,232.38,0.0,0.0,TRACKING_BUOY (MANUAL),293,-27
1786033779.957,2026-08-06 23:29:39,MANUAL,True,-7.9261817,112.5948636,232.37,0.0,0.0,TRACKING_BUOY (MANUAL),289,-31
1786033780.077,2026-08-06 23:29:40,MANUAL,True,-7.9261812,112.5948632,232.38,0.0,0.0,TRACKING_BUOY (MANUAL),284,-36
1786033780.193,2026-08-06 23:29:40,MANUAL,True,-7.9261804,112.5948624,232.38,0.0,0.0,TRACKING_BUOY (MANUAL),283,-37
1786033780.311,2026-08-06 23:29:40,MANUAL,True,-7.92618,112.5948621,232.37,0.0,0.0,TRACKING_BUOY (MANUAL),281,-39
1786033780.430,2026-08-06 23:29:40,MANUAL,True,-7.9261795,112.5948616,232.36,0.0,0.0,TRACKING_BUOY (MANUAL),290,-30
1786033780.550,2026-08-06 23:29:40,MANUAL,True,-7.9261791,112.5948613,232.37,0.0,0.0,TRACKING_BUOY (MANUAL),0,-320
1786033780.665,2026-08-06 23:29:40,MANUAL,True,-7.9261786,112.5948609,232.38,0.0,0.0,TRACKING_BUOY (MANUAL),0,-320
1786033780.783,2026-08-06 23:29:40,MANUAL,True,-7.9261782,112.5948606,232.38,0.0,0.0,TRACKING_BUOY (MANUAL),0,-320
1786033780.899,2026-08-06 23:29:40,MANUAL,True,-7.9261774,112.5948604,232.41,0.0,0.0,TRACKING_BUOY (MANUAL),0,-320
1786033781.012,2026-08-06 23:29:41,MANUAL,True,-7.926177,112.5948602,232.43,0.0,0.0,TRACKING_BUOY (MANUAL),0,-320
1786033781.131,2026-08-06 23:29:41,MANUAL,True,-7.9261766,112.59486,232.39,0.0,0.0,TRACKING_BUOY (MANUAL),0,-320
1786033781.244,2026-08-06 23:29:41,MANUAL,True,-7.9261761,112.5948598,232.39,0.0,0.0,TRACKING_BUOY (MANUAL),640,320
1786033781.361,2026-08-06 23:29:41,MANUAL,True,-7.9261757,112.5948596,232.38,0.0,0.0,TRACKING_BUOY (MANUAL),640,320
1786033781.481,2026-08-06 23:29:41,MANUAL,True,-7.9261752,112.5948594,232.38,0.0,0.0,TRACKING_BUOY (MANUAL),349,29
1786033781.598,2026-08-06 23:29:41,MANUAL,True,-7.9261747,112.5948592,232.37,0.0,0.0,TRACKING_BUOY (MANUAL),350,30
1786033781.727,2026-08-06 23:29:41,MANUAL,True,-7.9261737,112.5948587,232.34,0.0,0.0,TRACKING_BUOY (MANUAL),361,41
1786033781.848,2026-08-06 23:29:41,MANUAL,True,-7.9261732,112.5948585,232.36,0.0,0.0,TRACKING_BUOY (MANUAL),367,47
1786033781.963,2026-08-06 23:29:41,MANUAL,True,-7.9261728,112.5948583,232.36,0.0,0.0,TRACKING_BUOY (MANUAL),365,45
1786033782.082,2026-08-06 23:29:42,MANUAL,True,-7.9261723,112.5948582,232.38,0.0,0.0,TRACKING_BUOY (MANUAL),353,33
1786033782.196,2026-08-06 23:29:42,MANUAL,True,-7.9261717,112.594858,232.4,0.0,0.0,TRACKING_BUOY (MANUAL),340,20
1786033782.314,2026-08-06 23:29:42,MANUAL,True,-7.9261714,112.5948579,232.4,0.0,0.0,TRACKING_BUOY (MANUAL),336,16
1786033782.439,2026-08-06 23:29:42,MANUAL,True,-7.9261712,112.594858,232.41,0.0,0.0,TRACKING_BUOY (MANUAL),328,8
1786033782.557,2026-08-06 23:29:42,MANUAL,True,-7.926171,112.594858,232.41,0.0,0.0,TRACKING_BUOY (MANUAL),321,1
1786033782.673,2026-08-06 23:29:42,MANUAL,True,-7.9261708,112.594858,232.41,0.0,0.0,TRACKING_BUOY (MANUAL),314,-6
1786033782.793,2026-08-06 23:29:42,MANUAL,True,-7.9261704,112.5948578,232.38,0.0,0.0,TRACKING_BUOY (MANUAL),310,-10
1786033782.907,2026-08-06 23:29:42,MANUAL,True,-7.9261701,112.5948576,232.39,0.0,0.0,TRACKING_BUOY (MANUAL),303,-17
1786033783.019,2026-08-06 23:29:43,MANUAL,True,-7.9261698,112.5948574,232.4,0.0,0.0,TRACKING_BUOY (MANUAL),299,-21
1786033783.142,2026-08-06 23:29:43,MANUAL,True,-7.9261695,112.5948571,232.39,0.0,0.0,TRACKING_BUOY (MANUAL),298,-22
1786033783.262,2026-08-06 23:29:43,MANUAL,True,-7.9261691,112.5948567,232.4,0.0,0.0,TRACKING_BUOY (MANUAL),297,-23
1786033783.387,2026-08-06 23:29:43,MANUAL,True,-7.9261682,112.5948558,232.37,0.0,0.0,TRACKING_BUOY (MANUAL),298,-22
1786033783.530,2026-08-06 23:29:43,MANUAL,True,-7.9261677,112.5948553,232.37,0.0,0.0,TRACKING_BUOY (MANUAL),305,-15
1786033783.649,2026-08-06 23:29:43,MANUAL,True,-7.9261672,112.5948548,232.38,0.0,0.0,TRACKING_BUOY (MANUAL),312,-8
1786033783.761,2026-08-06 23:29:43,MANUAL,True,-7.9261672,112.5948548,232.38,0.0,0.0,TRACKING_BUOY (MANUAL),318,-2
1786033783.878,2026-08-06 23:29:43,MANUAL,True,-7.9261663,112.5948538,232.38,0.0,0.0,TRACKING_BUOY (MANUAL),324,4
1786033783.996,2026-08-06 23:29:43,MANUAL,True,-7.9261658,112.5948535,232.37,0.0,0.0,TRACKING_BUOY (MANUAL),326,6
1786033784.132,2026-08-06 23:29:44,MANUAL,True,-7.9261649,112.594853,232.41,0.0,0.0,TRACKING_BUOY (MANUAL),329,9
1786033784.252,2026-08-06 23:29:44,MANUAL,True,-7.9261647,112.5948528,232.4,0.0,0.0,TRACKING_BUOY (MANUAL),330,10
1786033784.365,2026-08-06 23:29:44,MANUAL,True,-7.9261646,112.5948527,232.39,0.0,0.0,TRACKING_BUOY (MANUAL),329,9
1786033784.481,2026-08-06 23:29:44,MANUAL,True,-7.9261644,112.5948526,232.4,0.0,0.0,TRACKING_BUOY (MANUAL),329,9
1786033784.604,2026-08-06 23:29:44,MANUAL,True,-7.9261643,112.5948526,232.4,0.0,0.0,TRACKING_BUOY (MANUAL),327,7
1786033784.717,2026-08-06 23:29:44,MANUAL,True,-7.9261639,112.5948526,232.4,0.0,0.0,TRACKING_BUOY (MANUAL),325,5
1786033784.830,2026-08-06 23:29:44,MANUAL,True,-7.9261636,112.5948524,232.39,0.0,0.0,TRACKING_BUOY (MANUAL),321,1
1786033784.945,2026-08-06 23:29:44,MANUAL,True,-7.9261633,112.5948523,232.4,0.0,0.0,TRACKING_BUOY (MANUAL),317,-3
1786033785.063,2026-08-06 23:29:45,MANUAL,True,-7.926163,112.5948523,232.4,0.0,0.0,TRACKING_BUOY (MANUAL),315,-5
1786033785.182,2026-08-06 23:29:45,MANUAL,True,-7.9261627,112.5948522,232.41,0.0,0.0,TRACKING_BUOY (MANUAL),315,-5
1786033785.300,2026-08-06 23:29:45,MANUAL,True,-7.9261623,112.5948521,232.43,0.0,0.0,TRACKING_BUOY (MANUAL),312,-8
1786033785.414,2026-08-06 23:29:45,MANUAL,True,-7.9261614,112.5948516,232.45,0.0,0.0,TRACKING_BUOY (MANUAL),309,-11
1786033785.540,2026-08-06 23:29:45,MANUAL,True,-7.9261609,112.5948514,232.43,0.0,0.0,TRACKING_BUOY (MANUAL),308,-12
1786033785.661,2026-08-06 23:29:45,MANUAL,True,-7.9261609,112.5948514,232.43,0.0,0.0,TRACKING_BUOY (MANUAL),308,-12
1786033785.784,2026-08-06 23:29:45,MANUAL,True,-7.92616,112.594851,232.46,0.0,0.0,TRACKING_BUOY (MANUAL),314,-6
1786033785.905,2026-08-06 23:29:45,MANUAL,True,-7.9261596,112.5948508,232.46,0.0,0.0,TRACKING_BUOY (MANUAL),317,-3
1786033786.022,2026-08-06 23:29:46,MANUAL,True,-7.9261592,112.5948505,232.46,0.0,0.0,TRACKING_BUOY (MANUAL),317,-3
1786033786.135,2026-08-06 23:29:46,MANUAL,True,-7.9261585,112.5948503,232.47,0.0,0.0,TRACKING_BUOY (MANUAL),319,-1
1786033786.248,2026-08-06 23:29:46,MANUAL,True,-7.9261583,112.5948503,232.46,0.0,0.0,TRACKING_BUOY (MANUAL),320,0
1786033786.362,2026-08-06 23:29:46,MANUAL,True,-7.9261581,112.5948504,232.46,0.0,0.0,TRACKING_BUOY (MANUAL),321,1
1786033786.477,2026-08-06 23:29:46,MANUAL,True,-7.9261578,112.5948505,232.46,0.0,0.0,TRACKING_BUOY (MANUAL),323,3
1786033786.591,2026-08-06 23:29:46,MANUAL,True,-7.9261578,112.5948507,232.46,0.0,0.0,TRACKING_BUOY (MANUAL),325,5
1786033786.703,2026-08-06 23:29:46,MANUAL,True,-7.9261578,112.5948507,232.46,0.0,0.0,TRACKING_BUOY (MANUAL),327,7
1786033786.817,2026-08-06 23:29:46,MANUAL,True,-7.9261578,112.594851,232.48,0.0,0.0,TRACKING_BUOY (MANUAL),329,9
1786033786.928,2026-08-06 23:29:46,MANUAL,True,-7.9261578,112.5948511,232.47,0.0,0.0,TRACKING_BUOY (MANUAL),330,10
1786033787.043,2026-08-06 23:29:47,MANUAL,True,-7.9261583,112.5948513,232.46,0.0,0.0,TRACKING_BUOY (MANUAL),330,10
1786033787.157,2026-08-06 23:29:47,MANUAL,True,-7.9261588,112.5948513,232.47,0.0,0.0,TRACKING_BUOY (MANUAL),330,10
1786033787.271,2026-08-06 23:29:47,MANUAL,True,-7.926159,112.5948511,232.47,0.0,0.0,TRACKING_BUOY (MANUAL),330,10
1786033787.391,2026-08-06 23:29:47,MANUAL,True,-7.9261592,112.594851,232.46,0.0,0.0,TRACKING_BUOY (MANUAL),331,11
1786033787.513,2026-08-06 23:29:47,MANUAL,True,-7.9261593,112.5948509,232.47,0.0,0.0,TRACKING_BUOY (MANUAL),332,12
1786033787.661,2026-08-06 23:29:47,MANUAL,True,-7.9261594,112.5948508,232.46,0.0,0.0,TRACKING_BUOY (MANUAL),332,12
1786033787.806,2026-08-06 23:29:47,MANUAL,True,-7.9261598,112.5948507,232.47,0.0,0.0,TRACKING_BUOY (MANUAL),331,11
1786033787.947,2026-08-06 23:29:47,MANUAL,True,-7.9261598,112.5948507,232.46,0.0,0.0,TRACKING_BUOY (MANUAL),330,10
1786033788.125,2026-08-06 23:29:48,MANUAL,True,-7.92616,112.5948505,232.45,0.0,0.0,TRACKING_BUOY (MANUAL),329,9
1786033788.239,2026-08-06 23:29:48,MANUAL,True,-7.92616,112.5948503,232.46,0.0,0.0,TRACKING_BUOY (MANUAL),326,6
1786033788.352,2026-08-06 23:29:48,MANUAL,True,-7.92616,112.5948501,232.46,0.0,0.0,TRACKING_BUOY (MANUAL),325,5
1786033788.467,2026-08-06 23:29:48,MANUAL,True,-7.9261598,112.5948496,232.46,0.0,0.0,TRACKING_BUOY (MANUAL),323,3
1786033788.609,2026-08-06 23:29:48,MANUAL,True,-7.9261598,112.5948495,232.45,0.0,0.0,TRACKING_BUOY (MANUAL),323,3
1786033788.726,2026-08-06 23:29:48,MANUAL,True,-7.9261597,112.5948493,232.47,0.0,0.0,TRACKING_BUOY (MANUAL),319,-1
1786033788.844,2026-08-06 23:29:48,MANUAL,True,-7.9261598,112.5948494,232.49,0.0,0.0,TRACKING_BUOY (MANUAL),318,-2
1786033788.956,2026-08-06 23:29:48,MANUAL,True,-7.9261598,112.5948494,232.48,0.0,0.0,TRACKING_BUOY (MANUAL),317,-3
1786033789.076,2026-08-06 23:29:49,MANUAL,True,-7.92616,112.5948496,232.48,0.0,0.0,TRACKING_BUOY (MANUAL),315,-5
1786033789.199,2026-08-06 23:29:49,MANUAL,True,-7.9261602,112.5948497,232.47,0.0,0.0,TRACKING_BUOY (MANUAL),315,-5
1786033789.317,2026-08-06 23:29:49,MANUAL,True,-7.9261603,112.5948497,232.47,0.0,0.0,TRACKING_BUOY (MANUAL),314,-6
1786033789.431,2026-08-06 23:29:49,MANUAL,True,-7.9261604,112.5948499,232.48,0.0,0.0,TRACKING_BUOY (MANUAL),313,-7
1786033789.544,2026-08-06 23:29:49,MANUAL,True,-7.9261604,112.59485,232.49,0.0,0.0,TRACKING_BUOY (MANUAL),312,-8
1786033789.660,2026-08-06 23:29:49,MANUAL,True,-7.9261604,112.59485,232.49,0.0,0.0,TRACKING_BUOY (MANUAL),312,-8
1786033789.778,2026-08-06 23:29:49,MANUAL,True,-7.9261604,112.59485,232.49,0.0,0.0,TRACKING_BUOY (MANUAL),312,-8
1786033789.901,2026-08-06 23:29:49,MANUAL,True,-7.9261603,112.5948502,232.51,0.0,0.0,TRACKING_BUOY (MANUAL),312,-8
1786033790.023,2026-08-06 23:29:50,MANUAL,True,-7.9261601,112.5948502,232.48,0.0,0.0,TRACKING_BUOY (MANUAL),312,-8
1786033790.144,2026-08-06 23:29:50,MANUAL,True,-7.92616,112.5948502,232.5,0.0,0.0,TRACKING_BUOY (MANUAL),313,-7
1786033790.259,2026-08-06 23:29:50,MANUAL,True,-7.9261599,112.5948504,232.52,0.0,0.0,TRACKING_BUOY (MANUAL),314,-6
1786033790.372,2026-08-06 23:29:50,MANUAL,True,-7.9261599,112.5948505,232.51,0.0,0.0,TRACKING_BUOY (MANUAL),316,-4
1786033790.511,2026-08-06 23:29:50,MANUAL,True,-7.9261595,112.5948507,232.49,0.0,0.0,TRACKING_BUOY (MANUAL),318,-2
1786033790.629,2026-08-06 23:29:50,MANUAL,True,-7.9261593,112.5948508,232.5,0.0,0.0,TRACKING_BUOY (MANUAL),319,-1
1786033790.751,2026-08-06 23:29:50,MANUAL,True,-7.9261592,112.5948509,232.49,0.0,0.0,TRACKING_BUOY (MANUAL),320,0
1786033790.863,2026-08-06 23:29:50,MANUAL,True,-7.9261591,112.5948513,232.5,0.0,0.0,TRACKING_BUOY (MANUAL),318,-2
1786033790.977,2026-08-06 23:29:50,MANUAL,True,-7.9261591,112.5948515,232.51,0.0,0.0,TRACKING_BUOY (MANUAL),316,-4
1786033791.094,2026-08-06 23:29:51,MANUAL,True,-7.926159,112.5948518,232.51,0.0,0.0,TRACKING_BUOY (MANUAL),314,-6
1786033791.212,2026-08-06 23:29:51,MANUAL,True,-7.926159,112.5948521,232.5,0.0,0.0,TRACKING_BUOY (MANUAL),311,-9
1786033791.330,2026-08-06 23:29:51,MANUAL,True,-7.9261589,112.5948523,232.49,0.0,0.0,TRACKING_BUOY (MANUAL),311,-9
1786033791.445,2026-08-06 23:29:51,MANUAL,True,-7.9261589,112.5948527,232.49,0.0,0.0,TRACKING_BUOY (MANUAL),311,-9
1786033791.567,2026-08-06 23:29:51,MANUAL,True,-7.9261589,112.5948529,232.51,0.0,0.0,TRACKING_BUOY (MANUAL),312,-8
1786033791.679,2026-08-06 23:29:51,MANUAL,True,-7.9261588,112.5948534,232.51,0.0,0.0,TRACKING_BUOY (MANUAL),314,-6
1786033791.794,2026-08-06 23:29:51,MANUAL,True,-7.9261588,112.5948538,232.5,0.0,0.0,TRACKING_BUOY (MANUAL),316,-4
1786033791.915,2026-08-06 23:29:51,MANUAL,True,-7.9261588,112.5948541,232.5,0.0,0.0,TRACKING_BUOY (MANUAL),317,-3
1786033792.031,2026-08-06 23:29:52,MANUAL,True,-7.9261588,112.5948544,232.49,0.0,0.0,TRACKING_BUOY (MANUAL),319,-1
1786033792.146,2026-08-06 23:29:52,MANUAL,True,-7.9261589,112.5948547,232.49,0.0,0.0,TRACKING_BUOY (MANUAL),322,2
1786033792.259,2026-08-06 23:29:52,MANUAL,True,-7.9261589,112.5948551,232.49,0.0,0.0,TRACKING_BUOY (MANUAL),323,3
1786033792.373,2026-08-06 23:29:52,MANUAL,True,-7.9261589,112.5948553,232.48,0.0,0.0,TRACKING_BUOY (MANUAL),324,4
1786033792.486,2026-08-06 23:29:52,MANUAL,True,-7.926159,112.5948558,232.51,0.0,0.0,TRACKING_BUOY (MANUAL),324,4
1786033792.608,2026-08-06 23:29:52,MANUAL,True,-7.926159,112.5948565,232.5,0.0,0.0,TRACKING_BUOY (MANUAL),324,4
1786033792.738,2026-08-06 23:29:52,MANUAL,True,-7.926159,112.5948568,232.49,0.0,0.0,TRACKING_BUOY (MANUAL),324,4
1786033792.859,2026-08-06 23:29:52,MANUAL,True,-7.9261589,112.5948572,232.49,0.0,0.0,TRACKING_BUOY (MANUAL),322,2
1786033792.970,2026-08-06 23:29:52,MANUAL,True,-7.9261589,112.5948574,232.49,0.0,0.0,TRACKING_BUOY (MANUAL),320,0
1786033793.089,2026-08-06 23:29:53,MANUAL,True,-7.9261586,112.594858,232.48,0.0,0.0,TRACKING_BUOY (MANUAL),319,-1
1786033793.224,2026-08-06 23:29:53,MANUAL,True,-7.9261585,112.5948582,232.49,0.0,0.0,TRACKING_BUOY (MANUAL),318,-2
1786033793.342,2026-08-06 23:29:53,MANUAL,True,-7.9261584,112.5948584,232.48,0.0,0.0,TRACKING_BUOY (MANUAL),319,-1
1786033793.459,2026-08-06 23:29:53,MANUAL,True,-7.9261582,112.5948587,232.46,0.0,0.0,TRACKING_BUOY (MANUAL),319,-1
1786033793.573,2026-08-06 23:29:53,MANUAL,True,-7.9261581,112.5948588,232.45,0.0,0.0,TRACKING_BUOY (MANUAL),320,0
1786033793.716,2026-08-06 23:29:53,MANUAL,True,-7.9261576,112.5948594,232.46,0.0,0.0,TRACKING_BUOY (MANUAL),322,2
1786033793.834,2026-08-06 23:29:53,MANUAL,True,-7.9261574,112.5948596,232.47,0.0,0.0,TRACKING_BUOY (MANUAL),322,2
1786033793.946,2026-08-06 23:29:53,MANUAL,True,-7.9261573,112.5948598,232.45,0.0,0.0,TRACKING_BUOY,321,1
1786033794.079,2026-08-06 23:29:54,MANUAL,True,-7.9261568,112.5948601,232.49,0.0,0.0,FINISH,320,0
1786033794.214,2026-08-06 23:29:54,MANUAL,True,-7.9261564,112.5948602,232.48,0.0,0.0,IDLE,320,0
1786033794.338,2026-08-06 23:29:54,MANUAL,True,-7.9261561,112.5948602,232.49,0.0,0.0,IDLE,320,0
1786033794.463,2026-08-06 23:29:54,MANUAL,True,-7.9261558,112.5948603,232.49,0.0,0.0,IDLE,321,1
1786033794.584,2026-08-06 23:29:54,MANUAL,True,-7.9261556,112.5948604,232.49,0.0,0.0,IDLE,321,1
1786033794.711,2026-08-06 23:29:54,MANUAL,True,-7.9261553,112.5948605,232.48,0.0,0.0,IDLE,320,0
1786033794.837,2026-08-06 23:29:54,MANUAL,True,-7.9261548,112.5948604,232.5,0.0,0.0,IDLE,320,0
1786033794.962,2026-08-06 23:29:54,MANUAL,True,-7.9261546,112.5948604,232.49,0.0,0.0,IDLE,321,1
1786033795.080,2026-08-06 23:29:55,MANUAL,True,-7.9261544,112.5948604,232.5,0.0,0.0,IDLE,323,3
1786033795.194,2026-08-06 23:29:55,MANUAL,True,-7.9261538,112.5948604,232.51,0.0,0.0,IDLE,,
1786033795.311,2026-08-06 23:29:55,MANUAL,True,-7.9261536,112.5948605,232.5,0.0,0.0,IDLE,,
1786033795.428,2026-08-06 23:29:55,MANUAL,True,-7.9261533,112.5948605,232.51,0.0,0.0,IDLE,,
1786033795.551,2026-08-06 23:29:55,MANUAL,True,-7.926153,112.5948606,232.52,0.0,0.0,IDLE,,
1786033795.661,2026-08-06 23:29:55,MANUAL,True,-7.9261528,112.5948606,232.52,0.0,0.0,IDLE,,
1786033795.774,2026-08-06 23:29:55,MANUAL,True,-7.9261525,112.5948606,232.52,0.0,0.0,IDLE,,
1786033795.888,2026-08-06 23:29:55,MANUAL,True,-7.9261523,112.5948607,232.52,0.0,0.0,IDLE,,
1786033796.000,2026-08-06 23:29:56,MANUAL,True,-7.9261521,112.5948611,232.5,0.0,0.0,IDLE,,
1786033796.112,2026-08-06 23:29:56,MANUAL,True,-7.926152,112.5948614,232.52,0.0,0.0,IDLE,,
1786033796.231,2026-08-06 23:29:56,MANUAL,True,-7.926152,112.5948617,232.52,0.0,0.0,IDLE,,
1786033796.345,2026-08-06 23:29:56,MANUAL,True,-7.9261519,112.594862,232.52,0.0,0.0,IDLE,,
1786033796.462,2026-08-06 23:29:56,MANUAL,True,-7.9261519,112.5948625,232.51,0.0,0.0,IDLE,,
1786033796.576,2026-08-06 23:29:56,MANUAL,True,-7.9261519,112.5948629,232.52,0.0,0.0,IDLE,,
1786033796.699,2026-08-06 23:29:56,MANUAL,True,-7.9261519,112.5948639,232.51,0.0,0.0,IDLE,,
1786033796.819,2026-08-06 23:29:56,MANUAL,True,-7.9261519,112.5948643,232.51,0.0,0.0,IDLE,,
1786033796.940,2026-08-06 23:29:56,MANUAL,True,-7.9261519,112.5948647,232.5,0.0,0.0,IDLE,,
1786033797.062,2026-08-06 23:29:57,MANUAL,True,-7.9261519,112.594865,232.49,0.0,0.0,IDLE,,
1786033797.208,2026-08-06 23:29:57,MANUAL,True,-7.9261521,112.5948655,232.51,0.0,0.0,IDLE,,
1786033797.335,2026-08-06 23:29:57,MANUAL,True,-7.9261523,112.5948658,232.5,0.0,0.0,IDLE,,
1786033797.454,2026-08-06 23:29:57,MANUAL,True,-7.9261523,112.5948661,232.5,0.0,0.0,IDLE,,
1786033797.610,2026-08-06 23:29:57,MANUAL,True,-7.9261524,112.5948663,232.51,0.0,0.0,IDLE,,
1786033797.754,2026-08-06 23:29:57,MANUAL,True,-7.9261528,112.5948669,232.5,0.0,0.0,IDLE,,
1786033797.869,2026-08-06 23:29:57,MANUAL,True,-7.9261532,112.5948672,232.5,0.0,0.0,IDLE,,
1786033797.981,2026-08-06 23:29:57,MANUAL,True,-7.9261535,112.5948676,232.5,0.0,0.0,IDLE,,
1786033798.105,2026-08-06 23:29:58,MANUAL,True,-7.9261541,112.5948684,232.49,0.0,0.0,IDLE,,
1786033798.223,2026-08-06 23:29:58,MANUAL,True,-7.9261546,112.594869,232.48,0.0,0.0,IDLE,,
1786033798.336,2026-08-06 23:29:58,MANUAL,True,-7.9261551,112.5948695,232.47,0.0,0.0,IDLE,,
1786033798.458,2026-08-06 23:29:58,MANUAL,True,-7.9261556,112.5948701,232.46,0.0,0.0,IDLE,,
1786033798.587,2026-08-06 23:29:58,MANUAL,True,-7.9261566,112.5948713,232.47,0.0,0.0,IDLE,,
1786033798.703,2026-08-06 23:29:58,MANUAL,True,-7.9261566,112.5948713,232.47,0.0,0.0,IDLE,,
1786033798.852,2026-08-06 23:29:58,MANUAL,True,-7.9261575,112.5948725,232.47,0.0,0.0,IDLE,,
1786033798.965,2026-08-06 23:29:58,MANUAL,True,-7.9261579,112.594873,232.47,0.0,0.0,IDLE,,
1786033799.084,2026-08-06 23:29:59,MANUAL,True,-7.9261584,112.5948737,232.48,0.0,0.0,IDLE,,
1786033799.212,2026-08-06 23:29:59,MANUAL,True,-7.9261593,112.594875,232.47,0.0,0.0,IDLE,,
1786033799.326,2026-08-06 23:29:59,MANUAL,True,-7.9261598,112.5948756,232.47,0.0,0.0,IDLE,,
1786033799.446,2026-08-06 23:29:59,MANUAL,True,-7.9261604,112.5948763,232.46,0.0,0.0,IDLE,,
1786033799.571,2026-08-06 23:29:59,MANUAL,True,-7.9261609,112.5948769,232.46,0.0,0.0,IDLE,,
1786033799.692,2026-08-06 23:29:59,MANUAL,True,-7.9261623,112.5948785,232.44,0.0,0.0,IDLE,,
1786033799.809,2026-08-06 23:29:59,MANUAL,True,-7.9261631,112.5948794,232.44,0.0,0.0,IDLE,,
1786033799.925,2026-08-06 23:29:59,MANUAL,True,-7.9261638,112.5948803,232.45,0.0,0.0,IDLE,,
1786033800.042,2026-08-06 23:30:00,MANUAL,True,-7.9261648,112.5948813,232.44,0.0,0.0,IDLE,,
1786033800.159,2026-08-06 23:30:00,MANUAL,True,-7.9261656,112.5948822,232.44,0.0,0.0,IDLE,,
1786033800.276,2026-08-06 23:30:00,MANUAL,True,-7.9261665,112.5948831,232.42,0.0,0.0,IDLE,,
1786033800.389,2026-08-06 23:30:00,MANUAL,True,-7.926168,112.5948848,232.41,0.0,0.0,IDLE,,
1786033800.517,2026-08-06 23:30:00,MANUAL,True,-7.9261688,112.5948856,232.41,0.0,0.0,IDLE,,
1786033800.623,2026-08-06 23:30:00,MANUAL,True,-7.9261688,112.5948856,232.41,0.0,0.0,IDLE,,
1786033800.737,2026-08-06 23:30:00,MANUAL,True,-7.9261704,112.5948873,232.41,0.0,0.0,IDLE,,
1786033800.847,2026-08-06 23:30:00,MANUAL,True,-7.9261713,112.5948881,232.41,0.0,0.0,IDLE,,
1786033800.959,2026-08-06 23:30:00,MANUAL,True,-7.9261721,112.5948889,232.41,0.0,0.0,IDLE,,
1786033801.078,2026-08-06 23:30:01,MANUAL,True,-7.926173,112.5948897,232.42,0.0,0.0,IDLE,,
1786033801.189,2026-08-06 23:30:01,MANUAL,True,-7.9261746,112.5948911,232.42,0.0,0.0,IDLE,,
1786033801.305,2026-08-06 23:30:01,MANUAL,True,-7.9261753,112.5948918,232.4,0.0,0.0,IDLE,,
1786033801.424,2026-08-06 23:30:01,MANUAL,True,-7.9261761,112.5948925,232.41,0.0,0.0,IDLE,,
1786033801.547,2026-08-06 23:30:01,MANUAL,True,-7.9261768,112.5948931,232.41,0.0,0.0,IDLE,,
1786033801.660,2026-08-06 23:30:01,MANUAL,True,-7.9261777,112.5948939,232.41,0.0,0.0,IDLE,,
1786033801.774,2026-08-06 23:30:01,MANUAL,True,-7.9261785,112.5948947,232.41,0.0,0.0,IDLE,,
1786033801.893,2026-08-06 23:30:01,MANUAL,True,-7.9261802,112.5948962,232.39,0.0,0.0,IDLE,,
1786033802.012,2026-08-06 23:30:02,MANUAL,True,-7.9261811,112.5948969,232.39,0.0,0.0,IDLE,,
1786033802.128,2026-08-06 23:30:02,MANUAL,True,-7.9261819,112.5948977,232.39,0.0,0.0,IDLE,,
1786033802.254,2026-08-06 23:30:02,MANUAL,True,-7.9261829,112.5948984,232.38,0.0,0.0,IDLE,,
1786033802.387,2026-08-06 23:30:02,MANUAL,True,-7.9261846,112.5948996,232.39,0.0,0.0,IDLE,,
1786033802.510,2026-08-06 23:30:02,MANUAL,True,-7.9261853,112.5949002,232.41,0.0,0.0,IDLE,,
1786033802.625,2026-08-06 23:30:02,MANUAL,True,-7.9261861,112.5949007,232.42,0.0,0.0,IDLE,,
1786033802.742,2026-08-06 23:30:02,MANUAL,True,-7.9261867,112.5949011,232.43,0.0,0.0,IDLE,,
1786033802.873,2026-08-06 23:30:02,MANUAL,True,-7.9261874,112.5949015,232.43,0.0,0.0,IDLE,,
1786033802.991,2026-08-06 23:30:02,MANUAL,True,-7.9261887,112.5949021,232.45,0.0,0.0,IDLE,,
1786033803.111,2026-08-06 23:30:03,MANUAL,True,-7.9261894,112.5949025,232.45,0.0,0.0,IDLE,,
1786033803.238,2026-08-06 23:30:03,MANUAL,True,-7.92619,112.5949028,232.44,0.0,0.0,IDLE,,
1786033803.353,2026-08-06 23:30:03,MANUAL,True,-7.9261907,112.5949032,232.44,0.0,0.0,IDLE,,
1786033803.467,2026-08-06 23:30:03,MANUAL,True,-7.9261915,112.5949036,232.44,0.0,0.0,IDLE,,
1786033803.587,2026-08-06 23:30:03,MANUAL,True,-7.9261922,112.594904,232.45,0.0,0.0,IDLE,,
1786033803.705,2026-08-06 23:30:03,MANUAL,True,-7.9261933,112.5949047,232.45,0.0,0.0,IDLE,,
1786033803.828,2026-08-06 23:30:03,MANUAL,True,-7.9261939,112.5949051,232.46,0.0,0.0,IDLE,,
1786033803.948,2026-08-06 23:30:03,MANUAL,True,-7.9261946,112.5949055,232.46,0.0,0.0,IDLE,,
1786033804.079,2026-08-06 23:30:04,MANUAL,True,-7.9261952,112.5949059,232.47,0.0,0.0,IDLE,,
1786033804.217,2026-08-06 23:30:04,MANUAL,True,-7.9261963,112.5949066,232.48,0.0,0.0,IDLE,,
1786033804.345,2026-08-06 23:30:04,MANUAL,True,-7.9261969,112.594907,232.48,0.0,0.0,IDLE,,
1786033804.466,2026-08-06 23:30:04,MANUAL,True,-7.9261973,112.5949072,232.49,0.0,0.0,IDLE,,
1786033804.613,2026-08-06 23:30:04,MANUAL,True,-7.926198,112.5949075,232.51,0.0,0.0,IDLE,,
1786033804.737,2026-08-06 23:30:04,MANUAL,True,-7.926198,112.5949075,232.51,0.0,0.0,IDLE,,
1786033804.862,2026-08-06 23:30:04,MANUAL,True,-7.9261989,112.5949076,232.55,0.0,0.0,IDLE,,
1786033804.980,2026-08-06 23:30:04,MANUAL,True,-7.9261992,112.5949077,232.55,0.0,0.0,IDLE,,
1786033805.097,2026-08-06 23:30:05,MANUAL,True,-7.9261997,112.594908,232.54,0.0,0.0,IDLE,,
1786033805.212,2026-08-06 23:30:05,MANUAL,True,-7.9262005,112.5949085,232.54,0.0,0.0,IDLE,,
1786033805.326,2026-08-06 23:30:05,MANUAL,True,-7.9262008,112.5949087,232.55,0.0,0.0,IDLE,,
1786033805.465,2026-08-06 23:30:05,MANUAL,True,-7.9262011,112.5949088,232.55,0.0,0.0,IDLE,,
1786033805.584,2026-08-06 23:30:05,MANUAL,True,-7.9262014,112.594909,232.56,0.0,0.0,IDLE,,
1786033805.708,2026-08-06 23:30:05,MANUAL,True,-7.9262021,112.5949094,232.56,0.0,0.0,IDLE,,
1786033805.861,2026-08-06 23:30:05,MANUAL,True,-7.9262025,112.5949095,232.57,0.0,0.0,IDLE,,
1786033805.979,2026-08-06 23:30:05,MANUAL,True,-7.9262028,112.5949097,232.58,0.0,0.0,IDLE,,
1786033806.101,2026-08-06 23:30:06,MANUAL,True,-7.9262034,112.59491,232.59,0.0,0.0,IDLE,,
1786033806.221,2026-08-06 23:30:06,MANUAL,True,-7.9262045,112.5949106,232.59,0.0,0.0,IDLE,,
1786033806.362,2026-08-06 23:30:06,MANUAL,True,-7.9262049,112.5949108,232.6,0.0,0.0,IDLE,,
1786033806.513,2026-08-06 23:30:06,MANUAL,True,-7.9262061,112.5949112,232.61,0.0,0.0,IDLE,,
1786033806.658,2026-08-06 23:30:06,MANUAL,True,-7.926207,112.5949116,232.61,0.0,0.0,IDLE,,
1786033806.779,2026-08-06 23:30:06,MANUAL,True,-7.9262074,112.5949118,232.63,0.0,0.0,IDLE,,
1786033806.912,2026-08-06 23:30:06,MANUAL,True,-7.9262085,112.5949124,232.63,0.0,0.0,IDLE,,
1786033807.030,2026-08-06 23:30:07,MANUAL,True,-7.9262092,112.5949129,232.62,0.0,0.0,IDLE,,
1786033807.145,2026-08-06 23:30:07,MANUAL,True,-7.9262098,112.5949133,232.61,0.0,0.0,IDLE,,
1786033807.258,2026-08-06 23:30:07,MANUAL,True,-7.9262103,112.5949137,232.6,0.0,0.0,IDLE,,
1786033807.369,2026-08-06 23:30:07,MANUAL,True,-7.9262107,112.594914,232.59,0.0,0.0,IDLE,,
1786033807.482,2026-08-06 23:30:07,MANUAL,True,-7.926211,112.5949142,232.6,0.0,0.0,IDLE,,
1786033807.599,2026-08-06 23:30:07,MANUAL,True,-7.9262113,112.5949144,232.61,0.0,0.0,IDLE,,
1786033807.715,2026-08-06 23:30:07,MANUAL,True,-7.9262117,112.5949144,232.62,0.0,0.0,IDLE,,
1786033807.829,2026-08-06 23:30:07,MANUAL,True,-7.9262119,112.5949143,232.64,0.0,0.0,IDLE,,
1786033807.943,2026-08-06 23:30:07,MANUAL,True,-7.926212,112.5949143,232.65,0.0,0.0,IDLE,,
1786033808.058,2026-08-06 23:30:08,MANUAL,True,-7.926212,112.5949141,232.66,0.0,0.0,IDLE,,
1786033808.175,2026-08-06 23:30:08,MANUAL,True,-7.9262121,112.5949141,232.67,0.0,0.0,IDLE,,
1786033808.292,2026-08-06 23:30:08,MANUAL,True,-7.926212,112.5949137,232.68,0.0,0.0,IDLE,,
1786033808.412,2026-08-06 23:30:08,MANUAL,True,-7.9262118,112.5949133,232.69,0.0,0.0,IDLE,,
1786033808.532,2026-08-06 23:30:08,MANUAL,True,-7.9262117,112.5949132,232.68,0.0,0.0,IDLE,,
1786033808.648,2026-08-06 23:30:08,MANUAL,True,-7.9262114,112.594913,232.68,0.0,0.0,IDLE,,
1786033808.764,2026-08-06 23:30:08,MANUAL,True,-7.9262113,112.5949129,232.67,0.0,0.0,IDLE,,
1786033808.898,2026-08-06 23:30:08,MANUAL,True,-7.926211,112.5949127,232.7,0.0,0.0,IDLE,,
1786033809.019,2026-08-06 23:30:09,MANUAL,True,-7.9262107,112.5949125,232.71,0.0,0.0,IDLE,,
1786033809.140,2026-08-06 23:30:09,MANUAL,True,-7.9262106,112.5949123,232.7,0.0,0.0,IDLE,,
1786033809.258,2026-08-06 23:30:09,MANUAL,True,-7.9262103,112.5949121,232.69,0.0,0.0,IDLE,,
1786033809.370,2026-08-06 23:30:09,MANUAL,True,-7.9262101,112.5949118,232.7,0.0,0.0,IDLE,,
1786033809.483,2026-08-06 23:30:09,MANUAL,True,-7.9262096,112.5949111,232.73,0.0,0.0,IDLE,,
1786033809.600,2026-08-06 23:30:09,MANUAL,True,-7.9262091,112.5949105,232.75,0.0,0.0,IDLE,,
1786033809.712,2026-08-06 23:30:09,MANUAL,True,-7.9262091,112.5949105,232.75,0.0,0.0,IDLE,,
1786033809.826,2026-08-06 23:30:09,MANUAL,True,-7.9262078,112.5949088,232.78,0.0,0.0,IDLE,,
1786033809.936,2026-08-06 23:30:09,MANUAL,True,-7.9262073,112.5949085,232.78,0.0,0.0,IDLE,,
1786033810.053,2026-08-06 23:30:10,MANUAL,True,-7.9262071,112.5949081,232.78,0.0,0.0,IDLE,,
1786033810.164,2026-08-06 23:30:10,MANUAL,True,-7.9262067,112.5949078,232.78,0.0,0.0,IDLE,,
1786033810.283,2026-08-06 23:30:10,MANUAL,True,-7.9262064,112.5949074,232.79,0.0,0.0,IDLE,,
1786033810.404,2026-08-06 23:30:10,MANUAL,True,-7.926206,112.5949072,232.81,0.0,0.0,IDLE,,
1786033810.531,2026-08-06 23:30:10,MANUAL,True,-7.9262055,112.5949069,232.84,0.0,0.0,IDLE,,
1786033810.639,2026-08-06 23:30:10,MANUAL,True,-7.9262055,112.5949069,232.84,0.0,0.0,IDLE,,
1786033810.760,2026-08-06 23:30:10,MANUAL,True,-7.9262051,112.5949069,232.84,0.0,0.0,IDLE,,
1786033810.888,2026-08-06 23:30:10,MANUAL,True,-7.926205,112.594907,232.84,0.0,0.0,IDLE,,
1786033811.027,2026-08-06 23:30:11,MANUAL,True,-7.9262048,112.5949072,232.85,0.0,0.0,IDLE,,
1786033811.399,2026-08-06 23:30:11,MANUAL,True,-7.9262042,112.5949077,232.85,0.0,0.0,IDLE,,
1786033811.577,2026-08-06 23:30:11,MANUAL,True,-7.9262039,112.594908,232.86,0.0,0.0,IDLE,,
1786033811.732,2026-08-06 23:30:11,MANUAL,True,-7.9262038,112.5949082,232.86,0.0,0.0,IDLE,,
1786033811.876,2026-08-06 23:30:11,MANUAL,True,-7.9262037,112.5949089,232.87,0.0,0.0,IDLE,,
1786033812.013,2026-08-06 23:30:12,MANUAL,True,-7.9262038,112.5949097,232.87,0.0,0.0,IDLE,,
1786033812.156,2026-08-06 23:30:12,MANUAL,True,-7.9262038,112.5949105,232.86,0.0,0.0,IDLE,,
1786033812.292,2026-08-06 23:30:12,MANUAL,True,-7.9262038,112.594911,232.85,0.0,0.0,IDLE,,
1786033812.448,2026-08-06 23:30:12,MANUAL,True,-7.9262038,112.594912,232.87,0.0,0.0,IDLE,,
1786033812.573,2026-08-06 23:30:12,MANUAL,True,-7.9262038,112.5949128,232.89,0.0,0.0,IDLE,,
1786033812.696,2026-08-06 23:30:12,MANUAL,True,-7.9262039,112.5949132,232.89,0.0,0.0,IDLE,,
1786033812.846,2026-08-06 23:30:12,MANUAL,True,-7.926204,112.5949146,232.9,0.0,0.0,IDLE,,
1786033812.966,2026-08-06 23:30:12,MANUAL,True,-7.926204,112.5949152,232.9,0.0,0.0,IDLE,,
1786033813.094,2026-08-06 23:30:13,MANUAL,True,-7.9262041,112.5949158,232.9,0.0,0.0,IDLE,,
1786033813.216,2026-08-06 23:30:13,MANUAL,True,-7.9262042,112.5949167,232.89,0.0,0.0,IDLE,,
1786033813.343,2026-08-06 23:30:13,MANUAL,True,-7.9262043,112.5949172,232.89,0.0,0.0,IDLE,,
1786033813.464,2026-08-06 23:30:13,MANUAL,True,-7.9262046,112.5949187,232.9,0.0,0.0,IDLE,,
1786033813.578,2026-08-06 23:30:13,MANUAL,True,-7.9262046,112.5949187,232.9,0.0,0.0,IDLE,,
1786033813.690,2026-08-06 23:30:13,MANUAL,True,-7.9262047,112.5949197,232.87,0.0,0.0,IDLE,,
1786033813.808,2026-08-06 23:30:13,MANUAL,True,-7.9262051,112.5949209,232.87,0.0,0.0,IDLE,,
1786033813.936,2026-08-06 23:30:13,MANUAL,True,-7.9262052,112.5949213,232.88,0.0,0.0,IDLE,,
1786033814.087,2026-08-06 23:30:14,MANUAL,True,-7.9262058,112.5949227,232.88,0.0,0.0,IDLE,,
1786033814.203,2026-08-06 23:30:14,MANUAL,True,-7.926206,112.5949237,232.88,0.0,0.0,IDLE,,
1786033814.322,2026-08-06 23:30:14,MANUAL,True,-7.9262063,112.5949244,232.88,0.0,0.0,IDLE,,
1786033814.445,2026-08-06 23:30:14,MANUAL,True,-7.9262068,112.5949256,232.88,0.0,0.0,IDLE,,
1786033814.561,2026-08-06 23:30:14,MANUAL,True,-7.9262072,112.5949265,232.88,0.0,0.0,IDLE,,
1786033814.676,2026-08-06 23:30:14,MANUAL,True,-7.9262081,112.5949283,232.88,0.0,0.0,IDLE,,
1786033814.793,2026-08-06 23:30:14,MANUAL,True,-7.9262087,112.5949293,232.88,0.0,0.0,IDLE,,
1786033814.925,2026-08-06 23:30:14,MANUAL,True,-7.9262092,112.5949301,232.88,0.0,0.0,IDLE,,
1786033815.050,2026-08-06 23:30:15,MANUAL,True,-7.9262096,112.5949311,232.89,0.0,0.0,IDLE,,
1786033815.175,2026-08-06 23:30:15,MANUAL,True,-7.9262105,112.5949327,232.91,0.0,0.0,IDLE,,
1786033815.315,2026-08-06 23:30:15,MANUAL,True,-7.9262109,112.5949335,232.9,0.0,0.0,IDLE,,
1786033815.437,2026-08-06 23:30:15,MANUAL,True,-7.9262113,112.5949344,232.89,0.0,0.0,IDLE,,
1786033815.590,2026-08-06 23:30:15,MANUAL,True,-7.9262121,112.5949358,232.89,0.0,0.0,IDLE,,
1786033815.717,2026-08-06 23:30:15,MANUAL,True,-7.9262124,112.5949364,232.91,0.0,0.0,IDLE,,
1786033815.842,2026-08-06 23:30:15,MANUAL,True,-7.9262127,112.594937,232.91,0.0,0.0,IDLE,,
1786033815.972,2026-08-06 23:30:15,MANUAL,True,-7.9262132,112.5949381,232.93,0.0,0.0,IDLE,,
1786033816.090,2026-08-06 23:30:16,MANUAL,True,-7.9262134,112.5949386,232.92,0.0,0.0,IDLE,,
1786033816.203,2026-08-06 23:30:16,MANUAL,True,-7.9262138,112.5949391,232.92,0.0,0.0,IDLE,,
1786033816.328,2026-08-06 23:30:16,MANUAL,True,-7.9262142,112.5949396,232.92,0.0,0.0,IDLE,,
1786033816.445,2026-08-06 23:30:16,MANUAL,True,-7.9262147,112.5949401,232.91,0.0,0.0,IDLE,,
1786033816.572,2026-08-06 23:30:16,MANUAL,True,-7.926215,112.5949405,232.92,0.0,0.0,IDLE,,
1786033816.690,2026-08-06 23:30:16,MANUAL,True,-7.9262155,112.5949411,232.93,0.0,0.0,IDLE,,
1786033816.811,2026-08-06 23:30:16,MANUAL,True,-7.9262165,112.5949421,232.92,0.0,0.0,IDLE,,
1786033816.933,2026-08-06 23:30:16,MANUAL,True,-7.9262168,112.5949425,232.94,0.0,0.0,IDLE,,
1786033817.055,2026-08-06 23:30:17,MANUAL,True,-7.9262174,112.5949431,232.93,0.0,0.0,IDLE,,
1786033817.173,2026-08-06 23:30:17,MANUAL,True,-7.9262177,112.5949435,232.94,0.0,0.0,IDLE,,
1786033817.290,2026-08-06 23:30:17,MANUAL,True,-7.9262184,112.5949442,232.93,0.0,0.0,IDLE,,
1786033817.423,2026-08-06 23:30:17,MANUAL,True,-7.9262187,112.5949446,232.93,0.0,0.0,IDLE,,
1786033817.557,2026-08-06 23:30:17,MANUAL,True,-7.926219,112.5949449,232.91,0.0,0.0,IDLE,,
1786033817.674,2026-08-06 23:30:17,MANUAL,True,-7.9262193,112.5949452,232.92,0.0,0.0,IDLE,,
1786033817.790,2026-08-06 23:30:17,MANUAL,True,-7.9262198,112.5949456,232.93,0.0,0.0,IDLE,,
1786033817.909,2026-08-06 23:30:17,MANUAL,True,-7.92622,112.5949458,232.93,0.0,0.0,IDLE,,
1786033818.031,2026-08-06 23:30:18,MANUAL,True,-7.9262203,112.594946,232.92,0.0,0.0,IDLE,,
1786033818.166,2026-08-06 23:30:18,GUIDED,True,-7.9262205,112.5949462,232.93,0.0,0.0,START,,
1786033818.283,2026-08-06 23:30:18,GUIDED,True,-7.9262207,112.5949463,232.93,0.0,0.0,START,,
1786033818.397,2026-08-06 23:30:18,GUIDED,True,-7.9262211,112.5949467,232.94,0.0,0.0,START,,
1786033818.509,2026-08-06 23:30:18,GUIDED,True,-7.9262213,112.5949468,232.94,0.0,0.0,START,,
1786033818.622,2026-08-06 23:30:18,GUIDED,True,-7.9262213,112.5949468,232.94,0.0,0.0,START,,
1786033818.734,2026-08-06 23:30:18,GUIDED,True,-7.9262216,112.5949469,232.94,0.0,0.0,START,,
1786033818.851,2026-08-06 23:30:18,GUIDED,True,-7.9262218,112.594947,232.93,0.0,0.0,START,,
1786033818.968,2026-08-06 23:30:18,GUIDED,True,-7.926222,112.5949471,232.92,0.0,0.0,START,,
1786033819.127,2026-08-06 23:30:19,GUIDED,True,-7.9262223,112.5949475,232.92,0.0,0.0,START,,
1786033819.245,2026-08-06 23:30:19,GUIDED,True,-7.9262225,112.5949478,232.92,0.0,0.0,START,,
1786033819.368,2026-08-06 23:30:19,GUIDED,True,-7.9262227,112.5949481,232.92,0.0,0.0,START,,
1786033819.492,2026-08-06 23:30:19,GUIDED,True,-7.9262231,112.5949485,232.94,0.0,0.0,START,,
1786033819.611,2026-08-06 23:30:19,GUIDED,True,-7.9262231,112.5949485,232.94,0.0,0.0,START,,
1786033819.737,2026-08-06 23:30:19,GUIDED,True,-7.9262233,112.5949488,232.92,0.0,0.0,START,0,-320
1786033819.862,2026-08-06 23:30:19,GUIDED,True,-7.9262236,112.594949,232.91,0.0,0.0,START,0,-320
1786033819.981,2026-08-06 23:30:19,GUIDED,True,-7.9262237,112.5949491,232.93,0.0,0.0,START,0,-320
1786033820.103,2026-08-06 23:30:20,GUIDED,True,-7.9262239,112.5949492,232.92,0.0,0.0,START,0,-320
1786033820.231,2026-08-06 23:30:20,GUIDED,True,-7.9262242,112.5949495,232.92,0.0,0.0,TRACKING_BUOY (MANUAL),345,25
1786033820.357,2026-08-06 23:30:20,MANUAL,True,-7.9262244,112.5949497,232.9,0.0,0.0,TRACKING_BUOY (MANUAL),341,21
1786033820.512,2026-08-06 23:30:20,MANUAL,True,-7.9262247,112.5949499,232.89,0.0,0.0,TRACKING_BUOY (MANUAL),333,13
1786033820.641,2026-08-06 23:30:20,MANUAL,True,-7.9262247,112.5949499,232.89,0.0,0.0,TRACKING_BUOY (MANUAL),331,11
1786033820.763,2026-08-06 23:30:20,MANUAL,True,-7.9262249,112.5949501,232.88,0.0,0.0,TRACKING_BUOY (MANUAL),331,11
1786033820.910,2026-08-06 23:30:20,MANUAL,True,-7.9262251,112.5949503,232.88,0.0,0.0,TRACKING_BUOY (MANUAL),329,9
1786033821.033,2026-08-06 23:30:21,MANUAL,True,-7.9262252,112.5949503,232.88,0.0,0.0,TRACKING_BUOY (MANUAL),326,6
1786033821.163,2026-08-06 23:30:21,MANUAL,True,-7.9262252,112.5949503,232.86,0.0,0.0,TRACKING_BUOY (MANUAL),325,5
1786033821.287,2026-08-06 23:30:21,MANUAL,True,-7.9262252,112.5949502,232.86,0.0,0.0,TRACKING_BUOY (MANUAL),325,5
1786033821.408,2026-08-06 23:30:21,MANUAL,True,-7.926225,112.59495,232.88,0.0,0.0,TRACKING_BUOY (MANUAL),323,3
1786033821.532,2026-08-06 23:30:21,MANUAL,True,-7.926225,112.5949498,232.88,0.0,0.0,TRACKING_BUOY (MANUAL),318,-2
1786033821.647,2026-08-06 23:30:21,MANUAL,True,-7.926225,112.5949498,232.88,0.0,0.0,TRACKING_BUOY (MANUAL),310,-10
1786033821.759,2026-08-06 23:30:21,MANUAL,True,-7.9262248,112.5949496,232.88,0.0,0.0,TRACKING_BUOY (MANUAL),307,-13
1786033821.878,2026-08-06 23:30:21,MANUAL,True,-7.9262247,112.5949494,232.92,0.0,0.0,TRACKING_BUOY (MANUAL),305,-15
1786033821.999,2026-08-06 23:30:21,MANUAL,True,-7.9262246,112.5949492,232.93,0.0,0.0,TRACKING_BUOY (MANUAL),303,-17
1786033822.117,2026-08-06 23:30:22,MANUAL,True,-7.9262245,112.5949491,232.93,0.0,0.0,TRACKING_BUOY (MANUAL),302,-18
1786033822.232,2026-08-06 23:30:22,MANUAL,True,-7.9262245,112.594949,232.93,0.0,0.0,TRACKING_BUOY (MANUAL),302,-18
1786033822.346,2026-08-06 23:30:22,MANUAL,True,-7.9262244,112.5949489,232.91,0.0,0.0,TRACKING_BUOY (MANUAL),303,-17
1786033822.467,2026-08-06 23:30:22,MANUAL,True,-7.9262244,112.5949488,232.9,0.0,0.0,TRACKING_BUOY (MANUAL),308,-12
1786033822.591,2026-08-06 23:30:22,MANUAL,True,-7.9262243,112.5949485,232.88,0.0,0.0,TRACKING_BUOY (MANUAL),313,-7
1786033822.705,2026-08-06 23:30:22,MANUAL,True,-7.9262243,112.5949485,232.88,0.0,0.0,TRACKING_BUOY (MANUAL),319,-1
1786033822.818,2026-08-06 23:30:22,MANUAL,True,-7.9262237,112.5949478,232.86,0.0,0.0,TRACKING_BUOY (MANUAL),324,4
1786033822.953,2026-08-06 23:30:22,MANUAL,True,-7.9262231,112.5949473,232.83,0.0,0.0,TRACKING_BUOY (MANUAL),325,5
1786033823.070,2026-08-06 23:30:23,MANUAL,True,-7.9262229,112.5949471,232.83,0.0,0.0,TRACKING_BUOY (MANUAL),329,9
1786033823.183,2026-08-06 23:30:23,MANUAL,True,-7.9262226,112.5949468,232.81,0.0,0.0,TRACKING_BUOY (MANUAL),332,12
1786033823.298,2026-08-06 23:30:23,MANUAL,True,-7.9262223,112.5949465,232.82,0.0,0.0,TRACKING_BUOY (MANUAL),335,15
1786033823.424,2026-08-06 23:30:23,MANUAL,True,-7.9262218,112.5949461,232.81,0.0,0.0,TRACKING_BUOY (MANUAL),336,16
1786033823.538,2026-08-06 23:30:23,MANUAL,True,-7.9262215,112.5949458,232.81,0.0,0.0,TRACKING_BUOY (MANUAL),0,-320
1786033823.658,2026-08-06 23:30:23,MANUAL,True,-7.9262211,112.5949454,232.82,0.0,0.0,TRACKING_BUOY (MANUAL),0,-320
1786033823.766,2026-08-06 23:30:23,MANUAL,True,-7.9262211,112.5949454,232.82,0.0,0.0,🔴 FAILSAFE: TARGET LOST,,
1786033823.880,2026-08-06 23:30:23,MANUAL,True,-7.9262202,112.5949447,232.89,0.0,0.0,🔴 FAILSAFE: TARGET LOST,,
1786033823.996,2026-08-06 23:30:23,MANUAL,True,-7.9262196,112.5949441,232.86,0.0,0.0,🔴 FAILSAFE: TARGET LOST,,
1786033824.134,2026-08-06 23:30:24,MANUAL,True,-7.9262194,112.5949438,232.87,0.0,0.0,🔴 FAILSAFE: TARGET LOST,,
1786033824.263,2026-08-06 23:30:24,MANUAL,True,-7.926219,112.5949435,232.87,0.0,0.0,🔴 FAILSAFE: TARGET LOST,,
1786033824.375,2026-08-06 23:30:24,MANUAL,True,-7.9262187,112.5949432,232.87,0.0,0.0,🔴 FAILSAFE: TARGET LOST,,
1786033824.488,2026-08-06 23:30:24,MANUAL,True,-7.9262181,112.5949426,232.87,0.0,0.0,🔴 FAILSAFE: TARGET LOST,,
1786033824.607,2026-08-06 23:30:24,MANUAL,True,-7.9262181,112.5949426,232.87,0.0,0.0,TRACKING_BUOY (MANUAL),640,320
1786033824.725,2026-08-06 23:30:24,MANUAL,True,-7.9262174,112.5949417,232.86,0.0,0.0,TRACKING_BUOY (MANUAL),640,320
1786033824.847,2026-08-06 23:30:24,MANUAL,True,-7.926217,112.5949413,232.86,0.0,0.0,TRACKING_BUOY (MANUAL),319,-1
1786033824.963,2026-08-06 23:30:24,MANUAL,True,-7.9262167,112.5949409,232.83,0.0,0.0,TRACKING_BUOY (MANUAL),313,-7
1786033825.080,2026-08-06 23:30:25,MANUAL,True,-7.9262164,112.5949405,232.83,0.0,0.0,TRACKING_BUOY (MANUAL),314,-6
1786033825.194,2026-08-06 23:30:25,MANUAL,True,-7.9262158,112.5949399,232.89,0.0,0.0,TRACKING_BUOY (MANUAL),325,5
1786033825.306,2026-08-06 23:30:25,MANUAL,True,-7.9262156,112.5949396,232.89,0.0,0.0,TRACKING_BUOY (MANUAL),339,19
1786033825.423,2026-08-06 23:30:25,MANUAL,True,-7.9262153,112.5949393,232.84,0.0,0.0,TRACKING_BUOY (MANUAL),640,320
1786033825.551,2026-08-06 23:30:25,MANUAL,True,-7.9262151,112.5949391,232.83,0.0,0.0,TRACKING_BUOY (MANUAL),640,320
1786033825.666,2026-08-06 23:30:25,MANUAL,True,-7.9262151,112.5949388,232.82,0.0,0.0,TRACKING_BUOY (MANUAL),640,320
1786033825.781,2026-08-06 23:30:25,MANUAL,True,-7.926215,112.5949386,232.81,0.0,0.0,TRACKING_BUOY (MANUAL),640,320
1786033825.895,2026-08-06 23:30:25,MANUAL,True,-7.9262145,112.5949381,232.82,0.0,0.0,TRACKING_BUOY (MANUAL),640,320
1786033826.011,2026-08-06 23:30:26,MANUAL,True,-7.9262144,112.5949379,232.82,0.0,0.0,TRACKING_BUOY (MANUAL),640,320
1786033826.133,2026-08-06 23:30:26,MANUAL,True,-7.9262143,112.5949377,232.83,0.0,0.0,TRACKING_BUOY (MANUAL),640,320
1786033826.250,2026-08-06 23:30:26,MANUAL,True,-7.9262141,112.5949373,232.83,0.0,0.0,TRACKING_BUOY (MANUAL),640,320
1786033826.361,2026-08-06 23:30:26,MANUAL,True,-7.926214,112.5949369,232.84,0.0,0.0,TRACKING_BUOY (MANUAL),640,320
1786033826.478,2026-08-06 23:30:26,MANUAL,True,-7.926214,112.5949366,232.84,0.0,0.0,TRACKING_BUOY (MANUAL),640,320
1786033826.592,2026-08-06 23:30:26,MANUAL,True,-7.926214,112.5949363,232.84,0.0,0.0,TRACKING_BUOY (MANUAL),640,320
1786033826.709,2026-08-06 23:30:26,MANUAL,True,-7.9262141,112.5949359,232.84,0.0,0.0,TRACKING_BUOY (MANUAL),640,320
1786033826.823,2026-08-06 23:30:26,MANUAL,True,-7.9262142,112.5949357,232.86,0.0,0.0,TRACKING_BUOY (MANUAL),640,320
1786033826.943,2026-08-06 23:30:26,MANUAL,True,-7.9262142,112.5949355,232.85,0.0,0.0,TRACKING_BUOY (MANUAL),640,320
1786033827.061,2026-08-06 23:30:27,MANUAL,True,-7.9262145,112.5949354,232.85,0.0,0.0,TRACKING_BUOY (MANUAL),640,320
1786033827.176,2026-08-06 23:30:27,MANUAL,True,-7.9262146,112.5949352,232.85,0.0,0.0,TRACKING_BUOY (MANUAL),640,320
1786033827.296,2026-08-06 23:30:27,MANUAL,True,-7.9262151,112.5949352,232.87,0.0,0.0,TRACKING_BUOY (MANUAL),640,320
1786033827.413,2026-08-06 23:30:27,MANUAL,True,-7.9262154,112.5949352,232.88,0.0,0.0,TRACKING_BUOY (MANUAL),640,320
1786033827.545,2026-08-06 23:30:27,MANUAL,True,-7.9262156,112.5949353,232.89,0.0,0.0,TRACKING_BUOY (MANUAL),640,320
1786033827.663,2026-08-06 23:30:27,MANUAL,True,-7.9262159,112.5949353,232.91,0.0,0.0,TRACKING_BUOY (MANUAL),640,320
1786033827.781,2026-08-06 23:30:27,MANUAL,True,-7.926216,112.5949353,232.9,0.0,0.0,TRACKING_BUOY (MANUAL),640,320
1786033827.906,2026-08-06 23:30:27,MANUAL,True,-7.9262168,112.5949358,232.91,0.0,0.0,TRACKING_BUOY (MANUAL),640,320
1786033828.019,2026-08-06 23:30:28,MANUAL,True,-7.9262171,112.594936,232.92,0.0,0.0,TRACKING_BUOY (MANUAL),419,99
1786033828.167,2026-08-06 23:30:28,MANUAL,True,-7.9262172,112.5949361,232.92,0.0,0.0,TRACKING_BUOY (MANUAL),421,101
1786033828.326,2026-08-06 23:30:28,MANUAL,True,-7.9262176,112.5949359,232.93,0.0,0.0,TRACKING_BUOY (MANUAL),427,107
1786033828.461,2026-08-06 23:30:28,MANUAL,True,-7.9262179,112.5949358,232.93,0.0,0.0,TRACKING_BUOY (MANUAL),430,110
1786033828.636,2026-08-06 23:30:28,MANUAL,True,-7.9262185,112.5949357,232.95,0.0,0.0,TRACKING_BUOY (MANUAL),431,111
1786033828.758,2026-08-06 23:30:28,MANUAL,True,-7.9262188,112.5949356,232.93,0.0,0.0,TRACKING_BUOY (MANUAL),431,111
1786033828.872,2026-08-06 23:30:28,MANUAL,True,-7.9262193,112.5949356,232.94,0.0,0.0,TRACKING_BUOY (MANUAL),432,112
1786033828.988,2026-08-06 23:30:28,MANUAL,True,-7.9262197,112.5949352,232.96,0.0,0.0,TRACKING_BUOY (MANUAL),433,113
1786033829.134,2026-08-06 23:30:29,MANUAL,True,-7.9262199,112.594935,232.97,0.0,0.0,TRACKING_BUOY (MANUAL),434,114
1786033829.291,2026-08-06 23:30:29,MANUAL,True,-7.9262204,112.5949345,232.97,0.0,0.0,TRACKING_BUOY (MANUAL),435,115
1786033829.407,2026-08-06 23:30:29,MANUAL,True,-7.9262206,112.5949341,232.98,0.0,0.0,TRACKING_BUOY (MANUAL),435,115
1786033829.529,2026-08-06 23:30:29,MANUAL,True,-7.9262208,112.5949338,232.99,0.0,0.0,TRACKING_BUOY (MANUAL),431,111
1786033829.651,2026-08-06 23:30:29,MANUAL,True,-7.926221,112.5949334,232.99,0.0,0.0,TRACKING_BUOY (MANUAL),423,103
1786033829.769,2026-08-06 23:30:29,MANUAL,True,-7.9262212,112.5949332,232.99,0.0,0.0,TRACKING_BUOY (MANUAL),412,92
1786033829.889,2026-08-06 23:30:29,MANUAL,True,-7.9262217,112.5949327,233.0,0.0,0.0,TRACKING_BUOY (MANUAL),400,80
1786033830.006,2026-08-06 23:30:30,MANUAL,True,-7.926222,112.5949326,233.0,0.0,0.0,TRACKING_BUOY (MANUAL),395,75
1786033830.119,2026-08-06 23:30:30,MANUAL,True,-7.9262223,112.5949325,232.99,0.0,0.0,TRACKING_BUOY (MANUAL),383,63
1786033830.232,2026-08-06 23:30:30,MANUAL,True,-7.9262227,112.5949324,232.98,0.0,0.0,TRACKING_BUOY (MANUAL),372,52
1786033830.350,2026-08-06 23:30:30,MANUAL,True,-7.926223,112.5949324,232.98,0.0,0.0,TRACKING_BUOY (MANUAL),364,44
1786033830.475,2026-08-06 23:30:30,MANUAL,True,-7.9262234,112.5949323,232.99,0.0,0.0,TRACKING_BUOY (MANUAL),360,40
1786033830.592,2026-08-06 23:30:30,MANUAL,True,-7.9262237,112.5949322,232.99,0.0,0.0,TRACKING_BUOY (MANUAL),356,36
1786033830.714,2026-08-06 23:30:30,MANUAL,True,-7.9262245,112.5949321,233.01,0.0,0.0,TRACKING_BUOY (MANUAL),354,34
1786033830.828,2026-08-06 23:30:30,MANUAL,True,-7.9262248,112.594932,233.02,0.0,0.0,TRACKING_BUOY (MANUAL),348,28
1786033830.943,2026-08-06 23:30:30,MANUAL,True,-7.9262252,112.5949319,233.0,0.0,0.0,TRACKING_BUOY (MANUAL),345,25
1786033831.055,2026-08-06 23:30:31,MANUAL,True,-7.9262256,112.5949318,233.0,0.0,0.0,TRACKING_BUOY (MANUAL),344,24
1786033831.176,2026-08-06 23:30:31,MANUAL,True,-7.9262259,112.5949316,233.01,0.0,0.0,TRACKING_BUOY (MANUAL),341,21
1786033831.294,2026-08-06 23:30:31,MANUAL,True,-7.9262265,112.5949312,233.02,0.0,0.0,TRACKING_BUOY (MANUAL),335,15
1786033831.409,2026-08-06 23:30:31,MANUAL,True,-7.9262269,112.5949309,233.03,0.0,0.0,TRACKING_BUOY (MANUAL),327,7
1786033831.532,2026-08-06 23:30:31,MANUAL,True,-7.9262272,112.5949307,233.02,0.0,0.0,TRACKING_BUOY (MANUAL),325,5
1786033831.651,2026-08-06 23:30:31,MANUAL,True,-7.9262276,112.5949305,233.02,0.0,0.0,TRACKING_BUOY (MANUAL),319,-1
1786033831.767,2026-08-06 23:30:31,MANUAL,True,-7.9262278,112.5949304,233.03,0.0,0.0,TRACKING_BUOY (MANUAL),317,-3
1786033831.884,2026-08-06 23:30:31,MANUAL,True,-7.9262281,112.5949302,233.02,0.0,0.0,TRACKING_BUOY (MANUAL),313,-7
1786033832.000,2026-08-06 23:30:32,MANUAL,True,-7.9262287,112.59493,233.08,0.0,0.0,TRACKING_BUOY (MANUAL),311,-9
1786033832.120,2026-08-06 23:30:32,MANUAL,True,-7.926229,112.5949299,233.08,0.0,0.0,TRACKING_BUOY (MANUAL),307,-13
1786033832.232,2026-08-06 23:30:32,MANUAL,True,-7.9262294,112.59493,233.08,0.0,0.0,TRACKING_BUOY (MANUAL),304,-16
1786033832.344,2026-08-06 23:30:32,MANUAL,True,-7.9262298,112.59493,233.08,0.0,0.0,TRACKING_BUOY (MANUAL),302,-18
1786033832.460,2026-08-06 23:30:32,MANUAL,True,-7.9262302,112.5949299,233.07,0.0,0.0,TRACKING_BUOY (MANUAL),300,-20
1786033832.579,2026-08-06 23:30:32,MANUAL,True,-7.9262305,112.5949297,233.04,0.0,0.0,TRACKING_BUOY (MANUAL),296,-24
1786033832.699,2026-08-06 23:30:32,MANUAL,True,-7.926231,112.5949291,233.02,0.0,0.0,TRACKING_BUOY (MANUAL),293,-27
1786033832.835,2026-08-06 23:30:32,MANUAL,True,-7.9262311,112.5949285,233.01,0.0,0.0,TRACKING_BUOY (MANUAL),293,-27
1786033832.962,2026-08-06 23:30:32,MANUAL,True,-7.9262313,112.5949281,232.99,0.0,0.0,TRACKING_BUOY (MANUAL),296,-24
1786033833.082,2026-08-06 23:30:33,MANUAL,True,-7.9262314,112.5949275,233.0,0.0,0.0,TRACKING_BUOY (MANUAL),305,-15
1786033833.233,2026-08-06 23:30:33,MANUAL,True,-7.9262315,112.5949263,232.99,0.0,0.0,TRACKING_BUOY (MANUAL),309,-11
1786033833.451,2026-08-06 23:30:33,MANUAL,True,-7.9262316,112.5949249,232.98,0.0,0.0,TRACKING_BUOY (MANUAL),323,3
1786033833.584,2026-08-06 23:30:33,MANUAL,True,-7.9262316,112.5949242,232.99,0.0,0.0,TRACKING_BUOY (MANUAL),336,16
1786033833.705,2026-08-06 23:30:33,MANUAL,True,-7.9262316,112.5949226,232.93,0.0,0.0,TRACKING_BUOY (MANUAL),344,24
1786033833.823,2026-08-06 23:30:33,MANUAL,True,-7.9262315,112.5949216,232.92,0.0,0.0,TRACKING_BUOY (MANUAL),351,31
1786033833.944,2026-08-06 23:30:33,MANUAL,True,-7.9262314,112.5949209,232.9,0.0,0.0,TRACKING_BUOY (MANUAL),358,38
1786033834.063,2026-08-06 23:30:34,MANUAL,True,-7.9262312,112.5949197,232.91,0.0,0.0,TRACKING_BUOY (MANUAL),362,42
1786033834.183,2026-08-06 23:30:34,MANUAL,True,-7.9262308,112.5949175,232.92,0.0,0.0,TRACKING_BUOY (MANUAL),367,47
1786033834.314,2026-08-06 23:30:34,MANUAL,True,-7.9262306,112.5949163,232.93,0.0,0.0,TRACKING_BUOY (MANUAL),371,51
1786033834.442,2026-08-06 23:30:34,MANUAL,True,-7.9262304,112.5949152,232.92,0.0,0.0,TRACKING_BUOY (MANUAL),373,53
1786033834.564,2026-08-06 23:30:34,MANUAL,True,-7.9262303,112.5949143,232.93,0.0,0.0,TRACKING_BUOY (MANUAL),373,53
1786033834.683,2026-08-06 23:30:34,MANUAL,True,-7.9262299,112.594913,232.93,0.0,0.0,TRACKING_BUOY (MANUAL),373,53
1786033834.809,2026-08-06 23:30:34,MANUAL,True,-7.9262291,112.5949106,232.93,0.0,0.0,TRACKING_BUOY (MANUAL),373,53
1786033834.933,2026-08-06 23:30:34,MANUAL,True,-7.9262286,112.5949093,232.95,0.0,0.0,TRACKING_BUOY (MANUAL),371,51
1786033835.053,2026-08-06 23:30:35,MANUAL,True,-7.926228,112.5949078,232.97,0.0,0.0,TRACKING_BUOY (MANUAL),366,46
1786033835.174,2026-08-06 23:30:35,MANUAL,True,-7.9262277,112.5949065,232.98,0.0,0.0,TRACKING_BUOY (MANUAL),361,41
1786033835.293,2026-08-06 23:30:35,MANUAL,True,-7.9262267,112.5949038,232.99,0.0,0.0,TRACKING_BUOY (MANUAL),358,38
1786033835.409,2026-08-06 23:30:35,MANUAL,True,-7.926226,112.5949023,233.01,0.0,0.0,TRACKING_BUOY (MANUAL),354,34
1786033835.550,2026-08-06 23:30:35,MANUAL,True,-7.9262254,112.594901,233.02,0.0,0.0,TRACKING_BUOY (MANUAL),351,31
1786033835.668,2026-08-06 23:30:35,MANUAL,True,-7.9262246,112.5948992,233.01,0.0,0.0,TRACKING_BUOY (MANUAL),349,29
1786033835.789,2026-08-06 23:30:35,MANUAL,True,-7.9262232,112.5948969,233.04,0.0,0.0,TRACKING_BUOY (MANUAL),347,27
1786033835.907,2026-08-06 23:30:35,MANUAL,True,-7.9262226,112.5948958,233.04,0.0,0.0,TRACKING_BUOY (MANUAL),345,25
1786033836.020,2026-08-06 23:30:36,MANUAL,True,-7.926222,112.5948947,233.06,0.0,0.0,TRACKING_BUOY (MANUAL),343,23
1786033836.132,2026-08-06 23:30:36,MANUAL,True,-7.9262214,112.5948937,233.06,0.0,0.0,TRACKING_BUOY (MANUAL),341,21
1786033836.253,2026-08-06 23:30:36,MANUAL,True,-7.9262207,112.5948926,233.05,0.0,0.0,TRACKING_BUOY (MANUAL),341,21
1786033836.369,2026-08-06 23:30:36,MANUAL,True,-7.92622,112.5948916,233.06,0.0,0.0,TRACKING_BUOY (MANUAL),338,18
1786033836.482,2026-08-06 23:30:36,MANUAL,True,-7.9262192,112.5948905,233.05,0.0,0.0,TRACKING_BUOY (MANUAL),337,17
1786033836.617,2026-08-06 23:30:36,MANUAL,True,-7.9262185,112.5948895,233.05,0.0,0.0,TRACKING_BUOY (MANUAL),336,16
1786033836.730,2026-08-06 23:30:36,MANUAL,True,-7.9262168,112.5948872,233.08,0.0,0.0,TRACKING_BUOY (MANUAL),333,13
1786033836.845,2026-08-06 23:30:36,MANUAL,True,-7.9262158,112.5948862,233.07,0.0,0.0,TRACKING_BUOY (MANUAL),332,12
1786033836.959,2026-08-06 23:30:36,MANUAL,True,-7.926215,112.5948851,233.08,0.0,0.0,TRACKING_BUOY (MANUAL),330,10
1786033837.074,2026-08-06 23:30:37,MANUAL,True,-7.9262139,112.5948837,233.09,0.0,0.0,TRACKING_BUOY (MANUAL),327,7
1786033837.188,2026-08-06 23:30:37,MANUAL,True,-7.926212,112.5948813,233.11,0.0,0.0,TRACKING_BUOY (MANUAL),325,5
1786033837.309,2026-08-06 23:30:37,MANUAL,True,-7.9262111,112.5948801,233.11,0.0,0.0,TRACKING_BUOY (MANUAL),323,3
1786033837.429,2026-08-06 23:30:37,MANUAL,True,-7.9262101,112.594879,233.1,0.0,0.0,TRACKING_BUOY (MANUAL),322,2
1786033837.549,2026-08-06 23:30:37,MANUAL,True,-7.9262091,112.5948779,233.1,0.0,0.0,TRACKING_BUOY (MANUAL),322,2
1786033837.669,2026-08-06 23:30:37,MANUAL,True,-7.926208,112.5948768,233.09,0.0,0.0,TRACKING_BUOY (MANUAL),322,2
1786033837.785,2026-08-06 23:30:37,MANUAL,True,-7.926208,112.5948768,233.09,0.0,0.0,TRACKING_BUOY (MANUAL),321,1
1786033837.900,2026-08-06 23:30:37,MANUAL,True,-7.9262056,112.594874,233.09,0.0,0.0,TRACKING_BUOY (MANUAL),321,1
1786033838.018,2026-08-06 23:30:38,MANUAL,True,-7.9262033,112.5948713,233.1,0.0,0.0,TRACKING_BUOY (MANUAL),321,1
1786033838.142,2026-08-06 23:30:38,MANUAL,True,-7.9262023,112.5948699,233.1,0.0,0.0,TRACKING_BUOY (MANUAL),322,2
1786033838.261,2026-08-06 23:30:38,MANUAL,True,-7.926201,112.5948683,233.1,0.0,0.0,TRACKING_BUOY (MANUAL),322,2
1786033838.375,2026-08-06 23:30:38,MANUAL,True,-7.9262001,112.5948671,233.11,0.0,0.0,TRACKING_BUOY (MANUAL),323,3
1786033838.490,2026-08-06 23:30:38,MANUAL,True,-7.9261986,112.5948654,233.13,0.0,0.0,TRACKING_BUOY (MANUAL),322,2
1786033838.603,2026-08-06 23:30:38,MANUAL,True,-7.9261975,112.5948639,233.13,0.0,0.0,TRACKING_BUOY (MANUAL),322,2
1786033838.743,2026-08-06 23:30:38,MANUAL,True,-7.9261951,112.5948612,233.14,0.0,0.0,TRACKING_BUOY (MANUAL),322,2
1786033838.859,2026-08-06 23:30:38,MANUAL,True,-7.926194,112.59486,233.14,0.0,0.0,TRACKING_BUOY (MANUAL),323,3
1786033838.976,2026-08-06 23:30:38,MANUAL,True,-7.9261929,112.5948588,233.15,0.0,0.0,TRACKING_BUOY (MANUAL),324,4
1786033839.098,2026-08-06 23:30:39,MANUAL,True,-7.9261918,112.5948577,233.15,0.0,0.0,TRACKING_BUOY (MANUAL),323,3
1786033839.211,2026-08-06 23:30:39,MANUAL,True,-7.9261898,112.5948557,233.16,0.0,0.0,TRACKING_BUOY (MANUAL),321,1
1786033839.329,2026-08-06 23:30:39,MANUAL,True,-7.9261888,112.5948547,233.14,0.0,0.0,TRACKING_BUOY (MANUAL),320,0
1786033839.479,2026-08-06 23:30:39,MANUAL,True,-7.9261877,112.5948537,233.14,0.0,0.0,TRACKING_BUOY (MANUAL),318,-2
1786033839.594,2026-08-06 23:30:39,MANUAL,True,-7.9261866,112.5948528,233.15,0.0,0.0,TRACKING_BUOY (MANUAL),316,-4
1786033839.705,2026-08-06 23:30:39,MANUAL,True,-7.9261866,112.5948528,233.15,0.0,0.0,TRACKING_BUOY (MANUAL),315,-5
1786033839.825,2026-08-06 23:30:39,MANUAL,True,-7.9261836,112.5948507,233.13,0.0,0.0,TRACKING_BUOY (MANUAL),315,-5
1786033839.936,2026-08-06 23:30:39,MANUAL,True,-7.9261827,112.5948501,233.13,0.0,0.0,TRACKING_BUOY (MANUAL),316,-4
1786033840.048,2026-08-06 23:30:40,MANUAL,True,-7.9261818,112.5948493,233.11,0.0,0.0,TRACKING_BUOY (MANUAL),316,-4
1786033840.175,2026-08-06 23:30:40,MANUAL,True,-7.9261809,112.5948485,233.11,0.0,0.0,TRACKING_BUOY (MANUAL),318,-2
1786033840.294,2026-08-06 23:30:40,MANUAL,True,-7.9261799,112.5948477,233.11,0.0,0.0,TRACKING_BUOY (MANUAL),319,-1
1786033840.407,2026-08-06 23:30:40,MANUAL,True,-7.9261791,112.594847,233.1,0.0,0.0,TRACKING_BUOY (MANUAL),321,1
1786033840.541,2026-08-06 23:30:40,MANUAL,True,-7.9261775,112.5948457,233.06,0.0,0.0,TRACKING_BUOY (MANUAL),321,1
1786033840.656,2026-08-06 23:30:40,MANUAL,True,-7.9261775,112.5948457,233.06,0.0,0.0,TRACKING_BUOY (MANUAL),323,3
1786033840.771,2026-08-06 23:30:40,MANUAL,True,-7.9261759,112.5948445,233.06,0.0,0.0,TRACKING_BUOY (MANUAL),325,5
1786033840.888,2026-08-06 23:30:40,MANUAL,True,-7.9261752,112.594844,233.06,0.0,0.0,TRACKING_BUOY (MANUAL),328,8
1786033841.001,2026-08-06 23:30:41,MANUAL,True,-7.9261746,112.5948437,233.07,0.0,0.0,TRACKING_BUOY (MANUAL),327,7
1786033841.118,2026-08-06 23:30:41,MANUAL,True,-7.926174,112.5948433,233.07,0.0,0.0,TRACKING_BUOY (MANUAL),326,6
1786033841.230,2026-08-06 23:30:41,MANUAL,True,-7.9261734,112.594843,233.05,0.0,0.0,TRACKING_BUOY (MANUAL),322,2
1786033841.339,2026-08-06 23:30:41,MANUAL,True,-7.9261728,112.5948426,233.07,0.0,0.0,TRACKING_BUOY (MANUAL),323,3
1786033841.457,2026-08-06 23:30:41,MANUAL,True,-7.9261719,112.5948421,233.09,0.0,0.0,TRACKING_BUOY (MANUAL),323,3
1786033841.581,2026-08-06 23:30:41,MANUAL,True,-7.9261716,112.5948419,233.09,0.0,0.0,TRACKING_BUOY (MANUAL),320,0
1786033841.700,2026-08-06 23:30:41,MANUAL,True,-7.9261716,112.5948419,233.09,0.0,0.0,TRACKING_BUOY (MANUAL),316,-4
1786033841.815,2026-08-06 23:30:41,MANUAL,True,-7.9261708,112.5948418,233.03,0.0,0.0,TRACKING_BUOY (MANUAL),315,-5
1786033841.931,2026-08-06 23:30:41,MANUAL,True,-7.9261704,112.5948416,233.07,0.0,0.0,TRACKING_BUOY (MANUAL),314,-6
1786033842.044,2026-08-06 23:30:42,MANUAL,True,-7.9261702,112.5948418,233.08,0.0,0.0,TRACKING_BUOY (MANUAL),315,-5
1786033842.157,2026-08-06 23:30:42,MANUAL,True,-7.9261698,112.5948416,233.07,0.0,0.0,TRACKING_BUOY (MANUAL),315,-5
1786033842.269,2026-08-06 23:30:42,MANUAL,True,-7.9261692,112.5948417,233.05,0.0,0.0,TRACKING_BUOY (MANUAL),317,-3
1786033842.389,2026-08-06 23:30:42,MANUAL,True,-7.9261688,112.5948417,233.05,0.0,0.0,TRACKING_BUOY (MANUAL),317,-3
1786033842.508,2026-08-06 23:30:42,MANUAL,True,-7.9261685,112.5948417,233.04,0.0,0.0,TRACKING_BUOY (MANUAL),318,-2
1786033842.629,2026-08-06 23:30:42,MANUAL,True,-7.9261682,112.5948418,233.04,0.0,0.0,TRACKING_BUOY (MANUAL),320,0
1786033842.742,2026-08-06 23:30:42,MANUAL,True,-7.9261682,112.5948418,233.04,0.0,0.0,TRACKING_BUOY (MANUAL),322,2
1786033842.850,2026-08-06 23:30:42,MANUAL,True,-7.9261675,112.5948418,233.01,0.0,0.0,TRACKING_BUOY (MANUAL),322,2
1786033842.965,2026-08-06 23:30:42,MANUAL,True,-7.9261667,112.5948416,233.0,0.0,0.0,TRACKING_BUOY (MANUAL),320,0
1786033843.086,2026-08-06 23:30:43,MANUAL,True,-7.9261663,112.5948414,232.96,0.0,0.0,TRACKING_BUOY (MANUAL),319,-1
1786033843.200,2026-08-06 23:30:43,MANUAL,True,-7.9261659,112.5948413,232.97,0.0,0.0,TRACKING_BUOY (MANUAL),319,-1
1786033843.314,2026-08-06 23:30:43,MANUAL,True,-7.9261656,112.5948412,232.95,0.0,0.0,TRACKING_BUOY (MANUAL),319,-1
1786033843.430,2026-08-06 23:30:43,MANUAL,True,-7.9261652,112.5948413,232.95,0.0,0.0,TRACKING_BUOY (MANUAL),320,0
1786033843.550,2026-08-06 23:30:43,MANUAL,True,-7.9261648,112.5948412,232.94,0.0,0.0,TRACKING_BUOY (MANUAL),319,-1
1786033843.669,2026-08-06 23:30:43,MANUAL,True,-7.9261644,112.5948415,232.93,0.0,0.0,TRACKING_BUOY (MANUAL),319,-1
1786033843.791,2026-08-06 23:30:43,MANUAL,True,-7.9261644,112.5948419,232.91,0.0,0.0,TRACKING_BUOY (MANUAL),319,-1
1786033843.911,2026-08-06 23:30:43,MANUAL,True,-7.9261642,112.5948421,232.89,0.0,0.0,TRACKING_BUOY (MANUAL),320,0
1786033844.024,2026-08-06 23:30:44,MANUAL,True,-7.9261643,112.5948427,232.87,0.0,0.0,TRACKING_BUOY (MANUAL),319,-1
1786033844.142,2026-08-06 23:30:44,MANUAL,True,-7.9261642,112.5948429,232.87,0.0,0.0,TRACKING_BUOY (MANUAL),320,0
1786033844.257,2026-08-06 23:30:44,MANUAL,True,-7.9261643,112.5948433,232.89,0.0,0.0,TRACKING_BUOY (MANUAL),319,-1
1786033844.376,2026-08-06 23:30:44,MANUAL,True,-7.9261644,112.594844,232.87,0.0,0.0,TRACKING_BUOY (MANUAL),318,-2
1786033844.496,2026-08-06 23:30:44,MANUAL,True,-7.9261643,112.5948443,232.85,0.0,0.0,TRACKING_BUOY (MANUAL),316,-4
1786033844.647,2026-08-06 23:30:44,MANUAL,True,-7.9261644,112.5948449,232.86,0.0,0.0,TRACKING_BUOY (MANUAL),316,-4
1786033844.757,2026-08-06 23:30:44,MANUAL,True,-7.9261644,112.5948449,232.86,0.0,0.0,TRACKING_BUOY (MANUAL),316,-4
1786033844.870,2026-08-06 23:30:44,MANUAL,True,-7.9261646,112.5948456,232.87,0.0,0.0,TRACKING_BUOY (MANUAL),315,-5
1786033844.987,2026-08-06 23:30:44,MANUAL,True,-7.9261648,112.5948465,232.89,0.0,0.0,TRACKING_BUOY (MANUAL),315,-5
1786033845.108,2026-08-06 23:30:45,MANUAL,True,-7.9261649,112.5948468,232.87,0.0,0.0,TRACKING_BUOY (MANUAL),313,-7
1786033845.229,2026-08-06 23:30:45,MANUAL,True,-7.926165,112.5948471,232.84,0.0,0.0,TRACKING_BUOY (MANUAL),312,-8
1786033845.346,2026-08-06 23:30:45,MANUAL,True,-7.9261651,112.5948473,232.83,0.0,0.0,TRACKING_BUOY (MANUAL),312,-8
1786033845.462,2026-08-06 23:30:45,MANUAL,True,-7.9261653,112.5948475,232.83,0.0,0.0,TRACKING_BUOY (MANUAL),312,-8
1786033845.580,2026-08-06 23:30:45,MANUAL,True,-7.9261655,112.5948476,232.84,0.0,0.0,TRACKING_BUOY (MANUAL),311,-9
1786033845.696,2026-08-06 23:30:45,MANUAL,True,-7.9261657,112.5948477,232.82,0.0,0.0,TRACKING_BUOY (MANUAL),313,-7
1786033845.814,2026-08-06 23:30:45,MANUAL,True,-7.9261659,112.5948476,232.83,0.0,0.0,TRACKING_BUOY (MANUAL),315,-5
1786033845.931,2026-08-06 23:30:45,MANUAL,True,-7.9261662,112.5948476,232.83,0.0,0.0,TRACKING_BUOY (MANUAL),316,-4
1786033846.049,2026-08-06 23:30:46,MANUAL,True,-7.9261664,112.5948476,232.81,0.0,0.0,TRACKING_BUOY (MANUAL),316,-4
1786033846.163,2026-08-06 23:30:46,MANUAL,True,-7.9261664,112.5948476,232.8,0.0,0.0,TRACKING_BUOY (MANUAL),318,-2
1786033846.279,2026-08-06 23:30:46,MANUAL,True,-7.9261667,112.5948477,232.81,0.0,0.0,TRACKING_BUOY (MANUAL),319,-1
1786033846.395,2026-08-06 23:30:46,MANUAL,True,-7.9261673,112.594848,232.79,0.0,0.0,TRACKING_BUOY (MANUAL),319,-1
1786033846.516,2026-08-06 23:30:46,MANUAL,True,-7.9261676,112.5948482,232.79,0.0,0.0,TRACKING_BUOY (MANUAL),319,-1
1786033846.634,2026-08-06 23:30:46,MANUAL,True,-7.9261679,112.5948483,232.77,0.0,0.0,TRACKING_BUOY (MANUAL),319,-1
1786033846.746,2026-08-06 23:30:46,MANUAL,True,-7.9261681,112.5948484,232.77,0.0,0.0,TRACKING_BUOY (MANUAL),318,-2
1786033846.865,2026-08-06 23:30:46,MANUAL,True,-7.9261687,112.5948487,232.79,0.0,0.0,TRACKING_BUOY (MANUAL),319,-1
1786033846.982,2026-08-06 23:30:46,MANUAL,True,-7.9261694,112.5948491,232.77,0.0,0.0,TRACKING_BUOY (MANUAL),319,-1
1786033847.108,2026-08-06 23:30:47,MANUAL,True,-7.9261696,112.5948493,232.77,0.0,0.0,TRACKING_BUOY (MANUAL),317,-3
1786033847.222,2026-08-06 23:30:47,MANUAL,True,-7.92617,112.5948495,232.75,0.0,0.0,TRACKING_BUOY (MANUAL),314,-6
1786033847.334,2026-08-06 23:30:47,MANUAL,True,-7.9261702,112.5948497,232.75,0.0,0.0,TRACKING_BUOY (MANUAL),313,-7
1786033847.451,2026-08-06 23:30:47,MANUAL,True,-7.9261706,112.5948501,232.77,0.0,0.0,TRACKING_BUOY (MANUAL),312,-8
1786033847.568,2026-08-06 23:30:47,MANUAL,True,-7.9261708,112.5948504,232.77,0.0,0.0,TRACKING_BUOY (MANUAL),312,-8
1786033847.689,2026-08-06 23:30:47,MANUAL,True,-7.9261717,112.5948514,232.78,0.0,0.0,TRACKING_BUOY (MANUAL),316,-4
1786033847.806,2026-08-06 23:30:47,MANUAL,True,-7.9261721,112.594852,232.78,0.0,0.0,TRACKING_BUOY (MANUAL),319,-1
1786033847.927,2026-08-06 23:30:47,MANUAL,True,-7.9261724,112.5948525,232.79,0.0,0.0,TRACKING_BUOY (MANUAL),320,0
1786033848.045,2026-08-06 23:30:48,MANUAL,True,-7.9261727,112.594853,232.77,0.0,0.0,TRACKING_BUOY (MANUAL),321,1
1786033848.163,2026-08-06 23:30:48,MANUAL,True,-7.926173,112.5948535,232.74,0.0,0.0,TRACKING_BUOY (MANUAL),323,3
1786033848.279,2026-08-06 23:30:48,MANUAL,True,-7.9261734,112.5948542,232.74,0.0,0.0,TRACKING_BUOY (MANUAL),324,4
1786033848.393,2026-08-06 23:30:48,MANUAL,True,-7.9261743,112.5948558,232.76,0.0,0.0,TRACKING_BUOY (MANUAL),324,4
1786033848.516,2026-08-06 23:30:48,MANUAL,True,-7.9261747,112.5948565,232.73,0.0,0.0,TRACKING_BUOY (MANUAL),324,4
1786033848.636,2026-08-06 23:30:48,MANUAL,True,-7.9261752,112.5948575,232.74,0.0,0.0,TRACKING_BUOY (MANUAL),322,2
1786033848.752,2026-08-06 23:30:48,MANUAL,True,-7.9261752,112.5948575,232.74,0.0,0.0,TRACKING_BUOY (MANUAL),321,1
1786033848.873,2026-08-06 23:30:48,MANUAL,True,-7.9261757,112.5948584,232.72,0.0,0.0,TRACKING_BUOY (MANUAL),318,-2
1786033848.988,2026-08-06 23:30:48,MANUAL,True,-7.9261761,112.5948595,232.71,0.0,0.0,TRACKING_BUOY (MANUAL),314,-6
1786033849.110,2026-08-06 23:30:49,MANUAL,True,-7.9261763,112.59486,232.74,0.0,0.0,TRACKING_BUOY (MANUAL),314,-6
1786033849.226,2026-08-06 23:30:49,MANUAL,True,-7.9261764,112.5948605,232.77,0.0,0.0,TRACKING_BUOY (MANUAL),314,-6
1786033849.365,2026-08-06 23:30:49,MANUAL,True,-7.9261766,112.594861,232.75,0.0,0.0,TRACKING_BUOY (MANUAL),312,-8
1786033849.513,2026-08-06 23:30:49,MANUAL,True,-7.926177,112.5948621,232.74,0.0,0.0,TRACKING_BUOY (MANUAL),312,-8
1786033849.714,2026-08-06 23:30:49,MANUAL,True,-7.9261772,112.5948627,232.72,0.0,0.0,TRACKING_BUOY (MANUAL),312,-8
1786033849.894,2026-08-06 23:30:49,MANUAL,True,-7.926178,112.5948651,232.7,0.0,0.0,TRACKING_BUOY (MANUAL),312,-8
1786033850.013,2026-08-06 23:30:50,MANUAL,True,-7.9261783,112.5948661,232.69,0.0,0.0,TRACKING_BUOY (MANUAL),319,-1
1786033850.133,2026-08-06 23:30:50,MANUAL,True,-7.9261786,112.5948668,232.69,0.0,0.0,TRACKING_BUOY (MANUAL),323,3
1786033850.247,2026-08-06 23:30:50,MANUAL,True,-7.9261788,112.5948674,232.67,0.0,0.0,TRACKING_BUOY (MANUAL),324,4
1786033850.362,2026-08-06 23:30:50,MANUAL,True,-7.9261789,112.5948679,232.66,0.0,0.0,TRACKING_BUOY (MANUAL),323,3
1786033850.481,2026-08-06 23:30:50,MANUAL,True,-7.9261792,112.5948686,232.69,0.0,0.0,TRACKING_BUOY (MANUAL),323,3
1786033850.593,2026-08-06 23:30:50,MANUAL,True,-7.9261793,112.5948691,232.68,0.0,0.0,TRACKING_BUOY (MANUAL),324,4
1786033850.705,2026-08-06 23:30:50,MANUAL,True,-7.9261797,112.59487,232.7,0.0,0.0,TRACKING_BUOY (MANUAL),323,3
1786033850.819,2026-08-06 23:30:50,MANUAL,True,-7.9261799,112.5948705,232.7,0.0,0.0,TRACKING_BUOY (MANUAL),323,3
1786033850.933,2026-08-06 23:30:50,MANUAL,True,-7.92618,112.5948708,232.7,0.0,0.0,TRACKING_BUOY (MANUAL),321,1
1786033851.049,2026-08-06 23:30:51,MANUAL,True,-7.9261801,112.5948712,232.7,0.0,0.0,TRACKING_BUOY (MANUAL),319,-1
1786033851.168,2026-08-06 23:30:51,MANUAL,True,-7.9261803,112.5948717,232.7,0.0,0.0,TRACKING_BUOY (MANUAL),314,-6
1786033851.287,2026-08-06 23:30:51,MANUAL,True,-7.9261806,112.5948727,232.69,0.0,0.0,TRACKING_BUOY (MANUAL),313,-7
1786033851.400,2026-08-06 23:30:51,MANUAL,True,-7.9261806,112.5948727,232.69,0.0,0.0,TRACKING_BUOY (MANUAL),313,-7
1786033851.524,2026-08-06 23:30:51,MANUAL,True,-7.9261808,112.594874,232.72,0.0,0.0,TRACKING_BUOY (MANUAL),313,-7
1786033851.645,2026-08-06 23:30:51,MANUAL,True,-7.926181,112.594875,232.74,0.0,0.0,TRACKING_BUOY (MANUAL),313,-7
1786033851.767,2026-08-06 23:30:51,MANUAL,True,-7.9261811,112.5948755,232.73,0.0,0.0,TRACKING_BUOY (MANUAL),313,-7
1786033851.883,2026-08-06 23:30:51,MANUAL,True,-7.9261813,112.5948766,232.74,0.0,0.0,TRACKING_BUOY (MANUAL),316,-4
1786033851.998,2026-08-06 23:30:51,MANUAL,True,-7.9261815,112.5948773,232.74,0.0,0.0,TRACKING_BUOY (MANUAL),320,0
1786033852.114,2026-08-06 23:30:52,MANUAL,True,-7.9261821,112.5948795,232.73,0.0,0.0,TRACKING_BUOY (MANUAL),322,2
1786033852.229,2026-08-06 23:30:52,MANUAL,True,-7.9261824,112.5948805,232.68,0.0,0.0,TRACKING_BUOY (MANUAL),325,5
1786033852.344,2026-08-06 23:30:52,MANUAL,True,-7.9261826,112.5948813,232.68,0.0,0.0,TRACKING_BUOY (MANUAL),328,8
1786033852.459,2026-08-06 23:30:52,MANUAL,True,-7.926183,112.5948825,232.71,0.0,0.0,TRACKING_BUOY (MANUAL),330,10
1786033852.581,2026-08-06 23:30:52,MANUAL,True,-7.9261832,112.5948832,232.7,0.0,0.0,TRACKING_BUOY (MANUAL),330,10
1786033852.703,2026-08-06 23:30:52,MANUAL,True,-7.9261836,112.5948844,232.7,0.0,0.0,TRACKING_BUOY (MANUAL),330,10
1786033852.812,2026-08-06 23:30:52,MANUAL,True,-7.9261841,112.594886,232.72,0.0,0.0,TRACKING_BUOY (MANUAL),330,10
1786033852.929,2026-08-06 23:30:52,MANUAL,True,-7.9261845,112.5948869,232.71,0.0,0.0,TRACKING_BUOY (MANUAL),327,7
1786033853.070,2026-08-06 23:30:53,MANUAL,True,-7.9261849,112.5948879,232.71,0.0,0.0,TRACKING_BUOY (MANUAL),326,6
1786033853.187,2026-08-06 23:30:53,MANUAL,True,-7.9261852,112.5948889,232.73,0.0,0.0,TRACKING_BUOY (MANUAL),318,-2
1786033853.302,2026-08-06 23:30:53,MANUAL,True,-7.9261857,112.5948899,232.75,0.0,0.0,TRACKING_BUOY (MANUAL),316,-4
1786033853.416,2026-08-06 23:30:53,MANUAL,True,-7.9261864,112.5948916,232.77,0.0,0.0,TRACKING_BUOY (MANUAL),315,-5
1786033853.550,2026-08-06 23:30:53,MANUAL,True,-7.9261867,112.5948924,232.82,0.0,0.0,TRACKING_BUOY (MANUAL),312,-8
1786033853.667,2026-08-06 23:30:53,MANUAL,True,-7.9261867,112.5948924,232.82,0.0,0.0,TRACKING_BUOY (MANUAL),310,-10
1786033853.791,2026-08-06 23:30:53,MANUAL,True,-7.9261872,112.5948936,232.79,0.0,0.0,TRACKING_BUOY (MANUAL),310,-10
1786033853.911,2026-08-06 23:30:53,MANUAL,True,-7.9261878,112.5948949,232.81,0.0,0.0,TRACKING_BUOY (MANUAL),310,-10
1786033854.029,2026-08-06 23:30:54,MANUAL,True,-7.9261882,112.5948957,232.81,0.0,0.0,TRACKING_BUOY (MANUAL),311,-9
1786033854.171,2026-08-06 23:30:54,MANUAL,True,-7.9261885,112.5948966,232.79,0.0,0.0,TRACKING_BUOY (MANUAL),312,-8
1786033854.334,2026-08-06 23:30:54,MANUAL,True,-7.9261892,112.5948979,232.77,0.0,0.0,TRACKING_BUOY (MANUAL),318,-2
1786033854.532,2026-08-06 23:30:54,MANUAL,True,-7.9261898,112.594899,232.73,0.0,0.0,TRACKING_BUOY (MANUAL),325,5
1786033854.683,2026-08-06 23:30:54,MANUAL,True,-7.9261898,112.594899,232.73,0.0,0.0,TRACKING_BUOY (MANUAL),326,6
1786033854.807,2026-08-06 23:30:54,MANUAL,True,-7.9261903,112.5948999,232.7,0.0,0.0,TRACKING_BUOY (MANUAL),332,12
1786033854.929,2026-08-06 23:30:54,MANUAL,True,-7.9261907,112.5949006,232.67,0.0,0.0,TRACKING_BUOY (MANUAL),333,13
1786033855.044,2026-08-06 23:30:55,MANUAL,True,-7.926191,112.5949009,232.66,0.0,0.0,TRACKING_BUOY (MANUAL),333,13
1786033855.162,2026-08-06 23:30:55,MANUAL,True,-7.9261912,112.5949013,232.65,0.0,0.0,TRACKING_BUOY (MANUAL),334,14
1786033855.277,2026-08-06 23:30:55,MANUAL,True,-7.9261914,112.5949016,232.65,0.0,0.0,TRACKING_BUOY (MANUAL),333,13
1786033855.393,2026-08-06 23:30:55,MANUAL,True,-7.9261916,112.5949018,232.65,0.0,0.0,TRACKING_BUOY (MANUAL),331,11
1786033855.534,2026-08-06 23:30:55,MANUAL,True,-7.9261919,112.5949022,232.66,0.0,0.0,TRACKING_BUOY (MANUAL),330,10
1786033855.652,2026-08-06 23:30:55,MANUAL,True,-7.9261919,112.5949022,232.66,0.0,0.0,TRACKING_BUOY (MANUAL),326,6
1786033855.764,2026-08-06 23:30:55,MANUAL,True,-7.9261925,112.5949029,232.68,0.0,0.0,TRACKING_BUOY (MANUAL),324,4
1786033855.881,2026-08-06 23:30:55,MANUAL,True,-7.9261928,112.5949033,232.68,0.0,0.0,TRACKING_BUOY (MANUAL),323,3
1786033855.995,2026-08-06 23:30:55,MANUAL,True,-7.9261931,112.5949037,232.67,0.0,0.0,TRACKING_BUOY (MANUAL),320,0
1786033856.115,2026-08-06 23:30:56,MANUAL,True,-7.9261934,112.594904,232.67,0.0,0.0,TRACKING_BUOY (MANUAL),319,-1
1786033856.234,2026-08-06 23:30:56,MANUAL,True,-7.9261936,112.5949041,232.68,0.0,0.0,TRACKING_BUOY (MANUAL),317,-3
1786033856.346,2026-08-06 23:30:56,MANUAL,True,-7.9261938,112.5949042,232.73,0.0,0.0,TRACKING_BUOY (MANUAL),315,-5
1786033856.462,2026-08-06 23:30:56,MANUAL,True,-7.9261939,112.5949041,232.74,0.0,0.0,TRACKING_BUOY (MANUAL),314,-6
1786033856.585,2026-08-06 23:30:56,MANUAL,True,-7.926194,112.5949041,232.74,0.0,0.0,TRACKING_BUOY (MANUAL),313,-7
1786033856.702,2026-08-06 23:30:56,MANUAL,True,-7.926194,112.5949041,232.74,0.0,0.0,TRACKING_BUOY (MANUAL),314,-6
1786033856.816,2026-08-06 23:30:56,MANUAL,True,-7.9261943,112.5949043,232.76,0.0,0.0,🔴 FAILSAFE: TARGET LOST,,
1786033856.928,2026-08-06 23:30:56,MANUAL,True,-7.9261946,112.5949046,232.75,0.0,0.0,🔴 FAILSAFE: TARGET LOST,,
1786033857.038,2026-08-06 23:30:57,MANUAL,True,-7.9261947,112.5949047,232.75,0.0,0.0,🔴 FAILSAFE: TARGET LOST,,
1786033857.154,2026-08-06 23:30:57,MANUAL,True,-7.926195,112.594905,232.72,0.0,0.0,🔴 FAILSAFE: TARGET LOST,,
1786033857.266,2026-08-06 23:30:57,MANUAL,True,-7.9261954,112.5949053,232.75,0.0,0.0,🔴 FAILSAFE: TARGET LOST,,
1786033857.376,2026-08-06 23:30:57,MANUAL,True,-7.9261955,112.5949053,232.76,0.0,0.0,🔴 FAILSAFE: TARGET LOST,,
1786033857.496,2026-08-06 23:30:57,MANUAL,True,-7.9261957,112.5949054,232.75,0.0,0.0,🔴 FAILSAFE: TARGET LOST,,
1786033857.614,2026-08-06 23:30:57,MANUAL,True,-7.9261959,112.5949055,232.75,0.0,0.0,🔴 FAILSAFE: TARGET LOST,,
1786033857.727,2026-08-06 23:30:57,MANUAL,True,-7.9261959,112.5949055,232.75,0.0,0.0,🔴 FAILSAFE: TARGET LOST,,
1786033857.844,2026-08-06 23:30:57,MANUAL,True,-7.9261964,112.5949063,232.75,0.0,0.0,🔴 FAILSAFE: TARGET LOST,,
1786033857.975,2026-08-06 23:30:57,MANUAL,True,-7.9261966,112.5949066,232.75,0.0,0.0,🔴 FAILSAFE: TARGET LOST,,
1786033858.102,2026-08-06 23:30:58,MANUAL,True,-7.9261969,112.5949071,232.75,0.0,0.0,🔴 FAILSAFE: TARGET LOST,,
1786033858.224,2026-08-06 23:30:58,MANUAL,True,-7.9261971,112.5949072,232.75,0.0,0.0,🔴 FAILSAFE: TARGET LOST,,
1786033858.334,2026-08-06 23:30:58,MANUAL,True,-7.9261973,112.5949074,232.74,0.0,0.0,🔴 FAILSAFE: TARGET LOST,,
1786033858.453,2026-08-06 23:30:58,MANUAL,True,-7.9261976,112.5949076,232.75,0.0,0.0,🔴 FAILSAFE: TARGET LOST,,
1786033858.596,2026-08-06 23:30:58,MANUAL,True,-7.9261981,112.5949081,232.76,0.0,0.0,🔴 FAILSAFE: TARGET LOST,,
1786033858.719,2026-08-06 23:30:58,MANUAL,True,-7.9261984,112.5949085,232.76,0.0,0.0,🔴 FAILSAFE: TARGET LOST,,
1786033858.840,2026-08-06 23:30:58,MANUAL,True,-7.9261987,112.5949089,232.77,0.0,0.0,🔴 FAILSAFE: TARGET LOST,,
1786033858.959,2026-08-06 23:30:58,MANUAL,True,-7.9261989,112.5949093,232.77,0.0,0.0,🔴 FAILSAFE: TARGET LOST,,
1786033859.095,2026-08-06 23:30:59,MANUAL,True,-7.9261998,112.5949105,232.77,0.0,0.0,🔴 FAILSAFE: TARGET LOST,,
1786033859.348,2026-08-06 23:30:59,MANUAL,True,-7.9262003,112.5949112,232.78,0.0,0.0,🔴 FAILSAFE: TARGET LOST,,
1786033859.590,2026-08-06 23:30:59,MANUAL,True,-7.9262008,112.5949117,232.8,0.0,0.0,🔴 FAILSAFE: TARGET LOST,,
1786033859.757,2026-08-06 23:30:59,MANUAL,True,-7.9262011,112.5949118,232.8,0.0,0.0,🔴 FAILSAFE: TARGET LOST,,
1786033859.959,2026-08-06 23:30:59,MANUAL,True,-7.9262016,112.5949122,232.8,0.0,0.0,🔴 FAILSAFE: TARGET LOST,,
1786033860.107,2026-08-06 23:31:00,MANUAL,True,-7.9262022,112.5949127,232.8,0.0,0.0,🔴 FAILSAFE: TARGET LOST,,
1786033860.223,2026-08-06 23:31:00,MANUAL,True,-7.9262025,112.5949128,232.79,0.0,0.0,🔴 FAILSAFE: TARGET LOST,,
1786033860.351,2026-08-06 23:31:00,MANUAL,True,-7.9262027,112.594913,232.8,0.0,0.0,🔴 FAILSAFE: TARGET LOST,,
1786033860.476,2026-08-06 23:31:00,MANUAL,True,-7.926203,112.5949131,232.81,0.0,0.0,🔴 FAILSAFE: TARGET LOST,,
1786033860.591,2026-08-06 23:31:00,MANUAL,True,-7.926203,112.5949131,232.81,0.0,0.0,TRACKING_BUOY (MANUAL),95,-225
1786033860.707,2026-08-06 23:31:00,MANUAL,True,-7.9262034,112.5949131,232.79,0.0,0.0,TRACKING_BUOY (MANUAL),96,-224
1786033860.831,2026-08-06 23:31:00,MANUAL,True,-7.9262036,112.5949131,232.83,0.0,0.0,🔴 FAILSAFE: TARGET LOST,,
1786033860.945,2026-08-06 23:31:00,MANUAL,True,-7.9262038,112.5949131,232.84,0.0,0.0,🔴 FAILSAFE: TARGET LOST,,
1786033861.060,2026-08-06 23:31:01,MANUAL,True,-7.9262043,112.5949134,232.82,0.0,0.0,🔴 FAILSAFE: TARGET LOST,,
1786033861.175,2026-08-06 23:31:01,MANUAL,True,-7.9262046,112.5949136,232.78,0.0,0.0,🔴 FAILSAFE: TARGET LOST,,
1786033861.291,2026-08-06 23:31:01,MANUAL,True,-7.9262051,112.5949137,232.79,0.0,0.0,🔴 FAILSAFE: TARGET LOST,,
1786033861.406,2026-08-06 23:31:01,MANUAL,True,-7.9262054,112.5949138,232.78,0.0,0.0,🔴 FAILSAFE: TARGET LOST,,
1786033861.527,2026-08-06 23:31:01,MANUAL,True,-7.9262057,112.594914,232.78,0.0,0.0,🔴 FAILSAFE: TARGET LOST,,
1786033861.644,2026-08-06 23:31:01,MANUAL,True,-7.9262061,112.5949143,232.79,0.0,0.0,🔴 FAILSAFE: TARGET LOST,,
1786033861.757,2026-08-06 23:31:01,MANUAL,True,-7.9262061,112.5949143,232.79,0.0,0.0,🔴 FAILSAFE: TARGET LOST,,
1786033861.872,2026-08-06 23:31:01,MANUAL,True,-7.926207,112.5949154,232.78,0.0,0.0,🔴 FAILSAFE: TARGET LOST,,
1786033861.986,2026-08-06 23:31:01,MANUAL,True,-7.9262073,112.5949159,232.78,0.0,0.0,🔴 FAILSAFE: TARGET LOST,,
1786033862.110,2026-08-06 23:31:02,MANUAL,True,-7.9262084,112.5949174,232.79,0.0,0.0,🔴 FAILSAFE: TARGET LOST,,
1786033862.224,2026-08-06 23:31:02,MANUAL,True,-7.926209,112.5949183,232.8,0.0,0.0,🔴 FAILSAFE: TARGET LOST,,
1786033862.337,2026-08-06 23:31:02,MANUAL,True,-7.9262094,112.5949191,232.8,0.0,0.0,🔴 FAILSAFE: TARGET LOST,,
1786033862.448,2026-08-06 23:31:02,MANUAL,True,-7.9262103,112.5949204,232.81,0.0,0.0,🔴 FAILSAFE: TARGET LOST,,
1786033862.563,2026-08-06 23:31:02,MANUAL,True,-7.9262108,112.5949212,232.81,0.0,0.0,🔴 FAILSAFE: TARGET LOST,,
1786033862.676,2026-08-06 23:31:02,MANUAL,True,-7.9262116,112.5949225,232.82,0.0,0.0,🔴 FAILSAFE: TARGET LOST,,
1786033862.787,2026-08-06 23:31:02,MANUAL,True,-7.9262121,112.5949233,232.8,0.0,0.0,🔴 FAILSAFE: TARGET LOST,,
1786033862.905,2026-08-06 23:31:02,MANUAL,True,-7.9262134,112.5949254,232.77,0.0,0.0,🔴 FAILSAFE: TARGET LOST,,
1786033863.016,2026-08-06 23:31:03,MANUAL,True,-7.9262142,112.5949265,232.77,0.0,0.0,🔴 FAILSAFE: TARGET LOST,,
1786033863.145,2026-08-06 23:31:03,MANUAL,True,-7.9262147,112.5949272,232.77,0.0,0.0,🔴 FAILSAFE: TARGET LOST,,
1786033863.264,2026-08-06 23:31:03,MANUAL,True,-7.9262152,112.5949278,232.77,0.0,0.0,🔴 FAILSAFE: TARGET LOST,,
1786033863.377,2026-08-06 23:31:03,MANUAL,True,-7.9262155,112.5949282,232.78,0.0,0.0,🔴 FAILSAFE: TARGET LOST,,
1786033863.496,2026-08-06 23:31:03,MANUAL,True,-7.9262163,112.5949288,232.82,0.0,0.0,🔴 FAILSAFE: TARGET LOST,,
1786033863.616,2026-08-06 23:31:03,MANUAL,True,-7.9262163,112.5949288,232.82,0.0,0.0,🔴 FAILSAFE: TARGET LOST,,
1786033863.732,2026-08-06 23:31:03,MANUAL,True,-7.926217,112.5949292,232.79,0.0,0.0,🔴 FAILSAFE: TARGET LOST,,
1786033863.845,2026-08-06 23:31:03,MANUAL,True,-7.9262172,112.5949291,232.79,0.0,0.0,🔴 FAILSAFE: TARGET LOST,,
1786033863.962,2026-08-06 23:31:03,MANUAL,True,-7.9262173,112.5949291,232.8,0.0,0.0,🔴 FAILSAFE: TARGET LOST,,
1786033864.080,2026-08-06 23:31:04,MANUAL,True,-7.9262174,112.594929,232.79,0.0,0.0,🔴 FAILSAFE: TARGET LOST,,
1786033864.197,2026-08-06 23:31:04,MANUAL,True,-7.9262176,112.594929,232.8,0.0,0.0,🔴 FAILSAFE: TARGET LOST,,
1786033864.311,2026-08-06 23:31:04,MANUAL,True,-7.9262181,112.5949293,232.81,0.0,0.0,🔴 FAILSAFE: TARGET LOST,,
1786033864.430,2026-08-06 23:31:04,MANUAL,True,-7.9262184,112.5949297,232.82,0.0,0.0,🔴 FAILSAFE: TARGET LOST,,
1786033864.573,2026-08-06 23:31:04,MANUAL,True,-7.9262186,112.5949299,232.82,0.0,0.0,🔴 FAILSAFE: TARGET LOST,,
1786033864.684,2026-08-06 23:31:04,MANUAL,True,-7.9262189,112.5949302,232.82,0.0,0.0,🔴 FAILSAFE: TARGET LOST,,
1786033864.796,2026-08-06 23:31:04,MANUAL,True,-7.9262189,112.5949302,232.82,0.0,0.0,🔴 FAILSAFE: TARGET LOST,,
1786033864.948,2026-08-06 23:31:04,MANUAL,True,-7.926219,112.5949302,232.81,0.0,0.0,🔴 FAILSAFE: TARGET LOST,,
1786033865.074,2026-08-06 23:31:05,MANUAL,True,-7.9262191,112.5949302,232.82,0.0,0.0,🔴 FAILSAFE: TARGET LOST,,
1786033865.190,2026-08-06 23:31:05,MANUAL,True,-7.9262192,112.5949303,232.83,0.0,0.0,🔴 FAILSAFE: TARGET LOST,,
1786033865.311,2026-08-06 23:31:05,MANUAL,True,-7.9262193,112.5949304,232.85,0.0,0.0,🔴 FAILSAFE: TARGET LOST,,
1786033865.425,2026-08-06 23:31:05,MANUAL,True,-7.9262193,112.5949303,232.86,0.0,0.0,🔴 FAILSAFE: TARGET LOST,,
1786033865.558,2026-08-06 23:31:05,MANUAL,True,-7.9262194,112.5949303,232.87,0.0,0.0,🔴 FAILSAFE: TARGET LOST,,
1786033865.685,2026-08-06 23:31:05,MANUAL,True,-7.9262194,112.5949303,232.89,0.0,0.0,🔴 FAILSAFE: TARGET LOST,,
1786033865.795,2026-08-06 23:31:05,MANUAL,True,-7.9262194,112.5949303,232.89,0.0,0.0,🔴 FAILSAFE: TARGET LOST,,
1786033865.913,2026-08-06 23:31:05,MANUAL,True,-7.9262196,112.5949305,232.88,0.0,0.0,🔴 FAILSAFE: TARGET LOST,,
1786033866.032,2026-08-06 23:31:06,MANUAL,True,-7.9262197,112.5949305,232.9,0.0,0.0,🔴 FAILSAFE: TARGET LOST,,
1786033866.175,2026-08-06 23:31:06,MANUAL,True,-7.9262197,112.5949305,232.9,0.0,0.0,🔴 FAILSAFE: TARGET LOST,,
1786033866.297,2026-08-06 23:31:06,MANUAL,True,-7.9262197,112.5949305,232.91,0.0,0.0,🔴 FAILSAFE: TARGET LOST,,
1786033866.412,2026-08-06 23:31:06,MANUAL,True,-7.9262196,112.5949303,232.9,0.0,0.0,🔴 FAILSAFE: TARGET LOST,,
1786033866.548,2026-08-06 23:31:06,MANUAL,True,-7.9262196,112.5949302,232.9,0.0,0.0,🔴 FAILSAFE: TARGET LOST,,
1786033866.669,2026-08-06 23:31:06,MANUAL,True,-7.9262194,112.59493,232.9,0.0,0.0,🔴 FAILSAFE: TARGET LOST,,
1786033866.784,2026-08-06 23:31:06,MANUAL,True,-7.9262193,112.5949298,232.9,0.0,0.0,🔴 FAILSAFE: TARGET LOST,,
1786033866.906,2026-08-06 23:31:06,MANUAL,True,-7.9262188,112.5949289,232.9,0.0,0.0,🔴 FAILSAFE: TARGET LOST,,
1786033867.020,2026-08-06 23:31:07,MANUAL,True,-7.9262183,112.5949284,232.89,0.0,0.0,🔴 FAILSAFE: TARGET LOST,,
1786033867.144,2026-08-06 23:31:07,MANUAL,True,-7.9262181,112.5949278,232.89,0.0,0.0,🔴 FAILSAFE: TARGET LOST,,
1786033867.257,2026-08-06 23:31:07,MANUAL,True,-7.9262175,112.594927,232.9,0.0,0.0,🔴 FAILSAFE: TARGET LOST,,
1786033867.370,2026-08-06 23:31:07,MANUAL,True,-7.9262171,112.5949263,232.89,0.0,0.0,🔴 FAILSAFE: TARGET LOST,,
1786033867.483,2026-08-06 23:31:07,MANUAL,True,-7.9262163,112.594925,232.91,0.0,0.0,🔴 FAILSAFE: TARGET LOST,,
1786033867.604,2026-08-06 23:31:07,MANUAL,True,-7.9262159,112.5949243,232.91,0.0,0.0,🔴 FAILSAFE: TARGET LOST,,
1786033867.738,2026-08-06 23:31:07,MANUAL,True,-7.9262148,112.5949226,232.91,0.0,0.0,🔴 FAILSAFE: TARGET LOST,,
1786033867.869,2026-08-06 23:31:07,MANUAL,True,-7.926214,112.5949213,232.92,0.0,0.0,🔴 FAILSAFE: TARGET LOST,,
1786033868.002,2026-08-06 23:31:08,MANUAL,True,-7.9262125,112.5949191,232.91,0.0,0.0,🔴 FAILSAFE: TARGET LOST,,
1786033868.136,2026-08-06 23:31:08,MANUAL,True,-7.9262119,112.5949181,232.91,0.0,0.0,🔴 FAILSAFE: TARGET LOST,,
1786033868.267,2026-08-06 23:31:08,MANUAL,True,-7.9262112,112.594917,232.91,0.0,0.0,🔴 FAILSAFE: TARGET LOST,,
1786033868.388,2026-08-06 23:31:08,MANUAL,True,-7.9262107,112.5949162,232.92,0.0,0.0,🔴 FAILSAFE: TARGET LOST,,
1786033868.505,2026-08-06 23:31:08,MANUAL,True,-7.9262095,112.5949143,232.93,0.0,0.0,🔴 FAILSAFE: TARGET LOST,,
1786033868.618,2026-08-06 23:31:08,MANUAL,True,-7.9262085,112.5949129,232.94,0.0,0.0,🔴 FAILSAFE: TARGET LOST,,
1786033868.732,2026-08-06 23:31:08,MANUAL,True,-7.926208,112.5949121,232.93,0.0,0.0,🔴 FAILSAFE: TARGET LOST,,
1786033868.855,2026-08-06 23:31:08,MANUAL,True,-7.9262069,112.5949105,232.93,0.0,0.0,🔴 FAILSAFE: TARGET LOST,,
1786033868.969,2026-08-06 23:31:08,MANUAL,True,-7.9262063,112.5949095,232.93,0.0,0.0,🔴 FAILSAFE: TARGET LOST,,
1786033869.094,2026-08-06 23:31:09,MANUAL,True,-7.9262052,112.5949078,232.93,0.0,0.0,🔴 FAILSAFE: TARGET LOST,,
1786033869.210,2026-08-06 23:31:09,MANUAL,True,-7.9262035,112.594905,232.94,0.0,0.0,🔴 FAILSAFE: TARGET LOST,,
1786033869.326,2026-08-06 23:31:09,MANUAL,True,-7.9262029,112.5949039,232.95,0.0,0.0,🔴 FAILSAFE: TARGET LOST,,
1786033869.435,2026-08-06 23:31:09,MANUAL,True,-7.9262018,112.5949022,232.95,0.0,0.0,🔴 FAILSAFE: TARGET LOST,,
1786033869.549,2026-08-06 23:31:09,MANUAL,True,-7.9262012,112.5949012,232.96,0.0,0.0,TRACKING_BUOY (MANUAL),0,-320
1786033869.660,2026-08-06 23:31:09,MANUAL,True,-7.9262001,112.5948995,232.94,0.0,0.0,TRACKING_BUOY (MANUAL),0,-320
1786033869.772,2026-08-06 23:31:09,MANUAL,True,-7.9261997,112.5948988,232.95,0.0,0.0,TRACKING_BUOY (MANUAL),0,-320
1786033869.889,2026-08-06 23:31:09,MANUAL,True,-7.9261983,112.5948966,232.99,0.0,0.0,TRACKING_BUOY (MANUAL),0,-320
1786033870.027,2026-08-06 23:31:10,MANUAL,True,-7.9261976,112.5948953,232.97,0.0,0.0,TRACKING_BUOY (MANUAL),0,-320
1786033870.147,2026-08-06 23:31:10,MANUAL,True,-7.9261971,112.5948944,232.97,0.0,0.0,TRACKING_BUOY (MANUAL),0,-320
1786033870.264,2026-08-06 23:31:10,MANUAL,True,-7.9261966,112.5948936,232.97,0.0,0.0,TRACKING_BUOY (MANUAL),0,-320
1786033870.382,2026-08-06 23:31:10,MANUAL,True,-7.9261962,112.594893,232.98,0.0,0.0,TRACKING_BUOY (MANUAL),0,-320
1786033870.517,2026-08-06 23:31:10,MANUAL,True,-7.9261954,112.5948917,232.97,0.0,0.0,TRACKING_BUOY (MANUAL),356,36
1786033870.634,2026-08-06 23:31:10,MANUAL,True,-7.926195,112.594891,232.96,0.0,0.0,TRACKING_BUOY (MANUAL),353,33
1786033870.749,2026-08-06 23:31:10,MANUAL,True,-7.9261949,112.5948908,232.91,0.0,0.0,TRACKING_BUOY (MANUAL),352,32
1786033870.865,2026-08-06 23:31:10,MANUAL,True,-7.9261946,112.5948904,232.93,0.0,0.0,TRACKING_BUOY (MANUAL),351,31
1786033871.016,2026-08-06 23:31:11,MANUAL,True,-7.926194,112.5948894,232.9,0.0,0.0,TRACKING_BUOY (MANUAL),352,32
1786033871.165,2026-08-06 23:31:11,MANUAL,True,-7.9261937,112.5948888,232.93,0.0,0.0,TRACKING_BUOY (MANUAL),352,32
1786033871.379,2026-08-06 23:31:11,MANUAL,True,-7.926193,112.5948875,232.94,0.0,0.0,TRACKING_BUOY (MANUAL),353,33
1786033871.502,2026-08-06 23:31:11,MANUAL,True,-7.9261923,112.594886,232.94,0.0,0.0,TRACKING_BUOY (MANUAL),351,31
1786033871.618,2026-08-06 23:31:11,MANUAL,True,-7.9261923,112.594886,232.94,0.0,0.0,TRACKING_BUOY (MANUAL),346,26
1786033871.742,2026-08-06 23:31:11,MANUAL,True,-7.9261914,112.5948843,232.95,0.0,0.0,TRACKING_BUOY (MANUAL),336,16
1786033871.863,2026-08-06 23:31:11,MANUAL,True,-7.926191,112.5948835,232.96,0.0,0.0,TRACKING_BUOY (MANUAL),329,9
1786033871.984,2026-08-06 23:31:11,MANUAL,True,-7.9261906,112.5948826,232.95,0.0,0.0,TRACKING_BUOY (MANUAL),321,1
1786033872.102,2026-08-06 23:31:12,MANUAL,True,-7.9261901,112.5948818,232.96,0.0,0.0,TRACKING_BUOY (MANUAL),314,-6
1786033872.221,2026-08-06 23:31:12,MANUAL,True,-7.9261892,112.5948799,232.96,0.0,0.0,TRACKING_BUOY (MANUAL),313,-7
1786033872.341,2026-08-06 23:31:12,MANUAL,True,-7.9261887,112.594879,232.96,0.0,0.0,TRACKING_BUOY (MANUAL),308,-12
1786033872.462,2026-08-06 23:31:12,MANUAL,True,-7.9261882,112.5948781,232.94,0.0,0.0,TRACKING_BUOY (MANUAL),305,-15
1786033872.585,2026-08-06 23:31:12,MANUAL,True,-7.9261877,112.5948771,232.92,0.0,0.0,TRACKING_BUOY (MANUAL),307,-13
1786033872.703,2026-08-06 23:31:12,MANUAL,True,-7.9261877,112.5948771,232.92,0.0,0.0,TRACKING_BUOY (MANUAL),309,-11
1786033872.818,2026-08-06 23:31:12,MANUAL,True,-7.9261866,112.594875,232.94,0.0,0.0,TRACKING_BUOY (MANUAL),311,-9
1786033872.929,2026-08-06 23:31:12,MANUAL,True,-7.9261855,112.5948729,232.93,0.0,0.0,TRACKING_BUOY (MANUAL),313,-7
1786033873.046,2026-08-06 23:31:13,MANUAL,True,-7.926185,112.5948719,232.93,0.0,0.0,TRACKING_BUOY (MANUAL),317,-3
1786033873.176,2026-08-06 23:31:13,MANUAL,True,-7.9261845,112.5948708,232.94,0.0,0.0,TRACKING_BUOY (MANUAL),319,-1
1786033873.290,2026-08-06 23:31:13,MANUAL,True,-7.9261839,112.5948698,232.94,0.0,0.0,TRACKING_BUOY (MANUAL),321,1
1786033873.412,2026-08-06 23:31:13,MANUAL,True,-7.9261833,112.5948687,232.94,0.0,0.0,TRACKING_BUOY (MANUAL),324,4
1786033873.537,2026-08-06 23:31:13,MANUAL,True,-7.9261822,112.5948665,232.94,0.0,0.0,TRACKING_BUOY (MANUAL),329,9
1786033873.668,2026-08-06 23:31:13,MANUAL,True,-7.9261822,112.5948665,232.94,0.0,0.0,TRACKING_BUOY (MANUAL),329,9
1786033873.790,2026-08-06 23:31:13,MANUAL,True,-7.9261808,112.5948638,232.97,0.0,0.0,TRACKING_BUOY (MANUAL),329,9
1786033873.914,2026-08-06 23:31:13,MANUAL,True,-7.9261803,112.5948629,232.98,0.0,0.0,TRACKING_BUOY (MANUAL),329,9
1786033874.030,2026-08-06 23:31:14,MANUAL,True,-7.9261797,112.5948617,232.98,0.0,0.0,TRACKING_BUOY (MANUAL),330,10
1786033874.161,2026-08-06 23:31:14,MANUAL,True,-7.9261784,112.5948593,232.97,0.0,0.0,TRACKING_BUOY (MANUAL),329,9
1786033874.291,2026-08-06 23:31:14,MANUAL,True,-7.9261778,112.5948581,232.99,0.0,0.0,TRACKING_BUOY (MANUAL),329,9
1786033874.410,2026-08-06 23:31:14,MANUAL,True,-7.926177,112.5948566,233.0,0.0,0.0,TRACKING_BUOY (MANUAL),331,11
1786033874.523,2026-08-06 23:31:14,MANUAL,True,-7.9261764,112.5948556,233.0,0.0,0.0,TRACKING_BUOY (MANUAL),332,12
1786033874.650,2026-08-06 23:31:14,MANUAL,True,-7.9261758,112.5948544,233.01,0.0,0.0,TRACKING_BUOY (MANUAL),332,12
1786033874.768,2026-08-06 23:31:14,MANUAL,True,-7.9261744,112.5948518,233.01,0.0,0.0,TRACKING_BUOY (MANUAL),333,13
1786033874.893,2026-08-06 23:31:14,MANUAL,True,-7.9261737,112.5948505,233.01,0.0,0.0,TRACKING_BUOY (MANUAL),336,16
1786033875.013,2026-08-06 23:31:15,MANUAL,True,-7.926173,112.5948492,233.03,0.0,0.0,TRACKING_BUOY (MANUAL),341,21
1786033875.161,2026-08-06 23:31:15,MANUAL,True,-7.9261716,112.5948465,233.03,0.0,0.0,TRACKING_BUOY (MANUAL),346,26
1786033875.277,2026-08-06 23:31:15,MANUAL,True,-7.9261709,112.5948451,233.04,0.0,0.0,TRACKING_BUOY (MANUAL),354,34
1786033875.390,2026-08-06 23:31:15,MANUAL,True,-7.9261701,112.5948438,233.04,0.0,0.0,TRACKING_BUOY (MANUAL),358,38
1786033875.520,2026-08-06 23:31:15,MANUAL,True,-7.9261694,112.5948424,233.05,0.0,0.0,TRACKING_BUOY (MANUAL),359,39
1786033875.638,2026-08-06 23:31:15,MANUAL,True,-7.9261685,112.5948407,233.05,0.0,0.0,TRACKING_BUOY (MANUAL),363,43
1786033875.765,2026-08-06 23:31:15,MANUAL,True,-7.9261671,112.5948381,233.06,0.0,0.0,TRACKING_BUOY (MANUAL),366,46
1786033875.882,2026-08-06 23:31:15,MANUAL,True,-7.9261663,112.5948366,233.06,0.0,0.0,TRACKING_BUOY (MANUAL),369,49
1786033875.997,2026-08-06 23:31:15,MANUAL,True,-7.9261655,112.5948352,233.06,0.0,0.0,TRACKING_BUOY (MANUAL),370,50
1786033876.122,2026-08-06 23:31:16,MANUAL,True,-7.9261647,112.5948337,233.07,0.0,0.0,TRACKING_BUOY (MANUAL),370,50
1786033876.232,2026-08-06 23:31:16,MANUAL,True,-7.9261639,112.5948322,233.06,0.0,0.0,TRACKING_BUOY (MANUAL),367,47
1786033876.347,2026-08-06 23:31:16,MANUAL,True,-7.9261623,112.5948291,233.07,0.0,0.0,TRACKING_BUOY (MANUAL),363,43
1786033876.468,2026-08-06 23:31:16,MANUAL,True,-7.9261614,112.5948276,233.07,0.0,0.0,TRACKING_BUOY (MANUAL),350,30
1786033876.600,2026-08-06 23:31:16,MANUAL,True,-7.9261603,112.5948254,233.07,0.0,0.0,TRACKING_BUOY (MANUAL),339,19
1786033876.713,2026-08-06 23:31:16,MANUAL,True,-7.9261603,112.5948254,233.07,0.0,0.0,TRACKING_BUOY (MANUAL),330,10
1786033876.827,2026-08-06 23:31:16,MANUAL,True,-7.9261587,112.5948225,233.07,0.0,0.0,TRACKING_BUOY (MANUAL),326,6
1786033876.939,2026-08-06 23:31:16,MANUAL,True,-7.9261578,112.5948209,233.1,0.0,0.0,TRACKING_BUOY (MANUAL),325,5
1786033877.052,2026-08-06 23:31:17,MANUAL,True,-7.926157,112.5948193,233.09,0.0,0.0,TRACKING_BUOY (MANUAL),325,5
1786033877.165,2026-08-06 23:31:17,MANUAL,True,-7.9261552,112.5948159,233.1,0.0,0.0,TRACKING_BUOY (MANUAL),323,3
1786033877.288,2026-08-06 23:31:17,MANUAL,True,-7.9261543,112.5948143,233.1,0.0,0.0,TRACKING_BUOY (MANUAL),322,2
1786033877.410,2026-08-06 23:31:17,MANUAL,True,-7.9261533,112.5948126,233.11,0.0,0.0,TRACKING_BUOY (MANUAL),324,4
1786033877.531,2026-08-06 23:31:17,MANUAL,True,-7.9261524,112.5948108,233.1,0.0,0.0,TRACKING_BUOY (MANUAL),323,3
1786033877.647,2026-08-06 23:31:17,MANUAL,True,-7.9261511,112.5948084,233.1,0.0,0.0,TRACKING_BUOY (MANUAL),320,0
1786033877.762,2026-08-06 23:31:17,MANUAL,True,-7.9261511,112.5948084,233.1,0.0,0.0,TRACKING_BUOY (MANUAL),319,-1
1786033877.884,2026-08-06 23:31:17,MANUAL,True,-7.9261961,112.5948946,233.09,0.0,0.0,TRACKING_BUOY (MANUAL),320,0
1786033878.003,2026-08-06 23:31:18,MANUAL,True,-7.9261961,112.5948946,233.1,0.0,0.0,TRACKING_BUOY (MANUAL),320,0
1786033878.124,2026-08-06 23:31:18,MANUAL,True,-7.9261961,112.5948946,233.11,0.0,0.0,TRACKING_BUOY (MANUAL),320,0
1786033878.241,2026-08-06 23:31:18,MANUAL,True,-7.9261961,112.5948946,233.11,0.0,0.0,TRACKING_BUOY (MANUAL),320,0
1786033878.352,2026-08-06 23:31:18,MANUAL,True,-7.9261961,112.5948946,233.12,0.0,0.0,TRACKING_BUOY (MANUAL),320,0
1786033878.468,2026-08-06 23:31:18,MANUAL,True,-7.9261961,112.5948946,233.12,0.0,0.0,TRACKING_BUOY (MANUAL),320,0
1786033878.591,2026-08-06 23:31:18,MANUAL,True,-7.9261961,112.5948946,233.13,0.0,0.0,TRACKING_BUOY (MANUAL),321,1
1786033878.707,2026-08-06 23:31:18,MANUAL,True,-7.9261961,112.5948946,233.15,0.0,0.0,TRACKING_BUOY (MANUAL),320,0
1786033878.817,2026-08-06 23:31:18,MANUAL,True,-7.9261961,112.5948946,233.16,0.0,0.0,TRACKING_BUOY (MANUAL),321,1
1786033878.934,2026-08-06 23:31:18,MANUAL,True,-7.9261961,112.5948946,233.15,0.0,0.0,TRACKING_BUOY (MANUAL),323,3
1786033879.049,2026-08-06 23:31:19,MANUAL,True,-7.9261961,112.5948946,233.17,0.0,0.0,TRACKING_BUOY (MANUAL),323,3
1786033879.166,2026-08-06 23:31:19,MANUAL,True,-7.9261961,112.5948946,233.17,0.0,0.0,TRACKING_BUOY (MANUAL),322,2
1786033879.288,2026-08-06 23:31:19,MANUAL,True,-7.9261961,112.5948946,233.19,0.0,0.0,TRACKING_BUOY (MANUAL),322,2
1786033879.408,2026-08-06 23:31:19,MANUAL,True,-7.9261961,112.5948946,233.2,0.0,0.0,TRACKING_BUOY (MANUAL),323,3
1786033879.525,2026-08-06 23:31:19,MANUAL,True,-7.9261961,112.5948946,233.2,0.0,0.0,TRACKING_BUOY (MANUAL),323,3
1786033879.642,2026-08-06 23:31:19,MANUAL,True,-7.9261961,112.5948946,233.22,0.0,0.0,TRACKING_BUOY (MANUAL),323,3
1786033879.758,2026-08-06 23:31:19,MANUAL,True,-7.9261961,112.5948946,233.22,0.0,0.0,TRACKING_BUOY (MANUAL),323,3
1786033879.876,2026-08-06 23:31:19,MANUAL,True,-7.9261961,112.5948946,233.21,0.0,0.0,TRACKING_BUOY (MANUAL),323,3
1786033879.985,2026-08-06 23:31:19,MANUAL,True,-7.9261961,112.5948946,233.2,0.0,0.0,TRACKING_BUOY (MANUAL),324,4
1786033880.122,2026-08-06 23:31:20,MANUAL,True,-7.9261961,112.5948946,233.22,0.0,0.0,TRACKING_BUOY (MANUAL),323,3
1786033880.240,2026-08-06 23:31:20,MANUAL,True,-7.9261961,112.5948946,233.21,0.0,0.0,TRACKING_BUOY,324,4
1786033880.358,2026-08-06 23:31:20,MANUAL,True,-7.9261961,112.5948946,233.21,0.0,0.0,FINISH,323,3
1786033880.491,2026-08-06 23:31:20,MANUAL,True,-7.9261961,112.5948946,233.19,0.0,0.0,IDLE,323,3
1786033880.614,2026-08-06 23:31:20,MANUAL,True,-7.9261961,112.5948946,233.2,0.0,0.0,IDLE,321,1
1786033880.735,2026-08-06 23:31:20,MANUAL,True,-7.9261961,112.5948946,233.21,0.0,0.0,IDLE,320,0
1786033880.856,2026-08-06 23:31:20,MANUAL,True,-7.9261961,112.5948946,233.22,0.0,0.0,IDLE,319,-1
1786033880.979,2026-08-06 23:31:20,MANUAL,True,-7.9261961,112.5948946,233.23,0.0,0.0,IDLE,319,-1
1786033881.102,2026-08-06 23:31:21,MANUAL,True,-7.9261961,112.5948946,233.25,0.0,0.0,IDLE,316,-4
1786033881.221,2026-08-06 23:31:21,MANUAL,True,-7.9261961,112.5948946,233.25,0.0,0.0,IDLE,309,-11
1786033881.337,2026-08-06 23:31:21,MANUAL,True,-7.9261961,112.5948946,233.23,0.0,0.0,IDLE,,
1786033881.456,2026-08-06 23:31:21,MANUAL,True,-7.9261961,112.5948946,233.23,0.0,0.0,IDLE,,
1786033881.579,2026-08-06 23:31:21,MANUAL,True,-7.9261961,112.5948946,233.23,0.0,0.0,IDLE,,
1786033881.699,2026-08-06 23:31:21,MANUAL,True,-7.9261961,112.5948946,233.23,0.0,0.0,IDLE,,
1786033881.818,2026-08-06 23:31:21,MANUAL,True,-7.9261961,112.5948946,233.24,0.0,0.0,IDLE,,
1786033881.935,2026-08-06 23:31:21,MANUAL,True,-7.9261961,112.5948946,233.26,0.0,0.0,IDLE,,
1786033882.054,2026-08-06 23:31:22,MANUAL,True,-7.9261961,112.5948946,233.27,0.0,0.0,IDLE,,
1786033882.169,2026-08-06 23:31:22,MANUAL,True,-7.9261961,112.5948946,233.27,0.0,0.0,IDLE,,
1786033882.283,2026-08-06 23:31:22,MANUAL,True,-7.9261961,112.5948946,233.3,0.0,0.0,IDLE,,
1786033882.393,2026-08-06 23:31:22,MANUAL,True,-7.9261961,112.5948946,233.3,0.0,0.0,IDLE,,
1786033882.506,2026-08-06 23:31:22,MANUAL,True,-7.9261961,112.5948946,233.3,0.0,0.0,IDLE,,
1786033882.620,2026-08-06 23:31:22,MANUAL,True,-7.9261961,112.5948946,233.29,0.0,0.0,IDLE,,
1786033882.736,2026-08-06 23:31:22,MANUAL,True,-7.9261961,112.5948946,233.28,0.0,0.0,IDLE,,
1786033882.864,2026-08-06 23:31:22,MANUAL,True,-7.9261961,112.5948946,233.29,0.0,0.0,IDLE,,
1786033882.983,2026-08-06 23:31:22,MANUAL,True,-7.9261961,112.5948946,233.3,0.0,0.0,IDLE,,
1786033883.103,2026-08-06 23:31:23,MANUAL,True,-7.9261961,112.5948946,233.3,0.0,0.0,IDLE,,
1786033883.296,2026-08-06 23:31:23,MANUAL,True,-7.9261961,112.5948946,233.28,0.0,0.0,IDLE,,
1786033883.462,2026-08-06 23:31:23,MANUAL,True,-7.9261961,112.5948946,233.3,0.0,0.0,IDLE,,
1786033883.616,2026-08-06 23:31:23,MANUAL,True,-7.9261961,112.5948946,233.29,0.0,0.0,IDLE,,
1786033883.765,2026-08-06 23:31:23,MANUAL,True,-7.9261961,112.5948946,233.29,0.0,0.0,IDLE,,
1786033883.877,2026-08-06 23:31:23,MANUAL,True,-7.9261961,112.5948946,233.28,0.0,0.0,IDLE,,
1786033884.018,2026-08-06 23:31:24,MANUAL,True,-7.9261961,112.5948946,233.28,0.0,0.0,IDLE,,
1786033884.151,2026-08-06 23:31:24,MANUAL,True,-7.9261961,112.5948946,233.3,0.0,0.0,IDLE,,
1786033884.275,2026-08-06 23:31:24,MANUAL,True,-7.9262744,112.595031,233.3,0.0,0.0,IDLE,,
1786033884.392,2026-08-06 23:31:24,MANUAL,True,-7.9262734,112.595031,233.31,0.0,0.0,IDLE,,
1786033884.776,2026-08-06 23:31:24,MANUAL,True,-7.9262707,112.5950292,233.34,0.0,0.0,IDLE,,
1786033884.986,2026-08-06 23:31:24,MANUAL,True,-7.9262673,112.595026,233.36,0.0,0.0,IDLE,,
1786033885.111,2026-08-06 23:31:25,MANUAL,True,-7.9262665,112.5950253,233.38,0.0,0.0,IDLE,,
1786033885.272,2026-08-06 23:31:25,MANUAL,True,-7.9262648,112.5950236,233.4,0.0,0.0,IDLE,,
1786033885.380,2026-08-06 23:31:25,MANUAL,True,-7.9262633,112.5950218,233.4,0.0,0.0,IDLE,,
1786033885.507,2026-08-06 23:31:25,MANUAL,True,-7.9262626,112.5950209,233.4,0.0,0.0,IDLE,,
1786033885.622,2026-08-06 23:31:25,MANUAL,True,-7.9262612,112.5950193,233.4,0.0,0.0,IDLE,,
1786033885.727,2026-08-06 23:31:25,MANUAL,True,-7.9262605,112.5950185,233.42,0.0,0.0,IDLE,,
1786033885.833,2026-08-06 23:31:25,MANUAL,True,-7.9262591,112.5950169,233.43,0.0,0.0,IDLE,,
1786033885.945,2026-08-06 23:31:25,MANUAL,True,-7.9262584,112.595016,233.43,0.0,0.0,IDLE,,
1786033886.054,2026-08-06 23:31:26,MANUAL,True,-7.9262573,112.5950149,233.44,0.0,0.0,IDLE,,
1786033886.166,2026-08-06 23:31:26,MANUAL,True,-7.9262566,112.5950142,233.45,0.0,0.0,IDLE,,
1786033886.276,2026-08-06 23:31:26,MANUAL,True,-7.9262552,112.5950127,233.46,0.0,0.0,IDLE,,
1786033886.385,2026-08-06 23:31:26,MANUAL,True,-7.9262541,112.5950116,233.46,0.0,0.0,IDLE,,
1786033886.497,2026-08-06 23:31:26,MANUAL,True,-7.9262536,112.595011,233.47,0.0,0.0,IDLE,,
1786033886.612,2026-08-06 23:31:26,MANUAL,True,-7.9262524,112.5950095,233.47,0.0,0.0,IDLE,,
1786033886.724,2026-08-06 23:31:26,MANUAL,True,-7.9262519,112.5950088,233.48,0.0,0.0,IDLE,,
1786033886.834,2026-08-06 23:31:26,MANUAL,True,-7.9262511,112.5950078,233.47,0.0,0.0,IDLE,,
1786033886.937,2026-08-06 23:31:26,MANUAL,True,-7.9262506,112.5950071,233.47,0.0,0.0,IDLE,,
1786033887.055,2026-08-06 23:31:27,MANUAL,True,-7.9262498,112.5950058,233.48,0.0,0.0,IDLE,,
1786033887.173,2026-08-06 23:31:27,MANUAL,True,-7.9262493,112.5950051,233.49,0.0,0.0,IDLE,,
1786033887.284,2026-08-06 23:31:27,MANUAL,True,-7.9262483,112.5950033,233.49,0.0,0.0,IDLE,,
1786033887.391,2026-08-06 23:31:27,MANUAL,True,-7.9262477,112.5950023,233.5,0.0,0.0,IDLE,,
1786033887.501,2026-08-06 23:31:27,MANUAL,True,-7.9262473,112.5950016,233.51,0.0,0.0,IDLE,,
1786033887.608,2026-08-06 23:31:27,MANUAL,True,-7.9262473,112.5950016,233.51,0.0,0.0,IDLE,,
1786033887.716,2026-08-06 23:31:27,MANUAL,True,-7.9262465,112.5950001,233.5,0.0,0.0,IDLE,,
1786033887.823,2026-08-06 23:31:27,MANUAL,True,-7.9262462,112.5949996,233.5,0.0,0.0,IDLE,,
1786033887.939,2026-08-06 23:31:27,MANUAL,True,-7.926246,112.5949991,233.5,0.0,0.0,IDLE,,
1786033888.054,2026-08-06 23:31:28,MANUAL,True,-7.9262458,112.5949987,233.49,0.0,0.0,IDLE,,
1786033888.168,2026-08-06 23:31:28,MANUAL,True,-7.9262456,112.5949983,233.5,0.0,0.0,IDLE,,
1786033888.274,2026-08-06 23:31:28,MANUAL,True,-7.9262453,112.5949976,233.51,0.0,0.0,IDLE,,
1786033888.383,2026-08-06 23:31:28,MANUAL,True,-7.9262449,112.594997,233.51,0.0,0.0,IDLE,,
1786033888.496,2026-08-06 23:31:28,MANUAL,True,-7.9262446,112.5949964,233.52,0.0,0.0,IDLE,,
1786033888.611,2026-08-06 23:31:28,MANUAL,True,-7.9262444,112.5949959,233.52,0.0,0.0,IDLE,,
1786033888.720,2026-08-06 23:31:28,MANUAL,True,-7.9262441,112.5949954,233.52,0.0,0.0,IDLE,,
1786033888.837,2026-08-06 23:31:28,MANUAL,True,-7.926244,112.5949951,233.51,0.0,0.0,IDLE,,
1786033888.946,2026-08-06 23:31:28,MANUAL,True,-7.9262439,112.5949948,233.51,0.0,0.0,IDLE,,
1786033889.063,2026-08-06 23:31:29,MANUAL,True,-7.9262438,112.5949946,233.52,0.0,0.0,IDLE,,
1786033889.180,2026-08-06 23:31:29,MANUAL,True,-7.9262435,112.594994,233.51,0.0,0.0,IDLE,,
1786033889.292,2026-08-06 23:31:29,MANUAL,True,-7.9262433,112.5949937,233.52,0.0,0.0,IDLE,,
1786033889.405,2026-08-06 23:31:29,MANUAL,True,-7.9262431,112.5949933,233.53,0.0,0.0,IDLE,,
1786033889.520,2026-08-06 23:31:29,MANUAL,True,-7.9262429,112.5949929,233.53,0.0,0.0,IDLE,,
1786033889.636,2026-08-06 23:31:29,MANUAL,True,-7.9262426,112.5949921,233.52,0.0,0.0,IDLE,,
1786033889.751,2026-08-06 23:31:29,MANUAL,True,-7.9262424,112.5949918,233.52,0.0,0.0,IDLE,,
1786033889.863,2026-08-06 23:31:29,MANUAL,True,-7.9262418,112.5949903,233.52,0.0,0.0,IDLE,,
1786033889.985,2026-08-06 23:31:29,MANUAL,True,-7.9262415,112.5949896,233.53,0.0,0.0,IDLE,,
1786033890.098,2026-08-06 23:31:30,MANUAL,True,-7.9262412,112.5949891,233.53,0.0,0.0,IDLE,,
1786033890.206,2026-08-06 23:31:30,MANUAL,True,-7.9262409,112.5949884,233.52,0.0,0.0,IDLE,,
1786033890.321,2026-08-06 23:31:30,MANUAL,True,-7.9262407,112.5949879,233.52,0.0,0.0,IDLE,,
1786033890.437,2026-08-06 23:31:30,MANUAL,True,-7.9262403,112.594987,233.52,0.0,0.0,IDLE,,
1786033890.550,2026-08-06 23:31:30,MANUAL,True,-7.92624,112.5949864,233.53,0.0,0.0,IDLE,,
1786033890.668,2026-08-06 23:31:30,MANUAL,True,-7.9262391,112.5949845,233.54,0.0,0.0,IDLE,,
1786033890.782,2026-08-06 23:31:30,MANUAL,True,-7.9262385,112.5949833,233.55,0.0,0.0,IDLE,,
1786033890.894,2026-08-06 23:31:30,MANUAL,True,-7.9262381,112.5949824,233.55,0.0,0.0,IDLE,,
1786033891.003,2026-08-06 23:31:31,MANUAL,True,-7.9262377,112.5949815,233.53,0.0,0.0,IDLE,,
1786033891.115,2026-08-06 23:31:31,MANUAL,True,-7.9262374,112.5949807,233.52,0.0,0.0,IDLE,,
1786033891.226,2026-08-06 23:31:31,MANUAL,True,-7.926237,112.5949798,233.52,0.0,0.0,IDLE,,
1786033891.334,2026-08-06 23:31:31,MANUAL,True,-7.9262366,112.5949791,233.52,0.0,0.0,IDLE,,
1786033891.447,2026-08-06 23:31:31,MANUAL,True,-7.926236,112.5949778,233.52,0.0,0.0,IDLE,,
1786033891.563,2026-08-06 23:31:31,MANUAL,True,-7.9262356,112.5949771,233.52,0.0,0.0,IDLE,,
1786033891.673,2026-08-06 23:31:31,MANUAL,True,-7.9262351,112.594976,233.54,0.0,0.0,IDLE,,
1786033891.781,2026-08-06 23:31:31,MANUAL,True,-7.9262344,112.5949742,233.54,0.0,0.0,IDLE,,
1786033891.892,2026-08-06 23:31:31,MANUAL,True,-7.9262341,112.5949736,233.55,0.0,0.0,IDLE,,
1786033892.001,2026-08-06 23:31:32,MANUAL,True,-7.9262335,112.5949722,233.55,0.0,0.0,IDLE,,
1786033892.109,2026-08-06 23:31:32,MANUAL,True,-7.9262331,112.5949712,233.55,0.0,0.0,IDLE,,
1786033892.218,2026-08-06 23:31:32,MANUAL,True,-7.9262326,112.5949699,233.55,0.0,0.0,IDLE,,
1786033892.328,2026-08-06 23:31:32,MANUAL,True,-7.9262322,112.594969,233.54,0.0,0.0,IDLE,,
1786033892.437,2026-08-06 23:31:32,MANUAL,True,-7.9262315,112.5949672,233.55,0.0,0.0,IDLE,,
1786033892.545,2026-08-06 23:31:32,MANUAL,True,-7.926231,112.5949662,233.55,0.0,0.0,IDLE,,
1786033892.655,2026-08-06 23:31:32,MANUAL,True,-7.9262301,112.5949639,233.56,0.0,0.0,IDLE,,
1786033892.762,2026-08-06 23:31:32,MANUAL,True,-7.9262297,112.5949631,233.57,0.0,0.0,IDLE,,
1786033892.869,2026-08-06 23:31:32,MANUAL,True,-7.9262284,112.59496,233.56,0.0,0.0,IDLE,,
1786033892.977,2026-08-06 23:31:32,MANUAL,True,-7.9262284,112.59496,233.56,0.0,0.0,IDLE,333,13
1786033893.089,2026-08-06 23:31:33,MANUAL,True,-7.9262273,112.5949571,233.56,0.0,0.0,IDLE,332,12
1786033893.201,2026-08-06 23:31:33,MANUAL,True,-7.9262269,112.5949558,233.56,0.0,0.0,IDLE,339,19
1786033893.327,2026-08-06 23:31:33,MANUAL,True,-7.9262265,112.5949548,233.56,0.0,0.0,IDLE,336,16
1786033893.440,2026-08-06 23:31:33,MANUAL,True,-7.9262259,112.5949531,233.57,0.0,0.0,IDLE,333,13
1786033893.552,2026-08-06 23:31:33,MANUAL,True,-7.9262255,112.5949521,233.58,0.0,0.0,IDLE,341,21
1786033893.666,2026-08-06 23:31:33,MANUAL,True,-7.9262244,112.5949496,233.57,0.0,0.0,IDLE,337,17
1786033893.792,2026-08-06 23:31:33,MANUAL,True,-7.9262239,112.5949482,233.56,0.0,0.0,IDLE,,
1786033893.910,2026-08-06 23:31:33,MANUAL,True,-7.9262236,112.5949474,233.55,0.0,0.0,IDLE,329,9
1786033894.017,2026-08-06 23:31:34,MANUAL,True,-7.926223,112.594946,233.56,0.0,0.0,IDLE,,
1786033894.124,2026-08-06 23:31:34,MANUAL,True,-7.9262226,112.594945,233.56,0.0,0.0,IDLE,,
1786033894.233,2026-08-06 23:31:34,MANUAL,True,-7.9262221,112.5949439,233.56,0.0,0.0,IDLE,334,14
1786033894.345,2026-08-06 23:31:34,MANUAL,True,-7.9262217,112.594943,233.55,0.0,0.0,IDLE,,
1786033894.455,2026-08-06 23:31:34,MANUAL,True,-7.9262214,112.594942,233.55,0.0,0.0,IDLE,,
1786033894.569,2026-08-06 23:31:34,MANUAL,True,-7.9262212,112.5949414,233.55,0.0,0.0,IDLE,,
1786033894.679,2026-08-06 23:31:34,MANUAL,True,-7.9262207,112.5949398,233.54,0.0,0.0,IDLE,,
1786033894.788,2026-08-06 23:31:34,MANUAL,True,-7.9262203,112.5949386,233.53,0.0,0.0,IDLE,,
1786033894.899,2026-08-06 23:31:34,MANUAL,True,-7.9262201,112.5949379,233.51,0.0,0.0,IDLE,,
1786033895.013,2026-08-06 23:31:35,MANUAL,True,-7.9262196,112.5949366,233.51,0.0,0.0,IDLE,,
1786033895.128,2026-08-06 23:31:35,MANUAL,True,-7.9262192,112.5949358,233.51,0.0,0.0,IDLE,,
1786033895.248,2026-08-06 23:31:35,MANUAL,True,-7.9262189,112.5949348,233.49,0.0,0.0,IDLE,341,21
1786033895.382,2026-08-06 23:31:35,MANUAL,True,-7.9262181,112.5949329,233.49,0.0,0.0,IDLE,,
1786033895.494,2026-08-06 23:31:35,MANUAL,True,-7.9262177,112.5949322,233.48,0.0,0.0,IDLE,,
1786033895.609,2026-08-06 23:31:35,MANUAL,True,-7.9262173,112.5949311,233.46,0.0,0.0,IDLE,,
1786033895.720,2026-08-06 23:31:35,MANUAL,True,-7.9262172,112.5949307,233.46,0.0,0.0,IDLE,,
1786033895.829,2026-08-06 23:31:35,MANUAL,True,-7.9262169,112.5949298,233.44,0.0,0.0,IDLE,,
1786033895.941,2026-08-06 23:31:35,MANUAL,True,-7.9262167,112.5949292,233.44,0.0,0.0,IDLE,,
1786033896.052,2026-08-06 23:31:36,MANUAL,True,-7.9262163,112.5949282,233.42,0.0,0.0,IDLE,,
1786033896.163,2026-08-06 23:31:36,MANUAL,True,-7.9262161,112.5949276,233.41,0.0,0.0,IDLE,,
1786033896.270,2026-08-06 23:31:36,MANUAL,True,-7.9262156,112.5949263,233.4,0.0,0.0,IDLE,,
1786033896.391,2026-08-06 23:31:36,MANUAL,True,-7.9262154,112.5949254,233.4,0.0,0.0,IDLE,,
1786033896.500,2026-08-06 23:31:36,MANUAL,True,-7.9262152,112.5949249,233.4,0.0,0.0,IDLE,,
1786033896.605,2026-08-06 23:31:36,MANUAL,True,-7.9262152,112.5949249,233.4,0.0,0.0,IDLE,,
1786033896.711,2026-08-06 23:31:36,MANUAL,True,-7.9262146,112.5949233,233.38,0.0,0.0,IDLE,,
1786033896.817,2026-08-06 23:31:36,MANUAL,True,-7.9262142,112.5949225,233.38,0.0,0.0,IDLE,,
1786033896.930,2026-08-06 23:31:36,MANUAL,True,-7.9262139,112.594922,233.38,0.0,0.0,IDLE,,
1786033897.044,2026-08-06 23:31:37,MANUAL,True,-7.9262135,112.594921,233.37,0.0,0.0,IDLE,,
1786033897.157,2026-08-06 23:31:37,MANUAL,True,-7.9262133,112.5949205,233.36,0.0,0.0,IDLE,,
1786033897.270,2026-08-06 23:31:37,MANUAL,True,-7.9262124,112.5949189,233.36,0.0,0.0,IDLE,298,-22
1786033897.560,2026-08-06 23:31:37,MANUAL,True,-7.9262115,112.594917,233.36,0.0,0.0,IDLE,,
1786033897.706,2026-08-06 23:31:37,MANUAL,True,-7.9262107,112.5949152,233.35,0.0,0.0,IDLE,,
1786033897.815,2026-08-06 23:31:37,MANUAL,True,-7.9262102,112.5949142,233.33,0.0,0.0,IDLE,,
1786033897.927,2026-08-06 23:31:37,MANUAL,True,-7.9262099,112.5949136,233.33,0.0,0.0,IDLE,,
1786033898.035,2026-08-06 23:31:38,MANUAL,True,-7.9262095,112.5949127,233.32,0.0,0.0,IDLE,,
1786033898.144,2026-08-06 23:31:38,MANUAL,True,-7.9262092,112.594912,233.31,0.0,0.0,IDLE,,
1786033898.253,2026-08-06 23:31:38,MANUAL,True,-7.9262088,112.5949113,233.31,0.0,0.0,IDLE,,
1786033898.361,2026-08-06 23:31:38,MANUAL,True,-7.9262085,112.5949106,233.31,0.0,0.0,IDLE,303,-17
1786033898.470,2026-08-06 23:31:38,MANUAL,True,-7.9262079,112.5949095,233.32,0.0,0.0,IDLE,,
1786033898.578,2026-08-06 23:31:38,MANUAL,True,-7.9262076,112.5949087,233.33,0.0,0.0,IDLE,,
1786033898.688,2026-08-06 23:31:38,MANUAL,True,-7.9262068,112.5949073,233.32,0.0,0.0,IDLE,,
1786033898.798,2026-08-06 23:31:38,MANUAL,True,-7.9262063,112.5949063,233.31,0.0,0.0,IDLE,,
1786033898.910,2026-08-06 23:31:38,MANUAL,True,-7.9262061,112.5949058,233.31,0.0,0.0,IDLE,,
1786033899.018,2026-08-06 23:31:39,MANUAL,True,-7.9262054,112.5949048,233.32,0.0,0.0,IDLE,,
1786033899.130,2026-08-06 23:31:39,MANUAL,True,-7.9262052,112.5949042,233.31,0.0,0.0,IDLE,,
1786033899.238,2026-08-06 23:31:39,MANUAL,True,-7.9262047,112.5949033,233.32,0.0,0.0,IDLE,,
1786033899.344,2026-08-06 23:31:39,MANUAL,True,-7.9262044,112.5949027,233.31,0.0,0.0,IDLE,,
1786033899.454,2026-08-06 23:31:39,MANUAL,True,-7.9262038,112.5949018,233.29,0.0,0.0,IDLE,,
1786033899.564,2026-08-06 23:31:39,MANUAL,True,-7.9262035,112.5949011,233.28,0.0,0.0,IDLE,,
1786033899.678,2026-08-06 23:31:39,MANUAL,True,-7.9262028,112.5949,233.26,0.0,0.0,IDLE,,
1786033899.790,2026-08-06 23:31:39,MANUAL,True,-7.9262023,112.594899,233.25,0.0,0.0,IDLE,,
1786033899.906,2026-08-06 23:31:39,MANUAL,True,-7.926202,112.5948985,233.25,0.0,0.0,IDLE,,
1786033900.021,2026-08-06 23:31:40,MANUAL,True,-7.9262014,112.5948974,233.24,0.0,0.0,IDLE,,
1786033900.139,2026-08-06 23:31:40,MANUAL,True,-7.9262011,112.5948968,233.24,0.0,0.0,IDLE,,
1786033900.250,2026-08-06 23:31:40,MANUAL,True,-7.9262008,112.5948962,233.25,0.0,0.0,IDLE,,
1786033900.360,2026-08-06 23:31:40,MANUAL,True,-7.9262006,112.5948957,233.25,0.0,0.0,IDLE,,
1786033900.479,2026-08-06 23:31:40,MANUAL,True,-7.9261998,112.5948941,233.26,0.0,0.0,IDLE,,
1786033900.588,2026-08-06 23:31:40,MANUAL,True,-7.9261993,112.5948932,233.26,0.0,0.0,IDLE,,
1786033900.696,2026-08-06 23:31:40,MANUAL,True,-7.9261991,112.5948927,233.26,0.0,0.0,IDLE,,
1786033900.814,2026-08-06 23:31:40,MANUAL,True,-7.9261986,112.5948916,233.27,0.0,0.0,IDLE,,
1786033900.926,2026-08-06 23:31:40,MANUAL,True,-7.9261983,112.5948911,233.25,0.0,0.0,IDLE,,
1786033901.036,2026-08-06 23:31:41,MANUAL,True,-7.9261978,112.5948901,233.26,0.0,0.0,IDLE,,
1786033901.141,2026-08-06 23:31:41,MANUAL,True,-7.9261976,112.5948896,233.26,0.0,0.0,IDLE,,
1786033901.253,2026-08-06 23:31:41,MANUAL,True,-7.9261971,112.5948887,233.25,0.0,0.0,IDLE,,
1786033901.363,2026-08-06 23:31:41,MANUAL,True,-7.9261968,112.5948879,233.26,0.0,0.0,IDLE,,
1786033901.477,2026-08-06 23:31:41,MANUAL,True,-7.926196,112.5948864,233.28,0.0,0.0,IDLE,,
1786033901.587,2026-08-06 23:31:41,MANUAL,True,-7.926196,112.5948864,233.28,0.0,0.0,IDLE,,
1786033901.699,2026-08-06 23:31:41,MANUAL,True,-7.9261953,112.594885,233.28,0.0,0.0,IDLE,,
1786033901.809,2026-08-06 23:31:41,MANUAL,True,-7.926195,112.5948842,233.28,0.0,0.0,IDLE,,
1786033901.924,2026-08-06 23:31:41,MANUAL,True,-7.9261948,112.5948838,233.27,0.0,0.0,IDLE,,
1786033902.036,2026-08-06 23:31:42,MANUAL,True,-7.9261944,112.5948829,233.27,0.0,0.0,IDLE,,
1786033902.148,2026-08-06 23:31:42,MANUAL,True,-7.9261941,112.5948824,233.28,0.0,0.0,IDLE,,
1786033902.255,2026-08-06 23:31:42,MANUAL,True,-7.9261938,112.5948817,233.28,0.0,0.0,IDLE,,
1786033902.362,2026-08-06 23:31:42,MANUAL,True,-7.9261936,112.5948812,233.28,0.0,0.0,IDLE,,
1786033902.472,2026-08-06 23:31:42,MANUAL,True,-7.9261931,112.59488,233.28,0.0,0.0,IDLE,,
1786033902.582,2026-08-06 23:31:42,MANUAL,True,-7.9261931,112.59488,233.28,0.0,0.0,IDLE,,
1786033902.695,2026-08-06 23:31:42,MANUAL,True,-7.9261927,112.5948788,233.27,0.0,0.0,IDLE,,
1786033902.806,2026-08-06 23:31:42,MANUAL,True,-7.9261924,112.594878,233.29,0.0,0.0,IDLE,,
1786033902.917,2026-08-06 23:31:42,MANUAL,True,-7.9261923,112.5948777,233.29,0.0,0.0,IDLE,,
1786033903.026,2026-08-06 23:31:43,MANUAL,True,-7.926192,112.5948769,233.3,0.0,0.0,IDLE,,
1786033903.138,2026-08-06 23:31:43,MANUAL,True,-7.9261918,112.5948765,233.31,0.0,0.0,IDLE,,
1786033903.251,2026-08-06 23:31:43,MANUAL,True,-7.9261916,112.594876,233.31,0.0,0.0,IDLE,,
1786033903.377,2026-08-06 23:31:43,MANUAL,True,-7.9261915,112.5948755,233.3,0.0,0.0,IDLE,,
1786033903.483,2026-08-06 23:31:43,MANUAL,True,-7.9261911,112.5948746,233.29,0.0,0.0,IDLE,,
1786033903.593,2026-08-06 23:31:43,MANUAL,True,-7.9261908,112.5948739,233.3,0.0,0.0,IDLE,,
1786033903.704,2026-08-06 23:31:43,MANUAL,True,-7.9261906,112.5948734,233.3,0.0,0.0,IDLE,,
1786033903.818,2026-08-06 23:31:43,MANUAL,True,-7.9261903,112.5948729,233.29,0.0,0.0,IDLE,,
1786033903.930,2026-08-06 23:31:43,MANUAL,True,-7.9261902,112.5948726,233.3,0.0,0.0,IDLE,324,4
1786033904.042,2026-08-06 23:31:44,MANUAL,True,-7.9261899,112.594872,233.3,0.0,0.0,IDLE,,
1786033904.149,2026-08-06 23:31:44,MANUAL,True,-7.9261898,112.5948717,233.31,0.0,0.0,IDLE,,
1786033904.255,2026-08-06 23:31:44,MANUAL,True,-7.9261896,112.5948713,233.32,0.0,0.0,IDLE,,
1786033904.359,2026-08-06 23:31:44,MANUAL,True,-7.9261895,112.5948709,233.32,0.0,0.0,IDLE,,
1786033904.465,2026-08-06 23:31:44,MANUAL,True,-7.9261891,112.5948702,233.31,0.0,0.0,IDLE,,
1786033904.573,2026-08-06 23:31:44,MANUAL,True,-7.9261891,112.5948702,233.31,0.0,0.0,IDLE,,
1786033904.680,2026-08-06 23:31:44,MANUAL,True,-7.9261889,112.5948695,233.29,0.0,0.0,IDLE,,
1786033904.802,2026-08-06 23:31:44,MANUAL,True,-7.9261886,112.5948687,233.29,0.0,0.0,IDLE,,
1786033904.912,2026-08-06 23:31:44,MANUAL,True,-7.9261885,112.5948685,233.29,0.0,0.0,IDLE,,
1786033905.023,2026-08-06 23:31:45,MANUAL,True,-7.9261884,112.594868,233.29,0.0,0.0,IDLE,,
1786033905.138,2026-08-06 23:31:45,MANUAL,True,-7.9261883,112.5948678,233.27,0.0,0.0,IDLE,,
1786033905.251,2026-08-06 23:31:45,MANUAL,True,-7.9261882,112.5948675,233.27,0.0,0.0,IDLE,,
1786033905.360,2026-08-06 23:31:45,MANUAL,True,-7.9261881,112.5948673,233.28,0.0,0.0,IDLE,,
1786033905.475,2026-08-06 23:31:45,MANUAL,True,-7.926188,112.5948667,233.3,0.0,0.0,IDLE,,
1786033905.584,2026-08-06 23:31:45,MANUAL,True,-7.926188,112.5948667,233.3,0.0,0.0,IDLE,,
1786033905.693,2026-08-06 23:31:45,MANUAL,True,-7.9261877,112.5948661,233.28,0.0,0.0,IDLE,,
1786033905.808,2026-08-06 23:31:45,MANUAL,True,-7.9261876,112.5948657,233.27,0.0,0.0,IDLE,,
1786033905.921,2026-08-06 23:31:45,MANUAL,True,-7.9261876,112.5948656,233.28,0.0,0.0,IDLE,,
1786033906.035,2026-08-06 23:31:46,MANUAL,True,-7.9261873,112.5948651,233.28,0.0,0.0,IDLE,,
1786033906.149,2026-08-06 23:31:46,MANUAL,True,-7.9261872,112.5948649,233.28,0.0,0.0,IDLE,,
1786033906.259,2026-08-06 23:31:46,MANUAL,True,-7.9261871,112.5948646,233.28,0.0,0.0,IDLE,,
1786033906.370,2026-08-06 23:31:46,MANUAL,True,-7.926187,112.5948645,233.28,0.0,0.0,IDLE,,
1786033906.482,2026-08-06 23:31:46,MANUAL,True,-7.9261869,112.5948642,233.28,0.0,0.0,IDLE,,
1786033906.589,2026-08-06 23:31:46,MANUAL,True,-7.926187,112.5948641,233.26,0.0,0.0,IDLE,,
1786033906.699,2026-08-06 23:31:46,MANUAL,True,-7.926187,112.5948642,233.26,0.0,0.0,IDLE,,
1786033906.809,2026-08-06 23:31:46,MANUAL,True,-7.926187,112.5948641,233.27,0.0,0.0,IDLE,,
1786033906.919,2026-08-06 23:31:46,MANUAL,True,-7.926187,112.5948641,233.27,0.0,0.0,IDLE,,
1786033907.034,2026-08-06 23:31:47,MANUAL,True,-7.9261871,112.594864,233.27,0.0,0.0,IDLE,,
1786033907.146,2026-08-06 23:31:47,MANUAL,True,-7.9261871,112.594864,233.27,0.0,0.0,IDLE,,
1786033907.257,2026-08-06 23:31:47,MANUAL,True,-7.926187,112.5948639,233.27,0.0,0.0,IDLE,,
1786033907.367,2026-08-06 23:31:47,MANUAL,True,-7.926187,112.5948638,233.27,0.0,0.0,IDLE,,
1786033907.476,2026-08-06 23:31:47,MANUAL,True,-7.9261868,112.5948634,233.26,0.0,0.0,IDLE,,
1786033907.584,2026-08-06 23:31:47,MANUAL,True,-7.9261868,112.5948634,233.26,0.0,0.0,IDLE,,
1786033907.701,2026-08-06 23:31:47,MANUAL,True,-7.9261867,112.5948631,233.25,0.0,0.0,IDLE,,
1786033907.813,2026-08-06 23:31:47,MANUAL,True,-7.9261867,112.5948629,233.25,0.0,0.0,IDLE,,
1786033908.128,2026-08-06 23:31:48,MANUAL,True,-7.9261866,112.5948627,233.25,0.0,0.0,IDLE,,
1786033908.640,2026-08-06 23:31:48,MANUAL,True,-7.9261868,112.5948627,233.25,0.0,0.0,IDLE,,
1786033908.758,2026-08-06 23:31:48,MANUAL,True,-7.9261868,112.5948627,233.25,0.0,0.0,IDLE,,
1786033908.867,2026-08-06 23:31:48,MANUAL,True,-7.9261868,112.5948627,233.24,0.0,0.0,IDLE,,
1786033908.973,2026-08-06 23:31:48,MANUAL,True,-7.9261868,112.5948626,233.23,0.0,0.0,IDLE,,
1786033909.080,2026-08-06 23:31:49,MANUAL,True,-7.9261869,112.5948625,233.23,0.0,0.0,IDLE,,
1786033909.185,2026-08-06 23:31:49,MANUAL,True,-7.9261869,112.5948625,233.22,0.0,0.0,IDLE,,
1786033909.294,2026-08-06 23:31:49,MANUAL,True,-7.9261869,112.5948625,233.23,0.0,0.0,IDLE,,
1786033909.404,2026-08-06 23:31:49,MANUAL,True,-7.9261869,112.5948624,233.24,0.0,0.0,IDLE,,
1786033909.512,2026-08-06 23:31:49,MANUAL,True,-7.9261869,112.5948624,233.24,0.0,0.0,IDLE,,
1786033909.619,2026-08-06 23:31:49,MANUAL,True,-7.9261869,112.5948624,233.24,0.0,0.0,IDLE,,
1786033909.726,2026-08-06 23:31:49,MANUAL,True,-7.926187,112.5948624,233.23,0.0,0.0,IDLE,,
1786033909.835,2026-08-06 23:31:49,MANUAL,True,-7.9261871,112.5948624,233.22,0.0,0.0,IDLE,,
1786033909.950,2026-08-06 23:31:49,MANUAL,True,-7.9261871,112.5948623,233.23,0.0,0.0,IDLE,,
1786033910.060,2026-08-06 23:31:50,MANUAL,True,-7.9261871,112.5948622,233.24,0.0,0.0,IDLE,,
1786033910.169,2026-08-06 23:31:50,MANUAL,True,-7.9261871,112.5948622,233.24,0.0,0.0,IDLE,,
1786033910.280,2026-08-06 23:31:50,MANUAL,True,-7.926187,112.594862,233.23,0.0,0.0,IDLE,,
1786033910.391,2026-08-06 23:31:50,MANUAL,True,-7.926187,112.594862,233.23,0.0,0.0,IDLE,,
1786033910.511,2026-08-06 23:31:50,MANUAL,True,-7.926187,112.5948619,233.22,0.0,0.0,IDLE,,
1786033910.623,2026-08-06 23:31:50,MANUAL,True,-7.926187,112.5948619,233.22,0.0,0.0,IDLE,,
1786033910.733,2026-08-06 23:31:50,MANUAL,True,-7.9261869,112.5948617,233.23,0.0,0.0,IDLE,,
1786033910.844,2026-08-06 23:31:50,MANUAL,True,-7.9261868,112.5948616,233.23,0.0,0.0,IDLE,,
1786033910.960,2026-08-06 23:31:50,MANUAL,True,-7.9261866,112.5948614,233.22,0.0,0.0,IDLE,,
1786033911.072,2026-08-06 23:31:51,MANUAL,True,-7.9261865,112.5948613,233.21,0.0,0.0,IDLE,,
1786033911.181,2026-08-06 23:31:51,MANUAL,True,-7.9261865,112.5948612,233.22,0.0,0.0,IDLE,,
1786033911.291,2026-08-06 23:31:51,MANUAL,True,-7.9261864,112.5948612,233.24,0.0,0.0,IDLE,,
1786033911.402,2026-08-06 23:31:51,MANUAL,True,-7.9261863,112.594861,233.24,0.0,0.0,IDLE,,
1786033911.515,2026-08-06 23:31:51,MANUAL,True,-7.9261862,112.5948609,233.25,0.0,0.0,IDLE,,
1786033911.622,2026-08-06 23:31:51,MANUAL,True,-7.9261862,112.5948609,233.25,0.0,0.0,IDLE,,
1786033911.735,2026-08-06 23:31:51,MANUAL,True,-7.9261858,112.5948604,233.25,0.0,0.0,IDLE,,
1786033911.847,2026-08-06 23:31:51,MANUAL,True,-7.9261857,112.5948601,233.26,0.0,0.0,IDLE,,
1786033911.964,2026-08-06 23:31:51,MANUAL,True,-7.9261855,112.5948599,233.24,0.0,0.0,IDLE,,
1786033912.076,2026-08-06 23:31:52,MANUAL,True,-7.9261855,112.5948599,233.25,0.0,0.0,IDLE,,
1786033912.188,2026-08-06 23:31:52,MANUAL,True,-7.9261854,112.5948598,233.25,0.0,0.0,IDLE,,
1786033912.302,2026-08-06 23:31:52,MANUAL,True,-7.9261854,112.5948598,233.25,0.0,0.0,IDLE,,
1786033912.421,2026-08-06 23:31:52,MANUAL,True,-7.9261849,112.5948593,233.26,0.0,0.0,IDLE,,
1786033912.532,2026-08-06 23:31:52,MANUAL,True,-7.9261847,112.594859,233.25,0.0,0.0,IDLE,,
1786033912.644,2026-08-06 23:31:52,MANUAL,True,-7.9261847,112.594859,233.25,0.0,0.0,IDLE,,
1786033912.755,2026-08-06 23:31:52,MANUAL,True,-7.9261842,112.5948585,233.28,0.0,0.0,IDLE,,
1786033912.868,2026-08-06 23:31:52,MANUAL,True,-7.926184,112.5948583,233.28,0.0,0.0,IDLE,,
1786033912.983,2026-08-06 23:31:52,MANUAL,True,-7.9261837,112.594858,233.27,0.0,0.0,IDLE,,
1786033913.094,2026-08-06 23:31:53,MANUAL,True,-7.9261836,112.5948579,233.28,0.0,0.0,IDLE,,
1786033913.206,2026-08-06 23:31:53,MANUAL,True,-7.9261834,112.5948577,233.29,0.0,0.0,IDLE,,
1786033913.330,2026-08-06 23:31:53,MANUAL,True,-7.9261833,112.5948575,233.29,0.0,0.0,IDLE,,
1786033913.448,2026-08-06 23:31:53,MANUAL,True,-7.9261829,112.5948572,233.27,0.0,0.0,IDLE,,
1786033913.560,2026-08-06 23:31:53,MANUAL,True,-7.9261827,112.594857,233.26,0.0,0.0,IDLE,,
1786033913.669,2026-08-06 23:31:53,MANUAL,True,-7.9261827,112.594857,233.26,0.0,0.0,IDLE,,
1786033913.779,2026-08-06 23:31:53,MANUAL,True,-7.9261827,112.594857,233.26,0.0,0.0,IDLE,,
1786033913.887,2026-08-06 23:31:53,MANUAL,True,-7.9261823,112.5948568,233.28,0.0,0.0,IDLE,,
1786033913.993,2026-08-06 23:31:53,MANUAL,True,-7.9261821,112.5948567,233.29,0.0,0.0,IDLE,,
1786033914.105,2026-08-06 23:31:54,MANUAL,True,-7.926182,112.5948567,233.29,0.0,0.0,IDLE,,
1786033914.217,2026-08-06 23:31:54,MANUAL,True,-7.9261819,112.5948567,233.29,0.0,0.0,IDLE,,
1786033914.326,2026-08-06 23:31:54,MANUAL,True,-7.9261818,112.5948567,233.29,0.0,0.0,IDLE,,
1786033914.481,2026-08-06 23:31:54,MANUAL,True,-7.9261816,112.5948568,233.26,0.0,0.0,IDLE,,
1786033914.603,2026-08-06 23:31:54,MANUAL,True,-7.9261816,112.5948568,233.26,0.0,0.0,IDLE,,
1786033914.711,2026-08-06 23:31:54,MANUAL,True,-7.9261813,112.5948568,233.27,0.0,0.0,IDLE,,
1786033914.831,2026-08-06 23:31:54,MANUAL,True,-7.9261812,112.5948568,233.27,0.0,0.0,IDLE,,
1786033914.942,2026-08-06 23:31:54,MANUAL,True,-7.9261811,112.5948568,233.27,0.0,0.0,IDLE,,
1786033915.048,2026-08-06 23:31:55,MANUAL,True,-7.926181,112.5948568,233.27,0.0,0.0,IDLE,,
1786033915.156,2026-08-06 23:31:55,MANUAL,True,-7.926181,112.5948569,233.26,0.0,0.0,IDLE,,
1786033915.264,2026-08-06 23:31:55,MANUAL,True,-7.9261808,112.594857,233.26,0.0,0.0,IDLE,,
1786033915.378,2026-08-06 23:31:55,MANUAL,True,-7.9261808,112.594857,233.26,0.0,0.0,IDLE,,
1786033915.525,2026-08-06 23:31:55,MANUAL,True,-7.9261806,112.5948571,233.25,0.0,0.0,IDLE,,
1786033915.669,2026-08-06 23:31:55,MANUAL,True,-7.9261805,112.594857,233.26,0.0,0.0,IDLE,,
1786033915.786,2026-08-06 23:31:55,MANUAL,True,-7.9261803,112.5948569,233.27,0.0,0.0,IDLE,,
1786033915.897,2026-08-06 23:31:55,MANUAL,True,-7.9261802,112.5948569,233.27,0.0,0.0,IDLE,,
1786033916.005,2026-08-06 23:31:56,MANUAL,True,-7.92618,112.5948565,233.26,0.0,0.0,IDLE,,
1786033916.118,2026-08-06 23:31:56,MANUAL,True,-7.9261798,112.5948564,233.26,0.0,0.0,IDLE,,
1786033916.250,2026-08-06 23:31:56,MANUAL,True,-7.9261795,112.5948562,233.25,0.0,0.0,IDLE,,
1786033916.430,2026-08-06 23:31:56,MANUAL,True,-7.9261791,112.5948558,233.27,0.0,0.0,IDLE,,
1786033916.653,2026-08-06 23:31:56,MANUAL,True,-7.9261787,112.5948555,233.24,0.0,0.0,IDLE,,
1786033916.761,2026-08-06 23:31:56,MANUAL,True,-7.9261786,112.5948554,233.26,0.0,0.0,IDLE,,
1786033916.868,2026-08-06 23:31:56,MANUAL,True,-7.9261781,112.5948549,233.26,0.0,0.0,IDLE,,
1786033916.975,2026-08-06 23:31:56,MANUAL,True,-7.9261781,112.5948549,233.26,0.0,0.0,IDLE,,
1786033917.086,2026-08-06 23:31:57,MANUAL,True,-7.9261779,112.5948546,233.25,0.0,0.0,IDLE,,
1786033917.194,2026-08-06 23:31:57,MANUAL,True,-7.9261778,112.5948544,233.25,0.0,0.0,IDLE,,
1786033917.303,2026-08-06 23:31:57,MANUAL,True,-7.9261777,112.5948543,233.24,0.0,0.0,IDLE,,
1786033917.413,2026-08-06 23:31:57,MANUAL,True,-7.9261775,112.594854,233.24,0.0,0.0,IDLE,,
1786033917.518,2026-08-06 23:31:57,MANUAL,True,-7.9261773,112.5948538,233.24,0.0,0.0,IDLE,,
1786033917.623,2026-08-06 23:31:57,MANUAL,True,-7.9261771,112.5948534,233.24,0.0,0.0,IDLE,,
1786033917.742,2026-08-06 23:31:57,MANUAL,True,-7.926177,112.5948532,233.24,0.0,0.0,IDLE,,
1786033917.853,2026-08-06 23:31:57,MANUAL,True,-7.9261769,112.5948531,233.24,0.0,0.0,IDLE,,
1786033917.964,2026-08-06 23:31:57,MANUAL,True,-7.9261768,112.5948529,233.25,0.0,0.0,IDLE,,
1786033918.078,2026-08-06 23:31:58,MANUAL,True,-7.9261766,112.5948527,233.25,0.0,0.0,IDLE,,
1786033918.192,2026-08-06 23:31:58,MANUAL,True,-7.9261764,112.5948524,233.24,0.0,0.0,IDLE,,
1786033918.309,2026-08-06 23:31:58,MANUAL,True,-7.9261763,112.5948523,233.23,0.0,0.0,IDLE,,
1786033918.418,2026-08-06 23:31:58,MANUAL,True,-7.9261763,112.5948521,233.23,0.0,0.0,IDLE,,
1786033918.532,2026-08-06 23:31:58,MANUAL,True,-7.9261762,112.5948521,233.23,0.0,0.0,IDLE,,
1786033918.638,2026-08-06 23:31:58,MANUAL,True,-7.926176,112.5948518,233.21,0.0,0.0,IDLE,,
1786033918.747,2026-08-06 23:31:58,MANUAL,True,-7.9261759,112.5948516,233.23,0.0,0.0,IDLE,,
1786033918.854,2026-08-06 23:31:58,MANUAL,True,-7.9261759,112.5948515,233.22,0.0,0.0,IDLE,,
1786033918.963,2026-08-06 23:31:58,MANUAL,True,-7.9261758,112.5948513,233.22,0.0,0.0,IDLE,,
1786033919.072,2026-08-06 23:31:59,MANUAL,True,-7.9261758,112.5948513,233.21,0.0,0.0,IDLE,,
1786033919.179,2026-08-06 23:31:59,MANUAL,True,-7.9261758,112.5948512,233.2,0.0,0.0,IDLE,,
1786033919.289,2026-08-06 23:31:59,MANUAL,True,-7.9261756,112.5948508,233.21,0.0,0.0,IDLE,,
1786033919.402,2026-08-06 23:31:59,MANUAL,True,-7.9261754,112.5948505,233.22,0.0,0.0,IDLE,,
1786033919.518,2026-08-06 23:31:59,MANUAL,True,-7.9261754,112.5948503,233.22,0.0,0.0,IDLE,,
1786033919.626,2026-08-06 23:31:59,MANUAL,True,-7.9261752,112.5948499,233.22,0.0,0.0,IDLE,,
1786033919.740,2026-08-06 23:31:59,MANUAL,True,-7.9261751,112.5948497,233.22,0.0,0.0,IDLE,,
1786033919.852,2026-08-06 23:31:59,MANUAL,True,-7.9261751,112.5948496,233.2,0.0,0.0,IDLE,,
1786033919.959,2026-08-06 23:31:59,MANUAL,True,-7.9261751,112.5948494,233.21,0.0,0.0,IDLE,,
1786033920.072,2026-08-06 23:32:00,MANUAL,True,-7.9261749,112.5948488,233.21,0.0,0.0,IDLE,,
1786033920.179,2026-08-06 23:32:00,MANUAL,True,-7.9261747,112.5948483,233.23,0.0,0.0,IDLE,,
1786033920.290,2026-08-06 23:32:00,MANUAL,True,-7.9261746,112.5948481,233.23,0.0,0.0,IDLE,,
1786033920.398,2026-08-06 23:32:00,MANUAL,True,-7.9261746,112.5948478,233.25,0.0,0.0,IDLE,,
1786033920.711,2026-08-06 23:32:00,MANUAL,True,-7.9261743,112.5948469,233.25,0.0,0.0,IDLE,,
1786033920.871,2026-08-06 23:32:00,MANUAL,True,-7.9261741,112.5948464,233.26,0.0,0.0,IDLE,,
1786033920.984,2026-08-06 23:32:00,MANUAL,True,-7.926174,112.594846,233.27,0.0,0.0,IDLE,,
1786033921.093,2026-08-06 23:32:01,MANUAL,True,-7.9261739,112.5948459,233.27,0.0,0.0,IDLE,,
1786033921.204,2026-08-06 23:32:01,MANUAL,True,-7.9261738,112.5948455,233.27,0.0,0.0,IDLE,,
1786033921.315,2026-08-06 23:32:01,MANUAL,True,-7.9261737,112.5948453,233.29,0.0,0.0,IDLE,,
1786033921.428,2026-08-06 23:32:01,MANUAL,True,-7.9261736,112.5948451,233.3,0.0,0.0,IDLE,,
1786033921.538,2026-08-06 23:32:01,MANUAL,True,-7.9261736,112.594845,233.3,0.0,0.0,IDLE,,
1786033921.648,2026-08-06 23:32:01,MANUAL,True,-7.9261735,112.5948448,233.31,0.0,0.0,IDLE,,
1786033921.756,2026-08-06 23:32:01,MANUAL,True,-7.9261734,112.5948447,233.3,0.0,0.0,IDLE,,
1786033921.866,2026-08-06 23:32:01,MANUAL,True,-7.9261733,112.5948443,233.32,0.0,0.0,IDLE,,
1786033921.977,2026-08-06 23:32:01,MANUAL,True,-7.9261733,112.5948443,233.32,0.0,0.0,IDLE,,
1786033922.087,2026-08-06 23:32:02,MANUAL,True,-7.9261729,112.5948437,233.32,0.0,0.0,IDLE,,
1786033922.195,2026-08-06 23:32:02,MANUAL,True,-7.9261728,112.5948435,233.31,0.0,0.0,IDLE,,
1786033922.301,2026-08-06 23:32:02,MANUAL,True,-7.9261728,112.5948433,233.31,0.0,0.0,IDLE,,
1786033922.411,2026-08-06 23:32:02,MANUAL,True,-7.9261726,112.594843,233.3,0.0,0.0,IDLE,,
1786033922.526,2026-08-06 23:32:02,MANUAL,True,-7.9261726,112.5948428,233.31,0.0,0.0,IDLE,,
1786033922.636,2026-08-06 23:32:02,MANUAL,True,-7.9261725,112.5948426,233.31,0.0,0.0,IDLE,,
1786033922.745,2026-08-06 23:32:02,MANUAL,True,-7.9261725,112.5948424,233.31,0.0,0.0,IDLE,,
1786033922.856,2026-08-06 23:32:02,MANUAL,True,-7.9261724,112.5948423,233.31,0.0,0.0,IDLE,,
1786033922.966,2026-08-06 23:32:02,MANUAL,True,-7.9261724,112.5948421,233.3,0.0,0.0,IDLE,,
1786033923.075,2026-08-06 23:32:03,MANUAL,True,-7.9261724,112.594842,233.31,0.0,0.0,IDLE,,
1786033923.183,2026-08-06 23:32:03,MANUAL,True,-7.9261725,112.594842,233.32,0.0,0.0,IDLE,,
1786033923.293,2026-08-06 23:32:03,MANUAL,True,-7.9261726,112.594842,233.32,0.0,0.0,IDLE,,
1786033923.406,2026-08-06 23:32:03,MANUAL,True,-7.9261726,112.594842,233.32,0.0,0.0,IDLE,,
1786033923.574,2026-08-06 23:32:03,MANUAL,True,-7.9261727,112.5948421,233.33,0.0,0.0,IDLE,,
1786033923.701,2026-08-06 23:32:03,MANUAL,True,-7.9261728,112.5948421,233.33,0.0,0.0,IDLE,,
1786033924.025,2026-08-06 23:32:04,MANUAL,True,-7.9261728,112.5948421,233.32,0.0,0.0,IDLE,,
1786033924.130,2026-08-06 23:32:04,MANUAL,True,-7.9261728,112.5948421,233.32,0.0,0.0,IDLE,,
1786033924.237,2026-08-06 23:32:04,MANUAL,True,-7.9261728,112.594842,233.31,0.0,0.0,IDLE,,
1786033924.353,2026-08-06 23:32:04,MANUAL,True,-7.9261727,112.5948419,233.32,0.0,0.0,IDLE,,
1786033924.463,2026-08-06 23:32:04,MANUAL,True,-7.9261726,112.5948417,233.31,0.0,0.0,IDLE,,
1786033924.570,2026-08-06 23:32:04,MANUAL,True,-7.9261726,112.5948417,233.31,0.0,0.0,IDLE,,
1786033924.678,2026-08-06 23:32:04,MANUAL,True,-7.9261727,112.5948417,233.32,0.0,0.0,IDLE,,
1786033924.792,2026-08-06 23:32:04,MANUAL,True,-7.9261727,112.5948416,233.33,0.0,0.0,IDLE,,
1786033924.907,2026-08-06 23:32:04,MANUAL,True,-7.9261727,112.5948416,233.34,0.0,0.0,IDLE,,
1786033925.016,2026-08-06 23:32:05,MANUAL,True,-7.9261726,112.5948414,233.34,0.0,0.0,IDLE,,
1786033925.126,2026-08-06 23:32:05,MANUAL,True,-7.9261725,112.5948413,233.33,0.0,0.0,IDLE,,
1786033925.237,2026-08-06 23:32:05,MANUAL,True,-7.9261725,112.5948412,233.33,0.0,0.0,IDLE,,
1786033925.352,2026-08-06 23:32:05,MANUAL,True,-7.9261725,112.5948411,233.32,0.0,0.0,IDLE,,
1786033925.460,2026-08-06 23:32:05,MANUAL,True,-7.9261722,112.5948407,233.34,0.0,0.0,IDLE,,
1786033925.569,2026-08-06 23:32:05,MANUAL,True,-7.9261722,112.5948407,233.34,0.0,0.0,IDLE,,
1786033925.673,2026-08-06 23:32:05,MANUAL,True,-7.9261721,112.5948404,233.34,0.0,0.0,IDLE,,
1786033925.799,2026-08-06 23:32:05,MANUAL,True,-7.9261721,112.5948403,233.34,0.0,0.0,IDLE,,
1786033925.908,2026-08-06 23:32:05,MANUAL,True,-7.9261721,112.5948403,233.33,0.0,0.0,IDLE,,
1786033926.017,2026-08-06 23:32:06,MANUAL,True,-7.9261721,112.5948402,233.32,0.0,0.0,IDLE,,
1786033926.127,2026-08-06 23:32:06,MANUAL,True,-7.9261721,112.5948402,233.34,0.0,0.0,IDLE,,
1786033926.236,2026-08-06 23:32:06,MANUAL,True,-7.9261721,112.5948401,233.33,0.0,0.0,IDLE,,
1786033926.351,2026-08-06 23:32:06,MANUAL,True,-7.9261721,112.5948401,233.34,0.0,0.0,IDLE,,
1786033926.463,2026-08-06 23:32:06,MANUAL,True,-7.9261721,112.5948403,233.33,0.0,0.0,IDLE,,
1786033926.583,2026-08-06 23:32:06,MANUAL,True,-7.9261721,112.5948403,233.33,0.0,0.0,IDLE,,
1786033926.693,2026-08-06 23:32:06,MANUAL,True,-7.9261723,112.5948404,233.32,0.0,0.0,IDLE,,
1786033926.808,2026-08-06 23:32:06,MANUAL,True,-7.9261725,112.5948404,233.32,0.0,0.0,IDLE,,
1786033926.919,2026-08-06 23:32:06,MANUAL,True,-7.9261726,112.5948404,233.32,0.0,0.0,IDLE,,
1786033927.029,2026-08-06 23:32:07,MANUAL,True,-7.9261727,112.5948405,233.31,0.0,0.0,IDLE,,
1786033927.137,2026-08-06 23:32:07,MANUAL,True,-7.9261728,112.5948405,233.32,0.0,0.0,IDLE,,
1786033927.243,2026-08-06 23:32:07,MANUAL,True,-7.926173,112.5948407,233.32,0.0,0.0,IDLE,,
1786033927.352,2026-08-06 23:32:07,MANUAL,True,-7.9261732,112.5948409,233.32,0.0,0.0,IDLE,,
1786033927.459,2026-08-06 23:32:07,MANUAL,True,-7.9261734,112.5948409,233.32,0.0,0.0,IDLE,,
1786033927.573,2026-08-06 23:32:07,MANUAL,True,-7.9261734,112.5948409,233.32,0.0,0.0,IDLE,,
1786033927.685,2026-08-06 23:32:07,MANUAL,True,-7.9261734,112.5948408,233.33,0.0,0.0,IDLE,,
1786033927.799,2026-08-06 23:32:07,MANUAL,True,-7.9261736,112.5948409,233.33,0.0,0.0,IDLE,,
1786033927.910,2026-08-06 23:32:07,MANUAL,True,-7.9261736,112.5948409,233.33,0.0,0.0,IDLE,,
1786033928.018,2026-08-06 23:32:08,MANUAL,True,-7.9261738,112.594841,233.34,0.0,0.0,IDLE,,
1786033928.131,2026-08-06 23:32:08,MANUAL,True,-7.9261738,112.5948411,233.35,0.0,0.0,IDLE,,
1786033928.241,2026-08-06 23:32:08,MANUAL,True,-7.9261739,112.5948411,233.35,0.0,0.0,IDLE,,
1786033928.356,2026-08-06 23:32:08,MANUAL,True,-7.926174,112.5948412,233.36,0.0,0.0,IDLE,,
1786033928.466,2026-08-06 23:32:08,MANUAL,True,-7.9261743,112.5948414,233.37,0.0,0.0,IDLE,,
1786033928.781,2026-08-06 23:32:08,MANUAL,True,-7.9261749,112.594842,233.38,0.0,0.0,IDLE,,
1786033929.088,2026-08-06 23:32:09,MANUAL,True,-7.9261755,112.5948427,233.39,0.0,0.0,IDLE,,
1786033929.207,2026-08-06 23:32:09,MANUAL,True,-7.9261758,112.594843,233.37,0.0,0.0,IDLE,,
1786033929.317,2026-08-06 23:32:09,MANUAL,True,-7.926176,112.5948433,233.37,0.0,0.0,IDLE,,
1786033929.426,2026-08-06 23:32:09,MANUAL,True,-7.9261764,112.5948437,233.35,0.0,0.0,IDLE,,
1786033929.536,2026-08-06 23:32:09,MANUAL,True,-7.9261766,112.594844,233.35,0.0,0.0,IDLE,,
1786033929.646,2026-08-06 23:32:09,MANUAL,True,-7.9261769,112.5948443,233.36,0.0,0.0,IDLE,,
1786033929.753,2026-08-06 23:32:09,MANUAL,True,-7.9261772,112.5948447,233.36,0.0,0.0,IDLE,,
1786033929.860,2026-08-06 23:32:09,MANUAL,True,-7.9261778,112.5948454,233.36,0.0,0.0,IDLE,,
1786033929.969,2026-08-06 23:32:09,MANUAL,True,-7.9261778,112.5948454,233.36,0.0,0.0,IDLE,,
1786033930.083,2026-08-06 23:32:10,MANUAL,True,-7.9261784,112.5948462,233.37,0.0,0.0,IDLE,,
1786033930.194,2026-08-06 23:32:10,MANUAL,True,-7.9261787,112.5948466,233.37,0.0,0.0,IDLE,,
1786033930.306,2026-08-06 23:32:10,MANUAL,True,-7.9261789,112.5948468,233.37,0.0,0.0,IDLE,,
1786033930.421,2026-08-06 23:32:10,MANUAL,True,-7.9261791,112.5948472,233.38,0.0,0.0,IDLE,,
1786033930.538,2026-08-06 23:32:10,MANUAL,True,-7.9261793,112.5948473,233.4,0.0,0.0,IDLE,,
1786033930.653,2026-08-06 23:32:10,MANUAL,True,-7.9261796,112.5948478,233.4,0.0,0.0,IDLE,,
1786033930.762,2026-08-06 23:32:10,MANUAL,True,-7.9261798,112.5948481,233.41,0.0,0.0,IDLE,,
1786033930.885,2026-08-06 23:32:10,MANUAL,True,-7.9261803,112.5948489,233.41,0.0,0.0,IDLE,,
1786033930.992,2026-08-06 23:32:10,MANUAL,True,-7.9261806,112.5948493,233.42,0.0,0.0,IDLE,,
1786033931.110,2026-08-06 23:32:11,MANUAL,True,-7.9261809,112.5948497,233.42,0.0,0.0,IDLE,,
1786033931.224,2026-08-06 23:32:11,MANUAL,True,-7.9261811,112.59485,233.43,0.0,0.0,IDLE,,
1786033931.336,2026-08-06 23:32:11,MANUAL,True,-7.9261812,112.5948502,233.44,0.0,0.0,IDLE,,
1786033931.446,2026-08-06 23:32:11,MANUAL,True,-7.9261815,112.5948506,233.41,0.0,0.0,IDLE,,
1786033931.561,2026-08-06 23:32:11,MANUAL,True,-7.9261817,112.5948509,233.39,0.0,0.0,IDLE,,
1786033931.665,2026-08-06 23:32:11,MANUAL,True,-7.926182,112.5948514,233.39,0.0,0.0,IDLE,,
1786033931.773,2026-08-06 23:32:11,MANUAL,True,-7.926182,112.5948514,233.39,0.0,0.0,IDLE,,
1786033931.881,2026-08-06 23:32:11,MANUAL,True,-7.9261823,112.5948519,233.4,0.0,0.0,IDLE,,
1786033931.992,2026-08-06 23:32:11,MANUAL,True,-7.9261825,112.5948521,233.4,0.0,0.0,IDLE,,
1786033932.109,2026-08-06 23:32:12,MANUAL,True,-7.9261826,112.5948524,233.39,0.0,0.0,IDLE,,
1786033932.222,2026-08-06 23:32:12,MANUAL,True,-7.9261827,112.5948525,233.38,0.0,0.0,IDLE,,
1786033932.333,2026-08-06 23:32:12,MANUAL,True,-7.9261828,112.5948526,233.38,0.0,0.0,IDLE,,
1786033932.442,2026-08-06 23:32:12,MANUAL,True,-7.926183,112.5948529,233.37,0.0,0.0,IDLE,,
1786033932.558,2026-08-06 23:32:12,MANUAL,True,-7.9261831,112.5948532,233.37,0.0,0.0,IDLE,,
1786033932.667,2026-08-06 23:32:12,MANUAL,True,-7.9261835,112.5948538,233.37,0.0,0.0,IDLE,,
1786033932.774,2026-08-06 23:32:12,MANUAL,True,-7.9261835,112.5948538,233.37,0.0,0.0,IDLE,,
1786033932.885,2026-08-06 23:32:12,MANUAL,True,-7.9261837,112.5948542,233.38,0.0,0.0,IDLE,,
1786033932.997,2026-08-06 23:32:12,MANUAL,True,-7.9261839,112.5948545,233.39,0.0,0.0,IDLE,,
1786033933.118,2026-08-06 23:32:13,MANUAL,True,-7.926184,112.5948548,233.39,0.0,0.0,IDLE,,
1786033933.229,2026-08-06 23:32:13,MANUAL,True,-7.926184,112.5948549,233.39,0.0,0.0,IDLE,,
1786033933.343,2026-08-06 23:32:13,MANUAL,True,-7.9261841,112.5948551,233.4,0.0,0.0,IDLE,,
1786033933.454,2026-08-06 23:32:13,MANUAL,True,-7.9261842,112.5948553,233.41,0.0,0.0,IDLE,,
1786033933.560,2026-08-06 23:32:13,MANUAL,True,-7.9261842,112.5948554,233.42,0.0,0.0,IDLE,,
1786033933.669,2026-08-06 23:32:13,MANUAL,True,-7.9261843,112.5948557,233.41,0.0,0.0,IDLE,,
1786033933.775,2026-08-06 23:32:13,MANUAL,True,-7.9261844,112.5948559,233.42,0.0,0.0,IDLE,,
1786033933.886,2026-08-06 23:32:13,MANUAL,True,-7.9261845,112.5948562,233.42,0.0,0.0,IDLE,,
1786033933.993,2026-08-06 23:32:13,MANUAL,True,-7.9261845,112.5948563,233.42,0.0,0.0,IDLE,,
1786033934.103,2026-08-06 23:32:14,MANUAL,True,-7.9261845,112.5948564,233.44,0.0,0.0,IDLE,,
1786033934.226,2026-08-06 23:32:14,MANUAL,True,-7.9261845,112.5948564,233.45,0.0,0.0,IDLE,,
1786033934.358,2026-08-06 23:32:14,MANUAL,True,-7.9261845,112.5948565,233.44,0.0,0.0,IDLE,,
1786033934.511,2026-08-06 23:32:14,MANUAL,True,-7.9261847,112.5948569,233.44,0.0,0.0,IDLE,,
1786033934.632,2026-08-06 23:32:14,MANUAL,True,-7.9261848,112.5948572,233.46,0.0,0.0,IDLE,,
1786033934.790,2026-08-06 23:32:14,MANUAL,True,-7.9261849,112.5948576,233.44,0.0,0.0,IDLE,,
1786033935.172,2026-08-06 23:32:15,MANUAL,True,-7.9261852,112.5948583,233.41,0.0,0.0,IDLE,,
1786033935.318,2026-08-06 23:32:15,MANUAL,True,-7.9261854,112.5948587,233.42,0.0,0.0,IDLE,,
1786033935.493,2026-08-06 23:32:15,MANUAL,True,-7.9261857,112.5948593,233.41,0.0,0.0,IDLE,,
1786033935.610,2026-08-06 23:32:15,MANUAL,True,-7.9261857,112.5948593,233.41,0.0,0.0,IDLE,,
1786033935.726,2026-08-06 23:32:15,MANUAL,True,-7.926186,112.5948599,233.42,0.0,0.0,IDLE,,
1786033935.852,2026-08-06 23:32:15,MANUAL,True,-7.9261862,112.5948604,233.42,0.0,0.0,IDLE,,
1786033935.997,2026-08-06 23:32:15,MANUAL,True,-7.9261866,112.5948612,233.43,0.0,0.0,IDLE,,
1786033936.123,2026-08-06 23:32:16,MANUAL,True,-7.9261868,112.5948616,233.44,0.0,0.0,IDLE,,
1786033936.246,2026-08-06 23:32:16,MANUAL,True,-7.926187,112.594862,233.42,0.0,0.0,IDLE,,
1786033936.368,2026-08-06 23:32:16,MANUAL,True,-7.9261872,112.5948624,233.42,0.0,0.0,IDLE,,
1786033936.519,2026-08-06 23:32:16,MANUAL,True,-7.9261876,112.5948631,233.42,0.0,0.0,IDLE,,
1786033936.645,2026-08-06 23:32:16,MANUAL,True,-7.9261879,112.5948634,233.43,0.0,0.0,IDLE,,
1786033936.764,2026-08-06 23:32:16,MANUAL,True,-7.9261881,112.5948637,233.43,0.0,0.0,IDLE,,
1786033937.032,2026-08-06 23:32:17,MANUAL,True,-7.9261887,112.5948646,233.44,0.0,0.0,IDLE,,
1786033937.178,2026-08-06 23:32:17,MANUAL,True,-7.9261889,112.5948649,233.43,0.0,0.0,IDLE,,
1786033937.536,2026-08-06 23:32:17,MANUAL,True,-7.9261894,112.5948655,233.41,0.0,0.0,IDLE,,
1786033937.867,2026-08-06 23:32:17,MANUAL,True,-7.9261902,112.5948665,233.41,0.0,0.0,IDLE,,
1786033938.298,2026-08-06 23:32:18,MANUAL,True,-7.9261908,112.5948671,233.42,0.0,0.0,IDLE,,
1786033938.559,2026-08-06 23:32:18,MANUAL,True,-7.9261911,112.5948674,233.41,0.0,0.0,IDLE,,
1786033939.472,2026-08-06 23:32:19,MANUAL,True,-7.9261922,112.5948677,233.44,0.0,0.0,IDLE,,
1786033940.252,2026-08-06 23:32:20,MANUAL,True,-7.9261929,112.5948676,233.47,0.0,0.0,IDLE,,
1786033941.735,2026-08-06 23:32:21,MANUAL,True,-7.9261955,112.5948689,233.43,0.0,0.0,IDLE,,
1786033942.595,2026-08-06 23:32:22,MANUAL,True,-7.9261972,112.5948705,233.44,0.0,0.0,IDLE,,
1786033942.841,2026-08-06 23:32:22,MANUAL,True,-7.9261977,112.5948711,233.44,0.0,0.0,IDLE,,
1786033943.014,2026-08-06 23:32:23,MANUAL,True,-7.926198,112.5948716,233.45,0.0,0.0,IDLE,,
1786033943.196,2026-08-06 23:32:23,MANUAL,True,-7.9261984,112.5948721,233.46,0.0,0.0,IDLE,,
1786033943.374,2026-08-06 23:32:23,MANUAL,True,-7.9261986,112.5948723,233.47,0.0,0.0,IDLE,,
1786033943.597,2026-08-06 23:32:23,MANUAL,True,-7.9261991,112.594873,233.46,0.0,0.0,IDLE,,
1786033943.769,2026-08-06 23:32:23,MANUAL,True,-7.9261997,112.5948738,233.47,0.0,0.0,IDLE,,
1786033944.415,2026-08-06 23:32:24,MANUAL,True,-7.9262009,112.5948754,233.46,0.0,0.0,IDLE,,
1786033944.974,2026-08-06 23:32:24,MANUAL,True,-7.9262011,112.5948757,233.43,0.0,0.0,IDLE,,
1786033945.275,2026-08-06 23:32:25,MANUAL,True,-7.9262011,112.5948754,233.46,0.0,0.0,IDLE,,
1786033945.582,2026-08-06 23:32:25,MANUAL,True,-7.9262009,112.5948748,233.46,0.0,0.0,IDLE,,
1786033946.051,2026-08-06 23:32:26,MANUAL,True,-7.9262006,112.5948741,233.47,0.0,0.0,IDLE,,
1786033946.312,2026-08-06 23:32:26,MANUAL,True,-7.9262004,112.5948734,233.5,0.0,0.0,IDLE,,
1786033946.429,2026-08-06 23:32:26,MANUAL,True,-7.9262003,112.5948731,233.51,0.0,0.0,IDLE,,
1786033946.539,2026-08-06 23:32:26,MANUAL,True,-7.9262003,112.5948729,233.51,0.0,0.0,IDLE,,
1786033946.647,2026-08-06 23:32:26,MANUAL,True,-7.9262001,112.5948724,233.52,0.0,0.0,IDLE,,
1786033946.754,2026-08-06 23:32:26,MANUAL,True,-7.9262,112.5948723,233.51,0.0,0.0,IDLE,,
1786033946.863,2026-08-06 23:32:26,MANUAL,True,-7.9261998,112.5948718,233.51,0.0,0.0,IDLE,,
1786033946.979,2026-08-06 23:32:26,MANUAL,True,-7.9261998,112.5948718,233.51,0.0,0.0,IDLE,,
1786033947.115,2026-08-06 23:32:27,MANUAL,True,-7.9261994,112.5948711,233.51,0.0,0.0,IDLE,,
1786033947.233,2026-08-06 23:32:27,MANUAL,True,-7.9261993,112.5948708,233.51,0.0,0.0,IDLE,,
1786033947.362,2026-08-06 23:32:27,MANUAL,True,-7.9261992,112.5948706,233.52,0.0,0.0,IDLE,,
1786033947.476,2026-08-06 23:32:27,MANUAL,True,-7.9261989,112.5948699,233.53,0.0,0.0,IDLE,,
1786033947.588,2026-08-06 23:32:27,MANUAL,True,-7.9261989,112.5948699,233.53,0.0,0.0,IDLE,,
1786033947.698,2026-08-06 23:32:27,MANUAL,True,-7.9261986,112.5948692,233.52,0.0,0.0,IDLE,,
1786033947.824,2026-08-06 23:32:27,MANUAL,True,-7.9261984,112.5948688,233.51,0.0,0.0,IDLE,,
1786033947.955,2026-08-06 23:32:27,MANUAL,True,-7.9261983,112.5948686,233.51,0.0,0.0,IDLE,,
1786033948.063,2026-08-06 23:32:28,MANUAL,True,-7.926198,112.5948682,233.5,0.0,0.0,IDLE,,
1786033948.197,2026-08-06 23:32:28,MANUAL,True,-7.9261976,112.5948674,233.51,0.0,0.0,IDLE,,
1786033948.312,2026-08-06 23:32:28,MANUAL,True,-7.9261974,112.5948671,233.52,0.0,0.0,IDLE,,
1786033948.438,2026-08-06 23:32:28,MANUAL,True,-7.9261971,112.5948667,233.54,0.0,0.0,IDLE,,
1786033948.558,2026-08-06 23:32:28,MANUAL,True,-7.926197,112.5948664,233.54,0.0,0.0,IDLE,,
1786033948.672,2026-08-06 23:32:28,MANUAL,True,-7.9261967,112.5948659,233.54,0.0,0.0,IDLE,,
1786033948.792,2026-08-06 23:32:28,MANUAL,True,-7.9261964,112.5948657,233.55,0.0,0.0,IDLE,,
1786033948.907,2026-08-06 23:32:28,MANUAL,True,-7.9261963,112.5948655,233.56,0.0,0.0,IDLE,,
1786033949.020,2026-08-06 23:32:29,MANUAL,True,-7.926196,112.5948653,233.56,0.0,0.0,IDLE,,
1786033949.133,2026-08-06 23:32:29,MANUAL,True,-7.9261959,112.594865,233.56,0.0,0.0,IDLE,,
1786033949.237,2026-08-06 23:32:29,MANUAL,True,-7.9261957,112.5948649,233.54,0.0,0.0,IDLE,,
1786033949.345,2026-08-06 23:32:29,MANUAL,True,-7.9261957,112.5948649,233.55,0.0,0.0,IDLE,,
1786033949.448,2026-08-06 23:32:29,MANUAL,True,-7.9261956,112.5948649,233.53,0.0,0.0,IDLE,,
1786033949.687,2026-08-06 23:32:29,MANUAL,True,-7.9261956,112.5948652,233.54,0.0,0.0,IDLE,,
1786033949.812,2026-08-06 23:32:29,MANUAL,True,-7.9261955,112.5948654,233.54,0.0,0.0,IDLE,,
1786033949.927,2026-08-06 23:32:29,MANUAL,True,-7.9261955,112.5948654,233.53,0.0,0.0,IDLE,,
1786033950.037,2026-08-06 23:32:30,MANUAL,True,-7.9261955,112.5948657,233.53,0.0,0.0,IDLE,,
1786033950.147,2026-08-06 23:32:30,MANUAL,True,-7.9261955,112.5948658,233.53,0.0,0.0,IDLE,,
1786033950.253,2026-08-06 23:32:30,MANUAL,True,-7.9261956,112.594866,233.51,0.0,0.0,IDLE,,
1786033950.361,2026-08-06 23:32:30,MANUAL,True,-7.9261956,112.5948661,233.51,0.0,0.0,IDLE,,
1786033950.469,2026-08-06 23:32:30,MANUAL,True,-7.9261958,112.5948666,233.51,0.0,0.0,IDLE,,
1786033950.585,2026-08-06 23:32:30,MANUAL,True,-7.9261958,112.5948666,233.51,0.0,0.0,IDLE,,
1786033950.700,2026-08-06 23:32:30,MANUAL,True,-7.926196,112.594867,233.51,0.0,0.0,IDLE,,
1786033950.810,2026-08-06 23:32:30,MANUAL,True,-7.9261961,112.5948674,233.51,0.0,0.0,IDLE,,
1786033950.920,2026-08-06 23:32:30,MANUAL,True,-7.9261962,112.5948675,233.5,0.0,0.0,IDLE,,
1786033951.029,2026-08-06 23:32:31,MANUAL,True,-7.9261962,112.5948678,233.5,0.0,0.0,IDLE,,
1786033951.137,2026-08-06 23:32:31,MANUAL,True,-7.9261962,112.5948679,233.5,0.0,0.0,IDLE,,
1786033951.260,2026-08-06 23:32:31,MANUAL,True,-7.9261963,112.5948681,233.51,0.0,0.0,IDLE,,
1786033951.372,2026-08-06 23:32:31,MANUAL,True,-7.9261963,112.5948681,233.51,0.0,0.0,IDLE,,
1786033951.483,2026-08-06 23:32:31,MANUAL,True,-7.9261963,112.5948683,233.54,0.0,0.0,IDLE,,
1786033951.594,2026-08-06 23:32:31,MANUAL,True,-7.9261964,112.5948686,233.54,0.0,0.0,IDLE,,
1786033951.710,2026-08-06 23:32:31,MANUAL,True,-7.9261965,112.5948687,233.54,0.0,0.0,IDLE,,
1786033951.824,2026-08-06 23:32:31,MANUAL,True,-7.9261965,112.594869,233.54,0.0,0.0,IDLE,,
1786033951.934,2026-08-06 23:32:31,MANUAL,True,-7.9261965,112.5948691,233.55,0.0,0.0,IDLE,,
1786033952.042,2026-08-06 23:32:32,MANUAL,True,-7.9261967,112.5948694,233.55,0.0,0.0,IDLE,,
1786033952.149,2026-08-06 23:32:32,MANUAL,True,-7.9261968,112.5948694,233.55,0.0,0.0,IDLE,,
1786033952.256,2026-08-06 23:32:32,MANUAL,True,-7.9261969,112.5948696,233.55,0.0,0.0,IDLE,,
1786033952.364,2026-08-06 23:32:32,MANUAL,True,-7.9261969,112.5948698,233.54,0.0,0.0,IDLE,,
1786033952.476,2026-08-06 23:32:32,MANUAL,True,-7.9261973,112.5948704,233.51,0.0,0.0,IDLE,,
1786033952.585,2026-08-06 23:32:32,MANUAL,True,-7.9261973,112.5948704,233.51,0.0,0.0,IDLE,,
1786033952.698,2026-08-06 23:32:32,MANUAL,True,-7.9261976,112.5948709,233.5,0.0,0.0,IDLE,,
1786033952.808,2026-08-06 23:32:32,MANUAL,True,-7.9261978,112.5948711,233.5,0.0,0.0,IDLE,,
1786033952.919,2026-08-06 23:32:32,MANUAL,True,-7.9261979,112.5948712,233.51,0.0,0.0,IDLE,,
1786033953.028,2026-08-06 23:32:33,MANUAL,True,-7.926198,112.5948714,233.51,0.0,0.0,IDLE,,
1786033953.143,2026-08-06 23:32:33,MANUAL,True,-7.926198,112.5948714,233.53,0.0,0.0,IDLE,,
1786033953.259,2026-08-06 23:32:33,MANUAL,True,-7.926198,112.5948714,233.52,0.0,0.0,IDLE,,
1786033953.365,2026-08-06 23:32:33,MANUAL,True,-7.926198,112.5948714,233.52,0.0,0.0,IDLE,,
1786033953.472,2026-08-06 23:32:33,MANUAL,True,-7.9261982,112.5948716,233.53,0.0,0.0,IDLE,,
1786033953.592,2026-08-06 23:32:33,MANUAL,True,-7.9261982,112.5948716,233.53,0.0,0.0,IDLE,,
1786033953.709,2026-08-06 23:32:33,MANUAL,True,-7.9261984,112.5948719,233.52,0.0,0.0,IDLE,,
1786033953.821,2026-08-06 23:32:33,MANUAL,True,-7.9261986,112.5948724,233.5,0.0,0.0,IDLE,,
1786033953.932,2026-08-06 23:32:33,MANUAL,True,-7.9261987,112.5948726,233.5,0.0,0.0,IDLE,,
1786033954.050,2026-08-06 23:32:34,MANUAL,True,-7.926199,112.594873,233.49,0.0,0.0,IDLE,,
1786033954.158,2026-08-06 23:32:34,MANUAL,True,-7.9261991,112.5948732,233.5,0.0,0.0,IDLE,,
1786033954.264,2026-08-06 23:32:34,MANUAL,True,-7.9261993,112.5948735,233.5,0.0,0.0,IDLE,,
1786033954.372,2026-08-06 23:32:34,MANUAL,True,-7.9261993,112.5948735,233.5,0.0,0.0,IDLE,,
1786033954.484,2026-08-06 23:32:34,MANUAL,True,-7.9261996,112.5948741,233.5,0.0,0.0,IDLE,,
1786033954.598,2026-08-06 23:32:34,MANUAL,True,-7.9261998,112.5948743,233.51,0.0,0.0,IDLE,,
1786033954.714,2026-08-06 23:32:34,MANUAL,True,-7.9261999,112.5948745,233.52,0.0,0.0,IDLE,,
1786033954.824,2026-08-06 23:32:34,MANUAL,True,-7.9262,112.5948746,233.52,0.0,0.0,IDLE,,
1786033954.932,2026-08-06 23:32:34,MANUAL,True,-7.9262,112.5948747,233.51,0.0,0.0,IDLE,,
1786033955.047,2026-08-06 23:32:35,MANUAL,True,-7.9262001,112.5948747,233.49,0.0,0.0,IDLE,,
1786033955.155,2026-08-06 23:32:35,MANUAL,True,-7.9262002,112.5948748,233.48,0.0,0.0,IDLE,,
1786033955.265,2026-08-06 23:32:35,MANUAL,True,-7.9262001,112.5948746,233.46,0.0,0.0,IDLE,,
1786033955.375,2026-08-06 23:32:35,MANUAL,True,-7.9262001,112.5948746,233.46,0.0,0.0,IDLE,,
1786033955.485,2026-08-06 23:32:35,MANUAL,True,-7.9261999,112.5948741,233.47,0.0,0.0,IDLE,,
1786033955.599,2026-08-06 23:32:35,MANUAL,True,-7.9261999,112.5948739,233.46,0.0,0.0,IDLE,,
1786033955.933,2026-08-06 23:32:35,MANUAL,True,-7.9261998,112.5948735,233.48,0.0,0.0,IDLE,,
1786033956.124,2026-08-06 23:32:36,MANUAL,True,-7.9261996,112.5948731,233.5,0.0,0.0,IDLE,,
1786033956.252,2026-08-06 23:32:36,MANUAL,True,-7.9261996,112.5948731,233.48,0.0,0.0,IDLE,,
1786033956.433,2026-08-06 23:32:36,MANUAL,True,-7.9261996,112.5948729,233.48,0.0,0.0,IDLE,,
1786033956.551,2026-08-06 23:32:36,MANUAL,True,-7.9261996,112.5948729,233.48,0.0,0.0,IDLE,,
1786033956.665,2026-08-06 23:32:36,MANUAL,True,-7.9261995,112.5948728,233.49,0.0,0.0,IDLE,,
1786033956.806,2026-08-06 23:32:36,MANUAL,True,-7.9261996,112.5948727,233.49,0.0,0.0,IDLE,,
1786033956.941,2026-08-06 23:32:36,MANUAL,True,-7.9261996,112.5948727,233.48,0.0,0.0,IDLE,,
1786033957.064,2026-08-06 23:32:37,MANUAL,True,-7.9261996,112.5948727,233.48,0.0,0.0,IDLE,,
1786033957.194,2026-08-06 23:32:37,MANUAL,True,-7.9261996,112.5948726,233.49,0.0,0.0,IDLE,,
1786033957.306,2026-08-06 23:32:37,MANUAL,True,-7.9261996,112.5948726,233.5,0.0,0.0,IDLE,,
1786033957.421,2026-08-06 23:32:37,MANUAL,True,-7.9261996,112.5948726,233.49,0.0,0.0,IDLE,,
1786033957.536,2026-08-06 23:32:37,MANUAL,True,-7.9261996,112.5948726,233.49,0.0,0.0,IDLE,,
1786033957.653,2026-08-06 23:32:37,MANUAL,True,-7.9261996,112.5948725,233.49,0.0,0.0,IDLE,,
1786033957.780,2026-08-06 23:32:37,MANUAL,True,-7.9261996,112.5948723,233.47,0.0,0.0,IDLE,,
1786033957.916,2026-08-06 23:32:37,MANUAL,True,-7.9261996,112.5948722,233.47,0.0,0.0,IDLE,,
1786033958.260,2026-08-06 23:32:38,MANUAL,True,-7.9261991,112.5948709,233.46,0.0,0.0,IDLE,,
1786033958.566,2026-08-06 23:32:38,MANUAL,True,-7.9261986,112.5948699,233.45,0.0,0.0,IDLE,,
1786033958.828,2026-08-06 23:32:38,MANUAL,True,-7.9261976,112.5948676,233.46,0.0,0.0,IDLE,,
1786033959.061,2026-08-06 23:32:39,MANUAL,True,-7.926197,112.5948663,233.46,0.0,0.0,IDLE,,
1786033959.279,2026-08-06 23:32:39,MANUAL,True,-7.9261963,112.5948646,233.47,0.0,0.0,IDLE,,
1786033959.436,2026-08-06 23:32:39,MANUAL,True,-7.926196,112.5948638,233.47,0.0,0.0,IDLE,,
1786033959.571,2026-08-06 23:32:39,MANUAL,True,-7.9261958,112.5948634,233.47,0.0,0.0,IDLE,,
1786033959.683,2026-08-06 23:32:39,MANUAL,True,-7.9261954,112.5948622,233.47,0.0,0.0,IDLE,,
1786033959.791,2026-08-06 23:32:39,MANUAL,True,-7.9261951,112.5948616,233.47,0.0,0.0,IDLE,,
1786033959.902,2026-08-06 23:32:39,MANUAL,True,-7.9261949,112.5948611,233.45,0.0,0.0,IDLE,,
1786033960.013,2026-08-06 23:32:40,MANUAL,True,-7.9261946,112.5948604,233.47,0.0,0.0,IDLE,,
