timestamp,iso_time,mode,armed,lat,lng,heading,sog_knots,battery_v,state,gate_x,error_px
1785925494.096,2026-08-05 17:24:54,GUIDED,False,-7.9262264,112.594866,149.34,0.0,0.0,IDLE,,
1785925494.235,2026-08-05 17:24:54,GUIDED,False,-7.9262264,112.594866,149.34,0.0,0.0,IDLE,,
1785925494.397,2026-08-05 17:24:54,GUIDED,False,-7.9262264,112.594866,149.31,0.0,0.0,IDLE,,
1785925494.542,2026-08-05 17:24:54,GUIDED,False,-7.9262264,112.594866,149.31,0.0,0.0,IDLE,,
1785925494.702,2026-08-05 17:24:54,GUIDED,False,-7.9262264,112.594866,149.3,0.0,0.0,IDLE,,
1785925494.834,2026-08-05 17:24:54,GUIDED,False,-7.9262264,112.594866,149.31,0.0,0.0,IDLE,,
1785925494.971,2026-08-05 17:24:54,GUIDED,False,-7.9262264,112.594866,149.29,0.0,0.0,IDLE,,
1785925495.115,2026-08-05 17:24:55,GUIDED,False,-7.9262264,112.594866,149.3,0.0,0.0,IDLE,,
1785925495.253,2026-08-05 17:24:55,GUIDED,False,-7.9262264,112.594866,149.3,0.0,0.0,IDLE,,
1785925495.391,2026-08-05 17:24:55,GUIDED,False,-7.9262264,112.594866,149.29,0.0,0.0,IDLE,,
1785925495.526,2026-08-05 17:24:55,GUIDED,False,-7.9262264,112.594866,149.29,0.0,0.0,IDLE,,
1785925495.664,2026-08-05 17:24:55,GUIDED,False,-7.9262264,112.594866,149.31,0.0,0.0,IDLE,,
1785925495.802,2026-08-05 17:24:55,GUIDED,False,-7.9262264,112.594866,149.3,0.0,0.0,IDLE,,
1785925495.934,2026-08-05 17:24:55,GUIDED,False,-7.9262264,112.594866,149.29,0.0,0.0,IDLE,,
1785925496.074,2026-08-05 17:24:56,GUIDED,False,-7.9262264,112.594866,149.29,0.0,0.0,IDLE,,
1785925496.211,2026-08-05 17:24:56,GUIDED,False,-7.9262264,112.594866,149.29,0.0,0.0,IDLE,,
1785925496.348,2026-08-05 17:24:56,GUIDED,False,-7.9262264,112.594866,149.28,0.0,0.0,IDLE,,
1785925496.487,2026-08-05 17:24:56,GUIDED,False,-7.9262264,112.594866,149.29,0.0,0.0,IDLE,,
1785925496.626,2026-08-05 17:24:56,GUIDED,False,-7.9262264,112.594866,149.27,0.0,0.0,IDLE,,
1785925496.769,2026-08-05 17:24:56,GUIDED,False,-7.9262264,112.594866,149.28,0.0,0.0,IDLE,,
1785925496.908,2026-08-05 17:24:56,GUIDED,False,-7.9262264,112.594866,149.29,0.0,0.0,IDLE,,
1785925497.045,2026-08-05 17:24:57,GUIDED,False,-7.9262264,112.594866,149.28,0.0,0.0,IDLE,,
1785925497.185,2026-08-05 17:24:57,GUIDED,False,-7.9262264,112.594866,149.26,0.0,0.0,IDLE,,
1785925497.317,2026-08-05 17:24:57,GUIDED,False,-7.9262264,112.594866,149.26,0.0,0.0,IDLE,,
1785925497.452,2026-08-05 17:24:57,GUIDED,False,-7.9262264,112.594866,149.26,0.0,0.0,IDLE,,
1785925497.591,2026-08-05 17:24:57,GUIDED,False,-7.9262264,112.594866,149.26,0.0,0.0,IDLE,,
1785925497.723,2026-08-05 17:24:57,GUIDED,False,-7.9262264,112.594866,149.28,0.0,0.0,IDLE,,
1785925497.855,2026-08-05 17:24:57,GUIDED,False,-7.9262264,112.594866,149.29,0.0,0.0,IDLE,,
1785925497.995,2026-08-05 17:24:57,GUIDED,False,-7.9262264,112.594866,149.28,0.0,0.0,IDLE,,
1785925498.124,2026-08-05 17:24:58,GUIDED,False,-7.9262264,112.594866,149.27,0.0,0.0,IDLE,,
1785925498.261,2026-08-05 17:24:58,GUIDED,False,-7.9262264,112.594866,149.25,0.0,0.0,IDLE,,
1785925498.404,2026-08-05 17:24:58,GUIDED,False,-7.9262264,112.594866,149.25,0.0,0.0,IDLE,,
1785925498.539,2026-08-05 17:24:58,GUIDED,False,-7.9262264,112.594866,149.24,0.0,0.0,IDLE,,
1785925498.679,2026-08-05 17:24:58,GUIDED,False,-7.9262264,112.594866,149.24,0.0,0.0,IDLE,,
1785925498.825,2026-08-05 17:24:58,GUIDED,False,-7.9262264,112.594866,149.21,0.0,0.0,IDLE,,
1785925499.029,2026-08-05 17:24:59,GUIDED,False,-7.9262264,112.594866,149.23,0.0,0.0,IDLE,,
1785925499.171,2026-08-05 17:24:59,GUIDED,False,-7.9262264,112.594866,149.22,0.0,0.0,IDLE,,
1785925499.675,2026-08-05 17:24:59,GUIDED,False,-7.9262264,112.594866,149.24,0.0,0.0,IDLE,,
1785925499.821,2026-08-05 17:24:59,GUIDED,False,-7.9262264,112.594866,149.24,0.0,0.0,IDLE,,
1785925499.959,2026-08-05 17:24:59,GUIDED,False,-7.9262264,112.594866,149.22,0.0,0.0,IDLE,,
1785925500.098,2026-08-05 17:25:00,GUIDED,False,-7.9262264,112.594866,149.23,0.0,0.0,IDLE,,
1785925500.301,2026-08-05 17:25:00,GUIDED,False,-7.9262264,112.594866,149.24,0.0,0.0,IDLE,,
1785925500.473,2026-08-05 17:25:00,GUIDED,False,-7.9262264,112.594866,149.25,0.0,0.0,IDLE,,
1785925500.651,2026-08-05 17:25:00,GUIDED,False,-7.9262264,112.594866,149.24,0.0,0.0,IDLE,,
1785925500.817,2026-08-05 17:25:00,GUIDED,False,-7.9262264,112.594866,149.25,0.0,0.0,IDLE,,
1785925500.968,2026-08-05 17:25:00,GUIDED,False,-7.9262264,112.594866,149.25,0.0,0.0,IDLE,,
1785925501.115,2026-08-05 17:25:01,GUIDED,False,-7.9262264,112.594866,149.25,0.0,0.0,IDLE,,
1785925501.277,2026-08-05 17:25:01,GUIDED,False,-7.9262264,112.594866,149.25,0.0,0.0,IDLE,,
1785925501.432,2026-08-05 17:25:01,GUIDED,False,-7.9262264,112.594866,149.25,0.0,0.0,IDLE,,
1785925501.595,2026-08-05 17:25:01,GUIDED,False,-7.9262264,112.594866,149.26,0.0,0.0,IDLE,,
1785925501.749,2026-08-05 17:25:01,GUIDED,False,-7.9262264,112.594866,149.26,0.0,0.0,IDLE,,
1785925501.924,2026-08-05 17:25:01,GUIDED,False,-7.9262264,112.594866,149.26,0.0,0.0,IDLE,,
1785925502.072,2026-08-05 17:25:02,GUIDED,False,-7.9262264,112.594866,149.28,0.0,0.0,IDLE,,
1785925502.235,2026-08-05 17:25:02,GUIDED,False,-7.9262264,112.594866,149.29,0.0,0.0,IDLE,,
1785925502.382,2026-08-05 17:25:02,GUIDED,False,-7.9262264,112.594866,149.28,0.0,0.0,IDLE,510,190
1785925502.546,2026-08-05 17:25:02,GUIDED,False,-7.9262264,112.594866,149.28,0.0,0.0,IDLE,,
1785925502.708,2026-08-05 17:25:02,GUIDED,False,-7.9262264,112.594866,149.28,0.0,0.0,IDLE,,
1785925502.854,2026-08-05 17:25:02,GUIDED,False,-7.9262264,112.594866,149.28,0.0,0.0,IDLE,,
1785925502.991,2026-08-05 17:25:02,GUIDED,False,-7.9262264,112.594866,149.29,0.0,0.0,IDLE,,
1785925503.143,2026-08-05 17:25:03,GUIDED,False,-7.9262264,112.594866,149.29,0.0,0.0,IDLE,,
1785925503.454,2026-08-05 17:25:03,GUIDED,False,-7.9262264,112.594866,149.28,0.0,0.0,IDLE,,
1785925503.657,2026-08-05 17:25:03,GUIDED,False,-7.9262264,112.594866,149.26,0.0,0.0,IDLE,,
1785925503.873,2026-08-05 17:25:03,GUIDED,False,-7.9262264,112.594866,149.28,0.0,0.0,IDLE,,
1785925504.048,2026-08-05 17:25:04,GUIDED,False,-7.9262264,112.594866,149.27,0.0,0.0,IDLE,,
1785925504.256,2026-08-05 17:25:04,GUIDED,False,-7.9262264,112.594866,149.27,0.0,0.0,IDLE,,
1785925504.430,2026-08-05 17:25:04,GUIDED,False,-7.9262264,112.594866,149.23,0.0,0.0,IDLE,,
1785925504.591,2026-08-05 17:25:04,GUIDED,False,-7.9262264,112.594866,149.23,0.0,0.0,IDLE,,
1785925504.766,2026-08-05 17:25:04,GUIDED,False,-7.9262264,112.594866,149.23,0.0,0.0,IDLE,,
1785925504.982,2026-08-05 17:25:04,GUIDED,False,-7.9262264,112.594866,149.22,0.0,0.0,IDLE,,
1785925505.127,2026-08-05 17:25:05,GUIDED,False,-7.9262264,112.594866,149.23,0.0,0.0,IDLE,,
1785925505.266,2026-08-05 17:25:05,GUIDED,False,-7.9262264,112.594866,149.24,0.0,0.0,IDLE,,
1785925505.409,2026-08-05 17:25:05,GUIDED,False,-7.9262264,112.594866,149.25,0.0,0.0,IDLE,,
1785925505.553,2026-08-05 17:25:05,GUIDED,False,-7.9262264,112.594866,149.27,0.0,0.0,IDLE,,
1785925505.702,2026-08-05 17:25:05,GUIDED,False,-7.9262264,112.594866,149.26,0.0,0.0,IDLE,,
1785925505.850,2026-08-05 17:25:05,GUIDED,False,-7.9262264,112.594866,149.26,0.0,0.0,IDLE,,
1785925505.994,2026-08-05 17:25:05,GUIDED,False,-7.9262264,112.594866,149.25,0.0,0.0,IDLE,,
1785925506.147,2026-08-05 17:25:06,GUIDED,False,-7.9262264,112.594866,149.25,0.0,0.0,IDLE,,
1785925506.291,2026-08-05 17:25:06,GUIDED,False,-7.9262264,112.594866,149.26,0.0,0.0,IDLE,,
1785925506.436,2026-08-05 17:25:06,GUIDED,False,-7.9262264,112.594866,149.26,0.0,0.0,IDLE,,
1785925506.577,2026-08-05 17:25:06,GUIDED,False,-7.9262264,112.594866,149.25,0.0,0.0,IDLE,,
1785925506.718,2026-08-05 17:25:06,GUIDED,False,-7.9262264,112.594866,149.25,0.0,0.0,IDLE,,
1785925506.860,2026-08-05 17:25:06,GUIDED,False,-7.9262264,112.594866,149.26,0.0,0.0,IDLE,,
1785925507.008,2026-08-05 17:25:07,GUIDED,False,-7.9262264,112.594866,149.27,0.0,0.0,IDLE,,
1785925507.159,2026-08-05 17:25:07,GUIDED,False,-7.9262264,112.594866,149.27,0.0,0.0,IDLE,,
1785925507.298,2026-08-05 17:25:07,GUIDED,False,-7.9262264,112.594866,149.28,0.0,0.0,IDLE,,
1785925507.436,2026-08-05 17:25:07,GUIDED,False,-7.9262264,112.594866,149.28,0.0,0.0,IDLE,,
1785925507.577,2026-08-05 17:25:07,GUIDED,False,-7.9262264,112.594866,149.28,0.0,0.0,IDLE,,
1785925507.716,2026-08-05 17:25:07,GUIDED,False,-7.9262264,112.594866,149.3,0.0,0.0,IDLE,,
1785925507.859,2026-08-05 17:25:07,GUIDED,False,-7.9262264,112.594866,149.31,0.0,0.0,IDLE,,
1785925508.000,2026-08-05 17:25:08,GUIDED,False,-7.9262264,112.594866,149.31,0.0,0.0,IDLE,,
1785925508.142,2026-08-05 17:25:08,GUIDED,False,-7.9262264,112.594866,149.32,0.0,0.0,IDLE,,
1785925508.284,2026-08-05 17:25:08,GUIDED,False,-7.9262264,112.594866,149.32,0.0,0.0,IDLE,,
1785925508.438,2026-08-05 17:25:08,GUIDED,False,-7.9262264,112.594866,149.32,0.0,0.0,IDLE,,
1785925508.592,2026-08-05 17:25:08,GUIDED,False,-7.9262264,112.594866,149.31,0.0,0.0,IDLE,,
1785925508.738,2026-08-05 17:25:08,GUIDED,False,-7.9262264,112.594866,149.32,0.0,0.0,IDLE,,
1785925508.879,2026-08-05 17:25:08,GUIDED,False,-7.9262264,112.594866,149.31,0.0,0.0,IDLE,,
1785925509.039,2026-08-05 17:25:09,GUIDED,False,-7.9262264,112.594866,149.32,0.0,0.0,IDLE,,
1785925509.182,2026-08-05 17:25:09,GUIDED,False,-7.9262264,112.594866,149.32,0.0,0.0,IDLE,,
1785925509.336,2026-08-05 17:25:09,GUIDED,False,-7.9262264,112.594866,149.33,0.0,0.0,IDLE,,
1785925509.483,2026-08-05 17:25:09,GUIDED,False,-7.9262264,112.594866,149.34,0.0,0.0,IDLE,,
1785925509.629,2026-08-05 17:25:09,GUIDED,False,-7.9262264,112.594866,149.34,0.0,0.0,IDLE,,
1785925509.772,2026-08-05 17:25:09,GUIDED,False,-7.9262264,112.594866,149.34,0.0,0.0,IDLE,,
1785925509.932,2026-08-05 17:25:09,GUIDED,False,-7.9262264,112.594866,149.35,0.0,0.0,IDLE,,
1785925510.073,2026-08-05 17:25:10,GUIDED,False,-7.9262264,112.594866,149.34,0.0,0.0,IDLE,,
1785925510.223,2026-08-05 17:25:10,GUIDED,False,-7.9262264,112.594866,149.34,0.0,0.0,IDLE,,
1785925510.372,2026-08-05 17:25:10,GUIDED,False,-7.9262264,112.594866,149.34,0.0,0.0,IDLE,,
1785925510.513,2026-08-05 17:25:10,GUIDED,False,-7.9262264,112.594866,149.35,0.0,0.0,IDLE,,
1785925510.671,2026-08-05 17:25:10,GUIDED,False,-7.9262264,112.594866,149.35,0.0,0.0,IDLE,,
1785925510.816,2026-08-05 17:25:10,GUIDED,False,-7.9262264,112.594866,149.35,0.0,0.0,IDLE,,
1785925510.959,2026-08-05 17:25:10,GUIDED,False,-7.9262264,112.594866,149.36,0.0,0.0,IDLE,,
1785925511.105,2026-08-05 17:25:11,GUIDED,False,-7.9262264,112.594866,149.36,0.0,0.0,IDLE,,
1785925511.245,2026-08-05 17:25:11,GUIDED,False,-7.9262264,112.594866,149.35,0.0,0.0,IDLE,,
1785925511.387,2026-08-05 17:25:11,GUIDED,False,-7.9262264,112.594866,149.34,0.0,0.0,IDLE,,
1785925511.547,2026-08-05 17:25:11,GUIDED,False,-7.9262264,112.594866,149.33,0.0,0.0,IDLE,,
1785925511.703,2026-08-05 17:25:11,GUIDED,False,-7.9262264,112.594866,149.33,0.0,0.0,IDLE,,
1785925511.843,2026-08-05 17:25:11,GUIDED,False,-7.9262264,112.594866,149.32,0.0,0.0,IDLE,,
1785925511.995,2026-08-05 17:25:11,GUIDED,False,-7.9262264,112.594866,149.31,0.0,0.0,IDLE,,
1785925512.153,2026-08-05 17:25:12,GUIDED,False,-7.9262264,112.594866,149.33,0.0,0.0,IDLE,,
1785925512.292,2026-08-05 17:25:12,GUIDED,False,-7.9262264,112.594866,149.33,0.0,0.0,IDLE,,
1785925512.439,2026-08-05 17:25:12,GUIDED,False,-7.9262264,112.594866,149.34,0.0,0.0,IDLE,,
1785925512.584,2026-08-05 17:25:12,GUIDED,False,-7.9262264,112.594866,149.33,0.0,0.0,IDLE,,
1785925512.725,2026-08-05 17:25:12,GUIDED,False,-7.9262264,112.594866,149.32,0.0,0.0,IDLE,,
1785925512.875,2026-08-05 17:25:12,GUIDED,False,-7.9262264,112.594866,149.34,0.0,0.0,IDLE,,
1785925513.017,2026-08-05 17:25:13,GUIDED,False,-7.9262264,112.594866,149.35,0.0,0.0,IDLE,,
1785925513.165,2026-08-05 17:25:13,GUIDED,False,-7.9262264,112.594866,149.36,0.0,0.0,IDLE,,
1785925513.310,2026-08-05 17:25:13,GUIDED,False,-7.9262264,112.594866,149.36,0.0,0.0,IDLE,,
1785925513.467,2026-08-05 17:25:13,GUIDED,False,-7.9262264,112.594866,149.36,0.0,0.0,IDLE,,
1785925513.609,2026-08-05 17:25:13,GUIDED,False,-7.9262264,112.594866,149.36,0.0,0.0,IDLE,,
1785925513.759,2026-08-05 17:25:13,GUIDED,False,-7.9262264,112.594866,149.35,0.0,0.0,IDLE,,
1785925513.912,2026-08-05 17:25:13,GUIDED,False,-7.9262264,112.594866,149.35,0.0,0.0,IDLE,,
1785925514.058,2026-08-05 17:25:14,GUIDED,False,-7.9262264,112.594866,149.34,0.0,0.0,IDLE,,
1785925514.204,2026-08-05 17:25:14,GUIDED,False,-7.9262264,112.594866,149.35,0.0,0.0,IDLE,,
1785925514.351,2026-08-05 17:25:14,GUIDED,False,-7.9262264,112.594866,149.35,0.0,0.0,IDLE,,
1785925514.495,2026-08-05 17:25:14,GUIDED,False,-7.9262264,112.594866,149.36,0.0,0.0,IDLE,,
1785925514.638,2026-08-05 17:25:14,GUIDED,False,-7.9262264,112.594866,149.37,0.0,0.0,IDLE,,
1785925514.800,2026-08-05 17:25:14,GUIDED,False,-7.9262264,112.594866,149.36,0.0,0.0,IDLE,,
1785925514.958,2026-08-05 17:25:14,GUIDED,False,-7.9262264,112.594866,149.38,0.0,0.0,IDLE,,
1785925515.144,2026-08-05 17:25:15,GUIDED,False,-7.9262264,112.594866,149.39,0.0,0.0,IDLE,,
1785925515.303,2026-08-05 17:25:15,GUIDED,False,-7.9262264,112.594866,149.38,0.0,0.0,IDLE,,
1785925515.451,2026-08-05 17:25:15,GUIDED,False,-7.9262264,112.594866,149.39,0.0,0.0,IDLE,,
1785925515.606,2026-08-05 17:25:15,GUIDED,False,-7.9262264,112.594866,149.4,0.0,0.0,IDLE,,
1785925515.758,2026-08-05 17:25:15,GUIDED,False,-7.9262264,112.594866,149.39,0.0,0.0,IDLE,,
1785925515.905,2026-08-05 17:25:15,GUIDED,False,-7.9262264,112.594866,149.4,0.0,0.0,IDLE,,
1785925516.058,2026-08-05 17:25:16,GUIDED,False,-7.9262264,112.594866,149.38,0.0,0.0,IDLE,,
1785925516.220,2026-08-05 17:25:16,GUIDED,False,-7.9262264,112.594866,149.4,0.0,0.0,IDLE,,
1785925516.368,2026-08-05 17:25:16,GUIDED,False,-7.9262264,112.594866,149.4,0.0,0.0,IDLE,,
1785925516.511,2026-08-05 17:25:16,GUIDED,False,-7.9262264,112.594866,149.38,0.0,0.0,IDLE,,
1785925516.670,2026-08-05 17:25:16,GUIDED,False,-7.9262264,112.594866,149.37,0.0,0.0,IDLE,,
1785925516.822,2026-08-05 17:25:16,GUIDED,False,-7.9262264,112.594866,149.37,0.0,0.0,IDLE,,
1785925516.973,2026-08-05 17:25:16,GUIDED,False,-7.9262264,112.594866,149.36,0.0,0.0,IDLE,,
1785925517.144,2026-08-05 17:25:17,GUIDED,False,-7.9262264,112.594866,149.36,0.0,0.0,IDLE,,
1785925517.289,2026-08-05 17:25:17,GUIDED,False,-7.9262264,112.594866,149.34,0.0,0.0,IDLE,,
1785925517.446,2026-08-05 17:25:17,GUIDED,False,-7.9262264,112.594866,149.36,0.0,0.0,IDLE,,
1785925517.606,2026-08-05 17:25:17,GUIDED,False,-7.9262264,112.594866,149.36,0.0,0.0,IDLE,,
1785925517.771,2026-08-05 17:25:17,GUIDED,False,-7.9262264,112.594866,149.33,0.0,0.0,IDLE,,
1785925517.915,2026-08-05 17:25:17,GUIDED,False,-7.9262264,112.594866,149.34,0.0,0.0,IDLE,,
1785925518.057,2026-08-05 17:25:18,GUIDED,False,-7.9262264,112.594866,149.32,0.0,0.0,IDLE,,
1785925518.218,2026-08-05 17:25:18,GUIDED,False,-7.9262264,112.594866,149.33,0.0,0.0,IDLE,,
1785925518.357,2026-08-05 17:25:18,GUIDED,False,-7.9262264,112.594866,149.33,0.0,0.0,IDLE,,
1785925518.508,2026-08-05 17:25:18,GUIDED,False,-7.9262264,112.594866,149.33,0.0,0.0,IDLE,,
1785925518.659,2026-08-05 17:25:18,GUIDED,False,-7.9262264,112.594866,149.34,0.0,0.0,IDLE,,
1785925518.799,2026-08-05 17:25:18,GUIDED,False,-7.9262264,112.594866,149.35,0.0,0.0,IDLE,,
1785925518.944,2026-08-05 17:25:18,GUIDED,False,-7.9262264,112.594866,149.35,0.0,0.0,IDLE,,
1785925519.084,2026-08-05 17:25:19,GUIDED,False,-7.9262264,112.594866,149.35,0.0,0.0,IDLE,,
1785925519.227,2026-08-05 17:25:19,GUIDED,False,-7.9262264,112.594866,149.35,0.0,0.0,IDLE,,
1785925519.385,2026-08-05 17:25:19,GUIDED,False,-7.9262264,112.594866,149.34,0.0,0.0,IDLE,,
1785925519.527,2026-08-05 17:25:19,GUIDED,False,-7.9262264,112.594866,149.34,0.0,0.0,IDLE,,
1785925519.673,2026-08-05 17:25:19,GUIDED,False,-7.9262264,112.594866,149.31,0.0,0.0,IDLE,,
1785925519.818,2026-08-05 17:25:19,GUIDED,False,-7.9262264,112.594866,149.32,0.0,0.0,IDLE,543,223
1785925519.960,2026-08-05 17:25:19,GUIDED,False,-7.9262264,112.594866,149.31,0.0,0.0,IDLE,,
1785925520.135,2026-08-05 17:25:20,GUIDED,False,-7.9262264,112.594866,149.31,0.0,0.0,IDLE,,
1785925520.287,2026-08-05 17:25:20,GUIDED,False,-7.9262264,112.594866,149.31,0.0,0.0,IDLE,,
1785925520.435,2026-08-05 17:25:20,GUIDED,True,-7.9262264,112.594866,149.3,0.0,0.0,IDLE,,
1785925520.592,2026-08-05 17:25:20,GUIDED,True,-7.9262264,112.594866,149.29,0.0,0.0,IDLE,,
1785925520.759,2026-08-05 17:25:20,GUIDED,True,-7.9262264,112.594866,149.28,0.0,0.0,IDLE,,
1785925520.905,2026-08-05 17:25:20,GUIDED,True,-7.9262264,112.594866,149.27,0.0,0.0,IDLE,,
1785925521.054,2026-08-05 17:25:21,GUIDED,True,-7.9262264,112.594866,149.28,0.0,0.0,IDLE,,
1785925521.200,2026-08-05 17:25:21,GUIDED,True,-7.9262264,112.594866,149.28,0.0,0.0,IDLE,,
1785925521.347,2026-08-05 17:25:21,GUIDED,True,-7.9262264,112.594866,149.27,0.0,0.0,IDLE,,
1785925521.488,2026-08-05 17:25:21,GUIDED,True,-7.9262264,112.594866,149.28,0.0,0.0,IDLE,,
1785925521.636,2026-08-05 17:25:21,GUIDED,True,-7.9262264,112.594866,149.29,0.0,0.0,IDLE,,
1785925521.787,2026-08-05 17:25:21,GUIDED,True,-7.9262264,112.594866,149.29,0.0,0.0,IDLE,,
1785925521.938,2026-08-05 17:25:21,GUIDED,True,-7.9262264,112.594866,149.28,0.0,0.0,IDLE,,
1785925522.084,2026-08-05 17:25:22,GUIDED,True,-7.9262264,112.594866,149.27,0.0,0.0,IDLE,,
1785925522.228,2026-08-05 17:25:22,GUIDED,True,-7.9262264,112.594866,149.27,0.0,0.0,IDLE,,
1785925522.369,2026-08-05 17:25:22,GUIDED,True,-7.9262264,112.594866,149.27,0.0,0.0,IDLE,,
1785925522.516,2026-08-05 17:25:22,GUIDED,True,-7.9262264,112.594866,149.26,0.0,0.0,IDLE,,
1785925522.664,2026-08-05 17:25:22,GUIDED,True,-7.9262264,112.594866,149.26,0.0,0.0,IDLE,,
1785925522.808,2026-08-05 17:25:22,GUIDED,True,-7.9262264,112.594866,149.26,0.0,0.0,IDLE,,
1785925522.952,2026-08-05 17:25:22,GUIDED,True,-7.9262264,112.594866,149.26,0.0,0.0,IDLE,,
1785925523.094,2026-08-05 17:25:23,GUIDED,True,-7.9262264,112.594866,149.26,0.0,0.0,IDLE,,
1785925523.241,2026-08-05 17:25:23,GUIDED,True,-7.9262264,112.594866,149.26,0.0,0.0,IDLE,,
1785925523.384,2026-08-05 17:25:23,GUIDED,True,-7.9262264,112.594866,149.24,0.0,0.0,IDLE,541,221
1785925523.527,2026-08-05 17:25:23,GUIDED,True,-7.9262264,112.594866,149.26,0.0,0.0,IDLE,543,223
1785925523.671,2026-08-05 17:25:23,GUIDED,True,-7.9262264,112.594866,149.23,0.0,0.0,IDLE,555,235
1785925523.821,2026-08-05 17:25:23,GUIDED,True,-7.9262264,112.594866,149.24,0.0,0.0,IDLE,558,238
1785925523.963,2026-08-05 17:25:23,GUIDED,True,-7.9262264,112.594866,149.25,0.0,0.0,IDLE,559,239
1785925524.105,2026-08-05 17:25:24,GUIDED,True,-7.9262264,112.594866,149.25,0.0,0.0,IDLE,558,238
1785925524.249,2026-08-05 17:25:24,GUIDED,True,-7.9262264,112.594866,149.26,0.0,0.0,IDLE,,
1785925524.398,2026-08-05 17:25:24,GUIDED,True,-7.9262264,112.594866,149.26,0.0,0.0,IDLE,,
1785925524.542,2026-08-05 17:25:24,GUIDED,True,-7.9262264,112.594866,149.26,0.0,0.0,IDLE,,
1785925524.687,2026-08-05 17:25:24,GUIDED,True,-7.9262264,112.594866,149.24,0.0,0.0,IDLE,,
1785925524.827,2026-08-05 17:25:24,GUIDED,True,-7.9262264,112.594866,149.24,0.0,0.0,IDLE,,
1785925524.976,2026-08-05 17:25:24,GUIDED,True,-7.9262264,112.594866,149.25,0.0,0.0,IDLE,,
1785925525.131,2026-08-05 17:25:25,GUIDED,True,-7.9262264,112.594866,149.26,0.0,0.0,IDLE,,
1785925525.287,2026-08-05 17:25:25,GUIDED,True,-7.9262264,112.594866,149.26,0.0,0.0,IDLE,,
1785925525.434,2026-08-05 17:25:25,GUIDED,True,-7.9262264,112.594866,149.26,0.0,0.0,IDLE,,
1785925525.584,2026-08-05 17:25:25,GUIDED,True,-7.9262264,112.594866,149.26,0.0,0.0,IDLE,,
1785925525.735,2026-08-05 17:25:25,GUIDED,True,-7.9262264,112.594866,149.26,0.0,0.0,IDLE,,
1785925525.882,2026-08-05 17:25:25,GUIDED,True,-7.9262264,112.594866,149.26,0.0,0.0,IDLE,,
1785925526.024,2026-08-05 17:25:26,GUIDED,True,-7.9262264,112.594866,149.26,0.0,0.0,IDLE,,
1785925526.178,2026-08-05 17:25:26,GUIDED,True,-7.9262264,112.594866,149.26,0.0,0.0,IDLE,,
1785925526.326,2026-08-05 17:25:26,GUIDED,True,-7.9262264,112.594866,149.26,0.0,0.0,IDLE,,
1785925526.476,2026-08-05 17:25:26,GUIDED,True,-7.9262264,112.594866,149.26,0.0,0.0,IDLE,,
1785925526.621,2026-08-05 17:25:26,GUIDED,True,-7.9262264,112.594866,149.27,0.0,0.0,IDLE,,
1785925526.759,2026-08-05 17:25:26,GUIDED,True,-7.9262264,112.594866,149.28,0.0,0.0,IDLE,,
1785925526.905,2026-08-05 17:25:26,GUIDED,True,-7.9262264,112.594866,149.26,0.0,0.0,IDLE,,
1785925527.055,2026-08-05 17:25:27,GUIDED,True,-7.9262264,112.594866,149.27,0.0,0.0,IDLE,,
1785925527.233,2026-08-05 17:25:27,GUIDED,True,-7.9262264,112.594866,149.25,0.0,0.0,IDLE,,
1785925527.383,2026-08-05 17:25:27,GUIDED,True,-7.9262264,112.594866,149.27,0.0,0.0,START,,
1785925527.525,2026-08-05 17:25:27,GUIDED,True,-7.9262264,112.594866,149.28,0.0,0.0,START,,
1785925527.672,2026-08-05 17:25:27,GUIDED,True,-7.9262264,112.594866,149.26,0.0,0.0,START,,
1785925527.827,2026-08-05 17:25:27,GUIDED,True,-7.9262264,112.594866,149.24,0.0,0.0,START,,
1785925527.970,2026-08-05 17:25:27,GUIDED,True,-7.9262264,112.594866,149.24,0.0,0.0,START,,
1785925528.145,2026-08-05 17:25:28,GUIDED,True,-7.9262264,112.594866,149.25,0.0,0.0,START,,
1785925528.300,2026-08-05 17:25:28,GUIDED,True,-7.9262264,112.594866,149.27,0.0,0.0,START,,
1785925528.443,2026-08-05 17:25:28,GUIDED,True,-7.9262264,112.594866,149.29,0.0,0.0,START,,
1785925528.620,2026-08-05 17:25:28,GUIDED,True,-7.9262264,112.594866,149.3,0.0,0.0,START,,
1785925528.776,2026-08-05 17:25:28,GUIDED,True,-7.9262264,112.594866,149.33,0.0,0.0,START,,
1785925528.918,2026-08-05 17:25:28,GUIDED,True,-7.9262264,112.594866,149.32,0.0,0.0,START,,
1785925529.069,2026-08-05 17:25:29,GUIDED,True,-7.9262264,112.594866,149.31,0.0,0.0,START,,
1785925529.221,2026-08-05 17:25:29,GUIDED,True,-7.9262264,112.594866,149.32,0.0,0.0,START,,
1785925529.373,2026-08-05 17:25:29,GUIDED,True,-7.9262264,112.594866,149.31,0.0,0.0,START,,
1785925529.534,2026-08-05 17:25:29,GUIDED,True,-7.9262264,112.594866,149.32,0.0,0.0,TRACKING_BUOY,,
1785925529.692,2026-08-05 17:25:29,GUIDED,True,-7.9262264,112.594866,149.33,0.0,0.0,TRACKING_BUOY,,
1785925529.844,2026-08-05 17:25:29,GUIDED,True,-7.9262264,112.594866,149.33,0.0,0.0,TRACKING_BUOY,,
1785925530.000,2026-08-05 17:25:30,GUIDED,True,-7.9262264,112.594866,149.32,0.0,0.0,TRACKING_BUOY,,
1785925530.146,2026-08-05 17:25:30,GUIDED,True,-7.9262264,112.594866,149.32,0.0,0.0,TRACKING_BUOY,,
1785925530.351,2026-08-05 17:25:30,GUIDED,True,-7.9262264,112.594866,149.3,0.0,0.0,TRACKING_BUOY,,
1785925530.500,2026-08-05 17:25:30,GUIDED,True,-7.9262264,112.594866,149.3,0.0,0.0,TRACKING_BUOY,,
1785925530.673,2026-08-05 17:25:30,GUIDED,True,-7.9262264,112.594866,149.3,0.0,0.0,TRACKING_BUOY,,
1785925530.814,2026-08-05 17:25:30,GUIDED,True,-7.9262264,112.594866,149.3,0.0,0.0,TRACKING_BUOY,,
1785925530.960,2026-08-05 17:25:30,GUIDED,True,-7.9262264,112.594866,149.32,0.0,0.0,TRACKING_BUOY,,
1785925531.107,2026-08-05 17:25:31,GUIDED,True,-7.9262264,112.594866,149.34,0.0,0.0,TRACKING_BUOY,,
1785925531.256,2026-08-05 17:25:31,GUIDED,True,-7.9262264,112.594866,149.32,0.0,0.0,TRACKING_BUOY,,
1785925531.440,2026-08-05 17:25:31,GUIDED,True,-7.9262264,112.594866,149.32,0.0,0.0,TRACKING_BUOY,,
1785925531.628,2026-08-05 17:25:31,GUIDED,True,-7.9262264,112.594866,149.3,0.0,0.0,TRACKING_BUOY,,
1785925531.810,2026-08-05 17:25:31,GUIDED,True,-7.9262264,112.594866,149.28,0.0,0.0,TRACKING_BUOY,,
1785925532.018,2026-08-05 17:25:32,GUIDED,True,-7.9262264,112.594866,149.3,0.0,0.0,TRACKING_BUOY,,
1785925532.175,2026-08-05 17:25:32,GUIDED,True,-7.9262264,112.594866,149.29,0.0,0.0,TRACKING_BUOY,,
1785925532.321,2026-08-05 17:25:32,GUIDED,True,-7.9262264,112.594866,149.27,0.0,0.0,TRACKING_BUOY,,
1785925532.470,2026-08-05 17:25:32,GUIDED,True,-7.9262264,112.594866,149.27,0.0,0.0,TRACKING_BUOY,,
1785925532.623,2026-08-05 17:25:32,GUIDED,True,-7.9262264,112.594866,149.26,0.0,0.0,TRACKING_BUOY,,
1785925532.769,2026-08-05 17:25:32,GUIDED,True,-7.9262264,112.594866,149.25,0.0,0.0,TRACKING_BUOY,,
1785925532.911,2026-08-05 17:25:32,GUIDED,True,-7.9262264,112.594866,149.24,0.0,0.0,TRACKING_BUOY,,
1785925533.051,2026-08-05 17:25:33,GUIDED,True,-7.9262264,112.594866,149.24,0.0,0.0,TRACKING_BUOY,,
1785925533.196,2026-08-05 17:25:33,GUIDED,True,-7.9262264,112.594866,149.24,0.0,0.0,TRACKING_BUOY,,
1785925533.349,2026-08-05 17:25:33,GUIDED,True,-7.9262264,112.594866,149.24,0.0,0.0,TRACKING_BUOY,,
1785925533.496,2026-08-05 17:25:33,GUIDED,True,-7.9262264,112.594866,149.24,0.0,0.0,TRACKING_BUOY,,
1785925533.641,2026-08-05 17:25:33,GUIDED,True,-7.9262264,112.594866,149.25,0.0,0.0,TRACKING_BUOY,,
1785925533.787,2026-08-05 17:25:33,GUIDED,True,-7.9262264,112.594866,149.25,0.0,0.0,TRACKING_BUOY,,
1785925533.932,2026-08-05 17:25:33,GUIDED,True,-7.9262264,112.594866,149.26,0.0,0.0,TRACKING_BUOY,,
1785925534.074,2026-08-05 17:25:34,GUIDED,True,-7.9262264,112.594866,149.24,0.0,0.0,TRACKING_BUOY,,
1785925534.223,2026-08-05 17:25:34,GUIDED,True,-7.9262264,112.594866,149.26,0.0,0.0,TRACKING_BUOY,,
1785925534.388,2026-08-05 17:25:34,GUIDED,True,-7.9262264,112.594866,149.26,0.0,0.0,TRACKING_BUOY,284,-36
1785925534.528,2026-08-05 17:25:34,GUIDED,True,-7.9262264,112.594866,149.26,0.0,0.0,TRACKING_BUOY,296,-24
1785925534.671,2026-08-05 17:25:34,GUIDED,True,-7.9262264,112.594866,149.27,0.0,0.0,TRACKING_BUOY,302,-18
1785925534.825,2026-08-05 17:25:34,GUIDED,True,-7.9262264,112.594866,149.28,0.0,0.0,TRACKING_BUOY,302,-18
1785925534.988,2026-08-05 17:25:34,GUIDED,True,-7.9262264,112.594866,149.29,0.0,0.0,TRACKING_BUOY,299,-21
1785925535.141,2026-08-05 17:25:35,GUIDED,True,-7.9262264,112.594866,149.31,0.0,0.0,TRACKING_BUOY,298,-22
1785925535.294,2026-08-05 17:25:35,GUIDED,True,-7.9262264,112.594866,149.32,0.0,0.0,TRACKING_BUOY,297,-23
1785925535.439,2026-08-05 17:25:35,GUIDED,True,-7.9262264,112.594866,149.32,0.0,0.0,TRACKING_BUOY,296,-24
1785925535.585,2026-08-05 17:25:35,GUIDED,True,-7.9262264,112.594866,149.35,0.0,0.0,TRACKING_BUOY,285,-35
1785925535.723,2026-08-05 17:25:35,GUIDED,True,-7.9262264,112.594866,149.35,0.0,0.0,TRACKING_BUOY,269,-51
1785925535.865,2026-08-05 17:25:35,GUIDED,True,-7.9262264,112.594866,149.35,0.0,0.0,TRACKING_BUOY,249,-71
1785925536.002,2026-08-05 17:25:36,GUIDED,True,-7.9262264,112.594866,149.35,0.0,0.0,TRACKING_BUOY,235,-85
1785925536.145,2026-08-05 17:25:36,GUIDED,True,-7.9262264,112.594866,149.36,0.0,0.0,TRACKING_BUOY,237,-83
1785925536.287,2026-08-05 17:25:36,GUIDED,True,-7.9262264,112.594866,149.37,0.0,0.0,TRACKING_BUOY,253,-67
1785925536.426,2026-08-05 17:25:36,GUIDED,True,-7.9262264,112.594866,149.37,0.0,0.0,TRACKING_BUOY,277,-43
1785925536.563,2026-08-05 17:25:36,GUIDED,True,-7.9262264,112.594866,149.38,0.0,0.0,TRACKING_BUOY,306,-14
1785925536.707,2026-08-05 17:25:36,GUIDED,True,-7.9262264,112.594866,149.38,0.0,0.0,TRACKING_BUOY,334,14
1785925536.848,2026-08-05 17:25:36,GUIDED,True,-7.9262264,112.594866,149.39,0.0,0.0,TRACKING_BUOY,357,37
1785925537.061,2026-08-05 17:25:37,GUIDED,True,-7.9262264,112.594866,149.4,0.0,0.0,TRACKING_BUOY,374,54
1785925537.217,2026-08-05 17:25:37,GUIDED,True,-7.9262264,112.594866,149.38,0.0,0.0,TRACKING_BUOY,391,71
1785925537.391,2026-08-05 17:25:37,GUIDED,True,-7.9262264,112.594866,149.41,0.0,0.0,TRACKING_BUOY,397,77
1785925537.547,2026-08-05 17:25:37,GUIDED,True,-7.9262264,112.594866,149.42,0.0,0.0,TRACKING_BUOY,398,78
1785925537.693,2026-08-05 17:25:37,GUIDED,True,-7.9262264,112.594866,149.44,0.0,0.0,TRACKING_BUOY,399,79
1785925537.839,2026-08-05 17:25:37,GUIDED,True,-7.9262264,112.594866,149.45,0.0,0.0,TRACKING_BUOY,401,81
1785925537.979,2026-08-05 17:25:37,GUIDED,True,-7.9262264,112.594866,149.47,0.0,0.0,TRACKING_BUOY,405,85
1785925538.118,2026-08-05 17:25:38,GUIDED,True,-7.9262264,112.594866,149.49,0.0,0.0,TRACKING_BUOY,407,87
1785925538.273,2026-08-05 17:25:38,GUIDED,True,-7.9262264,112.594866,149.5,0.0,0.0,TRACKING_BUOY,410,90
1785925538.411,2026-08-05 17:25:38,GUIDED,True,-7.9262264,112.594866,149.52,0.0,0.0,TRACKING_BUOY,413,93
1785925538.558,2026-08-05 17:25:38,GUIDED,True,-7.9262264,112.594866,149.53,0.0,0.0,TRACKING_BUOY,415,95
1785925538.705,2026-08-05 17:25:38,GUIDED,True,-7.9262264,112.594866,149.53,0.0,0.0,TRACKING_BUOY,417,97
1785925538.847,2026-08-05 17:25:38,GUIDED,True,-7.9262264,112.594866,149.52,0.0,0.0,TRACKING_BUOY,421,101
1785925538.990,2026-08-05 17:25:38,GUIDED,True,-7.9262264,112.594866,149.55,0.0,0.0,TRACKING_BUOY,424,104
1785925539.129,2026-08-05 17:25:39,GUIDED,True,-7.9262264,112.594866,149.53,0.0,0.0,TRACKING_BUOY,428,108
1785925539.268,2026-08-05 17:25:39,GUIDED,True,-7.9262264,112.594866,149.55,0.0,0.0,TRACKING_BUOY,431,111
1785925539.420,2026-08-05 17:25:39,GUIDED,True,-7.9262264,112.594866,149.56,0.0,0.0,TRACKING_BUOY,431,111
1785925539.587,2026-08-05 17:25:39,GUIDED,True,-7.9262264,112.594866,149.59,0.0,0.0,TRACKING_BUOY,433,113
1785925539.740,2026-08-05 17:25:39,GUIDED,True,-7.9262264,112.594866,149.58,0.0,0.0,TRACKING_BUOY,434,114
1785925539.891,2026-08-05 17:25:39,GUIDED,True,-7.9262264,112.594866,149.59,0.0,0.0,TRACKING_BUOY,435,115
1785925540.036,2026-08-05 17:25:40,GUIDED,True,-7.9262264,112.594866,149.59,0.0,0.0,TRACKING_BUOY,435,115
1785925540.188,2026-08-05 17:25:40,GUIDED,True,-7.9262264,112.594866,149.59,0.0,0.0,TRACKING_BUOY,437,117
1785925540.348,2026-08-05 17:25:40,GUIDED,True,-7.9262264,112.594866,149.6,0.0,0.0,TRACKING_BUOY,437,117
1785925540.504,2026-08-05 17:25:40,GUIDED,True,-7.9262264,112.594866,149.61,0.0,0.0,TRACKING_BUOY,437,117
1785925540.656,2026-08-05 17:25:40,GUIDED,True,-7.9262264,112.594866,149.62,0.0,0.0,TRACKING_BUOY,437,117
1785925540.807,2026-08-05 17:25:40,GUIDED,True,-7.9262264,112.594866,149.61,0.0,0.0,TRACKING_BUOY,433,113
1785925540.943,2026-08-05 17:25:40,GUIDED,True,-7.9262264,112.594866,149.61,0.0,0.0,TRACKING_BUOY,414,94
1785925541.081,2026-08-05 17:25:41,GUIDED,True,-7.9262264,112.594866,149.61,0.0,0.0,TRACKING_BUOY,386,66
1785925541.223,2026-08-05 17:25:41,GUIDED,True,-7.9262264,112.594866,149.63,0.0,0.0,TRACKING_BUOY,353,33
1785925541.372,2026-08-05 17:25:41,GUIDED,True,-7.9262264,112.594866,149.64,0.0,0.0,TRACKING_BUOY,319,-1
1785925541.508,2026-08-05 17:25:41,GUIDED,True,-7.9262264,112.594866,149.64,0.0,0.0,TRACKING_BUOY,283,-37
1785925541.655,2026-08-05 17:25:41,GUIDED,True,-7.9262264,112.594866,149.66,0.0,0.0,TRACKING_BUOY,256,-64
1785925541.797,2026-08-05 17:25:41,GUIDED,True,-7.9262264,112.594866,149.67,0.0,0.0,TRACKING_BUOY,242,-78
1785925541.938,2026-08-05 17:25:41,GUIDED,True,-7.9262264,112.594866,149.67,0.0,0.0,TRACKING_BUOY,234,-86
1785925542.085,2026-08-05 17:25:42,GUIDED,True,-7.9262264,112.594866,149.67,0.0,0.0,TRACKING_BUOY,229,-91
1785925542.232,2026-08-05 17:25:42,GUIDED,True,-7.9262264,112.594866,149.68,0.0,0.0,TRACKING_BUOY,228,-92
1785925542.375,2026-08-05 17:25:42,GUIDED,True,-7.9262264,112.594866,149.7,0.0,0.0,TRACKING_BUOY,225,-95
1785925542.523,2026-08-05 17:25:42,GUIDED,True,-7.9262264,112.594866,149.71,0.0,0.0,TRACKING_BUOY,222,-98
1785925542.671,2026-08-05 17:25:42,GUIDED,True,-7.9262264,112.594866,149.71,0.0,0.0,TRACKING_BUOY,220,-100
1785925542.814,2026-08-05 17:25:42,GUIDED,True,-7.9262264,112.594866,149.71,0.0,0.0,TRACKING_BUOY,214,-106
1785925542.953,2026-08-05 17:25:42,GUIDED,True,-7.9262264,112.594866,149.74,0.0,0.0,TRACKING_BUOY,211,-109
1785925543.091,2026-08-05 17:25:43,GUIDED,True,-7.9262264,112.594866,149.76,0.0,0.0,TRACKING_BUOY,207,-113
1785925543.241,2026-08-05 17:25:43,GUIDED,True,-7.9262264,112.594866,149.77,0.0,0.0,TRACKING_BUOY,205,-115
1785925543.381,2026-08-05 17:25:43,GUIDED,True,-7.9262264,112.594866,149.76,0.0,0.0,TRACKING_BUOY,205,-115
1785925543.520,2026-08-05 17:25:43,GUIDED,True,-7.9262264,112.594866,149.76,0.0,0.0,TRACKING_BUOY,208,-112
1785925543.664,2026-08-05 17:25:43,GUIDED,True,-7.9262264,112.594866,149.77,0.0,0.0,TRACKING_BUOY,214,-106
1785925543.802,2026-08-05 17:25:43,GUIDED,True,-7.9262264,112.594866,149.77,0.0,0.0,TRACKING_BUOY,233,-87
1785925543.943,2026-08-05 17:25:43,GUIDED,True,-7.9262264,112.594866,149.78,0.0,0.0,TRACKING_BUOY,253,-67
1785925544.085,2026-08-05 17:25:44,GUIDED,True,-7.9262264,112.594866,149.76,0.0,0.0,TRACKING_BUOY,271,-49
1785925544.227,2026-08-05 17:25:44,GUIDED,True,-7.9262264,112.594866,149.76,0.0,0.0,TRACKING_BUOY,290,-30
1785925544.378,2026-08-05 17:25:44,GUIDED,True,-7.9262264,112.594866,149.76,0.0,0.0,TRACKING_BUOY,308,-12
1785925544.524,2026-08-05 17:25:44,GUIDED,True,-7.9262264,112.594866,149.78,0.0,0.0,TRACKING_BUOY,326,6
1785925544.669,2026-08-05 17:25:44,GUIDED,True,-7.9262264,112.594866,149.77,0.0,0.0,TRACKING_BUOY,348,28
1785925544.813,2026-08-05 17:25:44,GUIDED,True,-7.9262264,112.594866,149.77,0.0,0.0,TRACKING_BUOY,362,42
1785925544.949,2026-08-05 17:25:44,GUIDED,True,-7.9262264,112.594866,149.78,0.0,0.0,TRACKING_BUOY,380,60
1785925545.094,2026-08-05 17:25:45,GUIDED,True,-7.9262264,112.594866,149.76,0.0,0.0,TRACKING_BUOY,397,77
1785925545.245,2026-08-05 17:25:45,GUIDED,True,-7.9262264,112.594866,149.76,0.0,0.0,TRACKING_BUOY,412,92
1785925545.385,2026-08-05 17:25:45,GUIDED,True,-7.9262264,112.594866,149.76,0.0,0.0,TRACKING_BUOY,422,102
1785925545.545,2026-08-05 17:25:45,GUIDED,True,-7.9262264,112.594866,149.76,0.0,0.0,TRACKING_BUOY,426,106
1785925545.688,2026-08-05 17:25:45,GUIDED,True,-7.9262264,112.594866,149.78,0.0,0.0,TRACKING_BUOY,432,112
1785925545.827,2026-08-05 17:25:45,GUIDED,True,-7.9262264,112.594866,149.78,0.0,0.0,TRACKING_BUOY,431,111
1785925545.966,2026-08-05 17:25:45,GUIDED,True,-7.9262264,112.594866,149.81,0.0,0.0,TRACKING_BUOY,434,114
1785925546.107,2026-08-05 17:25:46,GUIDED,True,-7.9262264,112.594866,149.82,0.0,0.0,TRACKING_BUOY,435,115
1785925546.252,2026-08-05 17:25:46,GUIDED,True,-7.9262264,112.594866,149.82,0.0,0.0,TRACKING_BUOY,436,116
1785925546.394,2026-08-05 17:25:46,GUIDED,True,-7.9262264,112.594866,149.83,0.0,0.0,TRACKING_BUOY,436,116
1785925546.530,2026-08-05 17:25:46,GUIDED,True,-7.9262264,112.594866,149.82,0.0,0.0,TRACKING_BUOY,432,112
1785925546.673,2026-08-05 17:25:46,GUIDED,True,-7.9262264,112.594866,149.81,0.0,0.0,TRACKING_BUOY,420,100
1785925546.812,2026-08-05 17:25:46,GUIDED,True,-7.9262264,112.594866,149.82,0.0,0.0,TRACKING_BUOY,400,80
1785925546.947,2026-08-05 17:25:46,GUIDED,True,-7.9262264,112.594866,149.83,0.0,0.0,TRACKING_BUOY,369,49
1785925547.090,2026-08-05 17:25:47,GUIDED,True,-7.9262264,112.594866,149.8,0.0,0.0,TRACKING_BUOY,332,12
1785925547.242,2026-08-05 17:25:47,GUIDED,True,-7.9262264,112.594866,149.79,0.0,0.0,TRACKING_BUOY,295,-25
1785925547.403,2026-08-05 17:25:47,GUIDED,True,-7.9262264,112.594866,149.8,0.0,0.0,TRACKING_BUOY,262,-58
1785925547.555,2026-08-05 17:25:47,GUIDED,True,-7.9262264,112.594866,149.8,0.0,0.0,TRACKING_BUOY,227,-93
1785925547.708,2026-08-05 17:25:47,GUIDED,True,-7.9262264,112.594866,149.8,0.0,0.0,TRACKING_BUOY,212,-108
1785925547.859,2026-08-05 17:25:47,GUIDED,True,-7.9262264,112.594866,149.81,0.0,0.0,TRACKING_BUOY,207,-113
1785925548.008,2026-08-05 17:25:48,GUIDED,True,-7.9262264,112.594866,149.81,0.0,0.0,TRACKING_BUOY,208,-112
1785925548.160,2026-08-05 17:25:48,GUIDED,True,-7.9262264,112.594866,149.83,0.0,0.0,TRACKING_BUOY,211,-109
1785925548.313,2026-08-05 17:25:48,GUIDED,True,-7.9262264,112.594866,149.83,0.0,0.0,TRACKING_BUOY,216,-104
1785925548.454,2026-08-05 17:25:48,GUIDED,True,-7.9262264,112.594866,149.82,0.0,0.0,TRACKING_BUOY,228,-92
1785925548.607,2026-08-05 17:25:48,GUIDED,True,-7.9262264,112.594866,149.81,0.0,0.0,TRACKING_BUOY,261,-59
1785925548.753,2026-08-05 17:25:48,GUIDED,True,-7.9262264,112.594866,149.84,0.0,0.0,TRACKING_BUOY,290,-30
1785925548.901,2026-08-05 17:25:48,GUIDED,True,-7.9262264,112.594866,149.85,0.0,0.0,TRACKING_BUOY,317,-3
1785925549.043,2026-08-05 17:25:49,GUIDED,True,-7.9262264,112.594866,149.85,0.0,0.0,TRACKING_BUOY,346,26
1785925549.182,2026-08-05 17:25:49,GUIDED,True,-7.9262264,112.594866,149.87,0.0,0.0,TRACKING_BUOY,373,53
1785925549.324,2026-08-05 17:25:49,GUIDED,True,-7.9262264,112.594866,149.88,0.0,0.0,TRACKING_BUOY,398,78
1785925549.464,2026-08-05 17:25:49,GUIDED,True,-7.9262264,112.594866,149.9,0.0,0.0,TRACKING_BUOY,404,84
1785925549.616,2026-08-05 17:25:49,GUIDED,True,-7.9262264,112.594866,149.92,0.0,0.0,TRACKING_BUOY,401,81
1785925549.757,2026-08-05 17:25:49,GUIDED,True,-7.9262264,112.594866,149.92,0.0,0.0,TRACKING_BUOY,389,69
1785925549.903,2026-08-05 17:25:49,GUIDED,True,-7.9262264,112.594866,149.94,0.0,0.0,TRACKING_BUOY,363,43
1785925550.050,2026-08-05 17:25:50,GUIDED,True,-7.9262264,112.594866,149.94,0.0,0.0,TRACKING_BUOY,328,8
1785925550.191,2026-08-05 17:25:50,GUIDED,True,-7.9262264,112.594866,149.94,0.0,0.0,TRACKING_BUOY,293,-27
1785925550.344,2026-08-05 17:25:50,GUIDED,True,-7.9262264,112.594866,149.94,0.0,0.0,TRACKING_BUOY,235,-85
1785925550.485,2026-08-05 17:25:50,GUIDED,True,-7.9262264,112.594866,149.94,0.0,0.0,TRACKING_BUOY,202,-118
1785925550.677,2026-08-05 17:25:50,GUIDED,True,-7.9262264,112.594866,149.95,0.0,0.0,TRACKING_BUOY,191,-129
1785925550.813,2026-08-05 17:25:50,GUIDED,True,-7.9262264,112.594866,149.94,0.0,0.0,TRACKING_BUOY,195,-125
1785925550.950,2026-08-05 17:25:50,GUIDED,True,-7.9262264,112.594866,149.94,0.0,0.0,TRACKING_BUOY,206,-114
1785925551.092,2026-08-05 17:25:51,GUIDED,True,-7.9262264,112.594866,149.95,0.0,0.0,TRACKING_BUOY,241,-79
1785925551.242,2026-08-05 17:25:51,GUIDED,True,-7.9262264,112.594866,149.95,0.0,0.0,TRACKING_BUOY,279,-41
1785925551.388,2026-08-05 17:25:51,GUIDED,True,-7.9262264,112.594866,149.95,0.0,0.0,TRACKING_BUOY,317,-3
1785925551.528,2026-08-05 17:25:51,GUIDED,True,-7.9262264,112.594866,149.95,0.0,0.0,TRACKING_BUOY,370,50
1785925551.676,2026-08-05 17:25:51,GUIDED,True,-7.9262264,112.594866,149.97,0.0,0.0,TRACKING_BUOY,397,77
1785925551.820,2026-08-05 17:25:51,GUIDED,True,-7.9262264,112.594866,149.98,0.0,0.0,TRACKING_BUOY,409,89
1785925551.960,2026-08-05 17:25:51,GUIDED,True,-7.9262264,112.594866,149.98,0.0,0.0,TRACKING_BUOY,408,88
1785925552.100,2026-08-05 17:25:52,GUIDED,True,-7.9262264,112.594866,150.0,0.0,0.0,TRACKING_BUOY,388,68
1785925552.247,2026-08-05 17:25:52,GUIDED,True,-7.9262264,112.594866,149.99,0.0,0.0,TRACKING_BUOY,359,39
1785925552.388,2026-08-05 17:25:52,GUIDED,True,-7.9262264,112.594866,149.99,0.0,0.0,TRACKING_BUOY,308,-12
1785925552.524,2026-08-05 17:25:52,GUIDED,True,-7.9262264,112.594866,149.98,0.0,0.0,TRACKING_BUOY,274,-46
1785925552.674,2026-08-05 17:25:52,GUIDED,True,-7.9262264,112.594866,150.0,0.0,0.0,TRACKING_BUOY,246,-74
1785925552.814,2026-08-05 17:25:52,GUIDED,True,-7.9262264,112.594866,150.01,0.0,0.0,TRACKING_BUOY,230,-90
1785925552.957,2026-08-05 17:25:52,GUIDED,True,-7.9262264,112.594866,150.01,0.0,0.0,TRACKING_BUOY,221,-99
1785925553.096,2026-08-05 17:25:53,GUIDED,True,-7.9262264,112.594866,150.01,0.0,0.0,TRACKING_BUOY,220,-100
1785925553.243,2026-08-05 17:25:53,GUIDED,True,-7.9262264,112.594866,150.03,0.0,0.0,TRACKING_BUOY,224,-96
1785925553.386,2026-08-05 17:25:53,GUIDED,True,-7.9262264,112.594866,150.03,0.0,0.0,TRACKING_BUOY,242,-78
1785925553.526,2026-08-05 17:25:53,GUIDED,True,-7.9262264,112.594866,150.01,0.0,0.0,TRACKING_BUOY,287,-33
1785925553.671,2026-08-05 17:25:53,GUIDED,True,-7.9262264,112.594866,150.02,0.0,0.0,TRACKING_BUOY,326,6
1785925553.810,2026-08-05 17:25:53,GUIDED,True,-7.9262264,112.594866,150.04,0.0,0.0,TRACKING_BUOY,363,43
1785925553.947,2026-08-05 17:25:53,GUIDED,True,-7.9262264,112.594866,150.04,0.0,0.0,TRACKING_BUOY,392,72
1785925554.086,2026-08-05 17:25:54,GUIDED,True,-7.9262264,112.594866,150.02,0.0,0.0,TRACKING_BUOY,410,90
1785925554.238,2026-08-05 17:25:54,GUIDED,True,-7.9262264,112.594866,150.03,0.0,0.0,TRACKING_BUOY,421,101
1785925554.383,2026-08-05 17:25:54,GUIDED,True,-7.9262264,112.594866,150.03,0.0,0.0,TRACKING_BUOY,417,97
1785925554.525,2026-08-05 17:25:54,GUIDED,True,-7.9262264,112.594866,150.01,0.0,0.0,TRACKING_BUOY,380,60
1785925554.682,2026-08-05 17:25:54,GUIDED,True,-7.9262264,112.594866,150.0,0.0,0.0,TRACKING_BUOY,349,29
1785925554.827,2026-08-05 17:25:54,GUIDED,True,-7.9262264,112.594866,150.0,0.0,0.0,TRACKING_BUOY,314,-6
1785925554.972,2026-08-05 17:25:54,GUIDED,True,-7.9262264,112.594866,150.01,0.0,0.0,TRACKING_BUOY,281,-39
1785925555.111,2026-08-05 17:25:55,GUIDED,True,-7.9262264,112.594866,150.02,0.0,0.0,TRACKING_BUOY,254,-66
1785925555.257,2026-08-05 17:25:55,GUIDED,True,-7.9262264,112.594866,150.02,0.0,0.0,TRACKING_BUOY,239,-81
1785925555.396,2026-08-05 17:25:55,GUIDED,True,-7.9262264,112.594866,150.01,0.0,0.0,TRACKING_BUOY,237,-83
1785925555.539,2026-08-05 17:25:55,GUIDED,True,-7.9262264,112.594866,150.02,0.0,0.0,TRACKING_BUOY,242,-78
1785925555.698,2026-08-05 17:25:55,GUIDED,True,-7.9262264,112.594866,150.01,0.0,0.0,TRACKING_BUOY,247,-73
1785925555.839,2026-08-05 17:25:55,GUIDED,True,-7.9262264,112.594866,150.01,0.0,0.0,TRACKING_BUOY,258,-62
1785925555.979,2026-08-05 17:25:55,GUIDED,True,-7.9262264,112.594866,150.03,0.0,0.0,TRACKING_BUOY,270,-50
1785925556.120,2026-08-05 17:25:56,GUIDED,True,-7.9262264,112.594866,150.04,0.0,0.0,TRACKING_BUOY,292,-28
1785925556.259,2026-08-05 17:25:56,GUIDED,True,-7.9262264,112.594866,150.06,0.0,0.0,TRACKING_BUOY,308,-12
1785925556.399,2026-08-05 17:25:56,GUIDED,True,-7.9262264,112.594866,150.05,0.0,0.0,TRACKING_BUOY,323,3
1785925556.540,2026-08-05 17:25:56,GUIDED,True,-7.9262264,112.594866,150.06,0.0,0.0,TRACKING_BUOY,335,15
1785925556.687,2026-08-05 17:25:56,GUIDED,True,-7.9262264,112.594866,150.06,0.0,0.0,TRACKING_BUOY,342,22
1785925556.827,2026-08-05 17:25:56,GUIDED,True,-7.9262264,112.594866,150.07,0.0,0.0,TRACKING_BUOY,345,25
1785925556.968,2026-08-05 17:25:56,GUIDED,True,-7.9262264,112.594866,150.09,0.0,0.0,TRACKING_BUOY,349,29
1785925557.128,2026-08-05 17:25:57,GUIDED,True,-7.9262264,112.594866,150.09,0.0,0.0,TRACKING_BUOY,347,27
1785925557.268,2026-08-05 17:25:57,GUIDED,True,-7.9262264,112.594866,150.11,0.0,0.0,TRACKING_BUOY,339,19
1785925557.412,2026-08-05 17:25:57,GUIDED,True,-7.9262264,112.594866,150.1,0.0,0.0,TRACKING_BUOY,333,13
1785925557.554,2026-08-05 17:25:57,GUIDED,True,-7.9262264,112.594866,150.1,0.0,0.0,TRACKING_BUOY,324,4
1785925557.708,2026-08-05 17:25:57,GUIDED,True,-7.9262264,112.594866,150.11,0.0,0.0,TRACKING_BUOY,314,-6
1785925557.848,2026-08-05 17:25:57,GUIDED,True,-7.9262264,112.594866,150.13,0.0,0.0,TRACKING_BUOY,301,-19
1785925557.994,2026-08-05 17:25:57,GUIDED,True,-7.9262264,112.594866,150.14,0.0,0.0,TRACKING_BUOY,293,-27
1785925558.134,2026-08-05 17:25:58,GUIDED,True,-7.9262264,112.594866,150.13,0.0,0.0,TRACKING_BUOY,287,-33
1785925558.281,2026-08-05 17:25:58,GUIDED,True,-7.9262264,112.594866,150.14,0.0,0.0,TRACKING_BUOY,281,-39
1785925558.426,2026-08-05 17:25:58,GUIDED,True,-7.9262264,112.594866,150.14,0.0,0.0,TRACKING_BUOY,279,-41
1785925558.566,2026-08-05 17:25:58,GUIDED,True,-7.9262264,112.594866,150.14,0.0,0.0,TRACKING_BUOY,278,-42
1785925558.722,2026-08-05 17:25:58,GUIDED,True,-7.9262264,112.594866,150.14,0.0,0.0,TRACKING_BUOY,276,-44
1785925558.864,2026-08-05 17:25:58,GUIDED,True,-7.9262264,112.594866,150.16,0.0,0.0,TRACKING_BUOY,271,-49
1785925559.011,2026-08-05 17:25:59,GUIDED,True,-7.9262264,112.594866,150.16,0.0,0.0,TRACKING_BUOY,266,-54
1785925559.161,2026-08-05 17:25:59,GUIDED,True,-7.9262264,112.594866,150.17,0.0,0.0,TRACKING_BUOY,262,-58
1785925559.315,2026-08-05 17:25:59,GUIDED,True,-7.9262264,112.594866,150.18,0.0,0.0,TRACKING_BUOY,260,-60
1785925559.457,2026-08-05 17:25:59,GUIDED,True,-7.9262264,112.594866,150.18,0.0,0.0,TRACKING_BUOY,259,-61
1785925559.631,2026-08-05 17:25:59,GUIDED,True,-7.9262264,112.594866,150.18,0.0,0.0,TRACKING_BUOY,263,-57
1785925559.782,2026-08-05 17:25:59,GUIDED,True,-7.9262264,112.594866,150.18,0.0,0.0,TRACKING_BUOY,272,-48
1785925559.950,2026-08-05 17:25:59,GUIDED,True,-7.9262264,112.594866,150.17,0.0,0.0,TRACKING_BUOY,295,-25
1785925560.092,2026-08-05 17:26:00,GUIDED,True,-7.9262264,112.594866,150.17,0.0,0.0,TRACKING_BUOY,314,-6
1785925560.250,2026-08-05 17:26:00,GUIDED,True,-7.9262264,112.594866,150.14,0.0,0.0,TRACKING_BUOY,331,11
1785925560.396,2026-08-05 17:26:00,GUIDED,True,-7.9262264,112.594866,150.14,0.0,0.0,TRACKING_BUOY,356,36
1785925560.536,2026-08-05 17:26:00,GUIDED,True,-7.9262264,112.594866,150.13,0.0,0.0,TRACKING_BUOY,368,48
1785925560.690,2026-08-05 17:26:00,GUIDED,True,-7.9262264,112.594866,150.13,0.0,0.0,TRACKING_BUOY,377,57
1785925560.901,2026-08-05 17:26:00,GUIDED,True,-7.9262264,112.594866,150.13,0.0,0.0,TRACKING_BUOY,382,62
1785925561.063,2026-08-05 17:26:01,GUIDED,True,-7.9262264,112.594866,150.14,0.0,0.0,TRACKING_BUOY,,
1785925561.233,2026-08-05 17:26:01,GUIDED,True,-7.9262264,112.594866,150.16,0.0,0.0,TRACKING_BUOY,,
1785925561.406,2026-08-05 17:26:01,GUIDED,True,-7.9262264,112.594866,150.17,0.0,0.0,TRACKING_BUOY,548,228
1785925561.549,2026-08-05 17:26:01,GUIDED,True,-7.9262264,112.594866,150.17,0.0,0.0,TRACKING_BUOY,554,234
1785925561.697,2026-08-05 17:26:01,GUIDED,True,-7.9262264,112.594866,150.18,0.0,0.0,TRACKING_BUOY,554,234
1785925561.839,2026-08-05 17:26:01,GUIDED,True,-7.9262264,112.594866,150.17,0.0,0.0,TRACKING_BUOY,556,236
1785925561.975,2026-08-05 17:26:01,GUIDED,True,-7.9262264,112.594866,150.19,0.0,0.0,TRACKING_BUOY,560,240
1785925562.117,2026-08-05 17:26:02,GUIDED,True,-7.9262264,112.594866,150.19,0.0,0.0,TRACKING_BUOY,552,232
1785925562.262,2026-08-05 17:26:02,GUIDED,True,-7.9262264,112.594866,150.17,0.0,0.0,TRACKING_BUOY,545,225
1785925562.410,2026-08-05 17:26:02,GUIDED,False,-7.9262264,112.594866,150.16,0.0,0.0,TRACKING_BUOY,,
1785925562.553,2026-08-05 17:26:02,GUIDED,False,-7.9262264,112.594866,150.16,0.0,0.0,TRACKING_BUOY,,
1785925562.712,2026-08-05 17:26:02,GUIDED,False,-7.9262264,112.594866,150.17,0.0,0.0,TRACKING_BUOY,,
1785925562.860,2026-08-05 17:26:02,GUIDED,False,-7.9262264,112.594866,150.18,0.0,0.0,TRACKING_BUOY,,
1785925562.998,2026-08-05 17:26:02,GUIDED,False,-7.9262264,112.594866,150.19,0.0,0.0,TRACKING_BUOY,,
1785925563.144,2026-08-05 17:26:03,GUIDED,False,-7.9262264,112.594866,150.18,0.0,0.0,TRACKING_BUOY,,
1785925563.288,2026-08-05 17:26:03,GUIDED,False,-7.9262264,112.594866,150.18,0.0,0.0,TRACKING_BUOY,,
1785925563.437,2026-08-05 17:26:03,GUIDED,False,-7.9262264,112.594866,150.19,0.0,0.0,TRACKING_BUOY,,
1785925563.572,2026-08-05 17:26:03,GUIDED,False,-7.9262264,112.594866,150.22,0.0,0.0,TRACKING_BUOY,,
1785925563.714,2026-08-05 17:26:03,GUIDED,False,-7.9262264,112.594866,150.28,0.0,0.0,TRACKING_BUOY,,
1785925563.855,2026-08-05 17:26:03,GUIDED,False,-7.9262264,112.594866,150.26,0.0,0.0,TRACKING_BUOY,,
1785925563.992,2026-08-05 17:26:03,GUIDED,False,-7.9262264,112.594866,150.21,0.0,0.0,TRACKING_BUOY,,
1785925564.127,2026-08-05 17:26:04,GUIDED,False,-7.9262264,112.594866,150.2,0.0,0.0,TRACKING_BUOY,,
1785925564.270,2026-08-05 17:26:04,GUIDED,False,-7.9262264,112.594866,149.64,0.0,0.0,TRACKING_BUOY,,
1785925564.412,2026-08-05 17:26:04,GUIDED,False,-7.9262264,112.594866,146.89,0.0,0.0,TRACKING_BUOY,,
1785925564.554,2026-08-05 17:26:04,GUIDED,False,-7.9262264,112.594866,146.96,0.0,0.0,TRACKING_BUOY,,
1785925564.693,2026-08-05 17:26:04,GUIDED,False,-7.9262264,112.594866,147.01,0.0,0.0,TRACKING_BUOY,,
1785925564.838,2026-08-05 17:26:04,GUIDED,False,-7.9262264,112.594866,147.04,0.0,0.0,TRACKING_BUOY,,
1785925564.974,2026-08-05 17:26:04,GUIDED,False,-7.9262264,112.594866,147.24,0.0,0.0,TRACKING_BUOY,,
1785925565.123,2026-08-05 17:26:05,GUIDED,False,-7.9262264,112.594866,147.35,0.0,0.0,TRACKING_BUOY,,
1785925565.261,2026-08-05 17:26:05,GUIDED,False,-7.9262264,112.594866,147.34,0.0,0.0,TRACKING_BUOY,,
1785925565.397,2026-08-05 17:26:05,GUIDED,False,-7.9262264,112.594866,147.35,0.0,0.0,TRACKING_BUOY,,
1785925565.534,2026-08-05 17:26:05,GUIDED,False,-7.9262264,112.594866,147.35,0.0,0.0,TRACKING_BUOY,,
1785925565.675,2026-08-05 17:26:05,GUIDED,False,-7.9262264,112.594866,147.4,0.0,0.0,TRACKING_BUOY,,
1785925565.817,2026-08-05 17:26:05,GUIDED,False,-7.9262264,112.594866,147.44,0.0,0.0,TRACKING_BUOY,,
1785925565.968,2026-08-05 17:26:05,GUIDED,False,-7.9262264,112.594866,147.47,0.0,0.0,TRACKING_BUOY,,
1785925566.109,2026-08-05 17:26:06,GUIDED,False,-7.9262264,112.594866,147.48,0.0,0.0,TRACKING_BUOY,,
1785925566.244,2026-08-05 17:26:06,GUIDED,False,-7.9262264,112.594866,147.49,0.0,0.0,TRACKING_BUOY,,
1785925566.385,2026-08-05 17:26:06,GUIDED,False,-7.9262264,112.594866,147.53,0.0,0.0,TRACKING_BUOY,,
1785925566.525,2026-08-05 17:26:06,GUIDED,False,-7.9262264,112.594866,147.57,0.0,0.0,TRACKING_BUOY,,
1785925566.668,2026-08-05 17:26:06,GUIDED,False,-7.9262264,112.594866,147.6,0.0,0.0,TRACKING_BUOY,,
1785925566.807,2026-08-05 17:26:06,GUIDED,False,-7.9262264,112.594866,147.63,0.0,0.0,TRACKING_BUOY,,
1785925566.949,2026-08-05 17:26:06,GUIDED,False,-7.9262264,112.594866,147.65,0.0,0.0,TRACKING_BUOY,104,-216
1785925567.092,2026-08-05 17:26:07,GUIDED,False,-7.9262264,112.594866,147.7,0.0,0.0,TRACKING_BUOY,,
1785925567.240,2026-08-05 17:26:07,GUIDED,False,-7.9262264,112.594866,147.72,0.0,0.0,TRACKING_BUOY,,
1785925567.379,2026-08-05 17:26:07,GUIDED,False,-7.9262264,112.594866,147.75,0.0,0.0,TRACKING_BUOY,,
1785925567.525,2026-08-05 17:26:07,GUIDED,False,-7.9262264,112.594866,147.78,0.0,0.0,TRACKING_BUOY,,
1785925567.677,2026-08-05 17:26:07,GUIDED,False,-7.9262264,112.594866,147.81,0.0,0.0,TRACKING_BUOY,,
1785925567.830,2026-08-05 17:26:07,GUIDED,False,-7.9262264,112.594866,147.82,0.0,0.0,TRACKING_BUOY,,
1785925567.967,2026-08-05 17:26:07,GUIDED,False,-7.9262264,112.594866,147.88,0.0,0.0,TRACKING_BUOY,,
1785925568.105,2026-08-05 17:26:08,GUIDED,False,-7.9262264,112.594866,147.9,0.0,0.0,TRACKING_BUOY,,
1785925568.244,2026-08-05 17:26:08,GUIDED,False,-7.9262264,112.594866,147.94,0.0,0.0,TRACKING_BUOY,,
1785925568.394,2026-08-05 17:26:08,GUIDED,False,-7.9262264,112.594866,147.97,0.0,0.0,TRACKING_BUOY,,
1785925568.540,2026-08-05 17:26:08,GUIDED,False,-7.9262264,112.594866,147.97,0.0,0.0,TRACKING_BUOY,,
1785925568.689,2026-08-05 17:26:08,GUIDED,False,-7.9262264,112.594866,148.01,0.0,0.0,TRACKING_BUOY,,
1785925568.845,2026-08-05 17:26:08,GUIDED,False,-7.9262264,112.594866,148.03,0.0,0.0,TRACKING_BUOY,,
1785925568.983,2026-08-05 17:26:08,GUIDED,False,-7.9262264,112.594866,148.09,0.0,0.0,TRACKING_BUOY,,
1785925569.154,2026-08-05 17:26:09,GUIDED,False,-7.9262264,112.594866,148.14,0.0,0.0,TRACKING_BUOY,,
1785925569.314,2026-08-05 17:26:09,GUIDED,False,-7.9262264,112.594866,148.15,0.0,0.0,TRACKING_BUOY,,
1785925569.462,2026-08-05 17:26:09,GUIDED,False,-7.9262264,112.594866,148.18,0.0,0.0,TRACKING_BUOY,,
1785925569.621,2026-08-05 17:26:09,GUIDED,False,-7.9262264,112.594866,148.21,0.0,0.0,TRACKING_BUOY,,
1785925569.763,2026-08-05 17:26:09,GUIDED,False,-7.9262264,112.594866,148.24,0.0,0.0,TRACKING_BUOY,,
1785925569.905,2026-08-05 17:26:09,GUIDED,False,-7.9262264,112.594866,148.25,0.0,0.0,TRACKING_BUOY,,
1785925570.044,2026-08-05 17:26:10,GUIDED,False,-7.9262264,112.594866,148.27,0.0,0.0,TRACKING_BUOY,,
1785925570.188,2026-08-05 17:26:10,GUIDED,False,-7.9262264,112.594866,148.31,0.0,0.0,TRACKING_BUOY,,
1785925570.337,2026-08-05 17:26:10,GUIDED,False,-7.9262264,112.594866,148.34,0.0,0.0,TRACKING_BUOY,,
1785925570.476,2026-08-05 17:26:10,GUIDED,False,-7.9262264,112.594866,148.37,0.0,0.0,TRACKING_BUOY,,
1785925570.629,2026-08-05 17:26:10,GUIDED,False,-7.9262264,112.594866,148.4,0.0,0.0,TRACKING_BUOY,261,-59
1785925570.773,2026-08-05 17:26:10,GUIDED,False,-7.9262264,112.594866,148.45,0.0,0.0,TRACKING_BUOY,,
1785925570.914,2026-08-05 17:26:10,GUIDED,False,-7.9262264,112.594866,148.46,0.0,0.0,TRACKING_BUOY,,
1785925571.062,2026-08-05 17:26:11,GUIDED,False,-7.9262264,112.594866,148.5,0.0,0.0,TRACKING_BUOY,,
1785925571.204,2026-08-05 17:26:11,GUIDED,False,-7.9262264,112.594866,148.52,0.0,0.0,TRACKING_BUOY,,
1785925571.346,2026-08-05 17:26:11,GUIDED,False,-7.9262264,112.594866,148.55,0.0,0.0,TRACKING_BUOY,,
1785925571.488,2026-08-05 17:26:11,GUIDED,True,-7.9262264,112.594866,148.59,0.0,0.0,TRACKING_BUOY,,
1785925571.661,2026-08-05 17:26:11,GUIDED,True,-7.9262264,112.594866,148.62,0.0,0.0,TRACKING_BUOY,,
1785925571.817,2026-08-05 17:26:11,GUIDED,True,-7.9262264,112.594866,148.62,0.0,0.0,TRACKING_BUOY,,
1785925571.961,2026-08-05 17:26:11,GUIDED,True,-7.9262264,112.594866,148.67,0.0,0.0,TRACKING_BUOY,,
1785925572.098,2026-08-05 17:26:12,GUIDED,True,-7.9262264,112.594866,148.7,0.0,0.0,TRACKING_BUOY,,
1785925572.234,2026-08-05 17:26:12,GUIDED,True,-7.9262264,112.594866,148.71,0.0,0.0,TRACKING_BUOY,,
1785925572.373,2026-08-05 17:26:12,GUIDED,True,-7.9262264,112.594866,148.74,0.0,0.0,TRACKING_BUOY,,
1785925572.511,2026-08-05 17:26:12,GUIDED,True,-7.9262264,112.594866,148.76,0.0,0.0,TRACKING_BUOY,,
1785925572.655,2026-08-05 17:26:12,GUIDED,True,-7.9262264,112.594866,148.81,0.0,0.0,TRACKING_BUOY,,
1785925572.795,2026-08-05 17:26:12,GUIDED,True,-7.9262264,112.594866,148.84,0.0,0.0,TRACKING_BUOY,,
1785925572.933,2026-08-05 17:26:12,GUIDED,True,-7.9262264,112.594866,148.87,0.0,0.0,TRACKING_BUOY,,
1785925573.078,2026-08-05 17:26:13,GUIDED,True,-7.9262264,112.594866,148.91,0.0,0.0,TRACKING_BUOY,,
1785925573.226,2026-08-05 17:26:13,GUIDED,True,-7.9262264,112.594866,148.93,0.0,0.0,TRACKING_BUOY,,
1785925573.368,2026-08-05 17:26:13,GUIDED,True,-7.9262264,112.594866,148.99,0.0,0.0,TRACKING_BUOY,,
1785925573.506,2026-08-05 17:26:13,GUIDED,True,-7.9262264,112.594866,149.0,0.0,0.0,TRACKING_BUOY,,
1785925573.651,2026-08-05 17:26:13,GUIDED,True,-7.9262264,112.594866,149.07,0.0,0.0,TRACKING_BUOY,,
1785925573.791,2026-08-05 17:26:13,GUIDED,True,-7.9262264,112.594866,149.08,0.0,0.0,TRACKING_BUOY,,
1785925573.932,2026-08-05 17:26:13,GUIDED,True,-7.9262264,112.594866,149.09,0.0,0.0,TRACKING_BUOY,,
1785925574.072,2026-08-05 17:26:14,GUIDED,True,-7.9262264,112.594866,149.11,0.0,0.0,TRACKING_BUOY,,
1785925574.217,2026-08-05 17:26:14,GUIDED,True,-7.9262264,112.594866,149.14,0.0,0.0,TRACKING_BUOY,,
1785925574.356,2026-08-05 17:26:14,GUIDED,True,-7.9262264,112.594866,149.18,0.0,0.0,TRACKING_BUOY,,
1785925574.497,2026-08-05 17:26:14,GUIDED,False,-7.9262264,112.594866,149.2,0.0,0.0,TRACKING_BUOY,,
1785925574.656,2026-08-05 17:26:14,GUIDED,False,-7.9262264,112.594866,149.25,0.0,0.0,TRACKING_BUOY,,
1785925574.811,2026-08-05 17:26:14,GUIDED,False,-7.9262264,112.594866,149.26,0.0,0.0,TRACKING_BUOY,,
1785925574.953,2026-08-05 17:26:14,GUIDED,False,-7.9262264,112.594866,149.31,0.0,0.0,TRACKING_BUOY,,
1785925575.090,2026-08-05 17:26:15,GUIDED,False,-7.9262264,112.594866,149.34,0.0,0.0,TRACKING_BUOY,,
1785925575.228,2026-08-05 17:26:15,GUIDED,False,-7.9262264,112.594866,149.35,0.0,0.0,TRACKING_BUOY,,
1785925575.390,2026-08-05 17:26:15,GUIDED,False,-7.9262264,112.594866,149.39,0.0,0.0,TRACKING_BUOY,,
1785925575.526,2026-08-05 17:26:15,GUIDED,False,-7.9262264,112.594866,149.39,0.0,0.0,TRACKING_BUOY,0,-320
1785925575.667,2026-08-05 17:26:15,GUIDED,False,-7.9262264,112.594866,149.43,0.0,0.0,TRACKING_BUOY,65,-255
1785925575.809,2026-08-05 17:26:15,GUIDED,False,-7.9262264,112.594866,149.45,0.0,0.0,TRACKING_BUOY,80,-240
1785925575.948,2026-08-05 17:26:15,GUIDED,False,-7.9262264,112.594866,149.45,0.0,0.0,TRACKING_BUOY,94,-226
1785925576.105,2026-08-05 17:26:16,GUIDED,False,-7.9262264,112.594866,149.48,0.0,0.0,TRACKING_BUOY,0,-320
1785925576.240,2026-08-05 17:26:16,GUIDED,False,-7.9262264,112.594866,149.5,0.0,0.0,TRACKING_BUOY,0,-320
1785925576.377,2026-08-05 17:26:16,GUIDED,False,-7.9262264,112.594866,149.54,0.0,0.0,TRACKING_BUOY,0,-320
1785925576.518,2026-08-05 17:26:16,GUIDED,False,-7.9262264,112.594866,149.55,0.0,0.0,TRACKING_BUOY,0,-320
1785925576.667,2026-08-05 17:26:16,GUIDED,False,-7.9262264,112.594866,149.57,0.0,0.0,TRACKING_BUOY,2,-318
1785925576.808,2026-08-05 17:26:16,GUIDED,False,-7.9262264,112.594866,149.59,0.0,0.0,TRACKING_BUOY,1,-319
1785925576.947,2026-08-05 17:26:16,GUIDED,False,-7.9262264,112.594866,149.63,0.0,0.0,TRACKING_BUOY,0,-320
1785925577.083,2026-08-05 17:26:17,GUIDED,False,-7.9262264,112.594866,149.65,0.0,0.0,TRACKING_BUOY,0,-320
1785925577.228,2026-08-05 17:26:17,GUIDED,False,-7.9262264,112.594866,149.66,0.0,0.0,TRACKING_BUOY,0,-320
1785925577.377,2026-08-05 17:26:17,GUIDED,False,-7.9262264,112.594866,149.71,0.0,0.0,TRACKING_BUOY,4,-316
1785925577.526,2026-08-05 17:26:17,GUIDED,False,-7.9262264,112.594866,149.72,0.0,0.0,TRACKING_BUOY,15,-305
1785925577.667,2026-08-05 17:26:17,GUIDED,False,-7.9262264,112.594866,149.75,0.0,0.0,TRACKING_BUOY,23,-297
1785925577.812,2026-08-05 17:26:17,GUIDED,False,-7.9262264,112.594866,149.76,0.0,0.0,TRACKING_BUOY,28,-292
1785925577.949,2026-08-05 17:26:17,GUIDED,False,-7.9262264,112.594866,149.78,0.0,0.0,TRACKING_BUOY,31,-289
1785925578.088,2026-08-05 17:26:18,GUIDED,False,-7.9262264,112.594866,149.8,0.0,0.0,TRACKING_BUOY,31,-289
1785925578.233,2026-08-05 17:26:18,GUIDED,False,-7.9262264,112.594866,149.82,0.0,0.0,TRACKING_BUOY,33,-287
1785925578.369,2026-08-05 17:26:18,GUIDED,False,-7.9262264,112.594866,149.84,0.0,0.0,TRACKING_BUOY,34,-286
1785925578.528,2026-08-05 17:26:18,GUIDED,True,-7.9262264,112.594866,149.85,0.0,0.0,TRACKING_BUOY,35,-285
1785925578.694,2026-08-05 17:26:18,GUIDED,True,-7.9262264,112.594866,149.88,0.0,0.0,TRACKING_BUOY,35,-285
1785925578.860,2026-08-05 17:26:18,GUIDED,True,-7.9262264,112.594866,149.91,0.0,0.0,TRACKING_BUOY,36,-284
1785925578.997,2026-08-05 17:26:18,GUIDED,True,-7.9262264,112.594866,149.93,0.0,0.0,TRACKING_BUOY,36,-284
1785925579.142,2026-08-05 17:26:19,GUIDED,True,-7.9262264,112.594866,149.95,0.0,0.0,TRACKING_BUOY,37,-283
1785925579.287,2026-08-05 17:26:19,GUIDED,True,-7.9262264,112.594866,149.97,0.0,0.0,TRACKING_BUOY,37,-283
1785925579.437,2026-08-05 17:26:19,GUIDED,True,-7.9262264,112.594866,149.99,0.0,0.0,TRACKING_BUOY,37,-283
1785925579.579,2026-08-05 17:26:19,GUIDED,True,-7.9262264,112.594866,150.02,0.0,0.0,TRACKING_BUOY,37,-283
1785925579.744,2026-08-05 17:26:19,GUIDED,True,-7.9262264,112.594866,150.04,0.0,0.0,TRACKING_BUOY,34,-286
1785925579.881,2026-08-05 17:26:19,GUIDED,True,-7.9262264,112.594866,150.1,0.0,0.0,TRACKING_BUOY,266,-54
1785925580.023,2026-08-05 17:26:20,GUIDED,True,-7.9262264,112.594866,150.11,0.0,0.0,TRACKING_BUOY,267,-53
1785925580.163,2026-08-05 17:26:20,GUIDED,True,-7.9262264,112.594866,150.13,0.0,0.0,TRACKING_BUOY,270,-50
1785925580.315,2026-08-05 17:26:20,GUIDED,True,-7.9262264,112.594866,150.13,0.0,0.0,TRACKING_BUOY,271,-49
1785925580.457,2026-08-05 17:26:20,GUIDED,True,-7.9262264,112.594866,150.16,0.0,0.0,TRACKING_BUOY,32,-288
1785925580.606,2026-08-05 17:26:20,GUIDED,True,-7.9262264,112.594866,150.18,0.0,0.0,TRACKING_BUOY,29,-291
1785925580.751,2026-08-05 17:26:20,GUIDED,True,-7.9262264,112.594866,150.22,0.0,0.0,TRACKING_BUOY,28,-292
1785925580.906,2026-08-05 17:26:20,GUIDED,True,-7.9262264,112.594866,150.24,0.0,0.0,TRACKING_BUOY,29,-291
1785925581.043,2026-08-05 17:26:21,GUIDED,True,-7.9262264,112.594866,150.25,0.0,0.0,TRACKING_BUOY,29,-291
1785925581.209,2026-08-05 17:26:21,GUIDED,True,-7.9262264,112.594866,150.3,0.0,0.0,TRACKING_BUOY,26,-294
1785925581.352,2026-08-05 17:26:21,GUIDED,True,-7.9262264,112.594866,150.35,0.0,0.0,TRACKING_BUOY,23,-297
1785925581.490,2026-08-05 17:26:21,GUIDED,True,-7.9262264,112.594866,150.35,0.0,0.0,TRACKING_BUOY,23,-297
1785925581.633,2026-08-05 17:26:21,GUIDED,True,-7.9262264,112.594866,150.35,0.0,0.0,TRACKING_BUOY,35,-285
1785925581.777,2026-08-05 17:26:21,GUIDED,True,-7.9262264,112.594866,150.38,0.0,0.0,TRACKING_BUOY,35,-285
1785925581.926,2026-08-05 17:26:21,GUIDED,True,-7.9262264,112.594866,150.38,0.0,0.0,TRACKING_BUOY,36,-284
1785925582.074,2026-08-05 17:26:22,GUIDED,True,-7.9262264,112.594866,150.41,0.0,0.0,TRACKING_BUOY,37,-283
1785925582.226,2026-08-05 17:26:22,GUIDED,True,-7.9262264,112.594866,150.4,0.0,0.0,TRACKING_BUOY,39,-281
1785925582.364,2026-08-05 17:26:22,GUIDED,True,-7.9262264,112.594866,150.42,0.0,0.0,TRACKING_BUOY,37,-283
1785925582.509,2026-08-05 17:26:22,GUIDED,True,-7.9262264,112.594866,150.43,0.0,0.0,TRACKING_BUOY,35,-285
1785925582.683,2026-08-05 17:26:22,GUIDED,True,-7.9262264,112.594866,150.47,0.0,0.0,TRACKING_BUOY,32,-288
1785925582.823,2026-08-05 17:26:22,GUIDED,True,-7.9262264,112.594866,150.49,0.0,0.0,TRACKING_BUOY,30,-290
1785925582.961,2026-08-05 17:26:22,GUIDED,True,-7.9262264,112.594866,150.5,0.0,0.0,TRACKING_BUOY,31,-289
1785925583.101,2026-08-05 17:26:23,GUIDED,True,-7.9262264,112.594866,150.5,0.0,0.0,TRACKING_BUOY,31,-289
1785925583.259,2026-08-05 17:26:23,GUIDED,True,-7.9262264,112.594866,150.53,0.0,0.0,TRACKING_BUOY,31,-289
1785925583.398,2026-08-05 17:26:23,GUIDED,True,-7.9262264,112.594866,150.52,0.0,0.0,TRACKING_BUOY,31,-289
1785925583.540,2026-08-05 17:26:23,GUIDED,True,-7.9262264,112.594866,150.53,0.0,0.0,TRACKING_BUOY,29,-291
1785925583.691,2026-08-05 17:26:23,GUIDED,True,-7.9262264,112.594866,150.55,0.0,0.0,TRACKING_BUOY,30,-290
1785925583.834,2026-08-05 17:26:23,GUIDED,True,-7.9262264,112.594866,150.56,0.0,0.0,TRACKING_BUOY,30,-290
1785925583.980,2026-08-05 17:26:23,GUIDED,True,-7.9262264,112.594866,150.6,0.0,0.0,TRACKING_BUOY,28,-292
1785925584.122,2026-08-05 17:26:24,GUIDED,True,-7.9262264,112.594866,150.6,0.0,0.0,TRACKING_BUOY,24,-296
1785925584.272,2026-08-05 17:26:24,GUIDED,True,-7.9262264,112.594866,150.61,0.0,0.0,TRACKING_BUOY,166,-154
1785925584.410,2026-08-05 17:26:24,GUIDED,True,-7.9262264,112.594866,150.63,0.0,0.0,TRACKING_BUOY,35,-285
1785925584.551,2026-08-05 17:26:24,GUIDED,True,-7.9262264,112.594866,150.63,0.0,0.0,TRACKING_BUOY,35,-285
1785925584.695,2026-08-05 17:26:24,GUIDED,True,-7.9262264,112.594866,150.65,0.0,0.0,TRACKING_BUOY,32,-288
1785925584.846,2026-08-05 17:26:24,GUIDED,True,-7.9262264,112.594866,150.67,0.0,0.0,TRACKING_BUOY,28,-292
1785925584.984,2026-08-05 17:26:24,GUIDED,True,-7.9262264,112.594866,150.69,0.0,0.0,TRACKING_BUOY,166,-154
1785925585.127,2026-08-05 17:26:25,GUIDED,True,-7.9262264,112.594866,150.7,0.0,0.0,TRACKING_BUOY,168,-152
1785925585.271,2026-08-05 17:26:25,GUIDED,True,-7.9262264,112.594866,150.73,0.0,0.0,TRACKING_BUOY,167,-153
1785925585.413,2026-08-05 17:26:25,GUIDED,True,-7.9262264,112.594866,150.76,0.0,0.0,TRACKING_BUOY,320,0
1785925585.561,2026-08-05 17:26:25,GUIDED,True,-7.9262264,112.594866,150.78,0.0,0.0,TRACKING_BUOY,311,-9
1785925585.721,2026-08-05 17:26:25,GUIDED,True,-7.9262264,112.594866,150.81,0.0,0.0,TRACKING_BUOY,301,-19
1785925585.856,2026-08-05 17:26:25,GUIDED,True,-7.9262264,112.594866,150.85,0.0,0.0,TRACKING_BUOY,301,-19
1785925586.002,2026-08-05 17:26:26,GUIDED,True,-7.9262264,112.594866,150.87,0.0,0.0,TRACKING_BUOY,301,-19
1785925586.162,2026-08-05 17:26:26,GUIDED,True,-7.9262264,112.594866,150.92,0.0,0.0,TRACKING_BUOY,300,-20
1785925586.325,2026-08-05 17:26:26,GUIDED,True,-7.9262264,112.594866,150.94,0.0,0.0,TRACKING_BUOY,297,-23
1785925586.484,2026-08-05 17:26:26,GUIDED,True,-7.9262264,112.594866,150.96,0.0,0.0,TRACKING_BUOY,292,-28
1785925586.642,2026-08-05 17:26:26,GUIDED,True,-7.9262264,112.594866,150.97,0.0,0.0,TRACKING_BUOY,286,-34
1785925586.791,2026-08-05 17:26:26,GUIDED,True,-7.9262264,112.594866,151.0,0.0,0.0,TRACKING_BUOY,278,-42
1785925586.935,2026-08-05 17:26:26,GUIDED,True,-7.9262264,112.594866,151.01,0.0,0.0,TRACKING_BUOY,269,-51
1785925587.087,2026-08-05 17:26:27,GUIDED,True,-7.9262264,112.594866,151.04,0.0,0.0,TRACKING_BUOY,263,-57
1785925587.312,2026-08-05 17:26:27,GUIDED,True,-7.9262264,112.594866,151.05,0.0,0.0,TRACKING_BUOY,256,-64
1785925587.498,2026-08-05 17:26:27,GUIDED,True,-7.9262264,112.594866,151.07,0.0,0.0,TRACKING_BUOY,257,-63
1785925587.706,2026-08-05 17:26:27,GUIDED,True,-7.9262264,112.594866,151.08,0.0,0.0,TRACKING_BUOY,275,-45
1785925587.940,2026-08-05 17:26:27,GUIDED,True,-7.9262264,112.594866,151.11,0.0,0.0,TRACKING_BUOY,300,-20
1785925588.080,2026-08-05 17:26:28,GUIDED,True,-7.9262264,112.594866,151.13,0.0,0.0,TRACKING_BUOY,325,5
1785925588.236,2026-08-05 17:26:28,GUIDED,True,-7.9262264,112.594866,151.14,0.0,0.0,TRACKING_BUOY,343,23
1785925588.396,2026-08-05 17:26:28,GUIDED,True,-7.9262264,112.594866,151.16,0.0,0.0,TRACKING_BUOY,350,30
1785925588.582,2026-08-05 17:26:28,GUIDED,True,-7.9262264,112.594866,151.18,0.0,0.0,TRACKING_BUOY,356,36
1785925588.734,2026-08-05 17:26:28,GUIDED,True,-7.9262264,112.594866,151.2,0.0,0.0,TRACKING_BUOY,366,46
1785925588.883,2026-08-05 17:26:28,GUIDED,True,-7.9262264,112.594866,151.22,0.0,0.0,TRACKING_BUOY,373,53
1785925589.048,2026-08-05 17:26:29,GUIDED,True,-7.9262264,112.594866,151.22,0.0,0.0,TRACKING_BUOY,380,60
1785925589.195,2026-08-05 17:26:29,GUIDED,True,-7.9262264,112.594866,151.23,0.0,0.0,TRACKING_BUOY,383,63
1785925589.336,2026-08-05 17:26:29,GUIDED,True,-7.9262264,112.594866,151.24,0.0,0.0,TRACKING_BUOY,386,66
1785925589.495,2026-08-05 17:26:29,GUIDED,True,-7.9262264,112.594866,151.25,0.0,0.0,TRACKING_BUOY,387,67
1785925589.664,2026-08-05 17:26:29,GUIDED,True,-7.9262264,112.594866,151.27,0.0,0.0,TRACKING_BUOY,390,70
1785925589.827,2026-08-05 17:26:29,GUIDED,True,-7.9262264,112.594866,151.28,0.0,0.0,TRACKING_BUOY,393,73
1785925589.966,2026-08-05 17:26:29,GUIDED,True,-7.9262264,112.594866,151.31,0.0,0.0,TRACKING_BUOY,384,64
1785925590.112,2026-08-05 17:26:30,GUIDED,True,-7.9262264,112.594866,151.32,0.0,0.0,TRACKING_BUOY,378,58
1785925590.260,2026-08-05 17:26:30,GUIDED,True,-7.9262264,112.594866,151.34,0.0,0.0,TRACKING_BUOY,365,45
1785925590.403,2026-08-05 17:26:30,GUIDED,True,-7.9262264,112.594866,151.34,0.0,0.0,TRACKING_BUOY,349,29
1785925590.548,2026-08-05 17:26:30,GUIDED,True,-7.9262264,112.594866,151.34,0.0,0.0,TRACKING_BUOY,329,9
1785925590.691,2026-08-05 17:26:30,GUIDED,True,-7.9262264,112.594866,151.36,0.0,0.0,TRACKING_BUOY,289,-31
1785925590.834,2026-08-05 17:26:30,GUIDED,True,-7.9262264,112.594866,151.36,0.0,0.0,TRACKING_BUOY,264,-56
1785925590.979,2026-08-05 17:26:30,GUIDED,True,-7.9262264,112.594866,151.38,0.0,0.0,TRACKING_BUOY,244,-76
1785925591.129,2026-08-05 17:26:31,GUIDED,True,-7.9262264,112.594866,151.37,0.0,0.0,TRACKING_BUOY,231,-89
1785925591.281,2026-08-05 17:26:31,GUIDED,True,-7.9262264,112.594866,151.38,0.0,0.0,TRACKING_BUOY,225,-95
1785925591.434,2026-08-05 17:26:31,GUIDED,True,-7.9262264,112.594866,151.4,0.0,0.0,TRACKING_BUOY,235,-85
1785925591.573,2026-08-05 17:26:31,GUIDED,True,-7.9262264,112.594866,151.42,0.0,0.0,TRACKING_BUOY,242,-78
1785925591.721,2026-08-05 17:26:31,GUIDED,True,-7.9262264,112.594866,151.44,0.0,0.0,TRACKING_BUOY,244,-76
1785925591.863,2026-08-05 17:26:31,GUIDED,True,-7.9262264,112.594866,151.46,0.0,0.0,TRACKING_BUOY,245,-75
1785925592.006,2026-08-05 17:26:32,GUIDED,True,-7.9262264,112.594866,151.49,0.0,0.0,TRACKING_BUOY,247,-73
1785925592.160,2026-08-05 17:26:32,GUIDED,True,-7.9262264,112.594866,151.5,0.0,0.0,TRACKING_BUOY,257,-63
1785925592.306,2026-08-05 17:26:32,GUIDED,True,-7.9262264,112.594866,151.52,0.0,0.0,TRACKING_BUOY,282,-38
1785925592.447,2026-08-05 17:26:32,GUIDED,True,-7.9262264,112.594866,151.54,0.0,0.0,TRACKING_BUOY,299,-21
1785925592.601,2026-08-05 17:26:32,GUIDED,True,-7.9262264,112.594866,151.56,0.0,0.0,TRACKING_BUOY,311,-9
1785925592.739,2026-08-05 17:26:32,GUIDED,True,-7.9262264,112.594866,151.58,0.0,0.0,TRACKING_BUOY,316,-4
1785925592.881,2026-08-05 17:26:32,GUIDED,True,-7.9262264,112.594866,151.58,0.0,0.0,TRACKING_BUOY,320,0
1785925593.023,2026-08-05 17:26:33,GUIDED,True,-7.9262264,112.594866,151.58,0.0,0.0,TRACKING_BUOY,320,0
1785925593.182,2026-08-05 17:26:33,GUIDED,True,-7.9262264,112.594866,151.58,0.0,0.0,TRACKING_BUOY,320,0
1785925593.328,2026-08-05 17:26:33,GUIDED,True,-7.9262264,112.594866,151.58,0.0,0.0,TRACKING_BUOY,321,1
1785925593.466,2026-08-05 17:26:33,GUIDED,True,-7.9262264,112.594866,151.58,0.0,0.0,TRACKING_BUOY,324,4
1785925593.610,2026-08-05 17:26:33,GUIDED,True,-7.9262264,112.594866,151.58,0.0,0.0,TRACKING_BUOY,331,11
1785925593.756,2026-08-05 17:26:33,GUIDED,True,-7.9262264,112.594866,151.61,0.0,0.0,TRACKING_BUOY,342,22
1785925593.897,2026-08-05 17:26:33,GUIDED,True,-7.9262264,112.594866,151.63,0.0,0.0,TRACKING_BUOY,339,19
1785925594.033,2026-08-05 17:26:34,GUIDED,True,-7.9262264,112.594866,151.62,0.0,0.0,TRACKING_BUOY,323,3
1785925594.179,2026-08-05 17:26:34,GUIDED,True,-7.9262264,112.594866,151.61,0.0,0.0,TRACKING_BUOY,299,-21
1785925594.319,2026-08-05 17:26:34,GUIDED,True,-7.9262264,112.594866,151.61,0.0,0.0,TRACKING_BUOY,275,-45
1785925594.462,2026-08-05 17:26:34,GUIDED,True,-7.9262264,112.594866,151.62,0.0,0.0,TRACKING_BUOY,259,-61
1785925594.614,2026-08-05 17:26:34,GUIDED,True,-7.9262264,112.594866,151.63,0.0,0.0,TRACKING_BUOY,248,-72
1785925594.761,2026-08-05 17:26:34,GUIDED,True,-7.9262264,112.594866,151.64,0.0,0.0,TRACKING_BUOY,243,-77
1785925594.902,2026-08-05 17:26:34,GUIDED,True,-7.9262264,112.594866,151.64,0.0,0.0,TRACKING_BUOY,247,-73
1785925595.045,2026-08-05 17:26:35,GUIDED,True,-7.9262264,112.594866,151.66,0.0,0.0,TRACKING_BUOY,252,-68
1785925595.207,2026-08-05 17:26:35,GUIDED,True,-7.9262264,112.594866,151.67,0.0,0.0,TRACKING_BUOY,249,-71
1785925595.345,2026-08-05 17:26:35,GUIDED,True,-7.9262264,112.594866,151.69,0.0,0.0,TRACKING_BUOY,243,-77
1785925595.487,2026-08-05 17:26:35,GUIDED,True,-7.9262264,112.594866,151.69,0.0,0.0,TRACKING_BUOY,241,-79
1785925595.648,2026-08-05 17:26:35,GUIDED,True,-7.9262264,112.594866,151.71,0.0,0.0,TRACKING_BUOY,237,-83
1785925595.801,2026-08-05 17:26:35,GUIDED,True,-7.9262264,112.594866,151.73,0.0,0.0,TRACKING_BUOY,236,-84
1785925595.949,2026-08-05 17:26:35,GUIDED,True,-7.9262264,112.594866,151.75,0.0,0.0,TRACKING_BUOY,236,-84
1785925596.095,2026-08-05 17:26:36,GUIDED,True,-7.9262264,112.594866,151.77,0.0,0.0,TRACKING_BUOY,237,-83
1785925596.246,2026-08-05 17:26:36,GUIDED,True,-7.9262264,112.594866,151.76,0.0,0.0,TRACKING_BUOY,239,-81
1785925596.409,2026-08-05 17:26:36,GUIDED,True,-7.9262264,112.594866,151.78,0.0,0.0,TRACKING_BUOY,245,-75
1785925596.546,2026-08-05 17:26:36,GUIDED,True,-7.9262264,112.594866,151.79,0.0,0.0,TRACKING_BUOY,266,-54
1785925596.685,2026-08-05 17:26:36,GUIDED,True,-7.9262264,112.594866,151.8,0.0,0.0,TRACKING_BUOY,286,-34
1785925596.826,2026-08-05 17:26:36,GUIDED,True,-7.9262264,112.594866,151.81,0.0,0.0,TRACKING_BUOY,306,-14
1785925596.965,2026-08-05 17:26:36,GUIDED,True,-7.9262264,112.594866,151.83,0.0,0.0,TRACKING_BUOY,321,1
1785925597.114,2026-08-05 17:26:37,GUIDED,True,-7.9262264,112.594866,151.84,0.0,0.0,TRACKING_BUOY,331,11
1785925597.252,2026-08-05 17:26:37,GUIDED,True,-7.9262264,112.594866,151.85,0.0,0.0,TRACKING_BUOY,342,22
1785925597.391,2026-08-05 17:26:37,GUIDED,True,-7.9262264,112.594866,151.85,0.0,0.0,TRACKING_BUOY,352,32
1785925597.544,2026-08-05 17:26:37,GUIDED,True,-7.9262264,112.594866,151.86,0.0,0.0,TRACKING_BUOY,363,43
1785925597.686,2026-08-05 17:26:37,GUIDED,True,-7.9262264,112.594866,151.86,0.0,0.0,TRACKING_BUOY,377,57
1785925597.824,2026-08-05 17:26:37,GUIDED,True,-7.9262264,112.594866,151.88,0.0,0.0,TRACKING_BUOY,381,61
1785925597.962,2026-08-05 17:26:37,GUIDED,True,-7.9262264,112.594866,151.89,0.0,0.0,TRACKING_BUOY,383,63
1785925598.101,2026-08-05 17:26:38,GUIDED,True,-7.9262264,112.594866,151.88,0.0,0.0,TRACKING_BUOY,383,63
1785925598.241,2026-08-05 17:26:38,GUIDED,True,-7.9262264,112.594866,151.88,0.0,0.0,TRACKING_BUOY,377,57
1785925598.380,2026-08-05 17:26:38,GUIDED,True,-7.9262264,112.594866,151.9,0.0,0.0,TRACKING_BUOY,,
1785925598.526,2026-08-05 17:26:38,GUIDED,True,-7.9262264,112.594866,151.91,0.0,0.0,TRACKING_BUOY,,
1785925598.669,2026-08-05 17:26:38,GUIDED,True,-7.9262264,112.594866,151.91,0.0,0.0,TRACKING_BUOY,,
1785925598.812,2026-08-05 17:26:38,GUIDED,True,-7.9262264,112.594866,151.92,0.0,0.0,TRACKING_BUOY,,
1785925598.965,2026-08-05 17:26:38,GUIDED,True,-7.9262264,112.594866,151.92,0.0,0.0,TRACKING_BUOY,,
1785925599.107,2026-08-05 17:26:39,GUIDED,True,-7.9262264,112.594866,151.92,0.0,0.0,TRACKING_BUOY,,
1785925599.246,2026-08-05 17:26:39,GUIDED,True,-7.9262264,112.594866,151.93,0.0,0.0,TRACKING_BUOY,,
1785925599.383,2026-08-05 17:26:39,GUIDED,True,-7.9262264,112.594866,151.93,0.0,0.0,TRACKING_BUOY,,
1785925599.526,2026-08-05 17:26:39,GUIDED,True,-7.9262264,112.594866,151.94,0.0,0.0,TRACKING_BUOY,,
1785925599.670,2026-08-05 17:26:39,GUIDED,True,-7.9262264,112.594866,151.94,0.0,0.0,TRACKING_BUOY,,
1785925599.818,2026-08-05 17:26:39,GUIDED,True,-7.9262264,112.594866,151.94,0.0,0.0,TRACKING_BUOY,252,-68
1785925599.957,2026-08-05 17:26:39,GUIDED,True,-7.9262264,112.594866,151.93,0.0,0.0,TRACKING_BUOY,310,-10
1785925600.099,2026-08-05 17:26:40,GUIDED,True,-7.9262264,112.594866,151.93,0.0,0.0,TRACKING_BUOY,308,-12
1785925600.248,2026-08-05 17:26:40,GUIDED,True,-7.9262264,112.594866,151.92,0.0,0.0,TRACKING_BUOY,305,-15
1785925600.394,2026-08-05 17:26:40,GUIDED,True,-7.9262264,112.594866,151.93,0.0,0.0,TRACKING_BUOY,110,-210
1785925600.544,2026-08-05 17:26:40,GUIDED,False,-7.9262264,112.594866,151.96,0.0,0.0,TRACKING_BUOY,108,-212
1785925600.705,2026-08-05 17:26:40,GUIDED,False,-7.9262264,112.594866,151.98,0.0,0.0,TRACKING_BUOY,107,-213
1785925600.849,2026-08-05 17:26:40,GUIDED,False,-7.9262264,112.594866,151.98,0.0,0.0,TRACKING_BUOY,107,-213
1785925600.993,2026-08-05 17:26:40,GUIDED,False,-7.9262264,112.594866,151.97,0.0,0.0,TRACKING_BUOY,103,-217
1785925601.131,2026-08-05 17:26:41,GUIDED,False,-7.9262264,112.594866,151.97,0.0,0.0,TRACKING_BUOY,,
1785925601.273,2026-08-05 17:26:41,GUIDED,False,-7.9262264,112.594866,151.99,0.0,0.0,TRACKING_BUOY,,
1785925601.426,2026-08-05 17:26:41,GUIDED,False,-7.9262264,112.594866,151.98,0.0,0.0,TRACKING_BUOY,70,-250
1785925601.586,2026-08-05 17:26:41,GUIDED,False,-7.9262264,112.594866,151.98,0.0,0.0,TRACKING_BUOY,79,-241
1785925601.727,2026-08-05 17:26:41,GUIDED,False,-7.9262264,112.594866,151.98,0.0,0.0,TRACKING_BUOY,80,-240
1785925601.864,2026-08-05 17:26:41,GUIDED,False,-7.9262264,112.594866,151.96,0.0,0.0,TRACKING_BUOY,,
1785925601.999,2026-08-05 17:26:41,GUIDED,False,-7.9262264,112.594866,151.96,0.0,0.0,TRACKING_BUOY,83,-237
1785925602.151,2026-08-05 17:26:42,GUIDED,False,-7.9262264,112.594866,151.95,0.0,0.0,TRACKING_BUOY,,
1785925602.285,2026-08-05 17:26:42,GUIDED,False,-7.9262264,112.594866,151.97,0.0,0.0,TRACKING_BUOY,,
1785925602.424,2026-08-05 17:26:42,GUIDED,False,-7.9262264,112.594866,151.96,0.0,0.0,TRACKING_BUOY,,
1785925602.559,2026-08-05 17:26:42,GUIDED,False,-7.9262264,112.594866,151.99,0.0,0.0,TRACKING_BUOY,,
1785925602.702,2026-08-05 17:26:42,GUIDED,False,-7.9262264,112.594866,151.99,0.0,0.0,TRACKING_BUOY,,
1785925602.847,2026-08-05 17:26:42,GUIDED,False,-7.9262264,112.594866,152.01,0.0,0.0,TRACKING_BUOY,,
1785925602.994,2026-08-05 17:26:42,GUIDED,False,-7.9262264,112.594866,152.02,0.0,0.0,TRACKING_BUOY,,
1785925603.133,2026-08-05 17:26:43,GUIDED,False,-7.9262264,112.594866,152.02,0.0,0.0,TRACKING_BUOY,,
1785925603.289,2026-08-05 17:26:43,GUIDED,False,-7.9262264,112.594866,152.03,0.0,0.0,TRACKING_BUOY,,
1785925603.436,2026-08-05 17:26:43,GUIDED,True,-7.9262264,112.594866,152.02,0.0,0.0,TRACKING_BUOY,,
1785925603.594,2026-08-05 17:26:43,GUIDED,True,-7.9262264,112.594866,152.02,0.0,0.0,TRACKING_BUOY,,
1785925603.751,2026-08-05 17:26:43,GUIDED,True,-7.9262264,112.594866,152.04,0.0,0.0,TRACKING_BUOY,,
1785925603.899,2026-08-05 17:26:43,GUIDED,True,-7.9262264,112.594866,152.07,0.0,0.0,TRACKING_BUOY,,
1785925604.040,2026-08-05 17:26:44,GUIDED,True,-7.9262264,112.594866,152.08,0.0,0.0,TRACKING_BUOY,,
1785925604.188,2026-08-05 17:26:44,GUIDED,True,-7.9262264,112.594866,152.08,0.0,0.0,TRACKING_BUOY,,
1785925604.329,2026-08-05 17:26:44,GUIDED,True,-7.9262264,112.594866,152.09,0.0,0.0,TRACKING_BUOY,,
1785925604.466,2026-08-05 17:26:44,GUIDED,True,-7.9262264,112.594866,152.07,0.0,0.0,TRACKING_BUOY,,
1785925604.610,2026-08-05 17:26:44,GUIDED,True,-7.9262264,112.594866,152.07,0.0,0.0,TRACKING_BUOY,,
1785925604.756,2026-08-05 17:26:44,GUIDED,True,-7.9262264,112.594866,152.06,0.0,0.0,TRACKING_BUOY,,
1785925604.895,2026-08-05 17:26:44,GUIDED,True,-7.9262264,112.594866,152.07,0.0,0.0,TRACKING_BUOY,,
1785925605.036,2026-08-05 17:26:45,GUIDED,True,-7.9262264,112.594866,152.07,0.0,0.0,TRACKING_BUOY,,
1785925605.181,2026-08-05 17:26:45,GUIDED,True,-7.9262264,112.594866,152.08,0.0,0.0,TRACKING_BUOY,,
1785925605.322,2026-08-05 17:26:45,GUIDED,True,-7.9262264,112.594866,152.09,0.0,0.0,TRACKING_BUOY,,
1785925605.465,2026-08-05 17:26:45,GUIDED,False,-7.9262264,112.594866,152.09,0.0,0.0,TRACKING_BUOY,,
1785925605.635,2026-08-05 17:26:45,GUIDED,False,-7.9262264,112.594866,152.1,0.0,0.0,TRACKING_BUOY,,
1785925605.790,2026-08-05 17:26:45,GUIDED,False,-7.9262264,112.594866,152.1,0.0,0.0,TRACKING_BUOY,,
1785925605.928,2026-08-05 17:26:45,GUIDED,False,-7.9262264,112.594866,152.1,0.0,0.0,TRACKING_BUOY,,
1785925606.064,2026-08-05 17:26:46,GUIDED,False,-7.9262264,112.594866,152.1,0.0,0.0,TRACKING_BUOY,,
1785925606.207,2026-08-05 17:26:46,GUIDED,False,-7.9262264,112.594866,152.1,0.0,0.0,TRACKING_BUOY,,
1785925606.343,2026-08-05 17:26:46,GUIDED,False,-7.9262264,112.594866,152.09,0.0,0.0,TRACKING_BUOY,,
1785925606.489,2026-08-05 17:26:46,GUIDED,False,-7.9262264,112.594866,152.09,0.0,0.0,TRACKING_BUOY,,
1785925606.644,2026-08-05 17:26:46,GUIDED,False,-7.9262264,112.594866,152.09,0.0,0.0,TRACKING_BUOY,,
1785925606.786,2026-08-05 17:26:46,GUIDED,False,-7.9262264,112.594866,152.1,0.0,0.0,TRACKING_BUOY,,
1785925606.921,2026-08-05 17:26:46,GUIDED,False,-7.9262264,112.594866,152.1,0.0,0.0,TRACKING_BUOY,,
1785925607.059,2026-08-05 17:26:47,GUIDED,False,-7.9262264,112.594866,152.09,0.0,0.0,TRACKING_BUOY,,
1785925607.211,2026-08-05 17:26:47,GUIDED,False,-7.9262264,112.594866,152.1,0.0,0.0,TRACKING_BUOY,,
1785925607.351,2026-08-05 17:26:47,GUIDED,False,-7.9262264,112.594866,152.09,0.0,0.0,TRACKING_BUOY,,
1785925607.494,2026-08-05 17:26:47,GUIDED,False,-7.9262264,112.594866,152.11,0.0,0.0,TRACKING_BUOY,,
1785925607.631,2026-08-05 17:26:47,GUIDED,False,-7.9262264,112.594866,152.12,0.0,0.0,TRACKING_BUOY,,
1785925607.771,2026-08-05 17:26:47,GUIDED,False,-7.9262264,112.594866,152.11,0.0,0.0,TRACKING_BUOY,,
1785925607.909,2026-08-05 17:26:47,GUIDED,False,-7.9262264,112.594866,152.11,0.0,0.0,TRACKING_BUOY,,
1785925608.049,2026-08-05 17:26:48,GUIDED,False,-7.9262264,112.594866,152.1,0.0,0.0,TRACKING_BUOY,,
1785925608.196,2026-08-05 17:26:48,GUIDED,False,-7.9262264,112.594866,152.1,0.0,0.0,TRACKING_BUOY,,
1785925608.335,2026-08-05 17:26:48,GUIDED,False,-7.9262264,112.594866,152.1,0.0,0.0,TRACKING_BUOY,,
1785925608.477,2026-08-05 17:26:48,GUIDED,True,-7.9262264,112.594866,152.12,0.0,0.0,TRACKING_BUOY,,
1785925608.665,2026-08-05 17:26:48,GUIDED,True,-7.9262264,112.594866,152.14,0.0,0.0,TRACKING_BUOY,,
1785925608.815,2026-08-05 17:26:48,GUIDED,True,-7.9262264,112.594866,152.12,0.0,0.0,TRACKING_BUOY,,
1785925608.959,2026-08-05 17:26:48,GUIDED,True,-7.9262264,112.594866,152.14,0.0,0.0,TRACKING_BUOY,,
1785925609.100,2026-08-05 17:26:49,GUIDED,True,-7.9262264,112.594866,152.14,0.0,0.0,TRACKING_BUOY,,
1785925609.241,2026-08-05 17:26:49,GUIDED,True,-7.9262264,112.594866,152.16,0.0,0.0,TRACKING_BUOY,,
1785925609.389,2026-08-05 17:26:49,GUIDED,True,-7.9262264,112.594866,152.15,0.0,0.0,TRACKING_BUOY,,
1785925609.537,2026-08-05 17:26:49,GUIDED,False,-7.9262264,112.594866,152.17,0.0,0.0,TRACKING_BUOY,,
1785925609.696,2026-08-05 17:26:49,GUIDED,False,-7.9262264,112.594866,152.19,0.0,0.0,TRACKING_BUOY,,
1785925609.853,2026-08-05 17:26:49,GUIDED,False,-7.9262264,112.594866,152.22,0.0,0.0,TRACKING_BUOY,,
1785925609.998,2026-08-05 17:26:49,GUIDED,False,-7.9262264,112.594866,152.22,0.0,0.0,TRACKING_BUOY,,
1785925610.134,2026-08-05 17:26:50,GUIDED,False,-7.9262264,112.594866,152.22,0.0,0.0,TRACKING_BUOY,,
1785925610.275,2026-08-05 17:26:50,GUIDED,False,-7.9262264,112.594866,152.24,0.0,0.0,TRACKING_BUOY,,
1785925610.415,2026-08-05 17:26:50,GUIDED,True,-7.9262264,112.594866,152.25,0.0,0.0,TRACKING_BUOY,,
1785925610.559,2026-08-05 17:26:50,GUIDED,True,-7.9262264,112.594866,152.26,0.0,0.0,TRACKING_BUOY,,
1785925610.712,2026-08-05 17:26:50,GUIDED,True,-7.9262264,112.594866,152.26,0.0,0.0,TRACKING_BUOY,,
1785925610.866,2026-08-05 17:26:50,GUIDED,True,-7.9262264,112.594866,152.28,0.0,0.0,TRACKING_BUOY,,
1785925611.009,2026-08-05 17:26:51,GUIDED,True,-7.9262264,112.594866,152.28,0.0,0.0,TRACKING_BUOY,,
1785925611.156,2026-08-05 17:26:51,GUIDED,True,-7.9262264,112.594866,152.29,0.0,0.0,TRACKING_BUOY,,
1785925611.297,2026-08-05 17:26:51,GUIDED,True,-7.9262264,112.594866,152.3,0.0,0.0,TRACKING_BUOY,,
1785925611.446,2026-08-05 17:26:51,GUIDED,True,-7.9262264,112.594866,152.32,0.0,0.0,TRACKING_BUOY,,
1785925611.586,2026-08-05 17:26:51,GUIDED,True,-7.9262264,112.594866,152.31,0.0,0.0,TRACKING_BUOY,,
1785925611.741,2026-08-05 17:26:51,GUIDED,True,-7.9262264,112.594866,152.3,0.0,0.0,TRACKING_BUOY,,
1785925611.883,2026-08-05 17:26:51,GUIDED,True,-7.9262264,112.594866,152.32,0.0,0.0,TRACKING_BUOY,,
1785925612.024,2026-08-05 17:26:52,GUIDED,True,-7.9262264,112.594866,152.32,0.0,0.0,TRACKING_BUOY,,
1785925612.177,2026-08-05 17:26:52,GUIDED,True,-7.9262264,112.594866,152.32,0.0,0.0,TRACKING_BUOY,,
1785925612.325,2026-08-05 17:26:52,GUIDED,True,-7.9262264,112.594866,152.32,0.0,0.0,TRACKING_BUOY,,
1785925612.466,2026-08-05 17:26:52,GUIDED,True,-7.9262264,112.594866,152.33,0.0,0.0,TRACKING_BUOY,,
1785925612.613,2026-08-05 17:26:52,GUIDED,True,-7.9262264,112.594866,152.33,0.0,0.0,TRACKING_BUOY,,
1785925612.749,2026-08-05 17:26:52,GUIDED,True,-7.9262264,112.594866,152.34,0.0,0.0,TRACKING_BUOY,95,-225
1785925612.890,2026-08-05 17:26:52,GUIDED,True,-7.9262264,112.594866,152.35,0.0,0.0,TRACKING_BUOY,,
1785925613.029,2026-08-05 17:26:53,GUIDED,True,-7.9262264,112.594866,152.38,0.0,0.0,TRACKING_BUOY,,
1785925613.170,2026-08-05 17:26:53,GUIDED,True,-7.9262264,112.594866,152.4,0.0,0.0,TRACKING_BUOY,,
1785925613.314,2026-08-05 17:26:53,GUIDED,True,-7.9262264,112.594866,152.4,0.0,0.0,TRACKING_BUOY,,
1785925613.450,2026-08-05 17:26:53,GUIDED,True,-7.9262264,112.594866,152.41,0.0,0.0,TRACKING_BUOY,,
1785925613.594,2026-08-05 17:26:53,GUIDED,True,-7.9262264,112.594866,152.4,0.0,0.0,TRACKING_BUOY,,
1785925613.733,2026-08-05 17:26:53,GUIDED,True,-7.9262264,112.594866,152.41,0.0,0.0,TRACKING_BUOY,50,-270
1785925613.875,2026-08-05 17:26:53,GUIDED,True,-7.9262264,112.594866,152.4,0.0,0.0,TRACKING_BUOY,62,-258
1785925614.016,2026-08-05 17:26:54,GUIDED,True,-7.9262264,112.594866,152.4,0.0,0.0,TRACKING_BUOY,73,-247
1785925614.164,2026-08-05 17:26:54,GUIDED,True,-7.9262264,112.594866,152.41,0.0,0.0,TRACKING_BUOY,83,-237
1785925614.312,2026-08-05 17:26:54,GUIDED,True,-7.9262264,112.594866,152.41,0.0,0.0,TRACKING_BUOY,276,-44
1785925614.457,2026-08-05 17:26:54,GUIDED,True,-7.9262264,112.594866,152.42,0.0,0.0,TRACKING_BUOY,272,-48
1785925614.601,2026-08-05 17:26:54,GUIDED,True,-7.9262264,112.594866,152.41,0.0,0.0,TRACKING_BUOY,260,-60
1785925614.747,2026-08-05 17:26:54,GUIDED,True,-7.9262264,112.594866,152.41,0.0,0.0,TRACKING_BUOY,256,-64
1785925614.892,2026-08-05 17:26:54,GUIDED,True,-7.9262264,112.594866,152.43,0.0,0.0,TRACKING_BUOY,254,-66
1785925615.033,2026-08-05 17:26:55,GUIDED,True,-7.9262264,112.594866,152.44,0.0,0.0,TRACKING_BUOY,252,-68
1785925615.178,2026-08-05 17:26:55,GUIDED,True,-7.9262264,112.594866,152.44,0.0,0.0,TRACKING_BUOY,250,-70
1785925615.316,2026-08-05 17:26:55,GUIDED,True,-7.9262264,112.594866,152.44,0.0,0.0,TRACKING_BUOY,247,-73
1785925615.457,2026-08-05 17:26:55,GUIDED,True,-7.9262264,112.594866,152.45,0.0,0.0,TRACKING_BUOY,246,-74
1785925615.596,2026-08-05 17:26:55,GUIDED,True,-7.9262264,112.594866,152.47,0.0,0.0,TRACKING_BUOY,249,-71
1785925615.738,2026-08-05 17:26:55,GUIDED,True,-7.9262264,112.594866,152.47,0.0,0.0,TRACKING_BUOY,251,-69
1785925615.878,2026-08-05 17:26:55,GUIDED,True,-7.9262264,112.594866,152.47,0.0,0.0,TRACKING_BUOY,255,-65
1785925616.027,2026-08-05 17:26:56,GUIDED,True,-7.9262264,112.594866,152.48,0.0,0.0,TRACKING_BUOY,262,-58
1785925616.176,2026-08-05 17:26:56,GUIDED,True,-7.9262264,112.594866,152.48,0.0,0.0,TRACKING_BUOY,273,-47
1785925616.347,2026-08-05 17:26:56,GUIDED,True,-7.9262264,112.594866,152.5,0.0,0.0,TRACKING_BUOY,286,-34
1785925616.535,2026-08-05 17:26:56,GUIDED,True,-7.9262264,112.594866,152.48,0.0,0.0,TRACKING_BUOY,306,-14
1785925616.759,2026-08-05 17:26:56,GUIDED,True,-7.9262264,112.594866,152.49,0.0,0.0,TRACKING_BUOY,325,5
1785925616.922,2026-08-05 17:26:56,GUIDED,True,-7.9262264,112.594866,152.48,0.0,0.0,TRACKING_BUOY,339,19
1785925617.059,2026-08-05 17:26:57,GUIDED,True,-7.9262264,112.594866,152.48,0.0,0.0,TRACKING_BUOY,346,26
1785925617.205,2026-08-05 17:26:57,GUIDED,True,-7.9262264,112.594866,152.48,0.0,0.0,TRACKING_BUOY,349,29
1785925617.346,2026-08-05 17:26:57,GUIDED,True,-7.9262264,112.594866,152.49,0.0,0.0,TRACKING_BUOY,353,33
1785925617.496,2026-08-05 17:26:57,GUIDED,True,-7.9262264,112.594866,152.49,0.0,0.0,TRACKING_BUOY,355,35
1785925617.645,2026-08-05 17:26:57,GUIDED,True,-7.9262264,112.594866,152.49,0.0,0.0,TRACKING_BUOY,354,34
1785925617.784,2026-08-05 17:26:57,GUIDED,True,-7.9262264,112.594866,152.5,0.0,0.0,TRACKING_BUOY,353,33
1785925617.921,2026-08-05 17:26:57,GUIDED,True,-7.9262264,112.594866,152.5,0.0,0.0,TRACKING_BUOY,357,37
1785925618.067,2026-08-05 17:26:58,GUIDED,True,-7.9262264,112.594866,152.51,0.0,0.0,TRACKING_BUOY,360,40
1785925618.216,2026-08-05 17:26:58,GUIDED,True,-7.9262264,112.594866,152.53,0.0,0.0,TRACKING_BUOY,364,44
1785925618.362,2026-08-05 17:26:58,GUIDED,True,-7.9262264,112.594866,152.53,0.0,0.0,TRACKING_BUOY,372,52
1785925618.503,2026-08-05 17:26:58,GUIDED,True,-7.9262264,112.594866,152.54,0.0,0.0,TRACKING_BUOY,379,59
1785925618.664,2026-08-05 17:26:58,GUIDED,True,-7.9262264,112.594866,152.53,0.0,0.0,TRACKING_BUOY,385,65
1785925618.803,2026-08-05 17:26:58,GUIDED,True,-7.9262264,112.594866,152.53,0.0,0.0,TRACKING_BUOY,391,71
1785925618.943,2026-08-05 17:26:58,GUIDED,True,-7.9262264,112.594866,152.54,0.0,0.0,TRACKING_BUOY,396,76
1785925619.102,2026-08-05 17:26:59,GUIDED,True,-7.9262264,112.594866,152.56,0.0,0.0,TRACKING_BUOY,398,78
1785925619.248,2026-08-05 17:26:59,GUIDED,True,-7.9262264,112.594866,152.57,0.0,0.0,TRACKING_BUOY,400,80
1785925619.392,2026-08-05 17:26:59,GUIDED,True,-7.9262264,112.594866,152.59,0.0,0.0,TRACKING_BUOY,403,83
1785925619.540,2026-08-05 17:26:59,GUIDED,True,-7.9262264,112.594866,152.59,0.0,0.0,TRACKING_BUOY,409,89
1785925619.688,2026-08-05 17:26:59,GUIDED,True,-7.9262264,112.594866,152.61,0.0,0.0,TRACKING_BUOY,409,89
1785925619.845,2026-08-05 17:26:59,GUIDED,True,-7.9262264,112.594866,152.61,0.0,0.0,TRACKING_BUOY,409,89
1785925620.012,2026-08-05 17:27:00,GUIDED,True,-7.9262264,112.594866,152.6,0.0,0.0,TRACKING_BUOY,363,43
1785925620.166,2026-08-05 17:27:00,GUIDED,True,-7.9262264,112.594866,152.64,0.0,0.0,TRACKING_BUOY,318,-2
1785925620.326,2026-08-05 17:27:00,GUIDED,True,-7.9262264,112.594866,152.63,0.0,0.0,TRACKING_BUOY,281,-39
1785925620.464,2026-08-05 17:27:00,GUIDED,True,-7.9262264,112.594866,152.64,0.0,0.0,TRACKING_BUOY,237,-83
1785925620.610,2026-08-05 17:27:00,GUIDED,True,-7.9262264,112.594866,152.64,0.0,0.0,TRACKING_BUOY,222,-98
1785925620.752,2026-08-05 17:27:00,GUIDED,True,-7.9262264,112.594866,152.64,0.0,0.0,TRACKING_BUOY,217,-103
1785925620.894,2026-08-05 17:27:00,GUIDED,True,-7.9262264,112.594866,152.64,0.0,0.0,TRACKING_BUOY,216,-104
1785925621.034,2026-08-05 17:27:01,GUIDED,True,-7.9262264,112.594866,152.65,0.0,0.0,TRACKING_BUOY,216,-104
1785925621.176,2026-08-05 17:27:01,GUIDED,True,-7.9262264,112.594866,152.64,0.0,0.0,TRACKING_BUOY,214,-106
1785925621.315,2026-08-05 17:27:01,GUIDED,True,-7.9262264,112.594866,152.65,0.0,0.0,TRACKING_BUOY,214,-106
1785925621.467,2026-08-05 17:27:01,GUIDED,True,-7.9262264,112.594866,152.66,0.0,0.0,TRACKING_BUOY,214,-106
1785925621.610,2026-08-05 17:27:01,GUIDED,True,-7.9262264,112.594866,152.66,0.0,0.0,TRACKING_BUOY,218,-102
1785925621.753,2026-08-05 17:27:01,GUIDED,True,-7.9262264,112.594866,152.67,0.0,0.0,TRACKING_BUOY,234,-86
1785925621.978,2026-08-05 17:27:01,GUIDED,True,-7.9262264,112.594866,152.66,0.0,0.0,TRACKING_BUOY,265,-55
1785925622.117,2026-08-05 17:27:02,GUIDED,True,-7.9262264,112.594866,152.68,0.0,0.0,TRACKING_BUOY,343,23
1785925622.254,2026-08-05 17:27:02,GUIDED,True,-7.9262264,112.594866,152.68,0.0,0.0,TRACKING_BUOY,365,45
1785925622.395,2026-08-05 17:27:02,GUIDED,True,-7.9262264,112.594866,152.68,0.0,0.0,TRACKING_BUOY,377,57
1785925622.534,2026-08-05 17:27:02,GUIDED,True,-7.9262264,112.594866,152.69,0.0,0.0,TRACKING_BUOY,385,65
1785925622.675,2026-08-05 17:27:02,GUIDED,True,-7.9262264,112.594866,152.69,0.0,0.0,TRACKING_BUOY,385,65
1785925622.815,2026-08-05 17:27:02,GUIDED,True,-7.9262264,112.594866,152.7,0.0,0.0,TRACKING_BUOY,386,66
1785925622.959,2026-08-05 17:27:02,GUIDED,True,-7.9262264,112.594866,152.7,0.0,0.0,TRACKING_BUOY,383,63
1785925623.099,2026-08-05 17:27:03,GUIDED,True,-7.9262264,112.594866,152.72,0.0,0.0,TRACKING_BUOY,379,59
1785925623.260,2026-08-05 17:27:03,GUIDED,True,-7.9262264,112.594866,152.74,0.0,0.0,TRACKING_BUOY,375,55
1785925623.396,2026-08-05 17:27:03,GUIDED,True,-7.9262264,112.594866,152.73,0.0,0.0,TRACKING_BUOY,372,52
1785925623.537,2026-08-05 17:27:03,GUIDED,True,-7.9262264,112.594866,152.72,0.0,0.0,TRACKING_BUOY,372,52
1785925623.683,2026-08-05 17:27:03,GUIDED,True,-7.9262264,112.594866,152.73,0.0,0.0,TRACKING_BUOY,372,52
1785925623.826,2026-08-05 17:27:03,GUIDED,True,-7.9262264,112.594866,152.73,0.0,0.0,TRACKING_BUOY,372,52
1785925623.965,2026-08-05 17:27:03,GUIDED,True,-7.9262264,112.594866,152.75,0.0,0.0,TRACKING_BUOY,610,290
1785925624.109,2026-08-05 17:27:04,GUIDED,True,-7.9262264,112.594866,152.75,0.0,0.0,TRACKING_BUOY,608,288
1785925624.248,2026-08-05 17:27:04,GUIDED,True,-7.9262264,112.594866,152.75,0.0,0.0,TRACKING_BUOY,605,285
1785925624.387,2026-08-05 17:27:04,GUIDED,True,-7.9262264,112.594866,152.74,0.0,0.0,TRACKING_BUOY,369,49
1785925624.523,2026-08-05 17:27:04,GUIDED,True,-7.9262264,112.594866,152.74,0.0,0.0,TRACKING_BUOY,376,56
1785925624.665,2026-08-05 17:27:04,GUIDED,True,-7.9262264,112.594866,152.74,0.0,0.0,TRACKING_BUOY,386,66
1785925624.807,2026-08-05 17:27:04,GUIDED,True,-7.9262264,112.594866,152.75,0.0,0.0,TRACKING_BUOY,402,82
1785925624.950,2026-08-05 17:27:04,GUIDED,True,-7.9262264,112.594866,152.74,0.0,0.0,TRACKING_BUOY,417,97
1785925625.087,2026-08-05 17:27:05,GUIDED,True,-7.9262264,112.594866,152.75,0.0,0.0,TRACKING_BUOY,640,320
1785925625.233,2026-08-05 17:27:05,GUIDED,True,-7.9262264,112.594866,152.77,0.0,0.0,TRACKING_BUOY,437,117
1785925625.381,2026-08-05 17:27:05,GUIDED,True,-7.9262264,112.594866,152.8,0.0,0.0,TRACKING_BUOY,439,119
1785925625.518,2026-08-05 17:27:05,GUIDED,True,-7.9262264,112.594866,152.8,0.0,0.0,TRACKING_BUOY,640,320
1785925625.659,2026-08-05 17:27:05,GUIDED,True,-7.9262264,112.594866,152.8,0.0,0.0,TRACKING_BUOY,639,319
1785925625.802,2026-08-05 17:27:05,GUIDED,True,-7.9262264,112.594866,152.8,0.0,0.0,TRACKING_BUOY,377,57
1785925625.947,2026-08-05 17:27:05,GUIDED,True,-7.9262264,112.594866,152.8,0.0,0.0,TRACKING_BUOY,346,26
1785925626.086,2026-08-05 17:27:06,GUIDED,True,-7.9262264,112.594866,152.8,0.0,0.0,TRACKING_BUOY,309,-11
1785925626.233,2026-08-05 17:27:06,GUIDED,True,-7.9262264,112.594866,152.81,0.0,0.0,TRACKING_BUOY,279,-41
1785925626.374,2026-08-05 17:27:06,GUIDED,True,-7.9262264,112.594866,152.81,0.0,0.0,TRACKING_BUOY,257,-63
1785925626.525,2026-08-05 17:27:06,GUIDED,True,-7.9262264,112.594866,152.81,0.0,0.0,TRACKING_BUOY,238,-82
1785925626.670,2026-08-05 17:27:06,GUIDED,True,-7.9262264,112.594866,152.8,0.0,0.0,TRACKING_BUOY,230,-90
1785925626.814,2026-08-05 17:27:06,GUIDED,True,-7.9262264,112.594866,152.79,0.0,0.0,TRACKING_BUOY,225,-95
1785925626.982,2026-08-05 17:27:06,GUIDED,True,-7.9262264,112.594866,152.8,0.0,0.0,TRACKING_BUOY,217,-103
1785925627.121,2026-08-05 17:27:07,GUIDED,True,-7.9262264,112.594866,152.8,0.0,0.0,TRACKING_BUOY,0,-320
1785925627.263,2026-08-05 17:27:07,GUIDED,True,-7.9262264,112.594866,152.82,0.0,0.0,TRACKING_BUOY,187,-133
1785925627.403,2026-08-05 17:27:07,GUIDED,True,-7.9262264,112.594866,152.81,0.0,0.0,TRACKING_BUOY,174,-146
1785925627.546,2026-08-05 17:27:07,GUIDED,True,-7.9262264,112.594866,152.8,0.0,0.0,TRACKING_BUOY,164,-156
1785925627.696,2026-08-05 17:27:07,GUIDED,True,-7.9262264,112.594866,152.81,0.0,0.0,TRACKING_BUOY,158,-162
1785925627.837,2026-08-05 17:27:07,GUIDED,True,-7.9262264,112.594866,152.83,0.0,0.0,TRACKING_BUOY,158,-162
1785925627.975,2026-08-05 17:27:07,GUIDED,True,-7.9262264,112.594866,152.85,0.0,0.0,TRACKING_BUOY,173,-147
1785925628.113,2026-08-05 17:27:08,GUIDED,True,-7.9262264,112.594866,152.86,0.0,0.0,TRACKING_BUOY,192,-128
1785925628.252,2026-08-05 17:27:08,GUIDED,True,-7.9262264,112.594866,152.88,0.0,0.0,TRACKING_BUOY,221,-99
1785925628.393,2026-08-05 17:27:08,GUIDED,True,-7.9262264,112.594866,152.9,0.0,0.0,TRACKING_BUOY,249,-71
1785925628.531,2026-08-05 17:27:08,GUIDED,True,-7.9262264,112.594866,152.89,0.0,0.0,TRACKING_BUOY,277,-43
1785925628.687,2026-08-05 17:27:08,GUIDED,True,-7.9262264,112.594866,152.91,0.0,0.0,TRACKING_BUOY,305,-15
1785925628.831,2026-08-05 17:27:08,GUIDED,True,-7.9262264,112.594866,152.92,0.0,0.0,TRACKING_BUOY,332,12
1785925628.968,2026-08-05 17:27:08,GUIDED,True,-7.9262264,112.594866,152.92,0.0,0.0,TRACKING_BUOY,356,36
1785925629.128,2026-08-05 17:27:09,GUIDED,True,-7.9262264,112.594866,152.92,0.0,0.0,TRACKING_BUOY,379,59
1785925629.270,2026-08-05 17:27:09,GUIDED,True,-7.9262264,112.594866,152.92,0.0,0.0,TRACKING_BUOY,393,73
1785925629.408,2026-08-05 17:27:09,GUIDED,True,-7.9262264,112.594866,152.93,0.0,0.0,TRACKING_BUOY,407,87
1785925629.546,2026-08-05 17:27:09,GUIDED,True,-7.9262264,112.594866,152.93,0.0,0.0,TRACKING_BUOY,640,320
1785925629.697,2026-08-05 17:27:09,GUIDED,True,-7.9262264,112.594866,152.95,0.0,0.0,TRACKING_BUOY,432,112
1785925629.835,2026-08-05 17:27:09,GUIDED,True,-7.9262264,112.594866,152.95,0.0,0.0,TRACKING_BUOY,440,120
1785925629.976,2026-08-05 17:27:09,GUIDED,True,-7.9262264,112.594866,152.96,0.0,0.0,TRACKING_BUOY,452,132
1785925630.116,2026-08-05 17:27:10,GUIDED,True,-7.9262264,112.594866,152.95,0.0,0.0,TRACKING_BUOY,462,142
1785925630.252,2026-08-05 17:27:10,GUIDED,True,-7.9262264,112.594866,152.97,0.0,0.0,TRACKING_BUOY,470,150
1785925630.390,2026-08-05 17:27:10,GUIDED,True,-7.9262264,112.594866,152.98,0.0,0.0,TRACKING_BUOY,471,151
1785925630.535,2026-08-05 17:27:10,GUIDED,True,-7.9262264,112.594866,152.98,0.0,0.0,TRACKING_BUOY,640,320
1785925630.681,2026-08-05 17:27:10,GUIDED,True,-7.9262264,112.594866,152.96,0.0,0.0,TRACKING_BUOY,453,133
1785925630.827,2026-08-05 17:27:10,GUIDED,True,-7.9262264,112.594866,152.97,0.0,0.0,TRACKING_BUOY,433,113
1785925630.969,2026-08-05 17:27:10,GUIDED,True,-7.9262264,112.594866,152.98,0.0,0.0,TRACKING_BUOY,397,77
1785925631.107,2026-08-05 17:27:11,GUIDED,True,-7.9262264,112.594866,152.97,0.0,0.0,TRACKING_BUOY,346,26
1785925631.252,2026-08-05 17:27:11,GUIDED,True,-7.9262264,112.594866,152.98,0.0,0.0,TRACKING_BUOY,310,-10
1785925631.389,2026-08-05 17:27:11,GUIDED,True,-7.9262264,112.594866,152.98,0.0,0.0,TRACKING_BUOY,279,-41
1785925631.543,2026-08-05 17:27:11,GUIDED,True,-7.9262264,112.594866,152.98,0.0,0.0,TRACKING_BUOY,256,-64
1785925631.699,2026-08-05 17:27:11,GUIDED,True,-7.9262264,112.594866,152.98,0.0,0.0,TRACKING_BUOY,236,-84
1785925631.848,2026-08-05 17:27:11,GUIDED,True,-7.9262264,112.594866,152.97,0.0,0.0,TRACKING_BUOY,218,-102
1785925631.990,2026-08-05 17:27:11,GUIDED,True,-7.9262264,112.594866,152.99,0.0,0.0,TRACKING_BUOY,100,-220
1785925632.177,2026-08-05 17:27:12,GUIDED,True,-7.9262264,112.594866,152.99,0.0,0.0,TRACKING_BUOY,90,-230
1785925632.334,2026-08-05 17:27:12,GUIDED,True,-7.9262264,112.594866,152.99,0.0,0.0,TRACKING_BUOY,183,-137
1785925632.473,2026-08-05 17:27:12,GUIDED,True,-7.9262264,112.594866,153.0,0.0,0.0,TRACKING_BUOY,174,-146
1785925632.617,2026-08-05 17:27:12,GUIDED,True,-7.9262264,112.594866,153.01,0.0,0.0,TRACKING_BUOY,165,-155
1785925632.762,2026-08-05 17:27:12,GUIDED,True,-7.9262264,112.594866,153.02,0.0,0.0,TRACKING_BUOY,158,-162
1785925632.902,2026-08-05 17:27:12,GUIDED,True,-7.9262264,112.594866,153.03,0.0,0.0,TRACKING_BUOY,153,-167
1785925633.039,2026-08-05 17:27:13,GUIDED,True,-7.9262264,112.594866,153.02,0.0,0.0,TRACKING_BUOY,149,-171
1785925633.182,2026-08-05 17:27:13,GUIDED,True,-7.9262264,112.594866,153.02,0.0,0.0,TRACKING_BUOY,148,-172
1785925633.319,2026-08-05 17:27:13,GUIDED,True,-7.9262264,112.594866,153.02,0.0,0.0,TRACKING_BUOY,145,-175
1785925633.462,2026-08-05 17:27:13,GUIDED,True,-7.9262264,112.594866,153.04,0.0,0.0,TRACKING_BUOY,143,-177
1785925633.609,2026-08-05 17:27:13,GUIDED,True,-7.9262264,112.594866,153.05,0.0,0.0,TRACKING_BUOY,142,-178
1785925633.753,2026-08-05 17:27:13,GUIDED,True,-7.9262264,112.594866,153.05,0.0,0.0,TRACKING_BUOY,141,-179
1785925633.899,2026-08-05 17:27:13,GUIDED,True,-7.9262264,112.594866,153.04,0.0,0.0,TRACKING_BUOY,143,-177
1785925634.048,2026-08-05 17:27:14,GUIDED,True,-7.9262264,112.594866,153.02,0.0,0.0,TRACKING_BUOY,148,-172
1785925634.189,2026-08-05 17:27:14,GUIDED,True,-7.9262264,112.594866,153.04,0.0,0.0,TRACKING_BUOY,152,-168
1785925634.325,2026-08-05 17:27:14,GUIDED,True,-7.9262264,112.594866,153.04,0.0,0.0,TRACKING_BUOY,154,-166
1785925634.472,2026-08-05 17:27:14,GUIDED,True,-7.9262264,112.594866,153.04,0.0,0.0,TRACKING_BUOY,157,-163
1785925634.615,2026-08-05 17:27:14,GUIDED,True,-7.9262264,112.594866,153.04,0.0,0.0,TRACKING_BUOY,157,-163
1785925634.765,2026-08-05 17:27:14,GUIDED,True,-7.9262264,112.594866,153.04,0.0,0.0,TRACKING_BUOY,157,-163
1785925634.905,2026-08-05 17:27:14,GUIDED,True,-7.9262264,112.594866,153.05,0.0,0.0,TRACKING_BUOY,155,-165
1785925635.043,2026-08-05 17:27:15,GUIDED,True,-7.9262264,112.594866,153.05,0.0,0.0,TRACKING_BUOY,154,-166
1785925635.185,2026-08-05 17:27:15,GUIDED,True,-7.9262264,112.594866,153.06,0.0,0.0,TRACKING_BUOY,153,-167
1785925635.327,2026-08-05 17:27:15,GUIDED,True,-7.9262264,112.594866,153.06,0.0,0.0,TRACKING_BUOY,153,-167
1785925635.474,2026-08-05 17:27:15,GUIDED,True,-7.9262264,112.594866,153.09,0.0,0.0,TRACKING_BUOY,153,-167
1785925635.641,2026-08-05 17:27:15,GUIDED,True,-7.9262264,112.594866,153.1,0.0,0.0,TRACKING_BUOY,156,-164
1785925635.780,2026-08-05 17:27:15,GUIDED,True,-7.9262264,112.594866,153.08,0.0,0.0,TRACKING_BUOY,164,-156
1785925635.920,2026-08-05 17:27:15,GUIDED,True,-7.9262264,112.594866,153.09,0.0,0.0,TRACKING_BUOY,175,-145
1785925636.066,2026-08-05 17:27:16,GUIDED,True,-7.9262264,112.594866,153.09,0.0,0.0,TRACKING_BUOY,189,-131
1785925636.210,2026-08-05 17:27:16,GUIDED,True,-7.9262264,112.594866,153.08,0.0,0.0,TRACKING_BUOY,209,-111
1785925636.352,2026-08-05 17:27:16,GUIDED,True,-7.9262264,112.594866,153.09,0.0,0.0,TRACKING_BUOY,237,-83
1785925636.506,2026-08-05 17:27:16,GUIDED,True,-7.9262264,112.594866,153.09,0.0,0.0,TRACKING_BUOY,264,-56
1785925636.645,2026-08-05 17:27:16,GUIDED,True,-7.9262264,112.594866,153.11,0.0,0.0,TRACKING_BUOY,304,-16
1785925636.784,2026-08-05 17:27:16,GUIDED,True,-7.9262264,112.594866,153.1,0.0,0.0,TRACKING_BUOY,326,6
1785925636.927,2026-08-05 17:27:16,GUIDED,True,-7.9262264,112.594866,153.12,0.0,0.0,TRACKING_BUOY,341,21
1785925637.073,2026-08-05 17:27:17,GUIDED,True,-7.9262264,112.594866,153.1,0.0,0.0,TRACKING_BUOY,356,36
1785925637.268,2026-08-05 17:27:17,GUIDED,True,-7.9262264,112.594866,153.11,0.0,0.0,TRACKING_BUOY,365,45
1785925637.417,2026-08-05 17:27:17,GUIDED,True,-7.9262264,112.594866,153.11,0.0,0.0,TRACKING_BUOY,361,41
1785925637.556,2026-08-05 17:27:17,GUIDED,True,-7.9262264,112.594866,153.1,0.0,0.0,TRACKING_BUOY,337,17
1785925637.698,2026-08-05 17:27:17,GUIDED,True,-7.9262264,112.594866,153.1,0.0,0.0,TRACKING_BUOY,303,-17
1785925637.840,2026-08-05 17:27:17,GUIDED,True,-7.9262264,112.594866,153.12,0.0,0.0,TRACKING_BUOY,255,-65
1785925637.983,2026-08-05 17:27:17,GUIDED,True,-7.9262264,112.594866,153.12,0.0,0.0,TRACKING_BUOY,223,-97
1785925638.127,2026-08-05 17:27:18,GUIDED,True,-7.9262264,112.594866,153.11,0.0,0.0,TRACKING_BUOY,200,-120
1785925638.267,2026-08-05 17:27:18,GUIDED,True,-7.9262264,112.594866,153.12,0.0,0.0,TRACKING_BUOY,187,-133
1785925638.412,2026-08-05 17:27:18,GUIDED,True,-7.9262264,112.594866,153.12,0.0,0.0,TRACKING_BUOY,180,-140
1785925638.555,2026-08-05 17:27:18,GUIDED,True,-7.9262264,112.594866,153.12,0.0,0.0,TRACKING_BUOY,180,-140
1785925638.697,2026-08-05 17:27:18,GUIDED,True,-7.9262264,112.594866,153.13,0.0,0.0,TRACKING_BUOY,186,-134
1785925638.848,2026-08-05 17:27:18,GUIDED,True,-7.9262264,112.594866,153.12,0.0,0.0,TRACKING_BUOY,202,-118
1785925638.986,2026-08-05 17:27:18,GUIDED,True,-7.9262264,112.594866,153.13,0.0,0.0,TRACKING_BUOY,219,-101
1785925639.134,2026-08-05 17:27:19,GUIDED,True,-7.9262264,112.594866,153.14,0.0,0.0,TRACKING_BUOY,240,-80
1785925639.271,2026-08-05 17:27:19,GUIDED,True,-7.9262264,112.594866,153.14,0.0,0.0,TRACKING_BUOY,259,-61
1785925639.412,2026-08-05 17:27:19,GUIDED,True,-7.9262264,112.594866,153.14,0.0,0.0,TRACKING_BUOY,276,-44
1785925639.554,2026-08-05 17:27:19,GUIDED,True,-7.9262264,112.594866,153.14,0.0,0.0,TRACKING_BUOY,291,-29
1785925639.693,2026-08-05 17:27:19,GUIDED,True,-7.9262264,112.594866,153.13,0.0,0.0,TRACKING_BUOY,304,-16
1785925639.831,2026-08-05 17:27:19,GUIDED,True,-7.9262264,112.594866,153.13,0.0,0.0,TRACKING_BUOY,317,-3
1785925639.972,2026-08-05 17:27:19,GUIDED,True,-7.9262264,112.594866,153.14,0.0,0.0,TRACKING_BUOY,324,4
1785925640.121,2026-08-05 17:27:20,GUIDED,True,-7.9262264,112.594866,153.13,0.0,0.0,TRACKING_BUOY,328,8
1785925640.260,2026-08-05 17:27:20,GUIDED,True,-7.9262264,112.594866,153.15,0.0,0.0,TRACKING_BUOY,329,9
1785925640.406,2026-08-05 17:27:20,GUIDED,True,-7.9262264,112.594866,153.15,0.0,0.0,TRACKING_BUOY,325,5
1785925640.549,2026-08-05 17:27:20,GUIDED,True,-7.9262264,112.594866,153.16,0.0,0.0,TRACKING_BUOY,316,-4
1785925640.697,2026-08-05 17:27:20,GUIDED,True,-7.9262264,112.594866,153.16,0.0,0.0,TRACKING_BUOY,300,-20
1785925640.842,2026-08-05 17:27:20,GUIDED,True,-7.9262264,112.594866,153.16,0.0,0.0,TRACKING_BUOY,270,-50
1785925640.983,2026-08-05 17:27:20,GUIDED,True,-7.9262264,112.594866,153.14,0.0,0.0,TRACKING_BUOY,253,-67
1785925641.128,2026-08-05 17:27:21,GUIDED,True,-7.9262264,112.594866,153.14,0.0,0.0,TRACKING_BUOY,239,-81
1785925641.270,2026-08-05 17:27:21,GUIDED,True,-7.9262264,112.594866,153.13,0.0,0.0,TRACKING_BUOY,6,-314
1785925641.413,2026-08-05 17:27:21,GUIDED,True,-7.9262264,112.594866,153.13,0.0,0.0,TRACKING_BUOY,0,-320
1785925641.553,2026-08-05 17:27:21,GUIDED,True,-7.9262264,112.594866,153.14,0.0,0.0,TRACKING_BUOY,217,-103
1785925641.700,2026-08-05 17:27:21,GUIDED,True,-7.9262264,112.594866,153.15,0.0,0.0,TRACKING_BUOY,215,-105
1785925641.836,2026-08-05 17:27:21,GUIDED,True,-7.9262264,112.594866,153.15,0.0,0.0,TRACKING_BUOY,216,-104
1785925641.978,2026-08-05 17:27:21,GUIDED,True,-7.9262264,112.594866,153.14,0.0,0.0,TRACKING_BUOY,216,-104
1785925642.127,2026-08-05 17:27:22,GUIDED,True,-7.9262264,112.594866,153.15,0.0,0.0,TRACKING_BUOY,216,-104
1785925642.300,2026-08-05 17:27:22,GUIDED,True,-7.9262264,112.594866,153.16,0.0,0.0,TRACKING_BUOY,217,-103
1785925642.445,2026-08-05 17:27:22,GUIDED,True,-7.9262264,112.594866,153.16,0.0,0.0,TRACKING_BUOY,216,-104
1785925642.585,2026-08-05 17:27:22,GUIDED,True,-7.9262264,112.594866,153.15,0.0,0.0,TRACKING_BUOY,214,-106
1785925642.734,2026-08-05 17:27:22,GUIDED,True,-7.9262264,112.594866,153.16,0.0,0.0,TRACKING_BUOY,212,-108
1785925642.882,2026-08-05 17:27:22,GUIDED,True,-7.9262264,112.594866,153.17,0.0,0.0,TRACKING_BUOY,211,-109
1785925643.029,2026-08-05 17:27:23,GUIDED,True,-7.9262264,112.594866,153.16,0.0,0.0,TRACKING_BUOY,210,-110
1785925643.182,2026-08-05 17:27:23,GUIDED,True,-7.9262264,112.594866,153.18,0.0,0.0,TRACKING_BUOY,95,-225
1785925643.335,2026-08-05 17:27:23,GUIDED,True,-7.9262264,112.594866,153.19,0.0,0.0,TRACKING_BUOY,96,-224
1785925643.480,2026-08-05 17:27:23,GUIDED,True,-7.9262264,112.594866,153.18,0.0,0.0,TRACKING_BUOY,,
1785925643.630,2026-08-05 17:27:23,GUIDED,True,-7.9262264,112.594866,153.18,0.0,0.0,TRACKING_BUOY,,
1785925643.781,2026-08-05 17:27:23,GUIDED,True,-7.9262264,112.594866,153.17,0.0,0.0,TRACKING_BUOY,,
1785925643.919,2026-08-05 17:27:23,GUIDED,True,-7.9262264,112.594866,153.18,0.0,0.0,TRACKING_BUOY,,
1785925644.067,2026-08-05 17:27:24,GUIDED,True,-7.9262264,112.594866,153.17,0.0,0.0,TRACKING_BUOY,,
1785925644.212,2026-08-05 17:27:24,GUIDED,True,-7.9262264,112.594866,153.16,0.0,0.0,TRACKING_BUOY,,
1785925644.353,2026-08-05 17:27:24,GUIDED,True,-7.9262264,112.594866,153.14,0.0,0.0,TRACKING_BUOY,,
1785925644.536,2026-08-05 17:27:24,GUIDED,False,-7.9262264,112.594866,153.13,0.0,0.0,TRACKING_BUOY,,
1785925644.698,2026-08-05 17:27:24,GUIDED,False,-7.9262264,112.594866,153.11,0.0,0.0,TRACKING_BUOY,,
1785925644.842,2026-08-05 17:27:24,GUIDED,False,-7.9262264,112.594866,153.11,0.0,0.0,TRACKING_BUOY,,
1785925644.981,2026-08-05 17:27:24,GUIDED,False,-7.9262264,112.594866,153.11,0.0,0.0,TRACKING_BUOY,,
1785925645.137,2026-08-05 17:27:25,GUIDED,False,-7.9262264,112.594866,153.12,0.0,0.0,TRACKING_BUOY,,
1785925645.311,2026-08-05 17:27:25,GUIDED,False,-7.9262264,112.594866,153.14,0.0,0.0,TRACKING_BUOY,,
1785925645.474,2026-08-05 17:27:25,GUIDED,False,-7.9262264,112.594866,153.13,0.0,0.0,TRACKING_BUOY,82,-238
1785925645.657,2026-08-05 17:27:25,GUIDED,False,-7.9262264,112.594866,153.13,0.0,0.0,TRACKING_BUOY,83,-237
1785925645.811,2026-08-05 17:27:25,GUIDED,False,-7.9262264,112.594866,153.13,0.0,0.0,TRACKING_BUOY,86,-234
1785925645.950,2026-08-05 17:27:25,GUIDED,False,-7.9262264,112.594866,153.13,0.0,0.0,TRACKING_BUOY,92,-228
1785925646.094,2026-08-05 17:27:26,GUIDED,False,-7.9262264,112.594866,153.14,0.0,0.0,TRACKING_BUOY,,
1785925646.236,2026-08-05 17:27:26,GUIDED,False,-7.9262264,112.594866,153.13,0.0,0.0,TRACKING_BUOY,,
1785925646.371,2026-08-05 17:27:26,GUIDED,False,-7.9262264,112.594866,153.12,0.0,0.0,TRACKING_BUOY,,
1785925646.518,2026-08-05 17:27:26,GUIDED,False,-7.9262264,112.594866,153.14,0.0,0.0,TRACKING_BUOY,,
1785925646.657,2026-08-05 17:27:26,GUIDED,False,-7.9262264,112.594866,153.13,0.0,0.0,TRACKING_BUOY,,
1785925646.803,2026-08-05 17:27:26,GUIDED,False,-7.9262264,112.594866,153.13,0.0,0.0,TRACKING_BUOY,,
1785925646.944,2026-08-05 17:27:26,GUIDED,False,-7.9262264,112.594866,153.14,0.0,0.0,TRACKING_BUOY,,
1785925647.086,2026-08-05 17:27:27,GUIDED,False,-7.9262264,112.594866,153.12,0.0,0.0,TRACKING_BUOY,,
1785925647.233,2026-08-05 17:27:27,GUIDED,False,-7.9262264,112.594866,153.12,0.0,0.0,TRACKING_BUOY,,
1785925647.402,2026-08-05 17:27:27,GUIDED,False,-7.9262264,112.594866,153.11,0.0,0.0,TRACKING_BUOY,,
1785925647.541,2026-08-05 17:27:27,GUIDED,False,-7.9262264,112.594866,153.12,0.0,0.0,TRACKING_BUOY,,
1785925647.686,2026-08-05 17:27:27,GUIDED,False,-7.9262264,112.594866,153.1,0.0,0.0,TRACKING_BUOY,,
1785925647.832,2026-08-05 17:27:27,GUIDED,False,-7.9262264,112.594866,153.1,0.0,0.0,TRACKING_BUOY,,
1785925647.972,2026-08-05 17:27:27,GUIDED,False,-7.9262264,112.594866,153.1,0.0,0.0,TRACKING_BUOY,,
1785925648.111,2026-08-05 17:27:28,GUIDED,False,-7.9262264,112.594866,153.09,0.0,0.0,TRACKING_BUOY,,
1785925648.261,2026-08-05 17:27:28,GUIDED,False,-7.9262264,112.594866,153.08,0.0,0.0,TRACKING_BUOY,,
1785925648.400,2026-08-05 17:27:28,GUIDED,False,-7.9262264,112.594866,153.09,0.0,0.0,TRACKING_BUOY,,
1785925648.541,2026-08-05 17:27:28,GUIDED,False,-7.9262264,112.594866,153.08,0.0,0.0,TRACKING_BUOY,,
1785925648.684,2026-08-05 17:27:28,GUIDED,False,-7.9262264,112.594866,153.09,0.0,0.0,TRACKING_BUOY,,
1785925648.975,2026-08-05 17:27:28,GUIDED,False,-7.9262264,112.594866,153.07,0.0,0.0,TRACKING_BUOY,,
1785925649.401,2026-08-05 17:27:29,GUIDED,False,-7.9262264,112.594866,153.06,0.0,0.0,TRACKING_BUOY,,
1785925649.623,2026-08-05 17:27:29,GUIDED,False,-7.9262264,112.594866,153.05,0.0,0.0,TRACKING_BUOY,,
1785925649.905,2026-08-05 17:27:29,GUIDED,False,-7.9262264,112.594866,153.04,0.0,0.0,TRACKING_BUOY,,
1785925650.058,2026-08-05 17:27:30,GUIDED,False,-7.9262264,112.594866,153.03,0.0,0.0,TRACKING_BUOY,,
1785925650.196,2026-08-05 17:27:30,GUIDED,False,-7.9262264,112.594866,153.03,0.0,0.0,TRACKING_BUOY,,
1785925650.332,2026-08-05 17:27:30,GUIDED,False,-7.9262264,112.594866,153.03,0.0,0.0,TRACKING_BUOY,,
1785925650.467,2026-08-05 17:27:30,GUIDED,False,-7.9262264,112.594866,153.03,0.0,0.0,TRACKING_BUOY,,
1785925650.597,2026-08-05 17:27:30,GUIDED,False,-7.9262264,112.594866,153.04,0.0,0.0,TRACKING_BUOY,,
1785925650.728,2026-08-05 17:27:30,GUIDED,False,-7.9262264,112.594866,153.05,0.0,0.0,TRACKING_BUOY,,
1785925650.862,2026-08-05 17:27:30,GUIDED,False,-7.9262264,112.594866,153.04,0.0,0.0,TRACKING_BUOY,,
1785925650.992,2026-08-05 17:27:30,GUIDED,False,-7.9262264,112.594866,153.04,0.0,0.0,TRACKING_BUOY,,
1785925651.125,2026-08-05 17:27:31,GUIDED,False,-7.9262264,112.594866,153.02,0.0,0.0,TRACKING_BUOY,,
1785925651.257,2026-08-05 17:27:31,GUIDED,False,-7.9262264,112.594866,153.03,0.0,0.0,TRACKING_BUOY,,
1785925651.388,2026-08-05 17:27:31,GUIDED,False,-7.9262264,112.594866,153.03,0.0,0.0,TRACKING_BUOY,,
1785925651.527,2026-08-05 17:27:31,GUIDED,False,-7.9262264,112.594866,153.01,0.0,0.0,TRACKING_BUOY,,
1785925651.658,2026-08-05 17:27:31,GUIDED,False,-7.9262264,112.594866,153.0,0.0,0.0,TRACKING_BUOY,,
1785925651.791,2026-08-05 17:27:31,GUIDED,False,-7.9262264,112.594866,153.0,0.0,0.0,TRACKING_BUOY,,
1785925651.924,2026-08-05 17:27:31,GUIDED,False,-7.9262264,112.594866,153.0,0.0,0.0,TRACKING_BUOY,,
1785925652.054,2026-08-05 17:27:32,GUIDED,False,-7.9262264,112.594866,153.0,0.0,0.0,TRACKING_BUOY,,
1785925652.192,2026-08-05 17:27:32,GUIDED,False,-7.9262264,112.594866,153.0,0.0,0.0,TRACKING_BUOY,,
1785925652.326,2026-08-05 17:27:32,GUIDED,False,-7.9262264,112.594866,152.99,0.0,0.0,TRACKING_BUOY,,
1785925652.468,2026-08-05 17:27:32,GUIDED,False,-7.9262264,112.594866,152.99,0.0,0.0,TRACKING_BUOY,,
1785925652.600,2026-08-05 17:27:32,GUIDED,False,-7.9262264,112.594866,152.98,0.0,0.0,TRACKING_BUOY,,
1785925652.731,2026-08-05 17:27:32,GUIDED,False,-7.9262264,112.594866,152.98,0.0,0.0,TRACKING_BUOY,,
1785925652.864,2026-08-05 17:27:32,GUIDED,False,-7.9262264,112.594866,152.98,0.0,0.0,TRACKING_BUOY,,
1785925652.995,2026-08-05 17:27:32,GUIDED,False,-7.9262264,112.594866,152.98,0.0,0.0,TRACKING_BUOY,,
1785925653.127,2026-08-05 17:27:33,GUIDED,False,-7.9262264,112.594866,152.98,0.0,0.0,TRACKING_BUOY,,
1785925653.256,2026-08-05 17:27:33,GUIDED,False,-7.9262264,112.594866,152.98,0.0,0.0,TRACKING_BUOY,,
1785925653.386,2026-08-05 17:27:33,GUIDED,False,-7.9262264,112.594866,152.96,0.0,0.0,TRACKING_BUOY,,
1785925653.519,2026-08-05 17:27:33,GUIDED,False,-7.9262264,112.594866,152.96,0.0,0.0,TRACKING_BUOY,,
1785925653.650,2026-08-05 17:27:33,GUIDED,False,-7.9262264,112.594866,152.96,0.0,0.0,TRACKING_BUOY,,
1785925653.783,2026-08-05 17:27:33,GUIDED,False,-7.9262264,112.594866,152.97,0.0,0.0,TRACKING_BUOY,,
1785925653.914,2026-08-05 17:27:33,GUIDED,False,-7.9262264,112.594866,152.96,0.0,0.0,TRACKING_BUOY,,
1785925654.046,2026-08-05 17:27:34,GUIDED,False,-7.9262264,112.594866,152.95,0.0,0.0,TRACKING_BUOY,,
1785925654.179,2026-08-05 17:27:34,GUIDED,False,-7.9262264,112.594866,152.95,0.0,0.0,TRACKING_BUOY,,
1785925654.312,2026-08-05 17:27:34,GUIDED,False,-7.9262264,112.594866,152.95,0.0,0.0,TRACKING_BUOY,,
1785925654.446,2026-08-05 17:27:34,GUIDED,False,-7.9262264,112.594866,152.93,0.0,0.0,TRACKING_BUOY,,
1785925654.579,2026-08-05 17:27:34,GUIDED,False,-7.9262264,112.594866,152.92,0.0,0.0,TRACKING_BUOY,,
1785925654.712,2026-08-05 17:27:34,GUIDED,False,-7.9262264,112.594866,152.92,0.0,0.0,TRACKING_BUOY,,
1785925654.844,2026-08-05 17:27:34,GUIDED,False,-7.9262264,112.594866,152.91,0.0,0.0,TRACKING_BUOY,,
1785925654.976,2026-08-05 17:27:34,GUIDED,False,-7.9262264,112.594866,152.9,0.0,0.0,TRACKING_BUOY,,
1785925655.124,2026-08-05 17:27:35,GUIDED,False,-7.9262264,112.594866,152.89,0.0,0.0,TRACKING_BUOY,,
1785925655.254,2026-08-05 17:27:35,GUIDED,False,-7.9262264,112.594866,152.91,0.0,0.0,TRACKING_BUOY,,
1785925655.384,2026-08-05 17:27:35,GUIDED,False,-7.9262264,112.594866,152.9,0.0,0.0,TRACKING_BUOY,,
1785925655.518,2026-08-05 17:27:35,GUIDED,False,-7.9262264,112.594866,152.91,0.0,0.0,TRACKING_BUOY,,
1785925655.649,2026-08-05 17:27:35,GUIDED,False,-7.9262264,112.594866,152.89,0.0,0.0,TRACKING_BUOY,,
1785925655.784,2026-08-05 17:27:35,GUIDED,False,-7.9262264,112.594866,152.89,0.0,0.0,TRACKING_BUOY,,
1785925655.919,2026-08-05 17:27:35,GUIDED,False,-7.9262264,112.594866,152.89,0.0,0.0,TRACKING_BUOY,,
1785925656.053,2026-08-05 17:27:36,GUIDED,False,-7.9262264,112.594866,152.89,0.0,0.0,TRACKING_BUOY,,
1785925656.184,2026-08-05 17:27:36,GUIDED,False,-7.9262264,112.594866,152.89,0.0,0.0,TRACKING_BUOY,,
1785925656.315,2026-08-05 17:27:36,GUIDED,False,-7.9262264,112.594866,152.89,0.0,0.0,TRACKING_BUOY,,
1785925656.450,2026-08-05 17:27:36,GUIDED,False,-7.9262264,112.594866,152.88,0.0,0.0,TRACKING_BUOY,,
1785925656.586,2026-08-05 17:27:36,GUIDED,False,-7.9262264,112.594866,152.87,0.0,0.0,TRACKING_BUOY,,
1785925656.717,2026-08-05 17:27:36,GUIDED,False,-7.9262264,112.594866,152.87,0.0,0.0,TRACKING_BUOY,,
1785925656.846,2026-08-05 17:27:36,GUIDED,False,-7.9262264,112.594866,152.87,0.0,0.0,TRACKING_BUOY,,
1785925656.976,2026-08-05 17:27:36,GUIDED,False,-7.9262264,112.594866,152.9,0.0,0.0,TRACKING_BUOY,,
1785925657.115,2026-08-05 17:27:37,GUIDED,False,-7.9262264,112.594866,152.91,0.0,0.0,TRACKING_BUOY,,
1785925657.240,2026-08-05 17:27:37,GUIDED,False,-7.9262264,112.594866,152.92,0.0,0.0,TRACKING_BUOY,,
1785925657.374,2026-08-05 17:27:37,GUIDED,False,-7.9262264,112.594866,152.93,0.0,0.0,TRACKING_BUOY,,
1785925657.518,2026-08-05 17:27:37,GUIDED,False,-7.9262264,112.594866,152.93,0.0,0.0,TRACKING_BUOY,,
1785925657.648,2026-08-05 17:27:37,GUIDED,False,-7.9262264,112.594866,152.93,0.0,0.0,TRACKING_BUOY,99,-221
1785925657.786,2026-08-05 17:27:37,GUIDED,False,-7.9262264,112.594866,152.89,0.0,0.0,TRACKING_BUOY,,
1785925657.918,2026-08-05 17:27:37,GUIDED,False,-7.9262264,112.594866,152.9,0.0,0.0,TRACKING_BUOY,,
1785925658.048,2026-08-05 17:27:38,GUIDED,False,-7.9262264,112.594866,152.89,0.0,0.0,TRACKING_BUOY,,
1785925658.184,2026-08-05 17:27:38,GUIDED,False,-7.9262264,112.594866,152.89,0.0,0.0,TRACKING_BUOY,,
1785925658.314,2026-08-05 17:27:38,GUIDED,False,-7.9262264,112.594866,152.89,0.0,0.0,TRACKING_BUOY,,
1785925658.450,2026-08-05 17:27:38,GUIDED,False,-7.9262264,112.594866,152.88,0.0,0.0,TRACKING_BUOY,99,-221
1785925658.579,2026-08-05 17:27:38,GUIDED,False,-7.9262264,112.594866,152.88,0.0,0.0,TRACKING_BUOY,99,-221
1785925658.711,2026-08-05 17:27:38,GUIDED,False,-7.9262264,112.594866,152.89,0.0,0.0,TRACKING_BUOY,99,-221
1785925658.852,2026-08-05 17:27:38,GUIDED,False,-7.9262264,112.594866,152.89,0.0,0.0,TRACKING_BUOY,,
1785925658.984,2026-08-05 17:27:38,GUIDED,False,-7.9262264,112.594866,152.88,0.0,0.0,TRACKING_BUOY,,
1785925659.115,2026-08-05 17:27:39,GUIDED,False,-7.9262264,112.594866,152.86,0.0,0.0,TRACKING_BUOY,,
1785925659.251,2026-08-05 17:27:39,GUIDED,False,-7.9262264,112.594866,152.87,0.0,0.0,TRACKING_BUOY,,
1785925659.381,2026-08-05 17:27:39,GUIDED,False,-7.9262264,112.594866,152.87,0.0,0.0,TRACKING_BUOY,,
1785925659.515,2026-08-05 17:27:39,GUIDED,False,-7.9262264,112.594866,152.86,0.0,0.0,TRACKING_BUOY,,
1785925659.651,2026-08-05 17:27:39,GUIDED,False,-7.9262264,112.594866,152.85,0.0,0.0,TRACKING_BUOY,,
1785925659.785,2026-08-05 17:27:39,GUIDED,False,-7.9262264,112.594866,152.84,0.0,0.0,TRACKING_BUOY,,
1785925659.916,2026-08-05 17:27:39,GUIDED,False,-7.9262264,112.594866,152.85,0.0,0.0,TRACKING_BUOY,,
1785925660.048,2026-08-05 17:27:40,GUIDED,False,-7.9262264,112.594866,152.84,0.0,0.0,TRACKING_BUOY,,
1785925660.197,2026-08-05 17:27:40,GUIDED,False,-7.9262264,112.594866,152.83,0.0,0.0,TRACKING_BUOY,,
1785925660.330,2026-08-05 17:27:40,GUIDED,False,-7.9262264,112.594866,152.83,0.0,0.0,TRACKING_BUOY,,
1785925660.460,2026-08-05 17:27:40,GUIDED,False,-7.9262264,112.594866,152.82,0.0,0.0,TRACKING_BUOY,,
1785925660.598,2026-08-05 17:27:40,GUIDED,False,-7.9262264,112.594866,152.81,0.0,0.0,TRACKING_BUOY,,
1785925660.735,2026-08-05 17:27:40,GUIDED,False,-7.9262264,112.594866,152.82,0.0,0.0,TRACKING_BUOY,,
1785925660.866,2026-08-05 17:27:40,GUIDED,False,-7.9262264,112.594866,152.82,0.0,0.0,TRACKING_BUOY,,
1785925660.996,2026-08-05 17:27:40,GUIDED,False,-7.9262264,112.594866,152.81,0.0,0.0,TRACKING_BUOY,,
1785925661.127,2026-08-05 17:27:41,GUIDED,False,-7.9262264,112.594866,152.79,0.0,0.0,TRACKING_BUOY,,
1785925661.257,2026-08-05 17:27:41,GUIDED,False,-7.9262264,112.594866,152.79,0.0,0.0,TRACKING_BUOY,,
1785925661.392,2026-08-05 17:27:41,GUIDED,False,-7.9262264,112.594866,152.78,0.0,0.0,TRACKING_BUOY,,
1785925661.531,2026-08-05 17:27:41,GUIDED,False,-7.9262264,112.594866,152.78,0.0,0.0,TRACKING_BUOY,,
1785925661.662,2026-08-05 17:27:41,GUIDED,False,-7.9262264,112.594866,152.79,0.0,0.0,TRACKING_BUOY,,
1785925661.794,2026-08-05 17:27:41,GUIDED,False,-7.9262264,112.594866,152.79,0.0,0.0,TRACKING_BUOY,,
1785925661.924,2026-08-05 17:27:41,GUIDED,False,-7.9262264,112.594866,152.78,0.0,0.0,TRACKING_BUOY,,
1785925662.059,2026-08-05 17:27:42,GUIDED,False,-7.9262264,112.594866,152.76,0.0,0.0,TRACKING_BUOY,,
1785925662.401,2026-08-05 17:27:42,GUIDED,False,-7.9262264,112.594866,152.76,0.0,0.0,TRACKING_BUOY,,
1785925662.551,2026-08-05 17:27:42,GUIDED,False,-7.9262264,112.594866,152.77,0.0,0.0,TRACKING_BUOY,,
1785925662.683,2026-08-05 17:27:42,GUIDED,False,-7.9262264,112.594866,152.77,0.0,0.0,TRACKING_BUOY,,
1785925662.811,2026-08-05 17:27:42,GUIDED,False,-7.9262264,112.594866,152.76,0.0,0.0,TRACKING_BUOY,,
1785925662.940,2026-08-05 17:27:42,GUIDED,False,-7.9262264,112.594866,152.78,0.0,0.0,TRACKING_BUOY,101,-219
1785925663.071,2026-08-05 17:27:43,GUIDED,False,-7.9262264,112.594866,152.79,0.0,0.0,TRACKING_BUOY,,
1785925663.204,2026-08-05 17:27:43,GUIDED,False,-7.9262264,112.594866,152.78,0.0,0.0,TRACKING_BUOY,,
1785925663.335,2026-08-05 17:27:43,GUIDED,False,-7.9262264,112.594866,152.78,0.0,0.0,TRACKING_BUOY,,
1785925663.461,2026-08-05 17:27:43,GUIDED,False,-7.9262264,112.594866,152.77,0.0,0.0,TRACKING_BUOY,,
1785925663.596,2026-08-05 17:27:43,GUIDED,False,-7.9262264,112.594866,152.78,0.0,0.0,TRACKING_BUOY,,
1785925663.728,2026-08-05 17:27:43,GUIDED,False,-7.9262264,112.594866,152.77,0.0,0.0,TRACKING_BUOY,,
1785925663.860,2026-08-05 17:27:43,GUIDED,False,-7.9262264,112.594866,152.76,0.0,0.0,TRACKING_BUOY,,
1785925663.991,2026-08-05 17:27:43,GUIDED,False,-7.9262264,112.594866,152.76,0.0,0.0,TRACKING_BUOY,,
1785925664.122,2026-08-05 17:27:44,GUIDED,False,-7.9262264,112.594866,152.75,0.0,0.0,TRACKING_BUOY,,
1785925664.254,2026-08-05 17:27:44,GUIDED,False,-7.9262264,112.594866,152.74,0.0,0.0,TRACKING_BUOY,,
1785925664.385,2026-08-05 17:27:44,GUIDED,False,-7.9262264,112.594866,152.74,0.0,0.0,TRACKING_BUOY,,
1785925664.518,2026-08-05 17:27:44,GUIDED,False,-7.9262264,112.594866,152.76,0.0,0.0,TRACKING_BUOY,99,-221
1785925664.651,2026-08-05 17:27:44,GUIDED,False,-7.9262264,112.594866,152.74,0.0,0.0,TRACKING_BUOY,98,-222
1785925664.783,2026-08-05 17:27:44,GUIDED,False,-7.9262264,112.594866,152.73,0.0,0.0,TRACKING_BUOY,98,-222
1785925664.914,2026-08-05 17:27:44,GUIDED,False,-7.9262264,112.594866,152.73,0.0,0.0,TRACKING_BUOY,99,-221
1785925665.045,2026-08-05 17:27:45,GUIDED,False,-7.9262264,112.594866,152.73,0.0,0.0,TRACKING_BUOY,99,-221
1785925665.177,2026-08-05 17:27:45,GUIDED,False,-7.9262264,112.594866,152.74,0.0,0.0,TRACKING_BUOY,,
1785925665.309,2026-08-05 17:27:45,GUIDED,False,-7.9262264,112.594866,152.75,0.0,0.0,TRACKING_BUOY,,
1785925665.442,2026-08-05 17:27:45,GUIDED,False,-7.9262264,112.594866,152.75,0.0,0.0,TRACKING_BUOY,99,-221
1785925665.573,2026-08-05 17:27:45,GUIDED,False,-7.9262264,112.594866,152.76,0.0,0.0,TRACKING_BUOY,99,-221
1785925665.705,2026-08-05 17:27:45,GUIDED,False,-7.9262264,112.594866,152.75,0.0,0.0,TRACKING_BUOY,99,-221
1785925665.836,2026-08-05 17:27:45,GUIDED,False,-7.9262264,112.594866,152.74,0.0,0.0,TRACKING_BUOY,99,-221
1785925665.968,2026-08-05 17:27:45,GUIDED,False,-7.9262264,112.594866,152.76,0.0,0.0,TRACKING_BUOY,99,-221
1785925666.098,2026-08-05 17:27:46,GUIDED,False,-7.9262264,112.594866,152.75,0.0,0.0,TRACKING_BUOY,,
1785925666.231,2026-08-05 17:27:46,GUIDED,False,-7.9262264,112.594866,152.76,0.0,0.0,TRACKING_BUOY,,
1785925666.363,2026-08-05 17:27:46,GUIDED,False,-7.9262264,112.594866,152.73,0.0,0.0,TRACKING_BUOY,,
1785925666.502,2026-08-05 17:27:46,GUIDED,False,-7.9262264,112.594866,152.74,0.0,0.0,TRACKING_BUOY,,
1785925666.637,2026-08-05 17:27:46,GUIDED,False,-7.9262264,112.594866,152.74,0.0,0.0,TRACKING_BUOY,99,-221
1785925666.771,2026-08-05 17:27:46,GUIDED,False,-7.9262264,112.594866,152.75,0.0,0.0,TRACKING_BUOY,,
1785925666.902,2026-08-05 17:27:46,GUIDED,False,-7.9262264,112.594866,152.74,0.0,0.0,TRACKING_BUOY,100,-220
1785925667.040,2026-08-05 17:27:47,GUIDED,False,-7.9262264,112.594866,152.75,0.0,0.0,TRACKING_BUOY,99,-221
1785925667.179,2026-08-05 17:27:47,GUIDED,False,-7.9262264,112.594866,152.74,0.0,0.0,TRACKING_BUOY,100,-220
1785925667.311,2026-08-05 17:27:47,GUIDED,False,-7.9262264,112.594866,152.73,0.0,0.0,TRACKING_BUOY,99,-221
1785925667.445,2026-08-05 17:27:47,GUIDED,False,-7.9262264,112.594866,152.75,0.0,0.0,TRACKING_BUOY,99,-221
1785925667.575,2026-08-05 17:27:47,GUIDED,False,-7.9262264,112.594866,152.76,0.0,0.0,TRACKING_BUOY,99,-221
1785925667.710,2026-08-05 17:27:47,GUIDED,False,-7.9262264,112.594866,152.77,0.0,0.0,TRACKING_BUOY,99,-221
1785925667.842,2026-08-05 17:27:47,GUIDED,False,-7.9262264,112.594866,152.77,0.0,0.0,TRACKING_BUOY,,
1785925667.974,2026-08-05 17:27:47,GUIDED,False,-7.9262264,112.594866,152.77,0.0,0.0,TRACKING_BUOY,100,-220
1785925668.106,2026-08-05 17:27:48,GUIDED,False,-7.9262264,112.594866,152.77,0.0,0.0,TRACKING_BUOY,,
1785925668.239,2026-08-05 17:27:48,GUIDED,False,-7.9262264,112.594866,152.77,0.0,0.0,TRACKING_BUOY,,
1785925668.368,2026-08-05 17:27:48,GUIDED,False,-7.9262264,112.594866,152.77,0.0,0.0,TRACKING_BUOY,98,-222
1785925668.505,2026-08-05 17:27:48,GUIDED,False,-7.9262264,112.594866,152.77,0.0,0.0,TRACKING_BUOY,99,-221
1785925668.643,2026-08-05 17:27:48,GUIDED,False,-7.9262264,112.594866,152.76,0.0,0.0,TRACKING_BUOY,98,-222
1785925668.773,2026-08-05 17:27:48,GUIDED,False,-7.9262264,112.594866,152.75,0.0,0.0,TRACKING_BUOY,98,-222
1785925668.921,2026-08-05 17:27:48,GUIDED,False,-7.9262264,112.594866,152.76,0.0,0.0,TRACKING_BUOY,98,-222
1785925669.051,2026-08-05 17:27:49,GUIDED,False,-7.9262264,112.594866,152.74,0.0,0.0,TRACKING_BUOY,97,-223
1785925669.184,2026-08-05 17:27:49,GUIDED,False,-7.9262264,112.594866,152.72,0.0,0.0,TRACKING_BUOY,97,-223
1785925669.328,2026-08-05 17:27:49,GUIDED,False,-7.9262264,112.594866,152.71,0.0,0.0,TRACKING_BUOY,96,-224
1785925669.457,2026-08-05 17:27:49,GUIDED,False,-7.9262264,112.594866,152.69,0.0,0.0,TRACKING_BUOY,96,-224
1785925669.591,2026-08-05 17:27:49,GUIDED,False,-7.9262264,112.594866,152.69,0.0,0.0,TRACKING_BUOY,96,-224
1785925669.718,2026-08-05 17:27:49,GUIDED,False,-7.9262264,112.594866,152.68,0.0,0.0,TRACKING_BUOY,95,-225
1785925669.849,2026-08-05 17:27:49,GUIDED,False,-7.9262264,112.594866,152.68,0.0,0.0,TRACKING_BUOY,95,-225
1785925669.982,2026-08-05 17:27:49,GUIDED,False,-7.9262264,112.594866,152.68,0.0,0.0,TRACKING_BUOY,97,-223
1785925670.115,2026-08-05 17:27:50,GUIDED,False,-7.9262264,112.594866,152.67,0.0,0.0,TRACKING_BUOY,98,-222
1785925670.259,2026-08-05 17:27:50,GUIDED,False,-7.9262264,112.594866,152.65,0.0,0.0,TRACKING_BUOY,98,-222
1785925670.390,2026-08-05 17:27:50,GUIDED,False,-7.9262264,112.594866,152.66,0.0,0.0,TRACKING_BUOY,98,-222
1785925670.521,2026-08-05 17:27:50,GUIDED,False,-7.9262264,112.594866,152.66,0.0,0.0,TRACKING_BUOY,98,-222
1785925670.654,2026-08-05 17:27:50,GUIDED,False,-7.9262264,112.594866,152.65,0.0,0.0,TRACKING_BUOY,97,-223
1785925670.781,2026-08-05 17:27:50,GUIDED,False,-7.9262264,112.594866,152.65,0.0,0.0,TRACKING_BUOY,97,-223
1785925670.915,2026-08-05 17:27:50,GUIDED,False,-7.9262264,112.594866,152.64,0.0,0.0,TRACKING_BUOY,97,-223
1785925671.046,2026-08-05 17:27:51,GUIDED,False,-7.9262264,112.594866,152.62,0.0,0.0,TRACKING_BUOY,97,-223
1785925671.180,2026-08-05 17:27:51,GUIDED,False,-7.9262264,112.594866,152.63,0.0,0.0,TRACKING_BUOY,98,-222
1785925671.311,2026-08-05 17:27:51,GUIDED,False,-7.9262264,112.594866,152.65,0.0,0.0,TRACKING_BUOY,98,-222
1785925671.447,2026-08-05 17:27:51,GUIDED,False,-7.9262264,112.594866,152.64,0.0,0.0,TRACKING_BUOY,98,-222
1785925671.583,2026-08-05 17:27:51,GUIDED,False,-7.9262264,112.594866,152.63,0.0,0.0,TRACKING_BUOY,97,-223
1785925671.713,2026-08-05 17:27:51,GUIDED,False,-7.9262264,112.594866,152.62,0.0,0.0,TRACKING_BUOY,98,-222
1785925671.844,2026-08-05 17:27:51,GUIDED,False,-7.9262264,112.594866,152.63,0.0,0.0,TRACKING_BUOY,98,-222
1785925671.977,2026-08-05 17:27:51,GUIDED,False,-7.9262264,112.594866,152.61,0.0,0.0,TRACKING_BUOY,99,-221
1785925672.109,2026-08-05 17:27:52,GUIDED,False,-7.9262264,112.594866,152.6,0.0,0.0,TRACKING_BUOY,99,-221
1785925672.237,2026-08-05 17:27:52,GUIDED,False,-7.9262264,112.594866,152.6,0.0,0.0,TRACKING_BUOY,99,-221
1785925672.367,2026-08-05 17:27:52,GUIDED,False,-7.9262264,112.594866,152.59,0.0,0.0,TRACKING_BUOY,100,-220
1785925672.500,2026-08-05 17:27:52,GUIDED,False,-7.9262264,112.594866,152.57,0.0,0.0,TRACKING_BUOY,100,-220
1785925672.632,2026-08-05 17:27:52,GUIDED,False,-7.9262264,112.594866,152.58,0.0,0.0,TRACKING_BUOY,100,-220
1785925672.780,2026-08-05 17:27:52,GUIDED,False,-7.9262264,112.594866,152.59,0.0,0.0,TRACKING_BUOY,,
1785925672.908,2026-08-05 17:27:52,GUIDED,False,-7.9262264,112.594866,152.6,0.0,0.0,TRACKING_BUOY,,
1785925673.039,2026-08-05 17:27:53,GUIDED,False,-7.9262264,112.594866,152.6,0.0,0.0,TRACKING_BUOY,100,-220
1785925673.172,2026-08-05 17:27:53,GUIDED,False,-7.9262264,112.594866,152.58,0.0,0.0,TRACKING_BUOY,100,-220
1785925673.304,2026-08-05 17:27:53,GUIDED,False,-7.9262264,112.594866,152.58,0.0,0.0,TRACKING_BUOY,,
1785925673.432,2026-08-05 17:27:53,GUIDED,False,-7.9262264,112.594866,152.56,0.0,0.0,TRACKING_BUOY,,
1785925673.563,2026-08-05 17:27:53,GUIDED,False,-7.9262264,112.594866,152.55,0.0,0.0,TRACKING_BUOY,,
1785925673.696,2026-08-05 17:27:53,GUIDED,False,-7.9262264,112.594866,152.55,0.0,0.0,TRACKING_BUOY,,
1785925673.830,2026-08-05 17:27:53,GUIDED,False,-7.9262264,112.594866,152.54,0.0,0.0,TRACKING_BUOY,,
1785925673.963,2026-08-05 17:27:53,GUIDED,False,-7.9262264,112.594866,152.55,0.0,0.0,TRACKING_BUOY,,
1785925674.128,2026-08-05 17:27:54,GUIDED,False,-7.9262264,112.594866,152.55,0.0,0.0,TRACKING_BUOY,,
1785925674.258,2026-08-05 17:27:54,GUIDED,False,-7.9262264,112.594866,152.55,0.0,0.0,TRACKING_BUOY,,
1785925674.396,2026-08-05 17:27:54,GUIDED,False,-7.9262264,112.594866,152.55,0.0,0.0,TRACKING_BUOY,,
1785925674.575,2026-08-05 17:27:54,GUIDED,False,-7.9262264,112.594866,152.55,0.0,0.0,TRACKING_BUOY,,
1785925674.713,2026-08-05 17:27:54,GUIDED,False,-7.9262264,112.594866,152.56,0.0,0.0,TRACKING_BUOY,,
1785925674.852,2026-08-05 17:27:54,GUIDED,False,-7.9262264,112.594866,152.55,0.0,0.0,TRACKING_BUOY,,
1785925674.991,2026-08-05 17:27:54,GUIDED,False,-7.9262264,112.594866,152.54,0.0,0.0,TRACKING_BUOY,,
1785925675.122,2026-08-05 17:27:55,GUIDED,False,-7.9262264,112.594866,152.53,0.0,0.0,TRACKING_BUOY,,
1785925675.256,2026-08-05 17:27:55,GUIDED,False,-7.9262264,112.594866,152.53,0.0,0.0,TRACKING_BUOY,,
1785925675.393,2026-08-05 17:27:55,GUIDED,False,-7.9262264,112.594866,152.53,0.0,0.0,TRACKING_BUOY,,
1785925675.531,2026-08-05 17:27:55,GUIDED,False,-7.9262264,112.594866,152.55,0.0,0.0,TRACKING_BUOY,,
1785925675.672,2026-08-05 17:27:55,GUIDED,False,-7.9262264,112.594866,152.52,0.0,0.0,TRACKING_BUOY,,
1785925675.811,2026-08-05 17:27:55,GUIDED,False,-7.9262264,112.594866,152.52,0.0,0.0,TRACKING_BUOY,,
1785925675.946,2026-08-05 17:27:55,GUIDED,False,-7.9262264,112.594866,152.52,0.0,0.0,TRACKING_BUOY,,
1785925676.083,2026-08-05 17:27:56,GUIDED,False,-7.9262264,112.594866,152.51,0.0,0.0,TRACKING_BUOY,,
1785925676.237,2026-08-05 17:27:56,GUIDED,False,-7.9262264,112.594866,152.51,0.0,0.0,TRACKING_BUOY,,
1785925676.373,2026-08-05 17:27:56,GUIDED,False,-7.9262264,112.594866,152.52,0.0,0.0,TRACKING_BUOY,,
1785925676.532,2026-08-05 17:27:56,GUIDED,True,-7.9262264,112.594866,152.51,0.0,0.0,TRACKING_BUOY,,
1785925676.689,2026-08-05 17:27:56,GUIDED,True,-7.9262264,112.594866,152.47,0.0,0.0,TRACKING_BUOY,,
1785925676.838,2026-08-05 17:27:56,GUIDED,True,-7.9262264,112.594866,152.48,0.0,0.0,TRACKING_BUOY,,
1785925676.979,2026-08-05 17:27:56,GUIDED,True,-7.9262264,112.594866,152.47,0.0,0.0,TRACKING_BUOY,,
1785925677.118,2026-08-05 17:27:57,GUIDED,True,-7.9262264,112.594866,152.48,0.0,0.0,TRACKING_BUOY,,
1785925677.252,2026-08-05 17:27:57,GUIDED,True,-7.9262264,112.594866,152.49,0.0,0.0,TRACKING_BUOY,,
1785925677.389,2026-08-05 17:27:57,GUIDED,True,-7.9262264,112.594866,152.48,0.0,0.0,TRACKING_BUOY,,
1785925677.528,2026-08-05 17:27:57,GUIDED,True,-7.9262264,112.594866,152.48,0.0,0.0,TRACKING_BUOY,,
1785925677.669,2026-08-05 17:27:57,GUIDED,True,-7.9262264,112.594866,152.49,0.0,0.0,TRACKING_BUOY,,
1785925677.816,2026-08-05 17:27:57,GUIDED,True,-7.9262264,112.594866,152.48,0.0,0.0,TRACKING_BUOY,,
1785925677.954,2026-08-05 17:27:57,GUIDED,True,-7.9262264,112.594866,152.48,0.0,0.0,TRACKING_BUOY,,
1785925678.092,2026-08-05 17:27:58,GUIDED,True,-7.9262264,112.594866,152.47,0.0,0.0,TRACKING_BUOY,,
1785925678.239,2026-08-05 17:27:58,GUIDED,True,-7.9262264,112.594866,152.46,0.0,0.0,TRACKING_BUOY,,
1785925678.379,2026-08-05 17:27:58,GUIDED,True,-7.9262264,112.594866,152.45,0.0,0.0,TRACKING_BUOY,,
1785925678.517,2026-08-05 17:27:58,GUIDED,True,-7.9262264,112.594866,152.46,0.0,0.0,TRACKING_BUOY,,
1785925678.659,2026-08-05 17:27:58,GUIDED,True,-7.9262264,112.594866,152.45,0.0,0.0,TRACKING_BUOY,0,-320
1785925678.798,2026-08-05 17:27:58,GUIDED,True,-7.9262264,112.594866,152.47,0.0,0.0,TRACKING_BUOY,0,-320
1785925678.950,2026-08-05 17:27:58,GUIDED,True,-7.9262264,112.594866,152.46,0.0,0.0,TRACKING_BUOY,99,-221
1785925679.096,2026-08-05 17:27:59,GUIDED,True,-7.9262264,112.594866,152.47,0.0,0.0,TRACKING_BUOY,0,-320
1785925679.235,2026-08-05 17:27:59,GUIDED,True,-7.9262264,112.594866,152.47,0.0,0.0,TRACKING_BUOY,110,-210
1785925679.390,2026-08-05 17:27:59,GUIDED,True,-7.9262264,112.594866,152.47,0.0,0.0,TRACKING_BUOY,0,-320
1785925679.531,2026-08-05 17:27:59,GUIDED,True,-7.9262264,112.594866,152.48,0.0,0.0,TRACKING_BUOY,0,-320
1785925679.672,2026-08-05 17:27:59,GUIDED,True,-7.9262264,112.594866,152.48,0.0,0.0,TRACKING_BUOY,0,-320
1785925679.831,2026-08-05 17:27:59,GUIDED,True,-7.9262264,112.594866,152.49,0.0,0.0,TRACKING_BUOY,0,-320
1785925679.972,2026-08-05 17:27:59,GUIDED,True,-7.9262264,112.594866,152.5,0.0,0.0,TRACKING_BUOY,0,-320
1785925680.120,2026-08-05 17:28:00,GUIDED,True,-7.9262264,112.594866,152.49,0.0,0.0,TRACKING_BUOY,117,-203
1785925680.275,2026-08-05 17:28:00,GUIDED,True,-7.9262264,112.594866,152.49,0.0,0.0,TRACKING_BUOY,121,-199
1785925680.413,2026-08-05 17:28:00,GUIDED,True,-7.9262264,112.594866,152.5,0.0,0.0,TRACKING_BUOY,0,-320
1785925680.554,2026-08-05 17:28:00,GUIDED,True,-7.9262264,112.594866,152.5,0.0,0.0,TRACKING_BUOY,240,-80
1785925680.704,2026-08-05 17:28:00,GUIDED,True,-7.9262264,112.594866,152.48,0.0,0.0,TRACKING_BUOY,,
1785925680.871,2026-08-05 17:28:00,GUIDED,True,-7.9262264,112.594866,152.47,0.0,0.0,TRACKING_BUOY,,
1785925681.042,2026-08-05 17:28:01,GUIDED,True,-7.9262264,112.594866,152.45,0.0,0.0,TRACKING_BUOY,,
1785925681.204,2026-08-05 17:28:01,GUIDED,True,-7.9262264,112.594866,152.44,0.0,0.0,TRACKING_BUOY,,
1785925681.381,2026-08-05 17:28:01,GUIDED,True,-7.9262264,112.594866,152.45,0.0,0.0,TRACKING_BUOY,,
1785925681.526,2026-08-05 17:28:01,GUIDED,True,-7.9262264,112.594866,152.45,0.0,0.0,TRACKING_BUOY,,
1785925681.666,2026-08-05 17:28:01,GUIDED,True,-7.9262264,112.594866,152.44,0.0,0.0,TRACKING_BUOY,321,1
1785925681.812,2026-08-05 17:28:01,GUIDED,True,-7.9262264,112.594866,152.44,0.0,0.0,TRACKING_BUOY,267,-53
1785925681.948,2026-08-05 17:28:01,GUIDED,True,-7.9262264,112.594866,152.45,0.0,0.0,TRACKING_BUOY,257,-63
1785925682.086,2026-08-05 17:28:02,GUIDED,True,-7.9262264,112.594866,152.46,0.0,0.0,TRACKING_BUOY,340,20
1785925682.240,2026-08-05 17:28:02,GUIDED,True,-7.9262264,112.594866,152.47,0.0,0.0,TRACKING_BUOY,337,17
1785925682.380,2026-08-05 17:28:02,GUIDED,True,-7.9262264,112.594866,152.46,0.0,0.0,TRACKING_BUOY,290,-30
1785925682.517,2026-08-05 17:28:02,GUIDED,True,-7.9262264,112.594866,152.46,0.0,0.0,TRACKING_BUOY,378,58
1785925682.653,2026-08-05 17:28:02,GUIDED,True,-7.9262264,112.594866,152.47,0.0,0.0,TRACKING_BUOY,315,-5
1785925682.788,2026-08-05 17:28:02,GUIDED,True,-7.9262264,112.594866,152.49,0.0,0.0,TRACKING_BUOY,362,42
1785925682.953,2026-08-05 17:28:02,GUIDED,True,-7.9262264,112.594866,152.48,0.0,0.0,TRACKING_BUOY,207,-113
1785925683.100,2026-08-05 17:28:03,GUIDED,True,-7.9262264,112.594866,152.49,0.0,0.0,TRACKING_BUOY,208,-112
1785925683.253,2026-08-05 17:28:03,GUIDED,True,-7.9262264,112.594866,152.48,0.0,0.0,TRACKING_BUOY,211,-109
1785925683.391,2026-08-05 17:28:03,GUIDED,True,-7.9262264,112.594866,152.49,0.0,0.0,TRACKING_BUOY,273,-47
1785925683.531,2026-08-05 17:28:03,GUIDED,True,-7.9262264,112.594866,152.5,0.0,0.0,TRACKING_BUOY,218,-102
1785925683.671,2026-08-05 17:28:03,GUIDED,True,-7.9262264,112.594866,152.5,0.0,0.0,TRACKING_BUOY,216,-104
1785925683.819,2026-08-05 17:28:03,GUIDED,True,-7.9262264,112.594866,152.51,0.0,0.0,TRACKING_BUOY,273,-47
1785925683.957,2026-08-05 17:28:03,GUIDED,True,-7.9262264,112.594866,152.51,0.0,0.0,TRACKING_BUOY,278,-42
1785925684.098,2026-08-05 17:28:04,GUIDED,True,-7.9262264,112.594866,152.49,0.0,0.0,TRACKING_BUOY,281,-39
1785925684.238,2026-08-05 17:28:04,GUIDED,True,-7.9262264,112.594866,152.5,0.0,0.0,TRACKING_BUOY,282,-38
1785925684.376,2026-08-05 17:28:04,GUIDED,True,-7.9262264,112.594866,152.5,0.0,0.0,TRACKING_BUOY,284,-36
1785925684.518,2026-08-05 17:28:04,GUIDED,True,-7.9262264,112.594866,152.51,0.0,0.0,TRACKING_BUOY,288,-32
1785925684.681,2026-08-05 17:28:04,GUIDED,True,-7.9262264,112.594866,152.49,0.0,0.0,TRACKING_BUOY,291,-29
1785925684.827,2026-08-05 17:28:04,GUIDED,True,-7.9262264,112.594866,152.5,0.0,0.0,TRACKING_BUOY,294,-26
1785925684.963,2026-08-05 17:28:04,GUIDED,True,-7.9262264,112.594866,152.52,0.0,0.0,TRACKING_BUOY,295,-25
1785925685.107,2026-08-05 17:28:05,GUIDED,True,-7.9262264,112.594866,152.51,0.0,0.0,TRACKING_BUOY,299,-21
1785925685.243,2026-08-05 17:28:05,GUIDED,True,-7.9262264,112.594866,152.51,0.0,0.0,TRACKING_BUOY,304,-16
1785925685.380,2026-08-05 17:28:05,GUIDED,True,-7.9262264,112.594866,152.51,0.0,0.0,TRACKING_BUOY,310,-10
1785925685.518,2026-08-05 17:28:05,GUIDED,True,-7.9262264,112.594866,152.52,0.0,0.0,TRACKING_BUOY,316,-4
1785925685.656,2026-08-05 17:28:05,GUIDED,True,-7.9262264,112.594866,152.52,0.0,0.0,TRACKING_BUOY,283,-37
1785925685.797,2026-08-05 17:28:05,GUIDED,True,-7.9262264,112.594866,152.52,0.0,0.0,TRACKING_BUOY,289,-31
1785925685.935,2026-08-05 17:28:05,GUIDED,True,-7.9262264,112.594866,152.53,0.0,0.0,TRACKING_BUOY,299,-21
1785925686.076,2026-08-05 17:28:06,GUIDED,True,-7.9262264,112.594866,152.52,0.0,0.0,TRACKING_BUOY,307,-13
1785925686.215,2026-08-05 17:28:06,GUIDED,True,-7.9262264,112.594866,152.52,0.0,0.0,TRACKING_BUOY,315,-5
1785925686.354,2026-08-05 17:28:06,GUIDED,True,-7.9262264,112.594866,152.52,0.0,0.0,TRACKING_BUOY,320,0
1785925686.504,2026-08-05 17:28:06,GUIDED,True,-7.9262264,112.594866,152.51,0.0,0.0,TRACKING_BUOY,325,5
1785925686.647,2026-08-05 17:28:06,GUIDED,True,-7.9262264,112.594866,152.51,0.0,0.0,TRACKING_BUOY,331,11
1785925686.788,2026-08-05 17:28:06,GUIDED,True,-7.9262264,112.594866,152.51,0.0,0.0,TRACKING_BUOY,331,11
1785925686.936,2026-08-05 17:28:06,GUIDED,True,-7.9262264,112.594866,152.49,0.0,0.0,TRACKING_BUOY,332,12
1785925687.072,2026-08-05 17:28:07,GUIDED,True,-7.9262264,112.594866,152.48,0.0,0.0,TRACKING_BUOY,330,10
1785925687.228,2026-08-05 17:28:07,GUIDED,True,-7.9262264,112.594866,152.49,0.0,0.0,TRACKING_BUOY,330,10
1785925687.365,2026-08-05 17:28:07,GUIDED,True,-7.9262264,112.594866,152.5,0.0,0.0,TRACKING_BUOY,322,2
1785925687.508,2026-08-05 17:28:07,GUIDED,True,-7.9262264,112.594866,152.5,0.0,0.0,TRACKING_BUOY,311,-9
1785925687.651,2026-08-05 17:28:07,GUIDED,True,-7.9262264,112.594866,152.51,0.0,0.0,TRACKING_BUOY,292,-28
1785925687.797,2026-08-05 17:28:07,GUIDED,True,-7.9262264,112.594866,152.51,0.0,0.0,TRACKING_BUOY,285,-35
1785925687.936,2026-08-05 17:28:07,GUIDED,True,-7.9262264,112.594866,152.53,0.0,0.0,TRACKING_BUOY,278,-42
1785925688.086,2026-08-05 17:28:08,GUIDED,True,-7.9262264,112.594866,152.53,0.0,0.0,TRACKING_BUOY,274,-46
1785925688.236,2026-08-05 17:28:08,GUIDED,True,-7.9262264,112.594866,152.54,0.0,0.0,FINISH,272,-48
1785925688.385,2026-08-05 17:28:08,GUIDED,True,-7.9262264,112.594866,152.55,0.0,0.0,IDLE,255,-65
1785925688.524,2026-08-05 17:28:08,GUIDED,True,-7.9262264,112.594866,152.55,0.0,0.0,IDLE,236,-84
1785925688.669,2026-08-05 17:28:08,GUIDED,True,-7.9262264,112.594866,152.56,0.0,0.0,IDLE,210,-110
1785925688.820,2026-08-05 17:28:08,GUIDED,True,-7.9262264,112.594866,152.55,0.0,0.0,IDLE,185,-135
1785925688.963,2026-08-05 17:28:08,GUIDED,True,-7.9262264,112.594866,152.56,0.0,0.0,IDLE,165,-155
1785925689.135,2026-08-05 17:28:09,GUIDED,True,-7.9262264,112.594866,152.57,0.0,0.0,IDLE,152,-168
1785925689.274,2026-08-05 17:28:09,GUIDED,True,-7.9262264,112.594866,152.55,0.0,0.0,IDLE,137,-183
1785925689.424,2026-08-05 17:28:09,GUIDED,True,-7.9262264,112.594866,152.54,0.0,0.0,IDLE,126,-194
1785925689.562,2026-08-05 17:28:09,GUIDED,True,-7.9262264,112.594866,152.55,0.0,0.0,IDLE,118,-202
1785925689.702,2026-08-05 17:28:09,GUIDED,True,-7.9262264,112.594866,152.55,0.0,0.0,IDLE,114,-206
1785925689.839,2026-08-05 17:28:09,GUIDED,True,-7.9262264,112.594866,152.54,0.0,0.0,IDLE,99,-221
1785925689.975,2026-08-05 17:28:09,GUIDED,True,-7.9262264,112.594866,152.54,0.0,0.0,IDLE,98,-222
1785925690.110,2026-08-05 17:28:10,GUIDED,True,-7.9262264,112.594866,152.55,0.0,0.0,IDLE,111,-209
1785925690.248,2026-08-05 17:28:10,GUIDED,True,-7.9262264,112.594866,152.54,0.0,0.0,IDLE,131,-189
1785925690.393,2026-08-05 17:28:10,GUIDED,True,-7.9262264,112.594866,152.56,0.0,0.0,IDLE,152,-168
1785925690.536,2026-08-05 17:28:10,GUIDED,True,-7.9262264,112.594866,152.57,0.0,0.0,IDLE,,
1785925690.675,2026-08-05 17:28:10,GUIDED,True,-7.9262264,112.594866,152.56,0.0,0.0,IDLE,214,-106
1785925690.818,2026-08-05 17:28:10,GUIDED,True,-7.9262264,112.594866,152.55,0.0,0.0,IDLE,234,-86
1785925690.958,2026-08-05 17:28:10,GUIDED,True,-7.9262264,112.594866,152.55,0.0,0.0,IDLE,253,-67
1785925691.093,2026-08-05 17:28:11,GUIDED,True,-7.9262264,112.594866,152.56,0.0,0.0,IDLE,266,-54
1785925691.233,2026-08-05 17:28:11,GUIDED,True,-7.9262264,112.594866,152.55,0.0,0.0,IDLE,274,-46
1785925691.367,2026-08-05 17:28:11,GUIDED,True,-7.9262264,112.594866,152.53,0.0,0.0,IDLE,280,-40
1785925691.517,2026-08-05 17:28:11,GUIDED,True,-7.9262264,112.594866,152.53,0.0,0.0,IDLE,289,-31
1785925691.656,2026-08-05 17:28:11,GUIDED,True,-7.9262264,112.594866,152.55,0.0,0.0,IDLE,306,-14
1785925691.798,2026-08-05 17:28:11,GUIDED,True,-7.9262264,112.594866,152.53,0.0,0.0,IDLE,312,-8
1785925691.938,2026-08-05 17:28:11,GUIDED,True,-7.9262264,112.594866,152.55,0.0,0.0,IDLE,316,-4
1785925692.081,2026-08-05 17:28:12,GUIDED,True,-7.9262264,112.594866,152.54,0.0,0.0,IDLE,316,-4
1785925692.249,2026-08-05 17:28:12,GUIDED,True,-7.9262264,112.594866,152.55,0.0,0.0,IDLE,313,-7
1785925692.383,2026-08-05 17:28:12,GUIDED,True,-7.9262264,112.594866,152.53,0.0,0.0,IDLE,301,-19
1785925692.524,2026-08-05 17:28:12,GUIDED,True,-7.9262264,112.594866,152.53,0.0,0.0,IDLE,261,-59
1785925692.668,2026-08-05 17:28:12,GUIDED,True,-7.9262264,112.594866,152.54,0.0,0.0,IDLE,266,-54
1785925692.811,2026-08-05 17:28:12,GUIDED,True,-7.9262264,112.594866,152.54,0.0,0.0,IDLE,264,-56
1785925692.949,2026-08-05 17:28:12,GUIDED,True,-7.9262264,112.594866,152.54,0.0,0.0,IDLE,261,-59
1785925693.109,2026-08-05 17:28:13,GUIDED,True,-7.9262264,112.594866,152.53,0.0,0.0,IDLE,260,-60
1785925693.249,2026-08-05 17:28:13,GUIDED,True,-7.9262264,112.594866,152.52,0.0,0.0,IDLE,262,-58
1785925693.387,2026-08-05 17:28:13,GUIDED,True,-7.9262264,112.594866,152.51,0.0,0.0,IDLE,262,-58
1785925693.526,2026-08-05 17:28:13,GUIDED,True,-7.9262264,112.594866,152.49,0.0,0.0,IDLE,261,-59
1785925693.663,2026-08-05 17:28:13,GUIDED,True,-7.9262264,112.594866,152.48,0.0,0.0,IDLE,251,-69
1785925693.801,2026-08-05 17:28:13,GUIDED,True,-7.9262264,112.594866,152.48,0.0,0.0,IDLE,237,-83
1785925693.940,2026-08-05 17:28:13,GUIDED,True,-7.9262264,112.594866,152.47,0.0,0.0,IDLE,220,-100
1785925694.079,2026-08-05 17:28:14,GUIDED,True,-7.9262264,112.594866,152.48,0.0,0.0,IDLE,202,-118
1785925694.220,2026-08-05 17:28:14,GUIDED,True,-7.9262264,112.594866,152.49,0.0,0.0,IDLE,183,-137
1785925694.356,2026-08-05 17:28:14,GUIDED,True,-7.9262264,112.594866,152.48,0.0,0.0,IDLE,170,-150
1785925694.493,2026-08-05 17:28:14,GUIDED,True,-7.9262264,112.594866,152.49,0.0,0.0,IDLE,164,-156
1785925694.636,2026-08-05 17:28:14,GUIDED,True,-7.9262264,112.594866,152.48,0.0,0.0,IDLE,167,-153
1785925694.772,2026-08-05 17:28:14,GUIDED,True,-7.9262264,112.594866,152.47,0.0,0.0,IDLE,184,-136
1785925694.916,2026-08-05 17:28:14,GUIDED,True,-7.9262264,112.594866,152.49,0.0,0.0,IDLE,207,-113
1785925695.055,2026-08-05 17:28:15,GUIDED,True,-7.9262264,112.594866,152.52,0.0,0.0,IDLE,234,-86
1785925695.199,2026-08-05 17:28:15,GUIDED,True,-7.9262264,112.594866,152.52,0.0,0.0,IDLE,263,-57
1785925695.332,2026-08-05 17:28:15,GUIDED,True,-7.9262264,112.594866,152.52,0.0,0.0,IDLE,292,-28
1785925695.469,2026-08-05 17:28:15,GUIDED,True,-7.9262264,112.594866,152.51,0.0,0.0,IDLE,318,-2
1785925695.609,2026-08-05 17:28:15,GUIDED,True,-7.9262264,112.594866,152.5,0.0,0.0,IDLE,342,22
1785925695.749,2026-08-05 17:28:15,GUIDED,True,-7.9262264,112.594866,152.5,0.0,0.0,IDLE,358,38
1785925695.889,2026-08-05 17:28:15,GUIDED,True,-7.9262264,112.594866,152.49,0.0,0.0,IDLE,367,47
1785925696.025,2026-08-05 17:28:16,GUIDED,True,-7.9262264,112.594866,152.49,0.0,0.0,IDLE,372,52
1785925696.165,2026-08-05 17:28:16,GUIDED,True,-7.9262264,112.594866,152.46,0.0,0.0,IDLE,375,55
1785925696.300,2026-08-05 17:28:16,GUIDED,True,-7.9262264,112.594866,152.45,0.0,0.0,IDLE,374,54
1785925696.439,2026-08-05 17:28:16,GUIDED,True,-7.9262264,112.594866,152.45,0.0,0.0,IDLE,370,50
1785925696.578,2026-08-05 17:28:16,GUIDED,True,-7.9262264,112.594866,152.44,0.0,0.0,IDLE,367,47
1785925696.717,2026-08-05 17:28:16,GUIDED,True,-7.9262264,112.594866,152.43,0.0,0.0,IDLE,366,46
1785925696.853,2026-08-05 17:28:16,GUIDED,True,-7.9262264,112.594866,152.44,0.0,0.0,IDLE,362,42
1785925696.991,2026-08-05 17:28:16,GUIDED,True,-7.9262264,112.594866,152.44,0.0,0.0,IDLE,360,40
1785925697.129,2026-08-05 17:28:17,GUIDED,True,-7.9262264,112.594866,152.44,0.0,0.0,IDLE,358,38
1785925697.263,2026-08-05 17:28:17,GUIDED,True,-7.9262264,112.594866,152.43,0.0,0.0,IDLE,357,37
1785925697.401,2026-08-05 17:28:17,GUIDED,True,-7.9262264,112.594866,152.44,0.0,0.0,IDLE,358,38
1785925697.547,2026-08-05 17:28:17,GUIDED,True,-7.9262264,112.594866,152.44,0.0,0.0,IDLE,354,34
1785925697.686,2026-08-05 17:28:17,GUIDED,True,-7.9262264,112.594866,152.43,0.0,0.0,IDLE,352,32
1785925697.827,2026-08-05 17:28:17,GUIDED,True,-7.9262264,112.594866,152.43,0.0,0.0,IDLE,351,31
1785925697.967,2026-08-05 17:28:17,GUIDED,True,-7.9262264,112.594866,152.44,0.0,0.0,IDLE,350,30
1785925698.104,2026-08-05 17:28:18,GUIDED,True,-7.9262264,112.594866,152.43,0.0,0.0,IDLE,350,30
1785925698.265,2026-08-05 17:28:18,GUIDED,True,-7.9262264,112.594866,152.43,0.0,0.0,IDLE,352,32
1785925698.407,2026-08-05 17:28:18,GUIDED,True,-7.9262264,112.594866,152.43,0.0,0.0,IDLE,352,32
1785925698.550,2026-08-05 17:28:18,GUIDED,True,-7.9262264,112.594866,152.41,0.0,0.0,IDLE,354,34
1785925698.693,2026-08-05 17:28:18,GUIDED,True,-7.9262264,112.594866,152.41,0.0,0.0,IDLE,354,34
1785925698.831,2026-08-05 17:28:18,GUIDED,True,-7.9262264,112.594866,152.41,0.0,0.0,IDLE,357,37
1785925698.966,2026-08-05 17:28:18,GUIDED,True,-7.9262264,112.594866,152.42,0.0,0.0,IDLE,362,42
1785925699.112,2026-08-05 17:28:19,GUIDED,True,-7.9262264,112.594866,152.42,0.0,0.0,IDLE,362,42
1785925699.247,2026-08-05 17:28:19,GUIDED,True,-7.9262264,112.594866,152.42,0.0,0.0,IDLE,363,43
1785925699.382,2026-08-05 17:28:19,GUIDED,True,-7.9262264,112.594866,152.42,0.0,0.0,IDLE,367,47
1785925699.527,2026-08-05 17:28:19,GUIDED,True,-7.9262264,112.594866,152.42,0.0,0.0,IDLE,369,49
1785925699.669,2026-08-05 17:28:19,GUIDED,True,-7.9262264,112.594866,152.42,0.0,0.0,IDLE,371,51
1785925699.812,2026-08-05 17:28:19,GUIDED,True,-7.9262264,112.594866,152.43,0.0,0.0,IDLE,374,54
1785925699.945,2026-08-05 17:28:19,GUIDED,True,-7.9262264,112.594866,152.43,0.0,0.0,IDLE,379,59
1785925700.082,2026-08-05 17:28:20,GUIDED,True,-7.9262264,112.594866,152.42,0.0,0.0,IDLE,381,61
1785925700.220,2026-08-05 17:28:20,GUIDED,True,-7.9262264,112.594866,152.41,0.0,0.0,IDLE,384,64
1785925700.362,2026-08-05 17:28:20,GUIDED,True,-7.9262264,112.594866,152.41,0.0,0.0,IDLE,385,65
1785925700.502,2026-08-05 17:28:20,GUIDED,True,-7.9262264,112.594866,152.41,0.0,0.0,IDLE,388,68
1785925700.643,2026-08-05 17:28:20,GUIDED,True,-7.9262264,112.594866,152.41,0.0,0.0,IDLE,391,71
1785925700.782,2026-08-05 17:28:20,GUIDED,True,-7.9262264,112.594866,152.42,0.0,0.0,IDLE,392,72
1785925700.918,2026-08-05 17:28:20,GUIDED,True,-7.9262264,112.594866,152.42,0.0,0.0,IDLE,393,73
1785925701.052,2026-08-05 17:28:21,GUIDED,True,-7.9262264,112.594866,152.42,0.0,0.0,IDLE,395,75
1785925701.189,2026-08-05 17:28:21,GUIDED,True,-7.9262264,112.594866,152.43,0.0,0.0,IDLE,396,76
1785925701.328,2026-08-05 17:28:21,GUIDED,True,-7.9262264,112.594866,152.44,0.0,0.0,IDLE,400,80
1785925701.468,2026-08-05 17:28:21,GUIDED,True,-7.9262264,112.594866,152.46,0.0,0.0,IDLE,404,84
1785925701.610,2026-08-05 17:28:21,GUIDED,True,-7.9262264,112.594866,152.45,0.0,0.0,IDLE,408,88
1785925701.748,2026-08-05 17:28:21,GUIDED,True,-7.9262264,112.594866,152.47,0.0,0.0,IDLE,416,96
1785925701.885,2026-08-05 17:28:21,GUIDED,True,-7.9262264,112.594866,152.49,0.0,0.0,IDLE,424,104
1785925702.022,2026-08-05 17:28:22,GUIDED,True,-7.9262264,112.594866,152.5,0.0,0.0,IDLE,435,115
1785925702.175,2026-08-05 17:28:22,GUIDED,True,-7.9262264,112.594866,152.5,0.0,0.0,IDLE,446,126
1785925702.312,2026-08-05 17:28:22,GUIDED,True,-7.9262264,112.594866,152.49,0.0,0.0,IDLE,453,133
1785925702.452,2026-08-05 17:28:22,GUIDED,True,-7.9262264,112.594866,152.49,0.0,0.0,IDLE,457,137
1785925702.590,2026-08-05 17:28:22,GUIDED,True,-7.9262264,112.594866,152.49,0.0,0.0,IDLE,459,139
1785925702.734,2026-08-05 17:28:22,GUIDED,True,-7.9262264,112.594866,152.49,0.0,0.0,IDLE,461,141
1785925702.892,2026-08-05 17:28:22,GUIDED,True,-7.9262264,112.594866,152.49,0.0,0.0,IDLE,463,143
1785925703.028,2026-08-05 17:28:23,GUIDED,True,-7.9262264,112.594866,152.5,0.0,0.0,IDLE,467,147
1785925703.168,2026-08-05 17:28:23,GUIDED,True,-7.9262264,112.594866,152.51,0.0,0.0,IDLE,469,149
1785925703.323,2026-08-05 17:28:23,GUIDED,True,-7.9262264,112.594866,152.51,0.0,0.0,IDLE,473,153
1785925703.460,2026-08-05 17:28:23,GUIDED,True,-7.9262264,112.594866,152.53,0.0,0.0,IDLE,474,154
1785925703.596,2026-08-05 17:28:23,GUIDED,True,-7.9262264,112.594866,152.55,0.0,0.0,IDLE,474,154
1785925703.735,2026-08-05 17:28:23,GUIDED,True,-7.9262264,112.594866,152.57,0.0,0.0,IDLE,475,155
1785925703.872,2026-08-05 17:28:23,GUIDED,True,-7.9262264,112.594866,152.56,0.0,0.0,IDLE,475,155
1785925704.010,2026-08-05 17:28:24,GUIDED,True,-7.9262264,112.594866,152.56,0.0,0.0,IDLE,475,155
1785925704.149,2026-08-05 17:28:24,GUIDED,True,-7.9262264,112.594866,152.56,0.0,0.0,IDLE,472,152
1785925704.287,2026-08-05 17:28:24,GUIDED,True,-7.9262264,112.594866,152.55,0.0,0.0,IDLE,463,143
1785925704.454,2026-08-05 17:28:24,GUIDED,True,-7.9262264,112.594866,152.55,0.0,0.0,IDLE,450,130
1785925704.597,2026-08-05 17:28:24,GUIDED,True,-7.9262264,112.594866,152.55,0.0,0.0,IDLE,414,94
1785925704.737,2026-08-05 17:28:24,GUIDED,True,-7.9262264,112.594866,152.56,0.0,0.0,IDLE,393,73
1785925704.873,2026-08-05 17:28:24,GUIDED,True,-7.9262264,112.594866,152.56,0.0,0.0,IDLE,372,52
1785925705.012,2026-08-05 17:28:25,GUIDED,True,-7.9262264,112.594866,152.57,0.0,0.0,IDLE,353,33
1785925705.149,2026-08-05 17:28:25,GUIDED,True,-7.9262264,112.594866,152.57,0.0,0.0,IDLE,333,13
1785925705.285,2026-08-05 17:28:25,GUIDED,True,-7.9262264,112.594866,152.56,0.0,0.0,IDLE,326,6
1785925705.421,2026-08-05 17:28:25,GUIDED,True,-7.9262264,112.594866,152.56,0.0,0.0,IDLE,325,5
1785925705.556,2026-08-05 17:28:25,GUIDED,True,-7.9262264,112.594866,152.56,0.0,0.0,IDLE,328,8
1785925705.699,2026-08-05 17:28:25,GUIDED,True,-7.9262264,112.594866,152.55,0.0,0.0,IDLE,333,13
1785925705.841,2026-08-05 17:28:25,GUIDED,True,-7.9262264,112.594866,152.55,0.0,0.0,IDLE,340,20
1785925705.983,2026-08-05 17:28:25,GUIDED,True,-7.9262264,112.594866,152.56,0.0,0.0,IDLE,348,28
1785925706.124,2026-08-05 17:28:26,GUIDED,True,-7.9262264,112.594866,152.57,0.0,0.0,IDLE,356,36
1785925706.264,2026-08-05 17:28:26,GUIDED,True,-7.9262264,112.594866,152.57,0.0,0.0,IDLE,363,43
1785925706.399,2026-08-05 17:28:26,GUIDED,True,-7.9262264,112.594866,152.57,0.0,0.0,IDLE,371,51
1785925706.541,2026-08-05 17:28:26,GUIDED,True,-7.9262264,112.594866,152.56,0.0,0.0,IDLE,376,56
1785925706.682,2026-08-05 17:28:26,GUIDED,True,-7.9262264,112.594866,152.55,0.0,0.0,IDLE,375,55
1785925706.821,2026-08-05 17:28:26,GUIDED,True,-7.9262264,112.594866,152.54,0.0,0.0,IDLE,373,53
1785925706.958,2026-08-05 17:28:26,GUIDED,True,-7.9262264,112.594866,152.54,0.0,0.0,IDLE,372,52
1785925707.095,2026-08-05 17:28:27,GUIDED,True,-7.9262264,112.594866,152.53,0.0,0.0,IDLE,370,50
1785925707.240,2026-08-05 17:28:27,GUIDED,True,-7.9262264,112.594866,152.52,0.0,0.0,IDLE,366,46
1785925707.380,2026-08-05 17:28:27,GUIDED,True,-7.9262264,112.594866,152.5,0.0,0.0,IDLE,356,36
1785925707.518,2026-08-05 17:28:27,GUIDED,True,-7.9262264,112.594866,152.49,0.0,0.0,IDLE,335,15
1785925707.656,2026-08-05 17:28:27,GUIDED,True,-7.9262264,112.594866,152.49,0.0,0.0,IDLE,308,-12
1785925707.801,2026-08-05 17:28:27,GUIDED,True,-7.9262264,112.594866,152.48,0.0,0.0,IDLE,286,-34
1785925707.940,2026-08-05 17:28:27,GUIDED,True,-7.9262264,112.594866,152.49,0.0,0.0,IDLE,264,-56
1785925708.086,2026-08-05 17:28:28,GUIDED,True,-7.9262264,112.594866,152.49,0.0,0.0,IDLE,247,-73
1785925708.230,2026-08-05 17:28:28,GUIDED,True,-7.9262264,112.594866,152.5,0.0,0.0,IDLE,233,-87
1785925708.392,2026-08-05 17:28:28,GUIDED,True,-7.9262264,112.594866,152.51,0.0,0.0,IDLE,233,-87
1785925708.530,2026-08-05 17:28:28,GUIDED,True,-7.9262264,112.594866,152.5,0.0,0.0,IDLE,238,-82
1785925708.672,2026-08-05 17:28:28,GUIDED,True,-7.9262264,112.594866,152.48,0.0,0.0,IDLE,249,-71
1785925708.814,2026-08-05 17:28:28,GUIDED,True,-7.9262264,112.594866,152.47,0.0,0.0,IDLE,266,-54
1785925708.954,2026-08-05 17:28:28,GUIDED,True,-7.9262264,112.594866,152.49,0.0,0.0,IDLE,290,-30
1785925709.097,2026-08-05 17:28:29,GUIDED,True,-7.9262264,112.594866,152.49,0.0,0.0,IDLE,330,10
1785925709.246,2026-08-05 17:28:29,GUIDED,True,-7.9262264,112.594866,152.49,0.0,0.0,IDLE,357,37
1785925709.384,2026-08-05 17:28:29,GUIDED,True,-7.9262264,112.594866,152.49,0.0,0.0,IDLE,379,59
1785925709.537,2026-08-05 17:28:29,GUIDED,True,-7.9262264,112.594866,152.47,0.0,0.0,IDLE,391,71
1785925709.675,2026-08-05 17:28:29,GUIDED,True,-7.9262264,112.594866,152.48,0.0,0.0,IDLE,396,76
1785925709.819,2026-08-05 17:28:29,GUIDED,True,-7.9262264,112.594866,152.47,0.0,0.0,IDLE,394,74
1785925709.954,2026-08-05 17:28:29,GUIDED,True,-7.9262264,112.594866,152.48,0.0,0.0,IDLE,372,52
1785925710.100,2026-08-05 17:28:30,GUIDED,True,-7.9262264,112.594866,152.48,0.0,0.0,IDLE,349,29
1785925710.237,2026-08-05 17:28:30,GUIDED,True,-7.9262264,112.594866,152.47,0.0,0.0,IDLE,314,-6
1785925710.375,2026-08-05 17:28:30,GUIDED,True,-7.9262264,112.594866,152.46,0.0,0.0,IDLE,281,-39
1785925710.523,2026-08-05 17:28:30,GUIDED,True,-7.9262264,112.594866,152.45,0.0,0.0,IDLE,251,-69
1785925710.669,2026-08-05 17:28:30,GUIDED,True,-7.9262264,112.594866,152.43,0.0,0.0,IDLE,226,-94
1785925710.808,2026-08-05 17:28:30,GUIDED,True,-7.9262264,112.594866,152.44,0.0,0.0,IDLE,215,-105
1785925710.955,2026-08-05 17:28:30,GUIDED,True,-7.9262264,112.594866,152.43,0.0,0.0,IDLE,216,-104
1785925711.117,2026-08-05 17:28:31,GUIDED,True,-7.9262264,112.594866,152.42,0.0,0.0,IDLE,235,-85
1785925711.276,2026-08-05 17:28:31,GUIDED,True,-7.9262264,112.594866,152.42,0.0,0.0,IDLE,261,-59
1785925711.434,2026-08-05 17:28:31,GUIDED,True,-7.9262264,112.594866,152.43,0.0,0.0,IDLE,292,-28
1785925711.643,2026-08-05 17:28:31,GUIDED,True,-7.9262264,112.594866,152.44,0.0,0.0,IDLE,331,11
1785925711.783,2026-08-05 17:28:31,GUIDED,True,-7.9262264,112.594866,152.46,0.0,0.0,IDLE,364,44
1785925711.920,2026-08-05 17:28:31,GUIDED,True,-7.9262264,112.594866,152.44,0.0,0.0,IDLE,378,58
1785925712.056,2026-08-05 17:28:32,GUIDED,True,-7.9262264,112.594866,152.45,0.0,0.0,IDLE,385,65
1785925712.207,2026-08-05 17:28:32,GUIDED,True,-7.9262264,112.594866,152.44,0.0,0.0,IDLE,388,68
1785925712.345,2026-08-05 17:28:32,GUIDED,True,-7.9262264,112.594866,152.43,0.0,0.0,IDLE,388,68
1785925712.483,2026-08-05 17:28:32,GUIDED,True,-7.9262264,112.594866,152.43,0.0,0.0,IDLE,377,57
1785925712.618,2026-08-05 17:28:32,GUIDED,True,-7.9262264,112.594866,152.44,0.0,0.0,IDLE,345,25
1785925712.757,2026-08-05 17:28:32,GUIDED,True,-7.9262264,112.594866,152.44,0.0,0.0,IDLE,327,7
1785925712.895,2026-08-05 17:28:32,GUIDED,True,-7.9262264,112.594866,152.44,0.0,0.0,IDLE,316,-4
1785925713.038,2026-08-05 17:28:33,GUIDED,True,-7.9262264,112.594866,152.43,0.0,0.0,IDLE,309,-11
1785925713.182,2026-08-05 17:28:33,GUIDED,True,-7.9262264,112.594866,152.44,0.0,0.0,IDLE,307,-13
1785925713.320,2026-08-05 17:28:33,GUIDED,True,-7.9262264,112.594866,152.44,0.0,0.0,IDLE,306,-14
1785925713.486,2026-08-05 17:28:33,GUIDED,True,-7.9262264,112.594866,152.44,0.0,0.0,IDLE,302,-18
1785925713.623,2026-08-05 17:28:33,GUIDED,True,-7.9262264,112.594866,152.46,0.0,0.0,IDLE,294,-26
1785925713.761,2026-08-05 17:28:33,GUIDED,True,-7.9262264,112.594866,152.45,0.0,0.0,IDLE,290,-30
1785925713.899,2026-08-05 17:28:33,GUIDED,True,-7.9262264,112.594866,152.46,0.0,0.0,IDLE,288,-32
1785925714.038,2026-08-05 17:28:34,GUIDED,True,-7.9262264,112.594866,152.47,0.0,0.0,IDLE,290,-30
1785925714.179,2026-08-05 17:28:34,GUIDED,True,-7.9262264,112.594866,152.47,0.0,0.0,IDLE,291,-29
1785925714.319,2026-08-05 17:28:34,GUIDED,True,-7.9262264,112.594866,152.45,0.0,0.0,IDLE,290,-30
1785925714.461,2026-08-05 17:28:34,GUIDED,True,-7.9262264,112.594866,152.44,0.0,0.0,IDLE,282,-38
1785925714.607,2026-08-05 17:28:34,GUIDED,True,-7.9262264,112.594866,152.44,0.0,0.0,IDLE,274,-46
1785925714.746,2026-08-05 17:28:34,GUIDED,True,-7.9262264,112.594866,152.45,0.0,0.0,IDLE,268,-52
1785925714.882,2026-08-05 17:28:34,GUIDED,True,-7.9262264,112.594866,152.42,0.0,0.0,IDLE,264,-56
1785925715.016,2026-08-05 17:28:35,GUIDED,True,-7.9262264,112.594866,152.43,0.0,0.0,IDLE,270,-50
1785925715.173,2026-08-05 17:28:35,GUIDED,True,-7.9262264,112.594866,152.43,0.0,0.0,IDLE,284,-36
1785925715.314,2026-08-05 17:28:35,GUIDED,True,-7.9262264,112.594866,152.43,0.0,0.0,IDLE,303,-17
1785925715.452,2026-08-05 17:28:35,GUIDED,True,-7.9262264,112.594866,152.43,0.0,0.0,IDLE,324,4
1785925715.590,2026-08-05 17:28:35,GUIDED,True,-7.9262264,112.594866,152.45,0.0,0.0,IDLE,348,28
1785925715.733,2026-08-05 17:28:35,GUIDED,True,-7.9262264,112.594866,152.45,0.0,0.0,IDLE,367,47
1785925715.873,2026-08-05 17:28:35,GUIDED,True,-7.9262264,112.594866,152.47,0.0,0.0,IDLE,382,62
1785925716.015,2026-08-05 17:28:36,GUIDED,True,-7.9262264,112.594866,152.49,0.0,0.0,IDLE,392,72
1785925716.150,2026-08-05 17:28:36,GUIDED,True,-7.9262264,112.594866,152.49,0.0,0.0,IDLE,402,82
1785925716.287,2026-08-05 17:28:36,GUIDED,True,-7.9262264,112.594866,152.5,0.0,0.0,IDLE,405,85
1785925716.427,2026-08-05 17:28:36,GUIDED,True,-7.9262264,112.594866,152.51,0.0,0.0,IDLE,404,84
1785925716.568,2026-08-05 17:28:36,GUIDED,True,-7.9262264,112.594866,152.51,0.0,0.0,IDLE,397,77
1785925716.714,2026-08-05 17:28:36,GUIDED,True,-7.9262264,112.594866,152.51,0.0,0.0,IDLE,385,65
1785925716.852,2026-08-05 17:28:36,GUIDED,True,-7.9262264,112.594866,152.5,0.0,0.0,IDLE,367,47
1785925716.992,2026-08-05 17:28:36,GUIDED,True,-7.9262264,112.594866,152.5,0.0,0.0,IDLE,341,21
1785925717.129,2026-08-05 17:28:37,GUIDED,True,-7.9262264,112.594866,152.5,0.0,0.0,IDLE,342,22
1785925717.266,2026-08-05 17:28:37,GUIDED,True,-7.9262264,112.594866,152.5,0.0,0.0,IDLE,273,-47
1785925717.402,2026-08-05 17:28:37,GUIDED,True,-7.9262264,112.594866,152.49,0.0,0.0,IDLE,245,-75
1785925717.542,2026-08-05 17:28:37,GUIDED,True,-7.9262264,112.594866,152.47,0.0,0.0,IDLE,257,-63
1785925717.684,2026-08-05 17:28:37,GUIDED,True,-7.9262264,112.594866,152.47,0.0,0.0,IDLE,207,-113
1785925717.821,2026-08-05 17:28:37,GUIDED,True,-7.9262264,112.594866,152.47,0.0,0.0,IDLE,241,-79
1785925717.955,2026-08-05 17:28:37,GUIDED,True,-7.9262264,112.594866,152.45,0.0,0.0,IDLE,254,-66
1785925718.093,2026-08-05 17:28:38,GUIDED,True,-7.9262264,112.594866,152.45,0.0,0.0,IDLE,272,-48
1785925718.234,2026-08-05 17:28:38,GUIDED,True,-7.9262264,112.594866,152.45,0.0,0.0,IDLE,254,-66
1785925718.368,2026-08-05 17:28:38,GUIDED,True,-7.9262264,112.594866,152.44,0.0,0.0,IDLE,318,-2
1785925718.523,2026-08-05 17:28:38,GUIDED,True,-7.9262264,112.594866,152.45,0.0,0.0,IDLE,308,-12
1785925718.665,2026-08-05 17:28:38,GUIDED,True,-7.9262264,112.594866,152.41,0.0,0.0,IDLE,329,9
1785925718.804,2026-08-05 17:28:38,GUIDED,True,-7.9262264,112.594866,152.42,0.0,0.0,IDLE,347,27
1785925718.942,2026-08-05 17:28:38,GUIDED,True,-7.9262264,112.594866,152.41,0.0,0.0,IDLE,358,38
1785925719.077,2026-08-05 17:28:39,GUIDED,True,-7.9262264,112.594866,152.4,0.0,0.0,IDLE,364,44
1785925719.229,2026-08-05 17:28:39,GUIDED,True,-7.9262264,112.594866,152.4,0.0,0.0,IDLE,361,41
1785925719.366,2026-08-05 17:28:39,GUIDED,True,-7.9262264,112.594866,152.4,0.0,0.0,IDLE,322,2
1785925719.505,2026-08-05 17:28:39,GUIDED,True,-7.9262264,112.594866,152.41,0.0,0.0,IDLE,,
1785925719.655,2026-08-05 17:28:39,GUIDED,True,-7.9262264,112.594866,152.4,0.0,0.0,IDLE,,
1785925719.797,2026-08-05 17:28:39,GUIDED,True,-7.9262264,112.594866,152.38,0.0,0.0,IDLE,,
1785925719.935,2026-08-05 17:28:39,GUIDED,True,-7.9262264,112.594866,152.39,0.0,0.0,IDLE,,
1785925720.074,2026-08-05 17:28:40,GUIDED,True,-7.9262264,112.594866,152.38,0.0,0.0,IDLE,,
1785925720.213,2026-08-05 17:28:40,GUIDED,True,-7.9262264,112.594866,152.38,0.0,0.0,IDLE,,
1785925720.355,2026-08-05 17:28:40,GUIDED,True,-7.9262264,112.594866,152.39,0.0,0.0,IDLE,,
1785925720.511,2026-08-05 17:28:40,GUIDED,True,-7.9262264,112.594866,152.39,0.0,0.0,IDLE,,
1785925720.657,2026-08-05 17:28:40,GUIDED,True,-7.9262264,112.594866,152.39,0.0,0.0,IDLE,,
1785925720.800,2026-08-05 17:28:40,GUIDED,True,-7.9262264,112.594866,152.39,0.0,0.0,IDLE,,
1785925720.935,2026-08-05 17:28:40,GUIDED,True,-7.9262264,112.594866,152.39,0.0,0.0,IDLE,,
1785925721.072,2026-08-05 17:28:41,GUIDED,True,-7.9262264,112.594866,152.38,0.0,0.0,IDLE,,
1785925721.238,2026-08-05 17:28:41,GUIDED,True,-7.9262264,112.594866,152.38,0.0,0.0,IDLE,,
1785925721.391,2026-08-05 17:28:41,GUIDED,True,-7.9262264,112.594866,152.39,0.0,0.0,IDLE,,
1785925721.531,2026-08-05 17:28:41,GUIDED,True,-7.9262264,112.594866,152.39,0.0,0.0,IDLE,,
1785925721.689,2026-08-05 17:28:41,GUIDED,True,-7.9262264,112.594866,152.38,0.0,0.0,IDLE,,
1785925721.847,2026-08-05 17:28:41,GUIDED,True,-7.9262264,112.594866,152.38,0.0,0.0,IDLE,,
1785925721.988,2026-08-05 17:28:41,GUIDED,True,-7.9262264,112.594866,152.39,0.0,0.0,IDLE,,
1785925722.150,2026-08-05 17:28:42,GUIDED,True,-7.9262264,112.594866,152.39,0.0,0.0,IDLE,,
1785925722.309,2026-08-05 17:28:42,GUIDED,True,-7.9262264,112.594866,152.4,0.0,0.0,IDLE,,
1785925722.459,2026-08-05 17:28:42,GUIDED,True,-7.9262264,112.594866,152.4,0.0,0.0,IDLE,,
1785925722.607,2026-08-05 17:28:42,GUIDED,True,-7.9262264,112.594866,152.39,0.0,0.0,IDLE,,
1785925722.745,2026-08-05 17:28:42,GUIDED,True,-7.9262264,112.594866,152.39,0.0,0.0,IDLE,,
1785925722.884,2026-08-05 17:28:42,GUIDED,True,-7.9262264,112.594866,152.38,0.0,0.0,IDLE,,
1785925723.024,2026-08-05 17:28:43,GUIDED,True,-7.9262264,112.594866,152.37,0.0,0.0,IDLE,,
1785925723.187,2026-08-05 17:28:43,GUIDED,True,-7.9262264,112.594866,152.39,0.0,0.0,START,,
1785925723.339,2026-08-05 17:28:43,GUIDED,True,-7.9262264,112.594866,152.4,0.0,0.0,START,,
1785925723.480,2026-08-05 17:28:43,GUIDED,True,-7.9262264,112.594866,152.39,0.0,0.0,START,,
1785925723.665,2026-08-05 17:28:43,GUIDED,True,-7.9262264,112.594866,152.38,0.0,0.0,START,,
1785925723.819,2026-08-05 17:28:43,GUIDED,True,-7.9262264,112.594866,152.38,0.0,0.0,START,,
1785925723.957,2026-08-05 17:28:43,GUIDED,True,-7.9262264,112.594866,152.39,0.0,0.0,START,,
1785925724.099,2026-08-05 17:28:44,GUIDED,True,-7.9262264,112.594866,152.39,0.0,0.0,START,,
1785925724.242,2026-08-05 17:28:44,GUIDED,True,-7.9262264,112.594866,152.4,0.0,0.0,START,,
1785925724.383,2026-08-05 17:28:44,GUIDED,True,-7.9262264,112.594866,152.41,0.0,0.0,START,,
1785925724.522,2026-08-05 17:28:44,GUIDED,True,-7.9262264,112.594866,152.41,0.0,0.0,START,,
1785925724.672,2026-08-05 17:28:44,GUIDED,True,-7.9262264,112.594866,152.42,0.0,0.0,START,,
1785925724.942,2026-08-05 17:28:44,GUIDED,True,-7.9262264,112.594866,152.43,0.0,0.0,START,,
1785925725.088,2026-08-05 17:28:45,GUIDED,True,-7.9262264,112.594866,152.42,0.0,0.0,START,,
1785925725.309,2026-08-05 17:28:45,GUIDED,True,-7.9262264,112.594866,152.42,0.0,0.0,TRACKING_BUOY,,
1785925725.448,2026-08-05 17:28:45,GUIDED,True,-7.9262264,112.594866,152.42,0.0,0.0,TRACKING_BUOY,,
1785925725.600,2026-08-05 17:28:45,GUIDED,True,-7.9262264,112.594866,152.42,0.0,0.0,TRACKING_BUOY,,
1785925725.751,2026-08-05 17:28:45,GUIDED,True,-7.9262264,112.594866,152.43,0.0,0.0,TRACKING_BUOY,,
1785925725.897,2026-08-05 17:28:45,GUIDED,True,-7.9262264,112.594866,152.45,0.0,0.0,TRACKING_BUOY,219,-101
1785925726.053,2026-08-05 17:28:46,GUIDED,True,-7.9262264,112.594866,152.45,0.0,0.0,TRACKING_BUOY,301,-19
1785925726.207,2026-08-05 17:28:46,GUIDED,True,-7.9262264,112.594866,152.45,0.0,0.0,TRACKING_BUOY,306,-14
1785925726.359,2026-08-05 17:28:46,GUIDED,True,-7.9262264,112.594866,152.44,0.0,0.0,TRACKING_BUOY,308,-12
1785925726.500,2026-08-05 17:28:46,GUIDED,True,-7.9262264,112.594866,152.45,0.0,0.0,TRACKING_BUOY,306,-14
1785925726.637,2026-08-05 17:28:46,GUIDED,True,-7.9262264,112.594866,152.46,0.0,0.0,TRACKING_BUOY,304,-16
1785925726.777,2026-08-05 17:28:46,GUIDED,True,-7.9262264,112.594866,152.49,0.0,0.0,TRACKING_BUOY,302,-18
1785925726.917,2026-08-05 17:28:46,GUIDED,True,-7.9262264,112.594866,152.5,0.0,0.0,TRACKING_BUOY,298,-22
1785925727.055,2026-08-05 17:28:47,GUIDED,True,-7.9262264,112.594866,152.49,0.0,0.0,TRACKING_BUOY,293,-27
1785925727.215,2026-08-05 17:28:47,GUIDED,True,-7.9262264,112.594866,152.49,0.0,0.0,TRACKING_BUOY,287,-33
1785925727.355,2026-08-05 17:28:47,GUIDED,True,-7.9262264,112.594866,152.49,0.0,0.0,TRACKING_BUOY,273,-47
1785925727.499,2026-08-05 17:28:47,GUIDED,True,-7.9262264,112.594866,152.48,0.0,0.0,TRACKING_BUOY,266,-54
1785925727.643,2026-08-05 17:28:47,GUIDED,True,-7.9262264,112.594866,152.48,0.0,0.0,TRACKING_BUOY,263,-57
1785925727.789,2026-08-05 17:28:47,GUIDED,True,-7.9262264,112.594866,152.47,0.0,0.0,TRACKING_BUOY,265,-55
1785925727.929,2026-08-05 17:28:47,GUIDED,True,-7.9262264,112.594866,152.47,0.0,0.0,TRACKING_BUOY,274,-46
1785925728.069,2026-08-05 17:28:48,GUIDED,True,-7.9262264,112.594866,152.45,0.0,0.0,TRACKING_BUOY,285,-35
1785925728.209,2026-08-05 17:28:48,GUIDED,True,-7.9262264,112.594866,152.45,0.0,0.0,TRACKING_BUOY,307,-13
1785925728.348,2026-08-05 17:28:48,GUIDED,True,-7.9262264,112.594866,152.45,0.0,0.0,TRACKING_BUOY,323,3
1785925728.486,2026-08-05 17:28:48,GUIDED,True,-7.9262264,112.594866,152.46,0.0,0.0,TRACKING_BUOY,338,18
1785925728.624,2026-08-05 17:28:48,GUIDED,True,-7.9262264,112.594866,152.46,0.0,0.0,TRACKING_BUOY,350,30
1785925728.777,2026-08-05 17:28:48,GUIDED,True,-7.9262264,112.594866,152.45,0.0,0.0,TRACKING_BUOY,361,41
1785925728.915,2026-08-05 17:28:48,GUIDED,True,-7.9262264,112.594866,152.46,0.0,0.0,TRACKING_BUOY,368,48
1785925729.057,2026-08-05 17:28:49,GUIDED,True,-7.9262264,112.594866,152.45,0.0,0.0,TRACKING_BUOY,373,53
1785925729.240,2026-08-05 17:28:49,GUIDED,True,-7.9262264,112.594866,152.44,0.0,0.0,TRACKING_BUOY,375,55
1785925729.392,2026-08-05 17:28:49,GUIDED,True,-7.9262264,112.594866,152.44,0.0,0.0,TRACKING_BUOY,383,63
1785925729.537,2026-08-05 17:28:49,GUIDED,True,-7.9262264,112.594866,152.45,0.0,0.0,TRACKING_BUOY,388,68
1785925729.690,2026-08-05 17:28:49,GUIDED,True,-7.9262264,112.594866,152.46,0.0,0.0,TRACKING_BUOY,391,71
1785925729.841,2026-08-05 17:28:49,GUIDED,True,-7.9262264,112.594866,152.47,0.0,0.0,TRACKING_BUOY,390,70
1785925729.981,2026-08-05 17:28:49,GUIDED,True,-7.9262264,112.594866,152.45,0.0,0.0,TRACKING_BUOY,381,61
1785925730.123,2026-08-05 17:28:50,GUIDED,True,-7.9262264,112.594866,152.46,0.0,0.0,TRACKING_BUOY,361,41
1785925730.261,2026-08-05 17:28:50,GUIDED,True,-7.9262264,112.594866,152.45,0.0,0.0,TRACKING_BUOY,337,17
1785925730.395,2026-08-05 17:28:50,GUIDED,True,-7.9262264,112.594866,152.45,0.0,0.0,TRACKING_BUOY,320,0
1785925730.550,2026-08-05 17:28:50,GUIDED,True,-7.9262264,112.594866,152.44,0.0,0.0,TRACKING_BUOY,274,-46
1785925730.691,2026-08-05 17:28:50,GUIDED,True,-7.9262264,112.594866,152.43,0.0,0.0,TRACKING_BUOY,257,-63
1785925730.840,2026-08-05 17:28:50,GUIDED,True,-7.9262264,112.594866,152.42,0.0,0.0,TRACKING_BUOY,244,-76
1785925730.985,2026-08-05 17:28:50,GUIDED,True,-7.9262264,112.594866,152.41,0.0,0.0,TRACKING_BUOY,236,-84
1785925731.127,2026-08-05 17:28:51,GUIDED,True,-7.9262264,112.594866,152.41,0.0,0.0,TRACKING_BUOY,234,-86
1785925731.264,2026-08-05 17:28:51,GUIDED,True,-7.9262264,112.594866,152.4,0.0,0.0,TRACKING_BUOY,236,-84
1785925731.401,2026-08-05 17:28:51,GUIDED,True,-7.9262264,112.594866,152.41,0.0,0.0,TRACKING_BUOY,247,-73
1785925731.538,2026-08-05 17:28:51,GUIDED,True,-7.9262264,112.594866,152.4,0.0,0.0,TRACKING_BUOY,264,-56
1785925731.680,2026-08-05 17:28:51,GUIDED,True,-7.9262264,112.594866,152.39,0.0,0.0,TRACKING_BUOY,286,-34
1785925731.818,2026-08-05 17:28:51,GUIDED,True,-7.9262264,112.594866,152.38,0.0,0.0,TRACKING_BUOY,308,-12
1785925731.955,2026-08-05 17:28:51,GUIDED,True,-7.9262264,112.594866,152.39,0.0,0.0,TRACKING_BUOY,332,12
1785925732.093,2026-08-05 17:28:52,GUIDED,True,-7.9262264,112.594866,152.39,0.0,0.0,TRACKING_BUOY,353,33
1785925732.243,2026-08-05 17:28:52,GUIDED,True,-7.9262264,112.594866,152.39,0.0,0.0,TRACKING_BUOY,372,52
1785925732.385,2026-08-05 17:28:52,GUIDED,True,-7.9262264,112.594866,152.38,0.0,0.0,TRACKING_BUOY,385,65
1785925732.524,2026-08-05 17:28:52,GUIDED,True,-7.9262264,112.594866,152.38,0.0,0.0,TRACKING_BUOY,392,72
1785925732.665,2026-08-05 17:28:52,GUIDED,True,-7.9262264,112.594866,152.39,0.0,0.0,TRACKING_BUOY,396,76
1785925732.807,2026-08-05 17:28:52,GUIDED,True,-7.9262264,112.594866,152.39,0.0,0.0,TRACKING_BUOY,391,71
1785925732.951,2026-08-05 17:28:52,GUIDED,True,-7.9262264,112.594866,152.39,0.0,0.0,TRACKING_BUOY,378,58
1785925733.090,2026-08-05 17:28:53,GUIDED,True,-7.9262264,112.594866,152.39,0.0,0.0,TRACKING_BUOY,362,42
1785925733.231,2026-08-05 17:28:53,GUIDED,True,-7.9262264,112.594866,152.36,0.0,0.0,TRACKING_BUOY,339,19
1785925733.370,2026-08-05 17:28:53,GUIDED,True,-7.9262264,112.594866,152.36,0.0,0.0,TRACKING_BUOY,313,-7
1785925733.516,2026-08-05 17:28:53,GUIDED,True,-7.9262264,112.594866,152.34,0.0,0.0,TRACKING_BUOY,290,-30
1785925733.652,2026-08-05 17:28:53,GUIDED,True,-7.9262264,112.594866,152.34,0.0,0.0,TRACKING_BUOY,270,-50
1785925733.811,2026-08-05 17:28:53,GUIDED,True,-7.9262264,112.594866,152.33,0.0,0.0,TRACKING_BUOY,254,-66
1785925733.950,2026-08-05 17:28:53,GUIDED,True,-7.9262264,112.594866,152.34,0.0,0.0,TRACKING_BUOY,242,-78
1785925734.091,2026-08-05 17:28:54,GUIDED,True,-7.9262264,112.594866,152.35,0.0,0.0,TRACKING_BUOY,243,-77
1785925734.236,2026-08-05 17:28:54,GUIDED,True,-7.9262264,112.594866,152.35,0.0,0.0,TRACKING_BUOY,250,-70
1785925734.372,2026-08-05 17:28:54,GUIDED,True,-7.9262264,112.594866,152.36,0.0,0.0,TRACKING_BUOY,263,-57
1785925734.517,2026-08-05 17:28:54,GUIDED,True,-7.9262264,112.594866,152.36,0.0,0.0,TRACKING_BUOY,279,-41
1785925734.662,2026-08-05 17:28:54,GUIDED,True,-7.9262264,112.594866,152.34,0.0,0.0,TRACKING_BUOY,296,-24
1785925734.808,2026-08-05 17:28:54,GUIDED,True,-7.9262264,112.594866,152.34,0.0,0.0,TRACKING_BUOY,322,2
1785925734.947,2026-08-05 17:28:54,GUIDED,True,-7.9262264,112.594866,152.34,0.0,0.0,TRACKING_BUOY,338,18
1785925735.084,2026-08-05 17:28:55,GUIDED,True,-7.9262264,112.594866,152.33,0.0,0.0,TRACKING_BUOY,353,33
1785925735.230,2026-08-05 17:28:55,GUIDED,True,-7.9262264,112.594866,152.32,0.0,0.0,TRACKING_BUOY,364,44
1785925735.370,2026-08-05 17:28:55,GUIDED,True,-7.9262264,112.594866,152.33,0.0,0.0,TRACKING_BUOY,373,53
1785925735.509,2026-08-05 17:28:55,GUIDED,True,-7.9262264,112.594866,152.33,0.0,0.0,TRACKING_BUOY,373,53
1785925735.652,2026-08-05 17:28:55,GUIDED,True,-7.9262264,112.594866,152.31,0.0,0.0,TRACKING_BUOY,363,43
1785925735.795,2026-08-05 17:28:55,GUIDED,True,-7.9262264,112.594866,152.3,0.0,0.0,TRACKING_BUOY,343,23
1785925735.934,2026-08-05 17:28:55,GUIDED,True,-7.9262264,112.594866,152.3,0.0,0.0,TRACKING_BUOY,306,-14
1785925736.077,2026-08-05 17:28:56,GUIDED,True,-7.9262264,112.594866,152.28,0.0,0.0,TRACKING_BUOY,283,-37
1785925736.220,2026-08-05 17:28:56,GUIDED,True,-7.9262264,112.594866,152.26,0.0,0.0,TRACKING_BUOY,264,-56
1785925736.359,2026-08-05 17:28:56,GUIDED,True,-7.9262264,112.594866,152.26,0.0,0.0,TRACKING_BUOY,251,-69
1785925736.502,2026-08-05 17:28:56,GUIDED,True,-7.9262264,112.594866,152.26,0.0,0.0,TRACKING_BUOY,243,-77
1785925736.642,2026-08-05 17:28:56,GUIDED,True,-7.9262264,112.594866,152.24,0.0,0.0,TRACKING_BUOY,242,-78
1785925736.789,2026-08-05 17:28:56,GUIDED,True,-7.9262264,112.594866,152.21,0.0,0.0,TRACKING_BUOY,245,-75
1785925736.936,2026-08-05 17:28:56,GUIDED,True,-7.9262264,112.594866,152.23,0.0,0.0,TRACKING_BUOY,256,-64
1785925737.076,2026-08-05 17:28:57,GUIDED,True,-7.9262264,112.594866,152.24,0.0,0.0,TRACKING_BUOY,268,-52
1785925737.232,2026-08-05 17:28:57,GUIDED,True,-7.9262264,112.594866,152.25,0.0,0.0,TRACKING_BUOY,282,-38
1785925737.368,2026-08-05 17:28:57,GUIDED,True,-7.9262264,112.594866,152.26,0.0,0.0,TRACKING_BUOY,296,-24
1785925737.504,2026-08-05 17:28:57,GUIDED,True,-7.9262264,112.594866,152.26,0.0,0.0,TRACKING_BUOY,310,-10
1785925737.645,2026-08-05 17:28:57,GUIDED,True,-7.9262264,112.594866,152.27,0.0,0.0,TRACKING_BUOY,320,0
1785925737.789,2026-08-05 17:28:57,GUIDED,True,-7.9262264,112.594866,152.29,0.0,0.0,TRACKING_BUOY,329,9
1785925737.929,2026-08-05 17:28:57,GUIDED,True,-7.9262264,112.594866,152.27,0.0,0.0,TRACKING_BUOY,337,17
1785925738.068,2026-08-05 17:28:58,GUIDED,True,-7.9262264,112.594866,152.29,0.0,0.0,TRACKING_BUOY,342,22
1785925738.211,2026-08-05 17:28:58,GUIDED,True,-7.9262264,112.594866,152.28,0.0,0.0,TRACKING_BUOY,342,22
1785925738.346,2026-08-05 17:28:58,GUIDED,True,-7.9262264,112.594866,152.29,0.0,0.0,TRACKING_BUOY,337,17
1785925738.483,2026-08-05 17:28:58,GUIDED,True,-7.9262264,112.594866,152.3,0.0,0.0,TRACKING_BUOY,328,8
1785925738.622,2026-08-05 17:28:58,GUIDED,True,-7.9262264,112.594866,152.3,0.0,0.0,TRACKING_BUOY,315,-5
1785925738.766,2026-08-05 17:28:58,GUIDED,True,-7.9262264,112.594866,152.3,0.0,0.0,TRACKING_BUOY,303,-17
1785925738.938,2026-08-05 17:28:58,GUIDED,True,-7.9262264,112.594866,152.29,0.0,0.0,TRACKING_BUOY,290,-30
1785925739.075,2026-08-05 17:28:59,GUIDED,True,-7.9262264,112.594866,152.28,0.0,0.0,TRACKING_BUOY,273,-47
1785925739.224,2026-08-05 17:28:59,GUIDED,True,-7.9262264,112.594866,152.28,0.0,0.0,TRACKING_BUOY,265,-55
1785925739.367,2026-08-05 17:28:59,GUIDED,True,-7.9262264,112.594866,152.28,0.0,0.0,TRACKING_BUOY,261,-59
1785925739.504,2026-08-05 17:28:59,GUIDED,True,-7.9262264,112.594866,152.28,0.0,0.0,TRACKING_BUOY,261,-59
1785925739.653,2026-08-05 17:28:59,GUIDED,True,-7.9262264,112.594866,152.3,0.0,0.0,TRACKING_BUOY,263,-57
1785925739.791,2026-08-05 17:28:59,GUIDED,True,-7.9262264,112.594866,152.3,0.0,0.0,TRACKING_BUOY,270,-50
1785925739.929,2026-08-05 17:28:59,GUIDED,True,-7.9262264,112.594866,152.29,0.0,0.0,TRACKING_BUOY,305,-15
1785925740.065,2026-08-05 17:29:00,GUIDED,True,-7.9262264,112.594866,152.31,0.0,0.0,TRACKING_BUOY,275,-45
1785925740.228,2026-08-05 17:29:00,GUIDED,True,-7.9262264,112.594866,152.31,0.0,0.0,TRACKING_BUOY,276,-44
1785925740.430,2026-08-05 17:29:00,GUIDED,True,-7.9262264,112.594866,152.31,0.0,0.0,TRACKING_BUOY,277,-43
1785925740.659,2026-08-05 17:29:00,GUIDED,True,-7.9262264,112.594866,152.32,0.0,0.0,TRACKING_BUOY,277,-43
1785925740.910,2026-08-05 17:29:00,GUIDED,True,-7.9262264,112.594866,152.31,0.0,0.0,TRACKING_BUOY,277,-43
1785925741.062,2026-08-05 17:29:01,GUIDED,True,-7.9262264,112.594866,152.32,0.0,0.0,TRACKING_BUOY,279,-41
1785925741.205,2026-08-05 17:29:01,GUIDED,True,-7.9262264,112.594866,152.31,0.0,0.0,TRACKING_BUOY,278,-42
1785925741.341,2026-08-05 17:29:01,GUIDED,True,-7.9262264,112.594866,152.3,0.0,0.0,TRACKING_BUOY,279,-41
1785925741.481,2026-08-05 17:29:01,GUIDED,True,-7.9262264,112.594866,152.31,0.0,0.0,TRACKING_BUOY,279,-41
1785925741.620,2026-08-05 17:29:01,GUIDED,True,-7.9262264,112.594866,152.3,0.0,0.0,TRACKING_BUOY,279,-41
1785925741.758,2026-08-05 17:29:01,GUIDED,True,-7.9262264,112.594866,152.31,0.0,0.0,TRACKING_BUOY,280,-40
1785925741.896,2026-08-05 17:29:01,GUIDED,True,-7.9262264,112.594866,152.31,0.0,0.0,TRACKING_BUOY,280,-40
1785925742.036,2026-08-05 17:29:02,GUIDED,True,-7.9262264,112.594866,152.3,0.0,0.0,TRACKING_BUOY,281,-39
1785925742.193,2026-08-05 17:29:02,GUIDED,True,-7.9262264,112.594866,152.31,0.0,0.0,TRACKING_BUOY,280,-40
1785925742.329,2026-08-05 17:29:02,GUIDED,True,-7.9262264,112.594866,152.31,0.0,0.0,TRACKING_BUOY,281,-39
1785925742.465,2026-08-05 17:29:02,GUIDED,True,-7.9262264,112.594866,152.33,0.0,0.0,TRACKING_BUOY,293,-27
1785925742.600,2026-08-05 17:29:02,GUIDED,True,-7.9262264,112.594866,152.32,0.0,0.0,TRACKING_BUOY,,
1785925742.743,2026-08-05 17:29:02,GUIDED,True,-7.9262264,112.594866,152.32,0.0,0.0,TRACKING_BUOY,,
1785925742.885,2026-08-05 17:29:02,GUIDED,True,-7.9262264,112.594866,152.31,0.0,0.0,TRACKING_BUOY,,
1785925743.021,2026-08-05 17:29:03,GUIDED,True,-7.9262264,112.594866,152.32,0.0,0.0,TRACKING_BUOY,,
1785925743.162,2026-08-05 17:29:03,GUIDED,True,-7.9262264,112.594866,152.3,0.0,0.0,TRACKING_BUOY,,
1785925743.296,2026-08-05 17:29:03,GUIDED,True,-7.9262264,112.594866,152.3,0.0,0.0,TRACKING_BUOY,,
1785925743.433,2026-08-05 17:29:03,GUIDED,True,-7.9262264,112.594866,152.3,0.0,0.0,TRACKING_BUOY,,
1785925743.569,2026-08-05 17:29:03,GUIDED,True,-7.9262264,112.594866,152.31,0.0,0.0,TRACKING_BUOY,,
1785925743.711,2026-08-05 17:29:03,GUIDED,True,-7.9262264,112.594866,152.29,0.0,0.0,TRACKING_BUOY,,
1785925743.847,2026-08-05 17:29:03,GUIDED,True,-7.9262264,112.594866,152.3,0.0,0.0,TRACKING_BUOY,273,-47
1785925744.005,2026-08-05 17:29:04,GUIDED,True,-7.9262264,112.594866,152.29,0.0,0.0,TRACKING_BUOY,274,-46
1785925744.160,2026-08-05 17:29:04,GUIDED,True,-7.9262264,112.594866,152.29,0.0,0.0,TRACKING_BUOY,274,-46
1785925744.302,2026-08-05 17:29:04,GUIDED,True,-7.9262264,112.594866,152.28,0.0,0.0,TRACKING_BUOY,272,-48
1785925744.439,2026-08-05 17:29:04,GUIDED,False,-7.9262264,112.594866,152.28,0.0,0.0,TRACKING_BUOY,272,-48
1785925744.591,2026-08-05 17:29:04,GUIDED,False,-7.9262264,112.594866,152.27,0.0,0.0,TRACKING_BUOY,272,-48
1785925744.743,2026-08-05 17:29:04,GUIDED,False,-7.9262264,112.594866,152.26,0.0,0.0,TRACKING_BUOY,272,-48
1785925744.882,2026-08-05 17:29:04,GUIDED,False,-7.9262264,112.594866,152.27,0.0,0.0,TRACKING_BUOY,272,-48
1785925745.020,2026-08-05 17:29:05,GUIDED,False,-7.9262264,112.594866,152.26,0.0,0.0,TRACKING_BUOY,,
1785925745.166,2026-08-05 17:29:05,GUIDED,False,-7.9262264,112.594866,152.25,0.0,0.0,TRACKING_BUOY,,
1785925745.301,2026-08-05 17:29:05,GUIDED,False,-7.9262264,112.594866,152.24,0.0,0.0,TRACKING_BUOY,,
1785925745.438,2026-08-05 17:29:05,GUIDED,False,-7.9262264,112.594866,152.23,0.0,0.0,TRACKING_BUOY,,
1785925745.582,2026-08-05 17:29:05,GUIDED,False,-7.9262264,112.594866,152.24,0.0,0.0,TRACKING_BUOY,,
1785925745.722,2026-08-05 17:29:05,GUIDED,False,-7.9262264,112.594866,152.24,0.0,0.0,TRACKING_BUOY,,
1785925745.858,2026-08-05 17:29:05,GUIDED,False,-7.9262264,112.594866,152.22,0.0,0.0,TRACKING_BUOY,,
1785925745.993,2026-08-05 17:29:05,GUIDED,False,-7.9262264,112.594866,152.22,0.0,0.0,TRACKING_BUOY,,
1785925746.130,2026-08-05 17:29:06,GUIDED,False,-7.9262264,112.594866,152.21,0.0,0.0,TRACKING_BUOY,,
1785925746.262,2026-08-05 17:29:06,GUIDED,False,-7.9262264,112.594866,152.19,0.0,0.0,TRACKING_BUOY,,
1785925746.395,2026-08-05 17:29:06,GUIDED,False,-7.9262264,112.594866,152.19,0.0,0.0,TRACKING_BUOY,,
1785925746.534,2026-08-05 17:29:06,GUIDED,True,-7.9262264,112.594866,152.19,0.0,0.0,TRACKING_BUOY,,
1785925746.700,2026-08-05 17:29:06,GUIDED,True,-7.9262264,112.594866,152.2,0.0,0.0,TRACKING_BUOY,,
1785925746.853,2026-08-05 17:29:06,GUIDED,True,-7.9262264,112.594866,152.2,0.0,0.0,TRACKING_BUOY,,
1785925746.987,2026-08-05 17:29:06,GUIDED,True,-7.9262264,112.594866,152.2,0.0,0.0,TRACKING_BUOY,,
1785925747.123,2026-08-05 17:29:07,GUIDED,True,-7.9262264,112.594866,152.22,0.0,0.0,TRACKING_BUOY,,
1785925747.259,2026-08-05 17:29:07,GUIDED,True,-7.9262264,112.594866,152.2,0.0,0.0,TRACKING_BUOY,,
1785925747.402,2026-08-05 17:29:07,GUIDED,True,-7.9262264,112.594866,152.19,0.0,0.0,TRACKING_BUOY,,
1785925747.539,2026-08-05 17:29:07,GUIDED,True,-7.9262264,112.594866,152.2,0.0,0.0,TRACKING_BUOY,,
1785925747.686,2026-08-05 17:29:07,GUIDED,True,-7.9262264,112.594866,152.2,0.0,0.0,TRACKING_BUOY,,
1785925747.826,2026-08-05 17:29:07,GUIDED,True,-7.9262264,112.594866,152.2,0.0,0.0,TRACKING_BUOY,,
1785925747.966,2026-08-05 17:29:07,GUIDED,True,-7.9262264,112.594866,152.19,0.0,0.0,TRACKING_BUOY,,
1785925748.102,2026-08-05 17:29:08,GUIDED,True,-7.9262264,112.594866,152.18,0.0,0.0,TRACKING_BUOY,,
1785925748.244,2026-08-05 17:29:08,GUIDED,True,-7.9262264,112.594866,152.18,0.0,0.0,TRACKING_BUOY,,
1785925748.379,2026-08-05 17:29:08,GUIDED,True,-7.9262264,112.594866,152.19,0.0,0.0,TRACKING_BUOY,,
1785925748.524,2026-08-05 17:29:08,GUIDED,False,-7.9262264,112.594866,152.19,0.0,0.0,TRACKING_BUOY,,
1785925748.678,2026-08-05 17:29:08,GUIDED,False,-7.9262264,112.594866,152.19,0.0,0.0,TRACKING_BUOY,,
1785925748.827,2026-08-05 17:29:08,GUIDED,False,-7.9262264,112.594866,152.18,0.0,0.0,TRACKING_BUOY,240,-80
1785925748.964,2026-08-05 17:29:08,GUIDED,False,-7.9262264,112.594866,152.18,0.0,0.0,TRACKING_BUOY,264,-56
1785925749.129,2026-08-05 17:29:09,GUIDED,False,-7.9262264,112.594866,152.17,0.0,0.0,TRACKING_BUOY,278,-42
1785925749.272,2026-08-05 17:29:09,GUIDED,False,-7.9262264,112.594866,152.17,0.0,0.0,TRACKING_BUOY,290,-30
1785925749.420,2026-08-05 17:29:09,GUIDED,False,-7.9262264,112.594866,152.17,0.0,0.0,TRACKING_BUOY,291,-29
1785925749.564,2026-08-05 17:29:09,GUIDED,False,-7.9262264,112.594866,152.17,0.0,0.0,TRACKING_BUOY,290,-30
1785925749.721,2026-08-05 17:29:09,GUIDED,False,-7.9262264,112.594866,152.18,0.0,0.0,TRACKING_BUOY,294,-26
1785925749.862,2026-08-05 17:29:09,GUIDED,False,-7.9262264,112.594866,152.18,0.0,0.0,TRACKING_BUOY,295,-25
1785925749.999,2026-08-05 17:29:09,GUIDED,False,-7.9262264,112.594866,152.17,0.0,0.0,TRACKING_BUOY,295,-25
1785925750.144,2026-08-05 17:29:10,GUIDED,False,-7.9262264,112.594866,152.18,0.0,0.0,TRACKING_BUOY,290,-30
1785925750.282,2026-08-05 17:29:10,GUIDED,False,-7.9262264,112.594866,152.17,0.0,0.0,TRACKING_BUOY,286,-34
1785925750.423,2026-08-05 17:29:10,GUIDED,False,-7.9262264,112.594866,152.17,0.0,0.0,TRACKING_BUOY,283,-37
1785925750.562,2026-08-05 17:29:10,GUIDED,False,-7.9262264,112.594866,152.18,0.0,0.0,TRACKING_BUOY,281,-39
1785925750.719,2026-08-05 17:29:10,GUIDED,False,-7.9262264,112.594866,152.19,0.0,0.0,TRACKING_BUOY,277,-43
1785925750.856,2026-08-05 17:29:10,GUIDED,False,-7.9262264,112.594866,152.19,0.0,0.0,TRACKING_BUOY,271,-49
1785925750.991,2026-08-05 17:29:10,GUIDED,False,-7.9262264,112.594866,152.19,0.0,0.0,TRACKING_BUOY,140,-180
1785925751.128,2026-08-05 17:29:11,GUIDED,False,-7.9262264,112.594866,152.19,0.0,0.0,TRACKING_BUOY,140,-180
1785925751.272,2026-08-05 17:29:11,GUIDED,False,-7.9262264,112.594866,152.19,0.0,0.0,TRACKING_BUOY,272,-48
1785925751.414,2026-08-05 17:29:11,GUIDED,False,-7.9262264,112.594866,152.2,0.0,0.0,TRACKING_BUOY,273,-47
1785925751.555,2026-08-05 17:29:11,GUIDED,False,-7.9262264,112.594866,152.19,0.0,0.0,TRACKING_BUOY,277,-43
1785925751.698,2026-08-05 17:29:11,GUIDED,False,-7.9262264,112.594866,152.19,0.0,0.0,TRACKING_BUOY,281,-39
1785925751.839,2026-08-05 17:29:11,GUIDED,False,-7.9262264,112.594866,152.19,0.0,0.0,TRACKING_BUOY,300,-20
1785925751.976,2026-08-05 17:29:11,GUIDED,False,-7.9262264,112.594866,152.19,0.0,0.0,TRACKING_BUOY,294,-26
1785925752.120,2026-08-05 17:29:12,GUIDED,False,-7.9262264,112.594866,152.19,0.0,0.0,TRACKING_BUOY,293,-27
1785925752.260,2026-08-05 17:29:12,GUIDED,False,-7.9262264,112.594866,152.18,0.0,0.0,TRACKING_BUOY,291,-29
1785925752.399,2026-08-05 17:29:12,GUIDED,False,-7.9262264,112.594866,152.19,0.0,0.0,TRACKING_BUOY,291,-29
1785925752.537,2026-08-05 17:29:12,GUIDED,False,-7.9262264,112.594866,152.18,0.0,0.0,TRACKING_BUOY,287,-33
1785925752.685,2026-08-05 17:29:12,GUIDED,False,-7.9262264,112.594866,152.18,0.0,0.0,TRACKING_BUOY,282,-38
1785925752.823,2026-08-05 17:29:12,GUIDED,False,-7.9262264,112.594866,152.18,0.0,0.0,TRACKING_BUOY,272,-48
1785925752.967,2026-08-05 17:29:12,GUIDED,False,-7.9262264,112.594866,152.18,0.0,0.0,TRACKING_BUOY,261,-59
1785925753.104,2026-08-05 17:29:13,GUIDED,False,-7.9262264,112.594866,152.17,0.0,0.0,TRACKING_BUOY,245,-75
1785925753.242,2026-08-05 17:29:13,GUIDED,False,-7.9262264,112.594866,152.17,0.0,0.0,TRACKING_BUOY,222,-98
1785925753.381,2026-08-05 17:29:13,GUIDED,False,-7.9262264,112.594866,152.18,0.0,0.0,TRACKING_BUOY,212,-108
1785925753.515,2026-08-05 17:29:13,GUIDED,False,-7.9262264,112.594866,152.18,0.0,0.0,TRACKING_BUOY,214,-106
1785925753.650,2026-08-05 17:29:13,GUIDED,False,-7.9262264,112.594866,152.18,0.0,0.0,TRACKING_BUOY,229,-91
1785925753.789,2026-08-05 17:29:13,GUIDED,False,-7.9262264,112.594866,152.18,0.0,0.0,TRACKING_BUOY,255,-65
1785925753.925,2026-08-05 17:29:13,GUIDED,False,-7.9262264,112.594866,152.17,0.0,0.0,TRACKING_BUOY,270,-50
1785925754.065,2026-08-05 17:29:14,GUIDED,False,-7.9262264,112.594866,152.18,0.0,0.0,TRACKING_BUOY,311,-9
1785925754.240,2026-08-05 17:29:14,GUIDED,False,-7.9262264,112.594866,152.17,0.0,0.0,TRACKING_BUOY,331,11
1785925754.375,2026-08-05 17:29:14,GUIDED,False,-7.9262264,112.594866,152.16,0.0,0.0,TRACKING_BUOY,344,24
1785925754.510,2026-08-05 17:29:14,GUIDED,False,-7.9262264,112.594866,152.17,0.0,0.0,TRACKING_BUOY,346,26
1785925754.655,2026-08-05 17:29:14,GUIDED,False,-7.9262264,112.594866,152.17,0.0,0.0,TRACKING_BUOY,345,25
1785925754.790,2026-08-05 17:29:14,GUIDED,False,-7.9262264,112.594866,152.17,0.0,0.0,TRACKING_BUOY,346,26
1785925754.929,2026-08-05 17:29:14,GUIDED,False,-7.9262264,112.594866,152.16,0.0,0.0,TRACKING_BUOY,348,28
1785925755.070,2026-08-05 17:29:15,GUIDED,False,-7.9262264,112.594866,152.18,0.0,0.0,TRACKING_BUOY,348,28
1785925755.212,2026-08-05 17:29:15,GUIDED,False,-7.9262264,112.594866,152.18,0.0,0.0,TRACKING_BUOY,350,30
1785925755.348,2026-08-05 17:29:15,GUIDED,False,-7.9262264,112.594866,152.17,0.0,0.0,TRACKING_BUOY,352,32
1785925755.485,2026-08-05 17:29:15,GUIDED,False,-7.9262264,112.594866,152.18,0.0,0.0,TRACKING_BUOY,356,36
1785925755.621,2026-08-05 17:29:15,GUIDED,False,-7.9262264,112.594866,152.17,0.0,0.0,TRACKING_BUOY,364,44
1785925755.774,2026-08-05 17:29:15,GUIDED,False,-7.9262264,112.594866,152.19,0.0,0.0,TRACKING_BUOY,374,54
1785925755.912,2026-08-05 17:29:15,GUIDED,False,-7.9262264,112.594866,152.18,0.0,0.0,TRACKING_BUOY,391,71
1785925756.050,2026-08-05 17:29:16,GUIDED,False,-7.9262264,112.594866,152.2,0.0,0.0,TRACKING_BUOY,400,80
1785925756.193,2026-08-05 17:29:16,GUIDED,False,-7.9262264,112.594866,152.2,0.0,0.0,TRACKING_BUOY,407,87
1785925756.330,2026-08-05 17:29:16,GUIDED,False,-7.9262264,112.594866,152.2,0.0,0.0,TRACKING_BUOY,416,96
1785925756.469,2026-08-05 17:29:16,GUIDED,False,-7.9262264,112.594866,152.2,0.0,0.0,TRACKING_BUOY,422,102
1785925756.610,2026-08-05 17:29:16,GUIDED,False,-7.9262264,112.594866,152.2,0.0,0.0,TRACKING_BUOY,417,97
1785925756.750,2026-08-05 17:29:16,GUIDED,False,-7.9262264,112.594866,152.21,0.0,0.0,TRACKING_BUOY,411,91
1785925756.905,2026-08-05 17:29:16,GUIDED,False,-7.9262264,112.594866,152.2,0.0,0.0,TRACKING_BUOY,410,90
1785925757.044,2026-08-05 17:29:17,GUIDED,False,-7.9262264,112.594866,152.2,0.0,0.0,TRACKING_BUOY,403,83
1785925757.208,2026-08-05 17:29:17,GUIDED,False,-7.9262264,112.594866,152.21,0.0,0.0,TRACKING_BUOY,391,71
1785925757.354,2026-08-05 17:29:17,GUIDED,False,-7.9262264,112.594866,152.2,0.0,0.0,TRACKING_BUOY,373,53
1785925757.496,2026-08-05 17:29:17,GUIDED,False,-7.9262264,112.594866,152.21,0.0,0.0,TRACKING_BUOY,350,30
1785925757.644,2026-08-05 17:29:17,GUIDED,False,-7.9262264,112.594866,152.21,0.0,0.0,TRACKING_BUOY,331,11
1785925757.808,2026-08-05 17:29:17,GUIDED,False,-7.9262264,112.594866,152.22,0.0,0.0,TRACKING_BUOY,316,-4
1785925757.948,2026-08-05 17:29:17,GUIDED,False,-7.9262264,112.594866,152.22,0.0,0.0,TRACKING_BUOY,311,-9
1785925758.086,2026-08-05 17:29:18,GUIDED,False,-7.9262264,112.594866,152.21,0.0,0.0,TRACKING_BUOY,306,-14
1785925758.231,2026-08-05 17:29:18,GUIDED,False,-7.9262264,112.594866,152.21,0.0,0.0,TRACKING_BUOY,304,-16
1785925758.367,2026-08-05 17:29:18,GUIDED,False,-7.9262264,112.594866,152.21,0.0,0.0,TRACKING_BUOY,303,-17
1785925758.503,2026-08-05 17:29:18,GUIDED,False,-7.9262264,112.594866,152.21,0.0,0.0,TRACKING_BUOY,304,-16
1785925758.641,2026-08-05 17:29:18,GUIDED,False,-7.9262264,112.594866,152.21,0.0,0.0,TRACKING_BUOY,310,-10
1785925758.777,2026-08-05 17:29:18,GUIDED,False,-7.9262264,112.594866,152.22,0.0,0.0,TRACKING_BUOY,317,-3
1785925758.913,2026-08-05 17:29:18,GUIDED,False,-7.9262264,112.594866,152.22,0.0,0.0,TRACKING_BUOY,323,3
1785925759.049,2026-08-05 17:29:19,GUIDED,False,-7.9262264,112.594866,152.21,0.0,0.0,TRACKING_BUOY,327,7
1785925759.211,2026-08-05 17:29:19,GUIDED,False,-7.9262264,112.594866,152.23,0.0,0.0,TRACKING_BUOY,345,25
1785925759.354,2026-08-05 17:29:19,GUIDED,False,-7.9262264,112.594866,152.23,0.0,0.0,TRACKING_BUOY,351,31
1785925759.494,2026-08-05 17:29:19,GUIDED,False,-7.9262264,112.594866,152.23,0.0,0.0,TRACKING_BUOY,364,44
1785925759.633,2026-08-05 17:29:19,GUIDED,False,-7.9262264,112.594866,152.25,0.0,0.0,TRACKING_BUOY,373,53
1785925759.783,2026-08-05 17:29:19,GUIDED,False,-7.9262264,112.594866,152.26,0.0,0.0,TRACKING_BUOY,383,63
1785925759.921,2026-08-05 17:29:19,GUIDED,False,-7.9262264,112.594866,152.28,0.0,0.0,TRACKING_BUOY,379,59
1785925760.061,2026-08-05 17:29:20,GUIDED,False,-7.9262264,112.594866,152.29,0.0,0.0,TRACKING_BUOY,391,71
1785925760.203,2026-08-05 17:29:20,GUIDED,False,-7.9262264,112.594866,152.31,0.0,0.0,TRACKING_BUOY,390,70
1785925760.342,2026-08-05 17:29:20,GUIDED,False,-7.9262264,112.594866,152.3,0.0,0.0,TRACKING_BUOY,386,66
1785925760.482,2026-08-05 17:29:20,GUIDED,False,-7.9262264,112.594866,152.29,0.0,0.0,TRACKING_BUOY,361,41
1785925760.622,2026-08-05 17:29:20,GUIDED,False,-7.9262264,112.594866,152.29,0.0,0.0,TRACKING_BUOY,324,4
1785925760.776,2026-08-05 17:29:20,GUIDED,False,-7.9262264,112.594866,152.28,0.0,0.0,TRACKING_BUOY,296,-24
1785925760.914,2026-08-05 17:29:20,GUIDED,False,-7.9262264,112.594866,152.28,0.0,0.0,TRACKING_BUOY,267,-53
1785925761.049,2026-08-05 17:29:21,GUIDED,False,-7.9262264,112.594866,152.27,0.0,0.0,TRACKING_BUOY,253,-67
1785925761.190,2026-08-05 17:29:21,GUIDED,False,-7.9262264,112.594866,152.26,0.0,0.0,TRACKING_BUOY,244,-76
1785925761.331,2026-08-05 17:29:21,GUIDED,False,-7.9262264,112.594866,152.25,0.0,0.0,TRACKING_BUOY,239,-81
1785925761.469,2026-08-05 17:29:21,GUIDED,False,-7.9262264,112.594866,152.23,0.0,0.0,TRACKING_BUOY,169,-151
1785925761.607,2026-08-05 17:29:21,GUIDED,False,-7.9262264,112.594866,152.22,0.0,0.0,TRACKING_BUOY,237,-83
1785925761.745,2026-08-05 17:29:21,GUIDED,False,-7.9262264,112.594866,152.22,0.0,0.0,TRACKING_BUOY,238,-82
1785925761.889,2026-08-05 17:29:21,GUIDED,False,-7.9262264,112.594866,152.21,0.0,0.0,TRACKING_BUOY,235,-85
1785925762.024,2026-08-05 17:29:22,GUIDED,False,-7.9262264,112.594866,152.21,0.0,0.0,TRACKING_BUOY,254,-66
1785925762.179,2026-08-05 17:29:22,GUIDED,False,-7.9262264,112.594866,152.21,0.0,0.0,TRACKING_BUOY,275,-45
1785925762.319,2026-08-05 17:29:22,GUIDED,False,-7.9262264,112.594866,152.2,0.0,0.0,TRACKING_BUOY,322,2
1785925762.457,2026-08-05 17:29:22,GUIDED,False,-7.9262264,112.594866,152.21,0.0,0.0,TRACKING_BUOY,352,32
1785925762.593,2026-08-05 17:29:22,GUIDED,False,-7.9262264,112.594866,152.21,0.0,0.0,TRACKING_BUOY,379,59
1785925762.737,2026-08-05 17:29:22,GUIDED,False,-7.9262264,112.594866,152.19,0.0,0.0,TRACKING_BUOY,392,72
1785925762.874,2026-08-05 17:29:22,GUIDED,False,-7.9262264,112.594866,152.21,0.0,0.0,TRACKING_BUOY,402,82
1785925763.012,2026-08-05 17:29:23,GUIDED,False,-7.9262264,112.594866,152.22,0.0,0.0,TRACKING_BUOY,411,91
1785925763.167,2026-08-05 17:29:23,GUIDED,False,-7.9262264,112.594866,152.24,0.0,0.0,TRACKING_BUOY,414,94
1785925763.302,2026-08-05 17:29:23,GUIDED,False,-7.9262264,112.594866,152.25,0.0,0.0,TRACKING_BUOY,408,88
1785925763.439,2026-08-05 17:29:23,GUIDED,False,-7.9262264,112.594866,152.24,0.0,0.0,TRACKING_BUOY,400,80
1785925763.577,2026-08-05 17:29:23,GUIDED,False,-7.9262264,112.594866,152.23,0.0,0.0,TRACKING_BUOY,388,68
1785925763.718,2026-08-05 17:29:23,GUIDED,False,-7.9262264,112.594866,152.22,0.0,0.0,TRACKING_BUOY,363,43
1785925763.856,2026-08-05 17:29:23,GUIDED,False,-7.9262264,112.594866,152.22,0.0,0.0,TRACKING_BUOY,329,9
1785925763.997,2026-08-05 17:29:23,GUIDED,False,-7.9262264,112.594866,152.19,0.0,0.0,TRACKING_BUOY,298,-22
1785925764.149,2026-08-05 17:29:24,GUIDED,False,-7.9262264,112.594866,152.2,0.0,0.0,TRACKING_BUOY,264,-56
1785925764.294,2026-08-05 17:29:24,GUIDED,False,-7.9262264,112.594866,152.21,0.0,0.0,TRACKING_BUOY,243,-77
1785925764.432,2026-08-05 17:29:24,GUIDED,False,-7.9262264,112.594866,152.21,0.0,0.0,TRACKING_BUOY,154,-166
1785925764.569,2026-08-05 17:29:24,GUIDED,False,-7.9262264,112.594866,152.22,0.0,0.0,TRACKING_BUOY,,
1785925764.710,2026-08-05 17:29:24,GUIDED,False,-7.9262264,112.594866,152.23,0.0,0.0,TRACKING_BUOY,146,-174
1785925764.854,2026-08-05 17:29:24,GUIDED,False,-7.9262264,112.594866,152.24,0.0,0.0,TRACKING_BUOY,79,-241
1785925764.994,2026-08-05 17:29:24,GUIDED,False,-7.9262264,112.594866,152.23,0.0,0.0,TRACKING_BUOY,149,-171
1785925765.138,2026-08-05 17:29:25,GUIDED,False,-7.9262264,112.594866,152.24,0.0,0.0,TRACKING_BUOY,172,-148
1785925765.276,2026-08-05 17:29:25,GUIDED,False,-7.9262264,112.594866,152.25,0.0,0.0,TRACKING_BUOY,182,-138
1785925765.415,2026-08-05 17:29:25,GUIDED,False,-7.9262264,112.594866,152.26,0.0,0.0,TRACKING_BUOY,181,-139
1785925765.548,2026-08-05 17:29:25,GUIDED,False,-7.9262264,112.594866,152.27,0.0,0.0,TRACKING_BUOY,181,-139
1785925765.696,2026-08-05 17:29:25,GUIDED,False,-7.9262264,112.594866,152.26,0.0,0.0,TRACKING_BUOY,180,-140
1785925765.830,2026-08-05 17:29:25,GUIDED,False,-7.9262264,112.594866,152.26,0.0,0.0,TRACKING_BUOY,174,-146
1785925765.969,2026-08-05 17:29:25,GUIDED,False,-7.9262264,112.594866,152.25,0.0,0.0,TRACKING_BUOY,171,-149
1785925766.106,2026-08-05 17:29:26,GUIDED,False,-7.9262264,112.594866,152.25,0.0,0.0,TRACKING_BUOY,168,-152
1785925766.242,2026-08-05 17:29:26,GUIDED,False,-7.9262264,112.594866,152.25,0.0,0.0,TRACKING_BUOY,167,-153
1785925766.377,2026-08-05 17:29:26,GUIDED,False,-7.9262264,112.594866,152.25,0.0,0.0,TRACKING_BUOY,168,-152
1785925766.522,2026-08-05 17:29:26,GUIDED,True,-7.9262264,112.594866,152.27,0.0,0.0,TRACKING_BUOY,169,-151
1785925766.679,2026-08-05 17:29:26,GUIDED,True,-7.9262264,112.594866,152.26,0.0,0.0,TRACKING_BUOY,167,-153
1785925766.827,2026-08-05 17:29:26,GUIDED,True,-7.9262264,112.594866,152.27,0.0,0.0,TRACKING_BUOY,167,-153
1785925766.968,2026-08-05 17:29:26,GUIDED,True,-7.9262264,112.594866,152.25,0.0,0.0,TRACKING_BUOY,169,-151
1785925767.103,2026-08-05 17:29:27,GUIDED,True,-7.9262264,112.594866,152.25,0.0,0.0,TRACKING_BUOY,170,-150
1785925767.260,2026-08-05 17:29:27,GUIDED,True,-7.9262264,112.594866,152.24,0.0,0.0,TRACKING_BUOY,170,-150
1785925767.402,2026-08-05 17:29:27,GUIDED,True,-7.9262264,112.594866,152.27,0.0,0.0,TRACKING_BUOY,171,-149
1785925767.538,2026-08-05 17:29:27,GUIDED,True,-7.9262264,112.594866,152.26,0.0,0.0,TRACKING_BUOY,184,-136
1785925767.675,2026-08-05 17:29:27,GUIDED,True,-7.9262264,112.594866,152.24,0.0,0.0,TRACKING_BUOY,209,-111
1785925767.826,2026-08-05 17:29:27,GUIDED,True,-7.9262264,112.594866,152.23,0.0,0.0,TRACKING_BUOY,230,-90
1785925767.969,2026-08-05 17:29:27,GUIDED,True,-7.9262264,112.594866,152.25,0.0,0.0,TRACKING_BUOY,241,-79
1785925768.109,2026-08-05 17:29:28,GUIDED,True,-7.9262264,112.594866,152.25,0.0,0.0,TRACKING_BUOY,310,-10
1785925768.251,2026-08-05 17:29:28,GUIDED,True,-7.9262264,112.594866,152.25,0.0,0.0,TRACKING_BUOY,309,-11
1785925768.398,2026-08-05 17:29:28,GUIDED,True,-7.9262264,112.594866,152.25,0.0,0.0,TRACKING_BUOY,305,-15
1785925768.537,2026-08-05 17:29:28,GUIDED,True,-7.9262264,112.594866,152.26,0.0,0.0,TRACKING_BUOY,303,-17
1785925768.675,2026-08-05 17:29:28,GUIDED,True,-7.9262264,112.594866,152.26,0.0,0.0,TRACKING_BUOY,300,-20
1785925768.825,2026-08-05 17:29:28,GUIDED,True,-7.9262264,112.594866,152.25,0.0,0.0,TRACKING_BUOY,297,-23
1785925769.003,2026-08-05 17:29:29,GUIDED,True,-7.9262264,112.594866,152.26,0.0,0.0,TRACKING_BUOY,289,-31
1785925769.204,2026-08-05 17:29:29,GUIDED,True,-7.9262264,112.594866,152.27,0.0,0.0,TRACKING_BUOY,277,-43
1785925769.470,2026-08-05 17:29:29,GUIDED,True,-7.9262264,112.594866,152.26,0.0,0.0,TRACKING_BUOY,263,-57
1785925769.622,2026-08-05 17:29:29,GUIDED,True,-7.9262264,112.594866,152.28,0.0,0.0,TRACKING_BUOY,270,-50
1785925769.770,2026-08-05 17:29:29,GUIDED,True,-7.9262264,112.594866,152.29,0.0,0.0,TRACKING_BUOY,298,-22
1785925769.915,2026-08-05 17:29:29,GUIDED,True,-7.9262264,112.594866,152.29,0.0,0.0,TRACKING_BUOY,317,-3
1785925770.055,2026-08-05 17:29:30,GUIDED,True,-7.9262264,112.594866,152.3,0.0,0.0,TRACKING_BUOY,333,13
1785925770.200,2026-08-05 17:29:30,GUIDED,True,-7.9262264,112.594866,152.29,0.0,0.0,TRACKING_BUOY,348,28
1785925770.339,2026-08-05 17:29:30,GUIDED,True,-7.9262264,112.594866,152.3,0.0,0.0,TRACKING_BUOY,361,41
1785925770.477,2026-08-05 17:29:30,GUIDED,True,-7.9262264,112.594866,152.31,0.0,0.0,TRACKING_BUOY,369,49
1785925770.614,2026-08-05 17:29:30,GUIDED,True,-7.9262264,112.594866,152.31,0.0,0.0,TRACKING_BUOY,373,53
1785925770.765,2026-08-05 17:29:30,GUIDED,True,-7.9262264,112.594866,152.32,0.0,0.0,TRACKING_BUOY,375,55
1785925770.909,2026-08-05 17:29:30,GUIDED,True,-7.9262264,112.594866,152.32,0.0,0.0,TRACKING_BUOY,376,56
1785925771.057,2026-08-05 17:29:31,GUIDED,True,-7.9262264,112.594866,152.32,0.0,0.0,TRACKING_BUOY,377,57
1785925771.208,2026-08-05 17:29:31,GUIDED,True,-7.9262264,112.594866,152.32,0.0,0.0,TRACKING_BUOY,378,58
1785925771.352,2026-08-05 17:29:31,GUIDED,True,-7.9262264,112.594866,152.32,0.0,0.0,TRACKING_BUOY,380,60
1785925771.492,2026-08-05 17:29:31,GUIDED,True,-7.9262264,112.594866,152.33,0.0,0.0,TRACKING_BUOY,382,62
1785925771.636,2026-08-05 17:29:31,GUIDED,True,-7.9262264,112.594866,152.33,0.0,0.0,TRACKING_BUOY,384,64
1785925771.774,2026-08-05 17:29:31,GUIDED,True,-7.9262264,112.594866,152.33,0.0,0.0,TRACKING_BUOY,386,66
1785925771.911,2026-08-05 17:29:31,GUIDED,True,-7.9262264,112.594866,152.33,0.0,0.0,TRACKING_BUOY,392,72
1785925772.049,2026-08-05 17:29:32,GUIDED,True,-7.9262264,112.594866,152.34,0.0,0.0,TRACKING_BUOY,399,79
1785925772.210,2026-08-05 17:29:32,GUIDED,True,-7.9262264,112.594866,152.35,0.0,0.0,TRACKING_BUOY,404,84
1785925772.349,2026-08-05 17:29:32,GUIDED,True,-7.9262264,112.594866,152.35,0.0,0.0,TRACKING_BUOY,406,86
1785925772.487,2026-08-05 17:29:32,GUIDED,True,-7.9262264,112.594866,152.35,0.0,0.0,TRACKING_BUOY,408,88
1785925772.624,2026-08-05 17:29:32,GUIDED,True,-7.9262264,112.594866,152.34,0.0,0.0,TRACKING_BUOY,410,90
1785925772.765,2026-08-05 17:29:32,GUIDED,True,-7.9262264,112.594866,152.34,0.0,0.0,TRACKING_BUOY,411,91
1785925772.902,2026-08-05 17:29:32,GUIDED,True,-7.9262264,112.594866,152.35,0.0,0.0,TRACKING_BUOY,407,87
1785925773.038,2026-08-05 17:29:33,GUIDED,True,-7.9262264,112.594866,152.36,0.0,0.0,TRACKING_BUOY,400,80
1785925773.189,2026-08-05 17:29:33,GUIDED,True,-7.9262264,112.594866,152.37,0.0,0.0,TRACKING_BUOY,391,71
1785925773.327,2026-08-05 17:29:33,GUIDED,True,-7.9262264,112.594866,152.37,0.0,0.0,TRACKING_BUOY,380,60
1785925773.465,2026-08-05 17:29:33,GUIDED,True,-7.9262264,112.594866,152.34,0.0,0.0,TRACKING_BUOY,367,47
1785925773.605,2026-08-05 17:29:33,GUIDED,True,-7.9262264,112.594866,152.33,0.0,0.0,TRACKING_BUOY,350,30
1785925773.747,2026-08-05 17:29:33,GUIDED,True,-7.9262264,112.594866,152.32,0.0,0.0,TRACKING_BUOY,337,17
1785925773.885,2026-08-05 17:29:33,GUIDED,True,-7.9262264,112.594866,152.33,0.0,0.0,TRACKING_BUOY,324,4
1785925774.024,2026-08-05 17:29:34,GUIDED,True,-7.9262264,112.594866,152.32,0.0,0.0,TRACKING_BUOY,313,-7
1785925774.182,2026-08-05 17:29:34,GUIDED,True,-7.9262264,112.594866,152.32,0.0,0.0,TRACKING_BUOY,309,-11
1785925774.322,2026-08-05 17:29:34,GUIDED,True,-7.9262264,112.594866,152.31,0.0,0.0,TRACKING_BUOY,306,-14
1785925774.470,2026-08-05 17:29:34,GUIDED,True,-7.9262264,112.594866,152.3,0.0,0.0,TRACKING_BUOY,305,-15
1785925774.611,2026-08-05 17:29:34,GUIDED,True,-7.9262264,112.594866,152.29,0.0,0.0,TRACKING_BUOY,307,-13
1785925774.749,2026-08-05 17:29:34,GUIDED,True,-7.9262264,112.594866,152.29,0.0,0.0,TRACKING_BUOY,311,-9
1785925774.891,2026-08-05 17:29:34,GUIDED,True,-7.9262264,112.594866,152.3,0.0,0.0,TRACKING_BUOY,324,4
1785925775.029,2026-08-05 17:29:35,GUIDED,True,-7.9262264,112.594866,152.29,0.0,0.0,TRACKING_BUOY,331,11
1785925775.191,2026-08-05 17:29:35,GUIDED,True,-7.9262264,112.594866,152.29,0.0,0.0,TRACKING_BUOY,340,20
1785925775.332,2026-08-05 17:29:35,GUIDED,True,-7.9262264,112.594866,152.3,0.0,0.0,TRACKING_BUOY,348,28
1785925775.470,2026-08-05 17:29:35,GUIDED,True,-7.9262264,112.594866,152.3,0.0,0.0,TRACKING_BUOY,352,32
1785925775.610,2026-08-05 17:29:35,GUIDED,True,-7.9262264,112.594866,152.32,0.0,0.0,TRACKING_BUOY,354,34
1785925775.749,2026-08-05 17:29:35,GUIDED,True,-7.9262264,112.594866,152.33,0.0,0.0,TRACKING_BUOY,352,32
1785925775.892,2026-08-05 17:29:35,GUIDED,True,-7.9262264,112.594866,152.33,0.0,0.0,TRACKING_BUOY,342,22
1785925776.029,2026-08-05 17:29:36,GUIDED,True,-7.9262264,112.594866,152.32,0.0,0.0,TRACKING_BUOY,333,13
1785925776.168,2026-08-05 17:29:36,GUIDED,True,-7.9262264,112.594866,152.33,0.0,0.0,TRACKING_BUOY,321,1
1785925776.306,2026-08-05 17:29:36,GUIDED,True,-7.9262264,112.594866,152.34,0.0,0.0,TRACKING_BUOY,307,-13
1785925776.447,2026-08-05 17:29:36,GUIDED,True,-7.9262264,112.594866,152.33,0.0,0.0,TRACKING_BUOY,291,-29
1785925776.586,2026-08-05 17:29:36,GUIDED,True,-7.9262264,112.594866,152.35,0.0,0.0,TRACKING_BUOY,281,-39
1785925776.729,2026-08-05 17:29:36,GUIDED,True,-7.9262264,112.594866,152.34,0.0,0.0,TRACKING_BUOY,273,-47
1785925776.879,2026-08-05 17:29:36,GUIDED,True,-7.9262264,112.594866,152.34,0.0,0.0,TRACKING_BUOY,268,-52
1785925777.024,2026-08-05 17:29:37,GUIDED,True,-7.9262264,112.594866,152.34,0.0,0.0,TRACKING_BUOY,268,-52
1785925777.182,2026-08-05 17:29:37,GUIDED,True,-7.9262264,112.594866,152.32,0.0,0.0,TRACKING_BUOY,277,-43
1785925777.326,2026-08-05 17:29:37,GUIDED,True,-7.9262264,112.594866,152.32,0.0,0.0,TRACKING_BUOY,293,-27
1785925777.469,2026-08-05 17:29:37,GUIDED,True,-7.9262264,112.594866,152.36,0.0,0.0,TRACKING_BUOY,313,-7
1785925777.612,2026-08-05 17:29:37,GUIDED,True,-7.9262264,112.594866,152.37,0.0,0.0,TRACKING_BUOY,337,17
1785925777.751,2026-08-05 17:29:37,GUIDED,True,-7.9262264,112.594866,152.37,0.0,0.0,TRACKING_BUOY,357,37
1785925777.889,2026-08-05 17:29:37,GUIDED,True,-7.9262264,112.594866,152.37,0.0,0.0,TRACKING_BUOY,349,29
1785925778.026,2026-08-05 17:29:38,GUIDED,True,-7.9262264,112.594866,152.37,0.0,0.0,TRACKING_BUOY,,
1785925778.167,2026-08-05 17:29:38,GUIDED,True,-7.9262264,112.594866,152.36,0.0,0.0,TRACKING_BUOY,,
1785925778.306,2026-08-05 17:29:38,GUIDED,True,-7.9262264,112.594866,152.35,0.0,0.0,TRACKING_BUOY,,
1785925778.442,2026-08-05 17:29:38,GUIDED,True,-7.9262264,112.594866,152.34,0.0,0.0,TRACKING_BUOY,,
1785925778.579,2026-08-05 17:29:38,GUIDED,True,-7.9262264,112.594866,152.34,0.0,0.0,TRACKING_BUOY,,
1785925778.724,2026-08-05 17:29:38,GUIDED,True,-7.9262264,112.594866,152.34,0.0,0.0,TRACKING_BUOY,,
1785925778.866,2026-08-05 17:29:38,GUIDED,True,-7.9262264,112.594866,152.33,0.0,0.0,TRACKING_BUOY,,
1785925779.010,2026-08-05 17:29:39,GUIDED,True,-7.9262264,112.594866,152.34,0.0,0.0,TRACKING_BUOY,,
1785925779.160,2026-08-05 17:29:39,GUIDED,True,-7.9262264,112.594866,152.34,0.0,0.0,TRACKING_BUOY,,
1785925779.305,2026-08-05 17:29:39,GUIDED,True,-7.9262264,112.594866,152.36,0.0,0.0,TRACKING_BUOY,,
1785925779.444,2026-08-05 17:29:39,GUIDED,False,-7.9262264,112.594866,152.37,0.0,0.0,TRACKING_BUOY,,
1785925779.660,2026-08-05 17:29:39,GUIDED,False,-7.9262264,112.594866,152.35,0.0,0.0,TRACKING_BUOY,,
1785925779.831,2026-08-05 17:29:39,GUIDED,False,-7.9262264,112.594866,152.36,0.0,0.0,TRACKING_BUOY,,
1785925779.983,2026-08-05 17:29:39,GUIDED,False,-7.9262264,112.594866,152.39,0.0,0.0,TRACKING_BUOY,,
1785925780.120,2026-08-05 17:29:40,GUIDED,False,-7.9262264,112.594866,152.39,0.0,0.0,TRACKING_BUOY,,
1785925780.257,2026-08-05 17:29:40,GUIDED,False,-7.9262264,112.594866,152.42,0.0,0.0,TRACKING_BUOY,,
1785925780.397,2026-08-05 17:29:40,GUIDED,False,-7.9262264,112.594866,152.41,0.0,0.0,TRACKING_BUOY,,
1785925780.534,2026-08-05 17:29:40,GUIDED,False,-7.9262264,112.594866,152.4,0.0,0.0,TRACKING_BUOY,,
1785925780.674,2026-08-05 17:29:40,GUIDED,False,-7.9262264,112.594866,152.41,0.0,0.0,TRACKING_BUOY,,
1785925780.838,2026-08-05 17:29:40,GUIDED,False,-7.9262264,112.594866,152.4,0.0,0.0,TRACKING_BUOY,,
1785925781.040,2026-08-05 17:29:41,GUIDED,False,-7.9262264,112.594866,152.41,0.0,0.0,TRACKING_BUOY,,
1785925781.343,2026-08-05 17:29:41,GUIDED,False,-7.9262264,112.594866,152.4,0.0,0.0,TRACKING_BUOY,,
1785925781.557,2026-08-05 17:29:41,GUIDED,False,-7.9262264,112.594866,152.4,0.0,0.0,TRACKING_BUOY,,
1785925781.707,2026-08-05 17:29:41,GUIDED,False,-7.9262264,112.594866,152.4,0.0,0.0,TRACKING_BUOY,,
1785925781.893,2026-08-05 17:29:41,GUIDED,False,-7.9262264,112.594866,152.4,0.0,0.0,TRACKING_BUOY,,
1785925782.031,2026-08-05 17:29:42,GUIDED,False,-7.9262264,112.594866,152.38,0.0,0.0,TRACKING_BUOY,,
1785925782.183,2026-08-05 17:29:42,GUIDED,False,-7.9262264,112.594866,152.38,0.0,0.0,TRACKING_BUOY,,
1785925782.323,2026-08-05 17:29:42,GUIDED,False,-7.9262264,112.594866,152.39,0.0,0.0,TRACKING_BUOY,,
1785925782.460,2026-08-05 17:29:42,GUIDED,False,-7.9262264,112.594866,152.39,0.0,0.0,TRACKING_BUOY,,
1785925782.606,2026-08-05 17:29:42,GUIDED,False,-7.9262264,112.594866,152.4,0.0,0.0,TRACKING_BUOY,,
1785925782.737,2026-08-05 17:29:42,GUIDED,False,-7.9262264,112.594866,152.4,0.0,0.0,TRACKING_BUOY,,
1785925782.865,2026-08-05 17:29:42,GUIDED,False,-7.9262264,112.594866,152.38,0.0,0.0,TRACKING_BUOY,104,-216
1785925783.010,2026-08-05 17:29:43,GUIDED,False,-7.9262264,112.594866,152.37,0.0,0.0,TRACKING_BUOY,,
1785925783.159,2026-08-05 17:29:43,GUIDED,False,-7.9262264,112.594866,152.35,0.0,0.0,TRACKING_BUOY,100,-220
1785925783.311,2026-08-05 17:29:43,GUIDED,False,-7.9262264,112.594866,152.35,0.0,0.0,TRACKING_BUOY,99,-221
1785925783.443,2026-08-05 17:29:43,GUIDED,False,-7.9262264,112.594866,152.35,0.0,0.0,TRACKING_BUOY,98,-222
1785925783.579,2026-08-05 17:29:43,GUIDED,False,-7.9262264,112.594866,152.34,0.0,0.0,TRACKING_BUOY,97,-223
1785925783.720,2026-08-05 17:29:43,GUIDED,False,-7.9262264,112.594866,152.34,0.0,0.0,TRACKING_BUOY,98,-222
1785925783.858,2026-08-05 17:29:43,GUIDED,False,-7.9262264,112.594866,152.33,0.0,0.0,TRACKING_BUOY,,
1785925783.990,2026-08-05 17:29:43,GUIDED,False,-7.9262264,112.594866,152.34,0.0,0.0,TRACKING_BUOY,,
1785925784.133,2026-08-05 17:29:44,GUIDED,False,-7.9262264,112.594866,152.35,0.0,0.0,TRACKING_BUOY,,
1785925784.263,2026-08-05 17:29:44,GUIDED,False,-7.9262264,112.594866,152.35,0.0,0.0,TRACKING_BUOY,,
1785925784.392,2026-08-05 17:29:44,GUIDED,False,-7.9262264,112.594866,152.35,0.0,0.0,TRACKING_BUOY,,
1785925784.521,2026-08-05 17:29:44,GUIDED,False,-7.9262264,112.594866,152.36,0.0,0.0,TRACKING_BUOY,,
1785925784.664,2026-08-05 17:29:44,GUIDED,False,-7.9262264,112.594866,152.37,0.0,0.0,TRACKING_BUOY,,
1785925784.799,2026-08-05 17:29:44,GUIDED,False,-7.9262264,112.594866,152.36,0.0,0.0,TRACKING_BUOY,,
1785925784.927,2026-08-05 17:29:44,GUIDED,False,-7.9262264,112.594866,152.37,0.0,0.0,TRACKING_BUOY,,
1785925785.066,2026-08-05 17:29:45,GUIDED,False,-7.9262264,112.594866,152.37,0.0,0.0,TRACKING_BUOY,,
1785925785.200,2026-08-05 17:29:45,GUIDED,False,-7.9262264,112.594866,152.37,0.0,0.0,TRACKING_BUOY,,
1785925785.326,2026-08-05 17:29:45,GUIDED,False,-7.9262264,112.594866,152.36,0.0,0.0,TRACKING_BUOY,,
1785925785.456,2026-08-05 17:29:45,GUIDED,False,-7.9262264,112.594866,152.35,0.0,0.0,TRACKING_BUOY,,
1785925785.584,2026-08-05 17:29:45,GUIDED,False,-7.9262264,112.594866,152.37,0.0,0.0,TRACKING_BUOY,,
1785925785.721,2026-08-05 17:29:45,GUIDED,False,-7.9262264,112.594866,152.36,0.0,0.0,TRACKING_BUOY,,
1785925785.855,2026-08-05 17:29:45,GUIDED,False,-7.9262264,112.594866,152.35,0.0,0.0,TRACKING_BUOY,,
1785925785.996,2026-08-05 17:29:45,GUIDED,False,-7.9262264,112.594866,152.35,0.0,0.0,TRACKING_BUOY,,
1785925786.127,2026-08-05 17:29:46,GUIDED,False,-7.9262264,112.594866,152.35,0.0,0.0,TRACKING_BUOY,,
1785925786.260,2026-08-05 17:29:46,GUIDED,False,-7.9262264,112.594866,152.34,0.0,0.0,TRACKING_BUOY,,
1785925786.391,2026-08-05 17:29:46,GUIDED,False,-7.9262264,112.594866,152.33,0.0,0.0,TRACKING_BUOY,,
1785925786.527,2026-08-05 17:29:46,GUIDED,False,-7.9262264,112.594866,152.33,0.0,0.0,TRACKING_BUOY,,
1785925786.664,2026-08-05 17:29:46,GUIDED,False,-7.9262264,112.594866,152.34,0.0,0.0,TRACKING_BUOY,,
1785925786.798,2026-08-05 17:29:46,GUIDED,False,-7.9262264,112.594866,152.33,0.0,0.0,TRACKING_BUOY,,
1785925786.926,2026-08-05 17:29:46,GUIDED,False,-7.9262264,112.594866,152.34,0.0,0.0,TRACKING_BUOY,,
1785925787.059,2026-08-05 17:29:47,GUIDED,False,-7.9262264,112.594866,152.33,0.0,0.0,TRACKING_BUOY,,
1785925787.201,2026-08-05 17:29:47,GUIDED,False,-7.9262264,112.594866,152.33,0.0,0.0,TRACKING_BUOY,,
1785925787.332,2026-08-05 17:29:47,GUIDED,False,-7.9262264,112.594866,152.33,0.0,0.0,TRACKING_BUOY,,
1785925787.467,2026-08-05 17:29:47,GUIDED,False,-7.9262264,112.594866,152.32,0.0,0.0,TRACKING_BUOY,,
1785925787.596,2026-08-05 17:29:47,GUIDED,False,-7.9262264,112.594866,152.33,0.0,0.0,TRACKING_BUOY,,
1785925787.730,2026-08-05 17:29:47,GUIDED,False,-7.9262264,112.594866,152.33,0.0,0.0,TRACKING_BUOY,,
1785925787.862,2026-08-05 17:29:47,GUIDED,False,-7.9262264,112.594866,152.33,0.0,0.0,TRACKING_BUOY,,
1785925788.038,2026-08-05 17:29:48,GUIDED,False,-7.9262264,112.594866,152.32,0.0,0.0,TRACKING_BUOY,,
1785925788.317,2026-08-05 17:29:48,GUIDED,False,-7.9262264,112.594866,152.31,0.0,0.0,TRACKING_BUOY,,
1785925788.461,2026-08-05 17:29:48,GUIDED,False,-7.9262264,112.594866,152.31,0.0,0.0,TRACKING_BUOY,,
1785925788.596,2026-08-05 17:29:48,GUIDED,False,-7.9262264,112.594866,152.31,0.0,0.0,TRACKING_BUOY,,
1785925788.732,2026-08-05 17:29:48,GUIDED,False,-7.9262264,112.594866,152.32,0.0,0.0,TRACKING_BUOY,,
1785925788.867,2026-08-05 17:29:48,GUIDED,False,-7.9262264,112.594866,152.33,0.0,0.0,TRACKING_BUOY,,
1785925789.000,2026-08-05 17:29:49,GUIDED,False,-7.9262264,112.594866,152.33,0.0,0.0,TRACKING_BUOY,470,150
1785925789.142,2026-08-05 17:29:49,GUIDED,False,-7.9262264,112.594866,152.33,0.0,0.0,TRACKING_BUOY,,
1785925789.270,2026-08-05 17:29:49,GUIDED,False,-7.9262264,112.594866,152.31,0.0,0.0,TRACKING_BUOY,,
1785925789.406,2026-08-05 17:29:49,GUIDED,False,-7.9262264,112.594866,152.31,0.0,0.0,TRACKING_BUOY,,
1785925789.548,2026-08-05 17:29:49,GUIDED,False,-7.9262264,112.594866,152.3,0.0,0.0,TRACKING_BUOY,,
1785925789.683,2026-08-05 17:29:49,GUIDED,False,-7.9262264,112.594866,152.3,0.0,0.0,TRACKING_BUOY,,
1785925789.832,2026-08-05 17:29:49,GUIDED,False,-7.9262264,112.594866,152.27,0.0,0.0,TRACKING_BUOY,,
1785925789.973,2026-08-05 17:29:49,GUIDED,False,-7.9262264,112.594866,152.28,0.0,0.0,TRACKING_BUOY,,
1785925790.116,2026-08-05 17:29:50,GUIDED,False,-7.9262264,112.594866,152.28,0.0,0.0,TRACKING_BUOY,,
1785925790.255,2026-08-05 17:29:50,GUIDED,False,-7.9262264,112.594866,152.28,0.0,0.0,TRACKING_BUOY,,
1785925790.388,2026-08-05 17:29:50,GUIDED,False,-7.9262264,112.594866,152.27,0.0,0.0,TRACKING_BUOY,,
1785925790.519,2026-08-05 17:29:50,GUIDED,False,-7.9262264,112.594866,152.28,0.0,0.0,TRACKING_BUOY,,
1785925790.647,2026-08-05 17:29:50,GUIDED,False,-7.9262264,112.594866,152.27,0.0,0.0,TRACKING_BUOY,,
1785925790.785,2026-08-05 17:29:50,GUIDED,False,-7.9262264,112.594866,152.26,0.0,0.0,TRACKING_BUOY,,
1785925790.937,2026-08-05 17:29:50,GUIDED,False,-7.9262264,112.594866,152.26,0.0,0.0,TRACKING_BUOY,,
1785925791.078,2026-08-05 17:29:51,GUIDED,False,-7.9262264,112.594866,152.29,0.0,0.0,TRACKING_BUOY,,
1785925791.214,2026-08-05 17:29:51,GUIDED,False,-7.9262264,112.594866,152.3,0.0,0.0,TRACKING_BUOY,,
1785925791.346,2026-08-05 17:29:51,GUIDED,False,-7.9262264,112.594866,152.29,0.0,0.0,TRACKING_BUOY,,
1785925791.479,2026-08-05 17:29:51,GUIDED,False,-7.9262264,112.594866,152.27,0.0,0.0,TRACKING_BUOY,,
1785925791.608,2026-08-05 17:29:51,GUIDED,False,-7.9262264,112.594866,152.26,0.0,0.0,TRACKING_BUOY,,
1785925791.740,2026-08-05 17:29:51,GUIDED,False,-7.9262264,112.594866,152.26,0.0,0.0,TRACKING_BUOY,,
1785925791.875,2026-08-05 17:29:51,GUIDED,False,-7.9262264,112.594866,152.26,0.0,0.0,TRACKING_BUOY,,
1785925792.003,2026-08-05 17:29:52,GUIDED,False,-7.9262264,112.594866,152.27,0.0,0.0,TRACKING_BUOY,,
1785925792.142,2026-08-05 17:29:52,GUIDED,False,-7.9262264,112.594866,152.28,0.0,0.0,TRACKING_BUOY,,
1785925792.278,2026-08-05 17:29:52,GUIDED,False,-7.9262264,112.594866,152.26,0.0,0.0,TRACKING_BUOY,,
1785925792.407,2026-08-05 17:29:52,GUIDED,False,-7.9262264,112.594866,152.26,0.0,0.0,TRACKING_BUOY,,
1785925792.539,2026-08-05 17:29:52,GUIDED,False,-7.9262264,112.594866,152.25,0.0,0.0,TRACKING_BUOY,,
1785925792.670,2026-08-05 17:29:52,GUIDED,False,-7.9262264,112.594866,152.24,0.0,0.0,TRACKING_BUOY,,
1785925792.802,2026-08-05 17:29:52,GUIDED,False,-7.9262264,112.594866,152.24,0.0,0.0,TRACKING_BUOY,,
1785925792.927,2026-08-05 17:29:52,GUIDED,False,-7.9262264,112.594866,152.24,0.0,0.0,TRACKING_BUOY,,
1785925793.057,2026-08-05 17:29:53,GUIDED,False,-7.9262264,112.594866,152.22,0.0,0.0,TRACKING_BUOY,,
1785925793.198,2026-08-05 17:29:53,GUIDED,False,-7.9262264,112.594866,152.22,0.0,0.0,TRACKING_BUOY,,
1785925793.328,2026-08-05 17:29:53,GUIDED,False,-7.9262264,112.594866,152.22,0.0,0.0,TRACKING_BUOY,,
1785925793.458,2026-08-05 17:29:53,GUIDED,False,-7.9262264,112.594866,152.24,0.0,0.0,TRACKING_BUOY,,
1785925793.586,2026-08-05 17:29:53,GUIDED,False,-7.9262264,112.594866,152.25,0.0,0.0,TRACKING_BUOY,,
1785925793.716,2026-08-05 17:29:53,GUIDED,False,-7.9262264,112.594866,152.25,0.0,0.0,TRACKING_BUOY,,
1785925793.849,2026-08-05 17:29:53,GUIDED,False,-7.9262264,112.594866,152.25,0.0,0.0,TRACKING_BUOY,,
1785925793.980,2026-08-05 17:29:53,GUIDED,False,-7.9262264,112.594866,152.25,0.0,0.0,TRACKING_BUOY,,
1785925794.113,2026-08-05 17:29:54,GUIDED,False,-7.9262264,112.594866,152.26,0.0,0.0,TRACKING_BUOY,,
1785925794.252,2026-08-05 17:29:54,GUIDED,False,-7.9262264,112.594866,152.25,0.0,0.0,TRACKING_BUOY,,
1785925794.389,2026-08-05 17:29:54,GUIDED,False,-7.9262264,112.594866,152.26,0.0,0.0,TRACKING_BUOY,,
1785925794.519,2026-08-05 17:29:54,GUIDED,False,-7.9262264,112.594866,152.26,0.0,0.0,TRACKING_BUOY,,
1785925794.656,2026-08-05 17:29:54,GUIDED,False,-7.9262264,112.594866,152.24,0.0,0.0,TRACKING_BUOY,,
1785925794.792,2026-08-05 17:29:54,GUIDED,False,-7.9262264,112.594866,152.23,0.0,0.0,TRACKING_BUOY,,
1785925794.918,2026-08-05 17:29:54,GUIDED,False,-7.9262264,112.594866,152.23,0.0,0.0,TRACKING_BUOY,,
1785925795.047,2026-08-05 17:29:55,GUIDED,False,-7.9262264,112.594866,152.24,0.0,0.0,TRACKING_BUOY,,
1785925795.191,2026-08-05 17:29:55,GUIDED,False,-7.9262264,112.594866,152.23,0.0,0.0,TRACKING_BUOY,,
1785925795.321,2026-08-05 17:29:55,GUIDED,False,-7.9262264,112.594866,152.22,0.0,0.0,TRACKING_BUOY,,
1785925795.456,2026-08-05 17:29:55,GUIDED,False,-7.9262264,112.594866,152.21,0.0,0.0,TRACKING_BUOY,,
1785925795.590,2026-08-05 17:29:55,GUIDED,False,-7.9262264,112.594866,152.2,0.0,0.0,TRACKING_BUOY,,
1785925795.724,2026-08-05 17:29:55,GUIDED,False,-7.9262264,112.594866,152.21,0.0,0.0,TRACKING_BUOY,,
1785925795.856,2026-08-05 17:29:55,GUIDED,False,-7.9262264,112.594866,152.21,0.0,0.0,TRACKING_BUOY,,
1785925795.990,2026-08-05 17:29:55,GUIDED,False,-7.9262264,112.594866,152.21,0.0,0.0,TRACKING_BUOY,,
1785925796.128,2026-08-05 17:29:56,GUIDED,False,-7.9262264,112.594866,152.21,0.0,0.0,TRACKING_BUOY,,
1785925796.269,2026-08-05 17:29:56,GUIDED,False,-7.9262264,112.594866,152.2,0.0,0.0,TRACKING_BUOY,,
1785925796.407,2026-08-05 17:29:56,GUIDED,False,-7.9262264,112.594866,152.22,0.0,0.0,TRACKING_BUOY,,
1785925796.540,2026-08-05 17:29:56,GUIDED,False,-7.9262264,112.594866,152.22,0.0,0.0,TRACKING_BUOY,,
1785925796.672,2026-08-05 17:29:56,GUIDED,False,-7.9262264,112.594866,152.23,0.0,0.0,TRACKING_BUOY,,
1785925796.801,2026-08-05 17:29:56,GUIDED,False,-7.9262264,112.594866,152.22,0.0,0.0,TRACKING_BUOY,,
1785925796.935,2026-08-05 17:29:56,GUIDED,False,-7.9262264,112.594866,152.21,0.0,0.0,TRACKING_BUOY,,
1785925797.074,2026-08-05 17:29:57,GUIDED,False,-7.9262264,112.594866,152.21,0.0,0.0,TRACKING_BUOY,,
1785925797.223,2026-08-05 17:29:57,GUIDED,False,-7.9262264,112.594866,152.22,0.0,0.0,TRACKING_BUOY,,
1785925797.361,2026-08-05 17:29:57,GUIDED,False,-7.9262264,112.594866,152.22,0.0,0.0,TRACKING_BUOY,,
1785925797.495,2026-08-05 17:29:57,GUIDED,False,-7.9262264,112.594866,152.23,0.0,0.0,TRACKING_BUOY,,
1785925797.629,2026-08-05 17:29:57,GUIDED,False,-7.9262264,112.594866,152.22,0.0,0.0,TRACKING_BUOY,,
1785925797.762,2026-08-05 17:29:57,GUIDED,False,-7.9262264,112.594866,152.23,0.0,0.0,TRACKING_BUOY,,
1785925797.894,2026-08-05 17:29:57,GUIDED,False,-7.9262264,112.594866,152.24,0.0,0.0,TRACKING_BUOY,,
1785925798.028,2026-08-05 17:29:58,GUIDED,False,-7.9262264,112.594866,152.26,0.0,0.0,TRACKING_BUOY,,
1785925798.162,2026-08-05 17:29:58,GUIDED,False,-7.9262264,112.594866,152.26,0.0,0.0,TRACKING_BUOY,,
1785925798.289,2026-08-05 17:29:58,GUIDED,False,-7.9262264,112.594866,152.25,0.0,0.0,TRACKING_BUOY,,
1785925798.426,2026-08-05 17:29:58,GUIDED,False,-7.9262264,112.594866,152.26,0.0,0.0,TRACKING_BUOY,,
1785925798.565,2026-08-05 17:29:58,GUIDED,False,-7.9262264,112.594866,152.26,0.0,0.0,TRACKING_BUOY,,
1785925798.700,2026-08-05 17:29:58,GUIDED,False,-7.9262264,112.594866,152.28,0.0,0.0,TRACKING_BUOY,,
1785925798.833,2026-08-05 17:29:58,GUIDED,False,-7.9262264,112.594866,152.29,0.0,0.0,TRACKING_BUOY,,
1785925798.963,2026-08-05 17:29:58,GUIDED,False,-7.9262264,112.594866,152.28,0.0,0.0,TRACKING_BUOY,,
1785925799.098,2026-08-05 17:29:59,GUIDED,False,-7.9262264,112.594866,152.29,0.0,0.0,TRACKING_BUOY,,
1785925799.225,2026-08-05 17:29:59,GUIDED,False,-7.9262264,112.594866,152.29,0.0,0.0,TRACKING_BUOY,,
1785925799.356,2026-08-05 17:29:59,GUIDED,False,-7.9262264,112.594866,152.28,0.0,0.0,TRACKING_BUOY,,
1785925799.489,2026-08-05 17:29:59,GUIDED,False,-7.9262264,112.594866,152.27,0.0,0.0,TRACKING_BUOY,,
1785925799.646,2026-08-05 17:29:59,GUIDED,False,-7.9262264,112.594866,152.26,0.0,0.0,TRACKING_BUOY,,
1785925799.774,2026-08-05 17:29:59,GUIDED,False,-7.9262264,112.594866,152.26,0.0,0.0,TRACKING_BUOY,,
1785925799.924,2026-08-05 17:29:59,GUIDED,False,-7.9262264,112.594866,152.26,0.0,0.0,TRACKING_BUOY,,
1785925800.055,2026-08-05 17:30:00,GUIDED,False,-7.9262264,112.594866,152.26,0.0,0.0,TRACKING_BUOY,,
1785925800.186,2026-08-05 17:30:00,GUIDED,False,-7.9262264,112.594866,152.25,0.0,0.0,TRACKING_BUOY,,
1785925800.320,2026-08-05 17:30:00,GUIDED,False,-7.9262264,112.594866,152.26,0.0,0.0,TRACKING_BUOY,,
1785925800.450,2026-08-05 17:30:00,GUIDED,False,-7.9262264,112.594866,152.25,0.0,0.0,TRACKING_BUOY,,
1785925800.741,2026-08-05 17:30:00,GUIDED,False,-7.9262264,112.594866,152.28,0.0,0.0,TRACKING_BUOY,,
1785925801.326,2026-08-05 17:30:01,GUIDED,False,-7.9262264,112.594866,152.28,0.0,0.0,TRACKING_BUOY,,
1785925801.474,2026-08-05 17:30:01,GUIDED,False,-7.9262264,112.594866,152.28,0.0,0.0,TRACKING_BUOY,,
1785925801.608,2026-08-05 17:30:01,GUIDED,False,-7.9262264,112.594866,152.28,0.0,0.0,TRACKING_BUOY,,
1785925801.776,2026-08-05 17:30:01,GUIDED,False,-7.9262264,112.594866,152.29,0.0,0.0,TRACKING_BUOY,,
1785925801.914,2026-08-05 17:30:01,GUIDED,False,-7.9262264,112.594866,152.29,0.0,0.0,TRACKING_BUOY,,
1785925802.063,2026-08-05 17:30:02,GUIDED,False,-7.9262264,112.594866,152.29,0.0,0.0,TRACKING_BUOY,468,148
1785925802.227,2026-08-05 17:30:02,GUIDED,False,-7.9262264,112.594866,152.29,0.0,0.0,TRACKING_BUOY,466,146
1785925802.393,2026-08-05 17:30:02,GUIDED,False,-7.9262264,112.594866,152.28,0.0,0.0,TRACKING_BUOY,465,145
1785925802.547,2026-08-05 17:30:02,GUIDED,False,-7.9262264,112.594866,152.3,0.0,0.0,TRACKING_BUOY,466,146
1785925802.698,2026-08-05 17:30:02,GUIDED,False,-7.9262264,112.594866,152.32,0.0,0.0,TRACKING_BUOY,466,146
1785925802.864,2026-08-05 17:30:02,GUIDED,False,-7.9262264,112.594866,152.32,0.0,0.0,TRACKING_BUOY,466,146
1785925803.017,2026-08-05 17:30:03,GUIDED,False,-7.9262264,112.594866,152.33,0.0,0.0,TRACKING_BUOY,465,145
1785925803.176,2026-08-05 17:30:03,GUIDED,False,-7.9262264,112.594866,152.32,0.0,0.0,TRACKING_BUOY,466,146
1785925803.327,2026-08-05 17:30:03,GUIDED,False,-7.9262264,112.594866,152.33,0.0,0.0,TRACKING_BUOY,468,148
1785925803.460,2026-08-05 17:30:03,GUIDED,False,-7.9262264,112.594866,152.31,0.0,0.0,TRACKING_BUOY,469,149
1785925803.595,2026-08-05 17:30:03,GUIDED,False,-7.9262264,112.594866,152.32,0.0,0.0,TRACKING_BUOY,,
1785925803.740,2026-08-05 17:30:03,GUIDED,False,-7.9262264,112.594866,152.33,0.0,0.0,TRACKING_BUOY,,
1785925803.878,2026-08-05 17:30:03,GUIDED,False,-7.9262264,112.594866,152.34,0.0,0.0,TRACKING_BUOY,,
1785925804.024,2026-08-05 17:30:04,GUIDED,False,-7.9262264,112.594866,152.33,0.0,0.0,TRACKING_BUOY,,
1785925804.173,2026-08-05 17:30:04,GUIDED,False,-7.9262264,112.594866,152.32,0.0,0.0,TRACKING_BUOY,,
1785925804.339,2026-08-05 17:30:04,GUIDED,False,-7.9262264,112.594866,152.31,0.0,0.0,TRACKING_BUOY,,
1785925804.574,2026-08-05 17:30:04,GUIDED,False,-7.9262264,112.594866,152.29,0.0,0.0,TRACKING_BUOY,,
1785925804.729,2026-08-05 17:30:04,GUIDED,False,-7.9262264,112.594866,152.28,0.0,0.0,TRACKING_BUOY,,
1785925804.868,2026-08-05 17:30:04,GUIDED,False,-7.9262264,112.594866,152.28,0.0,0.0,TRACKING_BUOY,,
1785925805.031,2026-08-05 17:30:05,GUIDED,False,-7.9262264,112.594866,152.27,0.0,0.0,TRACKING_BUOY,,
1785925805.240,2026-08-05 17:30:05,GUIDED,False,-7.9262264,112.594866,152.26,0.0,0.0,TRACKING_BUOY,,
1785925805.375,2026-08-05 17:30:05,GUIDED,False,-7.9262264,112.594866,152.26,0.0,0.0,TRACKING_BUOY,,
1785925805.512,2026-08-05 17:30:05,GUIDED,False,-7.9262264,112.594866,152.26,0.0,0.0,TRACKING_BUOY,,
1785925805.654,2026-08-05 17:30:05,GUIDED,False,-7.9262264,112.594866,152.24,0.0,0.0,TRACKING_BUOY,,
1785925805.792,2026-08-05 17:30:05,GUIDED,False,-7.9262264,112.594866,152.24,0.0,0.0,TRACKING_BUOY,,
1785925805.931,2026-08-05 17:30:05,GUIDED,False,-7.9262264,112.594866,152.23,0.0,0.0,TRACKING_BUOY,,
1785925806.072,2026-08-05 17:30:06,GUIDED,False,-7.9262264,112.594866,152.23,0.0,0.0,TRACKING_BUOY,,
1785925806.219,2026-08-05 17:30:06,GUIDED,False,-7.9262264,112.594866,152.22,0.0,0.0,TRACKING_BUOY,,
1785925806.360,2026-08-05 17:30:06,GUIDED,False,-7.9262264,112.594866,152.23,0.0,0.0,TRACKING_BUOY,,
1785925806.500,2026-08-05 17:30:06,GUIDED,False,-7.9262264,112.594866,152.24,0.0,0.0,TRACKING_BUOY,,
1785925806.640,2026-08-05 17:30:06,GUIDED,False,-7.9262264,112.594866,152.24,0.0,0.0,TRACKING_BUOY,,
1785925806.781,2026-08-05 17:30:06,GUIDED,False,-7.9262264,112.594866,152.26,0.0,0.0,TRACKING_BUOY,,
1785925806.916,2026-08-05 17:30:06,GUIDED,False,-7.9262264,112.594866,152.25,0.0,0.0,TRACKING_BUOY,,
1785925807.052,2026-08-05 17:30:07,GUIDED,False,-7.9262264,112.594866,152.24,0.0,0.0,TRACKING_BUOY,,
1785925807.208,2026-08-05 17:30:07,GUIDED,False,-7.9262264,112.594866,152.23,0.0,0.0,TRACKING_BUOY,,
1785925807.343,2026-08-05 17:30:07,GUIDED,False,-7.9262264,112.594866,152.23,0.0,0.0,TRACKING_BUOY,,
1785925807.485,2026-08-05 17:30:07,GUIDED,False,-7.9262264,112.594866,152.23,0.0,0.0,TRACKING_BUOY,,
1785925807.632,2026-08-05 17:30:07,GUIDED,False,-7.9262264,112.594866,152.25,0.0,0.0,TRACKING_BUOY,,
1785925807.785,2026-08-05 17:30:07,GUIDED,False,-7.9262264,112.594866,152.25,0.0,0.0,TRACKING_BUOY,,
1785925807.920,2026-08-05 17:30:07,GUIDED,False,-7.9262264,112.594866,152.26,0.0,0.0,TRACKING_BUOY,,
1785925808.056,2026-08-05 17:30:08,GUIDED,False,-7.9262264,112.594866,152.26,0.0,0.0,TRACKING_BUOY,,
1785925808.198,2026-08-05 17:30:08,GUIDED,False,-7.9262264,112.594866,152.24,0.0,0.0,TRACKING_BUOY,,
1785925808.345,2026-08-05 17:30:08,GUIDED,False,-7.9262264,112.594866,152.25,0.0,0.0,TRACKING_BUOY,,
1785925808.482,2026-08-05 17:30:08,GUIDED,False,-7.9262264,112.594866,152.26,0.0,0.0,TRACKING_BUOY,,
1785925808.623,2026-08-05 17:30:08,GUIDED,False,-7.9262264,112.594866,152.24,0.0,0.0,TRACKING_BUOY,,
1785925808.761,2026-08-05 17:30:08,GUIDED,False,-7.9262264,112.594866,152.22,0.0,0.0,TRACKING_BUOY,,
1785925808.904,2026-08-05 17:30:08,GUIDED,False,-7.9262264,112.594866,152.21,0.0,0.0,TRACKING_BUOY,,
1785925809.041,2026-08-05 17:30:09,GUIDED,False,-7.9262264,112.594866,152.2,0.0,0.0,TRACKING_BUOY,,
1785925809.193,2026-08-05 17:30:09,GUIDED,False,-7.9262264,112.594866,152.2,0.0,0.0,TRACKING_BUOY,,
1785925809.328,2026-08-05 17:30:09,GUIDED,False,-7.9262264,112.594866,152.19,0.0,0.0,TRACKING_BUOY,,
1785925809.463,2026-08-05 17:30:09,GUIDED,False,-7.9262264,112.594866,152.18,0.0,0.0,TRACKING_BUOY,,
1785925809.627,2026-08-05 17:30:09,GUIDED,False,-7.9262264,112.594866,152.18,0.0,0.0,TRACKING_BUOY,,
1785925809.763,2026-08-05 17:30:09,GUIDED,False,-7.9262264,112.594866,152.22,0.0,0.0,TRACKING_BUOY,,
1785925809.905,2026-08-05 17:30:09,GUIDED,False,-7.9262264,112.594866,152.22,0.0,0.0,TRACKING_BUOY,,
1785925810.063,2026-08-05 17:30:10,GUIDED,False,-7.9262264,112.594866,152.22,0.0,0.0,TRACKING_BUOY,,
1785925810.223,2026-08-05 17:30:10,GUIDED,False,-7.9262264,112.594866,152.22,0.0,0.0,TRACKING_BUOY,,
1785925810.361,2026-08-05 17:30:10,GUIDED,False,-7.9262264,112.594866,152.2,0.0,0.0,TRACKING_BUOY,,
1785925810.510,2026-08-05 17:30:10,GUIDED,False,-7.9262264,112.594866,152.19,0.0,0.0,TRACKING_BUOY,,
1785925810.748,2026-08-05 17:30:10,GUIDED,False,-7.9262264,112.594866,152.19,0.0,0.0,TRACKING_BUOY,,
1785925810.965,2026-08-05 17:30:10,GUIDED,False,-7.9262264,112.594866,152.18,0.0,0.0,TRACKING_BUOY,,
1785925811.107,2026-08-05 17:30:11,GUIDED,False,-7.9262264,112.594866,152.17,0.0,0.0,TRACKING_BUOY,,
1785925811.247,2026-08-05 17:30:11,GUIDED,False,-7.9262264,112.594866,152.17,0.0,0.0,TRACKING_BUOY,,
1785925811.391,2026-08-05 17:30:11,GUIDED,False,-7.9262264,112.594866,152.16,0.0,0.0,TRACKING_BUOY,,
1785925811.527,2026-08-05 17:30:11,GUIDED,False,-7.9262264,112.594866,152.16,0.0,0.0,TRACKING_BUOY,,
1785925811.669,2026-08-05 17:30:11,GUIDED,False,-7.9262264,112.594866,152.16,0.0,0.0,TRACKING_BUOY,,
1785925811.809,2026-08-05 17:30:11,GUIDED,False,-7.9262264,112.594866,152.15,0.0,0.0,TRACKING_BUOY,,
1785925811.955,2026-08-05 17:30:11,GUIDED,False,-7.9262264,112.594866,152.15,0.0,0.0,TRACKING_BUOY,,
1785925812.093,2026-08-05 17:30:12,GUIDED,False,-7.9262264,112.594866,152.14,0.0,0.0,TRACKING_BUOY,,
1785925812.251,2026-08-05 17:30:12,GUIDED,False,-7.9262264,112.594866,152.15,0.0,0.0,TRACKING_BUOY,,
1785925812.391,2026-08-05 17:30:12,GUIDED,False,-7.9262264,112.594866,152.15,0.0,0.0,TRACKING_BUOY,,
1785925812.530,2026-08-05 17:30:12,GUIDED,False,-7.9262264,112.594866,152.15,0.0,0.0,TRACKING_BUOY,,
1785925812.678,2026-08-05 17:30:12,GUIDED,False,-7.9262264,112.594866,152.16,0.0,0.0,TRACKING_BUOY,,
1785925812.824,2026-08-05 17:30:12,GUIDED,False,-7.9262264,112.594866,152.16,0.0,0.0,TRACKING_BUOY,,
1785925812.960,2026-08-05 17:30:12,GUIDED,False,-7.9262264,112.594866,152.18,0.0,0.0,TRACKING_BUOY,,
1785925813.103,2026-08-05 17:30:13,GUIDED,False,-7.9262264,112.594866,152.17,0.0,0.0,TRACKING_BUOY,,
1785925813.248,2026-08-05 17:30:13,GUIDED,False,-7.9262264,112.594866,152.17,0.0,0.0,TRACKING_BUOY,,
1785925813.383,2026-08-05 17:30:13,GUIDED,False,-7.9262264,112.594866,152.19,0.0,0.0,TRACKING_BUOY,,
1785925813.517,2026-08-05 17:30:13,GUIDED,False,-7.9262264,112.594866,152.19,0.0,0.0,TRACKING_BUOY,,
1785925813.658,2026-08-05 17:30:13,GUIDED,False,-7.9262264,112.594866,152.17,0.0,0.0,TRACKING_BUOY,,
1785925813.792,2026-08-05 17:30:13,GUIDED,False,-7.9262264,112.594866,152.19,0.0,0.0,TRACKING_BUOY,,
1785925813.931,2026-08-05 17:30:13,GUIDED,False,-7.9262264,112.594866,152.2,0.0,0.0,TRACKING_BUOY,97,-223
1785925814.066,2026-08-05 17:30:14,GUIDED,False,-7.9262264,112.594866,152.19,0.0,0.0,TRACKING_BUOY,,
1785925814.212,2026-08-05 17:30:14,GUIDED,False,-7.9262264,112.594866,152.19,0.0,0.0,TRACKING_BUOY,474,154
1785925814.349,2026-08-05 17:30:14,GUIDED,False,-7.9262264,112.594866,152.18,0.0,0.0,TRACKING_BUOY,,
1785925814.487,2026-08-05 17:30:14,GUIDED,False,-7.9262264,112.594866,152.19,0.0,0.0,TRACKING_BUOY,,
1785925814.629,2026-08-05 17:30:14,GUIDED,False,-7.9262264,112.594866,152.2,0.0,0.0,TRACKING_BUOY,,
1785925814.781,2026-08-05 17:30:14,GUIDED,False,-7.9262264,112.594866,152.2,0.0,0.0,TRACKING_BUOY,,
1785925814.917,2026-08-05 17:30:14,GUIDED,False,-7.9262264,112.594866,152.19,0.0,0.0,TRACKING_BUOY,,
1785925815.052,2026-08-05 17:30:15,GUIDED,False,-7.9262264,112.594866,152.2,0.0,0.0,TRACKING_BUOY,,
1785925815.226,2026-08-05 17:30:15,GUIDED,False,-7.9262264,112.594866,152.19,0.0,0.0,TRACKING_BUOY,,
1785925815.363,2026-08-05 17:30:15,GUIDED,False,-7.9262264,112.594866,152.18,0.0,0.0,TRACKING_BUOY,,
1785925815.502,2026-08-05 17:30:15,GUIDED,False,-7.9262264,112.594866,152.19,0.0,0.0,TRACKING_BUOY,,
1785925815.646,2026-08-05 17:30:15,GUIDED,False,-7.9262264,112.594866,152.17,0.0,0.0,TRACKING_BUOY,469,149
1785925815.851,2026-08-05 17:30:15,GUIDED,False,-7.9262264,112.594866,152.17,0.0,0.0,TRACKING_BUOY,468,148
1785925815.998,2026-08-05 17:30:15,GUIDED,False,-7.9262264,112.594866,152.16,0.0,0.0,TRACKING_BUOY,,
1785925816.143,2026-08-05 17:30:16,GUIDED,False,-7.9262264,112.594866,152.16,0.0,0.0,TRACKING_BUOY,,
1785925816.279,2026-08-05 17:30:16,GUIDED,False,-7.9262264,112.594866,152.16,0.0,0.0,TRACKING_BUOY,,
1785925816.418,2026-08-05 17:30:16,GUIDED,False,-7.9262264,112.594866,152.17,0.0,0.0,TRACKING_BUOY,,
1785925816.555,2026-08-05 17:30:16,GUIDED,False,-7.9262264,112.594866,152.17,0.0,0.0,TRACKING_BUOY,,
1785925816.699,2026-08-05 17:30:16,GUIDED,False,-7.9262264,112.594866,152.16,0.0,0.0,TRACKING_BUOY,,
1785925816.843,2026-08-05 17:30:16,GUIDED,False,-7.9262264,112.594866,152.17,0.0,0.0,TRACKING_BUOY,187,-133
1785925816.978,2026-08-05 17:30:16,GUIDED,False,-7.9262264,112.594866,152.17,0.0,0.0,TRACKING_BUOY,195,-125
1785925817.116,2026-08-05 17:30:17,GUIDED,False,-7.9262264,112.594866,152.17,0.0,0.0,TRACKING_BUOY,198,-122
1785925817.253,2026-08-05 17:30:17,GUIDED,False,-7.9262264,112.594866,152.17,0.0,0.0,TRACKING_BUOY,201,-119
1785925817.390,2026-08-05 17:30:17,GUIDED,False,-7.9262264,112.594866,152.18,0.0,0.0,TRACKING_BUOY,206,-114
1785925817.524,2026-08-05 17:30:17,GUIDED,False,-7.9262264,112.594866,152.17,0.0,0.0,TRACKING_BUOY,212,-108
1785925817.662,2026-08-05 17:30:17,GUIDED,False,-7.9262264,112.594866,152.19,0.0,0.0,TRACKING_BUOY,223,-97
1785925817.802,2026-08-05 17:30:17,GUIDED,False,-7.9262264,112.594866,152.19,0.0,0.0,TRACKING_BUOY,232,-88
1785925817.943,2026-08-05 17:30:17,GUIDED,False,-7.9262264,112.594866,152.2,0.0,0.0,TRACKING_BUOY,243,-77
1785925818.082,2026-08-05 17:30:18,GUIDED,False,-7.9262264,112.594866,152.18,0.0,0.0,TRACKING_BUOY,248,-72
1785925818.225,2026-08-05 17:30:18,GUIDED,False,-7.9262264,112.594866,152.17,0.0,0.0,TRACKING_BUOY,251,-69
1785925818.360,2026-08-05 17:30:18,GUIDED,False,-7.9262264,112.594866,152.18,0.0,0.0,TRACKING_BUOY,125,-195
1785925818.499,2026-08-05 17:30:18,GUIDED,False,-7.9262264,112.594866,152.19,0.0,0.0,TRACKING_BUOY,256,-64
1785925818.640,2026-08-05 17:30:18,GUIDED,False,-7.9262264,112.594866,152.21,0.0,0.0,TRACKING_BUOY,252,-68
1785925818.779,2026-08-05 17:30:18,GUIDED,False,-7.9262264,112.594866,152.21,0.0,0.0,TRACKING_BUOY,250,-70
1785925818.920,2026-08-05 17:30:18,GUIDED,False,-7.9262264,112.594866,152.22,0.0,0.0,TRACKING_BUOY,247,-73
1785925819.056,2026-08-05 17:30:19,GUIDED,False,-7.9262264,112.594866,152.22,0.0,0.0,TRACKING_BUOY,244,-76
1785925819.208,2026-08-05 17:30:19,GUIDED,False,-7.9262264,112.594866,152.21,0.0,0.0,TRACKING_BUOY,241,-79
1785925819.346,2026-08-05 17:30:19,GUIDED,False,-7.9262264,112.594866,152.21,0.0,0.0,TRACKING_BUOY,239,-81
1785925819.483,2026-08-05 17:30:19,GUIDED,False,-7.9262264,112.594866,152.21,0.0,0.0,TRACKING_BUOY,238,-82
1785925819.642,2026-08-05 17:30:19,GUIDED,False,-7.9262264,112.594866,152.22,0.0,0.0,TRACKING_BUOY,233,-87
1785925819.790,2026-08-05 17:30:19,GUIDED,False,-7.9262264,112.594866,152.23,0.0,0.0,TRACKING_BUOY,234,-86
1785925819.926,2026-08-05 17:30:19,GUIDED,False,-7.9262264,112.594866,152.23,0.0,0.0,TRACKING_BUOY,242,-78
1785925820.082,2026-08-05 17:30:20,GUIDED,False,-7.9262264,112.594866,152.24,0.0,0.0,TRACKING_BUOY,247,-73
1785925820.356,2026-08-05 17:30:20,GUIDED,False,-7.9262264,112.594866,152.23,0.0,0.0,TRACKING_BUOY,277,-43
1785925820.522,2026-08-05 17:30:20,GUIDED,False,-7.9262264,112.594866,152.23,0.0,0.0,TRACKING_BUOY,264,-56
1785925820.690,2026-08-05 17:30:20,GUIDED,False,-7.9262264,112.594866,152.24,0.0,0.0,TRACKING_BUOY,250,-70
1785925820.861,2026-08-05 17:30:20,GUIDED,False,-7.9262264,112.594866,152.26,0.0,0.0,TRACKING_BUOY,239,-81
1785925821.106,2026-08-05 17:30:21,GUIDED,False,-7.9262264,112.594866,152.27,0.0,0.0,TRACKING_BUOY,217,-103
1785925821.252,2026-08-05 17:30:21,GUIDED,False,-7.9262264,112.594866,152.25,0.0,0.0,TRACKING_BUOY,214,-106
1785925821.391,2026-08-05 17:30:21,GUIDED,False,-7.9262264,112.594866,152.25,0.0,0.0,TRACKING_BUOY,231,-89
1785925821.530,2026-08-05 17:30:21,GUIDED,False,-7.9262264,112.594866,152.26,0.0,0.0,TRACKING_BUOY,251,-69
1785925821.669,2026-08-05 17:30:21,GUIDED,False,-7.9262264,112.594866,152.26,0.0,0.0,TRACKING_BUOY,279,-41
1785925821.808,2026-08-05 17:30:21,GUIDED,False,-7.9262264,112.594866,152.26,0.0,0.0,TRACKING_BUOY,312,-8
1785925821.948,2026-08-05 17:30:21,GUIDED,False,-7.9262264,112.594866,152.27,0.0,0.0,TRACKING_BUOY,342,22
1785925822.087,2026-08-05 17:30:22,GUIDED,False,-7.9262264,112.594866,152.28,0.0,0.0,TRACKING_BUOY,372,52
1785925822.247,2026-08-05 17:30:22,GUIDED,False,-7.9262264,112.594866,152.29,0.0,0.0,TRACKING_BUOY,396,76
1785925822.433,2026-08-05 17:30:22,GUIDED,False,-7.9262264,112.594866,152.29,0.0,0.0,TRACKING_BUOY,415,95
1785925822.670,2026-08-05 17:30:22,GUIDED,False,-7.9262264,112.594866,152.3,0.0,0.0,TRACKING_BUOY,413,93
1785925822.808,2026-08-05 17:30:22,GUIDED,False,-7.9262264,112.594866,152.31,0.0,0.0,TRACKING_BUOY,395,75
1785925822.952,2026-08-05 17:30:22,GUIDED,False,-7.9262264,112.594866,152.31,0.0,0.0,TRACKING_BUOY,375,55
1785925823.092,2026-08-05 17:30:23,GUIDED,False,-7.9262264,112.594866,152.31,0.0,0.0,TRACKING_BUOY,347,27
1785925823.234,2026-08-05 17:30:23,GUIDED,False,-7.9262264,112.594866,152.31,0.0,0.0,TRACKING_BUOY,318,-2
1785925823.372,2026-08-05 17:30:23,GUIDED,False,-7.9262264,112.594866,152.33,0.0,0.0,TRACKING_BUOY,297,-23
1785925823.509,2026-08-05 17:30:23,GUIDED,False,-7.9262264,112.594866,152.35,0.0,0.0,TRACKING_BUOY,,
1785925823.646,2026-08-05 17:30:23,GUIDED,False,-7.9262264,112.594866,152.33,0.0,0.0,TRACKING_BUOY,,
1785925823.787,2026-08-05 17:30:23,GUIDED,False,-7.9262264,112.594866,152.32,0.0,0.0,TRACKING_BUOY,,
1785925823.927,2026-08-05 17:30:23,GUIDED,False,-7.9262264,112.594866,152.31,0.0,0.0,TRACKING_BUOY,,
1785925824.067,2026-08-05 17:30:24,GUIDED,False,-7.9262264,112.594866,152.3,0.0,0.0,TRACKING_BUOY,,
1785925824.225,2026-08-05 17:30:24,GUIDED,False,-7.9262264,112.594866,152.3,0.0,0.0,TRACKING_BUOY,,
1785925824.363,2026-08-05 17:30:24,GUIDED,False,-7.9262264,112.594866,152.29,0.0,0.0,TRACKING_BUOY,,
1785925824.499,2026-08-05 17:30:24,GUIDED,False,-7.9262264,112.594866,152.29,0.0,0.0,TRACKING_BUOY,,
1785925824.640,2026-08-05 17:30:24,GUIDED,False,-7.9262264,112.594866,152.28,0.0,0.0,TRACKING_BUOY,,
1785925824.779,2026-08-05 17:30:24,GUIDED,False,-7.9262264,112.594866,152.29,0.0,0.0,TRACKING_BUOY,,
1785925824.917,2026-08-05 17:30:24,GUIDED,False,-7.9262264,112.594866,152.29,0.0,0.0,TRACKING_BUOY,,
1785925825.058,2026-08-05 17:30:25,GUIDED,False,-7.9262264,112.594866,152.28,0.0,0.0,TRACKING_BUOY,,
1785925825.224,2026-08-05 17:30:25,GUIDED,False,-7.9262264,112.594866,152.3,0.0,0.0,TRACKING_BUOY,,
1785925825.465,2026-08-05 17:30:25,GUIDED,True,-7.9262264,112.594866,152.3,0.0,0.0,TRACKING_BUOY,,
1785925825.619,2026-08-05 17:30:25,GUIDED,True,-7.9262264,112.594866,152.31,0.0,0.0,TRACKING_BUOY,,
1785925825.771,2026-08-05 17:30:25,GUIDED,True,-7.9262264,112.594866,152.31,0.0,0.0,TRACKING_BUOY,,
1785925825.907,2026-08-05 17:30:25,GUIDED,True,-7.9262264,112.594866,152.31,0.0,0.0,TRACKING_BUOY,,
1785925826.045,2026-08-05 17:30:26,GUIDED,True,-7.9262264,112.594866,152.32,0.0,0.0,TRACKING_BUOY,,
1785925826.304,2026-08-05 17:30:26,GUIDED,True,-7.9262264,112.594866,152.35,0.0,0.0,TRACKING_BUOY,,
1785925826.441,2026-08-05 17:30:26,GUIDED,True,-7.9262264,112.594866,152.36,0.0,0.0,TRACKING_BUOY,,
1785925826.582,2026-08-05 17:30:26,GUIDED,True,-7.9262264,112.594866,152.35,0.0,0.0,TRACKING_BUOY,,
1785925826.724,2026-08-05 17:30:26,GUIDED,True,-7.9262264,112.594866,152.33,0.0,0.0,TRACKING_BUOY,,
1785925826.867,2026-08-05 17:30:26,GUIDED,True,-7.9262264,112.594866,152.34,0.0,0.0,TRACKING_BUOY,,
1785925827.006,2026-08-05 17:30:27,GUIDED,True,-7.9262264,112.594866,152.33,0.0,0.0,TRACKING_BUOY,,
1785925827.150,2026-08-05 17:30:27,GUIDED,True,-7.9262264,112.594866,152.33,0.0,0.0,TRACKING_BUOY,254,-66
1785925827.289,2026-08-05 17:30:27,GUIDED,True,-7.9262264,112.594866,152.32,0.0,0.0,TRACKING_BUOY,277,-43
1785925827.432,2026-08-05 17:30:27,GUIDED,True,-7.9262264,112.594866,152.32,0.0,0.0,TRACKING_BUOY,327,7
1785925827.569,2026-08-05 17:30:27,GUIDED,True,-7.9262264,112.594866,152.33,0.0,0.0,TRACKING_BUOY,317,-3
1785925827.708,2026-08-05 17:30:27,GUIDED,True,-7.9262264,112.594866,152.34,0.0,0.0,TRACKING_BUOY,311,-9
1785925827.844,2026-08-05 17:30:27,GUIDED,True,-7.9262264,112.594866,152.35,0.0,0.0,TRACKING_BUOY,306,-14
1785925827.982,2026-08-05 17:30:27,GUIDED,True,-7.9262264,112.594866,152.35,0.0,0.0,TRACKING_BUOY,306,-14
1785925828.128,2026-08-05 17:30:28,GUIDED,True,-7.9262264,112.594866,152.35,0.0,0.0,TRACKING_BUOY,308,-12
1785925828.273,2026-08-05 17:30:28,GUIDED,True,-7.9262264,112.594866,152.37,0.0,0.0,TRACKING_BUOY,310,-10
1785925828.414,2026-08-05 17:30:28,GUIDED,True,-7.9262264,112.594866,152.36,0.0,0.0,TRACKING_BUOY,305,-15
1785925828.555,2026-08-05 17:30:28,GUIDED,True,-7.9262264,112.594866,152.35,0.0,0.0,TRACKING_BUOY,298,-22
1785925828.693,2026-08-05 17:30:28,GUIDED,True,-7.9262264,112.594866,152.36,0.0,0.0,TRACKING_BUOY,288,-32
1785925828.836,2026-08-05 17:30:28,GUIDED,True,-7.9262264,112.594866,152.35,0.0,0.0,TRACKING_BUOY,278,-42
1785925828.979,2026-08-05 17:30:28,GUIDED,True,-7.9262264,112.594866,152.37,0.0,0.0,TRACKING_BUOY,248,-72
1785925829.127,2026-08-05 17:30:29,GUIDED,True,-7.9262264,112.594866,152.37,0.0,0.0,TRACKING_BUOY,271,-49
1785925829.265,2026-08-05 17:30:29,GUIDED,True,-7.9262264,112.594866,152.4,0.0,0.0,TRACKING_BUOY,258,-62
1785925829.411,2026-08-05 17:30:29,GUIDED,True,-7.9262264,112.594866,152.41,0.0,0.0,TRACKING_BUOY,273,-47
1785925829.549,2026-08-05 17:30:29,GUIDED,True,-7.9262264,112.594866,152.41,0.0,0.0,TRACKING_BUOY,313,-7
1785925829.699,2026-08-05 17:30:29,GUIDED,True,-7.9262264,112.594866,152.41,0.0,0.0,TRACKING_BUOY,333,13
1785925829.842,2026-08-05 17:30:29,GUIDED,True,-7.9262264,112.594866,152.41,0.0,0.0,TRACKING_BUOY,359,39
1785925829.981,2026-08-05 17:30:29,GUIDED,True,-7.9262264,112.594866,152.41,0.0,0.0,TRACKING_BUOY,369,49
1785925830.133,2026-08-05 17:30:30,GUIDED,True,-7.9262264,112.594866,152.41,0.0,0.0,TRACKING_BUOY,372,52
1785925830.280,2026-08-05 17:30:30,GUIDED,True,-7.9262264,112.594866,152.43,0.0,0.0,TRACKING_BUOY,372,52
1785925830.439,2026-08-05 17:30:30,GUIDED,True,-7.9262264,112.594866,152.44,0.0,0.0,TRACKING_BUOY,369,49
1785925830.584,2026-08-05 17:30:30,GUIDED,True,-7.9262264,112.594866,152.46,0.0,0.0,TRACKING_BUOY,366,46
1785925830.733,2026-08-05 17:30:30,GUIDED,True,-7.9262264,112.594866,152.47,0.0,0.0,TRACKING_BUOY,364,44
1785925830.885,2026-08-05 17:30:30,GUIDED,True,-7.9262264,112.594866,152.47,0.0,0.0,TRACKING_BUOY,361,41
1785925831.030,2026-08-05 17:30:31,GUIDED,True,-7.9262264,112.594866,152.46,0.0,0.0,TRACKING_BUOY,352,32
1785925831.227,2026-08-05 17:30:31,GUIDED,True,-7.9262264,112.594866,152.47,0.0,0.0,TRACKING_BUOY,321,1
1785925831.365,2026-08-05 17:30:31,GUIDED,True,-7.9262264,112.594866,152.49,0.0,0.0,TRACKING_BUOY,281,-39
1785925831.503,2026-08-05 17:30:31,GUIDED,True,-7.9262264,112.594866,152.5,0.0,0.0,TRACKING_BUOY,262,-58
1785925831.646,2026-08-05 17:30:31,GUIDED,True,-7.9262264,112.594866,152.48,0.0,0.0,TRACKING_BUOY,233,-87
1785925831.782,2026-08-05 17:30:31,GUIDED,True,-7.9262264,112.594866,152.48,0.0,0.0,TRACKING_BUOY,92,-228
1785925831.922,2026-08-05 17:30:31,GUIDED,True,-7.9262264,112.594866,152.48,0.0,0.0,TRACKING_BUOY,216,-104
1785925832.066,2026-08-05 17:30:32,GUIDED,True,-7.9262264,112.594866,152.48,0.0,0.0,TRACKING_BUOY,221,-99
1785925832.225,2026-08-05 17:30:32,GUIDED,True,-7.9262264,112.594866,152.47,0.0,0.0,TRACKING_BUOY,253,-67
1785925832.361,2026-08-05 17:30:32,GUIDED,True,-7.9262264,112.594866,152.48,0.0,0.0,TRACKING_BUOY,282,-38
1785925832.498,2026-08-05 17:30:32,GUIDED,True,-7.9262264,112.594866,152.48,0.0,0.0,TRACKING_BUOY,,
1785925832.646,2026-08-05 17:30:32,GUIDED,True,-7.9262264,112.594866,152.48,0.0,0.0,TRACKING_BUOY,,
1785925832.791,2026-08-05 17:30:32,GUIDED,True,-7.9262264,112.594866,152.5,0.0,0.0,TRACKING_BUOY,,
1785925832.929,2026-08-05 17:30:32,GUIDED,True,-7.9262264,112.594866,152.5,0.0,0.0,TRACKING_BUOY,275,-45
1785925833.066,2026-08-05 17:30:33,GUIDED,True,-7.9262264,112.594866,152.5,0.0,0.0,TRACKING_BUOY,273,-47
1785925833.210,2026-08-05 17:30:33,GUIDED,True,-7.9262264,112.594866,152.5,0.0,0.0,TRACKING_BUOY,,
1785925833.349,2026-08-05 17:30:33,GUIDED,True,-7.9262264,112.594866,152.51,0.0,0.0,TRACKING_BUOY,,
1785925833.489,2026-08-05 17:30:33,GUIDED,True,-7.9262264,112.594866,152.49,0.0,0.0,TRACKING_BUOY,,
1785925833.627,2026-08-05 17:30:33,GUIDED,True,-7.9262264,112.594866,152.5,0.0,0.0,TRACKING_BUOY,,
1785925833.767,2026-08-05 17:30:33,GUIDED,True,-7.9262264,112.594866,152.51,0.0,0.0,TRACKING_BUOY,,
1785925833.907,2026-08-05 17:30:33,GUIDED,True,-7.9262264,112.594866,152.5,0.0,0.0,TRACKING_BUOY,,
1785925834.042,2026-08-05 17:30:34,GUIDED,True,-7.9262264,112.594866,152.5,0.0,0.0,TRACKING_BUOY,,
1785925834.197,2026-08-05 17:30:34,GUIDED,True,-7.9262264,112.594866,152.49,0.0,0.0,TRACKING_BUOY,,
1785925834.337,2026-08-05 17:30:34,GUIDED,True,-7.9262264,112.594866,152.48,0.0,0.0,TRACKING_BUOY,,
1785925834.481,2026-08-05 17:30:34,GUIDED,False,-7.9262264,112.594866,152.48,0.0,0.0,TRACKING_BUOY,,
1785925834.627,2026-08-05 17:30:34,GUIDED,False,-7.9262264,112.594866,152.48,0.0,0.0,TRACKING_BUOY,,
1785925834.797,2026-08-05 17:30:34,GUIDED,False,-7.9262264,112.594866,152.48,0.0,0.0,TRACKING_BUOY,,
1785925834.950,2026-08-05 17:30:34,GUIDED,False,-7.9262264,112.594866,152.47,0.0,0.0,TRACKING_BUOY,,
1785925835.088,2026-08-05 17:30:35,GUIDED,False,-7.9262264,112.594866,152.48,0.0,0.0,TRACKING_BUOY,,
1785925835.246,2026-08-05 17:30:35,GUIDED,False,-7.9262264,112.594866,152.48,0.0,0.0,TRACKING_BUOY,,
1785925835.388,2026-08-05 17:30:35,GUIDED,False,-7.9262264,112.594866,152.49,0.0,0.0,TRACKING_BUOY,,
1785925835.562,2026-08-05 17:30:35,GUIDED,False,-7.9262264,112.594866,152.49,0.0,0.0,TRACKING_BUOY,,
1785925835.712,2026-08-05 17:30:35,GUIDED,False,-7.9262264,112.594866,152.49,0.0,0.0,TRACKING_BUOY,,
1785925835.863,2026-08-05 17:30:35,GUIDED,False,-7.9262264,112.594866,152.5,0.0,0.0,TRACKING_BUOY,,
1785925836.079,2026-08-05 17:30:36,GUIDED,False,-7.9262264,112.594866,152.52,0.0,0.0,TRACKING_BUOY,,
1785925836.257,2026-08-05 17:30:36,GUIDED,False,-7.9262264,112.594866,152.52,0.0,0.0,TRACKING_BUOY,,
1785925836.388,2026-08-05 17:30:36,GUIDED,False,-7.9262264,112.594866,152.52,0.0,0.0,TRACKING_BUOY,,
1785925836.520,2026-08-05 17:30:36,GUIDED,False,-7.9262264,112.594866,152.52,0.0,0.0,TRACKING_BUOY,,
1785925836.673,2026-08-05 17:30:36,GUIDED,False,-7.9262264,112.594866,152.5,0.0,0.0,TRACKING_BUOY,,
1785925837.196,2026-08-05 17:30:37,GUIDED,False,-7.9262264,112.594866,152.49,0.0,0.0,TRACKING_BUOY,,
1785925837.419,2026-08-05 17:30:37,GUIDED,False,-7.9262264,112.594866,152.49,0.0,0.0,TRACKING_BUOY,,
1785925837.787,2026-08-05 17:30:37,GUIDED,False,-7.9262264,112.594866,152.5,0.0,0.0,TRACKING_BUOY,,
1785925838.060,2026-08-05 17:30:38,GUIDED,False,-7.9262264,112.594866,152.48,0.0,0.0,TRACKING_BUOY,,
1785925838.306,2026-08-05 17:30:38,GUIDED,False,-7.9262264,112.594866,152.48,0.0,0.0,TRACKING_BUOY,,
1785925838.497,2026-08-05 17:30:38,GUIDED,False,-7.9262264,112.594866,152.48,0.0,0.0,TRACKING_BUOY,123,-197
1785925838.741,2026-08-05 17:30:38,GUIDED,False,-7.9262264,112.594866,152.46,0.0,0.0,TRACKING_BUOY,123,-197
1785925839.098,2026-08-05 17:30:39,GUIDED,False,-7.9262264,112.594866,152.49,0.0,0.0,TRACKING_BUOY,121,-199
1785925839.257,2026-08-05 17:30:39,GUIDED,False,-7.9262264,112.594866,152.5,0.0,0.0,TRACKING_BUOY,120,-200
1785925839.409,2026-08-05 17:30:39,GUIDED,False,-7.9262264,112.594866,152.49,0.0,0.0,TRACKING_BUOY,,
1785925839.545,2026-08-05 17:30:39,GUIDED,False,-7.9262264,112.594866,152.5,0.0,0.0,TRACKING_BUOY,120,-200
1785925839.679,2026-08-05 17:30:39,GUIDED,False,-7.9262264,112.594866,152.5,0.0,0.0,TRACKING_BUOY,,
1785925839.817,2026-08-05 17:30:39,GUIDED,False,-7.9262264,112.594866,152.5,0.0,0.0,TRACKING_BUOY,,
1785925839.947,2026-08-05 17:30:39,GUIDED,False,-7.9262264,112.594866,152.5,0.0,0.0,TRACKING_BUOY,,
1785925840.081,2026-08-05 17:30:40,GUIDED,False,-7.9262264,112.594866,152.51,0.0,0.0,TRACKING_BUOY,,
1785925840.231,2026-08-05 17:30:40,GUIDED,False,-7.9262264,112.594866,152.51,0.0,0.0,TRACKING_BUOY,,
1785925840.364,2026-08-05 17:30:40,GUIDED,False,-7.9262264,112.594866,152.5,0.0,0.0,TRACKING_BUOY,,
1785925840.510,2026-08-05 17:30:40,GUIDED,False,-7.9262264,112.594866,152.49,0.0,0.0,TRACKING_BUOY,,
1785925840.679,2026-08-05 17:30:40,GUIDED,False,-7.9262264,112.594866,152.47,0.0,0.0,TRACKING_BUOY,,
1785925840.819,2026-08-05 17:30:40,GUIDED,False,-7.9262264,112.594866,152.48,0.0,0.0,TRACKING_BUOY,,
1785925840.974,2026-08-05 17:30:40,GUIDED,False,-7.9262264,112.594866,152.49,0.0,0.0,TRACKING_BUOY,,
1785925841.109,2026-08-05 17:30:41,GUIDED,False,-7.9262264,112.594866,152.5,0.0,0.0,TRACKING_BUOY,,
1785925841.279,2026-08-05 17:30:41,GUIDED,False,-7.9262264,112.594866,152.48,0.0,0.0,TRACKING_BUOY,,
1785925841.411,2026-08-05 17:30:41,GUIDED,False,-7.9262264,112.594866,152.48,0.0,0.0,TRACKING_BUOY,,
1785925841.545,2026-08-05 17:30:41,GUIDED,False,-7.9262264,112.594866,152.47,0.0,0.0,TRACKING_BUOY,,
1785925841.683,2026-08-05 17:30:41,GUIDED,False,-7.9262264,112.594866,152.46,0.0,0.0,TRACKING_BUOY,,
1785925841.934,2026-08-05 17:30:41,GUIDED,False,-7.9262264,112.594866,152.48,0.0,0.0,TRACKING_BUOY,,
1785925842.081,2026-08-05 17:30:42,GUIDED,False,-7.9262264,112.594866,152.48,0.0,0.0,TRACKING_BUOY,,
1785925842.233,2026-08-05 17:30:42,GUIDED,False,-7.9262264,112.594866,152.48,0.0,0.0,TRACKING_BUOY,,
1785925842.362,2026-08-05 17:30:42,GUIDED,False,-7.9262264,112.594866,152.48,0.0,0.0,TRACKING_BUOY,,
1785925842.493,2026-08-05 17:30:42,GUIDED,False,-7.9262264,112.594866,152.49,0.0,0.0,TRACKING_BUOY,,
1785925842.626,2026-08-05 17:30:42,GUIDED,False,-7.9262264,112.594866,152.49,0.0,0.0,TRACKING_BUOY,,
1785925842.777,2026-08-05 17:30:42,GUIDED,False,-7.9262264,112.594866,152.51,0.0,0.0,TRACKING_BUOY,,
1785925842.917,2026-08-05 17:30:42,GUIDED,False,-7.9262264,112.594866,152.5,0.0,0.0,TRACKING_BUOY,,
1785925843.051,2026-08-05 17:30:43,GUIDED,False,-7.9262264,112.594866,152.51,0.0,0.0,TRACKING_BUOY,,
1785925843.197,2026-08-05 17:30:43,GUIDED,False,-7.9262264,112.594866,152.52,0.0,0.0,TRACKING_BUOY,,
1785925843.326,2026-08-05 17:30:43,GUIDED,False,-7.9262264,112.594866,152.52,0.0,0.0,TRACKING_BUOY,,
1785925843.456,2026-08-05 17:30:43,GUIDED,False,-7.9262264,112.594866,152.54,0.0,0.0,TRACKING_BUOY,,
1785925843.587,2026-08-05 17:30:43,GUIDED,False,-7.9262264,112.594866,152.54,0.0,0.0,TRACKING_BUOY,123,-197
1785925843.720,2026-08-05 17:30:43,GUIDED,False,-7.9262264,112.594866,152.54,0.0,0.0,TRACKING_BUOY,123,-197
1785925843.849,2026-08-05 17:30:43,GUIDED,False,-7.9262264,112.594866,152.54,0.0,0.0,TRACKING_BUOY,,
1785925843.983,2026-08-05 17:30:43,GUIDED,False,-7.9262264,112.594866,152.53,0.0,0.0,TRACKING_BUOY,,
1785925844.115,2026-08-05 17:30:44,GUIDED,False,-7.9262264,112.594866,152.55,0.0,0.0,TRACKING_BUOY,,
1785925844.247,2026-08-05 17:30:44,GUIDED,False,-7.9262264,112.594866,152.53,0.0,0.0,TRACKING_BUOY,124,-196
1785925844.375,2026-08-05 17:30:44,GUIDED,False,-7.9262264,112.594866,152.55,0.0,0.0,TRACKING_BUOY,123,-197
1785925844.510,2026-08-05 17:30:44,GUIDED,False,-7.9262264,112.594866,152.55,0.0,0.0,TRACKING_BUOY,,
1785925844.647,2026-08-05 17:30:44,GUIDED,False,-7.9262264,112.594866,152.54,0.0,0.0,TRACKING_BUOY,123,-197
1785925844.779,2026-08-05 17:30:44,GUIDED,False,-7.9262264,112.594866,152.53,0.0,0.0,TRACKING_BUOY,,
1785925844.912,2026-08-05 17:30:44,GUIDED,False,-7.9262264,112.594866,152.52,0.0,0.0,TRACKING_BUOY,,
1785925845.046,2026-08-05 17:30:45,GUIDED,False,-7.9262264,112.594866,152.52,0.0,0.0,TRACKING_BUOY,,
1785925845.186,2026-08-05 17:30:45,GUIDED,False,-7.9262264,112.594866,152.53,0.0,0.0,TRACKING_BUOY,,
1785925845.316,2026-08-05 17:30:45,GUIDED,False,-7.9262264,112.594866,152.54,0.0,0.0,TRACKING_BUOY,,
1785925845.445,2026-08-05 17:30:45,GUIDED,False,-7.9262264,112.594866,152.52,0.0,0.0,TRACKING_BUOY,,
1785925845.580,2026-08-05 17:30:45,GUIDED,False,-7.9262264,112.594866,152.54,0.0,0.0,TRACKING_BUOY,,
1785925845.818,2026-08-05 17:30:45,GUIDED,False,-7.9262264,112.594866,152.53,0.0,0.0,TRACKING_BUOY,,
1785925846.078,2026-08-05 17:30:46,GUIDED,False,-7.9262264,112.594866,152.53,0.0,0.0,TRACKING_BUOY,,
1785925846.370,2026-08-05 17:30:46,GUIDED,False,-7.9262264,112.594866,152.55,0.0,0.0,TRACKING_BUOY,,
1785925846.504,2026-08-05 17:30:46,GUIDED,False,-7.9262264,112.594866,152.55,0.0,0.0,TRACKING_BUOY,,
1785925846.636,2026-08-05 17:30:46,GUIDED,False,-7.9262264,112.594866,152.57,0.0,0.0,TRACKING_BUOY,,
1785925846.771,2026-08-05 17:30:46,GUIDED,False,-7.9262264,112.594866,152.56,0.0,0.0,TRACKING_BUOY,,
1785925846.906,2026-08-05 17:30:46,GUIDED,False,-7.9262264,112.594866,152.57,0.0,0.0,TRACKING_BUOY,,
1785925847.039,2026-08-05 17:30:47,GUIDED,False,-7.9262264,112.594866,152.56,0.0,0.0,TRACKING_BUOY,,
1785925847.192,2026-08-05 17:30:47,GUIDED,False,-7.9262264,112.594866,152.56,0.0,0.0,TRACKING_BUOY,,
1785925847.327,2026-08-05 17:30:47,GUIDED,False,-7.9262264,112.594866,152.56,0.0,0.0,TRACKING_BUOY,,
1785925847.457,2026-08-05 17:30:47,GUIDED,False,-7.9262264,112.594866,152.57,0.0,0.0,TRACKING_BUOY,127,-193
1785925847.590,2026-08-05 17:30:47,GUIDED,False,-7.9262264,112.594866,152.55,0.0,0.0,TRACKING_BUOY,,
1785925847.730,2026-08-05 17:30:47,GUIDED,False,-7.9262264,112.594866,152.56,0.0,0.0,TRACKING_BUOY,,
1785925847.865,2026-08-05 17:30:47,GUIDED,False,-7.9262264,112.594866,152.54,0.0,0.0,TRACKING_BUOY,,
1785925847.997,2026-08-05 17:30:47,GUIDED,False,-7.9262264,112.594866,152.54,0.0,0.0,TRACKING_BUOY,,
1785925848.129,2026-08-05 17:30:48,GUIDED,False,-7.9262264,112.594866,152.54,0.0,0.0,TRACKING_BUOY,,
1785925848.260,2026-08-05 17:30:48,GUIDED,False,-7.9262264,112.594866,152.55,0.0,0.0,TRACKING_BUOY,,
1785925848.393,2026-08-05 17:30:48,GUIDED,False,-7.9262264,112.594866,152.54,0.0,0.0,TRACKING_BUOY,,
1785925848.524,2026-08-05 17:30:48,GUIDED,False,-7.9262264,112.594866,152.53,0.0,0.0,TRACKING_BUOY,,
1785925848.657,2026-08-05 17:30:48,GUIDED,False,-7.9262264,112.594866,152.53,0.0,0.0,TRACKING_BUOY,,
1785925848.793,2026-08-05 17:30:48,GUIDED,False,-7.9262264,112.594866,152.52,0.0,0.0,TRACKING_BUOY,,
1785925848.925,2026-08-05 17:30:48,GUIDED,False,-7.9262264,112.594866,152.54,0.0,0.0,TRACKING_BUOY,,
1785925849.055,2026-08-05 17:30:49,GUIDED,False,-7.9262264,112.594866,152.53,0.0,0.0,TRACKING_BUOY,,
1785925849.205,2026-08-05 17:30:49,GUIDED,False,-7.9262264,112.594866,152.52,0.0,0.0,TRACKING_BUOY,,
1785925849.334,2026-08-05 17:30:49,GUIDED,False,-7.9262264,112.594866,152.53,0.0,0.0,TRACKING_BUOY,,
1785925849.463,2026-08-05 17:30:49,GUIDED,False,-7.9262264,112.594866,152.54,0.0,0.0,TRACKING_BUOY,,
1785925849.595,2026-08-05 17:30:49,GUIDED,False,-7.9262264,112.594866,152.53,0.0,0.0,TRACKING_BUOY,,
1785925849.732,2026-08-05 17:30:49,GUIDED,False,-7.9262264,112.594866,152.52,0.0,0.0,TRACKING_BUOY,,
1785925849.871,2026-08-05 17:30:49,GUIDED,False,-7.9262264,112.594866,152.52,0.0,0.0,TRACKING_BUOY,,
1785925850.000,2026-08-05 17:30:49,GUIDED,False,-7.9262264,112.594866,152.55,0.0,0.0,TRACKING_BUOY,,
1785925850.131,2026-08-05 17:30:50,GUIDED,False,-7.9262264,112.594866,152.55,0.0,0.0,TRACKING_BUOY,,
1785925850.265,2026-08-05 17:30:50,GUIDED,False,-7.9262264,112.594866,152.53,0.0,0.0,TRACKING_BUOY,,
1785925850.393,2026-08-05 17:30:50,GUIDED,False,-7.9262264,112.594866,152.53,0.0,0.0,TRACKING_BUOY,,
1785925850.524,2026-08-05 17:30:50,GUIDED,False,-7.9262264,112.594866,152.52,0.0,0.0,TRACKING_BUOY,,
1785925850.658,2026-08-05 17:30:50,GUIDED,False,-7.9262264,112.594866,152.53,0.0,0.0,TRACKING_BUOY,,
1785925850.805,2026-08-05 17:30:50,GUIDED,False,-7.9262264,112.594866,152.53,0.0,0.0,TRACKING_BUOY,,
1785925850.937,2026-08-05 17:30:50,GUIDED,False,-7.9262264,112.594866,152.55,0.0,0.0,TRACKING_BUOY,,
1785925851.069,2026-08-05 17:30:51,GUIDED,False,-7.9262264,112.594866,152.54,0.0,0.0,TRACKING_BUOY,,
1785925851.226,2026-08-05 17:30:51,GUIDED,False,-7.9262264,112.594866,152.53,0.0,0.0,TRACKING_BUOY,,
1785925851.360,2026-08-05 17:30:51,GUIDED,False,-7.9262264,112.594866,152.54,0.0,0.0,TRACKING_BUOY,,
1785925851.495,2026-08-05 17:30:51,GUIDED,False,-7.9262264,112.594866,152.53,0.0,0.0,TRACKING_BUOY,,
1785925851.636,2026-08-05 17:30:51,GUIDED,False,-7.9262264,112.594866,152.54,0.0,0.0,TRACKING_BUOY,,
1785925851.779,2026-08-05 17:30:51,GUIDED,False,-7.9262264,112.594866,152.54,0.0,0.0,TRACKING_BUOY,,
1785925851.919,2026-08-05 17:30:51,GUIDED,False,-7.9262264,112.594866,152.53,0.0,0.0,TRACKING_BUOY,,
1785925852.064,2026-08-05 17:30:52,GUIDED,False,-7.9262264,112.594866,152.53,0.0,0.0,TRACKING_BUOY,,
1785925852.236,2026-08-05 17:30:52,GUIDED,False,-7.9262264,112.594866,152.53,0.0,0.0,TRACKING_BUOY,,
1785925852.578,2026-08-05 17:30:52,GUIDED,False,-7.9262264,112.594866,152.54,0.0,0.0,TRACKING_BUOY,,
1785925852.932,2026-08-05 17:30:52,GUIDED,False,-7.9262264,112.594866,152.55,0.0,0.0,TRACKING_BUOY,,
1785925853.097,2026-08-05 17:30:53,GUIDED,False,-7.9262264,112.594866,152.55,0.0,0.0,TRACKING_BUOY,,
1785925853.261,2026-08-05 17:30:53,GUIDED,False,-7.9262264,112.594866,152.55,0.0,0.0,TRACKING_BUOY,,
1785925853.439,2026-08-05 17:30:53,GUIDED,False,-7.9262264,112.594866,152.54,0.0,0.0,TRACKING_BUOY,,
1785925853.580,2026-08-05 17:30:53,GUIDED,False,-7.9262264,112.594866,152.54,0.0,0.0,TRACKING_BUOY,,
1785925853.712,2026-08-05 17:30:53,GUIDED,False,-7.9262264,112.594866,152.55,0.0,0.0,TRACKING_BUOY,,
1785925853.875,2026-08-05 17:30:53,GUIDED,False,-7.9262264,112.594866,152.55,0.0,0.0,TRACKING_BUOY,,
1785925854.025,2026-08-05 17:30:54,GUIDED,False,-7.9262264,112.594866,152.56,0.0,0.0,TRACKING_BUOY,,
1785925854.419,2026-08-05 17:30:54,GUIDED,False,-7.9262264,112.594866,152.55,0.0,0.0,TRACKING_BUOY,,
1785925854.605,2026-08-05 17:30:54,GUIDED,False,-7.9262264,112.594866,152.54,0.0,0.0,TRACKING_BUOY,,
1785925854.767,2026-08-05 17:30:54,GUIDED,False,-7.9262264,112.594866,152.54,0.0,0.0,TRACKING_BUOY,,
1785925854.906,2026-08-05 17:30:54,GUIDED,False,-7.9262264,112.594866,152.54,0.0,0.0,TRACKING_BUOY,,
1785925855.050,2026-08-05 17:30:55,GUIDED,False,-7.9262264,112.594866,152.55,0.0,0.0,TRACKING_BUOY,,
1785925855.183,2026-08-05 17:30:55,GUIDED,False,-7.9262264,112.594866,152.53,0.0,0.0,TRACKING_BUOY,,
1785925855.342,2026-08-05 17:30:55,GUIDED,False,-7.9262264,112.594866,152.53,0.0,0.0,TRACKING_BUOY,117,-203
1785925855.534,2026-08-05 17:30:55,GUIDED,False,-7.9262264,112.594866,152.53,0.0,0.0,TRACKING_BUOY,115,-205
1785925855.712,2026-08-05 17:30:55,GUIDED,False,-7.9262264,112.594866,152.53,0.0,0.0,TRACKING_BUOY,,
1785925855.878,2026-08-05 17:30:55,GUIDED,False,-7.9262264,112.594866,152.55,0.0,0.0,TRACKING_BUOY,116,-204
1785925856.101,2026-08-05 17:30:56,GUIDED,False,-7.9262264,112.594866,152.56,0.0,0.0,TRACKING_BUOY,116,-204
1785925856.294,2026-08-05 17:30:56,GUIDED,False,-7.9262264,112.594866,152.55,0.0,0.0,TRACKING_BUOY,,
1785925856.456,2026-08-05 17:30:56,GUIDED,False,-7.9262264,112.594866,152.56,0.0,0.0,TRACKING_BUOY,116,-204
1785925856.608,2026-08-05 17:30:56,GUIDED,False,-7.9262264,112.594866,152.56,0.0,0.0,TRACKING_BUOY,116,-204
1785925856.907,2026-08-05 17:30:56,GUIDED,False,-7.9262264,112.594866,152.56,0.0,0.0,TRACKING_BUOY,,
1785925857.419,2026-08-05 17:30:57,GUIDED,False,-7.9262264,112.594866,152.56,0.0,0.0,TRACKING_BUOY,,
1785925857.557,2026-08-05 17:30:57,GUIDED,False,-7.9262264,112.594866,152.55,0.0,0.0,TRACKING_BUOY,,
1785925857.717,2026-08-05 17:30:57,GUIDED,False,-7.9262264,112.594866,152.55,0.0,0.0,TRACKING_BUOY,,
1785925857.856,2026-08-05 17:30:57,GUIDED,False,-7.9262264,112.594866,152.55,0.0,0.0,TRACKING_BUOY,,
1785925857.992,2026-08-05 17:30:57,GUIDED,False,-7.9262264,112.594866,152.55,0.0,0.0,TRACKING_BUOY,,
1785925858.128,2026-08-05 17:30:58,GUIDED,False,-7.9262264,112.594866,152.55,0.0,0.0,TRACKING_BUOY,,
1785925858.259,2026-08-05 17:30:58,GUIDED,False,-7.9262264,112.594866,152.57,0.0,0.0,TRACKING_BUOY,,
1785925858.392,2026-08-05 17:30:58,GUIDED,False,-7.9262264,112.594866,152.56,0.0,0.0,TRACKING_BUOY,,
1785925858.550,2026-08-05 17:30:58,GUIDED,False,-7.9262264,112.594866,152.56,0.0,0.0,TRACKING_BUOY,120,-200
1785925858.685,2026-08-05 17:30:58,GUIDED,False,-7.9262264,112.594866,152.55,0.0,0.0,TRACKING_BUOY,120,-200
1785925858.855,2026-08-05 17:30:58,GUIDED,False,-7.9262264,112.594866,152.56,0.0,0.0,TRACKING_BUOY,121,-199
1785925859.021,2026-08-05 17:30:59,GUIDED,False,-7.9262264,112.594866,152.56,0.0,0.0,TRACKING_BUOY,120,-200
1785925859.159,2026-08-05 17:30:59,GUIDED,False,-7.9262264,112.594866,152.56,0.0,0.0,TRACKING_BUOY,121,-199
1785925859.292,2026-08-05 17:30:59,GUIDED,False,-7.9262264,112.594866,152.55,0.0,0.0,TRACKING_BUOY,120,-200
1785925859.435,2026-08-05 17:30:59,GUIDED,False,-7.9262264,112.594866,152.54,0.0,0.0,TRACKING_BUOY,120,-200
1785925859.608,2026-08-05 17:30:59,GUIDED,False,-7.9262264,112.594866,152.56,0.0,0.0,TRACKING_BUOY,120,-200
1785925859.755,2026-08-05 17:30:59,GUIDED,False,-7.9262264,112.594866,152.58,0.0,0.0,TRACKING_BUOY,120,-200
1785925859.907,2026-08-05 17:30:59,GUIDED,False,-7.9262264,112.594866,152.58,0.0,0.0,TRACKING_BUOY,121,-199
1785925860.042,2026-08-05 17:31:00,GUIDED,False,-7.9262264,112.594866,152.58,0.0,0.0,TRACKING_BUOY,122,-198
1785925860.221,2026-08-05 17:31:00,GUIDED,False,-7.9262264,112.594866,152.59,0.0,0.0,TRACKING_BUOY,122,-198
1785925860.375,2026-08-05 17:31:00,GUIDED,False,-7.9262264,112.594866,152.59,0.0,0.0,TRACKING_BUOY,,
1785925860.504,2026-08-05 17:31:00,GUIDED,False,-7.9262264,112.594866,152.6,0.0,0.0,TRACKING_BUOY,122,-198
1785925860.652,2026-08-05 17:31:00,GUIDED,False,-7.9262264,112.594866,152.61,0.0,0.0,TRACKING_BUOY,,
1785925860.829,2026-08-05 17:31:00,GUIDED,False,-7.9262264,112.594866,152.61,0.0,0.0,TRACKING_BUOY,,
1785925860.972,2026-08-05 17:31:00,GUIDED,False,-7.9262264,112.594866,152.61,0.0,0.0,TRACKING_BUOY,,
1785925861.104,2026-08-05 17:31:01,GUIDED,False,-7.9262264,112.594866,152.62,0.0,0.0,TRACKING_BUOY,,
1785925861.237,2026-08-05 17:31:01,GUIDED,False,-7.9262264,112.594866,152.6,0.0,0.0,TRACKING_BUOY,124,-196
1785925861.376,2026-08-05 17:31:01,GUIDED,False,-7.9262264,112.594866,152.61,0.0,0.0,TRACKING_BUOY,,
1785925861.515,2026-08-05 17:31:01,GUIDED,False,-7.9262264,112.594866,152.61,0.0,0.0,TRACKING_BUOY,,
1785925861.671,2026-08-05 17:31:01,GUIDED,False,-7.9262264,112.594866,152.6,0.0,0.0,TRACKING_BUOY,,
1785925861.811,2026-08-05 17:31:01,GUIDED,False,-7.9262264,112.594866,152.6,0.0,0.0,TRACKING_BUOY,,
1785925861.953,2026-08-05 17:31:01,GUIDED,False,-7.9262264,112.594866,152.61,0.0,0.0,TRACKING_BUOY,,
1785925862.364,2026-08-05 17:31:02,GUIDED,False,-7.9262264,112.594866,152.61,0.0,0.0,TRACKING_BUOY,,
1785925862.517,2026-08-05 17:31:02,GUIDED,False,-7.9262264,112.594866,152.62,0.0,0.0,TRACKING_BUOY,,
1785925862.674,2026-08-05 17:31:02,GUIDED,False,-7.9262264,112.594866,152.61,0.0,0.0,TRACKING_BUOY,,
1785925862.805,2026-08-05 17:31:02,GUIDED,False,-7.9262264,112.594866,152.6,0.0,0.0,TRACKING_BUOY,,
1785925862.946,2026-08-05 17:31:02,GUIDED,False,-7.9262264,112.594866,152.61,0.0,0.0,TRACKING_BUOY,,
1785925863.086,2026-08-05 17:31:03,GUIDED,False,-7.9262264,112.594866,152.6,0.0,0.0,TRACKING_BUOY,,
1785925863.239,2026-08-05 17:31:03,GUIDED,False,-7.9262264,112.594866,152.59,0.0,0.0,TRACKING_BUOY,,
1785925863.394,2026-08-05 17:31:03,GUIDED,False,-7.9262264,112.594866,152.58,0.0,0.0,TRACKING_BUOY,,
1785925863.543,2026-08-05 17:31:03,GUIDED,False,-7.9262264,112.594866,152.58,0.0,0.0,TRACKING_BUOY,,
1785925864.011,2026-08-05 17:31:04,GUIDED,False,-7.9262264,112.594866,152.55,0.0,0.0,TRACKING_BUOY,,
1785925864.207,2026-08-05 17:31:04,GUIDED,False,-7.9262264,112.594866,152.55,0.0,0.0,TRACKING_BUOY,,
1785925864.356,2026-08-05 17:31:04,GUIDED,False,-7.9262264,112.594866,152.55,0.0,0.0,TRACKING_BUOY,,
1785925864.492,2026-08-05 17:31:04,GUIDED,False,-7.9262264,112.594866,152.55,0.0,0.0,TRACKING_BUOY,122,-198
1785925864.628,2026-08-05 17:31:04,GUIDED,False,-7.9262264,112.594866,152.55,0.0,0.0,TRACKING_BUOY,,
1785925864.773,2026-08-05 17:31:04,GUIDED,False,-7.9262264,112.594866,152.55,0.0,0.0,TRACKING_BUOY,,
1785925864.910,2026-08-05 17:31:04,GUIDED,False,-7.9262264,112.594866,152.54,0.0,0.0,TRACKING_BUOY,,
1785925865.045,2026-08-05 17:31:05,GUIDED,False,-7.9262264,112.594866,152.54,0.0,0.0,TRACKING_BUOY,,
1785925865.195,2026-08-05 17:31:05,GUIDED,False,-7.9262264,112.594866,152.57,0.0,0.0,TRACKING_BUOY,,
1785925865.327,2026-08-05 17:31:05,GUIDED,False,-7.9262264,112.594866,152.57,0.0,0.0,TRACKING_BUOY,,
1785925865.475,2026-08-05 17:31:05,GUIDED,False,-7.9262264,112.594866,152.59,0.0,0.0,TRACKING_BUOY,,
1785925865.614,2026-08-05 17:31:05,GUIDED,False,-7.9262264,112.594866,152.61,0.0,0.0,TRACKING_BUOY,,
1785925865.753,2026-08-05 17:31:05,GUIDED,False,-7.9262264,112.594866,152.6,0.0,0.0,TRACKING_BUOY,,
1785925865.891,2026-08-05 17:31:05,GUIDED,False,-7.9262264,112.594866,152.62,0.0,0.0,TRACKING_BUOY,,
1785925866.037,2026-08-05 17:31:06,GUIDED,False,-7.9262264,112.594866,152.61,0.0,0.0,TRACKING_BUOY,,
1785925866.167,2026-08-05 17:31:06,GUIDED,False,-7.9262264,112.594866,152.6,0.0,0.0,TRACKING_BUOY,,
1785925866.300,2026-08-05 17:31:06,GUIDED,False,-7.9262264,112.594866,152.61,0.0,0.0,TRACKING_BUOY,122,-198
1785925866.435,2026-08-05 17:31:06,GUIDED,False,-7.9262264,112.594866,152.61,0.0,0.0,TRACKING_BUOY,122,-198
1785925866.596,2026-08-05 17:31:06,GUIDED,False,-7.9262264,112.594866,152.61,0.0,0.0,TRACKING_BUOY,122,-198
1785925866.729,2026-08-05 17:31:06,GUIDED,False,-7.9262264,112.594866,152.63,0.0,0.0,TRACKING_BUOY,,
1785925866.858,2026-08-05 17:31:06,GUIDED,False,-7.9262264,112.594866,152.63,0.0,0.0,TRACKING_BUOY,,
1785925866.995,2026-08-05 17:31:06,GUIDED,False,-7.9262264,112.594866,152.62,0.0,0.0,TRACKING_BUOY,,
1785925867.164,2026-08-05 17:31:07,GUIDED,False,-7.9262264,112.594866,152.61,0.0,0.0,TRACKING_BUOY,,
1785925867.306,2026-08-05 17:31:07,GUIDED,False,-7.9262264,112.594866,152.62,0.0,0.0,TRACKING_BUOY,,
1785925867.442,2026-08-05 17:31:07,GUIDED,False,-7.9262264,112.594866,152.63,0.0,0.0,TRACKING_BUOY,,
1785925867.576,2026-08-05 17:31:07,GUIDED,False,-7.9262264,112.594866,152.64,0.0,0.0,TRACKING_BUOY,,
1785925867.710,2026-08-05 17:31:07,GUIDED,False,-7.9262264,112.594866,152.64,0.0,0.0,TRACKING_BUOY,,
1785925867.853,2026-08-05 17:31:07,GUIDED,False,-7.9262264,112.594866,152.63,0.0,0.0,TRACKING_BUOY,,
1785925867.984,2026-08-05 17:31:07,GUIDED,False,-7.9262264,112.594866,152.63,0.0,0.0,TRACKING_BUOY,,
1785925868.120,2026-08-05 17:31:08,GUIDED,False,-7.9262264,112.594866,152.62,0.0,0.0,TRACKING_BUOY,,
1785925868.249,2026-08-05 17:31:08,GUIDED,False,-7.9262264,112.594866,152.63,0.0,0.0,TRACKING_BUOY,,
1785925868.382,2026-08-05 17:31:08,GUIDED,False,-7.9262264,112.594866,152.62,0.0,0.0,TRACKING_BUOY,124,-196
1785925868.514,2026-08-05 17:31:08,GUIDED,False,-7.9262264,112.594866,152.62,0.0,0.0,TRACKING_BUOY,,
1785925868.645,2026-08-05 17:31:08,GUIDED,False,-7.9262264,112.594866,152.65,0.0,0.0,TRACKING_BUOY,,
1785925868.779,2026-08-05 17:31:08,GUIDED,False,-7.9262264,112.594866,152.65,0.0,0.0,TRACKING_BUOY,124,-196
1785925868.912,2026-08-05 17:31:08,GUIDED,False,-7.9262264,112.594866,152.66,0.0,0.0,TRACKING_BUOY,,
1785925869.061,2026-08-05 17:31:09,GUIDED,False,-7.9262264,112.594866,152.65,0.0,0.0,TRACKING_BUOY,124,-196
1785925869.221,2026-08-05 17:31:09,GUIDED,False,-7.9262264,112.594866,152.64,0.0,0.0,TRACKING_BUOY,,
1785925869.361,2026-08-05 17:31:09,GUIDED,False,-7.9262264,112.594866,152.63,0.0,0.0,TRACKING_BUOY,,
1785925869.494,2026-08-05 17:31:09,GUIDED,False,-7.9262264,112.594866,152.63,0.0,0.0,TRACKING_BUOY,,
1785925869.625,2026-08-05 17:31:09,GUIDED,False,-7.9262264,112.594866,152.62,0.0,0.0,TRACKING_BUOY,,
1785925869.765,2026-08-05 17:31:09,GUIDED,False,-7.9262264,112.594866,152.61,0.0,0.0,TRACKING_BUOY,,
1785925869.909,2026-08-05 17:31:09,GUIDED,False,-7.9262264,112.594866,152.62,0.0,0.0,TRACKING_BUOY,,
1785925870.049,2026-08-05 17:31:10,GUIDED,False,-7.9262264,112.594866,152.6,0.0,0.0,TRACKING_BUOY,,
1785925870.187,2026-08-05 17:31:10,GUIDED,False,-7.9262264,112.594866,152.61,0.0,0.0,TRACKING_BUOY,,
1785925870.336,2026-08-05 17:31:10,GUIDED,False,-7.9262264,112.594866,152.6,0.0,0.0,TRACKING_BUOY,,
1785925870.532,2026-08-05 17:31:10,GUIDED,False,-7.9262264,112.594866,152.6,0.0,0.0,TRACKING_BUOY,,
1785925870.689,2026-08-05 17:31:10,GUIDED,False,-7.9262264,112.594866,152.6,0.0,0.0,TRACKING_BUOY,,
1785925870.818,2026-08-05 17:31:10,GUIDED,False,-7.9262264,112.594866,152.59,0.0,0.0,TRACKING_BUOY,,
1785925870.962,2026-08-05 17:31:10,GUIDED,False,-7.9262264,112.594866,152.56,0.0,0.0,TRACKING_BUOY,,
1785925871.101,2026-08-05 17:31:11,GUIDED,False,-7.9262264,112.594866,152.56,0.0,0.0,TRACKING_BUOY,,
1785925871.238,2026-08-05 17:31:11,GUIDED,False,-7.9262264,112.594866,152.55,0.0,0.0,TRACKING_BUOY,121,-199
1785925871.380,2026-08-05 17:31:11,GUIDED,False,-7.9262264,112.594866,152.57,0.0,0.0,TRACKING_BUOY,120,-200
1785925871.510,2026-08-05 17:31:11,GUIDED,False,-7.9262264,112.594866,152.57,0.0,0.0,TRACKING_BUOY,,
1785925871.659,2026-08-05 17:31:11,GUIDED,False,-7.9262264,112.594866,152.56,0.0,0.0,TRACKING_BUOY,,
1785925871.801,2026-08-05 17:31:11,GUIDED,False,-7.9262264,112.594866,152.56,0.0,0.0,TRACKING_BUOY,,
1785925871.938,2026-08-05 17:31:11,GUIDED,False,-7.9262264,112.594866,152.56,0.0,0.0,TRACKING_BUOY,,
1785925872.074,2026-08-05 17:31:12,GUIDED,False,-7.9262264,112.594866,152.57,0.0,0.0,TRACKING_BUOY,,
1785925872.227,2026-08-05 17:31:12,GUIDED,False,-7.9262264,112.594866,152.57,0.0,0.0,TRACKING_BUOY,121,-199
1785925872.368,2026-08-05 17:31:12,GUIDED,False,-7.9262264,112.594866,152.56,0.0,0.0,TRACKING_BUOY,,
1785925872.580,2026-08-05 17:31:12,GUIDED,False,-7.9262264,112.594866,152.56,0.0,0.0,TRACKING_BUOY,120,-200
1785925872.731,2026-08-05 17:31:12,GUIDED,False,-7.9262264,112.594866,152.56,0.0,0.0,TRACKING_BUOY,,
1785925872.873,2026-08-05 17:31:12,GUIDED,False,-7.9262264,112.594866,152.57,0.0,0.0,TRACKING_BUOY,,
1785925873.011,2026-08-05 17:31:13,GUIDED,False,-7.9262264,112.594866,152.57,0.0,0.0,TRACKING_BUOY,,
1785925873.261,2026-08-05 17:31:13,GUIDED,False,-7.9262264,112.594866,152.57,0.0,0.0,TRACKING_BUOY,122,-198
1785925873.619,2026-08-05 17:31:13,GUIDED,False,-7.9262264,112.594866,152.55,0.0,0.0,TRACKING_BUOY,,
1785925873.767,2026-08-05 17:31:13,GUIDED,False,-7.9262264,112.594866,152.53,0.0,0.0,TRACKING_BUOY,,
1785925873.898,2026-08-05 17:31:13,GUIDED,False,-7.9262264,112.594866,152.54,0.0,0.0,TRACKING_BUOY,,
1785925874.047,2026-08-05 17:31:14,GUIDED,False,-7.9262264,112.594866,152.54,0.0,0.0,TRACKING_BUOY,,
1785925874.211,2026-08-05 17:31:14,GUIDED,False,-7.9262264,112.594866,152.56,0.0,0.0,TRACKING_BUOY,,
1785925874.368,2026-08-05 17:31:14,GUIDED,False,-7.9262264,112.594866,152.57,0.0,0.0,TRACKING_BUOY,121,-199
1785925874.502,2026-08-05 17:31:14,GUIDED,False,-7.9262264,112.594866,152.58,0.0,0.0,TRACKING_BUOY,120,-200
1785925874.641,2026-08-05 17:31:14,GUIDED,False,-7.9262264,112.594866,152.58,0.0,0.0,TRACKING_BUOY,121,-199
