timestamp,iso_time,mode,armed,lat,lng,heading,sog_knots,battery_v,state,gate_x,error_px
1785926681.944,2026-08-05 17:44:41,GUIDED,True,-7.9264774,112.5944542,152.85,0.0,0.0,IDLE,,
1785926682.123,2026-08-05 17:44:42,GUIDED,True,-7.9264774,112.5944542,152.87,0.0,0.0,IDLE,,
1785926682.286,2026-08-05 17:44:42,GUIDED,True,-7.9264817,112.5944444,152.85,0.0,0.0,IDLE,,
1785926682.439,2026-08-05 17:44:42,GUIDED,True,-7.9264875,112.5944268,152.85,0.0,0.0,IDLE,343.0,23.0
1785926682.591,2026-08-05 17:44:42,GUIDED,True,-7.9264939,112.5944097,152.85,0.0,0.0,IDLE,,
1785926682.733,2026-08-05 17:44:42,GUIDED,True,-7.9264939,112.5944097,152.84,0.0,0.0,IDLE,,
1785926682.875,2026-08-05 17:44:42,GUIDED,True,-7.9264974,112.5944,152.84,0.0,0.0,IDLE,,
1785926683.033,2026-08-05 17:44:43,GUIDED,True,-7.9264974,112.5944,152.85,0.0,0.0,IDLE,,
1785926683.196,2026-08-05 17:44:43,GUIDED,True,-7.9265007,112.5943906,152.85,0.0,0.0,IDLE,,
1785926683.347,2026-08-05 17:44:43,GUIDED,True,-7.9265036,112.5943814,152.84,0.0,0.0,IDLE,,
1785926683.486,2026-08-05 17:44:43,GUIDED,True,-7.9265053,112.5943735,152.84,0.0,0.0,IDLE,,
1785926683.624,2026-08-05 17:44:43,GUIDED,True,-7.9265053,112.5943735,152.83,0.0,0.0,IDLE,,
1785926683.770,2026-08-05 17:44:43,GUIDED,True,-7.9265061,112.5943659,152.85,0.0,0.0,IDLE,,
1785926683.923,2026-08-05 17:44:43,GUIDED,True,-7.9265052,112.5943584,152.85,0.0,0.0,IDLE,,
1785926684.069,2026-08-05 17:44:44,GUIDED,True,-7.9265052,112.5943584,152.85,0.0,0.0,IDLE,,
1785926684.216,2026-08-05 17:44:44,GUIDED,True,-7.9265046,112.5943509,152.84,0.0,0.0,IDLE,,
1785926684.351,2026-08-05 17:44:44,GUIDED,True,-7.9265034,112.5943371,152.83,0.0,0.0,IDLE,,
1785926684.490,2026-08-05 17:44:44,GUIDED,True,-7.9265034,112.5943371,152.84,0.0,0.0,IDLE,,
1785926684.629,2026-08-05 17:44:44,GUIDED,True,-7.9265032,112.594331,152.82,0.0,0.0,IDLE,,
1785926684.768,2026-08-05 17:44:44,GUIDED,True,-7.9265042,112.5943281,152.82,0.0,0.0,IDLE,,
1785926684.912,2026-08-05 17:44:44,GUIDED,True,-7.9265042,112.5943281,152.82,0.0,0.0,IDLE,,
1785926685.050,2026-08-05 17:44:45,GUIDED,True,-7.9265045,112.5943229,152.8,0.0,0.0,IDLE,,
1785926685.195,2026-08-05 17:44:45,GUIDED,True,-7.9265045,112.5943229,152.82,0.0,0.0,IDLE,,
1785926685.336,2026-08-05 17:44:45,GUIDED,True,-7.9265052,112.5943148,152.8,0.0,0.0,IDLE,,
1785926685.480,2026-08-05 17:44:45,GUIDED,False,-7.926506,112.5943079,152.79,0.0,0.0,IDLE,,
1785926685.628,2026-08-05 17:44:45,GUIDED,False,-7.9265121,112.5943281,152.79,0.0,0.0,IDLE,,
1785926685.809,2026-08-05 17:44:45,GUIDED,False,-7.9265143,112.5943262,152.79,0.0,0.0,IDLE,,
1785926685.955,2026-08-05 17:44:45,GUIDED,False,-7.9265155,112.5943041,152.8,0.0,0.0,IDLE,,
1785926686.095,2026-08-05 17:44:46,GUIDED,False,-7.9265155,112.5943041,152.8,0.0,0.0,IDLE,,
1785926686.237,2026-08-05 17:44:46,GUIDED,False,-7.9265182,112.5942815,152.81,0.0,0.0,IDLE,,
1785926686.378,2026-08-05 17:44:46,GUIDED,False,-7.9265232,112.5942703,152.8,0.0,0.0,IDLE,,
1785926686.520,2026-08-05 17:44:46,GUIDED,False,-7.9265266,112.5942679,152.8,0.0,0.0,IDLE,,
1785926686.661,2026-08-05 17:44:46,GUIDED,False,-7.9265266,112.5942679,152.8,0.0,0.0,IDLE,,
1785926686.805,2026-08-05 17:44:46,GUIDED,False,-7.9265266,112.5942679,152.79,0.0,0.0,IDLE,,
1785926686.951,2026-08-05 17:44:46,GUIDED,False,-7.926529,112.5942628,152.79,0.0,0.0,IDLE,,
1785926687.092,2026-08-05 17:44:47,GUIDED,False,-7.926529,112.5942628,152.79,0.0,0.0,IDLE,,
1785926687.236,2026-08-05 17:44:47,GUIDED,False,-7.9265406,112.5942452,152.78,0.0,0.0,IDLE,,
1785926687.378,2026-08-05 17:44:47,GUIDED,False,-7.9265473,112.5942478,152.79,0.0,0.0,IDLE,,
1785926687.547,2026-08-05 17:44:47,GUIDED,True,-7.9265527,112.5942515,152.8,0.0,0.0,IDLE,,
1785926687.708,2026-08-05 17:44:47,GUIDED,True,-7.9265552,112.5942514,152.83,0.0,0.0,IDLE,,
1785926687.899,2026-08-05 17:44:47,GUIDED,True,-7.9265552,112.5942514,152.82,0.0,0.0,IDLE,,
1785926688.045,2026-08-05 17:44:48,GUIDED,True,-7.9265571,112.5942481,152.83,0.0,0.0,IDLE,,
1785926688.212,2026-08-05 17:44:48,GUIDED,True,-7.9265571,112.5942481,152.83,0.0,0.0,IDLE,,
1785926688.369,2026-08-05 17:44:48,GUIDED,True,-7.9265609,112.5942417,152.82,0.0,0.0,IDLE,,
1785926688.514,2026-08-05 17:44:48,GUIDED,True,-7.9265636,112.5942398,152.82,0.0,0.0,IDLE,,
1785926688.665,2026-08-05 17:44:48,GUIDED,True,-7.9265636,112.5942398,152.82,0.0,0.0,IDLE,,
1785926688.806,2026-08-05 17:44:48,GUIDED,True,-7.9265679,112.5942353,152.82,0.0,0.0,IDLE,,
1785926688.973,2026-08-05 17:44:48,GUIDED,True,-7.9265725,112.5942287,152.85,0.0,0.0,IDLE,,
1785926689.121,2026-08-05 17:44:49,GUIDED,True,-7.9265725,112.5942287,152.85,0.0,0.0,IDLE,,
1785926689.264,2026-08-05 17:44:49,GUIDED,True,-7.926577,112.5942342,152.86,0.0,0.0,IDLE,,
1785926689.417,2026-08-05 17:44:49,GUIDED,True,-7.9265807,112.5942402,152.86,0.0,0.0,IDLE,,
1785926689.566,2026-08-05 17:44:49,GUIDED,True,-7.9265828,112.5942513,152.87,0.0,0.0,START,,
1785926689.707,2026-08-05 17:44:49,GUIDED,True,-7.9265839,112.5942501,152.86,0.0,0.0,START,,
1785926689.846,2026-08-05 17:44:49,GUIDED,True,-7.9265839,112.5942501,152.86,0.0,0.0,START,425.0,105.0
1785926689.990,2026-08-05 17:44:49,GUIDED,True,-7.9265836,112.5942405,152.86,0.0,0.0,START,,
1785926690.129,2026-08-05 17:44:50,GUIDED,True,-7.9265836,112.5942405,152.86,0.0,0.0,START,,
1785926690.274,2026-08-05 17:44:50,GUIDED,True,-7.9265946,112.5942107,152.86,0.0,0.0,START,,
1785926690.411,2026-08-05 17:44:50,GUIDED,True,-7.9265941,112.5942055,152.86,0.0,0.0,START,,
1785926690.551,2026-08-05 17:44:50,GUIDED,True,-7.9265957,112.5942063,152.86,0.0,0.0,START,,
1785926690.705,2026-08-05 17:44:50,GUIDED,True,-7.9265981,112.5942097,152.87,0.0,0.0,START,,
1785926690.865,2026-08-05 17:44:50,GUIDED,True,-7.9265981,112.5942097,152.87,0.0,0.0,START,,
1785926691.020,2026-08-05 17:44:51,GUIDED,True,-7.9265989,112.5942095,152.89,0.0,0.0,START,,
1785926691.171,2026-08-05 17:44:51,GUIDED,True,-7.9265989,112.5942095,152.87,0.0,0.0,START,,
1785926691.314,2026-08-05 17:44:51,GUIDED,True,-7.9266024,112.5942013,152.86,0.0,0.0,START,,
1785926691.463,2026-08-05 17:44:51,GUIDED,True,-7.9266024,112.5942013,152.86,0.0,0.0,START,,
1785926691.619,2026-08-05 17:44:51,GUIDED,True,-7.9266037,112.594191,152.88,0.0,0.0,START,,
1785926691.768,2026-08-05 17:44:51,GUIDED,True,-7.9266049,112.5941754,152.9,0.0,0.0,START,,
1785926691.914,2026-08-05 17:44:51,GUIDED,True,-7.9266052,112.5941651,152.92,0.0,0.0,START,,
1785926692.063,2026-08-05 17:44:52,GUIDED,True,-7.9266052,112.5941651,152.92,0.0,0.0,START,,
1785926692.214,2026-08-05 17:44:52,GUIDED,True,-7.9266052,112.5941651,152.92,0.0,0.0,START,,
1785926692.360,2026-08-05 17:44:52,GUIDED,True,-7.9266103,112.5941463,152.93,0.0,0.0,START,,
1785926692.502,2026-08-05 17:44:52,GUIDED,True,-7.9266129,112.5941434,152.93,0.0,0.0,START,,
1785926692.646,2026-08-05 17:44:52,GUIDED,True,-7.9266129,112.5941434,152.91,0.0,0.0,TRACKING_BUOY,,
1785926692.797,2026-08-05 17:44:52,GUIDED,True,-7.9266158,112.5941315,152.91,0.0,0.0,TRACKING_BUOY,,
1785926692.946,2026-08-05 17:44:52,GUIDED,True,-7.9266191,112.5941184,152.92,0.0,0.0,TRACKING_BUOY,,
1785926693.094,2026-08-05 17:44:53,GUIDED,True,-7.9266191,112.5941184,152.92,0.0,0.0,TRACKING_BUOY,,
1785926693.241,2026-08-05 17:44:53,GUIDED,True,-7.9265599,112.5942534,152.91,0.0,0.0,TRACKING_BUOY,406.0,86.0
1785926693.402,2026-08-05 17:44:53,GUIDED,True,-7.926567,112.5942529,152.92,0.0,0.0,TRACKING_BUOY,402.75,82.75
1785926693.553,2026-08-05 17:44:53,GUIDED,True,-7.9265706,112.5942539,152.91,0.0,0.0,TRACKING_BUOY,387.3125,67.3125
1785926693.695,2026-08-05 17:44:53,GUIDED,True,-7.9265706,112.5942539,152.91,0.0,0.0,TRACKING_BUOY,377.359375,57.359375
1785926693.853,2026-08-05 17:44:53,GUIDED,True,-7.9265714,112.5942582,152.9,0.0,0.0,TRACKING_BUOY,371.14453125,51.14453125
1785926694.042,2026-08-05 17:44:54,GUIDED,True,-7.9265677,112.5942661,152.91,0.0,0.0,TRACKING_BUOY,366.4833984375,46.4833984375
1785926694.190,2026-08-05 17:44:54,GUIDED,True,-7.9265677,112.5942661,152.91,0.0,0.0,TRACKING_BUOY,358.362548828125,38.362548828125
1785926694.349,2026-08-05 17:44:54,GUIDED,True,-7.9265657,112.5942666,152.91,0.0,0.0,TRACKING_BUOY,344.89691162109375,24.89691162109375
1785926694.492,2026-08-05 17:44:54,GUIDED,True,-7.9265657,112.5942666,152.91,0.0,0.0,TRACKING_BUOY,325.6726837158203,5.6726837158203125
1785926694.636,2026-08-05 17:44:54,GUIDED,True,-7.9265692,112.5942658,152.91,0.0,0.0,TRACKING_BUOY,305.25451278686523,-14.745487213134766
1785926694.784,2026-08-05 17:44:54,GUIDED,True,-7.9265716,112.5942595,152.92,0.0,0.0,TRACKING_BUOY,285.3158845901489,-34.684115409851074
1785926694.925,2026-08-05 17:44:54,GUIDED,True,-7.9265742,112.5942503,152.91,0.0,0.0,TRACKING_BUOY,267.7369134426117,-52.263086557388306
1785926695.072,2026-08-05 17:44:55,GUIDED,True,-7.9265742,112.5942503,152.94,0.0,0.0,TRACKING_BUOY,252.67768508195877,-67.32231491804123
1785926695.218,2026-08-05 17:44:55,GUIDED,True,-7.9265742,112.5942503,152.94,0.0,0.0,TRACKING_BUOY,240.50826381146908,-79.49173618853092
1785926695.367,2026-08-05 17:44:55,GUIDED,True,-7.9265768,112.5942411,152.92,0.0,0.0,TRACKING_BUOY,231.5061978586018,-88.49380214139819
1785926695.524,2026-08-05 17:44:55,GUIDED,True,-7.9265776,112.5942274,152.93,0.0,0.0,TRACKING_BUOY,226.12964839395136,-93.87035160604864
1785926695.670,2026-08-05 17:44:55,GUIDED,True,-7.9265776,112.5942274,152.94,0.0,0.0,TRACKING_BUOY,223.47223629546352,-96.52776370453648
1785926695.829,2026-08-05 17:44:55,GUIDED,True,-7.9265804,112.5942129,152.92,0.0,0.0,TRACKING_BUOY,223.10417722159764,-96.89582277840236
1785926695.971,2026-08-05 17:44:55,GUIDED,True,-7.9265824,112.5942068,152.92,0.0,0.0,TRACKING_BUOY,226.07813291619823,-93.92186708380177
1785926696.115,2026-08-05 17:44:56,GUIDED,True,-7.9265824,112.5942068,152.92,0.0,0.0,TRACKING_BUOY,231.05859968714867,-88.94140031285133
1785926696.259,2026-08-05 17:44:56,GUIDED,True,-7.9265537,112.5942629,152.91,0.0,0.0,TRACKING_BUOY,237.0439497653615,-82.9560502346385
1785926696.402,2026-08-05 17:44:56,GUIDED,True,-7.9265542,112.5942592,152.91,0.0,0.0,TRACKING_BUOY,243.28296232402113,-76.71703767597887
1785926696.544,2026-08-05 17:44:56,GUIDED,True,-7.9265576,112.5942546,152.91,0.0,0.0,TRACKING_BUOY,249.83722174301585,-70.16277825698415
1785926696.690,2026-08-05 17:44:56,GUIDED,True,-7.9265576,112.5942546,152.9,0.0,0.0,TRACKING_BUOY,256.8779163072619,-63.1220836927381
1785926696.834,2026-08-05 17:44:56,GUIDED,True,-7.9265619,112.5942538,152.89,0.0,0.0,TRACKING_BUOY,264.40843723044645,-55.59156276955355
1785926696.981,2026-08-05 17:44:56,GUIDED,True,-7.9265641,112.594249,152.9,0.0,0.0,TRACKING_BUOY,272.30632792283484,-47.69367207716516
1785926697.130,2026-08-05 17:44:57,GUIDED,True,-7.9265641,112.594249,152.88,0.0,0.0,TRACKING_BUOY,280.4797459421261,-39.5202540578739
1785926697.277,2026-08-05 17:44:57,GUIDED,True,-7.926566,112.594243,152.9,0.0,0.0,TRACKING_BUOY,288.9848094565946,-31.015190543405424
1785926697.437,2026-08-05 17:44:57,GUIDED,True,-7.9265677,112.5942357,152.91,0.0,0.0,TRACKING_BUOY,298.36360709244593,-21.636392907554068
1785926697.586,2026-08-05 17:44:57,GUIDED,True,-7.9265709,112.5942348,152.92,0.0,0.0,TRACKING_BUOY,307.0227053193345,-12.977294680665523
1785926697.741,2026-08-05 17:44:57,GUIDED,True,-7.9265745,112.5942354,152.93,0.0,0.0,TRACKING_BUOY,315.1420289895009,-4.857971010499114
1785926697.887,2026-08-05 17:44:57,GUIDED,True,-7.9265745,112.5942354,152.93,0.0,0.0,TRACKING_BUOY,323.73152174212566,3.731521742125665
1785926698.040,2026-08-05 17:44:58,GUIDED,True,-7.9265771,112.5942253,152.93,0.0,0.0,TRACKING_BUOY,331.6736413065943,11.673641306594277
1785926698.208,2026-08-05 17:44:58,GUIDED,True,-7.9265771,112.5942253,152.93,0.0,0.0,TRACKING_BUOY,339.50523097994574,19.505230979945736
1785926698.368,2026-08-05 17:44:58,GUIDED,True,-7.9265808,112.5942109,152.91,0.0,0.0,TRACKING_BUOY,347.8789232349593,27.878923234959302
1785926698.512,2026-08-05 17:44:58,GUIDED,True,-7.9265828,112.5942203,152.9,0.0,0.0,TRACKING_BUOY,355.7841924262195,35.78419242621948
1785926698.661,2026-08-05 17:44:58,GUIDED,True,-7.9265828,112.5942203,152.9,0.0,0.0,TRACKING_BUOY,363.8381443196646,43.83814431966459
1785926698.806,2026-08-05 17:44:58,GUIDED,True,-7.9265393,112.5942795,152.89,0.0,0.0,TRACKING_BUOY,371.8786082397485,51.87860823974847
1785926698.951,2026-08-05 17:44:58,GUIDED,True,-7.9264996,112.5943322,152.9,0.0,0.0,TRACKING_BUOY,380.90895617981136,60.908956179811355
1785926699.116,2026-08-05 17:44:59,GUIDED,True,-7.9264996,112.5943322,152.91,0.0,0.0,TRACKING_BUOY,389.0567171348585,69.0567171348585
1785926699.263,2026-08-05 17:44:59,GUIDED,True,-7.926497,112.5943171,152.91,0.0,0.0,TRACKING_BUOY,394.7925378511439,74.79253785114389
1785926699.407,2026-08-05 17:44:59,GUIDED,True,-7.926456,112.594383,152.91,0.0,0.0,TRACKING_BUOY,396.34440338835793,76.34440338835793
1785926699.557,2026-08-05 17:44:59,GUIDED,True,-7.9264166,112.5944394,152.91,0.0,0.0,TRACKING_BUOY,387.38330254126845,67.38330254126845
1785926699.704,2026-08-05 17:44:59,GUIDED,True,-7.9263803,112.5944897,152.92,0.0,0.0,TRACKING_BUOY,372.16247690595134,52.16247690595134
1785926699.849,2026-08-05 17:44:59,GUIDED,True,-7.9263803,112.5944897,152.92,0.0,0.0,TRACKING_BUOY,352.2468576794635,32.24685767946352
1785926700.000,2026-08-05 17:44:59,GUIDED,True,-7.9263453,112.5945415,152.93,0.0,0.0,TRACKING_BUOY,330.3101432595976,10.310143259597623
1785926700.145,2026-08-05 17:45:00,GUIDED,True,-7.9263453,112.5945415,152.93,0.0,0.0,TRACKING_BUOY,305.8576074446982,-14.142392555301797
1785926700.293,2026-08-05 17:45:00,GUIDED,True,-7.9263124,112.5945911,152.95,0.0,0.0,TRACKING_BUOY,285.01820558352364,-34.98179441647636
1785926700.438,2026-08-05 17:45:00,GUIDED,True,-7.9262876,112.594626,152.95,0.0,0.0,TRACKING_BUOY,268.3886541876427,-51.611345812357285
1785926700.584,2026-08-05 17:45:00,GUIDED,True,-7.926259,112.5946633,152.96,0.0,0.0,TRACKING_BUOY,254.66649064073204,-65.33350935926796
1785926700.732,2026-08-05 17:45:00,GUIDED,True,-7.926229,112.5947087,152.96,0.0,0.0,TRACKING_BUOY,243.74986798054903,-76.25013201945097
1785926700.880,2026-08-05 17:45:00,GUIDED,True,-7.926229,112.5947087,152.97,0.0,0.0,TRACKING_BUOY,234.81240098541178,-85.18759901458822
1785926701.022,2026-08-05 17:45:01,GUIDED,True,-7.9262031,112.5947493,152.96,0.0,0.0,TRACKING_BUOY,227.73430073905882,-92.26569926094118
1785926701.177,2026-08-05 17:45:01,GUIDED,True,-7.9262031,112.5947493,152.96,0.0,0.0,TRACKING_BUOY,221.9257255542941,-98.0742744457059
1785926701.322,2026-08-05 17:45:01,GUIDED,True,-7.9261527,112.5948348,152.97,0.0,0.0,TRACKING_BUOY,217.81929416572058,-102.18070583427942
1785926701.467,2026-08-05 17:45:01,GUIDED,True,-7.9261527,112.5948348,152.97,0.0,0.0,TRACKING_BUOY,214.86447062429045,-105.13552937570955
1785926701.610,2026-08-05 17:45:01,GUIDED,True,-7.9261257,112.5948811,152.98,0.0,0.0,TRACKING_BUOY,213.14835296821784,-106.85164703178216
1785926701.752,2026-08-05 17:45:01,GUIDED,True,-7.9261004,112.594927,152.96,0.0,0.0,TRACKING_BUOY,212.98626472616337,-107.01373527383663
1785926701.893,2026-08-05 17:45:01,GUIDED,True,-7.9261004,112.594927,152.96,0.0,0.0,TRACKING_BUOY,214.2396985446225,-105.76030145537749
1785926702.038,2026-08-05 17:45:02,GUIDED,True,-7.9260804,112.5949654,152.96,0.0,0.0,TRACKING_BUOY,217.42977390846687,-102.57022609153313
1785926702.189,2026-08-05 17:45:02,GUIDED,True,-7.9260804,112.5949654,152.95,0.0,0.0,TRACKING_BUOY,221.94733043135017,-98.05266956864983
1785926702.335,2026-08-05 17:45:02,GUIDED,True,-7.9260487,112.5950172,152.94,0.0,0.0,TRACKING_BUOY,228.33549782351264,-91.66450217648736
1785926702.485,2026-08-05 17:45:02,GUIDED,True,-7.9260487,112.5950172,152.93,0.0,0.0,TRACKING_BUOY,238.50162336763447,-81.49837663236553
1785926702.631,2026-08-05 17:45:02,GUIDED,True,-7.9260348,112.5950406,152.94,0.0,0.0,TRACKING_BUOY,250.00121752572585,-69.99878247427415
1785926702.783,2026-08-05 17:45:02,GUIDED,True,-7.9260221,112.5950616,152.94,0.0,0.0,TRACKING_BUOY,262.8759131442944,-57.12408685570563
1785926702.934,2026-08-05 17:45:02,GUIDED,True,-7.9260101,112.5950806,152.94,0.0,0.0,TRACKING_BUOY,277.0319348582208,-42.96806514177922
1785926703.076,2026-08-05 17:45:03,GUIDED,True,-7.9260101,112.5950806,152.94,0.0,0.0,TRACKING_BUOY,292.2739511436656,-27.726048856334387
1785926703.223,2026-08-05 17:45:03,GUIDED,True,-7.9259984,112.5951007,152.95,0.0,0.0,TRACKING_BUOY,305.4554633577492,-14.544536642250819
1785926703.377,2026-08-05 17:45:03,GUIDED,True,-7.9259899,112.5951148,152.95,0.0,0.0,TRACKING_BUOY,315.8415975183119,-4.158402481688086
1785926703.523,2026-08-05 17:45:03,GUIDED,True,-7.9259844,112.5951228,152.96,0.0,0.0,TRACKING_BUOY,323.2561981387339,3.2561981387339074
1785926703.668,2026-08-05 17:45:03,GUIDED,True,-7.9259844,112.5951228,152.97,0.0,0.0,TRACKING_BUOY,328.44214860405043,8.44214860405043
1785926703.815,2026-08-05 17:45:03,GUIDED,True,-7.9259764,112.5951372,152.94,0.0,0.0,TRACKING_BUOY,332.3316114530378,12.331611453037794
1785926703.958,2026-08-05 17:45:03,GUIDED,True,-7.9259676,112.5951518,152.94,0.0,0.0,TRACKING_BUOY,335.49870858977835,15.498708589778346
1785926704.128,2026-08-05 17:45:04,GUIDED,True,-7.9259555,112.5951733,152.94,0.0,0.0,TRACKING_BUOY,338.7490314423338,18.749031442333774
1785926704.274,2026-08-05 17:45:04,GUIDED,True,-7.9259555,112.5951733,152.95,0.0,0.0,TRACKING_BUOY,340.56177358175034,20.561773581750344
1785926704.440,2026-08-05 17:45:04,GUIDED,True,-7.9259445,112.5951934,152.94,0.0,0.0,TRACKING_BUOY,339.42133018631273,19.42133018631273
1785926704.591,2026-08-05 17:45:04,GUIDED,True,-7.9259374,112.5952051,152.95,0.0,0.0,TRACKING_BUOY,335.3159976397345,15.315997639734519
1785926704.733,2026-08-05 17:45:04,GUIDED,True,-7.9259328,112.5952105,152.97,0.0,0.0,TRACKING_BUOY,328.98699822980086,8.98699822980086
1785926704.876,2026-08-05 17:45:04,GUIDED,True,-7.9259328,112.5952105,152.97,0.0,0.0,TRACKING_BUOY,320.1152486723506,0.1152486723506172
1785926705.019,2026-08-05 17:45:05,GUIDED,True,-7.925929,112.5952129,152.97,0.0,0.0,TRACKING_BUOY,311.46143650426296,-8.538563495737037
1785926705.182,2026-08-05 17:45:05,GUIDED,True,-7.9259258,112.5952196,152.99,0.0,0.0,TRACKING_BUOY,302.7210773781972,-17.278922621802792
1785926705.330,2026-08-05 17:45:05,GUIDED,True,-7.9259195,112.5952331,152.99,0.0,0.0,TRACKING_BUOY,293.7908080336479,-26.20919196635208
1785926705.491,2026-08-05 17:45:05,GUIDED,True,-7.9259195,112.5952331,152.98,0.0,0.0,TRACKING_BUOY,284.84310602523595,-35.156893974764046
1785926705.634,2026-08-05 17:45:05,GUIDED,True,-7.925911,112.5952508,153.01,0.0,0.0,TRACKING_BUOY,277.50732951892695,-42.49267048107305
1785926705.782,2026-08-05 17:45:05,GUIDED,True,-7.9259017,112.5952694,153.01,0.0,0.0,TRACKING_BUOY,270.7554971391952,-49.2445028608048
1785926705.942,2026-08-05 17:45:05,GUIDED,True,-7.9258952,112.5952826,153.02,0.0,0.0,TRACKING_BUOY,265.1916228543964,-54.80837714560357
1785926706.111,2026-08-05 17:45:06,GUIDED,True,-7.9258952,112.5952826,153.03,0.0,0.0,TRACKING_BUOY,260.1437171407973,-59.85628285920268
1785926706.257,2026-08-05 17:45:06,GUIDED,True,-7.9258904,112.5952876,153.02,0.0,0.0,TRACKING_BUOY,255.857787855598,-64.14221214440201
1785926706.408,2026-08-05 17:45:06,GUIDED,True,-7.9258849,112.5952989,153.03,0.0,0.0,TRACKING_BUOY,251.7683408916985,-68.2316591083015
1785926706.560,2026-08-05 17:45:06,GUIDED,True,-7.9258801,112.5953128,153.02,0.0,0.0,TRACKING_BUOY,246.82625566877388,-73.17374433122612
1785926706.725,2026-08-05 17:45:06,GUIDED,True,-7.9258777,112.5953204,153.04,0.0,0.0,TRACKING_BUOY,241.7446917515804,-78.2553082484196
1785926706.882,2026-08-05 17:45:06,GUIDED,True,-7.9258777,112.5953204,153.04,0.0,0.0,TRACKING_BUOY,235.6835188136853,-84.31648118631469
1785926707.030,2026-08-05 17:45:07,GUIDED,True,-7.9258756,112.5953224,153.04,0.0,0.0,TRACKING_BUOY,230.262639110264,-89.73736088973601
1785926707.182,2026-08-05 17:45:07,GUIDED,True,-7.9258671,112.595344,153.04,0.0,0.0,TRACKING_BUOY,225.696979332698,-94.30302066730201
1785926707.330,2026-08-05 17:45:07,GUIDED,True,-7.9258617,112.5953569,153.04,0.0,0.0,TRACKING_BUOY,222.1477344995235,-97.8522655004765
1785926707.477,2026-08-05 17:45:07,GUIDED,True,-7.9258617,112.5953569,153.05,0.0,0.0,TRACKING_BUOY,218.61080087464262,-101.38919912535738
1785926707.627,2026-08-05 17:45:07,GUIDED,True,-7.9258557,112.5953609,153.05,0.0,0.0,TRACKING_BUOY,215.70810065598198,-104.29189934401802
1785926707.772,2026-08-05 17:45:07,GUIDED,True,-7.9258486,112.5953622,153.04,0.0,0.0,TRACKING_BUOY,212.53107549198648,-107.46892450801352
1785926707.919,2026-08-05 17:45:07,GUIDED,True,-7.9258437,112.5953794,153.06,0.0,0.0,TRACKING_BUOY,209.52330661898986,-110.47669338101014
1785926708.069,2026-08-05 17:45:08,GUIDED,True,-7.9258437,112.5953794,153.06,0.0,0.0,TRACKING_BUOY,206.3924799642424,-113.6075200357576
1785926708.226,2026-08-05 17:45:08,GUIDED,True,-7.9258258,112.59543,153.08,0.0,0.0,TRACKING_BUOY,201.9193599731818,-118.0806400268182
1785926708.384,2026-08-05 17:45:08,GUIDED,True,-7.9258218,112.5954401,153.07,0.0,0.0,TRACKING_BUOY,197.56451997988634,-122.43548002011366
1785926708.531,2026-08-05 17:45:08,GUIDED,True,-7.9258166,112.5954511,153.08,0.0,0.0,TRACKING_BUOY,193.67338998491476,-126.32661001508524
1785926708.675,2026-08-05 17:45:08,GUIDED,True,-7.9258166,112.5954511,153.08,0.0,0.0,TRACKING_BUOY,190.50504248868606,-129.49495751131394
1785926708.822,2026-08-05 17:45:08,GUIDED,True,-7.9258106,112.5954685,153.07,0.0,0.0,TRACKING_BUOY,188.25378186651454,-131.74621813348546
1785926708.969,2026-08-05 17:45:08,GUIDED,True,-7.9258017,112.5954896,153.06,0.0,0.0,TRACKING_BUOY,186.8153363998859,-133.1846636001141
1785926709.118,2026-08-05 17:45:09,GUIDED,True,-7.9258017,112.5954896,153.05,0.0,0.0,TRACKING_BUOY,187.61150229991443,-132.38849770008557
1785926709.293,2026-08-05 17:45:09,GUIDED,True,-7.9257918,112.5955086,153.04,0.0,0.0,TRACKING_BUOY,191.3336267249358,-128.6663732750642
1785926709.441,2026-08-05 17:45:09,GUIDED,True,-7.9257839,112.5955297,153.05,0.0,0.0,TRACKING_BUOY,203.75022004370186,-116.24977995629814
1785926709.589,2026-08-05 17:45:09,GUIDED,True,-7.9257745,112.595551,153.04,0.0,0.0,TRACKING_BUOY,222.1876650327764,-97.81233496722359
1785926709.735,2026-08-05 17:45:09,GUIDED,True,-7.9257666,112.595569,153.05,0.0,0.0,TRACKING_BUOY,249.5157487745823,-70.4842512254177
1785926709.880,2026-08-05 17:45:09,GUIDED,True,-7.9257666,112.595569,153.06,0.0,0.0,TRACKING_BUOY,274.76181158093675,-45.23818841906325
1785926710.030,2026-08-05 17:45:10,GUIDED,True,-7.9257595,112.5955857,153.06,0.0,0.0,TRACKING_BUOY,294.44635868570253,-25.553641314297465
1785926710.176,2026-08-05 17:45:10,GUIDED,True,-7.9257548,112.5955964,153.06,0.0,0.0,TRACKING_BUOY,307.5847690142769,-12.415230985723099
1785926710.325,2026-08-05 17:45:10,GUIDED,True,-7.9257502,112.5956134,153.08,0.0,0.0,TRACKING_BUOY,313.9385767607077,-6.06142323929231
1785926710.471,2026-08-05 17:45:10,GUIDED,True,-7.9257502,112.5956134,153.07,0.0,0.0,TRACKING_BUOY,312.07893257053075,-7.921067429469247
1785926710.621,2026-08-05 17:45:10,GUIDED,True,-7.9257437,112.5956306,153.09,0.0,0.0,TRACKING_BUOY,306.4341994278981,-13.56580057210192
1785926710.766,2026-08-05 17:45:10,GUIDED,True,-7.9257377,112.5956368,153.08,0.0,0.0,TRACKING_BUOY,298.7006495709236,-21.299350429076412
1785926710.907,2026-08-05 17:45:10,GUIDED,True,-7.9257377,112.5956368,153.08,0.0,0.0,TRACKING_BUOY,290.2754871781927,-29.72451282180731
1785926711.048,2026-08-05 17:45:11,GUIDED,True,-7.9257324,112.5956393,153.09,0.0,0.0,TRACKING_BUOY,282.33161538364453,-37.66838461635547
1785926711.196,2026-08-05 17:45:11,GUIDED,True,-7.9257317,112.595642,153.08,0.0,0.0,TRACKING_BUOY,275.3737115377334,-44.62628846226659
1785926711.348,2026-08-05 17:45:11,GUIDED,True,-7.9257283,112.5956586,153.07,0.0,0.0,TRACKING_BUOY,269.15528365330005,-50.844716346699954
1785926711.502,2026-08-05 17:45:11,GUIDED,True,-7.9257283,112.5956586,153.07,0.0,0.0,TRACKING_BUOY,264.491462739975,-55.50853726002498
1785926711.649,2026-08-05 17:45:11,GUIDED,True,-7.9257213,112.5956793,153.06,0.0,0.0,TRACKING_BUOY,261.11859705498125,-58.88140294501875
1785926711.798,2026-08-05 17:45:11,GUIDED,True,-7.92571,112.5957035,153.06,0.0,0.0,TRACKING_BUOY,258.3389477912359,-61.66105220876409
1785926711.943,2026-08-05 17:45:11,GUIDED,True,-7.925699,112.5957179,153.04,0.0,0.0,TRACKING_BUOY,255.87921084342693,-64.12078915657307
1785926712.101,2026-08-05 17:45:12,GUIDED,True,-7.925699,112.5957179,153.05,0.0,0.0,TRACKING_BUOY,253.9094081325702,-66.0905918674298
1785926712.253,2026-08-05 17:45:12,GUIDED,True,-7.925691,112.5957383,153.05,0.0,0.0,TRACKING_BUOY,252.05705609942765,-67.94294390057235
1785926712.403,2026-08-05 17:45:12,GUIDED,True,-7.9256827,112.5957647,153.05,0.0,0.0,TRACKING_BUOY,250.04279207457074,-69.95720792542926
1785926712.558,2026-08-05 17:45:12,GUIDED,True,-7.9256735,112.5958032,153.06,0.0,0.0,TRACKING_BUOY,248.40709405592804,-71.59290594407196
1785926712.740,2026-08-05 17:45:12,GUIDED,True,-7.9256633,112.5958394,153.05,0.0,0.0,TRACKING_BUOY,246.80532054194603,-73.19467945805397
1785926712.908,2026-08-05 17:45:12,GUIDED,True,-7.9256633,112.5958394,153.07,0.0,0.0,TRACKING_BUOY,244.97899040645953,-75.02100959354047
1785926713.110,2026-08-05 17:45:13,GUIDED,True,-7.9256545,112.5958634,153.06,0.0,0.0,TRACKING_BUOY,242.85924280484465,-77.14075719515535
1785926713.346,2026-08-05 17:45:13,GUIDED,True,-7.9256451,112.5958939,153.05,0.0,0.0,TRACKING_BUOY,240.3944321036335,-79.6055678963665
1785926713.505,2026-08-05 17:45:13,GUIDED,True,-7.9256451,112.5958939,153.04,0.0,0.0,TRACKING_BUOY,237.79582407772511,-82.20417592227489
1785926713.659,2026-08-05 17:45:13,GUIDED,True,-7.925643,112.5959266,153.04,0.0,0.0,TRACKING_BUOY,234.34686805829384,-85.65313194170616
1785926713.813,2026-08-05 17:45:13,GUIDED,True,-7.9256399,112.5959541,153.04,0.0,0.0,TRACKING_BUOY,228.26015104372038,-91.73984895627962
1785926713.972,2026-08-05 17:45:13,GUIDED,True,-7.9256374,112.5959652,153.04,0.0,0.0,TRACKING_BUOY,222.0701132827903,-97.92988671720971
1785926714.141,2026-08-05 17:45:14,GUIDED,True,-7.925673,112.5958718,153.02,0.0,0.0,TRACKING_BUOY,212.3025849620927,-107.69741503790729
1785926714.302,2026-08-05 17:45:14,GUIDED,True,-7.925673,112.5958718,153.02,0.0,0.0,TRACKING_BUOY,205.10193872156952,-114.89806127843048
1785926714.471,2026-08-05 17:45:14,GUIDED,True,-7.9256709,112.5958795,153.01,0.0,0.0,TRACKING_BUOY,196.07645404117716,-123.92354595882284
1785926714.615,2026-08-05 17:45:14,GUIDED,True,-7.9256667,112.5958946,153.01,0.0,0.0,TRACKING_BUOY,188.05734053088287,-131.94265946911713
1785926714.763,2026-08-05 17:45:14,GUIDED,True,-7.92566,112.5959083,153.03,0.0,0.0,TRACKING_BUOY,181.29300539816217,-138.70699460183783
1785926714.903,2026-08-05 17:45:14,GUIDED,True,-7.92566,112.5959083,153.03,0.0,0.0,TRACKING_BUOY,175.9697540486216,-144.0302459513784
1785926715.050,2026-08-05 17:45:15,GUIDED,True,-7.9256545,112.5959297,153.04,0.0,0.0,TRACKING_BUOY,171.97731553646622,-148.02268446353378
1785926715.190,2026-08-05 17:45:15,GUIDED,True,-7.9256486,112.5959549,153.05,0.0,0.0,TRACKING_BUOY,168.73298665234967,-151.26701334765033
1785926715.336,2026-08-05 17:45:15,GUIDED,True,-7.9256428,112.5959822,153.04,0.0,0.0,TRACKING_BUOY,166.54973998926226,-153.45026001073774
1785926715.482,2026-08-05 17:45:15,GUIDED,True,-7.9256428,112.5959822,153.04,0.0,0.0,TRACKING_BUOY,164.6623049919467,-155.3376950080533
1785926715.624,2026-08-05 17:45:15,GUIDED,True,-7.9256384,112.5960086,153.02,0.0,0.0,TRACKING_BUOY,163.24672874396003,-156.75327125603997
1785926715.772,2026-08-05 17:45:15,GUIDED,True,-7.9256344,112.5960332,153.01,0.0,0.0,TRACKING_BUOY,166.68504655797003,-153.31495344202997
1785926715.938,2026-08-05 17:45:15,GUIDED,True,-7.9256331,112.5960486,153.02,0.0,0.0,TRACKING_BUOY,170.7637849184775,-149.2362150815225
1785926716.082,2026-08-05 17:45:16,GUIDED,True,-7.9256331,112.5960486,153.01,0.0,0.0,TRACKING_BUOY,173.44783868885813,-146.55216131114187
1785926716.232,2026-08-05 17:45:16,GUIDED,True,-7.9256323,112.5960556,153.01,0.0,0.0,TRACKING_BUOY,175.8358790166436,-144.1641209833564
1785926716.375,2026-08-05 17:45:16,GUIDED,True,-7.9256276,112.5960591,152.99,0.0,0.0,TRACKING_BUOY,177.50190926248268,-142.49809073751732
1785926716.522,2026-08-05 17:45:16,GUIDED,True,-7.9256238,112.5960622,152.99,0.0,0.0,TRACKING_BUOY,179.501431946862,-140.498568053138
1785926716.666,2026-08-05 17:45:16,GUIDED,True,-7.9256238,112.5960622,152.98,0.0,0.0,TRACKING_BUOY,181.0010739601465,-138.9989260398535
1785926716.814,2026-08-05 17:45:16,GUIDED,True,-7.9256214,112.5960661,152.98,0.0,0.0,TRACKING_BUOY,181.50080547010987,-138.49919452989013
1785926716.961,2026-08-05 17:45:16,GUIDED,True,-7.92562,112.5960672,152.99,0.0,0.0,TRACKING_BUOY,181.7506041025824,-138.2493958974176
1785926717.106,2026-08-05 17:45:17,GUIDED,True,-7.92562,112.5960672,152.98,0.0,0.0,TRACKING_BUOY,181.9379530769368,-138.0620469230632
1785926717.250,2026-08-05 17:45:17,GUIDED,True,-7.9256341,112.5960374,152.98,0.0,0.0,TRACKING_BUOY,182.5784648077026,-137.4215351922974
1785926717.406,2026-08-05 17:45:17,GUIDED,True,-7.925634,112.5960366,152.98,0.0,0.0,TRACKING_BUOY,183.80884860577694,-136.19115139422306
1785926717.557,2026-08-05 17:45:17,GUIDED,True,-7.9256319,112.5960401,152.97,0.0,0.0,TRACKING_BUOY,185.23163645433272,-134.76836354566728
1785926717.705,2026-08-05 17:45:17,GUIDED,True,-7.9256319,112.5960401,152.99,0.0,0.0,TRACKING_BUOY,186.42372734074954,-133.57627265925046
1785926717.849,2026-08-05 17:45:17,GUIDED,True,-7.9256282,112.5960478,152.97,0.0,0.0,TRACKING_BUOY,187.69279550556215,-132.30720449443785
1785926717.992,2026-08-05 17:45:17,GUIDED,True,-7.9256235,112.5960553,152.97,0.0,0.0,TRACKING_BUOY,189.14459662917162,-130.85540337082838
1785926718.142,2026-08-05 17:45:18,GUIDED,True,-7.9256174,112.5960675,152.98,0.0,0.0,TRACKING_BUOY,190.60844747187872,-129.39155252812128
1785926718.288,2026-08-05 17:45:18,GUIDED,True,-7.9256174,112.5960675,152.98,0.0,0.0,TRACKING_BUOY,192.20633560390905,-127.79366439609095
1785926718.432,2026-08-05 17:45:18,GUIDED,True,-7.9256134,112.5960721,152.99,0.0,0.0,TRACKING_BUOY,193.90475170293178,-126.09524829706822
1785926718.576,2026-08-05 17:45:18,GUIDED,True,-7.9256105,112.5960739,153.0,0.0,0.0,TRACKING_BUOY,195.30356377719883,-124.69643622280117
1785926718.726,2026-08-05 17:45:18,GUIDED,True,-7.9256048,112.5960738,153.01,0.0,0.0,TRACKING_BUOY,196.47767283289912,-123.52232716710088
1785926718.870,2026-08-05 17:45:18,GUIDED,True,-7.9256048,112.5960738,153.01,0.0,0.0,TRACKING_BUOY,197.23325462467434,-122.76674537532566
1785926719.016,2026-08-05 17:45:19,GUIDED,True,-7.9256006,112.5960679,153.0,0.0,0.0,TRACKING_BUOY,197.79994096850575,-122.20005903149425
1785926719.158,2026-08-05 17:45:19,GUIDED,True,-7.9255968,112.5960706,153.01,0.0,0.0,TRACKING_BUOY,198.8499557263793,-121.1500442736207
1785926719.303,2026-08-05 17:45:19,GUIDED,True,-7.9255968,112.5960706,153.01,0.0,0.0,TRACKING_BUOY,199.88746679478447,-120.11253320521553
1785926719.473,2026-08-05 17:45:19,GUIDED,True,-7.9255959,112.596075,153.02,0.0,0.0,TRACKING_BUOY,200.91560009608835,-119.08439990391165
1785926719.621,2026-08-05 17:45:19,GUIDED,True,-7.9255948,112.5960752,153.02,0.0,0.0,TRACKING_BUOY,201.68670007206626,-118.31329992793374
1785926719.774,2026-08-05 17:45:19,GUIDED,True,-7.9255933,112.5960811,153.0,0.0,0.0,TRACKING_BUOY,202.2650250540497,-117.73497494595031
1785926719.915,2026-08-05 17:45:19,GUIDED,True,-7.9255933,112.5960811,153.0,0.0,0.0,TRACKING_BUOY,203.44876879053726,-116.55123120946274
1785926720.055,2026-08-05 17:45:20,GUIDED,True,-7.9255931,112.5960832,152.99,0.0,0.0,TRACKING_BUOY,205.46157659290293,-114.53842340709707
1785926720.203,2026-08-05 17:45:20,GUIDED,True,-7.9256061,112.5960553,152.99,0.0,0.0,TRACKING_BUOY,208.3461824446772,-111.6538175553228
1785926720.350,2026-08-05 17:45:20,GUIDED,True,-7.9256074,112.5960563,152.97,0.0,0.0,TRACKING_BUOY,211.7596368335079,-108.2403631664921
1785926720.495,2026-08-05 17:45:20,GUIDED,True,-7.9256074,112.5960563,152.96,0.0,0.0,TRACKING_BUOY,215.31972762513092,-104.68027237486908
1785926720.641,2026-08-05 17:45:20,GUIDED,True,-7.925606,112.5960589,152.94,0.0,0.0,TRACKING_BUOY,219.2397957188482,-100.7602042811518
1785926720.786,2026-08-05 17:45:20,GUIDED,True,-7.9256039,112.5960617,152.96,0.0,0.0,TRACKING_BUOY,223.92984678913615,-96.07015321086385
1785926720.929,2026-08-05 17:45:20,GUIDED,True,-7.9256043,112.5960617,152.96,0.0,0.0,TRACKING_BUOY,229.0723850918521,-90.92761490814789
1785926721.073,2026-08-05 17:45:21,GUIDED,True,-7.9256043,112.5960617,152.97,0.0,0.0,TRACKING_BUOY,233.6792888188891,-86.32071118111091
1785926721.221,2026-08-05 17:45:21,GUIDED,True,-7.925605,112.5960611,152.96,0.0,0.0,TRACKING_BUOY,238.13446661416683,-81.86553338583317
1785926721.367,2026-08-05 17:45:21,GUIDED,True,-7.9256039,112.596063,152.97,0.0,0.0,TRACKING_BUOY,242.7258499606251,-77.27415003937489
1785926721.515,2026-08-05 17:45:21,GUIDED,True,-7.9256039,112.596063,152.96,0.0,0.0,TRACKING_BUOY,247.66938747046885,-72.33061252953115
1785926721.657,2026-08-05 17:45:21,GUIDED,True,-7.9256039,112.5960634,152.96,0.0,0.0,TRACKING_BUOY,253.12704060285165,-66.87295939714835
1785926721.801,2026-08-05 17:45:21,GUIDED,True,-7.9256024,112.5960639,152.95,0.0,0.0,TRACKING_BUOY,257.97028045213875,-62.02971954786125
1785926721.951,2026-08-05 17:45:21,GUIDED,True,-7.9256018,112.5960654,152.95,0.0,0.0,TRACKING_BUOY,262.3527103391041,-57.64728966089592
1785926722.102,2026-08-05 17:45:22,GUIDED,True,-7.9256018,112.5960654,152.96,0.0,0.0,TRACKING_BUOY,266.51453275432806,-53.48546724567194
1785926722.254,2026-08-05 17:45:22,GUIDED,True,-7.9256018,112.5960594,152.97,0.0,0.0,TRACKING_BUOY,270.38589956574606,-49.61410043425394
1785926722.404,2026-08-05 17:45:22,GUIDED,True,-7.9255992,112.596058,152.97,0.0,0.0,TRACKING_BUOY,274.53942467430954,-45.460575325690456
1785926722.545,2026-08-05 17:45:22,GUIDED,True,-7.9255949,112.5960615,152.95,0.0,0.0,TRACKING_BUOY,278.4045685057322,-41.595431494267814
1785926722.695,2026-08-05 17:45:22,GUIDED,True,-7.9255949,112.5960615,152.94,0.0,0.0,TRACKING_BUOY,281.80342637929914,-38.19657362070086
1785926722.841,2026-08-05 17:45:22,GUIDED,True,-7.9255906,112.5960583,152.94,0.0,0.0,TRACKING_BUOY,284.9775697844743,-35.022430215525674
1785926722.985,2026-08-05 17:45:22,GUIDED,True,-7.9255857,112.5960598,152.94,0.0,0.0,TRACKING_BUOY,289.23317733835574,-30.766822661644255
1785926723.136,2026-08-05 17:45:23,GUIDED,True,-7.9255824,112.596068,152.93,0.0,0.0,TRACKING_BUOY,293.6748830037668,-26.32511699623319
1785926723.281,2026-08-05 17:45:23,GUIDED,True,-7.9255824,112.596068,152.93,0.0,0.0,TRACKING_BUOY,297.2561622528251,-22.743837747174894
1785926723.424,2026-08-05 17:45:23,GUIDED,True,-7.925583,112.5960627,152.93,0.0,0.0,TRACKING_BUOY,300.44212168961883,-19.55787831038117
1785926723.568,2026-08-05 17:45:23,GUIDED,True,-7.9255843,112.596053,152.92,0.0,0.0,TRACKING_BUOY,303.9565912672141,-16.043408732785906
1785926723.716,2026-08-05 17:45:23,GUIDED,True,-7.9255843,112.596053,152.92,0.0,0.0,TRACKING_BUOY,307.34244345041054,-12.657556549589458
1785926723.858,2026-08-05 17:45:23,GUIDED,True,-7.9255876,112.59604,152.93,0.0,0.0,TRACKING_BUOY,311.25683258780793,-8.743167412192065
1785926724.014,2026-08-05 17:45:24,GUIDED,True,-7.9255883,112.5960351,152.93,0.0,0.0,TRACKING_BUOY,314.692624440856,-5.30737555914402
1785926724.187,2026-08-05 17:45:24,GUIDED,True,-7.9255887,112.5960375,152.92,0.0,0.0,TRACKING_BUOY,317.394468330642,-2.6055316693580153
1785926724.333,2026-08-05 17:45:24,GUIDED,True,-7.9255914,112.5960485,152.92,0.0,0.0,TRACKING_BUOY,319.5458512479815,-0.45414875201851146
1785926724.542,2026-08-05 17:45:24,GUIDED,True,-7.9255931,112.5960594,152.92,0.0,0.0,TRACKING_BUOY,320.6593884359861,0.6593884359861022
1785926724.694,2026-08-05 17:45:24,GUIDED,True,-7.9255931,112.5960594,152.92,0.0,0.0,TRACKING_BUOY,317.9945413269896,-2.0054586730104234
1785926724.837,2026-08-05 17:45:24,GUIDED,True,-7.9255921,112.5960674,152.92,0.0,0.0,TRACKING_BUOY,312.9959059952422,-7.004094004757803
1785926724.986,2026-08-05 17:45:24,GUIDED,True,-7.9255903,112.5960721,152.92,0.0,0.0,TRACKING_BUOY,306.7469294964317,-13.253070503568324
1785926725.135,2026-08-05 17:45:25,GUIDED,True,-7.9255895,112.5960742,152.93,0.0,0.0,TRACKING_BUOY,297.81019712232376,-22.189802877676243
1785926725.282,2026-08-05 17:45:25,GUIDED,True,-7.9255895,112.5960742,152.93,0.0,0.0,TRACKING_BUOY,288.85764784174285,-31.142352158257154
1785926725.429,2026-08-05 17:45:25,GUIDED,True,-7.9255888,112.5960817,152.91,0.0,0.0,TRACKING_BUOY,280.39323588130713,-39.606764118692865
1785926725.573,2026-08-05 17:45:25,GUIDED,True,-7.9255889,112.5960895,152.92,0.0,0.0,TRACKING_BUOY,272.41992691098034,-47.58007308901966
1785926725.719,2026-08-05 17:45:25,GUIDED,True,-7.9255914,112.5960869,152.92,0.0,0.0,TRACKING_BUOY,264.18994518323524,-55.81005481676476
1785926725.863,2026-08-05 17:45:25,GUIDED,True,-7.9255914,112.5960869,152.91,0.0,0.0,TRACKING_BUOY,256.7674588874264,-63.232541112573585
1785926726.022,2026-08-05 17:45:26,GUIDED,True,-7.9255922,112.5960836,152.91,0.0,0.0,TRACKING_BUOY,249.7005941655698,-70.29940583443019
1785926726.167,2026-08-05 17:45:26,GUIDED,True,-7.9256156,112.5960146,152.91,0.0,0.0,TRACKING_BUOY,243.02544562417737,-76.97455437582263
1785926726.317,2026-08-05 17:45:26,GUIDED,True,-7.9256156,112.5960146,152.91,0.0,0.0,TRACKING_BUOY,236.89408421813303,-83.10591578186697
1785926726.464,2026-08-05 17:45:26,GUIDED,True,-7.9256155,112.5960086,152.89,0.0,0.0,TRACKING_BUOY,230.29556316359978,-89.70443683640022
1785926726.616,2026-08-05 17:45:26,GUIDED,True,-7.9256171,112.5960004,152.88,0.0,0.0,TRACKING_BUOY,224.34667237269983,-95.65332762730017
1785926726.773,2026-08-05 17:45:26,GUIDED,True,-7.9256215,112.5959881,152.89,0.0,0.0,TRACKING_BUOY,219.26000427952488,-100.73999572047512
1785926726.926,2026-08-05 17:45:26,GUIDED,True,-7.9256238,112.5959784,152.89,0.0,0.0,TRACKING_BUOY,214.94500320964366,-105.05499679035634
1785926727.081,2026-08-05 17:45:27,GUIDED,True,-7.9256238,112.5959784,152.89,0.0,0.0,TRACKING_BUOY,211.95875240723274,-108.04124759276726
1785926727.235,2026-08-05 17:45:27,GUIDED,True,-7.9256262,112.5959677,152.88,0.0,0.0,TRACKING_BUOY,209.84406430542455,-110.15593569457545
1785926727.389,2026-08-05 17:45:27,GUIDED,True,-7.9256292,112.5959637,152.88,0.0,0.0,TRACKING_BUOY,208.7580482290684,-111.24195177093159
1785926727.541,2026-08-05 17:45:27,GUIDED,True,-7.9256354,112.595959,152.88,0.0,0.0,TRACKING_BUOY,208.1935361718013,-111.8064638281987
1785926727.685,2026-08-05 17:45:27,GUIDED,True,-7.9256354,112.595959,152.87,0.0,0.0,TRACKING_BUOY,208.14515212885098,-111.85484787114902
1785926727.827,2026-08-05 17:45:27,GUIDED,True,-7.9256419,112.5959481,152.87,0.0,0.0,TRACKING_BUOY,208.48386409663823,-111.51613590336177
1785926727.973,2026-08-05 17:45:27,GUIDED,True,-7.9256454,112.5959449,152.86,0.0,0.0,TRACKING_BUOY,208.48789807247869,-111.51210192752131
1785926728.119,2026-08-05 17:45:28,GUIDED,True,-7.9256447,112.5959433,152.85,0.0,0.0,TRACKING_BUOY,208.49092355435903,-111.50907644564097
1785926728.263,2026-08-05 17:45:28,GUIDED,True,-7.9256447,112.5959433,152.83,0.0,0.0,TRACKING_BUOY,209.74319266576927,-110.25680733423073
1785926728.409,2026-08-05 17:45:28,GUIDED,True,-7.9256467,112.5959345,152.83,0.0,0.0,TRACKING_BUOY,210.30739449932696,-109.69260550067304
1785926728.561,2026-08-05 17:45:28,GUIDED,True,-7.9256492,112.5959307,152.84,0.0,0.0,TRACKING_BUOY,209.35554587449522,-110.64445412550478
1785926728.707,2026-08-05 17:45:28,GUIDED,True,-7.9256492,112.5959307,152.85,0.0,0.0,TRACKING_BUOY,208.76665940587142,-111.23334059412858
1785926728.850,2026-08-05 17:45:28,GUIDED,True,-7.9256506,112.59593,152.87,0.0,0.0,TRACKING_BUOY,208.82499455440356,-111.17500544559644
1785926728.996,2026-08-05 17:45:28,GUIDED,True,-7.9256518,112.595928,152.87,0.0,0.0,TRACKING_BUOY,208.49374591580266,-111.50625408419734
1785926729.148,2026-08-05 17:45:29,GUIDED,True,-7.9256846,112.5958498,152.87,0.0,0.0,TRACKING_BUOY,205.62030943685198,-114.37969056314802
1785926729.299,2026-08-05 17:45:29,GUIDED,True,-7.9256846,112.5958498,152.86,0.0,0.0,TRACKING_BUOY,199.46523207763897,-120.53476792236103
1785926729.442,2026-08-05 17:45:29,GUIDED,True,-7.9256927,112.5958318,152.87,0.0,0.0,TRACKING_BUOY,192.72392405822922,-127.27607594177078
1785926729.623,2026-08-05 17:45:29,GUIDED,True,-7.9256955,112.5958234,152.84,0.0,0.0,TRACKING_BUOY,184.29294304367193,-135.70705695632807
1785926729.775,2026-08-05 17:45:29,GUIDED,True,-7.925699,112.5958133,152.84,0.0,0.0,TRACKING_BUOY,178.96970728275394,-141.03029271724606
1785926729.920,2026-08-05 17:45:29,GUIDED,True,-7.9257026,112.5958061,152.84,0.0,0.0,TRACKING_BUOY,170.22728046206547,-149.77271953793453
1785926730.072,2026-08-05 17:45:30,GUIDED,True,-7.9257026,112.5958061,152.82,0.0,0.0,TRACKING_BUOY,,
1785926730.220,2026-08-05 17:45:30,GUIDED,True,-7.9257065,112.5957998,152.84,0.0,0.0,TRACKING_BUOY,,
1785926730.368,2026-08-05 17:45:30,GUIDED,True,-7.9257113,112.5957951,152.83,0.0,0.0,TRACKING_BUOY,,
1785926730.528,2026-08-05 17:45:30,GUIDED,True,-7.9257168,112.5957877,152.85,0.0,0.0,TRACKING_BUOY,,
1785926730.672,2026-08-05 17:45:30,GUIDED,True,-7.9257168,112.5957877,152.85,0.0,0.0,TRACKING_BUOY,,
1785926730.821,2026-08-05 17:45:30,GUIDED,True,-7.925722,112.5957771,152.85,0.0,0.0,TRACKING_BUOY,,
1785926730.968,2026-08-05 17:45:30,GUIDED,True,-7.9257275,112.5957645,152.86,0.0,0.0,TRACKING_BUOY,,
1785926731.114,2026-08-05 17:45:31,GUIDED,True,-7.9257275,112.5957645,152.85,0.0,0.0,TRACKING_BUOY,,
1785926731.258,2026-08-05 17:45:31,GUIDED,True,-7.9257324,112.5957469,152.83,0.0,0.0,TRACKING_BUOY,236.0,-84.0
1785926731.419,2026-08-05 17:45:31,GUIDED,True,-7.9257402,112.5957297,152.84,0.0,0.0,TRACKING_BUOY,236.25,-83.75
1785926731.568,2026-08-05 17:45:31,GUIDED,True,-7.9257472,112.5957112,152.85,0.0,0.0,TRACKING_BUOY,236.4375,-83.5625
1785926731.716,2026-08-05 17:45:31,GUIDED,True,-7.9257472,112.5957112,152.84,0.0,0.0,TRACKING_BUOY,234.328125,-85.671875
1785926731.862,2026-08-05 17:45:31,GUIDED,True,-7.9257535,112.5956934,152.85,0.0,0.0,TRACKING_BUOY,230.74609375,-89.25390625
1785926732.012,2026-08-05 17:45:32,GUIDED,True,-7.9257596,112.5956675,152.86,0.0,0.0,TRACKING_BUOY,226.4345703125,-93.5654296875
1785926732.157,2026-08-05 17:45:32,GUIDED,True,-7.925756,112.5956757,152.86,0.0,0.0,TRACKING_BUOY,221.950927734375,-98.049072265625
1785926732.301,2026-08-05 17:45:32,GUIDED,True,-7.925756,112.5956757,152.87,0.0,0.0,TRACKING_BUOY,217.58819580078125,-102.41180419921875
1785926732.450,2026-08-05 17:45:32,GUIDED,True,-7.9257622,112.5956628,152.86,0.0,0.0,TRACKING_BUOY,214.31614685058594,-105.68385314941406
1785926732.598,2026-08-05 17:45:32,GUIDED,True,-7.9257759,112.5956491,152.86,0.0,0.0,TRACKING_BUOY,212.11211013793945,-107.88788986206055
1785926732.744,2026-08-05 17:45:32,GUIDED,True,-7.9257824,112.5956455,152.85,0.0,0.0,TRACKING_BUOY,210.5840826034546,-109.41591739654541
1785926732.889,2026-08-05 17:45:32,GUIDED,True,-7.9257824,112.5956455,152.84,0.0,0.0,TRACKING_BUOY,209.31306195259094,-110.68693804740906
1785926733.042,2026-08-05 17:45:33,GUIDED,True,-7.9257881,112.5956379,152.82,0.0,0.0,TRACKING_BUOY,208.3597964644432,-111.6402035355568
1785926733.187,2026-08-05 17:45:33,GUIDED,True,-7.9257941,112.5956228,152.83,0.0,0.0,TRACKING_BUOY,208.1448473483324,-111.8551526516676
1785926733.344,2026-08-05 17:45:33,GUIDED,True,-7.9257986,112.5956036,152.84,0.0,0.0,TRACKING_BUOY,209.1086355112493,-110.8913644887507
1785926733.496,2026-08-05 17:45:33,GUIDED,True,-7.9257986,112.5956036,152.83,0.0,0.0,TRACKING_BUOY,210.58147663343698,-109.41852336656302
1785926733.637,2026-08-05 17:45:33,GUIDED,True,-7.9258037,112.5955932,152.84,0.0,0.0,TRACKING_BUOY,212.56110747507773,-107.43889252492227
1785926733.784,2026-08-05 17:45:33,GUIDED,True,-7.9258109,112.5955849,152.84,0.0,0.0,TRACKING_BUOY,,
1785926733.927,2026-08-05 17:45:33,GUIDED,True,-7.9258185,112.5955737,152.82,0.0,0.0,TRACKING_BUOY,349.0,29.0
1785926734.079,2026-08-05 17:45:34,GUIDED,True,-7.9258185,112.5955737,152.82,0.0,0.0,TRACKING_BUOY,,
1785926734.233,2026-08-05 17:45:34,GUIDED,True,-7.9258264,112.5955547,152.81,0.0,0.0,TRACKING_BUOY,,
1785926734.390,2026-08-05 17:45:34,GUIDED,True,-7.9258317,112.5955361,152.81,0.0,0.0,TRACKING_BUOY,,
1785926734.547,2026-08-05 17:45:34,GUIDED,True,-7.9258342,112.5955143,152.82,0.0,0.0,TRACKING_BUOY,,
1785926734.708,2026-08-05 17:45:34,GUIDED,True,-7.9258342,112.5955143,152.82,0.0,0.0,TRACKING_BUOY,,
1785926734.925,2026-08-05 17:45:34,GUIDED,True,-7.9258428,112.5954793,152.82,0.0,0.0,TRACKING_BUOY,224.5,-95.5
1785926735.073,2026-08-05 17:45:35,GUIDED,True,-7.9258428,112.5954793,152.8,0.0,0.0,TRACKING_BUOY,225.0,-95.0
1785926735.223,2026-08-05 17:45:35,GUIDED,True,-7.9258428,112.5954889,152.79,0.0,0.0,TRACKING_BUOY,225.75,-94.25
1785926735.372,2026-08-05 17:45:35,GUIDED,True,-7.9258482,112.5954796,152.79,0.0,0.0,TRACKING_BUOY,226.3125,-93.6875
1785926735.520,2026-08-05 17:45:35,GUIDED,True,-7.9258546,112.5954694,152.8,0.0,0.0,TRACKING_BUOY,226.484375,-93.515625
1785926735.670,2026-08-05 17:45:35,GUIDED,True,-7.9258546,112.5954694,152.8,0.0,0.0,TRACKING_BUOY,226.61328125,-93.38671875
1785926735.823,2026-08-05 17:45:35,GUIDED,True,-7.9258576,112.5954615,152.77,0.0,0.0,TRACKING_BUOY,226.5849609375,-93.4150390625
1785926735.983,2026-08-05 17:45:35,GUIDED,True,-7.9258595,112.5954586,152.78,0.0,0.0,TRACKING_BUOY,226.563720703125,-93.436279296875
1785926736.126,2026-08-05 17:45:36,GUIDED,True,-7.9258614,112.5954627,152.78,0.0,0.0,TRACKING_BUOY,226.79779052734375,-93.20220947265625
1785926736.272,2026-08-05 17:45:36,GUIDED,True,-7.9258614,112.5954627,152.76,0.0,0.0,TRACKING_BUOY,226.7233428955078,-93.27665710449219
1785926736.426,2026-08-05 17:45:36,GUIDED,True,-7.9258637,112.5954604,152.74,0.0,0.0,TRACKING_BUOY,226.79250717163086,-93.20749282836914
1785926736.572,2026-08-05 17:45:36,GUIDED,True,-7.9258638,112.5954628,152.74,0.0,0.0,TRACKING_BUOY,226.96938037872314,-93.03061962127686
1785926736.725,2026-08-05 17:45:36,GUIDED,True,-7.9258625,112.595462,152.73,0.0,0.0,TRACKING_BUOY,227.60203528404236,-92.39796471595764
1785926736.873,2026-08-05 17:45:36,GUIDED,True,-7.9258625,112.595462,152.73,0.0,0.0,TRACKING_BUOY,,
1785926737.078,2026-08-05 17:45:37,GUIDED,True,-7.9258638,112.595457,152.73,0.0,0.0,TRACKING_BUOY,349.0,29.0
1785926737.269,2026-08-05 17:45:37,GUIDED,True,-7.9258673,112.5954543,152.74,0.0,0.0,TRACKING_BUOY,,
1785926737.424,2026-08-05 17:45:37,GUIDED,True,-7.9258745,112.5954366,152.76,0.0,0.0,TRACKING_BUOY,,
1785926737.570,2026-08-05 17:45:37,GUIDED,True,-7.9258799,112.5954256,152.76,0.0,0.0,TRACKING_BUOY,,
1785926737.717,2026-08-05 17:45:37,GUIDED,True,-7.9258861,112.5954123,152.75,0.0,0.0,TRACKING_BUOY,223.5,-96.5
1785926737.864,2026-08-05 17:45:37,GUIDED,True,-7.9258861,112.5954123,152.75,0.0,0.0,TRACKING_BUOY,222.375,-97.625
1785926738.009,2026-08-05 17:45:38,GUIDED,True,-7.9258942,112.5953955,152.74,0.0,0.0,TRACKING_BUOY,222.40625,-97.59375
1785926738.159,2026-08-05 17:45:38,GUIDED,True,-7.9259008,112.5953855,152.73,0.0,0.0,TRACKING_BUOY,223.5546875,-96.4453125
1785926738.307,2026-08-05 17:45:38,GUIDED,True,-7.9259008,112.5953855,152.73,0.0,0.0,TRACKING_BUOY,224.416015625,-95.583984375
1785926738.451,2026-08-05 17:45:38,GUIDED,True,-7.9259059,112.5953769,152.71,0.0,0.0,TRACKING_BUOY,225.18701171875,-94.81298828125
1785926738.599,2026-08-05 17:45:38,GUIDED,True,-7.9259142,112.595363,152.72,0.0,0.0,TRACKING_BUOY,225.8902587890625,-94.1097412109375
1785926738.743,2026-08-05 17:45:38,GUIDED,True,-7.9259256,112.5953476,152.7,0.0,0.0,TRACKING_BUOY,226.79269409179688,-93.20730590820312
1785926738.889,2026-08-05 17:45:38,GUIDED,True,-7.9259256,112.5953476,152.71,0.0,0.0,TRACKING_BUOY,227.71952056884766,-92.28047943115234
1785926739.031,2026-08-05 17:45:39,GUIDED,True,-7.9259383,112.5953338,152.71,0.0,0.0,TRACKING_BUOY,228.53964042663574,-91.46035957336426
1785926739.176,2026-08-05 17:45:39,GUIDED,True,-7.9259461,112.5953211,152.71,0.0,0.0,TRACKING_BUOY,229.1547303199768,-90.8452696800232
1785926739.320,2026-08-05 17:45:39,GUIDED,True,-7.9259527,112.5953,152.7,0.0,0.0,TRACKING_BUOY,229.6160477399826,-90.3839522600174
1785926739.469,2026-08-05 17:45:39,GUIDED,True,-7.9259527,112.5953,152.7,0.0,0.0,TRACKING_BUOY,229.71203580498695,-90.28796419501305
1785926739.622,2026-08-05 17:45:39,GUIDED,True,-7.9259563,112.5952871,152.7,0.0,0.0,TRACKING_BUOY,229.90902685374022,-90.09097314625978
1785926739.786,2026-08-05 17:45:39,GUIDED,True,-7.9259618,112.595279,152.7,0.0,0.0,TRACKING_BUOY,230.30677014030516,-89.69322985969484
1785926739.939,2026-08-05 17:45:39,GUIDED,True,-7.9259714,112.5952623,152.69,0.0,0.0,TRACKING_BUOY,230.73007760522887,-89.26992239477113
1785926740.141,2026-08-05 17:45:40,GUIDED,True,-7.9259818,112.595243,152.69,0.0,0.0,TRACKING_BUOY,231.42255820392165,-88.57744179607835
1785926740.310,2026-08-05 17:45:40,GUIDED,True,-7.9259818,112.595243,152.69,0.0,0.0,TRACKING_BUOY,232.06691865294124,-87.93308134705876
1785926740.462,2026-08-05 17:45:40,GUIDED,True,-7.9259914,112.5952242,152.68,0.0,0.0,TRACKING_BUOY,232.67518898970593,-87.32481101029407
1785926740.605,2026-08-05 17:45:40,GUIDED,True,-7.9260004,112.5952013,152.68,0.0,0.0,TRACKING_BUOY,233.13139174227945,-86.86860825772055
1785926740.749,2026-08-05 17:45:40,GUIDED,True,-7.9260085,112.5951763,152.68,0.0,0.0,TRACKING_BUOY,233.59854380670959,-86.40145619329041
1785926740.895,2026-08-05 17:45:40,GUIDED,True,-7.9260085,112.5951763,152.68,0.0,0.0,TRACKING_BUOY,233.9489078550322,-86.05109214496781
1785926741.038,2026-08-05 17:45:41,GUIDED,True,-7.9260163,112.595155,152.67,0.0,0.0,TRACKING_BUOY,234.46168089127414,-85.53831910872586
1785926741.188,2026-08-05 17:45:41,GUIDED,True,-7.9260159,112.5951593,152.66,0.0,0.0,TRACKING_BUOY,234.7212606684556,-85.27873933154439
1785926741.336,2026-08-05 17:45:41,GUIDED,True,-7.9260226,112.5951414,152.66,0.0,0.0,TRACKING_BUOY,234.2909455013417,-85.7090544986583
1785926741.486,2026-08-05 17:45:41,GUIDED,True,-7.9260226,112.5951414,152.64,0.0,0.0,TRACKING_BUOY,232.3432091260063,-87.65679087399371
1785926741.633,2026-08-05 17:45:41,GUIDED,True,-7.9260296,112.5951233,152.64,0.0,0.0,TRACKING_BUOY,229.25740684450471,-90.74259315549529
1785926741.781,2026-08-05 17:45:41,GUIDED,True,-7.9260354,112.5951061,152.64,0.0,0.0,TRACKING_BUOY,225.06805513337855,-94.93194486662145
1785926741.926,2026-08-05 17:45:41,GUIDED,True,-7.9260455,112.5950889,152.62,0.0,0.0,TRACKING_BUOY,220.55104135003393,-99.44895864996607
1785926742.072,2026-08-05 17:45:42,GUIDED,True,-7.9260455,112.5950889,152.61,0.0,0.0,TRACKING_BUOY,216.53828101252543,-103.46171898747457
1785926742.221,2026-08-05 17:45:42,GUIDED,True,-7.9260543,112.5950743,152.61,0.0,0.0,TRACKING_BUOY,213.02871075939407,-106.97128924060593
1785926742.365,2026-08-05 17:45:42,GUIDED,True,-7.9260622,112.5950647,152.61,0.0,0.0,TRACKING_BUOY,209.27153306954557,-110.72846693045443
1785926742.508,2026-08-05 17:45:42,GUIDED,True,-7.9260622,112.5950647,152.62,0.0,0.0,TRACKING_BUOY,205.8286498021592,-114.17135019784081
1785926742.657,2026-08-05 17:45:42,GUIDED,True,-7.92607,112.5950548,152.63,0.0,0.0,TRACKING_BUOY,202.4964873516194,-117.50351264838059
1785926742.814,2026-08-05 17:45:42,GUIDED,True,-7.9260794,112.5950358,152.64,0.0,0.0,TRACKING_BUOY,199.99736551371456,-120.00263448628544
1785926742.961,2026-08-05 17:45:42,GUIDED,True,-7.9260889,112.5950166,152.65,0.0,0.0,TRACKING_BUOY,197.8730241352859,-122.1269758647141
1785926743.108,2026-08-05 17:45:43,GUIDED,True,-7.9260889,112.5950166,152.63,0.0,0.0,TRACKING_BUOY,195.1547681014644,-124.84523189853559
1785926743.256,2026-08-05 17:45:43,GUIDED,True,-7.9260994,112.5949907,152.63,0.0,0.0,TRACKING_BUOY,192.6160760760983,-127.3839239239017
1785926743.421,2026-08-05 17:45:43,GUIDED,True,-7.9261083,112.5949622,152.64,0.0,0.0,TRACKING_BUOY,189.8370570570737,-130.1629429429263
1785926743.563,2026-08-05 17:45:43,GUIDED,True,-7.9261173,112.5949351,152.64,0.0,0.0,TRACKING_BUOY,187.75279279280528,-132.24720720719472
1785926743.712,2026-08-05 17:45:43,GUIDED,True,-7.9261173,112.5949351,152.63,0.0,0.0,TRACKING_BUOY,186.43959459460396,-133.56040540539604
1785926743.856,2026-08-05 17:45:43,GUIDED,True,-7.9261262,112.5949084,152.65,0.0,0.0,TRACKING_BUOY,187.32969594595298,-132.67030405404702
1785926744.005,2026-08-05 17:45:44,GUIDED,True,-7.9261334,112.5948924,152.65,0.0,0.0,TRACKING_BUOY,189.12227195946474,-130.87772804053526
1785926744.150,2026-08-05 17:45:44,GUIDED,True,-7.9261329,112.5948938,152.63,0.0,0.0,TRACKING_BUOY,192.21670396959854,-127.78329603040146
1785926744.310,2026-08-05 17:45:44,GUIDED,True,-7.9261329,112.5948938,152.63,0.0,0.0,TRACKING_BUOY,196.53752797719892,-123.46247202280108
1785926744.456,2026-08-05 17:45:44,GUIDED,True,-7.9261366,112.594884,152.63,0.0,0.0,TRACKING_BUOY,203.5281459828992,-116.47185401710081
1785926744.618,2026-08-05 17:45:44,GUIDED,True,-7.9261401,112.5948749,152.64,0.0,0.0,TRACKING_BUOY,210.77110948717439,-109.22889051282561
1785926744.762,2026-08-05 17:45:44,GUIDED,True,-7.9261421,112.5948655,152.64,0.0,0.0,TRACKING_BUOY,219.4533321153808,-100.54666788461921
1785926744.926,2026-08-05 17:45:44,GUIDED,True,-7.9261458,112.5948514,152.63,0.0,0.0,TRACKING_BUOY,227.83999908653558,-92.16000091346442
1785926745.073,2026-08-05 17:45:45,GUIDED,True,-7.9261458,112.5948514,152.63,0.0,0.0,TRACKING_BUOY,235.75499931490168,-84.24500068509832
1785926745.221,2026-08-05 17:45:45,GUIDED,True,-7.9261503,112.5948299,152.63,0.0,0.0,TRACKING_BUOY,243.19124948617628,-76.80875051382372
1785926745.369,2026-08-05 17:45:45,GUIDED,True,-7.9261557,112.5948076,152.63,0.0,0.0,TRACKING_BUOY,250.5184371146322,-69.4815628853678
1785926745.521,2026-08-05 17:45:45,GUIDED,True,-7.9261615,112.5947821,152.62,0.0,0.0,TRACKING_BUOY,257.63882783597415,-62.361172164025845
1785926745.667,2026-08-05 17:45:45,GUIDED,True,-7.9261615,112.5947821,152.62,0.0,0.0,TRACKING_BUOY,263.72912087698063,-56.27087912301937
1785926745.816,2026-08-05 17:45:45,GUIDED,True,-7.9261646,112.5947695,152.62,0.0,0.0,TRACKING_BUOY,268.79684065773546,-51.20315934226454
1785926745.990,2026-08-05 17:45:45,GUIDED,True,-7.9261673,112.59476,152.62,0.0,0.0,TRACKING_BUOY,274.0976304933016,-45.90236950669839
1785926746.190,2026-08-05 17:45:46,GUIDED,True,-7.9261707,112.5947565,152.61,0.0,0.0,TRACKING_BUOY,278.82322286997623,-41.176777130023765
1785926746.359,2026-08-05 17:45:46,GUIDED,True,-7.9261775,112.594745,152.61,0.0,0.0,TRACKING_BUOY,283.7424171524822,-36.257582847517824
1785926746.573,2026-08-05 17:45:46,GUIDED,True,-7.9261856,112.5947408,152.65,0.0,0.0,TRACKING_BUOY,288.18181286436163,-31.818187135638368
1785926746.722,2026-08-05 17:45:46,GUIDED,True,-7.9261906,112.5947411,152.65,0.0,0.0,TRACKING_BUOY,293.0113596482712,-26.988640351728804
1785926746.872,2026-08-05 17:45:46,GUIDED,True,-7.9261906,112.5947411,152.64,0.0,0.0,TRACKING_BUOY,297.3835197362034,-22.616480263796575
1785926747.018,2026-08-05 17:45:47,GUIDED,True,-7.9261936,112.5947317,152.64,0.0,0.0,TRACKING_BUOY,301.41263980215257,-18.58736019784743
1785926747.163,2026-08-05 17:45:47,GUIDED,True,-7.9261925,112.5947312,152.62,0.0,0.0,TRACKING_BUOY,305.0594798516144,-14.940520148385588
1785926747.310,2026-08-05 17:45:47,GUIDED,True,-7.9261925,112.5947312,152.62,0.0,0.0,TRACKING_BUOY,308.0446098887108,-11.955390111289205
1785926747.462,2026-08-05 17:45:47,GUIDED,True,-7.9261918,112.5947242,152.6,0.0,0.0,TRACKING_BUOY,310.9084574165331,-9.09154258346689
1785926747.609,2026-08-05 17:45:47,GUIDED,True,-7.9261956,112.594715,152.61,0.0,0.0,TRACKING_BUOY,313.68134306239983,-6.318656937600167
1785926747.782,2026-08-05 17:45:47,GUIDED,True,-7.9262007,112.5947056,152.64,0.0,0.0,TRACKING_BUOY,316.1360072967999,-3.863992703200097
1785926747.925,2026-08-05 17:45:47,GUIDED,True,-7.9262052,112.5946954,152.63,0.0,0.0,TRACKING_BUOY,317.3520054725999,-2.647994527400101
1785926748.070,2026-08-05 17:45:48,GUIDED,True,-7.9262052,112.5946954,152.62,0.0,0.0,TRACKING_BUOY,315.3890041044499,-4.610995895550104
1785926748.229,2026-08-05 17:45:48,GUIDED,True,-7.9262098,112.5946893,152.59,0.0,0.0,TRACKING_BUOY,309.9167530783374,-10.083246921662578
1785926748.381,2026-08-05 17:45:48,GUIDED,True,-7.9262133,112.5946896,152.6,0.0,0.0,TRACKING_BUOY,299.56256480875305,-20.437435191246948
1785926748.531,2026-08-05 17:45:48,GUIDED,True,-7.9262146,112.5946793,152.59,0.0,0.0,TRACKING_BUOY,287.1719236065648,-32.8280763934352
1785926748.703,2026-08-05 17:45:48,GUIDED,True,-7.9262146,112.5946793,152.59,0.0,0.0,TRACKING_BUOY,274.0039427049236,-45.99605729507641
1785926748.846,2026-08-05 17:45:48,GUIDED,True,-7.9262149,112.5946727,152.59,0.0,0.0,TRACKING_BUOY,259.25295702869266,-60.74704297130734
1785926748.996,2026-08-05 17:45:48,GUIDED,True,-7.9262155,112.5946641,152.59,0.0,0.0,TRACKING_BUOY,245.9397177715195,-74.0602822284805
1785926749.151,2026-08-05 17:45:49,GUIDED,True,-7.9262174,112.5946593,152.59,0.0,0.0,TRACKING_BUOY,235.2047883286396,-84.79521167136039
1785926749.296,2026-08-05 17:45:49,GUIDED,True,-7.9262174,112.5946593,152.59,0.0,0.0,TRACKING_BUOY,227.15359124647972,-92.84640875352028
1785926749.448,2026-08-05 17:45:49,GUIDED,True,-7.926222,112.594646,152.6,0.0,0.0,TRACKING_BUOY,221.4901934348598,-98.5098065651402
1785926749.595,2026-08-05 17:45:49,GUIDED,True,-7.926228,112.5946381,152.61,0.0,0.0,TRACKING_BUOY,209.86764507614487,-110.13235492385513
1785926749.750,2026-08-05 17:45:49,GUIDED,True,-7.926234,112.5946265,152.6,0.0,0.0,TRACKING_BUOY,,
1785926749.890,2026-08-05 17:45:49,GUIDED,True,-7.926234,112.5946265,152.6,0.0,0.0,TRACKING_BUOY,346.0,26.0
1785926750.070,2026-08-05 17:45:50,GUIDED,True,-7.9262368,112.5946211,152.61,0.0,0.0,GOTO_GPS,,
1785926750.232,2026-08-05 17:45:50,GUIDED,True,-7.9262383,112.5946198,152.61,0.0,0.0,GOTO_GPS,,
1785926750.383,2026-08-05 17:45:50,GUIDED,True,-7.9262403,112.5946165,152.61,0.0,0.0,GOTO_GPS,213.5,-106.5
1785926750.539,2026-08-05 17:45:50,GUIDED,True,-7.9262424,112.5946127,152.63,0.0,0.0,GOTO_GPS,214.375,-105.625
1785926750.694,2026-08-05 17:45:50,GUIDED,True,-7.9262424,112.5946127,152.65,0.0,0.0,GOTO_GPS,216.40625,-103.59375
1785926750.850,2026-08-05 17:45:50,GUIDED,True,-7.9262439,112.5946208,152.65,0.0,0.0,GOTO_GPS,219.4296875,-100.5703125
1785926750.998,2026-08-05 17:45:50,GUIDED,True,-7.926247,112.5946345,152.65,0.0,0.0,GOTO_GPS,221.822265625,-98.177734375
1785926751.147,2026-08-05 17:45:51,GUIDED,True,-7.9262488,112.5946458,152.64,0.0,0.0,GOTO_GPS,223.49169921875,-96.50830078125
1785926751.304,2026-08-05 17:45:51,GUIDED,True,-7.9262488,112.5946458,152.65,0.0,0.0,GOTO_GPS,224.1187744140625,-95.8812255859375
1785926751.452,2026-08-05 17:45:51,GUIDED,True,-7.926249,112.5946512,152.63,0.0,0.0,GOTO_GPS,224.58908081054688,-95.41091918945312
1785926751.601,2026-08-05 17:45:51,GUIDED,True,-7.9262584,112.5946254,152.64,0.0,0.0,GOTO_GPS,224.44181060791016,-95.55818939208984
1785926751.749,2026-08-05 17:45:51,GUIDED,True,-7.9262646,112.5946121,152.64,0.0,0.0,GOTO_GPS,224.33135795593262,-95.66864204406738
1785926751.892,2026-08-05 17:45:51,GUIDED,True,-7.9262646,112.5946121,152.64,0.0,0.0,GOTO_GPS,224.37351846694946,-95.62648153305054
1785926752.035,2026-08-05 17:45:52,GUIDED,True,-7.9262698,112.5946026,152.67,0.0,0.0,GOTO_GPS,,
1785926752.178,2026-08-05 17:45:52,GUIDED,True,-7.9262735,112.5946032,152.67,0.0,0.0,GOTO_GPS,,
1785926752.320,2026-08-05 17:45:52,GUIDED,True,-7.9262808,112.5945922,152.68,0.0,0.0,GOTO_GPS,,
1785926752.468,2026-08-05 17:45:52,GUIDED,True,-7.9262808,112.5945922,152.68,0.0,0.0,GOTO_GPS,,
1785926752.612,2026-08-05 17:45:52,GUIDED,True,-7.9262868,112.5945867,152.67,0.0,0.0,GOTO_GPS,,
1785926752.758,2026-08-05 17:45:52,GUIDED,True,-7.926293,112.594585,152.68,0.0,0.0,GOTO_GPS,,
1785926752.900,2026-08-05 17:45:52,GUIDED,True,-7.926293,112.594585,152.69,0.0,0.0,GOTO_GPS,,
1785926753.046,2026-08-05 17:45:53,GUIDED,True,-7.9262954,112.5945928,152.68,0.0,0.0,GOTO_GPS,,
1785926753.198,2026-08-05 17:45:53,GUIDED,True,-7.9262993,112.5946026,152.67,0.0,0.0,GOTO_GPS,230.5,-89.5
1785926753.352,2026-08-05 17:45:53,GUIDED,True,-7.9263012,112.594616,152.67,0.0,0.0,GOTO_GPS,230.875,-89.125
1785926753.504,2026-08-05 17:45:53,GUIDED,True,-7.9263012,112.594616,152.69,0.0,0.0,GOTO_GPS,233.53125,-86.46875
1785926753.647,2026-08-05 17:45:53,GUIDED,True,-7.9262987,112.5946315,152.68,0.0,0.0,GOTO_GPS,236.0234375,-83.9765625
1785926753.790,2026-08-05 17:45:53,GUIDED,True,-7.9262951,112.5946463,152.68,0.0,0.0,GOTO_GPS,238.392578125,-81.607421875
1785926753.936,2026-08-05 17:45:53,GUIDED,True,-7.9262928,112.594649,152.69,0.0,0.0,GOTO_GPS,240.66943359375,-79.33056640625
1785926754.077,2026-08-05 17:45:54,GUIDED,True,-7.9262928,112.594649,152.69,0.0,0.0,GOTO_GPS,242.5020751953125,-77.4979248046875
1785926754.221,2026-08-05 17:45:54,GUIDED,True,-7.9262929,112.5946478,152.71,0.0,0.0,GOTO_GPS,246.37655639648438,-73.62344360351562
1785926754.392,2026-08-05 17:45:54,GUIDED,True,-7.9262905,112.5946514,152.72,0.0,0.0,GOTO_GPS,251.78241729736328,-68.21758270263672
1785926754.541,2026-08-05 17:45:54,GUIDED,True,-7.9262907,112.5946448,152.74,0.0,0.0,GOTO_GPS,258.33681297302246,-61.66318702697754
1785926754.700,2026-08-05 17:45:54,GUIDED,True,-7.9262907,112.5946448,152.74,0.0,0.0,GOTO_GPS,266.50260972976685,-53.497390270233154
1785926754.841,2026-08-05 17:45:54,GUIDED,True,-7.9262932,112.5946372,152.75,0.0,0.0,GOTO_GPS,274.50195729732513,-45.498042702674866
1785926754.990,2026-08-05 17:45:54,GUIDED,True,-7.9262964,112.594629,152.76,0.0,0.0,GOTO_GPS,282.12646797299385,-37.87353202700615
1785926755.261,2026-08-05 17:45:55,GUIDED,True,-7.9262981,112.594617,152.78,0.0,0.0,GOTO_GPS,288.9698509797454,-31.030149020254612
1785926755.475,2026-08-05 17:45:55,GUIDED,True,-7.9262992,112.5946159,152.76,0.0,0.0,GOTO_GPS,293.72738823480904,-26.27261176519096
1785926755.617,2026-08-05 17:45:55,GUIDED,True,-7.9263021,112.5946202,152.74,0.0,0.0,GOTO_GPS,297.2955411761068,-22.70445882389322
1785926755.757,2026-08-05 17:45:55,GUIDED,True,-7.9263092,112.5946233,152.74,0.0,0.0,GOTO_GPS,300.7216558820801,-19.278344117919914
1785926755.902,2026-08-05 17:45:55,GUIDED,True,-7.9263092,112.5946233,152.75,0.0,0.0,GOTO_GPS,304.41624191156006,-15.583758088439936
1785926756.062,2026-08-05 17:45:56,GUIDED,True,-7.9263161,112.5946383,152.74,0.0,0.0,GOTO_GPS,308.68718143367005,-11.312818566329952
1785926756.210,2026-08-05 17:45:56,GUIDED,True,-7.9263161,112.5946383,152.74,0.0,0.0,GOTO_GPS,314.01538607525254,-5.984613924747464
1785926756.353,2026-08-05 17:45:56,GUIDED,True,-7.9263302,112.5946654,152.74,0.0,0.0,GOTO_GPS,320.3865395564394,0.3865395564394021
1785926756.501,2026-08-05 17:45:56,GUIDED,True,-7.9263302,112.5946654,152.73,0.0,0.0,GOTO_GPS,325.53990466732955,5.539904667329552
1785926756.645,2026-08-05 17:45:56,GUIDED,True,-7.9263362,112.5946675,152.72,0.0,0.0,GOTO_GPS,330.02992850049714,10.029928500497135
1785926756.790,2026-08-05 17:45:56,GUIDED,True,-7.926341,112.5946782,152.7,0.0,0.0,GOTO_GPS,334.14744637537285,14.147446375372851
1785926756.939,2026-08-05 17:45:56,GUIDED,True,-7.926344,112.5946861,152.72,0.0,0.0,GOTO_GPS,337.1105847815296,17.11058478152961
1785926757.090,2026-08-05 17:45:57,GUIDED,True,-7.926344,112.5946861,152.72,0.0,0.0,GOTO_GPS,339.5829385861472,19.58293858614718
1785926757.237,2026-08-05 17:45:57,GUIDED,True,-7.9263418,112.5946899,152.73,0.0,0.0,GOTO_GPS,341.8122039396104,21.812203939610413
1785926757.385,2026-08-05 17:45:57,GUIDED,True,-7.9263399,112.5946899,152.72,0.0,0.0,GOTO_GPS,344.10915295470784,24.109152954707838
1785926757.532,2026-08-05 17:45:57,GUIDED,True,-7.9263399,112.5946899,152.72,0.0,0.0,GOTO_GPS,346.45686471603085,26.45686471603085
1785926757.672,2026-08-05 17:45:57,GUIDED,True,-7.926341,112.5946992,152.7,0.0,0.0,GOTO_GPS,348.34264853702314,28.342648537023138
1785926757.817,2026-08-05 17:45:57,GUIDED,True,-7.9263443,112.5947104,152.71,0.0,0.0,GOTO_GPS,350.3819864027673,30.381986402767325
1785926757.963,2026-08-05 17:45:57,GUIDED,True,-7.9263476,112.5947188,152.72,0.0,0.0,GOTO_GPS,352.6614898020755,32.661489802075494
1785926758.109,2026-08-05 17:45:58,GUIDED,True,-7.9263476,112.5947188,152.72,0.0,0.0,GOTO_GPS,353.7461173515566,33.74611735155662
1785926758.277,2026-08-05 17:45:58,GUIDED,True,-7.9263491,112.5947244,152.73,0.0,0.0,GOTO_GPS,352.68458801366745,32.68458801366745
1785926758.422,2026-08-05 17:45:58,GUIDED,True,-7.9263495,112.5947286,152.74,0.0,0.0,GOTO_GPS,350.5134410102506,30.513441010250574
1785926758.566,2026-08-05 17:45:58,GUIDED,True,-7.9263497,112.5947303,152.73,0.0,0.0,GOTO_GPS,348.63508075768794,28.635080757687945
1785926758.719,2026-08-05 17:45:58,GUIDED,True,-7.9263497,112.5947303,152.75,0.0,0.0,GOTO_GPS,347.35131056826594,27.351310568265944
1785926758.862,2026-08-05 17:45:58,GUIDED,True,-7.9263503,112.5947313,152.74,0.0,0.0,GOTO_GPS,346.63848292619946,26.63848292619946
1785926759.006,2026-08-05 17:45:59,GUIDED,True,-7.9263505,112.5947301,152.75,0.0,0.0,GOTO_GPS,346.7288621946496,26.728862194649594
1785926759.150,2026-08-05 17:45:59,GUIDED,True,-7.9263505,112.5947301,152.75,0.0,0.0,GOTO_GPS,348.2966466459872,28.29664664598721
1785926759.291,2026-08-05 17:45:59,GUIDED,True,-7.926349,112.59473,152.75,0.0,0.0,GOTO_GPS,,
1785926759.440,2026-08-05 17:45:59,GUIDED,True,-7.9263488,112.5947308,152.76,0.0,0.0,GOTO_GPS,,
1785926759.589,2026-08-05 17:45:59,GUIDED,True,-7.9263477,112.5947328,152.76,0.0,0.0,GOTO_GPS,,
1785926759.733,2026-08-05 17:45:59,GUIDED,True,-7.9263477,112.5947328,152.76,0.0,0.0,GOTO_GPS,,
1785926759.875,2026-08-05 17:45:59,GUIDED,True,-7.9263466,112.5947331,152.76,0.0,0.0,GOTO_GPS,,
1785926760.022,2026-08-05 17:46:00,GUIDED,True,-7.9263454,112.5947335,152.76,0.0,0.0,GOTO_GPS,,
1785926760.190,2026-08-05 17:46:00,GUIDED,True,-7.9263446,112.5947352,152.77,0.0,0.0,GOTO_GPS,329.5,9.5
1785926760.336,2026-08-05 17:46:00,GUIDED,True,-7.9263446,112.5947352,152.77,0.0,0.0,GOTO_GPS,325.625,5.625
1785926760.481,2026-08-05 17:46:00,GUIDED,True,-7.9263433,112.594736,152.76,0.0,0.0,GOTO_GPS,324.34375,4.34375
1785926760.625,2026-08-05 17:46:00,GUIDED,True,-7.9263443,112.5947353,152.75,0.0,0.0,GOTO_GPS,324.7578125,4.7578125
1785926760.772,2026-08-05 17:46:00,GUIDED,True,-7.9263443,112.5947353,152.76,0.0,0.0,GOTO_GPS,325.068359375,5.068359375
1785926760.917,2026-08-05 17:46:00,GUIDED,True,-7.9263466,112.5947343,152.74,0.0,0.0,GOTO_GPS,325.30126953125,5.30126953125
1785926761.061,2026-08-05 17:46:01,GUIDED,True,-7.9263481,112.5947319,152.74,0.0,0.0,GOTO_GPS,325.6009521484375,5.6009521484375
1785926761.203,2026-08-05 17:46:01,GUIDED,True,-7.9263509,112.5947291,152.73,0.0,0.0,GOTO_GPS,325.9507141113281,5.950714111328125
1785926761.349,2026-08-05 17:46:01,GUIDED,True,-7.9263538,112.5947298,152.73,0.0,0.0,GOTO_GPS,326.2130355834961,6.213035583496094
1785926761.494,2026-08-05 17:46:01,GUIDED,True,-7.9263538,112.5947298,152.72,0.0,0.0,GOTO_GPS,326.78477668762207,6.78477668762207
1785926761.642,2026-08-05 17:46:01,GUIDED,True,-7.9263558,112.5947304,152.71,0.0,0.0,GOTO_GPS,328.46358251571655,8.463582515716553
1785926761.787,2026-08-05 17:46:01,GUIDED,True,-7.9263579,112.5947302,152.7,0.0,0.0,GOTO_GPS,331.3476868867874,11.347686886787415
1785926761.935,2026-08-05 17:46:01,GUIDED,True,-7.9263588,112.5947298,152.71,0.0,0.0,GOTO_GPS,335.76076516509056,15.760765165090561
1785926762.073,2026-08-05 17:46:02,GUIDED,True,-7.9263588,112.5947298,152.7,0.0,0.0,GOTO_GPS,343.3205738738179,23.32057387381792
1785926762.221,2026-08-05 17:46:02,GUIDED,True,-7.9263617,112.5947285,152.71,0.0,0.0,GOTO_GPS,350.86543040536344,30.86543040536344
1785926762.361,2026-08-05 17:46:02,GUIDED,True,-7.9263646,112.5947266,152.72,0.0,0.0,GOTO_GPS,358.1490728040226,38.14907280402258
1785926762.508,2026-08-05 17:46:02,GUIDED,True,-7.9263672,112.5947234,152.71,0.0,0.0,GOTO_GPS,363.73680460301694,43.736804603016935
1785926762.655,2026-08-05 17:46:02,GUIDED,True,-7.9263672,112.5947234,152.71,0.0,0.0,GOTO_GPS,366.5526034522627,46.5526034522627
1785926762.800,2026-08-05 17:46:02,GUIDED,True,-7.9263701,112.5947233,152.71,0.0,0.0,GOTO_GPS,365.914452589197,45.914452589197026
1785926762.940,2026-08-05 17:46:02,GUIDED,True,-7.9263742,112.5947207,152.71,0.0,0.0,GOTO_GPS,359.31083944189777,39.31083944189777
1785926763.087,2026-08-05 17:46:03,GUIDED,True,-7.9263742,112.5947207,152.72,0.0,0.0,GOTO_GPS,348.2331295814233,28.233129581423327
1785926763.243,2026-08-05 17:46:03,GUIDED,True,-7.9263797,112.5947179,152.73,0.0,0.0,GOTO_GPS,333.4248471860675,13.424847186067495
1785926763.402,2026-08-05 17:46:03,GUIDED,True,-7.9263852,112.594713,152.74,0.0,0.0,GOTO_GPS,315.81863538955065,-4.18136461044935
1785926763.556,2026-08-05 17:46:03,GUIDED,True,-7.9263905,112.5947079,152.73,0.0,0.0,GOTO_GPS,294.73897654216296,-25.26102345783704
1785926763.703,2026-08-05 17:46:03,GUIDED,True,-7.9263954,112.5946969,152.76,0.0,0.0,GOTO_GPS,275.8042324066222,-44.19576759337781
1785926763.847,2026-08-05 17:46:03,GUIDED,True,-7.9263954,112.5946969,152.74,0.0,0.0,GOTO_GPS,259.8531743049666,-60.146825695033385
1785926763.997,2026-08-05 17:46:03,GUIDED,True,-7.9263982,112.5946831,152.75,0.0,0.0,GOTO_GPS,247.01488072872496,-72.98511927127504
1785926764.149,2026-08-05 17:46:04,GUIDED,True,-7.9263982,112.5946831,152.75,0.0,0.0,GOTO_GPS,237.13616054654372,-82.86383945345628
1785926764.296,2026-08-05 17:46:04,GUIDED,True,-7.9264011,112.5946678,152.75,0.0,0.0,GOTO_GPS,230.8521204099078,-89.1478795900922
1785926764.464,2026-08-05 17:46:04,GUIDED,True,-7.9264055,112.5946583,152.74,0.0,0.0,GOTO_GPS,228.13909030743085,-91.86090969256915
1785926764.605,2026-08-05 17:46:04,GUIDED,True,-7.9264092,112.5946459,152.74,0.0,0.0,GOTO_GPS,,
1785926764.763,2026-08-05 17:46:04,GUIDED,True,-7.926412,112.5946376,152.74,0.0,0.0,GOTO_GPS,,
1785926764.910,2026-08-05 17:46:04,GUIDED,True,-7.9264153,112.5946361,152.72,0.0,0.0,GOTO_GPS,,
1785926765.055,2026-08-05 17:46:05,GUIDED,True,-7.9264153,112.5946361,152.72,0.0,0.0,GOTO_GPS,,
1785926765.215,2026-08-05 17:46:05,GUIDED,True,-7.9264153,112.5946361,152.71,0.0,0.0,GOTO_GPS,,
1785926765.361,2026-08-05 17:46:05,GUIDED,True,-7.9264251,112.5946501,152.7,0.0,0.0,GOTO_GPS,,
1785926765.515,2026-08-05 17:46:05,GUIDED,True,-7.9264296,112.5946545,152.7,0.0,0.0,GOTO_GPS,,
1785926765.656,2026-08-05 17:46:05,GUIDED,True,-7.9264296,112.5946545,152.69,0.0,0.0,GOTO_GPS,,
1785926765.802,2026-08-05 17:46:05,GUIDED,True,-7.9264332,112.5946499,152.69,0.0,0.0,GOTO_GPS,,
1785926765.952,2026-08-05 17:46:05,GUIDED,True,-7.9264377,112.5946519,152.7,0.0,0.0,GOTO_GPS,,
1785926766.102,2026-08-05 17:46:06,GUIDED,True,-7.9264377,112.5946519,152.7,0.0,0.0,GOTO_GPS,563.0,243.0
1785926766.250,2026-08-05 17:46:06,GUIDED,True,-7.9264424,112.5946543,152.7,0.0,0.0,GOTO_GPS,,
1785926766.394,2026-08-05 17:46:06,GUIDED,True,-7.926446,112.5946509,152.69,0.0,0.0,GOTO_GPS,,
1785926766.556,2026-08-05 17:46:06,GUIDED,True,-7.9264495,112.5946444,152.69,0.0,0.0,GOTO_GPS,,
1785926766.703,2026-08-05 17:46:06,GUIDED,True,-7.926454,112.5946396,152.68,0.0,0.0,GOTO_GPS,,
1785926766.852,2026-08-05 17:46:06,GUIDED,True,-7.926454,112.5946396,152.69,0.0,0.0,GOTO_GPS,,
1785926767.003,2026-08-05 17:46:07,GUIDED,True,-7.9264601,112.5946415,152.68,0.0,0.0,GOTO_GPS,,
1785926767.167,2026-08-05 17:46:07,GUIDED,True,-7.9264601,112.5946415,152.66,0.0,0.0,GOTO_GPS,,
1785926767.309,2026-08-05 17:46:07,GUIDED,True,-7.9264656,112.5946221,152.68,0.0,0.0,GOTO_GPS,,
1785926767.459,2026-08-05 17:46:07,GUIDED,False,-7.9264656,112.5946221,152.69,0.0,0.0,GOTO_GPS,,
1785926767.612,2026-08-05 17:46:07,GUIDED,False,-7.9264641,112.5946191,152.7,0.0,0.0,GOTO_GPS,,
1785926767.782,2026-08-05 17:46:07,GUIDED,False,-7.9264645,112.594624,152.69,0.0,0.0,GOTO_GPS,,
1785926767.936,2026-08-05 17:46:07,GUIDED,False,-7.9264657,112.5946296,152.69,0.0,0.0,GOTO_GPS,,
1785926768.090,2026-08-05 17:46:08,GUIDED,False,-7.9264657,112.5946296,152.7,0.0,0.0,GOTO_GPS,,
1785926768.246,2026-08-05 17:46:08,GUIDED,False,-7.9264672,112.594635,152.68,0.0,0.0,GOTO_GPS,,
1785926768.417,2026-08-05 17:46:08,GUIDED,False,-7.9264684,112.5946396,152.68,0.0,0.0,GOTO_GPS,,
1785926768.562,2026-08-05 17:46:08,GUIDED,False,-7.9264684,112.5946396,152.68,0.0,0.0,GOTO_GPS,,
1785926768.791,2026-08-05 17:46:08,GUIDED,False,-7.9264694,112.5946444,152.69,0.0,0.0,GOTO_GPS,,
1785926768.988,2026-08-05 17:46:08,GUIDED,False,-7.9264702,112.5946494,152.69,0.0,0.0,GOTO_GPS,,
1785926769.153,2026-08-05 17:46:09,GUIDED,False,-7.9264706,112.5946553,152.67,0.0,0.0,GOTO_GPS,,
1785926769.304,2026-08-05 17:46:09,GUIDED,False,-7.9264702,112.5946623,152.7,0.0,0.0,GOTO_GPS,,
1785926769.441,2026-08-05 17:46:09,GUIDED,False,-7.9264702,112.5946623,152.7,0.0,0.0,GOTO_GPS,,
1785926769.600,2026-08-05 17:46:09,GUIDED,False,-7.9264903,112.594599,152.69,0.0,0.0,GOTO_GPS,,
1785926769.748,2026-08-05 17:46:09,GUIDED,False,-7.9264972,112.5945552,152.68,0.0,0.0,GOTO_GPS,,
1785926769.888,2026-08-05 17:46:09,GUIDED,False,-7.9264972,112.5945552,152.67,0.0,0.0,GOTO_GPS,,
1785926770.041,2026-08-05 17:46:10,GUIDED,False,-7.9265034,112.5945191,152.68,0.0,0.0,GOTO_GPS,,
1785926770.187,2026-08-05 17:46:10,GUIDED,False,-7.9265107,112.5944937,152.69,0.0,0.0,GOTO_GPS,,
1785926770.348,2026-08-05 17:46:10,GUIDED,False,-7.9265189,112.5944721,152.68,0.0,0.0,GOTO_GPS,,
1785926770.485,2026-08-05 17:46:10,GUIDED,False,-7.9265189,112.5944721,152.7,0.0,0.0,GOTO_GPS,,
1785926770.622,2026-08-05 17:46:10,GUIDED,False,-7.9265261,112.5944535,152.7,0.0,0.0,GOTO_GPS,,
1785926770.759,2026-08-05 17:46:10,GUIDED,False,-7.9265323,112.5944357,152.69,0.0,0.0,GOTO_GPS,,
1785926770.903,2026-08-05 17:46:10,GUIDED,False,-7.9265323,112.5944357,152.7,0.0,0.0,GOTO_GPS,,
1785926771.045,2026-08-05 17:46:11,GUIDED,False,-7.9265377,112.5944189,152.69,0.0,0.0,GOTO_GPS,,
1785926771.184,2026-08-05 17:46:11,GUIDED,False,-7.9265432,112.5944014,152.69,0.0,0.0,GOTO_GPS,,
1785926771.321,2026-08-05 17:46:11,GUIDED,False,-7.926548,112.5943873,152.67,0.0,0.0,GOTO_GPS,,
1785926771.452,2026-08-05 17:46:11,GUIDED,False,-7.926548,112.5943873,152.67,0.0,0.0,GOTO_GPS,,
1785926771.583,2026-08-05 17:46:11,GUIDED,False,-7.9265506,112.5943738,152.68,0.0,0.0,GOTO_GPS,,
1785926771.725,2026-08-05 17:46:11,GUIDED,False,-7.926553,112.5943679,152.67,0.0,0.0,GOTO_GPS,,
1785926771.857,2026-08-05 17:46:11,GUIDED,False,-7.926553,112.5943679,152.67,0.0,0.0,GOTO_GPS,,
1785926771.998,2026-08-05 17:46:11,GUIDED,False,-7.9265569,112.5943653,152.67,0.0,0.0,GOTO_GPS,,
1785926772.134,2026-08-05 17:46:12,GUIDED,False,-7.9265595,112.594357,152.66,0.0,0.0,GOTO_GPS,,
1785926772.445,2026-08-05 17:46:12,GUIDED,False,-7.9265609,112.5943467,152.67,0.0,0.0,GOTO_GPS,,
1785926772.608,2026-08-05 17:46:12,GUIDED,False,-7.9265346,112.5944255,152.67,0.0,0.0,GOTO_GPS,,
1785926772.743,2026-08-05 17:46:12,GUIDED,False,-7.926516,112.5944796,152.65,0.0,0.0,GOTO_GPS,,
1785926772.882,2026-08-05 17:46:12,GUIDED,False,-7.926516,112.5944796,152.67,0.0,0.0,GOTO_GPS,,
1785926773.019,2026-08-05 17:46:13,GUIDED,False,-7.9265014,112.594526,152.66,0.0,0.0,GOTO_GPS,,
1785926773.155,2026-08-05 17:46:13,GUIDED,False,-7.9264899,112.5945723,152.66,0.0,0.0,GOTO_GPS,,
1785926773.286,2026-08-05 17:46:13,GUIDED,False,-7.9264899,112.5945723,152.66,0.0,0.0,GOTO_GPS,,
1785926773.420,2026-08-05 17:46:13,GUIDED,False,-7.92648,112.5946151,152.65,0.0,0.0,GOTO_GPS,,
1785926773.555,2026-08-05 17:46:13,GUIDED,False,-7.9264744,112.5946445,152.64,0.0,0.0,GOTO_GPS,,
1785926773.694,2026-08-05 17:46:13,GUIDED,False,-7.9264744,112.5946445,152.65,0.0,0.0,GOTO_GPS,,
1785926773.832,2026-08-05 17:46:13,GUIDED,False,-7.9264676,112.5946725,152.65,0.0,0.0,GOTO_GPS,,
1785926773.971,2026-08-05 17:46:13,GUIDED,False,-7.9264604,112.5946971,152.65,0.0,0.0,GOTO_GPS,,
1785926774.108,2026-08-05 17:46:14,GUIDED,False,-7.9264604,112.5946971,152.64,0.0,0.0,GOTO_GPS,,
1785926774.248,2026-08-05 17:46:14,GUIDED,False,-7.9264557,112.5947125,152.64,0.0,0.0,GOTO_GPS,,
1785926774.388,2026-08-05 17:46:14,GUIDED,False,-7.9264497,112.5947225,152.63,0.0,0.0,GOTO_GPS,640.0,320.0
1785926774.529,2026-08-05 17:46:14,GUIDED,False,-7.9264431,112.594734,152.64,0.0,0.0,GOTO_GPS,,
1785926774.697,2026-08-05 17:46:14,GUIDED,False,-7.9264431,112.594734,152.65,0.0,0.0,GOTO_GPS,,
1785926774.845,2026-08-05 17:46:14,GUIDED,False,-7.926438,112.5947462,152.65,0.0,0.0,GOTO_GPS,,
1785926774.983,2026-08-05 17:46:14,GUIDED,False,-7.9264374,112.5947574,152.65,0.0,0.0,GOTO_GPS,,
1785926775.120,2026-08-05 17:46:15,GUIDED,False,-7.9264376,112.5947661,152.63,0.0,0.0,GOTO_GPS,,
1785926775.257,2026-08-05 17:46:15,GUIDED,False,-7.9264376,112.5947661,152.64,0.0,0.0,GOTO_GPS,,
1785926775.430,2026-08-05 17:46:15,GUIDED,False,-7.9264377,112.5947749,152.65,0.0,0.0,GOTO_GPS,,
1785926775.564,2026-08-05 17:46:15,GUIDED,False,-7.9264371,112.5947841,152.65,0.0,0.0,GOTO_GPS,,
1785926775.705,2026-08-05 17:46:15,GUIDED,False,-7.9264371,112.5947841,152.65,0.0,0.0,GOTO_GPS,,
1785926775.840,2026-08-05 17:46:15,GUIDED,False,-7.9264374,112.594791,152.66,0.0,0.0,GOTO_GPS,,
1785926775.982,2026-08-05 17:46:15,GUIDED,False,-7.9264367,112.5947946,152.66,0.0,0.0,GOTO_GPS,640.0,320.0
1785926776.118,2026-08-05 17:46:16,GUIDED,False,-7.9264342,112.5947937,152.67,0.0,0.0,GOTO_GPS,,
1785926776.268,2026-08-05 17:46:16,GUIDED,False,-7.9264342,112.5947937,152.68,0.0,0.0,GOTO_GPS,,
1785926776.412,2026-08-05 17:46:16,GUIDED,False,-7.9264315,112.5947935,152.69,0.0,0.0,GOTO_GPS,,
1785926776.571,2026-08-05 17:46:16,GUIDED,False,-7.9264316,112.5947924,152.69,0.0,0.0,GOTO_GPS,,
1785926776.708,2026-08-05 17:46:16,GUIDED,False,-7.9264316,112.5947924,152.69,0.0,0.0,GOTO_GPS,,
1785926776.866,2026-08-05 17:46:16,GUIDED,False,-7.9264307,112.5947895,152.7,0.0,0.0,GOTO_GPS,,
1785926777.019,2026-08-05 17:46:17,GUIDED,False,-7.9264324,112.594789,152.7,0.0,0.0,GOTO_GPS,,
1785926777.157,2026-08-05 17:46:17,GUIDED,False,-7.9264345,112.5947906,152.7,0.0,0.0,GOTO_GPS,,
1785926777.299,2026-08-05 17:46:17,GUIDED,False,-7.9264345,112.5947906,152.7,0.0,0.0,GOTO_GPS,,
1785926777.438,2026-08-05 17:46:17,GUIDED,False,-7.9264362,112.5947941,152.68,0.0,0.0,GOTO_GPS,,
1785926777.575,2026-08-05 17:46:17,GUIDED,False,-7.9264341,112.5947944,152.69,0.0,0.0,GOTO_GPS,,
1785926777.715,2026-08-05 17:46:17,GUIDED,False,-7.9264341,112.5947944,152.7,0.0,0.0,GOTO_GPS,,
1785926777.853,2026-08-05 17:46:17,GUIDED,False,-7.926431,112.5947959,152.69,0.0,0.0,GOTO_GPS,,
1785926777.988,2026-08-05 17:46:17,GUIDED,False,-7.9264273,112.5947983,152.69,0.0,0.0,GOTO_GPS,,
1785926778.125,2026-08-05 17:46:18,GUIDED,False,-7.9264273,112.5947983,152.69,0.0,0.0,GOTO_GPS,,
1785926778.270,2026-08-05 17:46:18,GUIDED,False,-7.9264269,112.5948035,152.69,0.0,0.0,GOTO_GPS,,
1785926778.405,2026-08-05 17:46:18,GUIDED,False,-7.9264281,112.5948084,152.69,0.0,0.0,GOTO_GPS,,
1785926778.540,2026-08-05 17:46:18,GUIDED,False,-7.926429,112.5948125,152.68,0.0,0.0,GOTO_GPS,,
1785926778.676,2026-08-05 17:46:18,GUIDED,False,-7.926429,112.5948125,152.68,0.0,0.0,GOTO_GPS,,
1785926778.813,2026-08-05 17:46:18,GUIDED,False,-7.9264297,112.5948166,152.67,0.0,0.0,GOTO_GPS,,
1785926778.954,2026-08-05 17:46:18,GUIDED,False,-7.9264302,112.5948189,152.66,0.0,0.0,GOTO_GPS,,
1785926779.094,2026-08-05 17:46:19,GUIDED,False,-7.9264302,112.5948189,152.66,0.0,0.0,GOTO_GPS,,
1785926779.231,2026-08-05 17:46:19,GUIDED,False,-7.926429,112.5948216,152.67,0.0,0.0,GOTO_GPS,,
1785926779.370,2026-08-05 17:46:19,GUIDED,False,-7.9264305,112.5948253,152.66,0.0,0.0,GOTO_GPS,,
1785926779.510,2026-08-05 17:46:19,GUIDED,False,-7.9264305,112.5948253,152.66,0.0,0.0,GOTO_GPS,,
1785926779.646,2026-08-05 17:46:19,GUIDED,False,-7.926433,112.5948286,152.66,0.0,0.0,GOTO_GPS,,
1785926779.783,2026-08-05 17:46:19,GUIDED,False,-7.926438,112.5948328,152.66,0.0,0.0,GOTO_GPS,,
1785926779.920,2026-08-05 17:46:19,GUIDED,False,-7.926438,112.5948328,152.66,0.0,0.0,GOTO_GPS,,
1785926780.055,2026-08-05 17:46:20,GUIDED,False,-7.9264399,112.5948344,152.65,0.0,0.0,GOTO_GPS,,
1785926780.196,2026-08-05 17:46:20,GUIDED,False,-7.9264399,112.5948349,152.65,0.0,0.0,GOTO_GPS,,
1785926780.336,2026-08-05 17:46:20,GUIDED,False,-7.9264399,112.5948349,152.66,0.0,0.0,GOTO_GPS,,
1785926780.483,2026-08-05 17:46:20,GUIDED,False,-7.9264395,112.5948353,152.65,0.0,0.0,GOTO_GPS,,
1785926780.619,2026-08-05 17:46:20,GUIDED,False,-7.9264395,112.5948354,152.65,0.0,0.0,GOTO_GPS,,
1785926780.756,2026-08-05 17:46:20,GUIDED,False,-7.9264384,112.5948331,152.66,0.0,0.0,GOTO_GPS,,
1785926780.938,2026-08-05 17:46:20,GUIDED,False,-7.9264384,112.5948331,152.66,0.0,0.0,GOTO_GPS,,
1785926781.082,2026-08-05 17:46:21,GUIDED,False,-7.9264362,112.5948288,152.67,0.0,0.0,GOTO_GPS,,
1785926781.225,2026-08-05 17:46:21,GUIDED,False,-7.9264357,112.5948283,152.67,0.0,0.0,GOTO_GPS,,
1785926781.362,2026-08-05 17:46:21,GUIDED,False,-7.9264357,112.5948283,152.67,0.0,0.0,GOTO_GPS,,
1785926781.501,2026-08-05 17:46:21,GUIDED,False,-7.9264359,112.5948288,152.67,0.0,0.0,GOTO_GPS,,
1785926781.648,2026-08-05 17:46:21,GUIDED,False,-7.9264339,112.5948252,152.67,0.0,0.0,GOTO_GPS,,
1785926781.781,2026-08-05 17:46:21,GUIDED,False,-7.9264333,112.5948202,152.69,0.0,0.0,GOTO_GPS,,
1785926781.920,2026-08-05 17:46:21,GUIDED,False,-7.9264333,112.5948202,152.69,0.0,0.0,GOTO_GPS,,
1785926782.055,2026-08-05 17:46:22,GUIDED,False,-7.9264319,112.5948156,152.69,0.0,0.0,GOTO_GPS,,
1785926782.191,2026-08-05 17:46:22,GUIDED,False,-7.9264321,112.5948096,152.69,0.0,0.0,GOTO_GPS,,
1785926782.328,2026-08-05 17:46:22,GUIDED,False,-7.9264321,112.5948096,152.69,0.0,0.0,GOTO_GPS,,
1785926782.466,2026-08-05 17:46:22,GUIDED,False,-7.9264357,112.5948039,152.7,0.0,0.0,GOTO_GPS,,
1785926782.605,2026-08-05 17:46:22,GUIDED,False,-7.9264399,112.5947986,152.71,0.0,0.0,GOTO_GPS,,
1785926782.744,2026-08-05 17:46:22,GUIDED,False,-7.9264399,112.5947986,152.7,0.0,0.0,GOTO_GPS,,
1785926782.878,2026-08-05 17:46:22,GUIDED,False,-7.9264424,112.5947913,152.72,0.0,0.0,GOTO_GPS,,
1785926783.013,2026-08-05 17:46:23,GUIDED,False,-7.9264442,112.5947882,152.71,0.0,0.0,GOTO_GPS,,
1785926783.149,2026-08-05 17:46:23,GUIDED,False,-7.9264442,112.5947882,152.71,0.0,0.0,GOTO_GPS,,
1785926783.288,2026-08-05 17:46:23,GUIDED,False,-7.9264427,112.5947913,152.72,0.0,0.0,GOTO_GPS,,
1785926783.426,2026-08-05 17:46:23,GUIDED,False,-7.9264398,112.5947933,152.71,0.0,0.0,GOTO_GPS,,
1785926783.579,2026-08-05 17:46:23,GUIDED,False,-7.9264361,112.5947907,152.71,0.0,0.0,GOTO_GPS,,
1785926783.721,2026-08-05 17:46:23,GUIDED,False,-7.9264324,112.5947899,152.71,0.0,0.0,GOTO_GPS,,
1785926783.870,2026-08-05 17:46:23,GUIDED,False,-7.9264324,112.5947899,152.7,0.0,0.0,GOTO_GPS,,
1785926784.031,2026-08-05 17:46:24,GUIDED,False,-7.9264315,112.594788,152.72,0.0,0.0,GOTO_GPS,,
1785926784.192,2026-08-05 17:46:24,GUIDED,False,-7.9264315,112.594788,152.71,0.0,0.0,GOTO_GPS,,
1785926784.339,2026-08-05 17:46:24,GUIDED,False,-7.9264382,112.5947951,152.72,0.0,0.0,GOTO_GPS,,
1785926784.535,2026-08-05 17:46:24,GUIDED,False,-7.9264464,112.5947971,152.71,0.0,0.0,GOTO_GPS,,
1785926784.675,2026-08-05 17:46:24,GUIDED,False,-7.9264464,112.5947971,152.71,0.0,0.0,GOTO_GPS,,
1785926784.838,2026-08-05 17:46:24,GUIDED,False,-7.9264509,112.5947931,152.72,0.0,0.0,GOTO_GPS,,
1785926784.988,2026-08-05 17:46:24,GUIDED,False,-7.9264509,112.5947931,152.71,0.0,0.0,GOTO_GPS,,
1785926785.136,2026-08-05 17:46:25,GUIDED,False,-7.9264509,112.5947931,152.72,0.0,0.0,GOTO_GPS,,
1785926785.284,2026-08-05 17:46:25,GUIDED,False,-7.9264509,112.5947931,152.72,0.0,0.0,GOTO_GPS,,
1785926785.431,2026-08-05 17:46:25,GUIDED,False,-7.9264509,112.5947931,152.73,0.0,0.0,GOTO_GPS,,
1785926785.620,2026-08-05 17:46:25,GUIDED,False,-7.9264509,112.5947931,152.74,0.0,0.0,GOTO_GPS,,
1785926785.802,2026-08-05 17:46:25,GUIDED,False,-7.9264509,112.5947931,152.72,0.0,0.0,GOTO_GPS,,
1785926785.983,2026-08-05 17:46:25,GUIDED,False,-7.9264509,112.5947931,152.72,0.0,0.0,GOTO_GPS,,
1785926786.203,2026-08-05 17:46:26,GUIDED,False,-7.9264509,112.5947931,152.72,0.0,0.0,GOTO_GPS,,
1785926786.488,2026-08-05 17:46:26,GUIDED,False,-7.9264509,112.5947931,152.72,0.0,0.0,GOTO_GPS,,
1785926786.636,2026-08-05 17:46:26,GUIDED,False,-7.9264509,112.5947931,152.72,0.0,0.0,GOTO_GPS,,
1785926786.776,2026-08-05 17:46:26,GUIDED,False,-7.9264813,112.594753,152.73,0.0,0.0,GOTO_GPS,,
1785926786.924,2026-08-05 17:46:26,GUIDED,False,-7.9264719,112.5947705,152.74,0.0,0.0,GOTO_GPS,,
1785926787.070,2026-08-05 17:46:27,GUIDED,False,-7.9264719,112.5947705,152.75,0.0,0.0,GOTO_GPS,,
1785926787.230,2026-08-05 17:46:27,GUIDED,False,-7.9264677,112.594782,152.76,0.0,0.0,GOTO_GPS,,
1785926787.375,2026-08-05 17:46:27,GUIDED,False,-7.9264676,112.5947728,152.76,0.0,0.0,GOTO_GPS,,
1785926787.523,2026-08-05 17:46:27,GUIDED,False,-7.9264677,112.5947675,152.75,0.0,0.0,GOTO_GPS,,
1785926787.669,2026-08-05 17:46:27,GUIDED,False,-7.9264677,112.5947675,152.76,0.0,0.0,GOTO_GPS,,
1785926787.811,2026-08-05 17:46:27,GUIDED,False,-7.9264691,112.5947602,152.76,0.0,0.0,GOTO_GPS,,
1785926787.955,2026-08-05 17:46:27,GUIDED,False,-7.9264694,112.5947599,152.75,0.0,0.0,GOTO_GPS,,
1785926788.106,2026-08-05 17:46:28,GUIDED,False,-7.9264694,112.5947599,152.73,0.0,0.0,GOTO_GPS,,
1785926788.263,2026-08-05 17:46:28,GUIDED,False,-7.9264687,112.5947645,152.74,0.0,0.0,GOTO_GPS,477.0,157.0
1785926788.419,2026-08-05 17:46:28,GUIDED,False,-7.9264695,112.5947712,152.77,0.0,0.0,GOTO_GPS,,
1785926788.562,2026-08-05 17:46:28,GUIDED,False,-7.926474,112.5947685,152.77,0.0,0.0,GOTO_GPS,,
1785926788.702,2026-08-05 17:46:28,GUIDED,False,-7.9264769,112.5947624,152.75,0.0,0.0,GOTO_GPS,,
1785926788.841,2026-08-05 17:46:28,GUIDED,False,-7.9264769,112.5947624,152.76,0.0,0.0,GOTO_GPS,,
1785926788.990,2026-08-05 17:46:28,GUIDED,False,-7.9264781,112.5947542,152.76,0.0,0.0,GOTO_GPS,,
1785926789.151,2026-08-05 17:46:29,GUIDED,False,-7.9264781,112.5947542,152.77,0.0,0.0,GOTO_GPS,,
1785926789.305,2026-08-05 17:46:29,GUIDED,False,-7.9264703,112.5947544,152.76,0.0,0.0,GOTO_GPS,,
1785926789.490,2026-08-05 17:46:29,GUIDED,False,-7.9264703,112.5947544,152.76,0.0,0.0,GOTO_GPS,,
1785926789.703,2026-08-05 17:46:29,GUIDED,False,-7.9264671,112.5947661,152.75,0.0,0.0,GOTO_GPS,,
1785926789.849,2026-08-05 17:46:29,GUIDED,False,-7.9264671,112.5947661,152.76,0.0,0.0,GOTO_GPS,,
1785926789.996,2026-08-05 17:46:29,GUIDED,False,-7.9264662,112.5947682,152.76,0.0,0.0,GOTO_GPS,,
1785926790.138,2026-08-05 17:46:30,GUIDED,False,-7.9264662,112.5947682,152.74,0.0,0.0,GOTO_GPS,,
1785926790.284,2026-08-05 17:46:30,GUIDED,False,-7.926465,112.5947698,152.75,0.0,0.0,GOTO_GPS,,
1785926790.433,2026-08-05 17:46:30,GUIDED,False,-7.9264639,112.5947709,152.76,0.0,0.0,GOTO_GPS,,
1785926790.575,2026-08-05 17:46:30,GUIDED,False,-7.9264629,112.5947713,152.76,0.0,0.0,GOTO_GPS,,
1785926790.744,2026-08-05 17:46:30,GUIDED,False,-7.9264616,112.5947727,152.76,0.0,0.0,GOTO_GPS,,
1785926790.893,2026-08-05 17:46:30,GUIDED,False,-7.9264616,112.5947727,152.76,0.0,0.0,GOTO_GPS,,
1785926791.046,2026-08-05 17:46:31,GUIDED,False,-7.9264622,112.5947757,152.77,0.0,0.0,GOTO_GPS,,
1785926791.188,2026-08-05 17:46:31,GUIDED,False,-7.9264622,112.5947757,152.76,0.0,0.0,GOTO_GPS,,
1785926791.337,2026-08-05 17:46:31,GUIDED,False,-7.9264666,112.5947908,152.75,0.0,0.0,GOTO_GPS,,
1785926791.494,2026-08-05 17:46:31,GUIDED,False,-7.9264666,112.5947908,152.75,0.0,0.0,GOTO_GPS,,
1785926791.656,2026-08-05 17:46:31,GUIDED,False,-7.9264696,112.594795,152.74,0.0,0.0,GOTO_GPS,,
1785926791.808,2026-08-05 17:46:31,GUIDED,False,-7.9264744,112.594798,152.75,0.0,0.0,GOTO_GPS,,
1785926791.968,2026-08-05 17:46:31,GUIDED,False,-7.9264792,112.594804,152.74,0.0,0.0,GOTO_GPS,,
1785926792.110,2026-08-05 17:46:32,GUIDED,False,-7.9264792,112.594804,152.73,0.0,0.0,GOTO_GPS,,
1785926792.274,2026-08-05 17:46:32,GUIDED,False,-7.9264719,112.5948008,152.73,0.0,0.0,GOTO_GPS,,
1785926792.430,2026-08-05 17:46:32,GUIDED,False,-7.926469,112.594801,152.74,0.0,0.0,GOTO_GPS,,
1785926792.574,2026-08-05 17:46:32,GUIDED,False,-7.9264653,112.5947953,152.73,0.0,0.0,GOTO_GPS,,
1785926792.723,2026-08-05 17:46:32,GUIDED,False,-7.9264586,112.5947851,152.74,0.0,0.0,GOTO_GPS,,
1785926792.873,2026-08-05 17:46:32,GUIDED,False,-7.9264586,112.5947851,152.74,0.0,0.0,GOTO_GPS,,
1785926793.023,2026-08-05 17:46:33,GUIDED,False,-7.9264487,112.5947759,152.75,0.0,0.0,GOTO_GPS,,
1785926793.176,2026-08-05 17:46:33,GUIDED,False,-7.9264487,112.5947759,152.76,0.0,0.0,GOTO_GPS,,
1785926793.332,2026-08-05 17:46:33,GUIDED,False,-7.9264386,112.5947685,152.72,0.0,0.0,GOTO_GPS,,
1785926793.485,2026-08-05 17:46:33,GUIDED,False,-7.9264386,112.5947685,152.71,0.0,0.0,GOTO_GPS,,
1785926793.640,2026-08-05 17:46:33,GUIDED,False,-7.926435,112.5947678,152.71,0.0,0.0,IDLE,,
1785926793.810,2026-08-05 17:46:33,GUIDED,False,-7.926432,112.5947674,152.73,0.0,0.0,IDLE,,
1785926793.955,2026-08-05 17:46:33,GUIDED,False,-7.9264257,112.5947594,152.74,0.0,0.0,IDLE,,
1785926794.105,2026-08-05 17:46:34,GUIDED,False,-7.9264257,112.5947594,152.74,0.0,0.0,IDLE,,
1785926794.248,2026-08-05 17:46:34,GUIDED,False,-7.9264203,112.594754,152.74,0.0,0.0,IDLE,,
1785926794.404,2026-08-05 17:46:34,GUIDED,False,-7.9264158,112.5947485,152.74,0.0,0.0,IDLE,,
1785926794.553,2026-08-05 17:46:34,GUIDED,False,-7.9264158,112.5947485,152.75,0.0,0.0,IDLE,,
1785926794.711,2026-08-05 17:46:34,GUIDED,False,-7.9264116,112.5947431,152.74,0.0,0.0,IDLE,,
1785926794.870,2026-08-05 17:46:34,GUIDED,False,-7.9264077,112.5947388,152.73,0.0,0.0,IDLE,,
1785926795.019,2026-08-05 17:46:35,GUIDED,False,-7.9264042,112.5947347,152.74,0.0,0.0,IDLE,,
1785926795.175,2026-08-05 17:46:35,GUIDED,False,-7.9264042,112.5947347,152.74,0.0,0.0,IDLE,,
1785926795.321,2026-08-05 17:46:35,GUIDED,False,-7.926401,112.5947317,152.76,0.0,0.0,IDLE,,
1785926795.469,2026-08-05 17:46:35,GUIDED,False,-7.926398,112.5947307,152.76,0.0,0.0,IDLE,,
1785926795.615,2026-08-05 17:46:35,GUIDED,False,-7.926398,112.5947307,152.77,0.0,0.0,IDLE,,
1785926795.774,2026-08-05 17:46:35,GUIDED,False,-7.9263957,112.594731,152.79,0.0,0.0,IDLE,,
1785926795.913,2026-08-05 17:46:35,GUIDED,False,-7.9263941,112.5947349,152.78,0.0,0.0,IDLE,,
1785926796.065,2026-08-05 17:46:36,GUIDED,False,-7.9263941,112.5947349,152.78,0.0,0.0,IDLE,,
1785926796.214,2026-08-05 17:46:36,GUIDED,False,-7.9263948,112.5947381,152.79,0.0,0.0,IDLE,,
1785926796.407,2026-08-05 17:46:36,GUIDED,False,-7.9263915,112.5947578,152.78,0.0,0.0,IDLE,,
1785926796.558,2026-08-05 17:46:36,GUIDED,False,-7.9263931,112.5947463,152.79,0.0,0.0,IDLE,,
1785926796.701,2026-08-05 17:46:36,GUIDED,False,-7.9263941,112.5947385,152.81,0.0,0.0,IDLE,,
1785926796.853,2026-08-05 17:46:36,GUIDED,False,-7.9263941,112.5947385,152.8,0.0,0.0,IDLE,,
1785926797.009,2026-08-05 17:46:37,GUIDED,False,-7.9263947,112.5947335,152.81,0.0,0.0,IDLE,,
1785926797.156,2026-08-05 17:46:37,GUIDED,False,-7.9263947,112.5947335,152.82,0.0,0.0,IDLE,,
1785926797.325,2026-08-05 17:46:37,GUIDED,False,-7.9264121,112.5947437,152.82,0.0,0.0,IDLE,,
1785926797.470,2026-08-05 17:46:37,GUIDED,False,-7.9264121,112.5947437,152.82,0.0,0.0,IDLE,,
1785926797.614,2026-08-05 17:46:37,GUIDED,False,-7.9264145,112.594745,152.81,0.0,0.0,IDLE,,
1785926797.756,2026-08-05 17:46:37,GUIDED,False,-7.9264172,112.5947477,152.81,0.0,0.0,IDLE,,
1785926797.906,2026-08-05 17:46:37,GUIDED,False,-7.9264201,112.5947479,152.81,0.0,0.0,IDLE,,
1785926798.062,2026-08-05 17:46:38,GUIDED,False,-7.9264201,112.5947479,152.81,0.0,0.0,IDLE,,
1785926798.213,2026-08-05 17:46:38,GUIDED,False,-7.9264222,112.5947515,152.81,0.0,0.0,IDLE,,
1785926798.366,2026-08-05 17:46:38,GUIDED,False,-7.9264215,112.5947497,152.81,0.0,0.0,IDLE,,
1785926798.504,2026-08-05 17:46:38,GUIDED,False,-7.9264213,112.594748,152.8,0.0,0.0,IDLE,,
1785926798.643,2026-08-05 17:46:38,GUIDED,False,-7.9264213,112.594748,152.8,0.0,0.0,IDLE,,
1785926798.786,2026-08-05 17:46:38,GUIDED,False,-7.926421,112.5947473,152.8,0.0,0.0,IDLE,,
1785926798.933,2026-08-05 17:46:38,GUIDED,False,-7.9264231,112.594749,152.82,0.0,0.0,IDLE,,
1785926799.080,2026-08-05 17:46:39,GUIDED,False,-7.9264231,112.594749,152.81,0.0,0.0,IDLE,,
1785926799.231,2026-08-05 17:46:39,GUIDED,False,-7.9264243,112.5947498,152.82,0.0,0.0,IDLE,,
1785926799.377,2026-08-05 17:46:39,GUIDED,False,-7.9264231,112.5947541,152.83,0.0,0.0,IDLE,,
1785926799.519,2026-08-05 17:46:39,GUIDED,False,-7.9264217,112.5947605,152.82,0.0,0.0,IDLE,,
1785926799.659,2026-08-05 17:46:39,GUIDED,False,-7.9264217,112.5947605,152.83,0.0,0.0,IDLE,,
1785926799.802,2026-08-05 17:46:39,GUIDED,False,-7.926423,112.5947605,152.84,0.0,0.0,IDLE,,
1785926799.947,2026-08-05 17:46:39,GUIDED,False,-7.926426,112.5947596,152.84,0.0,0.0,IDLE,,
1785926800.101,2026-08-05 17:46:40,GUIDED,False,-7.926426,112.5947596,152.85,0.0,0.0,IDLE,,
1785926800.250,2026-08-05 17:46:40,GUIDED,False,-7.9264272,112.5947626,152.84,0.0,0.0,IDLE,,
1785926800.402,2026-08-05 17:46:40,GUIDED,False,-7.9264278,112.5947645,152.84,0.0,0.0,IDLE,,
1785926800.544,2026-08-05 17:46:40,GUIDED,False,-7.9264286,112.5947704,152.85,0.0,0.0,IDLE,,
1785926800.685,2026-08-05 17:46:40,GUIDED,False,-7.9264286,112.5947704,152.85,0.0,0.0,IDLE,,
1785926800.863,2026-08-05 17:46:40,GUIDED,False,-7.9264295,112.5947758,152.86,0.0,0.0,IDLE,,
1785926801.006,2026-08-05 17:46:41,GUIDED,False,-7.9264304,112.5947817,152.87,0.0,0.0,IDLE,,
1785926801.158,2026-08-05 17:46:41,GUIDED,False,-7.9264304,112.5947817,152.86,0.0,0.0,IDLE,,
1785926801.299,2026-08-05 17:46:41,GUIDED,False,-7.9264315,112.5947967,152.86,0.0,0.0,IDLE,,
1785926801.440,2026-08-05 17:46:41,GUIDED,False,-7.9264315,112.5947967,152.87,0.0,0.0,IDLE,,
1785926801.581,2026-08-05 17:46:41,GUIDED,False,-7.9264328,112.5948035,152.88,0.0,0.0,IDLE,,
1785926801.723,2026-08-05 17:46:41,GUIDED,False,-7.9264332,112.5948099,152.85,0.0,0.0,IDLE,,
1785926801.871,2026-08-05 17:46:41,GUIDED,False,-7.9264332,112.5948099,152.86,0.0,0.0,IDLE,,
1785926802.018,2026-08-05 17:46:42,GUIDED,False,-7.9264369,112.594816,152.87,0.0,0.0,IDLE,,
1785926802.163,2026-08-05 17:46:42,GUIDED,False,-7.9264369,112.594816,152.88,0.0,0.0,IDLE,,
1785926802.305,2026-08-05 17:46:42,GUIDED,False,-7.9264336,112.5948177,152.87,0.0,0.0,IDLE,,
1785926802.449,2026-08-05 17:46:42,GUIDED,False,-7.9264336,112.5948177,152.87,0.0,0.0,IDLE,,
1785926802.592,2026-08-05 17:46:42,GUIDED,False,-7.9264298,112.5948183,152.88,0.0,0.0,IDLE,,
1785926802.740,2026-08-05 17:46:42,GUIDED,False,-7.9264261,112.594818,152.88,0.0,0.0,IDLE,,
1785926802.883,2026-08-05 17:46:42,GUIDED,False,-7.9264261,112.594818,152.87,0.0,0.0,IDLE,,
1785926803.030,2026-08-05 17:46:43,GUIDED,False,-7.9264235,112.5948179,152.87,0.0,0.0,IDLE,,
1785926803.178,2026-08-05 17:46:43,GUIDED,False,-7.9264235,112.5948179,152.87,0.0,0.0,IDLE,,
1785926803.325,2026-08-05 17:46:43,GUIDED,False,-7.9264172,112.5948177,152.88,0.0,0.0,IDLE,,
1785926803.477,2026-08-05 17:46:43,GUIDED,False,-7.9264172,112.5948177,152.89,0.0,0.0,IDLE,,
1785926803.623,2026-08-05 17:46:43,GUIDED,False,-7.9264145,112.5948158,152.89,0.0,0.0,IDLE,,
1785926803.772,2026-08-05 17:46:43,GUIDED,False,-7.9264119,112.5948121,152.9,0.0,0.0,IDLE,,
1785926803.917,2026-08-05 17:46:43,GUIDED,False,-7.9264094,112.5948091,152.91,0.0,0.0,IDLE,,
1785926804.057,2026-08-05 17:46:44,GUIDED,False,-7.9264094,112.5948091,152.91,0.0,0.0,IDLE,,
1785926804.205,2026-08-05 17:46:44,GUIDED,False,-7.9264094,112.5948091,152.91,0.0,0.0,IDLE,,
1785926804.351,2026-08-05 17:46:44,GUIDED,False,-7.926409,112.5948081,152.91,0.0,0.0,IDLE,,
1785926804.494,2026-08-05 17:46:44,GUIDED,False,-7.926409,112.5948081,152.92,0.0,0.0,IDLE,,
1785926804.649,2026-08-05 17:46:44,GUIDED,False,-7.9264127,112.5948119,152.93,0.0,0.0,IDLE,,
1785926804.797,2026-08-05 17:46:44,GUIDED,False,-7.9264149,112.5948109,152.96,0.0,0.0,IDLE,,
1785926804.953,2026-08-05 17:46:44,GUIDED,False,-7.9264123,112.5948082,152.96,0.0,0.0,IDLE,,
1785926805.103,2026-08-05 17:46:45,GUIDED,False,-7.9264123,112.5948082,152.95,0.0,0.0,IDLE,,
1785926805.259,2026-08-05 17:46:45,GUIDED,False,-7.9264087,112.594806,152.97,0.0,0.0,IDLE,,
1785926805.407,2026-08-05 17:46:45,GUIDED,False,-7.9264054,112.5948027,152.96,0.0,0.0,IDLE,,
1785926805.550,2026-08-05 17:46:45,GUIDED,False,-7.9264012,112.5948033,152.98,0.0,0.0,IDLE,,
1785926805.701,2026-08-05 17:46:45,GUIDED,False,-7.9263972,112.5948072,152.99,0.0,0.0,IDLE,,
1785926805.844,2026-08-05 17:46:45,GUIDED,False,-7.9263972,112.5948072,153.01,0.0,0.0,IDLE,,
1785926806.005,2026-08-05 17:46:46,GUIDED,False,-7.9263959,112.5948041,153.0,0.0,0.0,IDLE,,
1785926806.180,2026-08-05 17:46:46,GUIDED,False,-7.9263959,112.5948041,153.0,0.0,0.0,IDLE,,
1785926806.339,2026-08-05 17:46:46,GUIDED,False,-7.9263897,112.594817,153.0,0.0,0.0,IDLE,,
1785926806.520,2026-08-05 17:46:46,GUIDED,False,-7.9263897,112.5948185,153.03,0.0,0.0,IDLE,,
1785926806.665,2026-08-05 17:46:46,GUIDED,False,-7.9263897,112.5948185,153.04,0.0,0.0,IDLE,,
1785926806.818,2026-08-05 17:46:46,GUIDED,False,-7.9263908,112.5948277,153.05,0.0,0.0,IDLE,,
1785926806.966,2026-08-05 17:46:46,GUIDED,False,-7.9263917,112.5948384,153.06,0.0,0.0,IDLE,,
1785926807.115,2026-08-05 17:46:47,GUIDED,False,-7.9263917,112.5948384,153.08,0.0,0.0,IDLE,,
1785926807.268,2026-08-05 17:46:47,GUIDED,False,-7.926392,112.5948424,153.08,0.0,0.0,IDLE,,
1785926807.429,2026-08-05 17:46:47,GUIDED,False,-7.9263908,112.5948522,153.08,0.0,0.0,IDLE,,
1785926807.580,2026-08-05 17:46:47,GUIDED,False,-7.9263904,112.5948576,153.1,0.0,0.0,IDLE,,
1785926807.727,2026-08-05 17:46:47,GUIDED,False,-7.9263908,112.5948621,153.1,0.0,0.0,START,,
1785926807.873,2026-08-05 17:46:47,GUIDED,False,-7.9263908,112.5948621,153.1,0.0,0.0,START,,
1785926808.019,2026-08-05 17:46:48,GUIDED,False,-7.9263927,112.5948678,153.12,0.0,0.0,START,,
1785926808.165,2026-08-05 17:46:48,GUIDED,False,-7.9263927,112.5948678,153.12,0.0,0.0,START,,
1785926808.309,2026-08-05 17:46:48,GUIDED,False,-7.9263948,112.5948745,153.12,0.0,0.0,START,,
1785926808.453,2026-08-05 17:46:48,GUIDED,False,-7.9263948,112.5948745,153.13,0.0,0.0,START,,
1785926808.629,2026-08-05 17:46:48,GUIDED,True,-7.9263979,112.5948814,153.14,0.0,0.0,START,,
1785926808.785,2026-08-05 17:46:48,GUIDED,True,-7.926402,112.5948892,153.14,0.0,0.0,START,,
1785926808.938,2026-08-05 17:46:48,GUIDED,True,-7.9264092,112.5948975,153.17,0.0,0.0,START,,
1785926809.087,2026-08-05 17:46:49,GUIDED,True,-7.9264092,112.5948975,153.17,0.0,0.0,START,,
1785926809.240,2026-08-05 17:46:49,GUIDED,True,-7.9264174,112.5949054,153.2,0.0,0.0,START,,
1785926809.409,2026-08-05 17:46:49,GUIDED,True,-7.9264349,112.5949176,153.2,0.0,0.0,START,,
1785926809.563,2026-08-05 17:46:49,GUIDED,True,-7.9264439,112.5949221,153.18,0.0,0.0,START,,
1785926809.723,2026-08-05 17:46:49,GUIDED,True,-7.9264439,112.5949221,153.2,0.0,0.0,START,,
1785926809.880,2026-08-05 17:46:49,GUIDED,True,-7.926452,112.5949252,153.2,0.0,0.0,START,,
1785926810.043,2026-08-05 17:46:50,GUIDED,True,-7.926452,112.5949252,153.21,0.0,0.0,START,,
1785926810.201,2026-08-05 17:46:50,GUIDED,True,-7.9264578,112.5949264,153.22,0.0,0.0,START,,
1785926810.357,2026-08-05 17:46:50,GUIDED,True,-7.9264627,112.5949245,153.23,0.0,0.0,START,,
1785926810.518,2026-08-05 17:46:50,GUIDED,True,-7.9264662,112.5949219,153.23,0.0,0.0,START,,
1785926810.676,2026-08-05 17:46:50,GUIDED,True,-7.9264683,112.5949175,153.23,0.0,0.0,START,,
1785926810.838,2026-08-05 17:46:50,GUIDED,True,-7.9264696,112.594914,153.23,0.0,0.0,TRACKING_BUOY,,
1785926811.030,2026-08-05 17:46:51,GUIDED,True,-7.9264696,112.594914,153.24,0.0,0.0,TRACKING_BUOY,,
1785926811.193,2026-08-05 17:46:51,GUIDED,True,-7.9264722,112.5949099,153.25,0.0,0.0,TRACKING_BUOY,211.0,-109.0
1785926811.344,2026-08-05 17:46:51,GUIDED,True,-7.9264722,112.5949099,153.27,0.0,0.0,TRACKING_BUOY,226.75,-93.25
1785926811.502,2026-08-05 17:46:51,GUIDED,True,-7.9264722,112.5949099,153.27,0.0,0.0,TRACKING_BUOY,238.8125,-81.1875
1785926811.656,2026-08-05 17:46:51,GUIDED,True,-7.9264722,112.5949099,153.26,0.0,0.0,TRACKING_BUOY,248.484375,-71.515625
1785926811.805,2026-08-05 17:46:51,GUIDED,True,-7.9264722,112.5949099,153.28,0.0,0.0,TRACKING_BUOY,256.11328125,-63.88671875
1785926811.952,2026-08-05 17:46:51,GUIDED,True,-7.9264722,112.5949099,153.28,0.0,0.0,TRACKING_BUOY,262.0849609375,-57.9150390625
1785926812.094,2026-08-05 17:46:52,GUIDED,True,-7.9264722,112.5949099,153.29,0.0,0.0,TRACKING_BUOY,266.188720703125,-53.811279296875
1785926812.255,2026-08-05 17:46:52,GUIDED,True,-7.9264722,112.5949099,153.3,0.0,0.0,TRACKING_BUOY,268.64154052734375,-51.35845947265625
1785926812.408,2026-08-05 17:46:52,GUIDED,True,-7.9264722,112.5949099,153.3,0.0,0.0,TRACKING_BUOY,270.9811553955078,-49.01884460449219
1785926812.557,2026-08-05 17:46:52,GUIDED,True,-7.9264722,112.5949099,153.31,0.0,0.0,TRACKING_BUOY,273.23586654663086,-46.76413345336914
1785926812.703,2026-08-05 17:46:52,GUIDED,True,-7.9264722,112.5949099,153.31,0.0,0.0,TRACKING_BUOY,274.92689990997314,-45.073100090026855
1785926812.849,2026-08-05 17:46:52,GUIDED,True,-7.9264722,112.5949099,153.31,0.0,0.0,TRACKING_BUOY,275.44517493247986,-44.55482506752014
1785926813.001,2026-08-05 17:46:53,GUIDED,True,-7.9264722,112.5949099,153.32,0.0,0.0,TRACKING_BUOY,274.4588811993599,-45.541118800640106
1785926813.156,2026-08-05 17:46:53,GUIDED,True,-7.9264722,112.5949099,153.33,0.0,0.0,TRACKING_BUOY,272.2191608995199,-47.78083910048008
1785926813.308,2026-08-05 17:46:53,GUIDED,True,-7.9264722,112.5949099,153.34,0.0,0.0,TRACKING_BUOY,268.66437067463994,-51.33562932536006
1785926813.455,2026-08-05 17:46:53,GUIDED,True,-7.9264722,112.5949099,153.3,0.0,0.0,TRACKING_BUOY,266.87327800597996,-53.126721994020045
1785926813.604,2026-08-05 17:46:53,GUIDED,True,-7.9264722,112.5949099,153.3,0.0,0.0,TRACKING_BUOY,268.40495850448497,-51.595041495515034
1785926813.750,2026-08-05 17:46:53,GUIDED,True,-7.9264722,112.5949099,153.29,0.0,0.0,TRACKING_BUOY,274.3037188783637,-45.696281121636275
1785926813.894,2026-08-05 17:46:53,GUIDED,True,-7.9264722,112.5949099,153.29,0.0,0.0,TRACKING_BUOY,284.9777891587728,-35.022210841227206
1785926814.039,2026-08-05 17:46:54,GUIDED,True,-7.9264722,112.5949099,153.29,0.0,0.0,TRACKING_BUOY,295.9833418690796,-24.016658130920405
1785926814.192,2026-08-05 17:46:54,GUIDED,True,-7.9264722,112.5949099,153.28,0.0,0.0,TRACKING_BUOY,305.7375064018097,-14.262493598190304
1785926814.341,2026-08-05 17:46:54,GUIDED,True,-7.9265003,112.594877,153.28,0.0,0.0,TRACKING_BUOY,314.0531298013573,-5.946870198642728
1785926814.490,2026-08-05 17:46:54,GUIDED,True,-7.9265003,112.594877,153.28,0.0,0.0,TRACKING_BUOY,321.03984735101795,1.0398473510179542
1785926814.658,2026-08-05 17:46:54,GUIDED,True,-7.9265125,112.5948779,153.28,0.0,0.0,TRACKING_BUOY,327.0298855132635,7.02988551326348
1785926814.807,2026-08-05 17:46:54,GUIDED,True,-7.9265183,112.5948722,153.29,0.0,0.0,TRACKING_BUOY,332.7724141349476,12.77241413494761
1785926814.965,2026-08-05 17:46:54,GUIDED,True,-7.9265242,112.5948652,153.29,0.0,0.0,TRACKING_BUOY,339.2043106012107,19.204310601210693
1785926815.115,2026-08-05 17:46:55,GUIDED,True,-7.9265242,112.5948652,153.3,0.0,0.0,TRACKING_BUOY,345.65323295090803,25.653232950908034
1785926815.259,2026-08-05 17:46:55,GUIDED,True,-7.9265317,112.5948571,153.32,0.0,0.0,TRACKING_BUOY,351.61492471318104,31.61492471318104
1785926815.418,2026-08-05 17:46:55,GUIDED,True,-7.9265308,112.5948507,153.31,0.0,0.0,TRACKING_BUOY,356.33619353488575,36.33619353488575
1785926815.599,2026-08-05 17:46:55,GUIDED,True,-7.9265304,112.5948433,153.3,0.0,0.0,TRACKING_BUOY,359.7521451511643,39.752145151164314
1785926815.777,2026-08-05 17:46:55,GUIDED,True,-7.9265238,112.5948372,153.29,0.0,0.0,TRACKING_BUOY,362.68910886337324,42.689108863373235
1785926815.951,2026-08-05 17:46:55,GUIDED,True,-7.9265168,112.5948362,153.28,0.0,0.0,TRACKING_BUOY,365.3918316475299,45.3918316475299
1785926816.166,2026-08-05 17:46:56,GUIDED,True,-7.9265168,112.5948362,153.29,0.0,0.0,TRACKING_BUOY,367.9188737356474,47.91887373564742
1785926816.308,2026-08-05 17:46:56,GUIDED,True,-7.9265014,112.5948555,153.29,0.0,0.0,TRACKING_BUOY,370.0641553017356,50.06415530173558
1785926816.466,2026-08-05 17:46:56,GUIDED,True,-7.9265014,112.5948555,153.3,0.0,0.0,TRACKING_BUOY,371.5481164763017,51.548116476301686
1785926816.620,2026-08-05 17:46:56,GUIDED,True,-7.9264959,112.5948621,153.31,0.0,0.0,TRACKING_BUOY,371.1610873572263,51.16108735722628
1785926816.763,2026-08-05 17:46:56,GUIDED,True,-7.9264946,112.5948596,153.3,0.0,0.0,TRACKING_BUOY,368.2458155179197,48.24581551791971
1785926816.914,2026-08-05 17:46:56,GUIDED,True,-7.9264945,112.5948576,153.32,0.0,0.0,TRACKING_BUOY,365.0593616384398,45.05936163843978
1785926817.069,2026-08-05 17:46:57,GUIDED,True,-7.9264945,112.5948576,153.32,0.0,0.0,TRACKING_BUOY,360.4195212288298,40.41952122882981
1785926817.225,2026-08-05 17:46:57,GUIDED,True,-7.926495,112.5948564,153.32,0.0,0.0,TRACKING_BUOY,350.56464092162236,30.564640921622356
1785926817.385,2026-08-05 17:46:57,GUIDED,True,-7.9264928,112.5948559,153.33,0.0,0.0,TRACKING_BUOY,337.92348069121675,17.923480691216753
1785926817.541,2026-08-05 17:46:57,GUIDED,True,-7.9264905,112.5948559,153.31,0.0,0.0,TRACKING_BUOY,322.94261051841255,2.9426105184125504
1785926817.694,2026-08-05 17:46:57,GUIDED,True,-7.9264905,112.5948559,153.32,0.0,0.0,TRACKING_BUOY,304.2069578888094,-15.793042111190573
1785926817.852,2026-08-05 17:46:57,GUIDED,True,-7.9264879,112.5948556,153.32,0.0,0.0,TRACKING_BUOY,285.78021841660706,-34.219781583392944
1785926818.003,2026-08-05 17:46:58,GUIDED,True,-7.9264847,112.5948558,153.32,0.0,0.0,TRACKING_BUOY,268.0851638124553,-51.91483618754472
1785926818.159,2026-08-05 17:46:58,GUIDED,True,-7.9264847,112.5948558,153.34,0.0,0.0,TRACKING_BUOY,245.06387285934147,-74.93612714065853
1785926818.310,2026-08-05 17:46:58,GUIDED,True,-7.9264749,112.594853,153.35,0.0,0.0,TRACKING_BUOY,226.7979046445061,-93.2020953554939
1785926818.460,2026-08-05 17:46:58,GUIDED,True,-7.9264749,112.594853,153.33,0.0,0.0,TRACKING_BUOY,218.84842848337956,-101.15157151662044
1785926818.605,2026-08-05 17:46:58,GUIDED,True,-7.9264682,112.5948521,153.33,0.0,0.0,TRACKING_BUOY,206.63632136253466,-113.36367863746534
1785926818.751,2026-08-05 17:46:58,GUIDED,True,-7.9264624,112.5948563,153.35,0.0,0.0,TRACKING_BUOY,204.227241021901,-115.772758978099
1785926818.896,2026-08-05 17:46:58,GUIDED,True,-7.9264561,112.5948622,153.37,0.0,0.0,TRACKING_BUOY,203.42043076642574,-116.57956923357426
1785926819.039,2026-08-05 17:46:59,GUIDED,True,-7.9264561,112.5948622,153.38,0.0,0.0,TRACKING_BUOY,203.4403230748193,-116.5596769251807
1785926819.182,2026-08-05 17:46:59,GUIDED,True,-7.9264561,112.5948622,153.38,0.0,0.0,TRACKING_BUOY,203.45524230611449,-116.54475769388551
1785926819.324,2026-08-05 17:46:59,GUIDED,True,-7.9264437,112.594873,153.38,0.0,0.0,TRACKING_BUOY,203.59143172958585,-116.40856827041415
1785926819.473,2026-08-05 17:46:59,GUIDED,True,-7.9264437,112.594873,153.38,0.0,0.0,TRACKING_BUOY,204.9435737971894,-115.0564262028106
1785926819.620,2026-08-05 17:46:59,GUIDED,True,-7.9264396,112.5948747,153.37,0.0,0.0,TRACKING_BUOY,207.83268034789205,-112.16731965210795
1785926819.770,2026-08-05 17:46:59,GUIDED,True,-7.9264359,112.5948764,153.38,0.0,0.0,TRACKING_BUOY,210.87451026091904,-109.12548973908096
1785926819.914,2026-08-05 17:46:59,GUIDED,True,-7.9264322,112.5948758,153.37,0.0,0.0,TRACKING_BUOY,213.7808826956893,-106.21911730431071
1785926820.070,2026-08-05 17:47:00,GUIDED,True,-7.9264322,112.5948758,153.36,0.0,0.0,TRACKING_BUOY,216.96066202176695,-103.03933797823305
1785926820.223,2026-08-05 17:47:00,GUIDED,True,-7.926428,112.5948754,153.36,0.0,0.0,TRACKING_BUOY,221.09549651632523,-98.90450348367477
1785926820.369,2026-08-05 17:47:00,GUIDED,True,-7.9264255,112.5948762,153.35,0.0,0.0,TRACKING_BUOY,224.3216223872439,-95.6783776127561
1785926820.520,2026-08-05 17:47:00,GUIDED,True,-7.9264238,112.5948765,153.35,0.0,0.0,TRACKING_BUOY,226.11621679043293,-93.88378320956707
1785926820.672,2026-08-05 17:47:00,GUIDED,True,-7.9264238,112.5948765,153.33,0.0,0.0,TRACKING_BUOY,,
1785926820.814,2026-08-05 17:47:00,GUIDED,True,-7.9264228,112.5948772,153.34,0.0,0.0,TRACKING_BUOY,,
1785926820.957,2026-08-05 17:47:00,GUIDED,True,-7.9264199,112.5948783,153.34,0.0,0.0,TRACKING_BUOY,,
1785926821.115,2026-08-05 17:47:01,GUIDED,True,-7.9264194,112.5948815,153.34,0.0,0.0,TRACKING_BUOY,,
1785926821.258,2026-08-05 17:47:01,GUIDED,True,-7.9264194,112.5948815,153.33,0.0,0.0,TRACKING_BUOY,,
1785926821.402,2026-08-05 17:47:01,GUIDED,True,-7.9264204,112.594883,153.34,0.0,0.0,TRACKING_BUOY,,
1785926821.544,2026-08-05 17:47:01,GUIDED,True,-7.9264211,112.5948872,153.34,0.0,0.0,TRACKING_BUOY,,
1785926821.697,2026-08-05 17:47:01,GUIDED,True,-7.9264211,112.5948872,153.33,0.0,0.0,TRACKING_BUOY,236.5,-83.5
1785926821.843,2026-08-05 17:47:01,GUIDED,True,-7.9264224,112.5948923,153.33,0.0,0.0,TRACKING_BUOY,235.625,-84.375
1785926821.987,2026-08-05 17:47:01,GUIDED,True,-7.9264236,112.5948979,153.33,0.0,0.0,TRACKING_BUOY,235.46875,-84.53125
1785926822.136,2026-08-05 17:47:02,GUIDED,True,-7.9264224,112.5949014,153.33,0.0,0.0,TRACKING_BUOY,235.6015625,-84.3984375
1785926822.285,2026-08-05 17:47:02,GUIDED,True,-7.9264224,112.5949014,153.33,0.0,0.0,TRACKING_BUOY,235.076171875,-84.923828125
1785926822.439,2026-08-05 17:47:02,GUIDED,True,-7.926421,112.5949075,153.32,0.0,0.0,TRACKING_BUOY,234.30712890625,-85.69287109375
1785926822.586,2026-08-05 17:47:02,GUIDED,True,-7.9264197,112.594914,153.33,0.0,0.0,TRACKING_BUOY,233.2303466796875,-86.7696533203125
1785926822.735,2026-08-05 17:47:02,GUIDED,True,-7.9264194,112.5949167,153.36,0.0,0.0,TRACKING_BUOY,233.79776000976562,-86.20223999023438
1785926822.875,2026-08-05 17:47:02,GUIDED,True,-7.9264194,112.5949167,153.35,0.0,0.0,TRACKING_BUOY,239.97332000732422,-80.02667999267578
1785926823.025,2026-08-05 17:47:03,GUIDED,True,-7.926419,112.5949161,153.36,0.0,0.0,TRACKING_BUOY,250.97999000549316,-69.02000999450684
1785926823.174,2026-08-05 17:47:03,GUIDED,True,-7.92642,112.5949101,153.35,0.0,0.0,TRACKING_BUOY,267.7349925041199,-52.26500749588013
1785926823.332,2026-08-05 17:47:03,GUIDED,True,-7.9264205,112.5949066,153.36,0.0,0.0,TRACKING_BUOY,287.6762443780899,-32.323755621910095
1785926823.476,2026-08-05 17:47:03,GUIDED,True,-7.9264205,112.5949066,153.36,0.0,0.0,TRACKING_BUOY,309.00718328356743,-10.992816716432571
1785926823.628,2026-08-05 17:47:03,GUIDED,True,-7.9264206,112.5949033,153.37,0.0,0.0,TRACKING_BUOY,327.50538746267557,7.505387462675571
1785926823.775,2026-08-05 17:47:03,GUIDED,True,-7.9264187,112.594899,153.36,0.0,0.0,TRACKING_BUOY,342.3790405970067,22.37904059700668
1785926823.928,2026-08-05 17:47:03,GUIDED,True,-7.9264147,112.5949009,153.36,0.0,0.0,TRACKING_BUOY,353.784280447755,33.78428044775501
1785926824.076,2026-08-05 17:47:04,GUIDED,True,-7.9264147,112.5949009,153.36,0.0,0.0,TRACKING_BUOY,363.08821033581626,43.08821033581626
1785926824.223,2026-08-05 17:47:04,GUIDED,True,-7.9264098,112.5949024,153.37,0.0,0.0,TRACKING_BUOY,370.4411577518622,50.44115775186219
1785926824.369,2026-08-05 17:47:04,GUIDED,True,-7.9264039,112.5949009,153.37,0.0,0.0,TRACKING_BUOY,376.33086831389664,56.330868313896644
1785926824.520,2026-08-05 17:47:04,GUIDED,True,-7.9263965,112.5948989,153.38,0.0,0.0,TRACKING_BUOY,381.3731512354225,61.37315123542248
1785926824.673,2026-08-05 17:47:04,GUIDED,True,-7.9263965,112.5948989,153.37,0.0,0.0,TRACKING_BUOY,385.40486342656686,65.40486342656686
1785926824.813,2026-08-05 17:47:04,GUIDED,True,-7.9263902,112.5948994,153.37,0.0,0.0,TRACKING_BUOY,388.42864756992515,68.42864756992515
1785926824.956,2026-08-05 17:47:04,GUIDED,True,-7.9263861,112.5949027,153.36,0.0,0.0,TRACKING_BUOY,390.4464856774439,70.44648567744389
1785926825.121,2026-08-05 17:47:05,GUIDED,True,-7.9263819,112.594904,153.37,0.0,0.0,TRACKING_BUOY,391.9598642580829,71.95986425808292
1785926825.268,2026-08-05 17:47:05,GUIDED,True,-7.9263819,112.594904,153.36,0.0,0.0,TRACKING_BUOY,393.3448981935622,73.34489819356219
1785926825.414,2026-08-05 17:47:05,GUIDED,True,-7.9263781,112.5949068,153.36,0.0,0.0,TRACKING_BUOY,393.38367364517165,73.38367364517165
1785926825.561,2026-08-05 17:47:05,GUIDED,True,-7.9263761,112.5949068,153.35,0.0,0.0,TRACKING_BUOY,385.2877552338787,65.28775523387873
1785926825.711,2026-08-05 17:47:05,GUIDED,True,-7.9263761,112.5949068,153.33,0.0,0.0,TRACKING_BUOY,367.59081642540906,47.59081642540906
1785926825.880,2026-08-05 17:47:05,GUIDED,True,-7.9263745,112.5949002,153.32,0.0,0.0,TRACKING_BUOY,341.6931123190568,21.69311231905681
1785926826.024,2026-08-05 17:47:06,GUIDED,True,-7.9263757,112.5948937,153.31,0.0,0.0,TRACKING_BUOY,308.7698342392926,-11.230165760707393
1785926826.190,2026-08-05 17:47:06,GUIDED,True,-7.9263771,112.5948852,153.31,0.0,0.0,TRACKING_BUOY,279.57737567946947,-40.42262432053053
1785926826.331,2026-08-05 17:47:06,GUIDED,True,-7.9263768,112.5948823,153.31,0.0,0.0,TRACKING_BUOY,255.8080317596021,-64.1919682403979
1785926826.481,2026-08-05 17:47:06,GUIDED,True,-7.9263768,112.5948823,153.31,0.0,0.0,TRACKING_BUOY,236.1060238197016,-83.89397618029841
1785926826.630,2026-08-05 17:47:06,GUIDED,True,-7.9263759,112.5948785,153.29,0.0,0.0,TRACKING_BUOY,221.2045178647762,-98.7954821352238
1785926826.774,2026-08-05 17:47:06,GUIDED,True,-7.9263736,112.5948794,153.3,0.0,0.0,TRACKING_BUOY,210.15338839858214,-109.84661160141786
1785926826.920,2026-08-05 17:47:06,GUIDED,True,-7.9263734,112.5948794,153.3,0.0,0.0,TRACKING_BUOY,202.8650412989366,-117.1349587010634
1785926827.072,2026-08-05 17:47:07,GUIDED,True,-7.9263734,112.5948794,153.29,0.0,0.0,TRACKING_BUOY,197.89878097420245,-122.10121902579755
1785926827.224,2026-08-05 17:47:07,GUIDED,True,-7.9263729,112.5948785,153.31,0.0,0.0,TRACKING_BUOY,195.42408573065183,-124.57591426934817
1785926827.371,2026-08-05 17:47:07,GUIDED,True,-7.9263752,112.594873,153.31,0.0,0.0,TRACKING_BUOY,194.94306429798888,-125.05693570201112
1785926827.525,2026-08-05 17:47:07,GUIDED,True,-7.926375,112.5948707,153.31,0.0,0.0,TRACKING_BUOY,198.20729822349165,-121.79270177650835
1785926827.673,2026-08-05 17:47:07,GUIDED,True,-7.926375,112.5948707,153.31,0.0,0.0,TRACKING_BUOY,207.65547366761874,-112.34452633238126
1785926827.820,2026-08-05 17:47:07,GUIDED,True,-7.9263736,112.5948692,153.32,0.0,0.0,TRACKING_BUOY,217.36660525071406,-102.63339474928594
1785926827.967,2026-08-05 17:47:07,GUIDED,True,-7.9263696,112.5948672,153.31,0.0,0.0,TRACKING_BUOY,225.02495393803554,-94.97504606196446
1785926828.111,2026-08-05 17:47:08,GUIDED,True,-7.9263696,112.5948672,153.31,0.0,0.0,TRACKING_BUOY,230.26871545352665,-89.73128454647335
1785926828.271,2026-08-05 17:47:08,GUIDED,True,-7.926365,112.5948648,153.3,0.0,0.0,TRACKING_BUOY,234.326536590145,-85.673463409855
1785926828.421,2026-08-05 17:47:08,GUIDED,True,-7.9263623,112.5948649,153.3,0.0,0.0,TRACKING_BUOY,237.24490244260875,-82.75509755739125
1785926828.571,2026-08-05 17:47:08,GUIDED,True,-7.9263591,112.5948639,153.31,0.0,0.0,TRACKING_BUOY,238.55867683195657,-81.44132316804343
1785926828.717,2026-08-05 17:47:08,GUIDED,True,-7.9263568,112.5948602,153.31,0.0,0.0,TRACKING_BUOY,240.16900762396745,-79.83099237603255
1785926828.863,2026-08-05 17:47:08,GUIDED,True,-7.9263568,112.5948602,153.31,0.0,0.0,TRACKING_BUOY,242.50175571797558,-77.49824428202442
1785926829.010,2026-08-05 17:47:09,GUIDED,True,-7.9263543,112.5948545,153.31,0.0,0.0,TRACKING_BUOY,247.6263167884817,-72.37368321151831
1785926829.170,2026-08-05 17:47:09,GUIDED,True,-7.9263511,112.5948499,153.29,0.0,0.0,TRACKING_BUOY,255.34473759136125,-64.65526240863875
1785926829.320,2026-08-05 17:47:09,GUIDED,True,-7.9263465,112.5948489,153.28,0.0,0.0,TRACKING_BUOY,265.8835531935209,-54.116446806479075
1785926829.471,2026-08-05 17:47:09,GUIDED,True,-7.9263465,112.5948489,153.29,0.0,0.0,TRACKING_BUOY,278.91266489514067,-41.087335104859335
1785926829.619,2026-08-05 17:47:09,GUIDED,True,-7.9263431,112.5948502,153.28,0.0,0.0,TRACKING_BUOY,293.5594986713555,-26.440501328644473
1785926829.769,2026-08-05 17:47:09,GUIDED,True,-7.9263403,112.5948501,153.28,0.0,0.0,TRACKING_BUOY,,
1785926829.916,2026-08-05 17:47:09,GUIDED,True,-7.926338,112.5948535,153.28,0.0,0.0,TRACKING_BUOY,,
1785926830.063,2026-08-05 17:47:10,GUIDED,True,-7.926338,112.5948535,153.29,0.0,0.0,TRACKING_BUOY,,
1785926830.207,2026-08-05 17:47:10,GUIDED,True,-7.9263357,112.5948545,153.28,0.0,0.0,TRACKING_BUOY,,
1785926830.356,2026-08-05 17:47:10,GUIDED,True,-7.9263339,112.5948561,153.29,0.0,0.0,TRACKING_BUOY,,
1785926830.504,2026-08-05 17:47:10,GUIDED,True,-7.9263339,112.5948561,153.3,0.0,0.0,TRACKING_BUOY,,
1785926830.653,2026-08-05 17:47:10,GUIDED,True,-7.9263333,112.5948521,153.29,0.0,0.0,TRACKING_BUOY,,
1785926830.799,2026-08-05 17:47:10,GUIDED,True,-7.9263293,112.5948586,153.3,0.0,0.0,TRACKING_BUOY,,
1785926830.942,2026-08-05 17:47:10,GUIDED,True,-7.9263238,112.5948675,153.29,0.0,0.0,TRACKING_BUOY,374.5,54.5
1785926831.094,2026-08-05 17:47:11,GUIDED,True,-7.9263238,112.5948675,153.29,0.0,0.0,TRACKING_BUOY,375.375,55.375
1785926831.248,2026-08-05 17:47:11,GUIDED,True,-7.9263191,112.594872,153.28,0.0,0.0,TRACKING_BUOY,378.40625,58.40625
1785926831.394,2026-08-05 17:47:11,GUIDED,True,-7.9263182,112.5948718,153.27,0.0,0.0,TRACKING_BUOY,381.9296875,61.9296875
1785926831.538,2026-08-05 17:47:11,GUIDED,True,-7.9263198,112.5948722,153.29,0.0,0.0,TRACKING_BUOY,383.822265625,63.822265625
1785926831.687,2026-08-05 17:47:11,GUIDED,True,-7.9263198,112.5948722,153.28,0.0,0.0,TRACKING_BUOY,385.36669921875,65.36669921875
1785926831.836,2026-08-05 17:47:11,GUIDED,True,-7.9263176,112.594874,153.28,0.0,0.0,TRACKING_BUOY,387.1500244140625,67.1500244140625
1785926831.985,2026-08-05 17:47:11,GUIDED,True,-7.9263167,112.5948788,153.27,0.0,0.0,TRACKING_BUOY,388.6125183105469,68.61251831054688
1785926832.130,2026-08-05 17:47:12,GUIDED,True,-7.9263174,112.5948807,153.27,0.0,0.0,TRACKING_BUOY,389.70938873291016,69.70938873291016
1785926832.275,2026-08-05 17:47:12,GUIDED,True,-7.9263174,112.5948807,153.26,0.0,0.0,TRACKING_BUOY,391.2820415496826,71.28204154968262
1785926832.427,2026-08-05 17:47:12,GUIDED,True,-7.9263185,112.5948803,153.25,0.0,0.0,TRACKING_BUOY,,
1785926832.575,2026-08-05 17:47:12,GUIDED,True,-7.9263195,112.5948796,153.25,0.0,0.0,TRACKING_BUOY,,
1785926832.740,2026-08-05 17:47:12,GUIDED,True,-7.926322,112.5948757,153.25,0.0,0.0,TRACKING_BUOY,,
1785926832.887,2026-08-05 17:47:12,GUIDED,True,-7.926322,112.5948757,153.23,0.0,0.0,TRACKING_BUOY,,
1785926833.037,2026-08-05 17:47:13,GUIDED,True,-7.926325,112.5948696,153.25,0.0,0.0,TRACKING_BUOY,,
1785926833.187,2026-08-05 17:47:13,GUIDED,True,-7.9263279,112.5948643,153.24,0.0,0.0,TRACKING_BUOY,,
1785926833.339,2026-08-05 17:47:13,GUIDED,True,-7.9263295,112.594861,153.22,0.0,0.0,TRACKING_BUOY,199.5,-120.5
1785926833.486,2026-08-05 17:47:13,GUIDED,True,-7.9263295,112.594861,153.22,0.0,0.0,TRACKING_BUOY,200.875,-119.125
1785926833.637,2026-08-05 17:47:13,GUIDED,True,-7.9263294,112.5948581,153.22,0.0,0.0,TRACKING_BUOY,202.78125,-117.21875
1785926833.785,2026-08-05 17:47:13,GUIDED,True,-7.9263295,112.5948563,153.22,0.0,0.0,TRACKING_BUOY,204.7109375,-115.2890625
1785926833.934,2026-08-05 17:47:13,GUIDED,True,-7.926331,112.5948559,153.23,0.0,0.0,TRACKING_BUOY,206.908203125,-113.091796875
1785926834.077,2026-08-05 17:47:14,GUIDED,True,-7.926331,112.5948559,153.23,0.0,0.0,TRACKING_BUOY,209.18115234375,-110.81884765625
1785926834.225,2026-08-05 17:47:14,GUIDED,True,-7.926333,112.5948555,153.23,0.0,0.0,TRACKING_BUOY,211.5108642578125,-108.4891357421875
1785926834.371,2026-08-05 17:47:14,GUIDED,True,-7.9263354,112.5948581,153.22,0.0,0.0,TRACKING_BUOY,,
1785926834.524,2026-08-05 17:47:14,GUIDED,True,-7.9263368,112.5948519,153.21,0.0,0.0,TRACKING_BUOY,,
1785926834.674,2026-08-05 17:47:14,GUIDED,True,-7.9263368,112.5948519,153.2,0.0,0.0,TRACKING_BUOY,,
1785926834.819,2026-08-05 17:47:14,GUIDED,True,-7.9263371,112.5948467,153.21,0.0,0.0,TRACKING_BUOY,,
1785926834.960,2026-08-05 17:47:14,GUIDED,True,-7.9263336,112.5948474,153.21,0.0,0.0,TRACKING_BUOY,,
1785926835.123,2026-08-05 17:47:15,GUIDED,True,-7.9263314,112.594849,153.21,0.0,0.0,TRACKING_BUOY,,
1785926835.267,2026-08-05 17:47:15,GUIDED,True,-7.9263314,112.594849,153.2,0.0,0.0,TRACKING_BUOY,,
1785926835.410,2026-08-05 17:47:15,GUIDED,True,-7.9263327,112.5948491,153.21,0.0,0.0,TRACKING_BUOY,,
1785926835.557,2026-08-05 17:47:15,GUIDED,True,-7.9263353,112.5948449,153.2,0.0,0.0,TRACKING_BUOY,393.5,73.5
1785926835.702,2026-08-05 17:47:15,GUIDED,True,-7.9263353,112.5948449,153.2,0.0,0.0,TRACKING_BUOY,389.75,69.75
1785926835.843,2026-08-05 17:47:15,GUIDED,True,-7.9263337,112.5948471,153.18,0.0,0.0,TRACKING_BUOY,385.9375,65.9375
1785926835.992,2026-08-05 17:47:15,GUIDED,True,-7.9263305,112.5948513,153.18,0.0,0.0,TRACKING_BUOY,383.203125,63.203125
1785926836.145,2026-08-05 17:47:16,GUIDED,True,-7.9263287,112.5948499,153.18,0.0,0.0,TRACKING_BUOY,380.02734375,60.02734375
1785926836.289,2026-08-05 17:47:16,GUIDED,True,-7.9263287,112.5948499,153.18,0.0,0.0,TRACKING_BUOY,376.6455078125,56.6455078125
1785926836.440,2026-08-05 17:47:16,GUIDED,True,-7.926327,112.5948411,153.16,0.0,0.0,TRACKING_BUOY,373.109130859375,53.109130859375
1785926836.601,2026-08-05 17:47:16,GUIDED,True,-7.9263243,112.5948321,153.17,0.0,0.0,TRACKING_BUOY,367.45684814453125,47.45684814453125
1785926836.748,2026-08-05 17:47:16,GUIDED,True,-7.926323,112.5948266,153.17,0.0,0.0,TRACKING_BUOY,356.46763610839844,36.46763610839844
1785926836.893,2026-08-05 17:47:16,GUIDED,True,-7.926323,112.5948266,153.17,0.0,0.0,TRACKING_BUOY,343.1007270812988,23.100727081298828
1785926837.045,2026-08-05 17:47:17,GUIDED,True,-7.9263221,112.5948207,153.15,0.0,0.0,TRACKING_BUOY,327.3255453109741,7.325545310974121
1785926837.195,2026-08-05 17:47:17,GUIDED,True,-7.9263212,112.5948154,153.13,0.0,0.0,TRACKING_BUOY,311.1191589832306,-8.88084101676941
1785926837.341,2026-08-05 17:47:17,GUIDED,True,-7.9263205,112.594814,153.13,0.0,0.0,TRACKING_BUOY,293.46436923742294,-26.535630762577057
1785926837.481,2026-08-05 17:47:17,GUIDED,True,-7.9263205,112.594814,153.12,0.0,0.0,TRACKING_BUOY,277.5982769280672,-42.40172307193279
1785926837.625,2026-08-05 17:47:17,GUIDED,True,-7.9263179,112.5948205,153.12,0.0,0.0,TRACKING_BUOY,264.4487076960504,-55.551292303949594
1785926837.773,2026-08-05 17:47:17,GUIDED,True,-7.9263164,112.5948219,153.11,0.0,0.0,TRACKING_BUOY,254.0865307720378,-65.9134692279622
1785926837.917,2026-08-05 17:47:17,GUIDED,True,-7.9263146,112.5948252,153.11,0.0,0.0,TRACKING_BUOY,246.31489807902835,-73.68510192097165
1785926838.062,2026-08-05 17:47:18,GUIDED,True,-7.9263146,112.5948252,153.11,0.0,0.0,TRACKING_BUOY,240.98617355927126,-79.01382644072874
1785926838.211,2026-08-05 17:47:18,GUIDED,True,-7.9263136,112.5948296,153.11,0.0,0.0,TRACKING_BUOY,238.11463016945345,-81.88536983054655
1785926838.364,2026-08-05 17:47:18,GUIDED,True,-7.9263136,112.5948321,153.12,0.0,0.0,TRACKING_BUOY,239.3359726270901,-80.66402737290991
1785926838.509,2026-08-05 17:47:18,GUIDED,True,-7.9263136,112.5948321,153.13,0.0,0.0,TRACKING_BUOY,244.62697947031756,-75.37302052968244
1785926838.655,2026-08-05 17:47:18,GUIDED,True,-7.9263126,112.5948341,153.13,0.0,0.0,TRACKING_BUOY,254.72023460273817,-65.27976539726183
1785926838.794,2026-08-05 17:47:18,GUIDED,True,-7.9263131,112.5948349,153.14,0.0,0.0,TRACKING_BUOY,271.29017595205363,-48.70982404794637
1785926838.937,2026-08-05 17:47:18,GUIDED,True,-7.9263109,112.5948382,153.13,0.0,0.0,TRACKING_BUOY,288.9676319640402,-31.03236803595979
1785926839.094,2026-08-05 17:47:19,GUIDED,True,-7.9263109,112.5948382,153.13,0.0,0.0,TRACKING_BUOY,306.35072397303014,-13.649276026969858
1785926839.241,2026-08-05 17:47:19,GUIDED,True,-7.9263084,112.5948415,153.14,0.0,0.0,TRACKING_BUOY,321.1380429797726,1.1380429797725924
1785926839.392,2026-08-05 17:47:19,GUIDED,True,-7.9263079,112.5948475,153.14,0.0,0.0,TRACKING_BUOY,,
1785926839.539,2026-08-05 17:47:19,GUIDED,True,-7.9263063,112.5948479,153.16,0.0,0.0,TRACKING_BUOY,,
1785926839.687,2026-08-05 17:47:19,GUIDED,True,-7.9263063,112.5948479,153.16,0.0,0.0,TRACKING_BUOY,,
1785926839.828,2026-08-05 17:47:19,GUIDED,True,-7.9263051,112.5948442,153.16,0.0,0.0,TRACKING_BUOY,,
1785926839.975,2026-08-05 17:47:19,GUIDED,True,-7.9263046,112.5948389,153.18,0.0,0.0,TRACKING_BUOY,,
1785926840.125,2026-08-05 17:47:20,GUIDED,True,-7.9263034,112.5948384,153.15,0.0,0.0,TRACKING_BUOY,,
1785926840.277,2026-08-05 17:47:20,GUIDED,True,-7.9263034,112.5948384,153.14,0.0,0.0,TRACKING_BUOY,,
1785926840.425,2026-08-05 17:47:20,GUIDED,True,-7.9263031,112.5948415,153.14,0.0,0.0,TRACKING_BUOY,,
1785926840.583,2026-08-05 17:47:20,GUIDED,True,-7.9263031,112.594848,153.14,0.0,0.0,TRACKING_BUOY,,
1785926840.726,2026-08-05 17:47:20,GUIDED,True,-7.9263028,112.5948501,153.15,0.0,0.0,TRACKING_BUOY,,
1785926840.871,2026-08-05 17:47:20,GUIDED,True,-7.9263028,112.5948501,153.17,0.0,0.0,TRACKING_BUOY,,
1785926841.012,2026-08-05 17:47:21,GUIDED,True,-7.9263009,112.5948482,153.16,0.0,0.0,TRACKING_BUOY,,
1785926841.161,2026-08-05 17:47:21,GUIDED,True,-7.9263,112.5948493,153.16,0.0,0.0,TRACKING_BUOY,,
1785926841.305,2026-08-05 17:47:21,GUIDED,True,-7.9263,112.5948493,153.15,0.0,0.0,TRACKING_BUOY,,
1785926841.480,2026-08-05 17:47:21,GUIDED,True,-7.9262986,112.5948524,153.15,0.0,0.0,TRACKING_BUOY,,
1785926841.629,2026-08-05 17:47:21,GUIDED,True,-7.9262969,112.5948554,153.14,0.0,0.0,TRACKING_BUOY,,
1785926841.771,2026-08-05 17:47:21,GUIDED,True,-7.9262951,112.5948573,153.14,0.0,0.0,TRACKING_BUOY,,
1785926841.916,2026-08-05 17:47:21,GUIDED,True,-7.9262921,112.594864,153.16,0.0,0.0,TRACKING_BUOY,,
1785926842.057,2026-08-05 17:47:22,GUIDED,True,-7.9262921,112.594864,153.16,0.0,0.0,TRACKING_BUOY,,
1785926842.199,2026-08-05 17:47:22,GUIDED,True,-7.9262899,112.5948674,153.16,0.0,0.0,TRACKING_BUOY,,
1785926842.342,2026-08-05 17:47:22,GUIDED,True,-7.9262886,112.5948699,153.17,0.0,0.0,TRACKING_BUOY,,
1785926842.492,2026-08-05 17:47:22,GUIDED,False,-7.9262886,112.5948699,153.15,0.0,0.0,TRACKING_BUOY,,
1785926842.644,2026-08-05 17:47:22,GUIDED,False,-7.9262892,112.5948675,153.15,0.0,0.0,TRACKING_BUOY,,
1785926842.807,2026-08-05 17:47:22,GUIDED,False,-7.9262858,112.5948739,153.16,0.0,0.0,TRACKING_BUOY,,
1785926842.952,2026-08-05 17:47:22,GUIDED,False,-7.9262823,112.5948782,153.15,0.0,0.0,TRACKING_BUOY,,
1785926843.100,2026-08-05 17:47:23,GUIDED,False,-7.9262823,112.5948782,153.13,0.0,0.0,TRACKING_BUOY,,
1785926843.245,2026-08-05 17:47:23,GUIDED,False,-7.9262806,112.5948835,153.13,0.0,0.0,TRACKING_BUOY,,
1785926843.401,2026-08-05 17:47:23,GUIDED,False,-7.9262803,112.5948866,153.13,0.0,0.0,TRACKING_BUOY,,
1785926843.549,2026-08-05 17:47:23,GUIDED,False,-7.926281,112.5948878,153.1,0.0,0.0,TRACKING_BUOY,,
1785926843.697,2026-08-05 17:47:23,GUIDED,False,-7.926281,112.5948878,153.1,0.0,0.0,TRACKING_BUOY,,
1785926843.839,2026-08-05 17:47:23,GUIDED,False,-7.9262807,112.5948894,153.11,0.0,0.0,TRACKING_BUOY,,
1785926843.978,2026-08-05 17:47:23,GUIDED,False,-7.9262792,112.59489,153.11,0.0,0.0,TRACKING_BUOY,,
1785926844.121,2026-08-05 17:47:24,GUIDED,False,-7.9262792,112.59489,153.1,0.0,0.0,TRACKING_BUOY,,
1785926844.265,2026-08-05 17:47:24,GUIDED,False,-7.9262777,112.5948915,153.09,0.0,0.0,TRACKING_BUOY,,
1785926844.415,2026-08-05 17:47:24,GUIDED,False,-7.926277,112.5948953,153.1,0.0,0.0,TRACKING_BUOY,,
1785926844.562,2026-08-05 17:47:24,GUIDED,True,-7.9262749,112.5948959,153.1,0.0,0.0,TRACKING_BUOY,,
1785926844.725,2026-08-05 17:47:24,GUIDED,True,-7.9262749,112.5948959,153.1,0.0,0.0,TRACKING_BUOY,,
1785926844.902,2026-08-05 17:47:24,GUIDED,True,-7.9262723,112.5948969,153.1,0.0,0.0,TRACKING_BUOY,,
1785926845.043,2026-08-05 17:47:25,GUIDED,True,-7.9262707,112.5949012,153.08,0.0,0.0,TRACKING_BUOY,,
1785926845.190,2026-08-05 17:47:25,GUIDED,True,-7.9262713,112.5949071,153.07,0.0,0.0,TRACKING_BUOY,,
1785926845.332,2026-08-05 17:47:25,GUIDED,True,-7.9262713,112.5949071,153.06,0.0,0.0,TRACKING_BUOY,,
1785926845.480,2026-08-05 17:47:25,GUIDED,True,-7.9262693,112.5949132,153.05,0.0,0.0,TRACKING_BUOY,,
1785926845.624,2026-08-05 17:47:25,GUIDED,True,-7.9262665,112.5949129,153.06,0.0,0.0,TRACKING_BUOY,,
1785926845.766,2026-08-05 17:47:25,GUIDED,True,-7.9262652,112.5949118,153.07,0.0,0.0,TRACKING_BUOY,,
1785926845.907,2026-08-05 17:47:25,GUIDED,True,-7.9262652,112.5949118,153.08,0.0,0.0,TRACKING_BUOY,,
1785926846.049,2026-08-05 17:47:26,GUIDED,True,-7.9262645,112.5949113,153.09,0.0,0.0,TRACKING_BUOY,,
1785926846.192,2026-08-05 17:47:26,GUIDED,True,-7.9262606,112.5949078,153.08,0.0,0.0,TRACKING_BUOY,,
1785926846.342,2026-08-05 17:47:26,GUIDED,True,-7.9262561,112.5949044,153.07,0.0,0.0,TRACKING_BUOY,,
1785926846.512,2026-08-05 17:47:26,GUIDED,True,-7.9262561,112.5949044,153.08,0.0,0.0,TRACKING_BUOY,,
1785926846.672,2026-08-05 17:47:26,GUIDED,True,-7.9262542,112.5948996,153.09,0.0,0.0,TRACKING_BUOY,,
1785926846.819,2026-08-05 17:47:26,GUIDED,True,-7.926256,112.5948938,153.08,0.0,0.0,TRACKING_BUOY,,
1785926846.967,2026-08-05 17:47:26,GUIDED,True,-7.9262567,112.5948895,153.09,0.0,0.0,TRACKING_BUOY,,
1785926847.108,2026-08-05 17:47:27,GUIDED,True,-7.9262567,112.5948895,153.07,0.0,0.0,TRACKING_BUOY,,
1785926847.259,2026-08-05 17:47:27,GUIDED,True,-7.9262561,112.5948892,153.09,0.0,0.0,TRACKING_BUOY,,
1785926847.400,2026-08-05 17:47:27,GUIDED,True,-7.9262549,112.594888,153.08,0.0,0.0,TRACKING_BUOY,,
1785926847.546,2026-08-05 17:47:27,GUIDED,True,-7.9262542,112.594891,153.08,0.0,0.0,TRACKING_BUOY,,
1785926847.693,2026-08-05 17:47:27,GUIDED,True,-7.9262542,112.594891,153.07,0.0,0.0,TRACKING_BUOY,,
1785926847.896,2026-08-05 17:47:27,GUIDED,True,-7.926254,112.5948933,153.08,0.0,0.0,TRACKING_BUOY,,
1785926848.062,2026-08-05 17:47:28,GUIDED,True,-7.9262529,112.5948988,153.08,0.0,0.0,TRACKING_BUOY,,
1785926848.255,2026-08-05 17:47:28,GUIDED,True,-7.9262517,112.5949017,153.09,0.0,0.0,TRACKING_BUOY,,
1785926848.487,2026-08-05 17:47:28,GUIDED,True,-7.9262494,112.5949079,153.09,0.0,0.0,TRACKING_BUOY,,
1785926848.640,2026-08-05 17:47:28,GUIDED,True,-7.9262476,112.5949143,153.09,0.0,0.0,TRACKING_BUOY,,
1785926848.784,2026-08-05 17:47:28,GUIDED,True,-7.9262469,112.5949218,153.09,0.0,0.0,TRACKING_BUOY,,
1785926848.926,2026-08-05 17:47:28,GUIDED,True,-7.9262469,112.5949218,153.08,0.0,0.0,TRACKING_BUOY,,
1785926849.078,2026-08-05 17:47:29,GUIDED,True,-7.9262469,112.5949218,153.08,0.0,0.0,TRACKING_BUOY,,
1785926849.234,2026-08-05 17:47:29,GUIDED,True,-7.9262463,112.5949282,153.06,0.0,0.0,TRACKING_BUOY,,
1785926849.381,2026-08-05 17:47:29,GUIDED,True,-7.9262458,112.5949345,153.03,0.0,0.0,TRACKING_BUOY,,
1785926849.519,2026-08-05 17:47:29,GUIDED,True,-7.9262452,112.5949412,153.03,0.0,0.0,TRACKING_BUOY,,
1785926849.678,2026-08-05 17:47:29,GUIDED,True,-7.9262452,112.5949482,153.03,0.0,0.0,TRACKING_BUOY,,
1785926849.843,2026-08-05 17:47:29,GUIDED,True,-7.9262452,112.5949482,153.02,0.0,0.0,TRACKING_BUOY,,
1785926849.997,2026-08-05 17:47:29,GUIDED,True,-7.9262454,112.5949533,153.01,0.0,0.0,TRACKING_BUOY,,
1785926850.150,2026-08-05 17:47:30,GUIDED,True,-7.9262454,112.5949533,153.01,0.0,0.0,TRACKING_BUOY,,
1785926850.298,2026-08-05 17:47:30,GUIDED,True,-7.9262448,112.594935,152.99,0.0,0.0,TRACKING_BUOY,,
1785926850.441,2026-08-05 17:47:30,GUIDED,True,-7.9262426,112.5949396,152.99,0.0,0.0,TRACKING_BUOY,,
1785926850.587,2026-08-05 17:47:30,GUIDED,True,-7.9262409,112.5949423,152.98,0.0,0.0,TRACKING_BUOY,,
1785926850.749,2026-08-05 17:47:30,GUIDED,True,-7.9262409,112.5949423,152.97,0.0,0.0,TRACKING_BUOY,,
1785926850.892,2026-08-05 17:47:30,GUIDED,True,-7.9262405,112.5949391,152.97,0.0,0.0,TRACKING_BUOY,,
1785926851.051,2026-08-05 17:47:31,GUIDED,True,-7.92624,112.5949355,152.97,0.0,0.0,TRACKING_BUOY,,
1785926851.193,2026-08-05 17:47:31,GUIDED,True,-7.92624,112.5949355,152.97,0.0,0.0,TRACKING_BUOY,,
1785926851.346,2026-08-05 17:47:31,GUIDED,True,-7.9262384,112.5949267,152.96,0.0,0.0,TRACKING_BUOY,,
1785926851.628,2026-08-05 17:47:31,GUIDED,True,-7.9262362,112.5949227,152.95,0.0,0.0,TRACKING_BUOY,,
1785926851.898,2026-08-05 17:47:31,GUIDED,True,-7.9262293,112.5949095,152.94,0.0,0.0,TRACKING_BUOY,,
1785926852.108,2026-08-05 17:47:32,GUIDED,True,-7.9262293,112.5949095,152.94,0.0,0.0,TRACKING_BUOY,,
1785926852.284,2026-08-05 17:47:32,GUIDED,True,-7.9262255,112.5949053,152.93,0.0,0.0,TRACKING_BUOY,,
1785926852.514,2026-08-05 17:47:32,GUIDED,True,-7.9262209,112.5949054,152.93,0.0,0.0,TRACKING_BUOY,,
1785926852.682,2026-08-05 17:47:32,GUIDED,True,-7.9262209,112.5949054,152.93,0.0,0.0,TRACKING_BUOY,,
1785926852.824,2026-08-05 17:47:32,GUIDED,True,-7.9262209,112.5949054,152.94,0.0,0.0,TRACKING_BUOY,,
1785926852.981,2026-08-05 17:47:32,GUIDED,True,-7.9262187,112.5949056,152.93,0.0,0.0,TRACKING_BUOY,,
1785926853.191,2026-08-05 17:47:33,GUIDED,True,-7.9262163,112.5949051,152.92,0.0,0.0,TRACKING_BUOY,,
1785926853.356,2026-08-05 17:47:33,GUIDED,True,-7.9262106,112.594904,152.91,0.0,0.0,TRACKING_BUOY,,
1785926853.511,2026-08-05 17:47:33,GUIDED,True,-7.9262106,112.594904,152.92,0.0,0.0,TRACKING_BUOY,,
1785926853.661,2026-08-05 17:47:33,GUIDED,True,-7.9262083,112.5949027,152.93,0.0,0.0,TRACKING_BUOY,,
1785926853.806,2026-08-05 17:47:33,GUIDED,True,-7.9262062,112.594901,152.93,0.0,0.0,TRACKING_BUOY,,
1785926853.960,2026-08-05 17:47:33,GUIDED,True,-7.9262062,112.594901,152.93,0.0,0.0,TRACKING_BUOY,,
1785926854.124,2026-08-05 17:47:34,GUIDED,True,-7.9262044,112.5949017,152.93,0.0,0.0,TRACKING_BUOY,,
1785926854.285,2026-08-05 17:47:34,GUIDED,True,-7.9262035,112.5949009,152.91,0.0,0.0,TRACKING_BUOY,,
1785926854.455,2026-08-05 17:47:34,GUIDED,True,-7.9262012,112.5948985,152.92,0.0,0.0,TRACKING_BUOY,,
1785926854.602,2026-08-05 17:47:34,GUIDED,True,-7.9262012,112.5948985,152.93,0.0,0.0,TRACKING_BUOY,,
1785926854.743,2026-08-05 17:47:34,GUIDED,True,-7.9262004,112.5948974,152.95,0.0,0.0,TRACKING_BUOY,,
1785926854.903,2026-08-05 17:47:34,GUIDED,True,-7.9261941,112.5948973,152.94,0.0,0.0,TRACKING_BUOY,,
1785926855.046,2026-08-05 17:47:35,GUIDED,True,-7.9261941,112.5948973,152.94,0.0,0.0,TRACKING_BUOY,,
1785926855.217,2026-08-05 17:47:35,GUIDED,True,-7.9261801,112.5948932,152.94,0.0,0.0,TRACKING_BUOY,,
1785926855.362,2026-08-05 17:47:35,GUIDED,True,-7.9261801,112.5948932,152.94,0.0,0.0,TRACKING_BUOY,,
1785926855.504,2026-08-05 17:47:35,GUIDED,True,-7.9261734,112.5948915,152.94,0.0,0.0,TRACKING_BUOY,,
1785926855.644,2026-08-05 17:47:35,GUIDED,True,-7.9261686,112.594889,152.92,0.0,0.0,TRACKING_BUOY,,
1785926855.786,2026-08-05 17:47:35,GUIDED,True,-7.9261686,112.594889,152.92,0.0,0.0,TRACKING_BUOY,,
1785926855.933,2026-08-05 17:47:35,GUIDED,True,-7.9261639,112.5948868,152.92,0.0,0.0,TRACKING_BUOY,,
1785926856.080,2026-08-05 17:47:36,GUIDED,True,-7.9261639,112.5948868,152.92,0.0,0.0,TRACKING_BUOY,,
1785926856.224,2026-08-05 17:47:36,GUIDED,True,-7.9261639,112.5948868,152.93,0.0,0.0,TRACKING_BUOY,,
1785926856.361,2026-08-05 17:47:36,GUIDED,True,-7.9261639,112.5948868,152.94,0.0,0.0,TRACKING_BUOY,,
1785926856.509,2026-08-05 17:47:36,GUIDED,True,-7.9261639,112.5948868,152.94,0.0,0.0,TRACKING_BUOY,,
1785926856.670,2026-08-05 17:47:36,GUIDED,True,-7.9261639,112.5948868,152.92,0.0,0.0,TRACKING_BUOY,,
1785926856.809,2026-08-05 17:47:36,GUIDED,True,-7.9261639,112.5948868,152.93,0.0,0.0,TRACKING_BUOY,,
1785926856.953,2026-08-05 17:47:36,GUIDED,True,-7.9261639,112.5948868,152.92,0.0,0.0,TRACKING_BUOY,,
1785926857.097,2026-08-05 17:47:37,GUIDED,True,-7.9261639,112.5948868,152.92,0.0,0.0,TRACKING_BUOY,,
1785926857.239,2026-08-05 17:47:37,GUIDED,True,-7.9261639,112.5948868,152.93,0.0,0.0,TRACKING_BUOY,,
1785926857.385,2026-08-05 17:47:37,GUIDED,True,-7.9261639,112.5948868,152.94,0.0,0.0,TRACKING_BUOY,,
1785926857.529,2026-08-05 17:47:37,GUIDED,True,-7.9261639,112.5948868,152.96,0.0,0.0,TRACKING_BUOY,,
1785926857.672,2026-08-05 17:47:37,GUIDED,True,-7.9261639,112.5948868,152.95,0.0,0.0,TRACKING_BUOY,,
1785926857.818,2026-08-05 17:47:37,GUIDED,True,-7.9261639,112.5948868,152.96,0.0,0.0,TRACKING_BUOY,,
1785926857.964,2026-08-05 17:47:37,GUIDED,True,-7.9261639,112.5948868,152.95,0.0,0.0,TRACKING_BUOY,,
1785926858.109,2026-08-05 17:47:38,GUIDED,True,-7.9261639,112.5948868,152.95,0.0,0.0,TRACKING_BUOY,,
1785926858.254,2026-08-05 17:47:38,GUIDED,True,-7.9261639,112.5948868,152.96,0.0,0.0,TRACKING_BUOY,,
1785926858.408,2026-08-05 17:47:38,GUIDED,True,-7.9261639,112.5948868,152.96,0.0,0.0,TRACKING_BUOY,,
1785926858.554,2026-08-05 17:47:38,GUIDED,True,-7.9261639,112.5948868,152.95,0.0,0.0,TRACKING_BUOY,,
1785926858.706,2026-08-05 17:47:38,GUIDED,True,-7.9261639,112.5948868,152.94,0.0,0.0,TRACKING_BUOY,,
1785926858.857,2026-08-05 17:47:38,GUIDED,True,-7.9261639,112.5948868,152.94,0.0,0.0,TRACKING_BUOY,,
1785926859.008,2026-08-05 17:47:39,GUIDED,True,-7.9261639,112.5948868,152.94,0.0,0.0,TRACKING_BUOY,,
1785926859.155,2026-08-05 17:47:39,GUIDED,True,-7.9261639,112.5948868,152.92,0.0,0.0,TRACKING_BUOY,,
1785926859.300,2026-08-05 17:47:39,GUIDED,True,-7.9261639,112.5948868,152.91,0.0,0.0,TRACKING_BUOY,,
1785926859.447,2026-08-05 17:47:39,GUIDED,True,-7.9261639,112.5948868,152.9,0.0,0.0,TRACKING_BUOY,,
1785926859.594,2026-08-05 17:47:39,GUIDED,True,-7.9261639,112.5948868,152.91,0.0,0.0,TRACKING_BUOY,,
1785926859.737,2026-08-05 17:47:39,GUIDED,True,-7.9261639,112.5948868,152.91,0.0,0.0,TRACKING_BUOY,,
1785926859.886,2026-08-05 17:47:39,GUIDED,True,-7.9261639,112.5948868,152.91,0.0,0.0,TRACKING_BUOY,,
1785926860.039,2026-08-05 17:47:40,GUIDED,True,-7.9261639,112.5948868,152.92,0.0,0.0,TRACKING_BUOY,,
1785926860.190,2026-08-05 17:47:40,GUIDED,True,-7.9261639,112.5948868,152.92,0.0,0.0,TRACKING_BUOY,,
1785926860.342,2026-08-05 17:47:40,GUIDED,True,-7.9261639,112.5948868,152.92,0.0,0.0,TRACKING_BUOY,,
1785926860.493,2026-08-05 17:47:40,GUIDED,True,-7.9261639,112.5948868,152.92,0.0,0.0,TRACKING_BUOY,,
1785926860.641,2026-08-05 17:47:40,GUIDED,True,-7.9261639,112.5948868,152.95,0.0,0.0,TRACKING_BUOY,,
1785926860.786,2026-08-05 17:47:40,GUIDED,True,-7.9261639,112.5948868,152.96,0.0,0.0,TRACKING_BUOY,,
1785926860.933,2026-08-05 17:47:40,GUIDED,True,-7.9261639,112.5948868,152.96,0.0,0.0,TRACKING_BUOY,,
1785926861.121,2026-08-05 17:47:41,GUIDED,True,-7.9261639,112.5948868,152.96,0.0,0.0,TRACKING_BUOY,,
1785926861.258,2026-08-05 17:47:41,GUIDED,True,-7.9261639,112.5948868,152.95,0.0,0.0,TRACKING_BUOY,,
1785926861.402,2026-08-05 17:47:41,GUIDED,True,-7.9261639,112.5948868,152.95,0.0,0.0,TRACKING_BUOY,,
1785926861.546,2026-08-05 17:47:41,GUIDED,True,-7.9261639,112.5948868,152.94,0.0,0.0,TRACKING_BUOY,,
1785926861.693,2026-08-05 17:47:41,GUIDED,True,-7.9261639,112.5948868,152.94,0.0,0.0,TRACKING_BUOY,,
1785926861.864,2026-08-05 17:47:41,GUIDED,True,-7.9261639,112.5948868,152.94,0.0,0.0,TRACKING_BUOY,,
1785926862.009,2026-08-05 17:47:42,GUIDED,True,-7.9261639,112.5948868,152.92,0.0,0.0,TRACKING_BUOY,,
1785926862.176,2026-08-05 17:47:42,GUIDED,True,-7.9261639,112.5948868,152.92,0.0,0.0,TRACKING_BUOY,,
1785926862.320,2026-08-05 17:47:42,GUIDED,True,-7.9261639,112.5948868,152.92,0.0,0.0,TRACKING_BUOY,,
1785926862.467,2026-08-05 17:47:42,GUIDED,True,-7.9261639,112.5948868,152.92,0.0,0.0,TRACKING_BUOY,,
1785926862.608,2026-08-05 17:47:42,GUIDED,True,-7.9261639,112.5948868,152.91,0.0,0.0,TRACKING_BUOY,,
1785926862.747,2026-08-05 17:47:42,GUIDED,True,-7.9261952,112.5949018,152.92,0.0,0.0,TRACKING_BUOY,,
1785926862.889,2026-08-05 17:47:42,GUIDED,True,-7.9261952,112.5949018,152.92,0.0,0.0,TRACKING_BUOY,,
1785926863.040,2026-08-05 17:47:43,GUIDED,True,-7.9261952,112.5949018,152.93,0.0,0.0,TRACKING_BUOY,,
1785926863.197,2026-08-05 17:47:43,GUIDED,True,-7.9261952,112.5949018,152.93,0.0,0.0,TRACKING_BUOY,,
1785926863.342,2026-08-05 17:47:43,GUIDED,True,-7.9261952,112.5949018,152.93,0.0,0.0,TRACKING_BUOY,,
1785926863.488,2026-08-05 17:47:43,GUIDED,True,-7.9261952,112.5949018,152.93,0.0,0.0,TRACKING_BUOY,,
1785926863.663,2026-08-05 17:47:43,GUIDED,True,-7.9261952,112.5949018,152.91,0.0,0.0,TRACKING_BUOY,,
1785926863.831,2026-08-05 17:47:43,GUIDED,True,-7.9261952,112.5949018,152.9,0.0,0.0,TRACKING_BUOY,,
1785926863.996,2026-08-05 17:47:43,GUIDED,True,-7.9261952,112.5949018,152.92,0.0,0.0,TRACKING_BUOY,,
1785926864.141,2026-08-05 17:47:44,GUIDED,True,-7.9261952,112.5949018,152.9,0.0,0.0,TRACKING_BUOY,,
1785926864.288,2026-08-05 17:47:44,GUIDED,True,-7.9261952,112.5949018,152.9,0.0,0.0,TRACKING_BUOY,,
1785926864.433,2026-08-05 17:47:44,GUIDED,True,-7.9261952,112.5949018,152.91,0.0,0.0,TRACKING_BUOY,,
1785926864.577,2026-08-05 17:47:44,GUIDED,True,-7.9261952,112.5949018,152.91,0.0,0.0,TRACKING_BUOY,,
1785926864.723,2026-08-05 17:47:44,GUIDED,True,-7.9261952,112.5949018,152.92,0.0,0.0,TRACKING_BUOY,,
1785926864.867,2026-08-05 17:47:44,GUIDED,True,-7.9261952,112.5949018,152.93,0.0,0.0,TRACKING_BUOY,,
1785926865.013,2026-08-05 17:47:45,GUIDED,True,-7.9261952,112.5949018,152.95,0.0,0.0,TRACKING_BUOY,,
1785926865.163,2026-08-05 17:47:45,GUIDED,True,-7.9261952,112.5949018,152.95,0.0,0.0,TRACKING_BUOY,,
1785926865.307,2026-08-05 17:47:45,GUIDED,True,-7.9261952,112.5949018,152.95,0.0,0.0,TRACKING_BUOY,,
1785926865.454,2026-08-05 17:47:45,GUIDED,True,-7.9261952,112.5949018,152.95,0.0,0.0,TRACKING_BUOY,,
1785926865.598,2026-08-05 17:47:45,GUIDED,True,-7.9261952,112.5949018,152.94,0.0,0.0,TRACKING_BUOY,,
1785926865.746,2026-08-05 17:47:45,GUIDED,True,-7.9261952,112.5949018,152.93,0.0,0.0,TRACKING_BUOY,193.0,-127.0
1785926865.889,2026-08-05 17:47:45,GUIDED,True,-7.9261952,112.5949018,152.93,0.0,0.0,TRACKING_BUOY,197.75,-122.25
1785926866.044,2026-08-05 17:47:46,GUIDED,True,-7.9261952,112.5949018,152.91,0.0,0.0,TRACKING_BUOY,221.1875,-98.8125
1785926866.196,2026-08-05 17:47:46,GUIDED,True,-7.9261952,112.5949018,152.91,0.0,0.0,TRACKING_BUOY,239.390625,-80.609375
1785926866.341,2026-08-05 17:47:46,GUIDED,True,-7.9261952,112.5949018,152.92,0.0,0.0,TRACKING_BUOY,254.54296875,-65.45703125
1785926866.487,2026-08-05 17:47:46,GUIDED,True,-7.9261952,112.5949018,152.94,0.0,0.0,TRACKING_BUOY,267.2822265625,-52.7177734375
1785926866.628,2026-08-05 17:47:46,GUIDED,True,-7.9261952,112.5949018,152.94,0.0,0.0,TRACKING_BUOY,276.711669921875,-43.288330078125
1785926866.796,2026-08-05 17:47:46,GUIDED,True,-7.9261952,112.5949018,152.94,0.0,0.0,TRACKING_BUOY,275.28375244140625,-44.71624755859375
1785926866.946,2026-08-05 17:47:46,GUIDED,True,-7.9261952,112.5949018,152.94,0.0,0.0,TRACKING_BUOY,281.8378143310547,-38.16218566894531
1785926867.094,2026-08-05 17:47:47,GUIDED,True,-7.9261952,112.5949018,152.93,0.0,0.0,TRACKING_BUOY,286.628360748291,-33.371639251708984
1785926867.240,2026-08-05 17:47:47,GUIDED,True,-7.9261952,112.5949018,152.95,0.0,0.0,TRACKING_BUOY,281.22127056121826,-38.77872943878174
1785926867.390,2026-08-05 17:47:47,GUIDED,True,-7.9261952,112.5949018,152.97,0.0,0.0,TRACKING_BUOY,284.5409529209137,-35.459047079086304
1785926867.537,2026-08-05 17:47:47,GUIDED,True,-7.9261952,112.5949018,152.95,0.0,0.0,TRACKING_BUOY,285.0307146906853,-34.96928530931473
1785926867.685,2026-08-05 17:47:47,GUIDED,True,-7.9261952,112.5949018,152.96,0.0,0.0,TRACKING_BUOY,283.52303601801395,-36.476963981986046
1785926867.833,2026-08-05 17:47:47,GUIDED,True,-7.9261952,112.5949018,152.93,0.0,0.0,TRACKING_BUOY,279.14227701351047,-40.857722986489534
1785926867.974,2026-08-05 17:47:47,GUIDED,True,-7.9261952,112.5949018,152.93,0.0,0.0,TRACKING_BUOY,274.10670776013285,-45.89329223986715
1785926868.127,2026-08-05 17:47:48,GUIDED,True,-7.9261952,112.5949018,152.94,0.0,0.0,TRACKING_BUOY,270.08003082009964,-49.91996917990036
1785926868.270,2026-08-05 17:47:48,GUIDED,True,-7.9261952,112.5949018,152.94,0.0,0.0,TRACKING_BUOY,267.5600231150747,-52.43997688492527
1785926868.426,2026-08-05 17:47:48,GUIDED,True,-7.9261952,112.5949018,152.93,0.0,0.0,TRACKING_BUOY,266.17001733630605,-53.829982663693954
1785926868.576,2026-08-05 17:47:48,GUIDED,True,-7.9261952,112.5949018,152.94,0.0,0.0,TRACKING_BUOY,265.62751300222953,-54.372486997770466
1785926868.724,2026-08-05 17:47:48,GUIDED,True,-7.9261952,112.5949018,152.94,0.0,0.0,TRACKING_BUOY,265.22063475167215,-54.77936524832785
1785926868.870,2026-08-05 17:47:48,GUIDED,True,-7.9261952,112.5949018,152.94,0.0,0.0,TRACKING_BUOY,264.7904760637541,-55.20952393624589
1785926869.020,2026-08-05 17:47:49,GUIDED,True,-7.9261952,112.5949018,152.94,0.0,0.0,TRACKING_BUOY,265.2178570478156,-54.782142952184415
1785926869.168,2026-08-05 17:47:49,GUIDED,True,-7.9261952,112.5949018,152.95,0.0,0.0,TRACKING_BUOY,271.4133927858617,-48.586607214138326
1785926869.314,2026-08-05 17:47:49,GUIDED,True,-7.9261952,112.5949018,152.95,0.0,0.0,TRACKING_BUOY,275.3100445893963,-44.689955410603716
1785926869.466,2026-08-05 17:47:49,GUIDED,True,-7.9261952,112.5949018,152.96,0.0,0.0,TRACKING_BUOY,291.6075334420472,-28.392466557952787
1785926869.610,2026-08-05 17:47:49,GUIDED,True,-7.9261952,112.5949018,152.95,0.0,0.0,TRACKING_BUOY,309.2056500815354,-10.794349918464604
1785926869.755,2026-08-05 17:47:49,GUIDED,True,-7.9261952,112.5949018,152.93,0.0,0.0,TRACKING_BUOY,321.15423756115155,1.1542375611515467
1785926869.897,2026-08-05 17:47:49,GUIDED,True,-7.9261952,112.5949018,152.92,0.0,0.0,TRACKING_BUOY,339.36567817086365,19.365678170863646
1785926870.041,2026-08-05 17:47:50,GUIDED,True,-7.9261952,112.5949018,152.92,0.0,0.0,TRACKING_BUOY,354.3992586281477,34.39925862814772
1785926870.192,2026-08-05 17:47:50,GUIDED,True,-7.9261952,112.5949018,152.91,0.0,0.0,TRACKING_BUOY,366.7994439711108,46.799443971110804
1785926870.336,2026-08-05 17:47:50,GUIDED,True,-7.9261952,112.5949018,152.9,0.0,0.0,TRACKING_BUOY,377.3495829783331,57.3495829783331
1785926870.480,2026-08-05 17:47:50,GUIDED,True,-7.9261952,112.5949018,152.89,0.0,0.0,TRACKING_BUOY,382.26218723374984,62.26218723374984
1785926870.622,2026-08-05 17:47:50,GUIDED,True,-7.9261952,112.5949018,152.86,0.0,0.0,TRACKING_BUOY,392.69664042531235,72.69664042531235
1785926870.770,2026-08-05 17:47:50,GUIDED,True,-7.9261952,112.5949018,152.85,0.0,0.0,TRACKING_BUOY,397.27248031898426,77.27248031898426
1785926870.921,2026-08-05 17:47:50,GUIDED,True,-7.9261952,112.5949018,152.85,0.0,0.0,TRACKING_BUOY,,
1785926871.066,2026-08-05 17:47:51,GUIDED,True,-7.9261952,112.5949018,152.85,0.0,0.0,TRACKING_BUOY,442.0,122.0
1785926871.216,2026-08-05 17:47:51,GUIDED,True,-7.9261952,112.5949018,152.85,0.0,0.0,TRACKING_BUOY,442.75,122.75
1785926871.363,2026-08-05 17:47:51,GUIDED,True,-7.9261952,112.5949018,152.84,0.0,0.0,TRACKING_BUOY,443.5625,123.5625
1785926871.507,2026-08-05 17:47:51,GUIDED,True,-7.9261952,112.5949018,152.84,0.0,0.0,TRACKING_BUOY,443.921875,123.921875
1785926871.656,2026-08-05 17:47:51,GUIDED,True,-7.9261952,112.5949018,152.86,0.0,0.0,TRACKING_BUOY,442.94140625,122.94140625
1785926871.805,2026-08-05 17:47:51,GUIDED,True,-7.9261952,112.5949018,152.85,0.0,0.0,TRACKING_BUOY,438.9560546875,118.9560546875
1785926871.983,2026-08-05 17:47:51,GUIDED,True,-7.9261952,112.5949018,152.86,0.0,0.0,TRACKING_BUOY,432.592041015625,112.592041015625
1785926872.139,2026-08-05 17:47:52,GUIDED,True,-7.9261952,112.5949018,152.87,0.0,0.0,TRACKING_BUOY,425.44403076171875,105.44403076171875
1785926872.284,2026-08-05 17:47:52,GUIDED,True,-7.9261952,112.5949018,152.86,0.0,0.0,TRACKING_BUOY,420.33302307128906,100.33302307128906
1785926872.425,2026-08-05 17:47:52,GUIDED,True,-7.9261952,112.5949018,152.84,0.0,0.0,TRACKING_BUOY,417.3747673034668,97.3747673034668
1785926872.576,2026-08-05 17:47:52,GUIDED,True,-7.9261952,112.5949018,152.83,0.0,0.0,TRACKING_BUOY,416.5310754776001,96.5310754776001
1785926872.722,2026-08-05 17:47:52,GUIDED,True,-7.9261952,112.5949018,152.83,0.0,0.0,TRACKING_BUOY,417.2733066082001,97.27330660820007
1785926872.871,2026-08-05 17:47:52,GUIDED,True,-7.9261952,112.5949018,152.85,0.0,0.0,TRACKING_BUOY,419.45497995615005,99.45497995615005
1785926873.011,2026-08-05 17:47:53,GUIDED,True,-7.9261952,112.5949018,152.84,0.0,0.0,TRACKING_BUOY,422.84123496711254,102.84123496711254
1785926873.160,2026-08-05 17:47:53,GUIDED,True,-7.9261952,112.5949018,152.83,0.0,0.0,TRACKING_BUOY,425.5059262253344,105.5059262253344
1785926873.307,2026-08-05 17:47:53,GUIDED,True,-7.9261952,112.5949018,152.83,0.0,0.0,TRACKING_BUOY,426.5044446690008,106.5044446690008
1785926873.458,2026-08-05 17:47:53,GUIDED,True,-7.9261952,112.5949018,152.81,0.0,0.0,TRACKING_BUOY,424.0033335017506,104.0033335017506
1785926873.608,2026-08-05 17:47:53,GUIDED,True,-7.9261952,112.5949018,152.82,0.0,0.0,TRACKING_BUOY,416.75250012631295,96.75250012631295
1785926873.749,2026-08-05 17:47:53,GUIDED,True,-7.9261952,112.5949018,152.81,0.0,0.0,TRACKING_BUOY,402.8143750947347,82.81437509473471
1785926873.892,2026-08-05 17:47:53,GUIDED,True,-7.9261952,112.5949018,152.82,0.0,0.0,TRACKING_BUOY,384.86078132105104,64.86078132105104
1785926874.034,2026-08-05 17:47:54,GUIDED,True,-7.9261952,112.5949018,152.81,0.0,0.0,TRACKING_BUOY,364.8955859907883,44.89558599078828
1785926874.186,2026-08-05 17:47:54,GUIDED,True,-7.9261952,112.5949018,152.81,0.0,0.0,TRACKING_BUOY,343.9216894930912,23.921689493091208
1785926874.330,2026-08-05 17:47:54,GUIDED,True,-7.9261952,112.5949018,152.79,0.0,0.0,TRACKING_BUOY,318.9412671198184,-1.0587328801815943
1785926874.478,2026-08-05 17:47:54,GUIDED,True,-7.9261952,112.5949018,152.79,0.0,0.0,TRACKING_BUOY,300.9559503398638,-19.04404966013618
1785926874.630,2026-08-05 17:47:54,GUIDED,True,-7.9261952,112.5949018,152.8,0.0,0.0,TRACKING_BUOY,283.59196275489785,-36.40803724510215
1785926874.780,2026-08-05 17:47:54,GUIDED,True,-7.9261952,112.5949018,152.79,0.0,0.0,TRACKING_BUOY,269.1939720661734,-50.80602793382661
1785926874.932,2026-08-05 17:47:54,GUIDED,True,-7.9261952,112.5949018,152.8,0.0,0.0,TRACKING_BUOY,251.64547904963004,-68.35452095036996
1785926875.081,2026-08-05 17:47:55,GUIDED,True,-7.9261952,112.5949018,152.8,0.0,0.0,TRACKING_BUOY,238.48410928722254,-81.51589071277746
1785926875.239,2026-08-05 17:47:55,GUIDED,True,-7.9261952,112.5949018,152.8,0.0,0.0,TRACKING_BUOY,227.8630819654169,-92.13691803458309
1785926875.391,2026-08-05 17:47:55,GUIDED,True,-7.9261952,112.5949018,152.79,0.0,0.0,TRACKING_BUOY,219.8973114740627,-100.10268852593731
1785926875.546,2026-08-05 17:47:55,GUIDED,True,-7.9261952,112.5949018,152.79,0.0,0.0,TRACKING_BUOY,214.42298360554702,-105.57701639445298
1785926875.696,2026-08-05 17:47:55,GUIDED,True,-7.9261952,112.5949018,152.8,0.0,0.0,TRACKING_BUOY,211.06723770416028,-108.93276229583972
1785926875.839,2026-08-05 17:47:55,GUIDED,True,-7.9261952,112.5949018,152.8,0.0,0.0,TRACKING_BUOY,209.0504282781202,-110.9495717218798
1785926875.984,2026-08-05 17:47:55,GUIDED,True,-7.9261952,112.5949018,152.8,0.0,0.0,TRACKING_BUOY,207.78782120859015,-112.21217879140985
1785926876.133,2026-08-05 17:47:56,GUIDED,True,-7.9261952,112.5949018,152.82,0.0,0.0,TRACKING_BUOY,213.59086590644262,-106.40913409355738
1785926876.283,2026-08-05 17:47:56,GUIDED,True,-7.9261952,112.5949018,152.81,0.0,0.0,TRACKING_BUOY,218.94314942983198,-101.05685057016802
1785926876.431,2026-08-05 17:47:56,GUIDED,True,-7.9261952,112.5949018,152.79,0.0,0.0,TRACKING_BUOY,223.082362072374,-96.917637927626
1785926876.577,2026-08-05 17:47:56,GUIDED,True,-7.9261952,112.5949018,152.77,0.0,0.0,TRACKING_BUOY,225.81177155428048,-94.18822844571952
1785926876.727,2026-08-05 17:47:56,GUIDED,True,-7.9261952,112.5949018,152.76,0.0,0.0,TRACKING_BUOY,227.73382866571035,-92.26617133428965
1785926876.885,2026-08-05 17:47:56,GUIDED,True,-7.9261952,112.5949018,152.74,0.0,0.0,TRACKING_BUOY,228.92537149928276,-91.07462850071724
1785926877.080,2026-08-05 17:47:57,GUIDED,True,-7.9261952,112.5949018,152.76,0.0,0.0,TRACKING_BUOY,229.69402862446208,-90.30597137553792
1785926877.227,2026-08-05 17:47:57,GUIDED,True,-7.9261952,112.5949018,152.77,0.0,0.0,TRACKING_BUOY,230.52052146834654,-89.47947853165346
1785926877.373,2026-08-05 17:47:57,GUIDED,True,-7.9261952,112.5949018,152.76,0.0,0.0,TRACKING_BUOY,231.14039110125992,-88.85960889874008
1785926877.521,2026-08-05 17:47:57,GUIDED,True,-7.9261952,112.5949018,152.74,0.0,0.0,TRACKING_BUOY,232.10529332594496,-87.89470667405504
1785926877.671,2026-08-05 17:47:57,GUIDED,True,-7.9261952,112.5949018,152.73,0.0,0.0,TRACKING_BUOY,234.5789699944587,-85.4210300055413
1785926877.812,2026-08-05 17:47:57,GUIDED,True,-7.9261952,112.5949018,152.74,0.0,0.0,TRACKING_BUOY,242.05922749584403,-77.94077250415597
1785926877.958,2026-08-05 17:47:57,GUIDED,True,-7.9261952,112.5949018,152.73,0.0,0.0,TRACKING_BUOY,251.54442062188303,-68.45557937811697
1785926878.108,2026-08-05 17:47:58,GUIDED,True,-7.9261952,112.5949018,152.74,0.0,0.0,TRACKING_BUOY,258.65831546641226,-61.34168453358774
1785926878.256,2026-08-05 17:47:58,GUIDED,True,-7.9261952,112.5949018,152.73,0.0,0.0,TRACKING_BUOY,267.2437365998092,-52.75626340019079
1785926878.420,2026-08-05 17:47:58,GUIDED,True,-7.9261952,112.5949018,152.72,0.0,0.0,TRACKING_BUOY,285.1828024498569,-34.81719755014308
1785926878.563,2026-08-05 17:47:58,GUIDED,True,-7.9261952,112.5949018,152.71,0.0,0.0,TRACKING_BUOY,302.7621018373927,-17.23789816260728
1785926878.712,2026-08-05 17:47:58,GUIDED,True,-7.9261952,112.5949018,152.7,0.0,0.0,TRACKING_BUOY,317.57157637804454,-2.42842362195546
1785926878.857,2026-08-05 17:47:58,GUIDED,True,-7.9261952,112.5949018,152.68,0.0,0.0,TRACKING_BUOY,329.5536822835334,9.55368228353342
1785926879.010,2026-08-05 17:47:59,GUIDED,True,-7.9261952,112.5949018,152.67,0.0,0.0,TRACKING_BUOY,339.2902617126501,19.29026171265008
1785926879.160,2026-08-05 17:47:59,GUIDED,True,-7.9261952,112.5949018,152.68,0.0,0.0,TRACKING_BUOY,347.59269628448754,27.592696284487545
1785926879.305,2026-08-05 17:47:59,GUIDED,True,-7.9261952,112.5949018,152.69,0.0,0.0,TRACKING_BUOY,354.31952221336564,34.319522213365644
1785926879.456,2026-08-05 17:47:59,GUIDED,True,-7.9261952,112.5949018,152.67,0.0,0.0,TRACKING_BUOY,358.98964166002423,38.98964166002423
1785926879.600,2026-08-05 17:47:59,GUIDED,True,-7.9261952,112.5949018,152.66,0.0,0.0,TRACKING_BUOY,361.36723124501816,41.36723124501816
1785926879.743,2026-08-05 17:47:59,GUIDED,True,-7.9261952,112.5949018,152.65,0.0,0.0,TRACKING_BUOY,361.02542343376365,41.02542343376365
1785926879.889,2026-08-05 17:47:59,GUIDED,True,-7.9261952,112.5949018,152.64,0.0,0.0,TRACKING_BUOY,358.26906757532277,38.269067575322765
1785926880.034,2026-08-05 17:48:00,GUIDED,True,-7.9261952,112.5949018,152.62,0.0,0.0,TRACKING_BUOY,352.20180068149205,32.201800681492045
1785926880.179,2026-08-05 17:48:00,GUIDED,True,-7.9261952,112.5949018,152.62,0.0,0.0,TRACKING_BUOY,342.90135051111906,22.901350511119063
1785926880.326,2026-08-05 17:48:00,GUIDED,True,-7.9261952,112.5949018,152.6,0.0,0.0,TRACKING_BUOY,331.3010128833393,11.301012883339297
1785926880.470,2026-08-05 17:48:00,GUIDED,True,-7.9261952,112.5949018,152.59,0.0,0.0,TRACKING_BUOY,317.97575966250446,-2.0242403374955416
1785926880.617,2026-08-05 17:48:00,GUIDED,True,-7.9261952,112.5949018,152.58,0.0,0.0,TRACKING_BUOY,302.10681974687833,-17.89318025312167
1785926880.763,2026-08-05 17:48:00,GUIDED,True,-7.9261952,112.5949018,152.58,0.0,0.0,TRACKING_BUOY,288.45511481015876,-31.54488518984124
1785926880.909,2026-08-05 17:48:00,GUIDED,True,-7.9261952,112.5949018,152.59,0.0,0.0,TRACKING_BUOY,276.9663361076191,-43.0336638923809
1785926881.055,2026-08-05 17:48:01,GUIDED,True,-7.9261952,112.5949018,152.6,0.0,0.0,TRACKING_BUOY,267.9747520807143,-52.025247919285675
1785926881.213,2026-08-05 17:48:01,GUIDED,True,-7.9261952,112.5949018,152.61,0.0,0.0,TRACKING_BUOY,260.98106406053574,-59.01893593946426
1785926881.383,2026-08-05 17:48:01,GUIDED,True,-7.9261952,112.5949018,152.59,0.0,0.0,TRACKING_BUOY,255.6107980454018,-64.3892019545982
1785926881.598,2026-08-05 17:48:01,GUIDED,True,-7.9261952,112.5949018,152.57,0.0,0.0,TRACKING_BUOY,251.45809853405135,-68.54190146594865
1785926881.828,2026-08-05 17:48:01,GUIDED,True,-7.9261952,112.5949018,152.59,0.0,0.0,TRACKING_BUOY,247.8435739005385,-72.1564260994615
1785926882.008,2026-08-05 17:48:02,GUIDED,True,-7.9261952,112.5949018,152.58,0.0,0.0,TRACKING_BUOY,245.50768042540386,-74.49231957459614
1785926882.229,2026-08-05 17:48:02,GUIDED,True,-7.9261952,112.5949018,152.59,0.0,0.0,TRACKING_BUOY,246.7557603190529,-73.24423968094709
1785926882.382,2026-08-05 17:48:02,GUIDED,True,-7.9261952,112.5949018,152.6,0.0,0.0,TRACKING_BUOY,253.31682023928968,-66.68317976071032
1785926882.529,2026-08-05 17:48:02,GUIDED,True,-7.9261952,112.5949018,152.6,0.0,0.0,TRACKING_BUOY,262.9876151794673,-57.0123848205327
1785926882.676,2026-08-05 17:48:02,GUIDED,True,-7.9261952,112.5949018,152.59,0.0,0.0,TRACKING_BUOY,278.61571138460044,-41.384288615399555
1785926882.825,2026-08-05 17:48:02,GUIDED,True,-7.9261952,112.5949018,152.61,0.0,0.0,TRACKING_BUOY,295.96178353845033,-24.038216461549666
1785926882.977,2026-08-05 17:48:02,GUIDED,True,-7.9261952,112.5949018,152.62,0.0,0.0,TRACKING_BUOY,314.09633765383774,-5.903662346162264
1785926883.127,2026-08-05 17:48:03,GUIDED,True,-7.9261952,112.5949018,152.63,0.0,0.0,TRACKING_BUOY,332.4472532403783,12.447253240378302
1785926883.271,2026-08-05 17:48:03,GUIDED,True,-7.9261952,112.5949018,152.63,0.0,0.0,TRACKING_BUOY,349.9604399302837,29.960439930283712
1785926883.425,2026-08-05 17:48:03,GUIDED,True,-7.9261952,112.5949018,152.64,0.0,0.0,TRACKING_BUOY,367.7203299477128,47.7203299477128
1785926883.575,2026-08-05 17:48:03,GUIDED,True,-7.9261952,112.5949018,152.62,0.0,0.0,TRACKING_BUOY,383.4152474607846,63.4152474607846
1785926883.718,2026-08-05 17:48:03,GUIDED,True,-7.9261952,112.5949018,152.64,0.0,0.0,TRACKING_BUOY,397.3114355955885,77.31143559558848
1785926883.860,2026-08-05 17:48:03,GUIDED,True,-7.9261952,112.5949018,152.63,0.0,0.0,TRACKING_BUOY,408.60857669669133,88.60857669669133
1785926884.012,2026-08-05 17:48:04,GUIDED,True,-7.9261952,112.5949018,152.64,0.0,0.0,TRACKING_BUOY,422.9564325225185,102.95643252251853
1785926884.159,2026-08-05 17:48:04,GUIDED,True,-7.9261952,112.5949018,152.64,0.0,0.0,TRACKING_BUOY,434.2173243918889,114.2173243918889
1785926884.312,2026-08-05 17:48:04,GUIDED,True,-7.9261952,112.5949018,152.65,0.0,0.0,TRACKING_BUOY,438.78799329391666,118.78799329391666
1785926884.470,2026-08-05 17:48:04,GUIDED,True,-7.9261952,112.5949018,152.63,0.0,0.0,TRACKING_BUOY,445.84099497043746,125.84099497043746
1785926884.617,2026-08-05 17:48:04,GUIDED,True,-7.9261952,112.5949018,152.65,0.0,0.0,TRACKING_BUOY,449.3807462278281,129.38074622782813
1785926884.760,2026-08-05 17:48:04,GUIDED,True,-7.9261952,112.5949018,152.66,0.0,0.0,TRACKING_BUOY,445.16055967087107,125.16055967087107
1785926884.913,2026-08-05 17:48:04,GUIDED,True,-7.9261952,112.5949018,152.67,0.0,0.0,TRACKING_BUOY,437.3704197531533,117.37041975315333
1785926885.075,2026-08-05 17:48:05,GUIDED,True,-7.9261952,112.5949018,152.66,0.0,0.0,TRACKING_BUOY,425.527814814865,105.527814814865
1785926885.238,2026-08-05 17:48:05,GUIDED,True,-7.9261952,112.5949018,152.65,0.0,0.0,TRACKING_BUOY,406.14586111114875,86.14586111114875
1785926885.388,2026-08-05 17:48:05,GUIDED,True,-7.9261952,112.5949018,152.65,0.0,0.0,TRACKING_BUOY,386.10939583336153,66.10939583336153
1785926885.533,2026-08-05 17:48:05,GUIDED,True,-7.9261952,112.5949018,152.62,0.0,0.0,TRACKING_BUOY,366.95704687502115,46.95704687502115
1785926885.681,2026-08-05 17:48:05,GUIDED,True,-7.9261952,112.5949018,152.64,0.0,0.0,TRACKING_BUOY,348.96778515626585,28.967785156265847
1785926885.825,2026-08-05 17:48:05,GUIDED,True,-7.9261952,112.5949018,152.65,0.0,0.0,TRACKING_BUOY,333.4758388671994,13.4758388671994
1785926885.972,2026-08-05 17:48:05,GUIDED,True,-7.9261952,112.5949018,152.65,0.0,0.0,TRACKING_BUOY,320.23187915039955,0.23187915039954987
1785926886.114,2026-08-05 17:48:06,GUIDED,True,-7.9261952,112.5949018,152.65,0.0,0.0,TRACKING_BUOY,308.2989093627997,-11.70109063720031
1785926886.260,2026-08-05 17:48:06,GUIDED,True,-7.9261952,112.5949018,152.67,0.0,0.0,TRACKING_BUOY,297.59918202209974,-22.40081797790026
1785926886.402,2026-08-05 17:48:06,GUIDED,True,-7.9261952,112.5949018,152.67,0.0,0.0,TRACKING_BUOY,288.0743865165748,-31.925613483425195
1785926886.544,2026-08-05 17:48:06,GUIDED,True,-7.9261952,112.5949018,152.68,0.0,0.0,TRACKING_BUOY,278.3057898874311,-41.694210112568896
1785926886.694,2026-08-05 17:48:06,GUIDED,True,-7.9261952,112.5949018,152.68,0.0,0.0,TRACKING_BUOY,269.85434241557334,-50.14565758442666
1785926886.862,2026-08-05 17:48:06,GUIDED,True,-7.9261952,112.5949018,152.67,0.0,0.0,TRACKING_BUOY,262.51575681168003,-57.484243188319965
1785926887.010,2026-08-05 17:48:07,GUIDED,True,-7.9261952,112.5949018,152.66,0.0,0.0,TRACKING_BUOY,256.63681760876,-63.36318239124
1785926887.193,2026-08-05 17:48:07,GUIDED,True,-7.9261952,112.5949018,152.67,0.0,0.0,TRACKING_BUOY,252.35261320657,-67.64738679343
1785926887.338,2026-08-05 17:48:07,GUIDED,True,-7.9261952,112.5949018,152.67,0.0,0.0,TRACKING_BUOY,250.5144599049275,-69.48554009507251
1785926887.479,2026-08-05 17:48:07,GUIDED,True,-7.9261952,112.5949018,152.67,0.0,0.0,TRACKING_BUOY,251.13584492869563,-68.86415507130437
1785926887.629,2026-08-05 17:48:07,GUIDED,True,-7.9261952,112.5949018,152.66,0.0,0.0,TRACKING_BUOY,254.72688369652172,-65.27311630347828
1785926887.780,2026-08-05 17:48:07,GUIDED,True,-7.9261952,112.5949018,152.66,0.0,0.0,TRACKING_BUOY,261.1701627723913,-58.82983722760872
1785926887.926,2026-08-05 17:48:07,GUIDED,True,-7.9261952,112.5949018,152.66,0.0,0.0,TRACKING_BUOY,269.7526220792935,-50.247377920706526
1785926888.070,2026-08-05 17:48:08,GUIDED,True,-7.9261952,112.5949018,152.66,0.0,0.0,TRACKING_BUOY,281.43946655947013,-38.560533440529866
1785926888.215,2026-08-05 17:48:08,GUIDED,True,-7.9261952,112.5949018,152.67,0.0,0.0,TRACKING_BUOY,293.07959991960263,-26.92040008039737
1785926888.374,2026-08-05 17:48:08,GUIDED,True,-7.9261952,112.5949018,152.66,0.0,0.0,TRACKING_BUOY,304.559699939702,-15.440300060298
1785926888.522,2026-08-05 17:48:08,GUIDED,True,-7.9261952,112.5949018,152.65,0.0,0.0,TRACKING_BUOY,314.91977495477647,-5.0802250452235285
1785926888.667,2026-08-05 17:48:08,GUIDED,True,-7.9261952,112.5949018,152.65,0.0,0.0,TRACKING_BUOY,324.5648312160823,4.564831216082325
1785926888.818,2026-08-05 17:48:08,GUIDED,True,-7.9261952,112.5949018,152.66,0.0,0.0,TRACKING_BUOY,333.5486234120617,13.548623412061715
1785926888.957,2026-08-05 17:48:08,GUIDED,True,-7.9261952,112.5949018,152.68,0.0,0.0,TRACKING_BUOY,340.7864675590463,20.786467559046287
1785926889.107,2026-08-05 17:48:09,GUIDED,True,-7.9261952,112.5949018,152.68,0.0,0.0,TRACKING_BUOY,346.5898506692847,26.589850669284715
1785926889.256,2026-08-05 17:48:09,GUIDED,True,-7.9261952,112.5949018,152.69,0.0,0.0,TRACKING_BUOY,351.44238800196354,31.442388001963536
1785926889.404,2026-08-05 17:48:09,GUIDED,True,-7.9261952,112.5949018,152.68,0.0,0.0,TRACKING_BUOY,355.33179100147265,35.33179100147265
1785926889.559,2026-08-05 17:48:09,GUIDED,True,-7.9261952,112.5949018,152.68,0.0,0.0,TRACKING_BUOY,357.2488432511045,37.24884325110452
1785926889.708,2026-08-05 17:48:09,GUIDED,True,-7.9261952,112.5949018,152.67,0.0,0.0,TRACKING_BUOY,356.6866324383284,36.68663243832839
1785926889.857,2026-08-05 17:48:09,GUIDED,True,-7.9261952,112.5949018,152.68,0.0,0.0,TRACKING_BUOY,352.2649743287463,32.26497432874629
1785926890.005,2026-08-05 17:48:10,GUIDED,True,-7.9261952,112.5949018,152.68,0.0,0.0,TRACKING_BUOY,341.1987307465597,21.198730746559704
1785926890.155,2026-08-05 17:48:10,GUIDED,True,-7.9261952,112.5949018,152.69,0.0,0.0,TRACKING_BUOY,326.8990480599198,6.899048059919778
1785926890.303,2026-08-05 17:48:10,GUIDED,True,-7.9261952,112.5949018,152.68,0.0,0.0,TRACKING_BUOY,310.29928604493983,-9.700713955060166
1785926890.451,2026-08-05 17:48:10,GUIDED,True,-7.9261952,112.5949018,152.66,0.0,0.0,TRACKING_BUOY,292.59946453370486,-27.40053546629514
1785926890.606,2026-08-05 17:48:10,GUIDED,True,-7.9261952,112.5949018,152.66,0.0,0.0,TRACKING_BUOY,275.82459840027866,-44.17540159972134
1785926890.754,2026-08-05 17:48:10,GUIDED,True,-7.9261952,112.5949018,152.65,0.0,0.0,TRACKING_BUOY,259.61844880020897,-60.38155119979103
1785926890.901,2026-08-05 17:48:10,GUIDED,True,-7.9261952,112.5949018,152.66,0.0,0.0,TRACKING_BUOY,246.58883660015672,-73.41116339984328
1785926891.045,2026-08-05 17:48:11,GUIDED,True,-7.9261952,112.5949018,152.65,0.0,0.0,TRACKING_BUOY,236.44162745011755,-83.55837254988245
1785926891.191,2026-08-05 17:48:11,GUIDED,True,-7.9261952,112.5949018,152.64,0.0,0.0,TRACKING_BUOY,227.83122058758818,-92.16877941241182
1785926891.335,2026-08-05 17:48:11,GUIDED,True,-7.9261952,112.5949018,152.62,0.0,0.0,TRACKING_BUOY,220.24841544069113,-99.75158455930887
1785926891.476,2026-08-05 17:48:11,GUIDED,True,-7.9261952,112.5949018,152.63,0.0,0.0,TRACKING_BUOY,214.43631158051835,-105.56368841948165
1785926891.627,2026-08-05 17:48:11,GUIDED,True,-7.9261952,112.5949018,152.62,0.0,0.0,TRACKING_BUOY,209.57723368538876,-110.42276631461124
1785926891.777,2026-08-05 17:48:11,GUIDED,True,-7.9261952,112.5949018,152.62,0.0,0.0,TRACKING_BUOY,205.43292526404156,-114.56707473595844
1785926891.930,2026-08-05 17:48:11,GUIDED,True,-7.9261952,112.5949018,152.63,0.0,0.0,TRACKING_BUOY,201.69969394803115,-118.30030605196885
1785926892.074,2026-08-05 17:48:12,GUIDED,True,-7.9261952,112.5949018,152.61,0.0,0.0,TRACKING_BUOY,199.02477046102337,-120.97522953897663
1785926892.225,2026-08-05 17:48:12,GUIDED,True,-7.9261952,112.5949018,152.61,0.0,0.0,TRACKING_BUOY,198.01857784576754,-121.98142215423246
1785926892.374,2026-08-05 17:48:12,GUIDED,True,-7.9261952,112.5949018,152.61,0.0,0.0,TRACKING_BUOY,199.26393338432564,-120.73606661567436
1785926892.522,2026-08-05 17:48:12,GUIDED,True,-7.9261952,112.5949018,152.61,0.0,0.0,TRACKING_BUOY,203.32295003824424,-116.67704996175576
1785926892.669,2026-08-05 17:48:12,GUIDED,True,-7.9261952,112.5949018,152.61,0.0,0.0,TRACKING_BUOY,211.61721252868318,-108.38278747131682
1785926892.813,2026-08-05 17:48:12,GUIDED,True,-7.9261952,112.5949018,152.61,0.0,0.0,TRACKING_BUOY,221.96290939651237,-98.03709060348763
1785926892.961,2026-08-05 17:48:12,GUIDED,True,-7.9261952,112.5949018,152.61,0.0,0.0,TRACKING_BUOY,233.84718204738428,-86.15281795261572
1785926893.106,2026-08-05 17:48:13,GUIDED,True,-7.9261952,112.5949018,152.6,0.0,0.0,TRACKING_BUOY,247.1353865355382,-72.8646134644618
1785926893.252,2026-08-05 17:48:13,GUIDED,True,-7.9261952,112.5949018,152.6,0.0,0.0,TRACKING_BUOY,261.22653990165367,-58.773460098346334
1785926893.406,2026-08-05 17:48:13,GUIDED,True,-7.9261952,112.5949018,152.62,0.0,0.0,TRACKING_BUOY,275.16990492624024,-44.830095073759765
1785926893.554,2026-08-05 17:48:13,GUIDED,True,-7.9261952,112.5949018,152.63,0.0,0.0,TRACKING_BUOY,288.5024286946802,-31.49757130531981
1785926893.708,2026-08-05 17:48:13,GUIDED,True,-7.9261952,112.5949018,152.63,0.0,0.0,TRACKING_BUOY,299.87682152101013,-20.12317847898987
1785926893.853,2026-08-05 17:48:13,GUIDED,True,-7.9261952,112.5949018,152.63,0.0,0.0,TRACKING_BUOY,309.78261614075757,-10.217383859242432
1785926893.999,2026-08-05 17:48:13,GUIDED,True,-7.9261952,112.5949018,152.63,0.0,0.0,TRACKING_BUOY,319.9619621055682,-0.038037894431795394
1785926894.145,2026-08-05 17:48:14,GUIDED,True,-7.9261952,112.5949018,152.65,0.0,0.0,TRACKING_BUOY,329.0964715791762,9.096471579176182
1785926894.289,2026-08-05 17:48:14,GUIDED,True,-7.9261952,112.5949018,152.66,0.0,0.0,TRACKING_BUOY,337.19735368438216,17.197353684382165
1785926894.441,2026-08-05 17:48:14,GUIDED,True,-7.9261952,112.5949018,152.66,0.0,0.0,TRACKING_BUOY,343.77301526328665,23.773015263286652
1785926894.586,2026-08-05 17:48:14,GUIDED,True,-7.9261952,112.5949018,152.66,0.0,0.0,TRACKING_BUOY,349.954761447465,29.95476144746499
1785926894.728,2026-08-05 17:48:14,GUIDED,True,-7.9261952,112.5949018,152.65,0.0,0.0,TRACKING_BUOY,355.96607108559874,35.96607108559874
1785926894.874,2026-08-05 17:48:14,GUIDED,True,-7.9261952,112.5949018,152.66,0.0,0.0,TRACKING_BUOY,361.22455331419906,41.224553314199056
1785926895.026,2026-08-05 17:48:15,GUIDED,True,-7.9261952,112.5949018,152.65,0.0,0.0,TRACKING_BUOY,365.7934149856493,45.79341498564929
1785926895.172,2026-08-05 17:48:15,GUIDED,True,-7.9261952,112.5949018,152.65,0.0,0.0,TRACKING_BUOY,369.220061239237,49.220061239237
1785926895.319,2026-08-05 17:48:15,GUIDED,True,-7.9261952,112.5949018,152.64,0.0,0.0,TRACKING_BUOY,372.0400459294277,52.04004592942772
1785926895.471,2026-08-05 17:48:15,GUIDED,True,-7.9261952,112.5949018,152.65,0.0,0.0,TRACKING_BUOY,374.03003444707076,54.03003444707076
1785926895.623,2026-08-05 17:48:15,GUIDED,True,-7.9261952,112.5949018,152.67,0.0,0.0,TRACKING_BUOY,375.3975258353031,55.3975258353031
1785926895.774,2026-08-05 17:48:15,GUIDED,True,-7.9261952,112.5949018,152.67,0.0,0.0,TRACKING_BUOY,374.79814437647735,54.79814437647735
1785926895.918,2026-08-05 17:48:15,GUIDED,True,-7.9261952,112.5949018,152.66,0.0,0.0,TRACKING_BUOY,371.098608282358,51.098608282357986
1785926896.064,2026-08-05 17:48:16,GUIDED,True,-7.9261952,112.5949018,152.66,0.0,0.0,TRACKING_BUOY,360.0739562117685,40.07395621176852
1785926896.218,2026-08-05 17:48:16,GUIDED,True,-7.9261952,112.5949018,152.66,0.0,0.0,TRACKING_BUOY,345.0554671588264,25.05546715882639
1785926896.372,2026-08-05 17:48:16,GUIDED,True,-7.9261952,112.5949018,152.65,0.0,0.0,TRACKING_BUOY,327.0416003691198,7.041600369119806
1785926896.519,2026-08-05 17:48:16,GUIDED,True,-7.9261952,112.5949018,152.67,0.0,0.0,TRACKING_BUOY,307.40620027683985,-12.593799723160146
1785926896.665,2026-08-05 17:48:16,GUIDED,True,-7.9261952,112.5949018,152.66,0.0,0.0,TRACKING_BUOY,285.3046502076299,-34.69534979237011
1785926896.815,2026-08-05 17:48:16,GUIDED,True,-7.9261952,112.5949018,152.65,0.0,0.0,TRACKING_BUOY,266.2284876557224,-53.771512344277596
1785926896.990,2026-08-05 17:48:16,GUIDED,True,-7.9261952,112.5949018,152.65,0.0,0.0,TRACKING_BUOY,251.29636574179182,-68.70363425820818
1785926897.177,2026-08-05 17:48:17,GUIDED,True,-7.9261952,112.5949018,152.66,0.0,0.0,TRACKING_BUOY,242.34727430634388,-77.65272569365612
1785926897.361,2026-08-05 17:48:17,GUIDED,True,-7.9261952,112.5949018,152.67,0.0,0.0,TRACKING_BUOY,237.8854557297579,-82.1145442702421
1785926897.507,2026-08-05 17:48:17,GUIDED,True,-7.9261952,112.5949018,152.67,0.0,0.0,TRACKING_BUOY,239.0390917973184,-80.9609082026816
1785926897.650,2026-08-05 17:48:17,GUIDED,True,-7.9261952,112.5949018,152.67,0.0,0.0,TRACKING_BUOY,244.5293188479888,-75.4706811520112
1785926897.789,2026-08-05 17:48:17,GUIDED,True,-7.9261952,112.5949018,152.67,0.0,0.0,TRACKING_BUOY,255.7719891359916,-64.22801086400841
1785926897.928,2026-08-05 17:48:17,GUIDED,True,-7.9261952,112.5949018,152.67,0.0,0.0,TRACKING_BUOY,269.0789918519937,-50.92100814800631
1785926898.071,2026-08-05 17:48:18,GUIDED,True,-7.9261952,112.5949018,152.67,0.0,0.0,TRACKING_BUOY,283.6842438889953,-36.3157561110047
1785926898.216,2026-08-05 17:48:18,GUIDED,True,-7.9261952,112.5949018,152.66,0.0,0.0,TRACKING_BUOY,298.8881829167465,-21.111817083253527
1785926898.367,2026-08-05 17:48:18,GUIDED,True,-7.9261952,112.5949018,152.65,0.0,0.0,TRACKING_BUOY,314.29113718755985,-5.708862812440145
1785926898.511,2026-08-05 17:48:18,GUIDED,True,-7.9261952,112.5949018,152.64,0.0,0.0,TRACKING_BUOY,328.9683528906699,8.968352890669905
1785926898.661,2026-08-05 17:48:18,GUIDED,True,-7.9261952,112.5949018,152.64,0.0,0.0,TRACKING_BUOY,342.10126466800244,22.101264668002443
1785926898.816,2026-08-05 17:48:18,GUIDED,True,-7.9261952,112.5949018,152.64,0.0,0.0,TRACKING_BUOY,352.95094850100185,32.95094850100185
1785926898.958,2026-08-05 17:48:18,GUIDED,True,-7.9261952,112.5949018,152.64,0.0,0.0,TRACKING_BUOY,360.71321137575137,40.71321137575137
1785926899.108,2026-08-05 17:48:19,GUIDED,True,-7.9261952,112.5949018,152.66,0.0,0.0,TRACKING_BUOY,364.0349085318135,44.03490853181353
1785926899.256,2026-08-05 17:48:19,GUIDED,True,-7.9261952,112.5949018,152.65,0.0,0.0,TRACKING_BUOY,364.27618139886016,44.27618139886016
1785926899.403,2026-08-05 17:48:19,GUIDED,True,-7.9261952,112.5949018,152.65,0.0,0.0,TRACKING_BUOY,,
1785926899.548,2026-08-05 17:48:19,GUIDED,True,-7.9261952,112.5949018,152.66,0.0,0.0,TRACKING_BUOY,,
1785926899.700,2026-08-05 17:48:19,GUIDED,True,-7.9261952,112.5949018,152.67,0.0,0.0,TRACKING_BUOY,,
1785926899.843,2026-08-05 17:48:19,GUIDED,True,-7.9261952,112.5949018,152.81,0.0,0.0,TRACKING_BUOY,,
1785926899.990,2026-08-05 17:48:19,GUIDED,True,-7.9261952,112.5949018,153.05,0.0,0.0,TRACKING_BUOY,,
1785926900.138,2026-08-05 17:48:20,GUIDED,True,-7.9261952,112.5949018,153.08,0.0,0.0,TRACKING_BUOY,,
1785926900.290,2026-08-05 17:48:20,GUIDED,True,-7.9261952,112.5949018,153.06,0.0,0.0,TRACKING_BUOY,,
1785926900.438,2026-08-05 17:48:20,GUIDED,True,-7.9261952,112.5949018,153.05,0.0,0.0,TRACKING_BUOY,,
1785926900.591,2026-08-05 17:48:20,GUIDED,True,-7.9261952,112.5949018,153.03,0.0,0.0,TRACKING_BUOY,,
1785926900.738,2026-08-05 17:48:20,GUIDED,True,-7.9261952,112.5949018,153.06,0.0,0.0,TRACKING_BUOY,,
1785926900.882,2026-08-05 17:48:20,GUIDED,True,-7.9261952,112.5949018,153.04,0.0,0.0,TRACKING_BUOY,,
1785926901.026,2026-08-05 17:48:21,GUIDED,True,-7.9261952,112.5949018,153.05,0.0,0.0,TRACKING_BUOY,,
1785926901.178,2026-08-05 17:48:21,GUIDED,True,-7.9261952,112.5949018,153.05,0.0,0.0,TRACKING_BUOY,,
1785926901.326,2026-08-05 17:48:21,GUIDED,True,-7.9261952,112.5949018,153.06,0.0,0.0,TRACKING_BUOY,,
1785926901.470,2026-08-05 17:48:21,GUIDED,False,-7.9261952,112.5949018,153.06,0.0,0.0,TRACKING_BUOY,,
1785926901.625,2026-08-05 17:48:21,GUIDED,False,-7.9261952,112.5949018,153.03,0.0,0.0,TRACKING_BUOY,,
1785926901.781,2026-08-05 17:48:21,GUIDED,False,-7.9261952,112.5949018,153.03,0.0,0.0,TRACKING_BUOY,,
1785926901.920,2026-08-05 17:48:21,GUIDED,False,-7.9261952,112.5949018,153.02,0.0,0.0,TRACKING_BUOY,,
1785926902.061,2026-08-05 17:48:22,GUIDED,False,-7.9261952,112.5949018,153.04,0.0,0.0,TRACKING_BUOY,,
1785926902.238,2026-08-05 17:48:22,GUIDED,False,-7.9261952,112.5949018,153.03,0.0,0.0,TRACKING_BUOY,,
1785926902.383,2026-08-05 17:48:22,GUIDED,False,-7.9261952,112.5949018,153.03,0.0,0.0,TRACKING_BUOY,,
1785926902.556,2026-08-05 17:48:22,GUIDED,False,-7.9261952,112.5949018,153.0,0.0,0.0,TRACKING_BUOY,,
1785926902.706,2026-08-05 17:48:22,GUIDED,False,-7.9261952,112.5949018,153.0,0.0,0.0,TRACKING_BUOY,,
1785926902.980,2026-08-05 17:48:22,GUIDED,False,-7.9261952,112.5949018,152.98,0.0,0.0,TRACKING_BUOY,,
1785926903.271,2026-08-05 17:48:23,GUIDED,False,-7.9261952,112.5949018,152.96,0.0,0.0,TRACKING_BUOY,,
1785926903.470,2026-08-05 17:48:23,GUIDED,False,-7.9261952,112.5949018,152.96,0.0,0.0,TRACKING_BUOY,,
1785926903.707,2026-08-05 17:48:23,GUIDED,False,-7.9261952,112.5949018,152.95,0.0,0.0,TRACKING_BUOY,,
1785926903.846,2026-08-05 17:48:23,GUIDED,False,-7.9261952,112.5949018,152.95,0.0,0.0,TRACKING_BUOY,,
1785926903.980,2026-08-05 17:48:23,GUIDED,False,-7.9261952,112.5949018,152.94,0.0,0.0,TRACKING_BUOY,,
1785926904.114,2026-08-05 17:48:24,GUIDED,False,-7.9261952,112.5949018,152.92,0.0,0.0,TRACKING_BUOY,,
1785926904.265,2026-08-05 17:48:24,GUIDED,False,-7.9261952,112.5949018,152.92,0.0,0.0,TRACKING_BUOY,,
1785926904.405,2026-08-05 17:48:24,GUIDED,False,-7.9261952,112.5949018,152.91,0.0,0.0,TRACKING_BUOY,,
1785926904.546,2026-08-05 17:48:24,GUIDED,False,-7.9261952,112.5949018,152.91,0.0,0.0,TRACKING_BUOY,,
1785926904.685,2026-08-05 17:48:24,GUIDED,False,-7.9261952,112.5949018,152.89,0.0,0.0,TRACKING_BUOY,,
1785926904.828,2026-08-05 17:48:24,GUIDED,False,-7.9261952,112.5949018,152.87,0.0,0.0,TRACKING_BUOY,,
1785926904.965,2026-08-05 17:48:24,GUIDED,False,-7.9261952,112.5949018,152.88,0.0,0.0,TRACKING_BUOY,,
1785926905.107,2026-08-05 17:48:25,GUIDED,False,-7.9261952,112.5949018,152.87,0.0,0.0,TRACKING_BUOY,,
1785926905.242,2026-08-05 17:48:25,GUIDED,False,-7.9261952,112.5949018,152.85,0.0,0.0,TRACKING_BUOY,,
1785926905.382,2026-08-05 17:48:25,GUIDED,False,-7.9261952,112.5949018,152.84,0.0,0.0,TRACKING_BUOY,,
1785926905.518,2026-08-05 17:48:25,GUIDED,False,-7.9261952,112.5949018,152.82,0.0,0.0,TRACKING_BUOY,,
1785926905.653,2026-08-05 17:48:25,GUIDED,False,-7.9261952,112.5949018,152.82,0.0,0.0,TRACKING_BUOY,,
1785926905.795,2026-08-05 17:48:25,GUIDED,False,-7.9261952,112.5949018,152.8,0.0,0.0,TRACKING_BUOY,,
1785926905.955,2026-08-05 17:48:25,GUIDED,False,-7.9261952,112.5949018,152.79,0.0,0.0,TRACKING_BUOY,,
1785926906.109,2026-08-05 17:48:26,GUIDED,False,-7.9261952,112.5949018,152.8,0.0,0.0,TRACKING_BUOY,,
1785926906.244,2026-08-05 17:48:26,GUIDED,False,-7.9261952,112.5949018,152.79,0.0,0.0,TRACKING_BUOY,,
1785926906.394,2026-08-05 17:48:26,GUIDED,False,-7.9261952,112.5949018,152.79,0.0,0.0,TRACKING_BUOY,,
1785926906.526,2026-08-05 17:48:26,GUIDED,False,-7.9261952,112.5949018,152.77,0.0,0.0,TRACKING_BUOY,,
1785926906.887,2026-08-05 17:48:26,GUIDED,False,-7.9261952,112.5949018,152.77,0.0,0.0,TRACKING_BUOY,,
1785926907.053,2026-08-05 17:48:27,GUIDED,False,-7.9261952,112.5949018,152.76,0.0,0.0,TRACKING_BUOY,,
1785926907.209,2026-08-05 17:48:27,GUIDED,False,-7.9261952,112.5949018,152.77,0.0,0.0,TRACKING_BUOY,,
1785926907.358,2026-08-05 17:48:27,GUIDED,False,-7.9261952,112.5949018,152.75,0.0,0.0,TRACKING_BUOY,,
1785926907.504,2026-08-05 17:48:27,GUIDED,False,-7.9261952,112.5949018,152.74,0.0,0.0,TRACKING_BUOY,,
1785926907.654,2026-08-05 17:48:27,GUIDED,False,-7.9261952,112.5949018,152.72,0.0,0.0,TRACKING_BUOY,,
1785926907.802,2026-08-05 17:48:27,GUIDED,False,-7.9261952,112.5949018,152.7,0.0,0.0,TRACKING_BUOY,,
1785926907.946,2026-08-05 17:48:27,GUIDED,False,-7.9261952,112.5949018,152.71,0.0,0.0,TRACKING_BUOY,,
1785926908.085,2026-08-05 17:48:28,GUIDED,False,-7.9261952,112.5949018,152.7,0.0,0.0,TRACKING_BUOY,,
1785926908.232,2026-08-05 17:48:28,GUIDED,False,-7.9261952,112.5949018,152.69,0.0,0.0,TRACKING_BUOY,,
1785926908.377,2026-08-05 17:48:28,GUIDED,False,-7.9261952,112.5949018,152.68,0.0,0.0,TRACKING_BUOY,,
1785926908.523,2026-08-05 17:48:28,GUIDED,False,-7.9261952,112.5949018,152.69,0.0,0.0,TRACKING_BUOY,,
1785926908.670,2026-08-05 17:48:28,GUIDED,False,-7.9261952,112.5949018,152.68,0.0,0.0,TRACKING_BUOY,,
1785926908.811,2026-08-05 17:48:28,GUIDED,False,-7.9261952,112.5949018,152.69,0.0,0.0,TRACKING_BUOY,,
1785926908.948,2026-08-05 17:48:28,GUIDED,False,-7.9261952,112.5949018,152.67,0.0,0.0,TRACKING_BUOY,,
1785926909.089,2026-08-05 17:48:29,GUIDED,False,-7.9261952,112.5949018,152.65,0.0,0.0,TRACKING_BUOY,,
1785926909.234,2026-08-05 17:48:29,GUIDED,False,-7.9261952,112.5949018,152.67,0.0,0.0,TRACKING_BUOY,,
1785926909.371,2026-08-05 17:48:29,GUIDED,False,-7.9261952,112.5949018,152.67,0.0,0.0,TRACKING_BUOY,,
1785926909.505,2026-08-05 17:48:29,GUIDED,False,-7.9261952,112.5949018,152.66,0.0,0.0,TRACKING_BUOY,,
1785926909.636,2026-08-05 17:48:29,GUIDED,False,-7.9261952,112.5949018,152.62,0.0,0.0,TRACKING_BUOY,,
1785926909.768,2026-08-05 17:48:29,GUIDED,False,-7.9261952,112.5949018,152.62,0.0,0.0,TRACKING_BUOY,,
1785926909.903,2026-08-05 17:48:29,GUIDED,False,-7.9261952,112.5949018,152.61,0.0,0.0,TRACKING_BUOY,,
1785926910.038,2026-08-05 17:48:30,GUIDED,False,-7.9261952,112.5949018,152.62,0.0,0.0,TRACKING_BUOY,,
1785926910.177,2026-08-05 17:48:30,GUIDED,False,-7.9261952,112.5949018,152.63,0.0,0.0,TRACKING_BUOY,,
1785926910.324,2026-08-05 17:48:30,GUIDED,False,-7.9261952,112.5949018,152.62,0.0,0.0,TRACKING_BUOY,,
1785926910.465,2026-08-05 17:48:30,GUIDED,False,-7.9261952,112.5949018,152.61,0.0,0.0,TRACKING_BUOY,,
1785926910.611,2026-08-05 17:48:30,GUIDED,False,-7.9261952,112.5949018,152.61,0.0,0.0,TRACKING_BUOY,,
1785926910.753,2026-08-05 17:48:30,GUIDED,False,-7.9261952,112.5949018,152.61,0.0,0.0,TRACKING_BUOY,,
1785926910.889,2026-08-05 17:48:30,GUIDED,False,-7.9261952,112.5949018,152.6,0.0,0.0,TRACKING_BUOY,,
1785926911.025,2026-08-05 17:48:31,GUIDED,False,-7.9261952,112.5949018,152.59,0.0,0.0,TRACKING_BUOY,,
1785926911.164,2026-08-05 17:48:31,GUIDED,False,-7.9261952,112.5949018,152.6,0.0,0.0,TRACKING_BUOY,,
1785926911.300,2026-08-05 17:48:31,GUIDED,False,-7.9261952,112.5949018,152.59,0.0,0.0,TRACKING_BUOY,,
1785926911.443,2026-08-05 17:48:31,GUIDED,False,-7.9261952,112.5949018,152.58,0.0,0.0,TRACKING_BUOY,,
1785926911.582,2026-08-05 17:48:31,GUIDED,False,-7.9261952,112.5949018,152.58,0.0,0.0,TRACKING_BUOY,,
1785926911.721,2026-08-05 17:48:31,GUIDED,False,-7.9261952,112.5949018,152.56,0.0,0.0,TRACKING_BUOY,,
1785926911.865,2026-08-05 17:48:31,GUIDED,False,-7.9261952,112.5949018,152.55,0.0,0.0,TRACKING_BUOY,,
1785926912.014,2026-08-05 17:48:32,GUIDED,False,-7.9261952,112.5949018,152.55,0.0,0.0,TRACKING_BUOY,,
1785926912.173,2026-08-05 17:48:32,GUIDED,False,-7.9261952,112.5949018,152.54,0.0,0.0,TRACKING_BUOY,,
1785926912.315,2026-08-05 17:48:32,GUIDED,False,-7.9261952,112.5949018,152.53,0.0,0.0,TRACKING_BUOY,,
1785926912.456,2026-08-05 17:48:32,GUIDED,False,-7.9261952,112.5949018,152.52,0.0,0.0,TRACKING_BUOY,,
1785926912.623,2026-08-05 17:48:32,GUIDED,False,-7.9261952,112.5949018,152.52,0.0,0.0,TRACKING_BUOY,,
1785926912.759,2026-08-05 17:48:32,GUIDED,False,-7.9261952,112.5949018,152.51,0.0,0.0,TRACKING_BUOY,,
1785926912.905,2026-08-05 17:48:32,GUIDED,False,-7.9261952,112.5949018,152.49,0.0,0.0,TRACKING_BUOY,,
1785926913.052,2026-08-05 17:48:33,GUIDED,False,-7.9261952,112.5949018,152.51,0.0,0.0,TRACKING_BUOY,,
1785926913.201,2026-08-05 17:48:33,GUIDED,False,-7.9261952,112.5949018,152.51,0.0,0.0,TRACKING_BUOY,,
1785926913.344,2026-08-05 17:48:33,GUIDED,False,-7.9261952,112.5949018,152.52,0.0,0.0,TRACKING_BUOY,,
1785926913.483,2026-08-05 17:48:33,GUIDED,False,-7.9261952,112.5949018,152.52,0.0,0.0,TRACKING_BUOY,,
1785926913.616,2026-08-05 17:48:33,GUIDED,False,-7.9261952,112.5949018,152.51,0.0,0.0,TRACKING_BUOY,,
1785926913.748,2026-08-05 17:48:33,GUIDED,False,-7.9261952,112.5949018,152.51,0.0,0.0,TRACKING_BUOY,,
1785926913.885,2026-08-05 17:48:33,GUIDED,False,-7.9261952,112.5949018,152.5,0.0,0.0,TRACKING_BUOY,,
1785926914.024,2026-08-05 17:48:34,GUIDED,False,-7.9261952,112.5949018,152.5,0.0,0.0,TRACKING_BUOY,,
1785926914.164,2026-08-05 17:48:34,GUIDED,False,-7.9261952,112.5949018,152.49,0.0,0.0,TRACKING_BUOY,,
1785926914.299,2026-08-05 17:48:34,GUIDED,False,-7.9261952,112.5949018,152.47,0.0,0.0,TRACKING_BUOY,,
1785926914.436,2026-08-05 17:48:34,GUIDED,False,-7.9261952,112.5949018,152.45,0.0,0.0,TRACKING_BUOY,,
1785926914.572,2026-08-05 17:48:34,GUIDED,False,-7.9261952,112.5949018,152.45,0.0,0.0,TRACKING_BUOY,,
1785926914.708,2026-08-05 17:48:34,GUIDED,False,-7.9261952,112.5949018,152.46,0.0,0.0,TRACKING_BUOY,,
1785926914.846,2026-08-05 17:48:34,GUIDED,False,-7.9261952,112.5949018,152.44,0.0,0.0,TRACKING_BUOY,,
1785926914.979,2026-08-05 17:48:34,GUIDED,False,-7.9261952,112.5949018,152.43,0.0,0.0,TRACKING_BUOY,,
1785926915.124,2026-08-05 17:48:35,GUIDED,False,-7.9261952,112.5949018,152.43,0.0,0.0,TRACKING_BUOY,,
1785926915.259,2026-08-05 17:48:35,GUIDED,False,-7.9261952,112.5949018,152.42,0.0,0.0,TRACKING_BUOY,,
1785926915.395,2026-08-05 17:48:35,GUIDED,False,-7.9261952,112.5949018,152.42,0.0,0.0,TRACKING_BUOY,,
1785926915.529,2026-08-05 17:48:35,GUIDED,False,-7.9261952,112.5949018,152.4,0.0,0.0,TRACKING_BUOY,,
1785926915.669,2026-08-05 17:48:35,GUIDED,False,-7.9261952,112.5949018,152.4,0.0,0.0,TRACKING_BUOY,,
1785926915.805,2026-08-05 17:48:35,GUIDED,False,-7.9261952,112.5949018,152.39,0.0,0.0,TRACKING_BUOY,,
1785926915.943,2026-08-05 17:48:35,GUIDED,False,-7.9261952,112.5949018,152.39,0.0,0.0,TRACKING_BUOY,,
1785926916.081,2026-08-05 17:48:36,GUIDED,False,-7.9261952,112.5949018,152.38,0.0,0.0,TRACKING_BUOY,,
1785926916.217,2026-08-05 17:48:36,GUIDED,False,-7.9261952,112.5949018,152.4,0.0,0.0,TRACKING_BUOY,,
1785926916.351,2026-08-05 17:48:36,GUIDED,False,-7.9261952,112.5949018,152.4,0.0,0.0,TRACKING_BUOY,,
1785926916.491,2026-08-05 17:48:36,GUIDED,False,-7.9261952,112.5949018,152.39,0.0,0.0,TRACKING_BUOY,,
1785926916.633,2026-08-05 17:48:36,GUIDED,False,-7.9265276,112.5947512,152.38,0.0,0.0,TRACKING_BUOY,,
1785926916.777,2026-08-05 17:48:36,GUIDED,False,-7.9265177,112.5947759,152.37,0.0,0.0,TRACKING_BUOY,,
1785926916.913,2026-08-05 17:48:36,GUIDED,False,-7.9265197,112.5947689,152.37,0.0,0.0,TRACKING_BUOY,,
1785926917.064,2026-08-05 17:48:37,GUIDED,False,-7.9265197,112.5947689,152.37,0.0,0.0,TRACKING_BUOY,,
1785926917.201,2026-08-05 17:48:37,GUIDED,False,-7.9265197,112.5947689,152.36,0.0,0.0,TRACKING_BUOY,,
1785926917.338,2026-08-05 17:48:37,GUIDED,False,-7.9265061,112.5947675,152.36,0.0,0.0,TRACKING_BUOY,,
1785926917.476,2026-08-05 17:48:37,GUIDED,False,-7.9265061,112.5947675,152.35,0.0,0.0,TRACKING_BUOY,,
1785926917.613,2026-08-05 17:48:37,GUIDED,False,-7.9264984,112.5947677,152.34,0.0,0.0,TRACKING_BUOY,,
1785926917.752,2026-08-05 17:48:37,GUIDED,False,-7.9264943,112.5947662,152.33,0.0,0.0,TRACKING_BUOY,,
1785926917.888,2026-08-05 17:48:37,GUIDED,False,-7.9264943,112.5947662,152.33,0.0,0.0,TRACKING_BUOY,,
1785926918.024,2026-08-05 17:48:38,GUIDED,False,-7.9264915,112.5947655,152.31,0.0,0.0,TRACKING_BUOY,,
1785926918.170,2026-08-05 17:48:38,GUIDED,False,-7.9264915,112.5947655,152.31,0.0,0.0,TRACKING_BUOY,,
1785926918.310,2026-08-05 17:48:38,GUIDED,False,-7.9264874,112.5947582,152.31,0.0,0.0,TRACKING_BUOY,,
1785926918.448,2026-08-05 17:48:38,GUIDED,False,-7.9264803,112.5947503,152.3,0.0,0.0,TRACKING_BUOY,,
1785926918.582,2026-08-05 17:48:38,GUIDED,False,-7.9264717,112.5947457,152.3,0.0,0.0,TRACKING_BUOY,,
1785926918.719,2026-08-05 17:48:38,GUIDED,False,-7.9264609,112.5947415,152.3,0.0,0.0,TRACKING_BUOY,,
1785926918.867,2026-08-05 17:48:38,GUIDED,False,-7.9264609,112.5947415,152.29,0.0,0.0,TRACKING_BUOY,,
1785926919.000,2026-08-05 17:48:39,GUIDED,False,-7.9264518,112.5947435,152.28,0.0,0.0,TRACKING_BUOY,,
1785926919.180,2026-08-05 17:48:39,GUIDED,False,-7.9264518,112.5947435,152.25,0.0,0.0,TRACKING_BUOY,,
1785926919.376,2026-08-05 17:48:39,GUIDED,False,-7.9264377,112.5947482,152.24,0.0,0.0,TRACKING_BUOY,,
1785926919.513,2026-08-05 17:48:39,GUIDED,False,-7.9264372,112.5947541,152.24,0.0,0.0,TRACKING_BUOY,,
1785926919.645,2026-08-05 17:48:39,GUIDED,False,-7.9264372,112.5947541,152.25,0.0,0.0,TRACKING_BUOY,,
1785926919.787,2026-08-05 17:48:39,GUIDED,False,-7.9264367,112.5947607,152.24,0.0,0.0,TRACKING_BUOY,,
1785926919.922,2026-08-05 17:48:39,GUIDED,False,-7.926437,112.5947692,152.24,0.0,0.0,TRACKING_BUOY,,
1785926920.063,2026-08-05 17:48:40,GUIDED,False,-7.926437,112.5947692,152.24,0.0,0.0,TRACKING_BUOY,,
1785926920.202,2026-08-05 17:48:40,GUIDED,False,-7.926437,112.5947692,152.24,0.0,0.0,TRACKING_BUOY,,
1785926920.343,2026-08-05 17:48:40,GUIDED,False,-7.9264282,112.5947706,152.24,0.0,0.0,TRACKING_BUOY,,
1785926920.481,2026-08-05 17:48:40,GUIDED,False,-7.9264282,112.5947706,152.24,0.0,0.0,TRACKING_BUOY,,
1785926920.646,2026-08-05 17:48:40,GUIDED,False,-7.9264228,112.5947719,152.24,0.0,0.0,TRACKING_BUOY,,
1785926920.840,2026-08-05 17:48:40,GUIDED,False,-7.926416,112.5947734,152.24,0.0,0.0,TRACKING_BUOY,,
1785926921.058,2026-08-05 17:48:41,GUIDED,False,-7.926412,112.5947758,152.23,0.0,0.0,TRACKING_BUOY,,
1785926921.240,2026-08-05 17:48:41,GUIDED,False,-7.9264061,112.5947787,152.23,0.0,0.0,TRACKING_BUOY,,
1785926921.405,2026-08-05 17:48:41,GUIDED,False,-7.9264032,112.5947843,152.23,0.0,0.0,TRACKING_BUOY,,
1785926921.540,2026-08-05 17:48:41,GUIDED,False,-7.9264012,112.5947849,152.24,0.0,0.0,TRACKING_BUOY,,
1785926921.680,2026-08-05 17:48:41,GUIDED,False,-7.9264012,112.5947849,152.22,0.0,0.0,TRACKING_BUOY,,
1785926921.853,2026-08-05 17:48:41,GUIDED,False,-7.9264011,112.594785,152.21,0.0,0.0,TRACKING_BUOY,,
1785926922.298,2026-08-05 17:48:42,GUIDED,False,-7.9264011,112.5947906,152.23,0.0,0.0,TRACKING_BUOY,,
1785926922.437,2026-08-05 17:48:42,GUIDED,False,-7.9264014,112.5947935,152.23,0.0,0.0,TRACKING_BUOY,,
1785926922.577,2026-08-05 17:48:42,GUIDED,False,-7.9264018,112.5947952,152.24,0.0,0.0,TRACKING_BUOY,,
1785926922.716,2026-08-05 17:48:42,GUIDED,False,-7.9264025,112.594797,152.22,0.0,0.0,TRACKING_BUOY,,
1785926922.845,2026-08-05 17:48:42,GUIDED,False,-7.9264025,112.594797,152.22,0.0,0.0,TRACKING_BUOY,,
1785926922.988,2026-08-05 17:48:42,GUIDED,False,-7.9264029,112.594798,152.24,0.0,0.0,TRACKING_BUOY,,
1785926923.134,2026-08-05 17:48:43,GUIDED,False,-7.9264029,112.594798,152.23,0.0,0.0,TRACKING_BUOY,,
1785926923.278,2026-08-05 17:48:43,GUIDED,False,-7.9264034,112.5947984,152.24,0.0,0.0,TRACKING_BUOY,,
1785926923.427,2026-08-05 17:48:43,GUIDED,False,-7.9264041,112.594799,152.24,0.0,0.0,TRACKING_BUOY,,
1785926923.566,2026-08-05 17:48:43,GUIDED,False,-7.9264081,112.5948007,152.24,0.0,0.0,TRACKING_BUOY,,
1785926923.711,2026-08-05 17:48:43,GUIDED,False,-7.9264115,112.5948054,152.25,0.0,0.0,TRACKING_BUOY,,
1785926923.859,2026-08-05 17:48:43,GUIDED,False,-7.9264115,112.5948054,152.25,0.0,0.0,TRACKING_BUOY,,
1785926923.998,2026-08-05 17:48:43,GUIDED,False,-7.926416,112.5948088,152.24,0.0,0.0,TRACKING_BUOY,,
1785926924.178,2026-08-05 17:48:44,GUIDED,False,-7.9264183,112.5948128,152.21,0.0,0.0,TRACKING_BUOY,,
1785926924.392,2026-08-05 17:48:44,GUIDED,False,-7.9264227,112.5948129,152.22,0.0,0.0,TRACKING_BUOY,,
1785926924.546,2026-08-05 17:48:44,GUIDED,False,-7.9264207,112.5948148,152.22,0.0,0.0,TRACKING_BUOY,,
1785926924.694,2026-08-05 17:48:44,GUIDED,False,-7.9264207,112.5948148,152.22,0.0,0.0,TRACKING_BUOY,,
1785926924.858,2026-08-05 17:48:44,GUIDED,False,-7.9264184,112.594811,152.21,0.0,0.0,TRACKING_BUOY,,
1785926925.014,2026-08-05 17:48:45,GUIDED,False,-7.9264132,112.5948046,152.21,0.0,0.0,TRACKING_BUOY,,
1785926925.172,2026-08-05 17:48:45,GUIDED,False,-7.9264083,112.5947985,152.22,0.0,0.0,TRACKING_BUOY,,
1785926925.348,2026-08-05 17:48:45,GUIDED,False,-7.9264046,112.5947988,152.22,0.0,0.0,TRACKING_BUOY,,
1785926925.494,2026-08-05 17:48:45,GUIDED,False,-7.9264046,112.5947988,152.22,0.0,0.0,TRACKING_BUOY,,
1785926925.645,2026-08-05 17:48:45,GUIDED,False,-7.9264037,112.5947996,152.19,0.0,0.0,TRACKING_BUOY,,
1785926925.790,2026-08-05 17:48:45,GUIDED,False,-7.9264004,112.5947992,152.2,0.0,0.0,TRACKING_BUOY,,
1785926925.955,2026-08-05 17:48:45,GUIDED,False,-7.9263965,112.5947994,152.19,0.0,0.0,TRACKING_BUOY,,
1785926926.114,2026-08-05 17:48:46,GUIDED,False,-7.9263928,112.594801,152.18,0.0,0.0,TRACKING_BUOY,,
1785926926.254,2026-08-05 17:48:46,GUIDED,False,-7.9263928,112.594801,152.16,0.0,0.0,TRACKING_BUOY,,
1785926926.389,2026-08-05 17:48:46,GUIDED,False,-7.9263902,112.5947991,152.14,0.0,0.0,TRACKING_BUOY,,
1785926926.533,2026-08-05 17:48:46,GUIDED,False,-7.9263877,112.5947962,152.14,0.0,0.0,TRACKING_BUOY,,
1785926926.673,2026-08-05 17:48:46,GUIDED,False,-7.9263877,112.5947962,152.14,0.0,0.0,TRACKING_BUOY,,
1785926926.815,2026-08-05 17:48:46,GUIDED,False,-7.9263809,112.5948001,152.15,0.0,0.0,TRACKING_BUOY,,
1785926926.957,2026-08-05 17:48:46,GUIDED,False,-7.9263753,112.5948013,152.15,0.0,0.0,TRACKING_BUOY,,
1785926927.130,2026-08-05 17:48:47,GUIDED,False,-7.9263712,112.5947996,152.16,0.0,0.0,TRACKING_BUOY,,
1785926927.273,2026-08-05 17:48:47,GUIDED,False,-7.9263712,112.5947996,152.15,0.0,0.0,TRACKING_BUOY,,
1785926927.412,2026-08-05 17:48:47,GUIDED,False,-7.9263694,112.5947991,152.14,0.0,0.0,TRACKING_BUOY,,
1785926927.549,2026-08-05 17:48:47,GUIDED,False,-7.9263679,112.5947989,152.14,0.0,0.0,TRACKING_BUOY,,
1785926927.687,2026-08-05 17:48:47,GUIDED,False,-7.9263679,112.5947989,152.13,0.0,0.0,TRACKING_BUOY,,
1785926927.843,2026-08-05 17:48:47,GUIDED,False,-7.9263679,112.5947969,152.13,0.0,0.0,TRACKING_BUOY,,
1785926928.023,2026-08-05 17:48:48,GUIDED,False,-7.9263651,112.5947972,152.12,0.0,0.0,TRACKING_BUOY,,
1785926928.188,2026-08-05 17:48:48,GUIDED,False,-7.9263619,112.5947978,152.13,0.0,0.0,TRACKING_BUOY,,
1785926928.329,2026-08-05 17:48:48,GUIDED,False,-7.9263585,112.5947984,152.12,0.0,0.0,TRACKING_BUOY,,
1785926928.473,2026-08-05 17:48:48,GUIDED,False,-7.9263585,112.5947984,152.13,0.0,0.0,TRACKING_BUOY,,
1785926928.613,2026-08-05 17:48:48,GUIDED,False,-7.9263543,112.5948005,152.15,0.0,0.0,TRACKING_BUOY,,
1785926928.756,2026-08-05 17:48:48,GUIDED,False,-7.9263497,112.5948008,152.17,0.0,0.0,TRACKING_BUOY,,
1785926928.897,2026-08-05 17:48:48,GUIDED,False,-7.9263497,112.5948008,152.17,0.0,0.0,TRACKING_BUOY,,
1785926929.039,2026-08-05 17:48:49,GUIDED,False,-7.9263464,112.5948018,152.17,0.0,0.0,TRACKING_BUOY,,
1785926929.195,2026-08-05 17:48:49,GUIDED,False,-7.9263448,112.5948051,152.16,0.0,0.0,TRACKING_BUOY,,
1785926929.331,2026-08-05 17:48:49,GUIDED,False,-7.926343,112.5948131,152.15,0.0,0.0,TRACKING_BUOY,,
1785926929.474,2026-08-05 17:48:49,GUIDED,False,-7.926343,112.5948131,152.16,0.0,0.0,TRACKING_BUOY,,
1785926929.608,2026-08-05 17:48:49,GUIDED,False,-7.9263424,112.5948194,152.17,0.0,0.0,TRACKING_BUOY,,
1785926929.748,2026-08-05 17:48:49,GUIDED,False,-7.9263417,112.5948259,152.16,0.0,0.0,TRACKING_BUOY,,
1785926929.886,2026-08-05 17:48:49,GUIDED,False,-7.9263417,112.5948259,152.14,0.0,0.0,TRACKING_BUOY,,
1785926930.055,2026-08-05 17:48:50,GUIDED,False,-7.9263417,112.5948288,152.15,0.0,0.0,TRACKING_BUOY,,
1785926930.194,2026-08-05 17:48:50,GUIDED,False,-7.9263426,112.5948343,152.15,0.0,0.0,TRACKING_BUOY,,
1785926930.331,2026-08-05 17:48:50,GUIDED,False,-7.9263443,112.5948383,152.16,0.0,0.0,TRACKING_BUOY,,
1785926930.469,2026-08-05 17:48:50,GUIDED,False,-7.9263443,112.5948383,152.16,0.0,0.0,TRACKING_BUOY,,
1785926930.621,2026-08-05 17:48:50,GUIDED,False,-7.9263462,112.5948389,152.16,0.0,0.0,TRACKING_BUOY,,
1785926930.757,2026-08-05 17:48:50,GUIDED,False,-7.9263475,112.5948404,152.15,0.0,0.0,TRACKING_BUOY,,
1785926930.897,2026-08-05 17:48:50,GUIDED,False,-7.9263475,112.5948404,152.14,0.0,0.0,TRACKING_BUOY,,
1785926931.041,2026-08-05 17:48:51,GUIDED,False,-7.9263469,112.5948406,152.14,0.0,0.0,TRACKING_BUOY,,
1785926931.197,2026-08-05 17:48:51,GUIDED,False,-7.9263462,112.594839,152.13,0.0,0.0,TRACKING_BUOY,,
1785926931.336,2026-08-05 17:48:51,GUIDED,False,-7.9263448,112.5948403,152.12,0.0,0.0,TRACKING_BUOY,,
1785926931.468,2026-08-05 17:48:51,GUIDED,False,-7.9263448,112.5948403,152.11,0.0,0.0,TRACKING_BUOY,,
1785926931.603,2026-08-05 17:48:51,GUIDED,False,-7.9263447,112.5948392,152.11,0.0,0.0,TRACKING_BUOY,,
1785926931.749,2026-08-05 17:48:51,GUIDED,False,-7.9263426,112.5948387,152.1,0.0,0.0,TRACKING_BUOY,,
1785926931.886,2026-08-05 17:48:51,GUIDED,False,-7.9263426,112.5948387,152.09,0.0,0.0,TRACKING_BUOY,,
1785926932.019,2026-08-05 17:48:52,GUIDED,False,-7.9263393,112.5948393,152.1,0.0,0.0,TRACKING_BUOY,,
1785926932.164,2026-08-05 17:48:52,GUIDED,False,-7.9263365,112.5948372,152.11,0.0,0.0,TRACKING_BUOY,,
1785926932.299,2026-08-05 17:48:52,GUIDED,False,-7.9263365,112.5948372,152.11,0.0,0.0,TRACKING_BUOY,,
1785926932.437,2026-08-05 17:48:52,GUIDED,False,-7.9263342,112.5948365,152.12,0.0,0.0,TRACKING_BUOY,,
1785926932.586,2026-08-05 17:48:52,GUIDED,False,-7.926331,112.5948342,152.11,0.0,0.0,TRACKING_BUOY,,
1785926932.725,2026-08-05 17:48:52,GUIDED,False,-7.9263284,112.5948306,152.11,0.0,0.0,TRACKING_BUOY,,
1785926932.892,2026-08-05 17:48:52,GUIDED,False,-7.9263284,112.5948306,152.12,0.0,0.0,TRACKING_BUOY,,
1785926933.030,2026-08-05 17:48:53,GUIDED,False,-7.9263274,112.594827,152.11,0.0,0.0,TRACKING_BUOY,,
1785926933.166,2026-08-05 17:48:53,GUIDED,False,-7.9263263,112.59483,152.1,0.0,0.0,TRACKING_BUOY,,
1785926933.302,2026-08-05 17:48:53,GUIDED,False,-7.9263263,112.59483,152.11,0.0,0.0,TRACKING_BUOY,,
1785926933.441,2026-08-05 17:48:53,GUIDED,False,-7.9263285,112.5948357,152.12,0.0,0.0,TRACKING_BUOY,,
1785926933.577,2026-08-05 17:48:53,GUIDED,False,-7.9263325,112.5948433,152.11,0.0,0.0,TRACKING_BUOY,,
1785926933.718,2026-08-05 17:48:53,GUIDED,False,-7.9263331,112.5948458,152.1,0.0,0.0,TRACKING_BUOY,,
1785926933.856,2026-08-05 17:48:53,GUIDED,False,-7.9263331,112.5948458,152.1,0.0,0.0,TRACKING_BUOY,,
1785926934.093,2026-08-05 17:48:54,GUIDED,False,-7.9263336,112.5948457,152.1,0.0,0.0,TRACKING_BUOY,,
1785926934.232,2026-08-05 17:48:54,GUIDED,False,-7.9263357,112.5948446,152.09,0.0,0.0,TRACKING_BUOY,,
1785926934.375,2026-08-05 17:48:54,GUIDED,False,-7.9263372,112.5948467,152.1,0.0,0.0,TRACKING_BUOY,,
1785926934.515,2026-08-05 17:48:54,GUIDED,False,-7.9263382,112.5948459,152.09,0.0,0.0,TRACKING_BUOY,,
1785926934.919,2026-08-05 17:48:54,GUIDED,False,-7.9263421,112.5948447,152.08,0.0,0.0,TRACKING_BUOY,,
1785926935.064,2026-08-05 17:48:55,GUIDED,False,-7.9263421,112.5948447,152.08,0.0,0.0,TRACKING_BUOY,,
1785926935.205,2026-08-05 17:48:55,GUIDED,False,-7.9263478,112.5948487,152.07,0.0,0.0,TRACKING_BUOY,,
1785926935.344,2026-08-05 17:48:55,GUIDED,False,-7.9263515,112.5948535,152.06,0.0,0.0,TRACKING_BUOY,,
1785926935.478,2026-08-05 17:48:55,GUIDED,False,-7.9263515,112.5948535,152.06,0.0,0.0,TRACKING_BUOY,,
1785926935.630,2026-08-05 17:48:55,GUIDED,False,-7.9263542,112.5948567,152.05,0.0,0.0,TRACKING_BUOY,,
1785926935.768,2026-08-05 17:48:55,GUIDED,False,-7.926357,112.5948603,152.04,0.0,0.0,TRACKING_BUOY,,
1785926935.909,2026-08-05 17:48:55,GUIDED,False,-7.926357,112.5948603,152.03,0.0,0.0,TRACKING_BUOY,,
1785926936.048,2026-08-05 17:48:56,GUIDED,False,-7.9263605,112.594866,152.03,0.0,0.0,TRACKING_BUOY,,
1785926936.186,2026-08-05 17:48:56,GUIDED,False,-7.9263601,112.5948656,152.03,0.0,0.0,TRACKING_BUOY,,
1785926936.322,2026-08-05 17:48:56,GUIDED,False,-7.9263572,112.5948644,152.01,0.0,0.0,TRACKING_BUOY,,
1785926936.468,2026-08-05 17:48:56,GUIDED,False,-7.9263572,112.5948644,152.01,0.0,0.0,TRACKING_BUOY,,
1785926936.607,2026-08-05 17:48:56,GUIDED,False,-7.9263536,112.5948638,152.02,0.0,0.0,TRACKING_BUOY,,
1785926936.747,2026-08-05 17:48:56,GUIDED,False,-7.9263489,112.5948617,152.01,0.0,0.0,TRACKING_BUOY,,
1785926936.881,2026-08-05 17:48:56,GUIDED,False,-7.9263489,112.5948617,152.0,0.0,0.0,TRACKING_BUOY,,
1785926937.017,2026-08-05 17:48:57,GUIDED,False,-7.9263439,112.5948549,152.02,0.0,0.0,TRACKING_BUOY,,
1785926937.183,2026-08-05 17:48:57,GUIDED,False,-7.9263399,112.5948521,152.02,0.0,0.0,TRACKING_BUOY,,
1785926937.320,2026-08-05 17:48:57,GUIDED,False,-7.9263351,112.5948473,152.04,0.0,0.0,TRACKING_BUOY,,
1785926937.465,2026-08-05 17:48:57,GUIDED,False,-7.9263351,112.5948473,152.04,0.0,0.0,TRACKING_BUOY,,
1785926937.603,2026-08-05 17:48:57,GUIDED,False,-7.92633,112.5948387,152.04,0.0,0.0,TRACKING_BUOY,,
1785926937.805,2026-08-05 17:48:57,GUIDED,False,-7.9263235,112.5948344,152.01,0.0,0.0,TRACKING_BUOY,,
1785926938.271,2026-08-05 17:48:58,GUIDED,False,-7.9263149,112.5948321,152.03,0.0,0.0,TRACKING_BUOY,,
1785926938.412,2026-08-05 17:48:58,GUIDED,False,-7.9263165,112.5948382,152.02,0.0,0.0,TRACKING_BUOY,,
1785926938.555,2026-08-05 17:48:58,GUIDED,False,-7.9263192,112.5948481,152.01,0.0,0.0,TRACKING_BUOY,,
1785926938.692,2026-08-05 17:48:58,GUIDED,False,-7.9263192,112.5948481,152.01,0.0,0.0,TRACKING_BUOY,538.0,218.0
1785926938.830,2026-08-05 17:48:58,GUIDED,False,-7.9263168,112.5948552,152.01,0.0,0.0,TRACKING_BUOY,,
1785926938.967,2026-08-05 17:48:58,GUIDED,False,-7.9263125,112.5948574,152.01,0.0,0.0,TRACKING_BUOY,,
1785926939.103,2026-08-05 17:48:59,GUIDED,False,-7.9263125,112.5948574,152.01,0.0,0.0,TRACKING_BUOY,546.0,226.0
1785926939.238,2026-08-05 17:48:59,GUIDED,False,-7.9263077,112.5948563,152.02,0.0,0.0,TRACKING_BUOY,,
1785926939.376,2026-08-05 17:48:59,GUIDED,False,-7.926307,112.5948582,152.01,0.0,0.0,TRACKING_BUOY,,
1785926939.513,2026-08-05 17:48:59,GUIDED,False,-7.9263069,112.5948637,152.02,0.0,0.0,TRACKING_BUOY,,
1785926939.650,2026-08-05 17:48:59,GUIDED,False,-7.9263069,112.5948637,152.01,0.0,0.0,TRACKING_BUOY,536.0,216.0
1785926939.796,2026-08-05 17:48:59,GUIDED,False,-7.9263067,112.5948692,152.01,0.0,0.0,TRACKING_BUOY,,
1785926939.932,2026-08-05 17:48:59,GUIDED,False,-7.9263065,112.5948737,152.04,0.0,0.0,TRACKING_BUOY,,
1785926940.069,2026-08-05 17:49:00,GUIDED,False,-7.9263065,112.5948737,152.03,0.0,0.0,TRACKING_BUOY,,
1785926940.207,2026-08-05 17:49:00,GUIDED,False,-7.9263065,112.5948737,152.04,0.0,0.0,TRACKING_BUOY,,
1785926940.345,2026-08-05 17:49:00,GUIDED,False,-7.9263061,112.5948797,152.04,0.0,0.0,TRACKING_BUOY,,
1785926940.480,2026-08-05 17:49:00,GUIDED,False,-7.9263061,112.5948797,152.04,0.0,0.0,TRACKING_BUOY,,
1785926940.614,2026-08-05 17:49:00,GUIDED,False,-7.9263064,112.5948863,152.04,0.0,0.0,TRACKING_BUOY,,
1785926940.749,2026-08-05 17:49:00,GUIDED,False,-7.9263084,112.5948905,152.03,0.0,0.0,TRACKING_BUOY,,
1785926940.887,2026-08-05 17:49:00,GUIDED,False,-7.9263084,112.5948905,152.01,0.0,0.0,TRACKING_BUOY,,
1785926941.024,2026-08-05 17:49:01,GUIDED,False,-7.9263101,112.5948948,152.03,0.0,0.0,TRACKING_BUOY,,
1785926941.161,2026-08-05 17:49:01,GUIDED,False,-7.9263101,112.5948948,152.03,0.0,0.0,TRACKING_BUOY,,
1785926941.304,2026-08-05 17:49:01,GUIDED,False,-7.9263089,112.5948914,152.03,0.0,0.0,TRACKING_BUOY,,
1785926941.437,2026-08-05 17:49:01,GUIDED,False,-7.9263125,112.5948936,152.03,0.0,0.0,TRACKING_BUOY,,
1785926941.574,2026-08-05 17:49:01,GUIDED,False,-7.9263149,112.5948928,152.04,0.0,0.0,TRACKING_BUOY,,
1785926941.708,2026-08-05 17:49:01,GUIDED,False,-7.9263149,112.5948928,152.05,0.0,0.0,TRACKING_BUOY,,
1785926941.846,2026-08-05 17:49:01,GUIDED,False,-7.9263204,112.5948911,152.06,0.0,0.0,TRACKING_BUOY,,
1785926941.981,2026-08-05 17:49:01,GUIDED,False,-7.926321,112.5948879,152.05,0.0,0.0,TRACKING_BUOY,,
1785926942.196,2026-08-05 17:49:02,GUIDED,False,-7.926321,112.5948879,152.05,0.0,0.0,TRACKING_BUOY,,
1785926942.516,2026-08-05 17:49:02,GUIDED,False,-7.9263279,112.5948855,152.09,0.0,0.0,TRACKING_BUOY,,
1785926942.661,2026-08-05 17:49:02,GUIDED,False,-7.9263279,112.5948855,152.1,0.0,0.0,TRACKING_BUOY,,
1785926942.798,2026-08-05 17:49:02,GUIDED,False,-7.9263293,112.5948829,152.1,0.0,0.0,TRACKING_BUOY,,
1785926942.932,2026-08-05 17:49:02,GUIDED,False,-7.9263304,112.5948799,152.09,0.0,0.0,TRACKING_BUOY,,
1785926943.075,2026-08-05 17:49:03,GUIDED,False,-7.9263304,112.5948799,152.1,0.0,0.0,TRACKING_BUOY,,
1785926943.211,2026-08-05 17:49:03,GUIDED,False,-7.9263313,112.5948764,152.08,0.0,0.0,TRACKING_BUOY,,
1785926943.361,2026-08-05 17:49:03,GUIDED,False,-7.9263314,112.5948744,152.07,0.0,0.0,TRACKING_BUOY,,
1785926943.498,2026-08-05 17:49:03,GUIDED,False,-7.9263314,112.5948744,152.07,0.0,0.0,TRACKING_BUOY,,
1785926943.635,2026-08-05 17:49:03,GUIDED,False,-7.9263314,112.594872,152.07,0.0,0.0,TRACKING_BUOY,,
1785926943.774,2026-08-05 17:49:03,GUIDED,False,-7.9263309,112.5948701,152.07,0.0,0.0,TRACKING_BUOY,,
1785926943.921,2026-08-05 17:49:03,GUIDED,False,-7.9263309,112.5948701,152.06,0.0,0.0,TRACKING_BUOY,,
1785926944.060,2026-08-05 17:49:04,GUIDED,False,-7.926333,112.5948681,152.06,0.0,0.0,TRACKING_BUOY,,
1785926944.201,2026-08-05 17:49:04,GUIDED,False,-7.926333,112.5948681,152.05,0.0,0.0,TRACKING_BUOY,,
1785926944.339,2026-08-05 17:49:04,GUIDED,False,-7.9263351,112.5948664,152.05,0.0,0.0,TRACKING_BUOY,,
1785926944.473,2026-08-05 17:49:04,GUIDED,False,-7.9263369,112.5948634,152.05,0.0,0.0,TRACKING_BUOY,,
1785926944.616,2026-08-05 17:49:04,GUIDED,False,-7.9263388,112.5948607,152.05,0.0,0.0,TRACKING_BUOY,,
1785926944.904,2026-08-05 17:49:04,GUIDED,False,-7.9263399,112.5948591,152.06,0.0,0.0,TRACKING_BUOY,,
1785926945.041,2026-08-05 17:49:05,GUIDED,False,-7.9263417,112.5948575,152.05,0.0,0.0,TRACKING_BUOY,,
1785926945.197,2026-08-05 17:49:05,GUIDED,False,-7.9263417,112.5948575,152.06,0.0,0.0,TRACKING_BUOY,,
1785926945.338,2026-08-05 17:49:05,GUIDED,False,-7.926342,112.5948577,152.05,0.0,0.0,TRACKING_BUOY,,
1785926945.476,2026-08-05 17:49:05,GUIDED,False,-7.926342,112.5948577,152.04,0.0,0.0,TRACKING_BUOY,,
1785926945.624,2026-08-05 17:49:05,GUIDED,False,-7.9263391,112.5948597,152.06,0.0,0.0,TRACKING_BUOY,,
1785926945.762,2026-08-05 17:49:05,GUIDED,False,-7.9263361,112.5948607,152.06,0.0,0.0,TRACKING_BUOY,,
1785926945.902,2026-08-05 17:49:05,GUIDED,False,-7.9263361,112.5948607,152.06,0.0,0.0,TRACKING_BUOY,,
1785926946.043,2026-08-05 17:49:06,GUIDED,False,-7.9263327,112.5948624,152.08,0.0,0.0,TRACKING_BUOY,,
1785926946.184,2026-08-05 17:49:06,GUIDED,False,-7.9263282,112.594874,152.09,0.0,0.0,TRACKING_BUOY,,
1785926946.327,2026-08-05 17:49:06,GUIDED,False,-7.9263225,112.5948897,152.06,0.0,0.0,TRACKING_BUOY,,
1785926946.460,2026-08-05 17:49:06,GUIDED,False,-7.9263225,112.5948897,152.05,0.0,0.0,TRACKING_BUOY,,
1785926946.601,2026-08-05 17:49:06,GUIDED,False,-7.9263189,112.5948965,152.04,0.0,0.0,TRACKING_BUOY,,
1785926946.743,2026-08-05 17:49:06,GUIDED,False,-7.9263189,112.5948965,152.05,0.0,0.0,TRACKING_BUOY,,
1785926946.889,2026-08-05 17:49:06,GUIDED,False,-7.9263168,112.5949042,152.04,0.0,0.0,TRACKING_BUOY,,
1785926947.028,2026-08-05 17:49:07,GUIDED,False,-7.9263168,112.5949042,152.06,0.0,0.0,TRACKING_BUOY,,
1785926947.190,2026-08-05 17:49:07,GUIDED,False,-7.9263127,112.5949137,152.06,0.0,0.0,TRACKING_BUOY,,
1785926947.335,2026-08-05 17:49:07,GUIDED,False,-7.9263348,112.5949401,152.06,0.0,0.0,TRACKING_BUOY,,
1785926947.472,2026-08-05 17:49:07,GUIDED,False,-7.9263348,112.5949401,152.07,0.0,0.0,TRACKING_BUOY,,
1785926947.614,2026-08-05 17:49:07,GUIDED,False,-7.926336,112.5949586,152.08,0.0,0.0,TRACKING_BUOY,,
1785926947.752,2026-08-05 17:49:07,GUIDED,False,-7.9263429,112.5949651,152.06,0.0,0.0,TRACKING_BUOY,,
1785926947.889,2026-08-05 17:49:07,GUIDED,False,-7.9263429,112.5949651,152.08,0.0,0.0,TRACKING_BUOY,,
1785926948.027,2026-08-05 17:49:08,GUIDED,False,-7.9263513,112.5949643,152.08,0.0,0.0,TRACKING_BUOY,,
1785926948.191,2026-08-05 17:49:08,GUIDED,False,-7.9263513,112.5949643,152.09,0.0,0.0,TRACKING_BUOY,,
1785926948.334,2026-08-05 17:49:08,GUIDED,False,-7.9263669,112.5949623,152.08,0.0,0.0,TRACKING_BUOY,,
1785926948.473,2026-08-05 17:49:08,GUIDED,False,-7.9263669,112.5949623,152.09,0.0,0.0,TRACKING_BUOY,,
1785926948.611,2026-08-05 17:49:08,GUIDED,False,-7.9263707,112.5949605,152.11,0.0,0.0,TRACKING_BUOY,,
1785926948.751,2026-08-05 17:49:08,GUIDED,False,-7.9263778,112.5949503,152.11,0.0,0.0,TRACKING_BUOY,,
1785926948.888,2026-08-05 17:49:08,GUIDED,False,-7.9263778,112.5949503,152.1,0.0,0.0,TRACKING_BUOY,,
1785926949.025,2026-08-05 17:49:09,GUIDED,False,-7.9263796,112.5949453,152.08,0.0,0.0,TRACKING_BUOY,,
1785926949.167,2026-08-05 17:49:09,GUIDED,False,-7.9263796,112.5949453,152.09,0.0,0.0,TRACKING_BUOY,,
1785926949.513,2026-08-05 17:49:09,GUIDED,False,-7.9263797,112.5949341,152.11,0.0,0.0,TRACKING_BUOY,,
1785926949.711,2026-08-05 17:49:09,GUIDED,False,-7.9263788,112.5949367,152.1,0.0,0.0,TRACKING_BUOY,,
1785926949.856,2026-08-05 17:49:09,GUIDED,False,-7.9263788,112.5949367,152.1,0.0,0.0,TRACKING_BUOY,,
1785926949.992,2026-08-05 17:49:09,GUIDED,False,-7.9263745,112.5949359,152.11,0.0,0.0,TRACKING_BUOY,,
1785926950.126,2026-08-05 17:49:10,GUIDED,False,-7.9263745,112.5949359,152.1,0.0,0.0,TRACKING_BUOY,,
1785926950.264,2026-08-05 17:49:10,GUIDED,False,-7.9263701,112.5949347,152.1,0.0,0.0,TRACKING_BUOY,,
1785926950.397,2026-08-05 17:49:10,GUIDED,False,-7.9263643,112.5949364,152.08,0.0,0.0,TRACKING_BUOY,,
1785926950.532,2026-08-05 17:49:10,GUIDED,False,-7.9263593,112.5949355,152.09,0.0,0.0,TRACKING_BUOY,,
1785926950.684,2026-08-05 17:49:10,GUIDED,False,-7.9263593,112.5949355,152.09,0.0,0.0,TRACKING_BUOY,,
1785926950.843,2026-08-05 17:49:10,GUIDED,False,-7.9263555,112.5949305,152.08,0.0,0.0,TRACKING_BUOY,,
1785926950.983,2026-08-05 17:49:10,GUIDED,False,-7.9263514,112.5949274,152.08,0.0,0.0,TRACKING_BUOY,,
1785926951.122,2026-08-05 17:49:11,GUIDED,False,-7.9263514,112.5949274,152.08,0.0,0.0,TRACKING_BUOY,,
1785926951.260,2026-08-05 17:49:11,GUIDED,False,-7.9263474,112.5949277,152.08,0.0,0.0,TRACKING_BUOY,,
1785926951.397,2026-08-05 17:49:11,GUIDED,False,-7.9263431,112.5949267,152.09,0.0,0.0,TRACKING_BUOY,,
1785926951.537,2026-08-05 17:49:11,GUIDED,False,-7.9263377,112.594927,152.11,0.0,0.0,TRACKING_BUOY,,
1785926951.675,2026-08-05 17:49:11,GUIDED,False,-7.9263377,112.594927,152.11,0.0,0.0,TRACKING_BUOY,,
1785926951.845,2026-08-05 17:49:11,GUIDED,False,-7.9263345,112.5949279,152.1,0.0,0.0,TRACKING_BUOY,,
1785926951.988,2026-08-05 17:49:11,GUIDED,False,-7.9263301,112.5949298,152.11,0.0,0.0,TRACKING_BUOY,,
1785926952.280,2026-08-05 17:49:12,GUIDED,False,-7.9263256,112.5949318,152.12,0.0,0.0,TRACKING_BUOY,,
1785926952.583,2026-08-05 17:49:12,GUIDED,False,-7.9263176,112.5949334,152.12,0.0,0.0,TRACKING_BUOY,,
1785926952.749,2026-08-05 17:49:12,GUIDED,False,-7.9263154,112.5949326,152.1,0.0,0.0,TRACKING_BUOY,,
1785926952.926,2026-08-05 17:49:12,GUIDED,False,-7.9263133,112.5949318,152.09,0.0,0.0,TRACKING_BUOY,,
1785926953.158,2026-08-05 17:49:13,GUIDED,False,-7.9263124,112.5949331,152.1,0.0,0.0,TRACKING_BUOY,,
1785926953.775,2026-08-05 17:49:13,GUIDED,False,-7.9263117,112.5949361,152.12,0.0,0.0,TRACKING_BUOY,,
1785926953.928,2026-08-05 17:49:13,GUIDED,False,-7.9263115,112.5949365,152.11,0.0,0.0,TRACKING_BUOY,,
1785926954.071,2026-08-05 17:49:14,GUIDED,False,-7.9263115,112.5949365,152.12,0.0,0.0,TRACKING_BUOY,,
1785926954.262,2026-08-05 17:49:14,GUIDED,False,-7.9263102,112.5949379,152.12,0.0,0.0,TRACKING_BUOY,,
1785926954.453,2026-08-05 17:49:14,GUIDED,False,-7.9263087,112.5949391,152.12,0.0,0.0,TRACKING_BUOY,,
1785926954.594,2026-08-05 17:49:14,GUIDED,False,-7.9263066,112.5949401,152.13,0.0,0.0,TRACKING_BUOY,,
1785926954.739,2026-08-05 17:49:14,GUIDED,False,-7.9263056,112.5949385,152.13,0.0,0.0,TRACKING_BUOY,,
1785926954.880,2026-08-05 17:49:14,GUIDED,False,-7.9263056,112.5949385,152.12,0.0,0.0,TRACKING_BUOY,,
1785926955.017,2026-08-05 17:49:15,GUIDED,False,-7.9263042,112.5949371,152.13,0.0,0.0,TRACKING_BUOY,,
1785926955.164,2026-08-05 17:49:15,GUIDED,False,-7.9263029,112.5949363,152.12,0.0,0.0,TRACKING_BUOY,,
1785926955.312,2026-08-05 17:49:15,GUIDED,False,-7.9263011,112.5949351,152.11,0.0,0.0,TRACKING_BUOY,,
1785926955.481,2026-08-05 17:49:15,GUIDED,False,-7.9263011,112.5949351,152.12,0.0,0.0,TRACKING_BUOY,,
1785926955.671,2026-08-05 17:49:15,GUIDED,False,-7.9262975,112.5949304,152.11,0.0,0.0,TRACKING_BUOY,,
1785926955.805,2026-08-05 17:49:15,GUIDED,False,-7.9262911,112.594926,152.12,0.0,0.0,TRACKING_BUOY,,
1785926955.944,2026-08-05 17:49:15,GUIDED,False,-7.9262848,112.5949197,152.13,0.0,0.0,TRACKING_BUOY,,
1785926956.086,2026-08-05 17:49:16,GUIDED,False,-7.9262848,112.5949197,152.13,0.0,0.0,TRACKING_BUOY,,
1785926956.229,2026-08-05 17:49:16,GUIDED,False,-7.9262814,112.5949181,152.14,0.0,0.0,TRACKING_BUOY,,
1785926956.373,2026-08-05 17:49:16,GUIDED,False,-7.9262783,112.5949186,152.15,0.0,0.0,TRACKING_BUOY,,
1785926956.517,2026-08-05 17:49:16,GUIDED,False,-7.9262752,112.5949241,152.15,0.0,0.0,TRACKING_BUOY,,
1785926956.661,2026-08-05 17:49:16,GUIDED,False,-7.9262752,112.5949241,152.15,0.0,0.0,TRACKING_BUOY,,
1785926956.829,2026-08-05 17:49:16,GUIDED,False,-7.9262728,112.5949266,152.15,0.0,0.0,TRACKING_BUOY,,
1785926956.971,2026-08-05 17:49:16,GUIDED,False,-7.9262712,112.5949242,152.14,0.0,0.0,TRACKING_BUOY,,
1785926957.299,2026-08-05 17:49:17,GUIDED,False,-7.9262694,112.5949232,152.15,0.0,0.0,TRACKING_BUOY,,
1785926957.441,2026-08-05 17:49:17,GUIDED,False,-7.9262672,112.594926,152.13,0.0,0.0,TRACKING_BUOY,,
1785926957.584,2026-08-05 17:49:17,GUIDED,False,-7.9262633,112.5949261,152.14,0.0,0.0,TRACKING_BUOY,,
1785926957.727,2026-08-05 17:49:17,GUIDED,False,-7.9262599,112.5949271,152.14,0.0,0.0,TRACKING_BUOY,,
1785926957.863,2026-08-05 17:49:17,GUIDED,False,-7.9262599,112.5949271,152.14,0.0,0.0,TRACKING_BUOY,,
1785926958.003,2026-08-05 17:49:18,GUIDED,False,-7.9262564,112.5949282,152.14,0.0,0.0,TRACKING_BUOY,,
1785926958.146,2026-08-05 17:49:18,GUIDED,False,-7.9262564,112.5949282,152.13,0.0,0.0,TRACKING_BUOY,,
1785926958.319,2026-08-05 17:49:18,GUIDED,False,-7.9262476,112.5949256,152.15,0.0,0.0,TRACKING_BUOY,,
1785926958.578,2026-08-05 17:49:18,GUIDED,False,-7.9262435,112.594924,152.16,0.0,0.0,TRACKING_BUOY,,
1785926958.775,2026-08-05 17:49:18,GUIDED,False,-7.9262396,112.5949205,152.16,0.0,0.0,TRACKING_BUOY,,
1785926958.906,2026-08-05 17:49:18,GUIDED,False,-7.9262396,112.5949205,152.15,0.0,0.0,TRACKING_BUOY,,
1785926959.047,2026-08-05 17:49:19,GUIDED,False,-7.9262367,112.5949206,152.14,0.0,0.0,TRACKING_BUOY,,
1785926959.184,2026-08-05 17:49:19,GUIDED,False,-7.9262345,112.594921,152.14,0.0,0.0,TRACKING_BUOY,,
1785926959.329,2026-08-05 17:49:19,GUIDED,False,-7.9262318,112.5949201,152.12,0.0,0.0,TRACKING_BUOY,,
1785926959.479,2026-08-05 17:49:19,GUIDED,False,-7.9262318,112.5949201,152.12,0.0,0.0,TRACKING_BUOY,,
1785926959.621,2026-08-05 17:49:19,GUIDED,False,-7.9262292,112.5949171,152.14,0.0,0.0,TRACKING_BUOY,,
1785926959.762,2026-08-05 17:49:19,GUIDED,False,-7.9262268,112.594914,152.13,0.0,0.0,TRACKING_BUOY,,
1785926959.904,2026-08-05 17:49:19,GUIDED,False,-7.9262268,112.594914,152.13,0.0,0.0,TRACKING_BUOY,,
1785926960.041,2026-08-05 17:49:20,GUIDED,False,-7.9262236,112.5949125,152.13,0.0,0.0,TRACKING_BUOY,,
1785926960.179,2026-08-05 17:49:20,GUIDED,False,-7.9262236,112.5949125,152.12,0.0,0.0,TRACKING_BUOY,,
1785926960.315,2026-08-05 17:49:20,GUIDED,False,-7.9262161,112.5949094,152.13,0.0,0.0,TRACKING_BUOY,,
1785926960.451,2026-08-05 17:49:20,GUIDED,False,-7.9262161,112.5949094,152.15,0.0,0.0,TRACKING_BUOY,,
1785926960.589,2026-08-05 17:49:20,GUIDED,False,-7.9262117,112.5949085,152.15,0.0,0.0,TRACKING_BUOY,,
1785926960.726,2026-08-05 17:49:20,GUIDED,False,-7.9262067,112.5949051,152.15,0.0,0.0,TRACKING_BUOY,,
1785926960.864,2026-08-05 17:49:20,GUIDED,False,-7.9262067,112.5949051,152.16,0.0,0.0,TRACKING_BUOY,,
1785926961.000,2026-08-05 17:49:20,GUIDED,False,-7.9262016,112.5949021,152.14,0.0,0.0,TRACKING_BUOY,,
1785926961.149,2026-08-05 17:49:21,GUIDED,False,-7.9261961,112.5948977,152.13,0.0,0.0,TRACKING_BUOY,,
1785926961.287,2026-08-05 17:49:21,GUIDED,False,-7.9261961,112.5948977,152.13,0.0,0.0,TRACKING_BUOY,,
1785926961.602,2026-08-05 17:49:21,GUIDED,False,-7.9261855,112.5948995,152.13,0.0,0.0,TRACKING_BUOY,,
1785926961.898,2026-08-05 17:49:21,GUIDED,False,-7.9261815,112.594902,152.13,0.0,0.0,TRACKING_BUOY,,
1785926962.403,2026-08-05 17:49:22,GUIDED,False,-7.9261707,112.5949176,152.16,0.0,0.0,TRACKING_BUOY,,
1785926962.563,2026-08-05 17:49:22,GUIDED,False,-7.9261661,112.5949163,152.17,0.0,0.0,TRACKING_BUOY,,
1785926962.752,2026-08-05 17:49:22,GUIDED,False,-7.9261622,112.5949128,152.17,0.0,0.0,TRACKING_BUOY,,
1785926962.951,2026-08-05 17:49:22,GUIDED,False,-7.9261587,112.5949093,152.15,0.0,0.0,TRACKING_BUOY,,
1785926963.114,2026-08-05 17:49:23,GUIDED,False,-7.9261558,112.5949064,152.15,0.0,0.0,TRACKING_BUOY,,
1785926963.265,2026-08-05 17:49:23,GUIDED,False,-7.9261558,112.5949064,152.17,0.0,0.0,TRACKING_BUOY,,
1785926963.667,2026-08-05 17:49:23,GUIDED,False,-7.9261507,112.594909,152.18,0.0,0.0,TRACKING_BUOY,,
1785926963.877,2026-08-05 17:49:23,GUIDED,False,-7.9261471,112.594906,152.19,0.0,0.0,TRACKING_BUOY,,
1785926964.062,2026-08-05 17:49:24,GUIDED,False,-7.9261414,112.5949033,152.2,0.0,0.0,TRACKING_BUOY,,
1785926964.210,2026-08-05 17:49:24,GUIDED,False,-7.9261352,112.5948991,152.21,0.0,0.0,TRACKING_BUOY,,
1785926964.346,2026-08-05 17:49:24,GUIDED,False,-7.926131,112.5948944,152.21,0.0,0.0,TRACKING_BUOY,,
1785926964.485,2026-08-05 17:49:24,GUIDED,False,-7.926131,112.5948944,152.21,0.0,0.0,TRACKING_BUOY,,
1785926964.623,2026-08-05 17:49:24,GUIDED,False,-7.9261284,112.5948922,152.21,0.0,0.0,TRACKING_BUOY,,
1785926964.763,2026-08-05 17:49:24,GUIDED,False,-7.9261246,112.5948905,152.22,0.0,0.0,TRACKING_BUOY,,
1785926964.936,2026-08-05 17:49:24,GUIDED,False,-7.9261206,112.5948887,152.21,0.0,0.0,TRACKING_BUOY,,
1785926965.093,2026-08-05 17:49:25,GUIDED,False,-7.9261206,112.5948887,152.21,0.0,0.0,TRACKING_BUOY,,
1785926965.236,2026-08-05 17:49:25,GUIDED,False,-7.926116,112.5948858,152.2,0.0,0.0,TRACKING_BUOY,,
1785926965.421,2026-08-05 17:49:25,GUIDED,False,-7.9261124,112.5948818,152.2,0.0,0.0,TRACKING_BUOY,,
1785926965.562,2026-08-05 17:49:25,GUIDED,False,-7.9261092,112.5948819,152.21,0.0,0.0,TRACKING_BUOY,,
1785926965.713,2026-08-05 17:49:25,GUIDED,False,-7.9261065,112.5948851,152.21,0.0,0.0,TRACKING_BUOY,,
1785926965.910,2026-08-05 17:49:25,GUIDED,False,-7.9261041,112.5948848,152.23,0.0,0.0,TRACKING_BUOY,,
1785926966.095,2026-08-05 17:49:26,GUIDED,False,-7.9261041,112.5948848,152.22,0.0,0.0,TRACKING_BUOY,,
1785926966.288,2026-08-05 17:49:26,GUIDED,False,-7.9261019,112.5948853,152.21,0.0,0.0,TRACKING_BUOY,,
1785926966.472,2026-08-05 17:49:26,GUIDED,False,-7.9261004,112.5948858,152.21,0.0,0.0,TRACKING_BUOY,,
1785926966.659,2026-08-05 17:49:26,GUIDED,False,-7.9260989,112.5948872,152.2,0.0,0.0,TRACKING_BUOY,,
1785926966.864,2026-08-05 17:49:26,GUIDED,False,-7.9260974,112.5948879,152.19,0.0,0.0,TRACKING_BUOY,,
1785926967.312,2026-08-05 17:49:27,GUIDED,False,-7.9260862,112.5948865,152.22,0.0,0.0,TRACKING_BUOY,,
1785926967.478,2026-08-05 17:49:27,GUIDED,False,-7.9260862,112.5948865,152.22,0.0,0.0,TRACKING_BUOY,,
1785926967.615,2026-08-05 17:49:27,GUIDED,False,-7.9260843,112.5948823,152.21,0.0,0.0,TRACKING_BUOY,,
1785926967.752,2026-08-05 17:49:27,GUIDED,False,-7.9260839,112.5948814,152.21,0.0,0.0,TRACKING_BUOY,,
1785926967.889,2026-08-05 17:49:27,GUIDED,False,-7.9260839,112.5948814,152.21,0.0,0.0,TRACKING_BUOY,,
1785926968.027,2026-08-05 17:49:28,GUIDED,False,-7.926084,112.5948818,152.21,0.0,0.0,TRACKING_BUOY,,
1785926968.170,2026-08-05 17:49:28,GUIDED,False,-7.926084,112.5948818,152.21,0.0,0.0,TRACKING_BUOY,,
1785926968.311,2026-08-05 17:49:28,GUIDED,False,-7.9260818,112.5948825,152.23,0.0,0.0,TRACKING_BUOY,,
1785926968.445,2026-08-05 17:49:28,GUIDED,False,-7.9260818,112.5948825,152.23,0.0,0.0,TRACKING_BUOY,,
1785926968.594,2026-08-05 17:49:28,GUIDED,False,-7.926079,112.5948806,152.23,0.0,0.0,TRACKING_BUOY,,
1785926968.727,2026-08-05 17:49:28,GUIDED,False,-7.926076,112.594875,152.25,0.0,0.0,TRACKING_BUOY,,
1785926968.869,2026-08-05 17:49:28,GUIDED,False,-7.926076,112.594875,152.24,0.0,0.0,TRACKING_BUOY,,
1785926969.017,2026-08-05 17:49:29,GUIDED,False,-7.9260732,112.5948743,152.23,0.0,0.0,TRACKING_BUOY,,
1785926969.154,2026-08-05 17:49:29,GUIDED,False,-7.9260732,112.5948743,152.22,0.0,0.0,TRACKING_BUOY,,
1785926969.302,2026-08-05 17:49:29,GUIDED,False,-7.9260699,112.5948756,152.21,0.0,0.0,TRACKING_BUOY,,
1785926969.442,2026-08-05 17:49:29,GUIDED,False,-7.9260685,112.5948744,152.22,0.0,0.0,TRACKING_BUOY,,
1785926969.598,2026-08-05 17:49:29,GUIDED,False,-7.9260675,112.5948718,152.22,0.0,0.0,TRACKING_BUOY,,
1785926969.766,2026-08-05 17:49:29,GUIDED,False,-7.9260668,112.5948723,152.23,0.0,0.0,TRACKING_BUOY,,
1785926969.911,2026-08-05 17:49:29,GUIDED,False,-7.9260642,112.5948707,152.25,0.0,0.0,TRACKING_BUOY,,
1785926970.050,2026-08-05 17:49:30,GUIDED,False,-7.9260642,112.5948707,152.25,0.0,0.0,TRACKING_BUOY,,
1785926970.208,2026-08-05 17:49:30,GUIDED,False,-7.9260642,112.5948707,152.26,0.0,0.0,TRACKING_BUOY,,
1785926970.445,2026-08-05 17:49:30,GUIDED,False,-7.9260663,112.5948715,152.27,0.0,0.0,TRACKING_BUOY,,
1785926970.580,2026-08-05 17:49:30,GUIDED,False,-7.92607,112.5948756,152.27,0.0,0.0,TRACKING_BUOY,,
1785926970.726,2026-08-05 17:49:30,GUIDED,False,-7.9260717,112.5948723,152.26,0.0,0.0,TRACKING_BUOY,,
1785926970.912,2026-08-05 17:49:30,GUIDED,False,-7.9260712,112.5948661,152.26,0.0,0.0,TRACKING_BUOY,,
1785926971.049,2026-08-05 17:49:31,GUIDED,False,-7.9260712,112.5948661,152.25,0.0,0.0,TRACKING_BUOY,,
1785926971.190,2026-08-05 17:49:31,GUIDED,False,-7.9260712,112.5948661,152.26,0.0,0.0,TRACKING_BUOY,,
1785926971.366,2026-08-05 17:49:31,GUIDED,False,-7.9260706,112.5948594,152.25,0.0,0.0,TRACKING_BUOY,,
1785926971.725,2026-08-05 17:49:31,GUIDED,False,-7.9260703,112.5948601,152.24,0.0,0.0,TRACKING_BUOY,,
1785926972.093,2026-08-05 17:49:32,GUIDED,False,-7.9260686,112.5948629,152.25,0.0,0.0,TRACKING_BUOY,,
1785926972.256,2026-08-05 17:49:32,GUIDED,False,-7.9260669,112.5948636,152.24,0.0,0.0,TRACKING_BUOY,,
1785926972.421,2026-08-05 17:49:32,GUIDED,False,-7.9260657,112.5948632,152.26,0.0,0.0,TRACKING_BUOY,,
1785926972.569,2026-08-05 17:49:32,GUIDED,False,-7.9260646,112.5948625,152.26,0.0,0.0,TRACKING_BUOY,,
1785926972.705,2026-08-05 17:49:32,GUIDED,False,-7.9260646,112.5948625,152.24,0.0,0.0,TRACKING_BUOY,,
1785926972.875,2026-08-05 17:49:32,GUIDED,False,-7.9260636,112.5948612,152.25,0.0,0.0,TRACKING_BUOY,,
1785926973.044,2026-08-05 17:49:33,GUIDED,False,-7.9260635,112.5948594,152.24,0.0,0.0,TRACKING_BUOY,,
1785926973.190,2026-08-05 17:49:33,GUIDED,False,-7.9260635,112.5948594,152.26,0.0,0.0,TRACKING_BUOY,,
1785926973.355,2026-08-05 17:49:33,GUIDED,False,-7.9260642,112.5948583,152.27,0.0,0.0,TRACKING_BUOY,,
1785926973.533,2026-08-05 17:49:33,GUIDED,False,-7.9260645,112.5948623,152.27,0.0,0.0,TRACKING_BUOY,,
1785926973.777,2026-08-05 17:49:33,GUIDED,False,-7.926065,112.5948677,152.27,0.0,0.0,TRACKING_BUOY,,
1785926973.951,2026-08-05 17:49:33,GUIDED,False,-7.9260656,112.5948693,152.27,0.0,0.0,TRACKING_BUOY,,
1785926974.090,2026-08-05 17:49:34,GUIDED,False,-7.9260656,112.5948693,152.27,0.0,0.0,TRACKING_BUOY,,
1785926974.252,2026-08-05 17:49:34,GUIDED,False,-7.9260662,112.5948676,152.26,0.0,0.0,TRACKING_BUOY,,
1785926974.436,2026-08-05 17:49:34,GUIDED,False,-7.9260661,112.594865,152.29,0.0,0.0,TRACKING_BUOY,,
1785926974.573,2026-08-05 17:49:34,GUIDED,False,-7.9260641,112.5948611,152.3,0.0,0.0,TRACKING_BUOY,,
