timestamp,iso_time,mode,armed,lat,lng,heading,sog_knots,battery_v,state,gate_x,error_px
1785885481.271,2026-08-05 06:18:01,GUIDED,True,-7.9262378,112.5948638,138.19,0.0,0.0,IDLE,,
1785885481.674,2026-08-05 06:18:01,GUIDED,True,-7.9262377,112.5948644,138.19,0.0,0.0,IDLE,,
1785885481.817,2026-08-05 06:18:01,GUIDED,True,-7.9262376,112.5948645,138.19,0.0,0.0,IDLE,,
1785885481.967,2026-08-05 06:18:01,GUIDED,True,-7.9262376,112.5948647,138.19,0.0,0.0,IDLE,,
1785885482.171,2026-08-05 06:18:02,GUIDED,True,-7.9262377,112.5948649,138.18,0.0,0.0,IDLE,,
1785885482.304,2026-08-05 06:18:02,GUIDED,True,-7.9262377,112.5948649,138.18,0.0,0.0,IDLE,,
1785885482.445,2026-08-05 06:18:02,GUIDED,True,-7.9262377,112.594865,138.18,0.0,0.0,IDLE,,
1785885482.594,2026-08-05 06:18:02,GUIDED,True,-7.9262377,112.5948649,138.18,0.0,0.0,IDLE,,
1785885482.739,2026-08-05 06:18:02,GUIDED,True,-7.9262377,112.5948649,138.18,0.0,0.0,IDLE,,
1785885482.877,2026-08-05 06:18:02,GUIDED,True,-7.9262377,112.594865,138.18,0.0,0.0,IDLE,,
1785885483.014,2026-08-05 06:18:03,GUIDED,True,-7.9262378,112.594865,138.18,0.0,0.0,IDLE,,
1785885483.169,2026-08-05 06:18:03,GUIDED,True,-7.9262378,112.594865,138.18,0.0,0.0,IDLE,,
1785885483.313,2026-08-05 06:18:03,GUIDED,True,-7.9262378,112.5948652,138.17,0.0,0.0,IDLE,,
1785885483.461,2026-08-05 06:18:03,GUIDED,True,-7.9262378,112.5948652,138.17,0.0,0.0,IDLE,,
1785885483.668,2026-08-05 06:18:03,GUIDED,True,-7.9262378,112.594865,138.17,0.0,0.0,IDLE,,
1785885483.847,2026-08-05 06:18:03,GUIDED,True,-7.9262378,112.5948647,138.16,0.0,0.0,IDLE,,
1785885484.054,2026-08-05 06:18:04,GUIDED,True,-7.9262375,112.5948641,138.17,0.0,0.0,IDLE,,
1785885484.264,2026-08-05 06:18:04,GUIDED,True,-7.9262373,112.5948636,138.16,0.0,0.0,IDLE,,
1785885484.414,2026-08-05 06:18:04,GUIDED,True,-7.9262371,112.5948626,138.16,0.0,0.0,IDLE,,
1785885484.563,2026-08-05 06:18:04,GUIDED,True,-7.926237,112.5948623,138.16,0.0,0.0,IDLE,,
1785885484.712,2026-08-05 06:18:04,GUIDED,True,-7.9262369,112.5948617,138.16,0.0,0.0,IDLE,,
1785885484.867,2026-08-05 06:18:04,GUIDED,True,-7.9262367,112.5948612,138.16,0.0,0.0,IDLE,,
1785885485.000,2026-08-05 06:18:05,GUIDED,True,-7.9262366,112.594861,138.16,0.0,0.0,IDLE,,
1785885485.132,2026-08-05 06:18:05,GUIDED,True,-7.9262363,112.5948606,138.16,0.0,0.0,IDLE,,
1785885485.298,2026-08-05 06:18:05,GUIDED,True,-7.9262359,112.5948604,138.16,0.0,0.0,IDLE,,
1785885485.448,2026-08-05 06:18:05,GUIDED,True,-7.9262357,112.5948603,138.16,0.0,0.0,IDLE,,
1785885485.608,2026-08-05 06:18:05,GUIDED,True,-7.9262354,112.5948604,138.16,0.0,0.0,IDLE,,
1785885485.744,2026-08-05 06:18:05,GUIDED,True,-7.9262354,112.5948605,138.16,0.0,0.0,IDLE,,
1785885485.879,2026-08-05 06:18:05,GUIDED,True,-7.9262353,112.5948606,138.16,0.0,0.0,IDLE,,
1785885486.028,2026-08-05 06:18:06,GUIDED,True,-7.9262351,112.5948608,138.16,0.0,0.0,IDLE,,
1785885486.178,2026-08-05 06:18:06,GUIDED,True,-7.926235,112.5948608,138.16,0.0,0.0,IDLE,,
1785885486.321,2026-08-05 06:18:06,GUIDED,True,-7.9262347,112.5948613,138.16,0.0,0.0,IDLE,,
1785885486.487,2026-08-05 06:18:06,GUIDED,True,-7.9262346,112.5948616,138.17,0.0,0.0,IDLE,,
1785885486.633,2026-08-05 06:18:06,GUIDED,True,-7.9262342,112.5948619,138.17,0.0,0.0,IDLE,,
1785885486.772,2026-08-05 06:18:06,GUIDED,True,-7.9262341,112.5948619,138.17,0.0,0.0,IDLE,,
1785885486.911,2026-08-05 06:18:06,GUIDED,True,-7.9262337,112.5948619,138.17,0.0,0.0,IDLE,535,215
1785885487.046,2026-08-05 06:18:07,GUIDED,True,-7.9262336,112.5948615,138.16,0.0,0.0,IDLE,,
1785885487.191,2026-08-05 06:18:07,GUIDED,True,-7.9262335,112.5948613,138.16,0.0,0.0,IDLE,,
1785885487.324,2026-08-05 06:18:07,GUIDED,True,-7.9262336,112.5948601,138.16,0.0,0.0,IDLE,,
1785885487.670,2026-08-05 06:18:07,GUIDED,True,-7.926233,112.5948579,138.16,0.0,0.0,IDLE,,
1785885487.821,2026-08-05 06:18:07,GUIDED,True,-7.9262323,112.5948564,138.16,0.0,0.0,IDLE,,
1785885487.965,2026-08-05 06:18:07,GUIDED,True,-7.9262321,112.5948559,138.15,0.0,0.0,IDLE,,
1785885488.098,2026-08-05 06:18:08,GUIDED,True,-7.9262319,112.5948547,138.15,0.0,0.0,IDLE,,
1785885488.232,2026-08-05 06:18:08,GUIDED,True,-7.9262317,112.5948536,138.15,0.0,0.0,IDLE,,
1785885488.367,2026-08-05 06:18:08,GUIDED,True,-7.9262315,112.5948531,138.15,0.0,0.0,IDLE,537,217
1785885488.504,2026-08-05 06:18:08,GUIDED,True,-7.9262313,112.594852,138.15,0.0,0.0,IDLE,,
1785885488.637,2026-08-05 06:18:08,GUIDED,True,-7.9262312,112.5948512,138.15,0.0,0.0,IDLE,,
1785885488.767,2026-08-05 06:18:08,GUIDED,True,-7.9262311,112.5948507,138.15,0.0,0.0,IDLE,,
1785885488.912,2026-08-05 06:18:08,GUIDED,True,-7.9262307,112.5948492,138.15,0.0,0.0,IDLE,,
1785885489.043,2026-08-05 06:18:09,GUIDED,True,-7.9262303,112.5948483,138.14,0.0,0.0,IDLE,,
1785885489.178,2026-08-05 06:18:09,GUIDED,True,-7.9262301,112.5948478,138.14,0.0,0.0,IDLE,,
1785885489.312,2026-08-05 06:18:09,GUIDED,True,-7.9262295,112.5948466,138.15,0.0,0.0,IDLE,,
1785885489.448,2026-08-05 06:18:09,GUIDED,True,-7.9262292,112.5948459,138.15,0.0,0.0,IDLE,537,217
1785885489.582,2026-08-05 06:18:09,GUIDED,True,-7.926229,112.5948455,138.15,0.0,0.0,IDLE,,
1785885489.732,2026-08-05 06:18:09,GUIDED,True,-7.9262288,112.5948441,138.15,0.0,0.0,IDLE,,
1785885489.866,2026-08-05 06:18:09,GUIDED,True,-7.9262289,112.5948433,138.15,0.0,0.0,IDLE,,
1785885490.000,2026-08-05 06:18:10,GUIDED,True,-7.9262289,112.5948428,138.15,0.0,0.0,IDLE,,
1785885490.146,2026-08-05 06:18:10,GUIDED,True,-7.9262294,112.5948419,138.15,0.0,0.0,IDLE,,
1785885490.287,2026-08-05 06:18:10,GUIDED,True,-7.9262296,112.5948417,138.15,0.0,0.0,IDLE,,
1785885490.422,2026-08-05 06:18:10,GUIDED,True,-7.9262298,112.5948412,138.14,0.0,0.0,IDLE,,
1785885490.561,2026-08-05 06:18:10,GUIDED,True,-7.9262299,112.594841,138.15,0.0,0.0,IDLE,,
1785885490.701,2026-08-05 06:18:10,GUIDED,True,-7.9262304,112.5948401,138.14,0.0,0.0,IDLE,,
1785885490.960,2026-08-05 06:18:10,GUIDED,True,-7.926231,112.5948391,138.14,0.0,0.0,IDLE,,
1785885491.287,2026-08-05 06:18:11,GUIDED,True,-7.9262321,112.5948372,138.13,0.0,0.0,IDLE,,
1785885491.456,2026-08-05 06:18:11,GUIDED,True,-7.926233,112.5948364,138.14,0.0,0.0,IDLE,,
1785885491.634,2026-08-05 06:18:11,GUIDED,True,-7.9262334,112.5948361,138.14,0.0,0.0,IDLE,,
1785885491.914,2026-08-05 06:18:11,GUIDED,True,-7.9262335,112.594836,138.14,0.0,0.0,IDLE,,
1785885492.266,2026-08-05 06:18:12,GUIDED,True,-7.9262336,112.594836,138.15,0.0,0.0,IDLE,,
1785885492.406,2026-08-05 06:18:12,GUIDED,True,-7.9262336,112.594836,138.15,0.0,0.0,IDLE,,
1785885492.541,2026-08-05 06:18:12,GUIDED,True,-7.9262332,112.5948362,138.15,0.0,0.0,IDLE,,
1785885492.677,2026-08-05 06:18:12,GUIDED,True,-7.9262331,112.5948364,138.15,0.0,0.0,IDLE,,
1785885492.815,2026-08-05 06:18:12,GUIDED,True,-7.9262329,112.5948367,138.15,0.0,0.0,IDLE,,
1785885492.965,2026-08-05 06:18:12,GUIDED,True,-7.9262328,112.5948369,138.15,0.0,0.0,IDLE,,
1785885493.098,2026-08-05 06:18:13,GUIDED,True,-7.9262327,112.5948377,138.15,0.0,0.0,IDLE,,
1785885493.238,2026-08-05 06:18:13,GUIDED,True,-7.9262325,112.5948384,138.15,0.0,0.0,IDLE,,
1785885493.382,2026-08-05 06:18:13,GUIDED,True,-7.9262325,112.5948387,138.15,0.0,0.0,IDLE,,
1785885493.556,2026-08-05 06:18:13,GUIDED,True,-7.9262327,112.5948398,138.15,0.0,0.0,IDLE,,
1785885493.701,2026-08-05 06:18:13,GUIDED,True,-7.9262331,112.5948405,138.15,0.0,0.0,IDLE,,
1785885493.839,2026-08-05 06:18:13,GUIDED,True,-7.9262337,112.5948407,138.15,0.0,0.0,IDLE,,
1785885493.985,2026-08-05 06:18:13,GUIDED,True,-7.9262339,112.5948409,138.14,0.0,0.0,IDLE,,
1785885494.151,2026-08-05 06:18:14,GUIDED,True,-7.9262343,112.5948415,138.15,0.0,0.0,IDLE,,
1785885494.286,2026-08-05 06:18:14,GUIDED,True,-7.9262345,112.5948417,138.15,0.0,0.0,IDLE,,
1785885494.456,2026-08-05 06:18:14,GUIDED,True,-7.9262349,112.5948417,138.14,0.0,0.0,IDLE,,
1785885494.635,2026-08-05 06:18:14,GUIDED,True,-7.9262355,112.5948419,138.15,0.0,0.0,IDLE,,
1785885494.823,2026-08-05 06:18:14,GUIDED,True,-7.9262365,112.5948425,138.14,0.0,0.0,IDLE,,
1785885494.971,2026-08-05 06:18:14,GUIDED,True,-7.9262369,112.5948426,138.14,0.0,0.0,IDLE,,
1785885495.126,2026-08-05 06:18:15,GUIDED,True,-7.9262381,112.5948431,138.14,0.0,0.0,IDLE,,
1785885495.285,2026-08-05 06:18:15,GUIDED,True,-7.9262388,112.5948433,138.14,0.0,0.0,IDLE,,
1785885495.423,2026-08-05 06:18:15,GUIDED,True,-7.9262393,112.5948432,138.14,0.0,0.0,IDLE,,
1785885495.560,2026-08-05 06:18:15,GUIDED,True,-7.9262394,112.5948429,138.14,0.0,0.0,IDLE,,
1785885495.700,2026-08-05 06:18:15,GUIDED,True,-7.9262398,112.594842,138.14,0.0,0.0,IDLE,,
1785885495.849,2026-08-05 06:18:15,GUIDED,True,-7.9262401,112.5948412,138.14,0.0,0.0,IDLE,,
1785885495.994,2026-08-05 06:18:15,GUIDED,True,-7.9262404,112.5948407,138.14,0.0,0.0,IDLE,,
1785885496.129,2026-08-05 06:18:16,GUIDED,True,-7.926241,112.5948402,138.14,0.0,0.0,IDLE,,
1785885496.265,2026-08-05 06:18:16,GUIDED,True,-7.9262416,112.5948404,138.14,0.0,0.0,IDLE,,
1785885496.406,2026-08-05 06:18:16,GUIDED,True,-7.9262419,112.5948406,138.14,0.0,0.0,IDLE,,
1785885496.574,2026-08-05 06:18:16,GUIDED,True,-7.9262432,112.5948415,138.14,0.0,0.0,IDLE,,
1785885496.721,2026-08-05 06:18:16,GUIDED,True,-7.9262444,112.5948422,138.14,0.0,0.0,IDLE,,
1785885496.871,2026-08-05 06:18:16,GUIDED,True,-7.9262454,112.594843,138.14,0.0,0.0,IDLE,,
1785885497.025,2026-08-05 06:18:17,GUIDED,True,-7.926246,112.5948433,138.14,0.0,0.0,IDLE,,
1785885497.170,2026-08-05 06:18:17,GUIDED,True,-7.9262471,112.5948438,138.13,0.0,0.0,IDLE,,
1785885497.309,2026-08-05 06:18:17,GUIDED,True,-7.926248,112.594844,138.13,0.0,0.0,IDLE,,
1785885497.446,2026-08-05 06:18:17,GUIDED,True,-7.9262483,112.5948441,138.13,0.0,0.0,IDLE,,
1785885497.586,2026-08-05 06:18:17,GUIDED,True,-7.9262485,112.5948441,138.13,0.0,0.0,IDLE,,
1785885497.724,2026-08-05 06:18:17,GUIDED,True,-7.926249,112.5948445,138.13,0.0,0.0,IDLE,,
1785885497.866,2026-08-05 06:18:17,GUIDED,True,-7.9262493,112.5948452,138.13,0.0,0.0,IDLE,,
1785885498.019,2026-08-05 06:18:18,GUIDED,True,-7.92625,112.5948465,138.14,0.0,0.0,IDLE,,
1785885498.170,2026-08-05 06:18:18,GUIDED,True,-7.9262503,112.5948469,138.14,0.0,0.0,IDLE,,
1785885498.310,2026-08-05 06:18:18,GUIDED,True,-7.9262513,112.5948483,138.14,0.0,0.0,IDLE,,
1785885498.451,2026-08-05 06:18:18,GUIDED,True,-7.9262518,112.5948489,138.14,0.0,0.0,IDLE,,
1785885498.590,2026-08-05 06:18:18,GUIDED,True,-7.926252,112.5948492,138.14,0.0,0.0,IDLE,,
1785885498.730,2026-08-05 06:18:18,GUIDED,True,-7.9262525,112.5948501,138.14,0.0,0.0,IDLE,,
1785885498.868,2026-08-05 06:18:18,GUIDED,True,-7.9262526,112.5948507,138.14,0.0,0.0,IDLE,,
1785885499.006,2026-08-05 06:18:19,GUIDED,True,-7.9262527,112.594851,138.14,0.0,0.0,IDLE,,
1785885499.148,2026-08-05 06:18:19,GUIDED,True,-7.926253,112.5948516,138.14,0.0,0.0,IDLE,,
1785885499.293,2026-08-05 06:18:19,GUIDED,True,-7.9262533,112.5948519,138.14,0.0,0.0,IDLE,,
1785885499.436,2026-08-05 06:18:19,GUIDED,True,-7.9262534,112.5948521,138.14,0.0,0.0,IDLE,,
1785885499.581,2026-08-05 06:18:19,GUIDED,False,-7.9262536,112.5948523,138.14,0.0,0.0,IDLE,,
1785885499.731,2026-08-05 06:18:19,GUIDED,False,-7.9262538,112.5948529,138.14,0.0,0.0,IDLE,,
1785885499.922,2026-08-05 06:18:19,GUIDED,False,-7.9262543,112.5948533,138.14,0.0,0.0,IDLE,,
1785885500.070,2026-08-05 06:18:20,GUIDED,False,-7.9262551,112.5948534,138.14,0.0,0.0,IDLE,,
1785885500.217,2026-08-05 06:18:20,GUIDED,False,-7.9262558,112.5948538,138.14,0.0,0.0,IDLE,,
1785885500.361,2026-08-05 06:18:20,GUIDED,False,-7.9262561,112.594854,138.14,0.0,0.0,IDLE,,
1785885500.499,2026-08-05 06:18:20,GUIDED,False,-7.9262565,112.5948545,138.14,0.0,0.0,IDLE,,
1785885500.661,2026-08-05 06:18:20,GUIDED,True,-7.9262567,112.5948547,138.14,0.0,0.0,IDLE,,
1785885500.812,2026-08-05 06:18:20,GUIDED,True,-7.9262569,112.5948556,138.13,0.0,0.0,IDLE,,
1785885500.963,2026-08-05 06:18:20,GUIDED,True,-7.9262571,112.5948561,138.13,0.0,0.0,IDLE,,
1785885501.105,2026-08-05 06:18:21,GUIDED,True,-7.9262575,112.5948575,138.13,0.0,0.0,IDLE,,
1785885501.267,2026-08-05 06:18:21,GUIDED,True,-7.926258,112.5948586,138.13,0.0,0.0,IDLE,,
1785885501.417,2026-08-05 06:18:21,GUIDED,True,-7.9262584,112.59486,138.14,0.0,0.0,IDLE,,
1785885501.553,2026-08-05 06:18:21,GUIDED,True,-7.9262585,112.5948604,138.14,0.0,0.0,IDLE,,
1785885501.693,2026-08-05 06:18:21,GUIDED,True,-7.9262588,112.5948609,138.14,0.0,0.0,IDLE,,
1785885501.833,2026-08-05 06:18:21,GUIDED,True,-7.9262589,112.594861,138.14,0.0,0.0,IDLE,,
1785885501.980,2026-08-05 06:18:21,GUIDED,True,-7.9262591,112.5948612,138.14,0.0,0.0,IDLE,,
1785885502.121,2026-08-05 06:18:22,GUIDED,True,-7.9262596,112.5948616,138.13,0.0,0.0,IDLE,,
1785885502.256,2026-08-05 06:18:22,GUIDED,True,-7.9262602,112.5948622,138.13,0.0,0.0,IDLE,,
1785885502.393,2026-08-05 06:18:22,GUIDED,True,-7.9262607,112.5948626,138.13,0.0,0.0,IDLE,,
1785885502.533,2026-08-05 06:18:22,GUIDED,True,-7.9262618,112.5948638,138.13,0.0,0.0,IDLE,,
1785885502.674,2026-08-05 06:18:22,GUIDED,True,-7.926262,112.5948645,138.13,0.0,0.0,IDLE,,
1785885502.815,2026-08-05 06:18:22,GUIDED,True,-7.9262626,112.5948651,138.13,0.0,0.0,IDLE,,
1785885502.964,2026-08-05 06:18:22,GUIDED,True,-7.9262628,112.5948651,138.13,0.0,0.0,IDLE,,
1785885503.101,2026-08-05 06:18:23,GUIDED,True,-7.926263,112.594865,138.13,0.0,0.0,IDLE,,
1785885503.240,2026-08-05 06:18:23,GUIDED,True,-7.9262631,112.594865,138.13,0.0,0.0,IDLE,,
1785885503.376,2026-08-05 06:18:23,GUIDED,True,-7.9262632,112.594865,138.13,0.0,0.0,IDLE,,
1785885503.518,2026-08-05 06:18:23,GUIDED,False,-7.9262633,112.594865,138.13,0.0,0.0,IDLE,,
1785885503.669,2026-08-05 06:18:23,GUIDED,False,-7.9262633,112.5948651,138.13,0.0,0.0,IDLE,,
1785885503.824,2026-08-05 06:18:23,GUIDED,False,-7.9262634,112.5948651,138.13,0.0,0.0,IDLE,,
1785885503.970,2026-08-05 06:18:23,GUIDED,False,-7.9262635,112.594865,138.13,0.0,0.0,IDLE,,
1785885504.105,2026-08-05 06:18:24,GUIDED,False,-7.9262643,112.5948648,138.13,0.0,0.0,IDLE,,
1785885504.245,2026-08-05 06:18:24,GUIDED,False,-7.9262646,112.5948643,138.13,0.0,0.0,IDLE,,
1785885504.384,2026-08-05 06:18:24,GUIDED,False,-7.9262647,112.5948641,138.12,0.0,0.0,IDLE,,
1785885504.531,2026-08-05 06:18:24,GUIDED,False,-7.9262649,112.5948638,138.12,0.0,0.0,IDLE,,
1785885504.672,2026-08-05 06:18:24,GUIDED,False,-7.926265,112.594864,138.12,0.0,0.0,IDLE,,
1785885504.818,2026-08-05 06:18:24,GUIDED,False,-7.9262652,112.5948648,138.12,0.0,0.0,IDLE,,
1785885505.037,2026-08-05 06:18:25,GUIDED,False,-7.926265,112.5948658,138.12,0.0,0.0,IDLE,,
1785885505.200,2026-08-05 06:18:25,GUIDED,False,-7.926265,112.5948661,138.12,0.0,0.0,IDLE,,
1785885505.340,2026-08-05 06:18:25,GUIDED,False,-7.9262652,112.5948666,138.12,0.0,0.0,IDLE,,
1785885505.483,2026-08-05 06:18:25,GUIDED,False,-7.9262655,112.5948667,138.12,0.0,0.0,IDLE,,
1785885505.621,2026-08-05 06:18:25,GUIDED,False,-7.9262659,112.5948666,138.12,0.0,0.0,IDLE,,
1785885505.775,2026-08-05 06:18:25,GUIDED,False,-7.926266,112.5948665,138.12,0.0,0.0,IDLE,,
1785885505.919,2026-08-05 06:18:25,GUIDED,False,-7.9262663,112.594866,138.11,0.0,0.0,IDLE,,
1785885506.065,2026-08-05 06:18:26,GUIDED,False,-7.9262664,112.5948656,138.11,0.0,0.0,IDLE,,
1785885506.207,2026-08-05 06:18:26,GUIDED,False,-7.9262662,112.5948652,138.11,0.0,0.0,IDLE,,
1785885506.353,2026-08-05 06:18:26,GUIDED,False,-7.926266,112.5948651,138.12,0.0,0.0,IDLE,,
1785885506.491,2026-08-05 06:18:26,GUIDED,False,-7.9262658,112.5948646,138.11,0.0,0.0,IDLE,,
1785885506.647,2026-08-05 06:18:26,GUIDED,False,-7.9262658,112.5948644,138.11,0.0,0.0,IDLE,,
1785885506.787,2026-08-05 06:18:26,GUIDED,False,-7.9262659,112.5948643,138.11,0.0,0.0,IDLE,,
1785885506.934,2026-08-05 06:18:26,GUIDED,False,-7.926266,112.5948637,138.11,0.0,0.0,IDLE,,
1785885507.081,2026-08-05 06:18:27,GUIDED,False,-7.9262664,112.5948636,138.11,0.0,0.0,IDLE,,
1785885507.237,2026-08-05 06:18:27,GUIDED,False,-7.926267,112.5948638,138.11,0.0,0.0,IDLE,,
1785885507.392,2026-08-05 06:18:27,GUIDED,False,-7.9262672,112.594864,138.11,0.0,0.0,IDLE,,
1785885507.539,2026-08-05 06:18:27,GUIDED,False,-7.9262673,112.5948648,138.12,0.0,0.0,IDLE,,
1785885507.682,2026-08-05 06:18:27,GUIDED,False,-7.9262674,112.5948655,138.12,0.0,0.0,IDLE,,
1785885507.822,2026-08-05 06:18:27,GUIDED,False,-7.9262676,112.5948666,138.12,0.0,0.0,IDLE,,
1785885507.966,2026-08-05 06:18:27,GUIDED,False,-7.9262677,112.594867,138.12,0.0,0.0,IDLE,,
1785885508.104,2026-08-05 06:18:28,GUIDED,False,-7.9262676,112.5948683,138.12,0.0,0.0,IDLE,,
1785885508.243,2026-08-05 06:18:28,GUIDED,False,-7.9262675,112.5948692,138.13,0.0,0.0,IDLE,,
1785885508.382,2026-08-05 06:18:28,GUIDED,False,-7.9262675,112.5948698,138.13,0.0,0.0,IDLE,,
1785885508.521,2026-08-05 06:18:28,GUIDED,False,-7.9262673,112.5948718,138.13,0.0,0.0,IDLE,,
1785885508.668,2026-08-05 06:18:28,GUIDED,False,-7.9262672,112.5948727,138.13,0.0,0.0,IDLE,,
1785885508.808,2026-08-05 06:18:28,GUIDED,False,-7.9262671,112.5948744,138.13,0.0,0.0,IDLE,,
1785885508.952,2026-08-05 06:18:28,GUIDED,False,-7.926267,112.5948751,138.13,0.0,0.0,IDLE,,
1785885509.093,2026-08-05 06:18:29,GUIDED,False,-7.9262667,112.594877,138.13,0.0,0.0,IDLE,,
1785885509.234,2026-08-05 06:18:29,GUIDED,False,-7.9262665,112.5948784,138.14,0.0,0.0,IDLE,,
1785885509.372,2026-08-05 06:18:29,GUIDED,False,-7.9262665,112.5948792,138.14,0.0,0.0,IDLE,,
1785885509.519,2026-08-05 06:18:29,GUIDED,False,-7.9262663,112.5948815,138.14,0.0,0.0,IDLE,,
1785885509.660,2026-08-05 06:18:29,GUIDED,False,-7.9262661,112.5948828,138.14,0.0,0.0,IDLE,,
1785885509.801,2026-08-05 06:18:29,GUIDED,False,-7.9262661,112.5948835,138.14,0.0,0.0,IDLE,,
1785885509.947,2026-08-05 06:18:29,GUIDED,False,-7.9262662,112.5948851,138.14,0.0,0.0,IDLE,,
1785885510.133,2026-08-05 06:18:30,GUIDED,False,-7.926266,112.5948861,138.14,0.0,0.0,IDLE,,
1785885510.272,2026-08-05 06:18:30,GUIDED,False,-7.9262659,112.5948864,138.14,0.0,0.0,IDLE,,
1785885510.419,2026-08-05 06:18:30,GUIDED,False,-7.9262655,112.5948869,138.14,0.0,0.0,IDLE,,
1785885510.560,2026-08-05 06:18:30,GUIDED,False,-7.9262654,112.5948871,138.14,0.0,0.0,IDLE,,
1785885510.712,2026-08-05 06:18:30,GUIDED,False,-7.9262651,112.5948876,138.14,0.0,0.0,IDLE,,
1785885510.853,2026-08-05 06:18:30,GUIDED,False,-7.9262649,112.5948878,138.13,0.0,0.0,IDLE,,
1785885511.000,2026-08-05 06:18:30,GUIDED,False,-7.9262647,112.594888,138.13,0.0,0.0,IDLE,,
1785885511.148,2026-08-05 06:18:31,GUIDED,False,-7.926264,112.5948882,138.13,0.0,0.0,IDLE,,
1785885511.289,2026-08-05 06:18:31,GUIDED,False,-7.9262628,112.5948878,138.13,0.0,0.0,IDLE,,
1785885511.431,2026-08-05 06:18:31,GUIDED,False,-7.926262,112.5948876,138.13,0.0,0.0,IDLE,562,242
1785885511.583,2026-08-05 06:18:31,GUIDED,False,-7.9262616,112.5948875,138.13,0.0,0.0,IDLE,,
1785885511.725,2026-08-05 06:18:31,GUIDED,False,-7.9262605,112.594887,138.12,0.0,0.0,IDLE,,
1785885511.864,2026-08-05 06:18:31,GUIDED,False,-7.9262601,112.5948869,138.12,0.0,0.0,IDLE,,
1785885512.003,2026-08-05 06:18:32,GUIDED,False,-7.9262599,112.5948869,138.12,0.0,0.0,IDLE,,
1785885512.143,2026-08-05 06:18:32,GUIDED,False,-7.9262597,112.5948872,138.12,0.0,0.0,IDLE,,
1785885512.283,2026-08-05 06:18:32,GUIDED,False,-7.9262595,112.5948877,138.11,0.0,0.0,IDLE,,
1785885512.420,2026-08-05 06:18:32,GUIDED,False,-7.9262595,112.5948883,138.11,0.0,0.0,IDLE,,
1785885512.567,2026-08-05 06:18:32,GUIDED,True,-7.9262594,112.5948885,138.11,0.0,0.0,IDLE,,
1785885512.719,2026-08-05 06:18:32,GUIDED,True,-7.9262592,112.5948893,138.11,0.0,0.0,IDLE,,
1785885512.884,2026-08-05 06:18:32,GUIDED,True,-7.9262589,112.5948896,138.11,0.0,0.0,IDLE,,
1785885513.022,2026-08-05 06:18:33,GUIDED,True,-7.9262582,112.59489,138.11,0.0,0.0,IDLE,,
1785885513.164,2026-08-05 06:18:33,GUIDED,True,-7.926258,112.5948902,138.11,0.0,0.0,IDLE,,
1785885513.304,2026-08-05 06:18:33,GUIDED,True,-7.9262575,112.5948902,138.11,0.0,0.0,IDLE,,
1785885513.443,2026-08-05 06:18:33,GUIDED,True,-7.9262572,112.5948899,138.11,0.0,0.0,IDLE,0,-320
1785885513.582,2026-08-05 06:18:33,GUIDED,True,-7.926257,112.5948897,138.11,0.0,0.0,IDLE,0,-320
1785885513.722,2026-08-05 06:18:33,GUIDED,True,-7.9262565,112.594889,138.11,0.0,0.0,IDLE,0,-320
1785885513.863,2026-08-05 06:18:33,GUIDED,True,-7.9262562,112.5948885,138.1,0.0,0.0,IDLE,0,-320
1785885514.000,2026-08-05 06:18:33,GUIDED,True,-7.926256,112.5948882,138.1,0.0,0.0,IDLE,0,-320
1785885514.138,2026-08-05 06:18:34,GUIDED,True,-7.9262555,112.5948873,138.1,0.0,0.0,IDLE,293,-27
1785885514.276,2026-08-05 06:18:34,GUIDED,True,-7.926255,112.5948867,138.1,0.0,0.0,IDLE,298,-22
1785885514.417,2026-08-05 06:18:34,GUIDED,True,-7.9262541,112.5948856,138.1,0.0,0.0,IDLE,302,-18
1785885514.555,2026-08-05 06:18:34,GUIDED,True,-7.9262538,112.5948852,138.1,0.0,0.0,IDLE,304,-16
1785885514.702,2026-08-05 06:18:34,GUIDED,True,-7.926253,112.5948844,138.1,0.0,0.0,IDLE,308,-12
1785885514.848,2026-08-05 06:18:34,GUIDED,True,-7.9262527,112.5948842,138.1,0.0,0.0,IDLE,311,-9
1785885515.022,2026-08-05 06:18:35,GUIDED,True,-7.9262524,112.5948841,138.1,0.0,0.0,IDLE,311,-9
1785885515.200,2026-08-05 06:18:35,GUIDED,True,-7.9262518,112.5948841,138.1,0.0,0.0,IDLE,302,-18
1785885515.343,2026-08-05 06:18:35,GUIDED,True,-7.926251,112.5948844,138.1,0.0,0.0,IDLE,287,-33
1785885515.483,2026-08-05 06:18:35,GUIDED,True,-7.9262506,112.5948847,138.11,0.0,0.0,IDLE,273,-47
1785885515.636,2026-08-05 06:18:35,GUIDED,True,-7.9262496,112.594885,138.11,0.0,0.0,IDLE,255,-65
1785885515.790,2026-08-05 06:18:35,GUIDED,True,-7.9262492,112.594885,138.11,0.0,0.0,IDLE,245,-75
1785885515.928,2026-08-05 06:18:35,GUIDED,True,-7.9262482,112.5948851,138.11,0.0,0.0,IDLE,239,-81
1785885516.070,2026-08-05 06:18:36,GUIDED,True,-7.9262476,112.5948851,138.11,0.0,0.0,IDLE,238,-82
1785885516.221,2026-08-05 06:18:36,GUIDED,True,-7.9262465,112.5948849,138.11,0.0,0.0,IDLE,243,-77
1785885516.365,2026-08-05 06:18:36,GUIDED,True,-7.926246,112.5948847,138.11,0.0,0.0,IDLE,259,-61
1785885516.506,2026-08-05 06:18:36,GUIDED,True,-7.9262449,112.5948839,138.11,0.0,0.0,IDLE,277,-43
1785885516.659,2026-08-05 06:18:36,GUIDED,True,-7.9262443,112.5948833,138.11,0.0,0.0,IDLE,302,-18
1785885516.807,2026-08-05 06:18:36,GUIDED,True,-7.9262435,112.5948822,138.1,0.0,0.0,IDLE,327,7
1785885516.946,2026-08-05 06:18:36,GUIDED,True,-7.9262432,112.5948817,138.1,0.0,0.0,IDLE,353,33
1785885517.089,2026-08-05 06:18:37,GUIDED,True,-7.9262425,112.5948806,138.1,0.0,0.0,IDLE,388,68
1785885517.231,2026-08-05 06:18:37,GUIDED,True,-7.9262421,112.5948795,138.09,0.0,0.0,IDLE,409,89
1785885517.374,2026-08-05 06:18:37,GUIDED,True,-7.9262418,112.5948789,138.09,0.0,0.0,IDLE,425,105
1785885517.514,2026-08-05 06:18:37,GUIDED,True,-7.9262408,112.5948775,138.09,0.0,0.0,IDLE,437,117
1785885517.658,2026-08-05 06:18:37,GUIDED,True,-7.9262402,112.5948769,138.09,0.0,0.0,IDLE,443,123
1785885517.803,2026-08-05 06:18:37,GUIDED,True,-7.9262399,112.5948765,138.09,0.0,0.0,IDLE,445,125
1785885517.950,2026-08-05 06:18:37,GUIDED,True,-7.9262391,112.5948757,138.09,0.0,0.0,IDLE,448,128
1785885518.097,2026-08-05 06:18:38,GUIDED,True,-7.9262381,112.5948749,138.1,0.0,0.0,IDLE,451,131
1785885518.238,2026-08-05 06:18:38,GUIDED,True,-7.9262375,112.5948743,138.1,0.0,0.0,IDLE,454,134
1785885518.380,2026-08-05 06:18:38,GUIDED,True,-7.9262371,112.5948739,138.1,0.0,0.0,IDLE,461,141
1785885518.529,2026-08-05 06:18:38,GUIDED,True,-7.9262359,112.594873,138.1,0.0,0.0,IDLE,466,146
1785885518.697,2026-08-05 06:18:38,GUIDED,True,-7.9262347,112.5948725,138.1,0.0,0.0,IDLE,474,154
1785885518.866,2026-08-05 06:18:38,GUIDED,True,-7.9262339,112.594872,138.1,0.0,0.0,IDLE,214,-106
1785885519.045,2026-08-05 06:18:39,GUIDED,True,-7.9262324,112.594871,138.1,0.0,0.0,IDLE,223,-97
1785885519.260,2026-08-05 06:18:39,GUIDED,True,-7.9262306,112.5948703,138.1,0.0,0.0,IDLE,378,58
1785885519.400,2026-08-05 06:18:39,GUIDED,True,-7.9262298,112.59487,138.1,0.0,0.0,IDLE,477,157
1785885519.547,2026-08-05 06:18:39,GUIDED,True,-7.9262277,112.5948695,138.11,0.0,0.0,IDLE,450,130
1785885519.695,2026-08-05 06:18:39,GUIDED,True,-7.9262256,112.5948688,138.11,0.0,0.0,IDLE,399,79
1785885519.832,2026-08-05 06:18:39,GUIDED,True,-7.9262247,112.5948684,138.11,0.0,0.0,IDLE,357,37
1785885519.972,2026-08-05 06:18:39,GUIDED,True,-7.9262241,112.594868,138.11,0.0,0.0,IDLE,311,-9
1785885520.122,2026-08-05 06:18:40,GUIDED,True,-7.9262228,112.5948673,138.1,0.0,0.0,IDLE,274,-46
1785885520.284,2026-08-05 06:18:40,GUIDED,True,-7.926222,112.5948671,138.1,0.0,0.0,IDLE,247,-73
1785885520.427,2026-08-05 06:18:40,GUIDED,True,-7.9262204,112.5948669,138.1,0.0,0.0,IDLE,229,-91
1785885520.568,2026-08-05 06:18:40,GUIDED,True,-7.9262198,112.5948668,138.1,0.0,0.0,IDLE,0,-320
1785885520.707,2026-08-05 06:18:40,GUIDED,True,-7.9262183,112.5948668,138.11,0.0,0.0,IDLE,,
1785885520.847,2026-08-05 06:18:40,GUIDED,True,-7.9262174,112.5948671,138.1,0.0,0.0,IDLE,,
1785885520.987,2026-08-05 06:18:40,GUIDED,True,-7.9262168,112.5948673,138.11,0.0,0.0,IDLE,,
1785885521.133,2026-08-05 06:18:41,GUIDED,True,-7.9262154,112.5948681,138.11,0.0,0.0,IDLE,,
1785885521.276,2026-08-05 06:18:41,GUIDED,True,-7.9262145,112.594869,138.11,0.0,0.0,IDLE,,
1785885521.412,2026-08-05 06:18:41,GUIDED,True,-7.9262131,112.5948709,138.11,0.0,0.0,IDLE,,
1785885521.551,2026-08-05 06:18:41,GUIDED,True,-7.9262126,112.5948716,138.11,0.0,0.0,IDLE,,
1785885521.693,2026-08-05 06:18:41,GUIDED,True,-7.9262112,112.5948736,138.11,0.0,0.0,IDLE,,
1785885521.832,2026-08-05 06:18:41,GUIDED,True,-7.9262105,112.594875,138.11,0.0,0.0,IDLE,,
1785885521.980,2026-08-05 06:18:41,GUIDED,True,-7.92621,112.5948757,138.11,0.0,0.0,IDLE,310,-10
1785885522.130,2026-08-05 06:18:42,GUIDED,True,-7.9262088,112.5948772,138.11,0.0,0.0,IDLE,309,-11
1785885522.286,2026-08-05 06:18:42,GUIDED,True,-7.9262078,112.594878,138.11,0.0,0.0,IDLE,,
1785885522.449,2026-08-05 06:18:42,GUIDED,True,-7.9262073,112.5948782,138.1,0.0,0.0,IDLE,,
1785885522.618,2026-08-05 06:18:42,GUIDED,True,-7.9262063,112.5948781,138.09,0.0,0.0,IDLE,,
1785885522.853,2026-08-05 06:18:42,GUIDED,True,-7.9262051,112.5948783,138.09,0.0,0.0,IDLE,309,-11
1785885523.188,2026-08-05 06:18:43,GUIDED,True,-7.9262035,112.5948793,138.08,0.0,0.0,IDLE,,
1785885523.356,2026-08-05 06:18:43,GUIDED,True,-7.9262021,112.5948807,138.08,0.0,0.0,IDLE,,
1785885523.502,2026-08-05 06:18:43,GUIDED,True,-7.926201,112.5948818,138.08,0.0,0.0,IDLE,,
1785885523.645,2026-08-05 06:18:43,GUIDED,True,-7.9262005,112.5948825,138.08,0.0,0.0,IDLE,,
1785885523.786,2026-08-05 06:18:43,GUIDED,True,-7.9262003,112.5948829,138.08,0.0,0.0,IDLE,,
1785885523.933,2026-08-05 06:18:43,GUIDED,True,-7.9261999,112.5948839,138.07,0.0,0.0,IDLE,,
1785885524.073,2026-08-05 06:18:44,GUIDED,True,-7.9261997,112.5948846,138.07,0.0,0.0,IDLE,,
1785885524.210,2026-08-05 06:18:44,GUIDED,True,-7.9261995,112.594885,138.06,0.0,0.0,IDLE,,
1785885524.352,2026-08-05 06:18:44,GUIDED,True,-7.9261994,112.5948851,138.06,0.0,0.0,IDLE,,
1785885524.494,2026-08-05 06:18:44,GUIDED,True,-7.926199,112.5948857,138.05,0.0,0.0,IDLE,,
1785885524.632,2026-08-05 06:18:44,GUIDED,True,-7.9261988,112.5948861,138.05,0.0,0.0,IDLE,,
1785885524.776,2026-08-05 06:18:44,GUIDED,True,-7.9261986,112.5948864,138.05,0.0,0.0,IDLE,,
1785885524.926,2026-08-05 06:18:44,GUIDED,True,-7.9261981,112.5948868,138.04,0.0,0.0,IDLE,,
1785885525.117,2026-08-05 06:18:45,GUIDED,True,-7.9261976,112.5948876,138.04,0.0,0.0,IDLE,310,-10
1785885525.256,2026-08-05 06:18:45,GUIDED,True,-7.9261975,112.5948883,138.03,0.0,0.0,IDLE,,
1785885525.436,2026-08-05 06:18:45,GUIDED,True,-7.9261972,112.5948895,138.03,0.0,0.0,IDLE,310,-10
1785885525.571,2026-08-05 06:18:45,GUIDED,True,-7.926197,112.5948899,138.03,0.0,0.0,IDLE,,
1785885525.730,2026-08-05 06:18:45,GUIDED,True,-7.9261969,112.5948912,138.03,0.0,0.0,IDLE,,
1785885525.888,2026-08-05 06:18:45,GUIDED,True,-7.9261971,112.5948921,138.02,0.0,0.0,IDLE,,
1785885526.035,2026-08-05 06:18:46,GUIDED,True,-7.9261974,112.5948927,138.01,0.0,0.0,IDLE,,
1785885526.185,2026-08-05 06:18:46,GUIDED,True,-7.9261974,112.5948929,138.01,0.0,0.0,IDLE,310,-10
1785885526.333,2026-08-05 06:18:46,GUIDED,True,-7.9261984,112.5948938,138.01,0.0,0.0,IDLE,,
1785885526.473,2026-08-05 06:18:46,GUIDED,True,-7.9261995,112.5948941,138.0,0.0,0.0,IDLE,308,-12
1785885526.610,2026-08-05 06:18:46,GUIDED,True,-7.9262013,112.5948943,138.0,0.0,0.0,IDLE,,
1785885526.763,2026-08-05 06:18:46,GUIDED,True,-7.9262021,112.5948943,138.0,0.0,0.0,IDLE,,
1785885526.902,2026-08-05 06:18:46,GUIDED,True,-7.9262041,112.594894,137.99,0.0,0.0,IDLE,,
1785885527.052,2026-08-05 06:18:47,GUIDED,True,-7.9262055,112.5948935,137.99,0.0,0.0,IDLE,,
1785885527.229,2026-08-05 06:18:47,GUIDED,True,-7.9262071,112.5948931,137.98,0.0,0.0,IDLE,,
1785885527.395,2026-08-05 06:18:47,GUIDED,True,-7.9262077,112.594893,137.98,0.0,0.0,IDLE,,
1785885527.546,2026-08-05 06:18:47,GUIDED,True,-7.9262092,112.5948932,137.98,0.0,0.0,IDLE,,
1785885527.700,2026-08-05 06:18:47,GUIDED,True,-7.9262108,112.5948933,137.98,0.0,0.0,IDLE,,
1785885527.853,2026-08-05 06:18:47,GUIDED,True,-7.9262118,112.5948931,137.97,0.0,0.0,IDLE,,
1785885527.997,2026-08-05 06:18:47,GUIDED,True,-7.9262124,112.594893,137.97,0.0,0.0,IDLE,,
1785885528.138,2026-08-05 06:18:48,GUIDED,True,-7.9262141,112.5948926,137.97,0.0,0.0,IDLE,,
1785885528.276,2026-08-05 06:18:48,GUIDED,True,-7.9262152,112.5948923,137.96,0.0,0.0,IDLE,,
1785885528.419,2026-08-05 06:18:48,GUIDED,True,-7.9262166,112.5948917,137.96,0.0,0.0,IDLE,,
1785885528.562,2026-08-05 06:18:48,GUIDED,True,-7.926217,112.5948915,137.96,0.0,0.0,IDLE,,
1785885528.701,2026-08-05 06:18:48,GUIDED,True,-7.926218,112.5948907,137.96,0.0,0.0,IDLE,,
1785885528.847,2026-08-05 06:18:48,GUIDED,True,-7.9262187,112.5948902,137.96,0.0,0.0,IDLE,0,-320
1785885528.993,2026-08-05 06:18:48,GUIDED,True,-7.9262191,112.59489,137.95,0.0,0.0,IDLE,82,-238
1785885529.133,2026-08-05 06:18:49,GUIDED,True,-7.9262203,112.5948898,137.95,0.0,0.0,IDLE,94,-226
1785885529.270,2026-08-05 06:18:49,GUIDED,True,-7.9262209,112.5948898,137.95,0.0,0.0,IDLE,116,-204
1785885529.408,2026-08-05 06:18:49,GUIDED,True,-7.9262217,112.5948897,137.95,0.0,0.0,IDLE,128,-192
1785885529.549,2026-08-05 06:18:49,GUIDED,True,-7.926222,112.5948895,137.95,0.0,0.0,IDLE,0,-320
1785885529.700,2026-08-05 06:18:49,GUIDED,True,-7.9262228,112.5948889,137.96,0.0,0.0,IDLE,146,-174
1785885529.845,2026-08-05 06:18:49,GUIDED,True,-7.9262233,112.5948882,137.96,0.0,0.0,IDLE,337,17
1785885529.991,2026-08-05 06:18:49,GUIDED,True,-7.9262236,112.5948878,137.96,0.0,0.0,IDLE,326,6
1785885530.146,2026-08-05 06:18:50,GUIDED,True,-7.9262241,112.5948871,137.96,0.0,0.0,IDLE,312,-8
1785885530.292,2026-08-05 06:18:50,GUIDED,True,-7.9262248,112.5948867,137.96,0.0,0.0,IDLE,304,-16
1785885530.457,2026-08-05 06:18:50,GUIDED,True,-7.9262252,112.5948868,137.96,0.0,0.0,IDLE,304,-16
1785885530.596,2026-08-05 06:18:50,GUIDED,True,-7.9262254,112.5948869,137.96,0.0,0.0,IDLE,305,-15
1785885530.735,2026-08-05 06:18:50,GUIDED,True,-7.9262256,112.594887,137.96,0.0,0.0,IDLE,306,-14
1785885530.876,2026-08-05 06:18:50,GUIDED,True,-7.9262259,112.5948869,137.96,0.0,0.0,IDLE,302,-18
1785885531.023,2026-08-05 06:18:51,GUIDED,True,-7.9262266,112.594887,137.96,0.0,0.0,IDLE,293,-27
1785885531.173,2026-08-05 06:18:51,GUIDED,True,-7.9262269,112.594887,137.96,0.0,0.0,IDLE,274,-46
1785885531.310,2026-08-05 06:18:51,GUIDED,True,-7.926228,112.5948876,137.96,0.0,0.0,IDLE,252,-68
1785885531.452,2026-08-05 06:18:51,GUIDED,True,-7.9262287,112.5948879,137.96,0.0,0.0,IDLE,230,-90
1785885531.596,2026-08-05 06:18:51,GUIDED,True,-7.9262291,112.5948881,137.96,0.0,0.0,IDLE,210,-110
1785885531.732,2026-08-05 06:18:51,GUIDED,True,-7.9262302,112.5948883,137.96,0.0,0.0,IDLE,190,-130
1785885531.876,2026-08-05 06:18:51,GUIDED,True,-7.9262306,112.5948883,137.96,0.0,0.0,IDLE,187,-133
1785885532.015,2026-08-05 06:18:52,GUIDED,True,-7.9262309,112.5948883,137.96,0.0,0.0,IDLE,191,-129
1785885532.161,2026-08-05 06:18:52,GUIDED,True,-7.9262315,112.594888,137.96,0.0,0.0,IDLE,204,-116
1785885532.316,2026-08-05 06:18:52,GUIDED,True,-7.9262322,112.5948875,137.96,0.0,0.0,IDLE,0,-320
1785885532.457,2026-08-05 06:18:52,GUIDED,True,-7.9262323,112.594887,137.97,0.0,0.0,IDLE,115,-205
1785885532.598,2026-08-05 06:18:52,GUIDED,True,-7.9262324,112.5948869,137.97,0.0,0.0,IDLE,0,-320
1785885532.737,2026-08-05 06:18:52,GUIDED,True,-7.9262325,112.5948861,137.97,0.0,0.0,IDLE,10,-310
1785885532.881,2026-08-05 06:18:52,GUIDED,True,-7.9262325,112.5948853,137.98,0.0,0.0,IDLE,47,-273
1785885533.032,2026-08-05 06:18:53,GUIDED,True,-7.9262326,112.5948849,137.98,0.0,0.0,IDLE,373,53
1785885533.177,2026-08-05 06:18:53,GUIDED,True,-7.9262327,112.5948843,137.98,0.0,0.0,IDLE,361,41
1785885533.317,2026-08-05 06:18:53,GUIDED,True,-7.9262331,112.5948838,137.99,0.0,0.0,IDLE,361,41
1785885533.456,2026-08-05 06:18:53,GUIDED,True,-7.9262336,112.5948837,137.99,0.0,0.0,IDLE,366,46
1785885533.598,2026-08-05 06:18:53,GUIDED,True,-7.9262339,112.5948836,137.99,0.0,0.0,IDLE,372,52
1785885533.737,2026-08-05 06:18:53,GUIDED,True,-7.9262346,112.5948833,137.99,0.0,0.0,IDLE,387,67
1785885533.876,2026-08-05 06:18:53,GUIDED,True,-7.9262351,112.594883,137.99,0.0,0.0,IDLE,402,82
1785885534.024,2026-08-05 06:18:54,GUIDED,True,-7.9262361,112.5948824,137.99,0.0,0.0,IDLE,418,98
1785885534.179,2026-08-05 06:18:54,GUIDED,True,-7.9262365,112.5948822,137.99,0.0,0.0,IDLE,435,115
1785885534.319,2026-08-05 06:18:54,GUIDED,True,-7.9262374,112.5948816,137.99,0.0,0.0,IDLE,640,320
1785885534.461,2026-08-05 06:18:54,GUIDED,True,-7.9262375,112.5948813,137.99,0.0,0.0,IDLE,452,132
1785885534.600,2026-08-05 06:18:54,GUIDED,True,-7.9262376,112.594881,137.99,0.0,0.0,IDLE,300,-20
1785885534.742,2026-08-05 06:18:54,GUIDED,True,-7.9262371,112.5948807,138.0,0.0,0.0,IDLE,,
1785885534.883,2026-08-05 06:18:54,GUIDED,True,-7.9262369,112.5948807,138.0,0.0,0.0,IDLE,,
1785885535.057,2026-08-05 06:18:55,GUIDED,True,-7.9262367,112.5948806,138.0,0.0,0.0,IDLE,,
1785885535.219,2026-08-05 06:18:55,GUIDED,True,-7.9262366,112.5948806,138.0,0.0,0.0,IDLE,,
1785885535.364,2026-08-05 06:18:55,GUIDED,True,-7.9262367,112.5948806,138.0,0.0,0.0,IDLE,,
1785885535.527,2026-08-05 06:18:55,GUIDED,True,-7.9262371,112.5948809,138.0,0.0,0.0,IDLE,,
1785885535.665,2026-08-05 06:18:55,GUIDED,True,-7.9262373,112.5948811,138.0,0.0,0.0,IDLE,,
1785885535.811,2026-08-05 06:18:55,GUIDED,True,-7.9262381,112.5948815,138.0,0.0,0.0,IDLE,,
1785885535.965,2026-08-05 06:18:55,GUIDED,True,-7.9262384,112.5948816,138.0,0.0,0.0,IDLE,,
1785885536.128,2026-08-05 06:18:56,GUIDED,True,-7.926239,112.5948816,137.99,0.0,0.0,IDLE,,
1785885536.284,2026-08-05 06:18:56,GUIDED,True,-7.9262389,112.5948813,137.99,0.0,0.0,IDLE,,
1785885536.435,2026-08-05 06:18:56,GUIDED,True,-7.9262387,112.594881,137.99,0.0,0.0,IDLE,,
1785885536.596,2026-08-05 06:18:56,GUIDED,True,-7.9262386,112.5948809,137.99,0.0,0.0,IDLE,,
1785885536.756,2026-08-05 06:18:56,GUIDED,True,-7.9262377,112.594881,137.99,0.0,0.0,IDLE,,
1785885536.915,2026-08-05 06:18:56,GUIDED,True,-7.9262367,112.5948808,137.99,0.0,0.0,IDLE,,
1785885537.061,2026-08-05 06:18:57,GUIDED,True,-7.9262359,112.5948808,137.99,0.0,0.0,IDLE,,
1785885537.210,2026-08-05 06:18:57,GUIDED,True,-7.9262347,112.5948808,137.99,0.0,0.0,IDLE,,
1785885537.365,2026-08-05 06:18:57,GUIDED,True,-7.9262343,112.5948808,137.99,0.0,0.0,IDLE,,
1785885537.508,2026-08-05 06:18:57,GUIDED,True,-7.9262334,112.5948806,137.98,0.0,0.0,IDLE,,
1785885537.652,2026-08-05 06:18:57,GUIDED,True,-7.9262332,112.5948805,137.98,0.0,0.0,IDLE,,
1785885537.794,2026-08-05 06:18:57,GUIDED,True,-7.926233,112.5948805,137.99,0.0,0.0,IDLE,,
1785885537.945,2026-08-05 06:18:57,GUIDED,True,-7.9262325,112.5948807,137.99,0.0,0.0,IDLE,,
1785885538.101,2026-08-05 06:18:58,GUIDED,True,-7.9262321,112.594881,137.99,0.0,0.0,IDLE,,
1785885538.253,2026-08-05 06:18:58,GUIDED,True,-7.9262316,112.5948815,137.99,0.0,0.0,IDLE,,
1785885538.400,2026-08-05 06:18:58,GUIDED,True,-7.9262313,112.5948818,137.98,0.0,0.0,IDLE,,
1785885538.584,2026-08-05 06:18:58,GUIDED,True,-7.9262304,112.5948826,137.99,0.0,0.0,IDLE,,
1785885538.761,2026-08-05 06:18:58,GUIDED,True,-7.9262297,112.5948827,137.98,0.0,0.0,IDLE,,
1785885538.914,2026-08-05 06:18:58,GUIDED,True,-7.9262289,112.5948823,137.98,0.0,0.0,IDLE,,
1785885539.063,2026-08-05 06:18:59,GUIDED,True,-7.9262284,112.594882,137.98,0.0,0.0,IDLE,,
1785885539.453,2026-08-05 06:18:59,GUIDED,True,-7.926226,112.5948815,137.97,0.0,0.0,IDLE,,
1785885539.614,2026-08-05 06:18:59,GUIDED,True,-7.9262247,112.5948817,137.97,0.0,0.0,IDLE,,
1785885539.748,2026-08-05 06:18:59,GUIDED,True,-7.9262242,112.5948819,137.97,0.0,0.0,IDLE,,
1785885539.884,2026-08-05 06:18:59,GUIDED,True,-7.9262234,112.5948824,137.97,0.0,0.0,IDLE,,
1785885540.026,2026-08-05 06:19:00,GUIDED,True,-7.9262222,112.5948832,137.97,0.0,0.0,IDLE,,
1785885540.168,2026-08-05 06:19:00,GUIDED,True,-7.9262218,112.5948835,137.97,0.0,0.0,IDLE,,
1785885540.313,2026-08-05 06:19:00,GUIDED,True,-7.9262207,112.5948845,137.97,0.0,0.0,IDLE,,
1785885540.448,2026-08-05 06:19:00,GUIDED,True,-7.92622,112.5948852,137.97,0.0,0.0,IDLE,,
1785885540.601,2026-08-05 06:19:00,GUIDED,True,-7.9262195,112.5948855,137.97,0.0,0.0,IDLE,,
1785885540.736,2026-08-05 06:19:00,GUIDED,True,-7.9262183,112.5948868,137.97,0.0,0.0,IDLE,,
1785885540.870,2026-08-05 06:19:00,GUIDED,True,-7.9262176,112.5948878,137.98,0.0,0.0,IDLE,,
1785885541.009,2026-08-05 06:19:01,GUIDED,True,-7.9262173,112.5948883,137.98,0.0,0.0,IDLE,,
1785885541.149,2026-08-05 06:19:01,GUIDED,True,-7.9262165,112.5948897,137.97,0.0,0.0,IDLE,,
1785885541.317,2026-08-05 06:19:01,GUIDED,True,-7.9262159,112.5948904,137.97,0.0,0.0,IDLE,,
1785885541.456,2026-08-05 06:19:01,GUIDED,True,-7.9262153,112.5948912,137.97,0.0,0.0,IDLE,,
1785885541.593,2026-08-05 06:19:01,GUIDED,True,-7.926215,112.5948916,137.97,0.0,0.0,IDLE,,
1785885541.726,2026-08-05 06:19:01,GUIDED,True,-7.9262142,112.594893,137.97,0.0,0.0,IDLE,,
1785885541.860,2026-08-05 06:19:01,GUIDED,True,-7.9262139,112.5948938,137.97,0.0,0.0,IDLE,,
1785885542.001,2026-08-05 06:19:02,GUIDED,True,-7.9262137,112.5948943,137.97,0.0,0.0,IDLE,,
1785885542.192,2026-08-05 06:19:02,GUIDED,True,-7.926213,112.5948956,137.96,0.0,0.0,IDLE,,
1785885542.330,2026-08-05 06:19:02,GUIDED,True,-7.9262123,112.5948969,137.96,0.0,0.0,IDLE,,
1785885542.468,2026-08-05 06:19:02,GUIDED,True,-7.9262119,112.5948972,137.96,0.0,0.0,IDLE,,
1785885542.611,2026-08-05 06:19:02,GUIDED,True,-7.9262113,112.5948975,137.95,0.0,0.0,IDLE,,
1785885542.775,2026-08-05 06:19:02,GUIDED,True,-7.9262111,112.5948975,137.95,0.0,0.0,IDLE,,
1785885542.915,2026-08-05 06:19:02,GUIDED,True,-7.9262106,112.5948972,137.95,0.0,0.0,IDLE,,
1785885543.064,2026-08-05 06:19:03,GUIDED,True,-7.9262101,112.5948969,137.94,0.0,0.0,IDLE,,
1785885543.229,2026-08-05 06:19:03,GUIDED,True,-7.9262091,112.5948968,137.94,0.0,0.0,IDLE,,
1785885543.367,2026-08-05 06:19:03,GUIDED,True,-7.9262087,112.5948969,137.94,0.0,0.0,IDLE,,
1785885543.520,2026-08-05 06:19:03,GUIDED,True,-7.9262077,112.5948975,137.94,0.0,0.0,IDLE,,
1785885543.673,2026-08-05 06:19:03,GUIDED,True,-7.9262071,112.5948981,137.94,0.0,0.0,IDLE,,
1785885543.826,2026-08-05 06:19:03,GUIDED,True,-7.9262064,112.5948989,137.94,0.0,0.0,IDLE,,
1785885544.047,2026-08-05 06:19:04,GUIDED,True,-7.9262057,112.5949003,137.94,0.0,0.0,IDLE,,
1785885544.192,2026-08-05 06:19:04,GUIDED,True,-7.9262054,112.5949007,137.94,0.0,0.0,IDLE,,
1785885544.339,2026-08-05 06:19:04,GUIDED,True,-7.9262049,112.5949024,137.95,0.0,0.0,IDLE,,
1785885544.476,2026-08-05 06:19:04,GUIDED,True,-7.9262046,112.5949033,137.95,0.0,0.0,IDLE,,
1785885544.617,2026-08-05 06:19:04,GUIDED,True,-7.9262043,112.5949047,137.94,0.0,0.0,IDLE,,
1785885544.758,2026-08-05 06:19:04,GUIDED,True,-7.9262042,112.5949052,137.94,0.0,0.0,IDLE,,
1785885544.897,2026-08-05 06:19:04,GUIDED,True,-7.9262039,112.5949064,137.94,0.0,0.0,IDLE,,
1785885545.045,2026-08-05 06:19:05,GUIDED,True,-7.9262036,112.5949069,137.94,0.0,0.0,IDLE,,
1785885545.216,2026-08-05 06:19:05,GUIDED,True,-7.9262032,112.5949072,137.93,0.0,0.0,IDLE,,
1785885545.370,2026-08-05 06:19:05,GUIDED,True,-7.9262029,112.5949073,137.93,0.0,0.0,IDLE,,
1785885545.512,2026-08-05 06:19:05,GUIDED,True,-7.9262021,112.5949076,137.92,0.0,0.0,IDLE,,
1785885545.669,2026-08-05 06:19:05,GUIDED,True,-7.9262016,112.5949078,137.92,0.0,0.0,IDLE,,
1785885545.813,2026-08-05 06:19:05,GUIDED,True,-7.9262008,112.5949077,137.92,0.0,0.0,IDLE,,
1785885545.959,2026-08-05 06:19:05,GUIDED,True,-7.9262005,112.5949076,137.91,0.0,0.0,IDLE,,
1785885546.099,2026-08-05 06:19:06,GUIDED,True,-7.9261998,112.5949068,137.9,0.0,0.0,IDLE,,
1785885546.244,2026-08-05 06:19:06,GUIDED,True,-7.9261995,112.5949064,137.9,0.0,0.0,IDLE,,
1785885546.384,2026-08-05 06:19:06,GUIDED,True,-7.9261993,112.5949062,137.9,0.0,0.0,IDLE,,
1785885546.524,2026-08-05 06:19:06,GUIDED,True,-7.9261989,112.5949061,137.89,0.0,0.0,IDLE,,
1785885546.668,2026-08-05 06:19:06,GUIDED,True,-7.9261988,112.594906,137.89,0.0,0.0,IDLE,,
1785885546.815,2026-08-05 06:19:06,GUIDED,True,-7.9261989,112.5949059,137.89,0.0,0.0,IDLE,,
1785885546.953,2026-08-05 06:19:06,GUIDED,True,-7.9261989,112.5949059,137.88,0.0,0.0,IDLE,,
1785885547.098,2026-08-05 06:19:07,GUIDED,True,-7.9261985,112.5949065,137.88,0.0,0.0,IDLE,,
1785885547.251,2026-08-05 06:19:07,GUIDED,True,-7.9261983,112.5949069,137.88,0.0,0.0,IDLE,,
1785885547.390,2026-08-05 06:19:07,GUIDED,True,-7.9261982,112.5949071,137.88,0.0,0.0,IDLE,,
1785885547.527,2026-08-05 06:19:07,GUIDED,True,-7.9261979,112.5949074,137.88,0.0,0.0,IDLE,,
1785885547.668,2026-08-05 06:19:07,GUIDED,True,-7.9261976,112.5949077,137.88,0.0,0.0,IDLE,,
1785885547.821,2026-08-05 06:19:07,GUIDED,True,-7.926197,112.5949083,137.88,0.0,0.0,IDLE,,
1785885547.967,2026-08-05 06:19:07,GUIDED,True,-7.9261968,112.5949085,137.88,0.0,0.0,IDLE,,
1785885548.112,2026-08-05 06:19:08,GUIDED,True,-7.926196,112.5949091,137.88,0.0,0.0,IDLE,,
1785885548.256,2026-08-05 06:19:08,GUIDED,True,-7.9261954,112.5949093,137.88,0.0,0.0,IDLE,,
1785885548.397,2026-08-05 06:19:08,GUIDED,True,-7.926195,112.5949094,137.88,0.0,0.0,IDLE,,
1785885548.536,2026-08-05 06:19:08,GUIDED,True,-7.9261943,112.5949095,137.87,0.0,0.0,IDLE,,
1785885548.674,2026-08-05 06:19:08,GUIDED,True,-7.9261939,112.5949093,137.87,0.0,0.0,IDLE,,
1785885548.821,2026-08-05 06:19:08,GUIDED,True,-7.926193,112.5949088,137.87,0.0,0.0,IDLE,,
1785885548.967,2026-08-05 06:19:08,GUIDED,True,-7.9261927,112.5949085,137.86,0.0,0.0,IDLE,,
1785885549.106,2026-08-05 06:19:09,GUIDED,True,-7.9261919,112.594908,137.86,0.0,0.0,IDLE,,
1785885549.255,2026-08-05 06:19:09,GUIDED,True,-7.9261915,112.594908,137.86,0.0,0.0,IDLE,,
1785885549.396,2026-08-05 06:19:09,GUIDED,True,-7.9261912,112.594908,137.86,0.0,0.0,IDLE,,
1785885549.535,2026-08-05 06:19:09,GUIDED,True,-7.9261902,112.5949082,137.86,0.0,0.0,IDLE,,
1785885549.674,2026-08-05 06:19:09,GUIDED,True,-7.9261898,112.5949084,137.86,0.0,0.0,IDLE,,
1785885549.836,2026-08-05 06:19:09,GUIDED,True,-7.926189,112.594909,137.86,0.0,0.0,IDLE,,
1785885549.983,2026-08-05 06:19:09,GUIDED,True,-7.9261886,112.5949093,137.86,0.0,0.0,IDLE,,
1785885550.143,2026-08-05 06:19:10,GUIDED,True,-7.9261874,112.59491,137.86,0.0,0.0,IDLE,,
1785885550.285,2026-08-05 06:19:10,GUIDED,True,-7.9261865,112.5949111,137.85,0.0,0.0,IDLE,,
1785885550.425,2026-08-05 06:19:10,GUIDED,True,-7.9261859,112.5949118,137.86,0.0,0.0,IDLE,,
1785885550.567,2026-08-05 06:19:10,GUIDED,True,-7.9261856,112.5949121,137.86,0.0,0.0,IDLE,,
1785885550.716,2026-08-05 06:19:10,GUIDED,True,-7.9261848,112.5949121,137.85,0.0,0.0,IDLE,,
1785885550.870,2026-08-05 06:19:10,GUIDED,True,-7.9261843,112.5949119,137.85,0.0,0.0,IDLE,,
1785885551.005,2026-08-05 06:19:11,GUIDED,True,-7.9261839,112.5949116,137.85,0.0,0.0,IDLE,,
1785885551.162,2026-08-05 06:19:11,GUIDED,True,-7.9261828,112.5949107,137.84,0.0,0.0,IDLE,,
1785885551.336,2026-08-05 06:19:11,GUIDED,True,-7.9261817,112.5949096,137.84,0.0,0.0,IDLE,,
1785885551.493,2026-08-05 06:19:11,GUIDED,True,-7.9261809,112.5949083,137.84,0.0,0.0,IDLE,,
1785885551.635,2026-08-05 06:19:11,GUIDED,True,-7.9261806,112.5949079,137.83,0.0,0.0,IDLE,,
1785885551.774,2026-08-05 06:19:11,GUIDED,True,-7.9261803,112.5949078,137.83,0.0,0.0,IDLE,,
1785885551.907,2026-08-05 06:19:11,GUIDED,True,-7.9261799,112.5949077,137.83,0.0,0.0,IDLE,,
1785885552.063,2026-08-05 06:19:12,GUIDED,True,-7.9261797,112.5949075,137.83,0.0,0.0,IDLE,,
1785885552.202,2026-08-05 06:19:12,GUIDED,True,-7.9261792,112.594907,137.83,0.0,0.0,IDLE,,
1785885552.345,2026-08-05 06:19:12,GUIDED,True,-7.9261791,112.5949068,137.83,0.0,0.0,IDLE,,
1785885552.492,2026-08-05 06:19:12,GUIDED,True,-7.9261793,112.5949061,137.82,0.0,0.0,IDLE,,
1785885552.637,2026-08-05 06:19:12,GUIDED,True,-7.9261795,112.5949059,137.83,0.0,0.0,IDLE,,
1785885552.787,2026-08-05 06:19:12,GUIDED,True,-7.9261797,112.5949058,137.82,0.0,0.0,IDLE,,
1785885552.929,2026-08-05 06:19:12,GUIDED,True,-7.9261806,112.5949055,137.82,0.0,0.0,IDLE,,
1785885553.067,2026-08-05 06:19:13,GUIDED,True,-7.9261814,112.5949053,137.82,0.0,0.0,IDLE,,
1785885553.208,2026-08-05 06:19:13,GUIDED,True,-7.9261823,112.5949051,137.82,0.0,0.0,IDLE,,
1785885553.351,2026-08-05 06:19:13,GUIDED,True,-7.9261826,112.5949051,137.82,0.0,0.0,IDLE,,
1785885553.504,2026-08-05 06:19:13,GUIDED,True,-7.9261831,112.5949052,137.82,0.0,0.0,IDLE,,
1785885553.647,2026-08-05 06:19:13,GUIDED,True,-7.9261832,112.5949054,137.81,0.0,0.0,IDLE,,
1785885553.785,2026-08-05 06:19:13,GUIDED,True,-7.9261832,112.5949054,137.82,0.0,0.0,IDLE,,
1785885553.923,2026-08-05 06:19:13,GUIDED,True,-7.9261832,112.5949053,137.81,0.0,0.0,IDLE,,
1785885554.072,2026-08-05 06:19:14,GUIDED,True,-7.9261833,112.5949054,137.81,0.0,0.0,IDLE,,
1785885554.222,2026-08-05 06:19:14,GUIDED,True,-7.9261834,112.5949054,137.81,0.0,0.0,IDLE,,
1785885554.368,2026-08-05 06:19:14,GUIDED,True,-7.9261834,112.5949053,137.81,0.0,0.0,IDLE,,
1785885554.511,2026-08-05 06:19:14,GUIDED,True,-7.9261833,112.594905,137.81,0.0,0.0,IDLE,,
1785885554.651,2026-08-05 06:19:14,GUIDED,True,-7.9261834,112.5949046,137.81,0.0,0.0,IDLE,,
1785885554.794,2026-08-05 06:19:14,GUIDED,True,-7.9261834,112.5949044,137.81,0.0,0.0,IDLE,,
1785885554.933,2026-08-05 06:19:14,GUIDED,True,-7.9261835,112.5949042,137.8,0.0,0.0,IDLE,,
1785885555.079,2026-08-05 06:19:15,GUIDED,True,-7.9261836,112.5949041,137.8,0.0,0.0,IDLE,,
1785885555.252,2026-08-05 06:19:15,GUIDED,True,-7.9261837,112.5949039,137.8,0.0,0.0,IDLE,,
1785885555.424,2026-08-05 06:19:15,GUIDED,True,-7.926184,112.5949035,137.8,0.0,0.0,IDLE,,
1785885555.603,2026-08-05 06:19:15,GUIDED,True,-7.9261844,112.594903,137.8,0.0,0.0,IDLE,,
1785885555.784,2026-08-05 06:19:15,GUIDED,True,-7.9261846,112.5949027,137.79,0.0,0.0,IDLE,,
1785885556.044,2026-08-05 06:19:16,GUIDED,True,-7.9261851,112.5949014,137.79,0.0,0.0,IDLE,,
1785885556.190,2026-08-05 06:19:16,GUIDED,True,-7.9261851,112.5949011,137.79,0.0,0.0,IDLE,,
1785885556.332,2026-08-05 06:19:16,GUIDED,True,-7.9261852,112.5948995,137.79,0.0,0.0,IDLE,,
1785885556.477,2026-08-05 06:19:16,GUIDED,True,-7.9261852,112.594898,137.79,0.0,0.0,IDLE,,
1785885556.629,2026-08-05 06:19:16,GUIDED,True,-7.926185,112.594896,137.79,0.0,0.0,IDLE,,
1785885556.791,2026-08-05 06:19:16,GUIDED,True,-7.9261849,112.5948952,137.79,0.0,0.0,IDLE,,
1785885556.945,2026-08-05 06:19:16,GUIDED,True,-7.9261844,112.5948929,137.79,0.0,0.0,IDLE,,
1785885557.087,2026-08-05 06:19:17,GUIDED,True,-7.9261841,112.5948903,137.79,0.0,0.0,IDLE,,
1785885557.249,2026-08-05 06:19:17,GUIDED,True,-7.9261843,112.5948886,137.79,0.0,0.0,IDLE,,
1785885557.384,2026-08-05 06:19:17,GUIDED,True,-7.9261844,112.5948877,137.79,0.0,0.0,IDLE,,
1785885557.520,2026-08-05 06:19:17,GUIDED,True,-7.9261847,112.5948856,137.78,0.0,0.0,IDLE,,
1785885557.659,2026-08-05 06:19:17,GUIDED,True,-7.926185,112.5948844,137.78,0.0,0.0,IDLE,,
1785885557.799,2026-08-05 06:19:17,GUIDED,True,-7.9261852,112.5948837,137.78,0.0,0.0,IDLE,,
1785885557.941,2026-08-05 06:19:17,GUIDED,True,-7.9261858,112.5948823,137.78,0.0,0.0,IDLE,,
1785885558.088,2026-08-05 06:19:18,GUIDED,True,-7.9261864,112.5948811,137.78,0.0,0.0,IDLE,,
1785885558.246,2026-08-05 06:19:18,GUIDED,True,-7.9261869,112.5948803,137.78,0.0,0.0,IDLE,,
1785885558.390,2026-08-05 06:19:18,GUIDED,True,-7.9261872,112.5948798,137.78,0.0,0.0,IDLE,,
1785885558.533,2026-08-05 06:19:18,GUIDED,True,-7.9261881,112.5948789,137.78,0.0,0.0,IDLE,,
1785885558.672,2026-08-05 06:19:18,GUIDED,True,-7.9261886,112.5948784,137.78,0.0,0.0,IDLE,,
1785885558.820,2026-08-05 06:19:18,GUIDED,True,-7.9261894,112.5948778,137.77,0.0,0.0,IDLE,,
1785885558.961,2026-08-05 06:19:18,GUIDED,True,-7.9261898,112.5948776,137.77,0.0,0.0,IDLE,,
1785885559.096,2026-08-05 06:19:19,GUIDED,True,-7.9261909,112.5948769,137.77,0.0,0.0,IDLE,,
1785885559.239,2026-08-05 06:19:19,GUIDED,True,-7.9261915,112.5948768,137.77,0.0,0.0,IDLE,,
1785885559.379,2026-08-05 06:19:19,GUIDED,True,-7.9261918,112.5948766,137.77,0.0,0.0,IDLE,,
1785885559.517,2026-08-05 06:19:19,GUIDED,True,-7.9261926,112.5948767,137.77,0.0,0.0,IDLE,,
1785885559.653,2026-08-05 06:19:19,GUIDED,True,-7.9261934,112.5948769,137.78,0.0,0.0,IDLE,,
1785885559.794,2026-08-05 06:19:19,GUIDED,True,-7.9261938,112.594877,137.77,0.0,0.0,IDLE,,
1785885559.936,2026-08-05 06:19:19,GUIDED,True,-7.926195,112.5948772,137.77,0.0,0.0,IDLE,,
1785885560.083,2026-08-05 06:19:20,GUIDED,True,-7.926196,112.5948774,137.77,0.0,0.0,IDLE,,
1785885560.232,2026-08-05 06:19:20,GUIDED,True,-7.9261967,112.5948773,137.77,0.0,0.0,IDLE,,
1785885560.372,2026-08-05 06:19:20,GUIDED,True,-7.9261971,112.5948771,137.77,0.0,0.0,IDLE,,
1785885560.518,2026-08-05 06:19:20,GUIDED,True,-7.9261979,112.5948767,137.77,0.0,0.0,IDLE,,
1785885560.658,2026-08-05 06:19:20,GUIDED,True,-7.9261982,112.5948764,137.77,0.0,0.0,IDLE,,
1785885560.816,2026-08-05 06:19:20,GUIDED,True,-7.9261987,112.5948762,137.77,0.0,0.0,IDLE,,
1785885560.982,2026-08-05 06:19:20,GUIDED,True,-7.9261989,112.5948761,137.77,0.0,0.0,IDLE,,
1785885561.122,2026-08-05 06:19:21,GUIDED,True,-7.9261996,112.5948757,137.77,0.0,0.0,IDLE,,
1785885561.268,2026-08-05 06:19:21,GUIDED,True,-7.9262001,112.5948757,137.77,0.0,0.0,IDLE,,
1785885561.407,2026-08-05 06:19:21,GUIDED,True,-7.9262011,112.5948755,137.77,0.0,0.0,IDLE,,
1785885561.559,2026-08-05 06:19:21,GUIDED,True,-7.9262014,112.5948755,137.76,0.0,0.0,IDLE,,
1785885561.703,2026-08-05 06:19:21,GUIDED,True,-7.9262021,112.5948757,137.76,0.0,0.0,IDLE,,
1785885561.844,2026-08-05 06:19:21,GUIDED,True,-7.9262025,112.5948757,137.76,0.0,0.0,IDLE,,
1785885561.983,2026-08-05 06:19:21,GUIDED,True,-7.9262028,112.5948756,137.76,0.0,0.0,IDLE,,
1785885562.123,2026-08-05 06:19:22,GUIDED,True,-7.9262034,112.5948751,137.76,0.0,0.0,IDLE,,
1785885562.270,2026-08-05 06:19:22,GUIDED,True,-7.9262038,112.5948746,137.76,0.0,0.0,IDLE,,
1785885562.424,2026-08-05 06:19:22,GUIDED,True,-7.9262044,112.5948737,137.76,0.0,0.0,IDLE,,
1785885562.576,2026-08-05 06:19:22,GUIDED,True,-7.9262047,112.5948733,137.76,0.0,0.0,IDLE,,
1785885562.729,2026-08-05 06:19:22,GUIDED,True,-7.9262054,112.5948722,137.76,0.0,0.0,IDLE,,
1785885562.893,2026-08-05 06:19:22,GUIDED,True,-7.926206,112.5948712,137.76,0.0,0.0,IDLE,,
1785885563.044,2026-08-05 06:19:23,GUIDED,True,-7.9262066,112.5948706,137.76,0.0,0.0,IDLE,,
1785885563.206,2026-08-05 06:19:23,GUIDED,True,-7.9262077,112.5948698,137.76,0.0,0.0,IDLE,,
1785885563.354,2026-08-05 06:19:23,GUIDED,True,-7.9262081,112.5948695,137.76,0.0,0.0,IDLE,,
1785885563.503,2026-08-05 06:19:23,GUIDED,True,-7.9262091,112.5948689,137.76,0.0,0.0,IDLE,,
1785885563.655,2026-08-05 06:19:23,GUIDED,True,-7.9262093,112.5948687,137.76,0.0,0.0,IDLE,,
1785885563.802,2026-08-05 06:19:23,GUIDED,True,-7.9262097,112.5948687,137.76,0.0,0.0,IDLE,,
1785885563.954,2026-08-05 06:19:23,GUIDED,True,-7.9262099,112.5948686,137.76,0.0,0.0,IDLE,,
1785885564.115,2026-08-05 06:19:24,GUIDED,True,-7.9262104,112.5948686,137.76,0.0,0.0,IDLE,,
1785885564.267,2026-08-05 06:19:24,GUIDED,True,-7.9262109,112.594869,137.76,0.0,0.0,IDLE,,
1785885564.422,2026-08-05 06:19:24,GUIDED,True,-7.9262118,112.5948694,137.76,0.0,0.0,IDLE,,
1785885564.573,2026-08-05 06:19:24,GUIDED,True,-7.9262122,112.5948695,137.76,0.0,0.0,IDLE,,
1785885564.737,2026-08-05 06:19:24,GUIDED,True,-7.9262131,112.5948698,137.75,0.0,0.0,IDLE,,
1785885564.922,2026-08-05 06:19:24,GUIDED,True,-7.9262138,112.5948695,137.75,0.0,0.0,IDLE,,
1785885565.064,2026-08-05 06:19:25,GUIDED,True,-7.9262142,112.5948693,137.75,0.0,0.0,IDLE,,
1785885565.254,2026-08-05 06:19:25,GUIDED,True,-7.9262147,112.5948689,137.75,0.0,0.0,IDLE,,
1785885565.397,2026-08-05 06:19:25,GUIDED,True,-7.926215,112.5948688,137.75,0.0,0.0,IDLE,,
1785885565.544,2026-08-05 06:19:25,GUIDED,True,-7.9262159,112.5948692,137.75,0.0,0.0,IDLE,,
1785885565.687,2026-08-05 06:19:25,GUIDED,True,-7.926217,112.5948701,137.74,0.0,0.0,IDLE,,
1785885565.834,2026-08-05 06:19:25,GUIDED,True,-7.9262176,112.5948708,137.74,0.0,0.0,IDLE,,
1785885565.988,2026-08-05 06:19:25,GUIDED,True,-7.926218,112.5948712,137.74,0.0,0.0,IDLE,,
1785885566.151,2026-08-05 06:19:26,GUIDED,True,-7.9262189,112.594872,137.74,0.0,0.0,IDLE,,
1785885566.306,2026-08-05 06:19:26,GUIDED,True,-7.9262198,112.5948723,137.74,0.0,0.0,IDLE,,
1785885566.451,2026-08-05 06:19:26,GUIDED,True,-7.9262203,112.5948724,137.74,0.0,0.0,IDLE,,
1785885566.598,2026-08-05 06:19:26,GUIDED,True,-7.9262207,112.5948724,137.74,0.0,0.0,IDLE,,
1785885566.740,2026-08-05 06:19:26,GUIDED,True,-7.9262219,112.5948721,137.74,0.0,0.0,IDLE,,
1785885566.898,2026-08-05 06:19:26,GUIDED,True,-7.9262232,112.5948718,137.74,0.0,0.0,IDLE,,
1785885567.052,2026-08-05 06:19:27,GUIDED,True,-7.926224,112.5948717,137.74,0.0,0.0,IDLE,,
1785885567.205,2026-08-05 06:19:27,GUIDED,True,-7.9262252,112.5948714,137.74,0.0,0.0,IDLE,,
1785885567.357,2026-08-05 06:19:27,GUIDED,True,-7.9262256,112.5948712,137.74,0.0,0.0,IDLE,,
1785885567.502,2026-08-05 06:19:27,GUIDED,True,-7.9262263,112.5948707,137.74,0.0,0.0,IDLE,,
1785885567.648,2026-08-05 06:19:27,GUIDED,True,-7.9262267,112.5948705,137.74,0.0,0.0,IDLE,,
1785885567.792,2026-08-05 06:19:27,GUIDED,True,-7.9262269,112.5948705,137.74,0.0,0.0,IDLE,,
1785885567.934,2026-08-05 06:19:27,GUIDED,True,-7.9262274,112.5948711,137.74,0.0,0.0,IDLE,,
1785885568.077,2026-08-05 06:19:28,GUIDED,True,-7.9262277,112.5948717,137.74,0.0,0.0,IDLE,,
1785885568.226,2026-08-05 06:19:28,GUIDED,True,-7.9262283,112.5948724,137.74,0.0,0.0,IDLE,,
1785885568.364,2026-08-05 06:19:28,GUIDED,True,-7.9262286,112.5948726,137.74,0.0,0.0,IDLE,,
1785885568.501,2026-08-05 06:19:28,GUIDED,True,-7.9262293,112.5948729,137.74,0.0,0.0,IDLE,,
1785885568.649,2026-08-05 06:19:28,GUIDED,True,-7.9262297,112.5948729,137.74,0.0,0.0,IDLE,,
1785885568.788,2026-08-05 06:19:28,GUIDED,True,-7.9262301,112.5948728,137.74,0.0,0.0,IDLE,,
1785885568.930,2026-08-05 06:19:28,GUIDED,True,-7.9262308,112.5948726,137.74,0.0,0.0,IDLE,,
1785885569.092,2026-08-05 06:19:29,GUIDED,True,-7.9262315,112.5948721,137.74,0.0,0.0,IDLE,,
1785885569.241,2026-08-05 06:19:29,GUIDED,True,-7.9262315,112.5948718,137.74,0.0,0.0,IDLE,,
1785885569.382,2026-08-05 06:19:29,GUIDED,True,-7.9262315,112.5948716,137.73,0.0,0.0,IDLE,,
1785885569.524,2026-08-05 06:19:29,GUIDED,True,-7.9262314,112.5948711,137.73,0.0,0.0,IDLE,,
1785885569.665,2026-08-05 06:19:29,GUIDED,True,-7.9262311,112.5948709,137.73,0.0,0.0,IDLE,,
1785885569.810,2026-08-05 06:19:29,GUIDED,True,-7.926231,112.5948706,137.73,0.0,0.0,IDLE,,
1785885569.954,2026-08-05 06:19:29,GUIDED,True,-7.926231,112.5948705,137.73,0.0,0.0,IDLE,,
1785885570.107,2026-08-05 06:19:30,GUIDED,True,-7.926231,112.5948706,137.73,0.0,0.0,IDLE,,
1785885570.251,2026-08-05 06:19:30,GUIDED,True,-7.9262307,112.5948707,137.73,0.0,0.0,IDLE,,
1785885570.390,2026-08-05 06:19:30,GUIDED,True,-7.9262306,112.5948708,137.72,0.0,0.0,IDLE,,
1785885570.535,2026-08-05 06:19:30,GUIDED,True,-7.9262299,112.5948713,137.72,0.0,0.0,IDLE,,
1785885570.683,2026-08-05 06:19:30,GUIDED,True,-7.9262291,112.5948725,137.72,0.0,0.0,IDLE,,
1785885570.851,2026-08-05 06:19:30,GUIDED,True,-7.9262288,112.5948734,137.72,0.0,0.0,START,,
1785885570.998,2026-08-05 06:19:30,GUIDED,True,-7.9262287,112.5948738,137.72,0.0,0.0,START,,
1785885571.171,2026-08-05 06:19:31,GUIDED,True,-7.9262283,112.594875,137.72,0.0,0.0,START,,
1785885571.316,2026-08-05 06:19:31,GUIDED,True,-7.9262278,112.594876,137.72,0.0,0.0,START,,
1785885571.457,2026-08-05 06:19:31,GUIDED,True,-7.9262273,112.5948765,137.72,0.0,0.0,START,,
1785885571.602,2026-08-05 06:19:31,GUIDED,True,-7.9262266,112.5948771,137.71,0.0,0.0,START,,
1785885571.744,2026-08-05 06:19:31,GUIDED,True,-7.9262263,112.5948772,137.71,0.0,0.0,START,,
1785885571.883,2026-08-05 06:19:31,GUIDED,True,-7.9262252,112.5948769,137.71,0.0,0.0,START,,
1785885572.027,2026-08-05 06:19:32,GUIDED,True,-7.9262252,112.5948769,137.71,0.0,0.0,START,,
1785885572.185,2026-08-05 06:19:32,GUIDED,True,-7.926224,112.5948764,137.71,0.0,0.0,START,,
1785885572.339,2026-08-05 06:19:32,GUIDED,True,-7.9262214,112.5948761,137.71,0.0,0.0,START,,
1785885572.483,2026-08-05 06:19:32,GUIDED,True,-7.9262203,112.594876,137.71,0.0,0.0,START,,
1785885572.625,2026-08-05 06:19:32,GUIDED,True,-7.9262186,112.5948766,137.71,0.0,0.0,START,,
1785885572.777,2026-08-05 06:19:32,GUIDED,True,-7.9262178,112.5948769,137.71,0.0,0.0,START,,
1785885572.935,2026-08-05 06:19:32,GUIDED,True,-7.926217,112.5948772,137.71,0.0,0.0,TRACKING_BUOY,,
1785885573.089,2026-08-05 06:19:33,GUIDED,True,-7.926216,112.5948774,137.71,0.0,0.0,TRACKING_BUOY,,
1785885573.239,2026-08-05 06:19:33,GUIDED,True,-7.926214,112.594878,137.72,0.0,0.0,TRACKING_BUOY,313,-7
1785885573.398,2026-08-05 06:19:33,GUIDED,True,-7.9262132,112.5948784,137.72,0.0,0.0,TRACKING_BUOY,614,294
1785885573.549,2026-08-05 06:19:33,GUIDED,True,-7.9262119,112.5948793,137.72,0.0,0.0,TRACKING_BUOY,318,-2
1785885573.702,2026-08-05 06:19:33,GUIDED,True,-7.9262114,112.5948799,137.73,0.0,0.0,TRACKING_BUOY,319,-1
1785885573.853,2026-08-05 06:19:33,GUIDED,True,-7.9262106,112.5948815,137.73,0.0,0.0,TRACKING_BUOY,317,-3
1785885573.998,2026-08-05 06:19:33,GUIDED,True,-7.9262104,112.5948826,137.74,0.0,0.0,TRACKING_BUOY,319,-1
1785885574.144,2026-08-05 06:19:34,GUIDED,True,-7.9262104,112.5948826,137.74,0.0,0.0,TRACKING_BUOY,321,1
1785885574.292,2026-08-05 06:19:34,GUIDED,True,-7.92621,112.5948848,137.74,0.0,0.0,TRACKING_BUOY,319,-1
1785885574.438,2026-08-05 06:19:34,GUIDED,True,-7.9262098,112.5948858,137.75,0.0,0.0,TRACKING_BUOY,593,273
1785885574.580,2026-08-05 06:19:34,GUIDED,True,-7.9262092,112.5948875,137.75,0.0,0.0,TRACKING_BUOY,311,-9
1785885574.723,2026-08-05 06:19:34,GUIDED,True,-7.9262089,112.5948883,137.75,0.0,0.0,TRACKING_BUOY,310,-10
1785885574.869,2026-08-05 06:19:34,GUIDED,True,-7.9262085,112.5948901,137.76,0.0,0.0,TRACKING_BUOY,313,-7
1785885575.019,2026-08-05 06:19:35,GUIDED,True,-7.9262083,112.5948914,137.76,0.0,0.0,TRACKING_BUOY,323,3
1785885575.174,2026-08-05 06:19:35,GUIDED,True,-7.9262079,112.5948929,137.76,0.0,0.0,TRACKING_BUOY,621,301
1785885575.348,2026-08-05 06:19:35,GUIDED,True,-7.9262077,112.5948936,137.76,0.0,0.0,TRACKING_BUOY,636,316
1785885575.492,2026-08-05 06:19:35,GUIDED,True,-7.9262075,112.5948944,137.76,0.0,0.0,TRACKING_BUOY,380,60
1785885575.635,2026-08-05 06:19:35,GUIDED,True,-7.9262073,112.5948944,137.76,0.0,0.0,TRACKING_BUOY,640,320
1785885575.782,2026-08-05 06:19:35,GUIDED,True,-7.9262071,112.5948943,137.75,0.0,0.0,TRACKING_BUOY,404,84
1785885575.927,2026-08-05 06:19:35,GUIDED,True,-7.9262069,112.5948943,137.75,0.0,0.0,TRACKING_BUOY,640,320
1785885576.072,2026-08-05 06:19:36,GUIDED,True,-7.9262069,112.5948943,137.75,0.0,0.0,TRACKING_BUOY,426,106
1785885576.243,2026-08-05 06:19:36,GUIDED,True,-7.9262068,112.5948945,137.76,0.0,0.0,TRACKING_BUOY,640,320
1785885576.385,2026-08-05 06:19:36,GUIDED,True,-7.9262065,112.5948952,137.76,0.0,0.0,TRACKING_BUOY,445,125
1785885576.528,2026-08-05 06:19:36,GUIDED,True,-7.9262062,112.5948957,137.76,0.0,0.0,TRACKING_BUOY,448,128
1785885576.669,2026-08-05 06:19:36,GUIDED,True,-7.9262057,112.5948971,137.77,0.0,0.0,TRACKING_BUOY,445,125
1785885576.824,2026-08-05 06:19:36,GUIDED,True,-7.9262053,112.5948976,137.77,0.0,0.0,TRACKING_BUOY,438,118
1785885576.976,2026-08-05 06:19:36,GUIDED,True,-7.9262044,112.5948991,137.77,0.0,0.0,TRACKING_BUOY,428,108
1785885577.123,2026-08-05 06:19:37,GUIDED,True,-7.9262038,112.5949,137.78,0.0,0.0,TRACKING_BUOY,640,320
1785885577.271,2026-08-05 06:19:37,GUIDED,True,-7.9262035,112.5949019,137.78,0.0,0.0,TRACKING_BUOY,640,320
1785885577.418,2026-08-05 06:19:37,GUIDED,True,-7.9262037,112.5949028,137.79,0.0,0.0,TRACKING_BUOY,398,78
1785885577.562,2026-08-05 06:19:37,GUIDED,True,-7.9262038,112.5949045,137.79,0.0,0.0,TRACKING_BUOY,640,320
1785885577.703,2026-08-05 06:19:37,GUIDED,True,-7.9262039,112.5949052,137.79,0.0,0.0,TRACKING_BUOY,622,302
1785885577.858,2026-08-05 06:19:37,GUIDED,True,-7.9262039,112.5949059,137.79,0.0,0.0,TRACKING_BUOY,596,276
1785885578.005,2026-08-05 06:19:38,GUIDED,True,-7.9262039,112.5949073,137.79,0.0,0.0,TRACKING_BUOY,565,245
1785885578.146,2026-08-05 06:19:38,GUIDED,True,-7.9262038,112.5949077,137.79,0.0,0.0,TRACKING_BUOY,535,215
1785885578.286,2026-08-05 06:19:38,GUIDED,True,-7.926204,112.5949086,137.8,0.0,0.0,TRACKING_BUOY,503,183
1785885578.431,2026-08-05 06:19:38,GUIDED,True,-7.9262041,112.5949087,137.8,0.0,0.0,TRACKING_BUOY,491,171
1785885578.576,2026-08-05 06:19:38,GUIDED,True,-7.9262041,112.5949091,137.79,0.0,0.0,TRACKING_BUOY,481,161
1785885578.719,2026-08-05 06:19:38,GUIDED,True,-7.9262041,112.5949093,137.79,0.0,0.0,TRACKING_BUOY,478,158
1785885578.866,2026-08-05 06:19:38,GUIDED,True,-7.9262038,112.5949102,137.79,0.0,0.0,TRACKING_BUOY,476,156
1785885579.007,2026-08-05 06:19:39,GUIDED,True,-7.9262038,112.5949108,137.79,0.0,0.0,TRACKING_BUOY,475,155
1785885579.146,2026-08-05 06:19:39,GUIDED,True,-7.9262038,112.5949108,137.79,0.0,0.0,TRACKING_BUOY,474,154
1785885579.287,2026-08-05 06:19:39,GUIDED,True,-7.9262037,112.5949116,137.8,0.0,0.0,TRACKING_BUOY,469,149
1785885579.427,2026-08-05 06:19:39,GUIDED,True,-7.9262034,112.5949117,137.8,0.0,0.0,TRACKING_BUOY,462,142
1785885579.565,2026-08-05 06:19:39,GUIDED,True,-7.9262032,112.5949118,137.8,0.0,0.0,TRACKING_BUOY,454,134
1785885579.706,2026-08-05 06:19:39,GUIDED,True,-7.9262028,112.5949118,137.8,0.0,0.0,TRACKING_BUOY,450,130
1785885579.850,2026-08-05 06:19:39,GUIDED,True,-7.9262024,112.5949118,137.8,0.0,0.0,TRACKING_BUOY,,
1785885579.992,2026-08-05 06:19:39,GUIDED,True,-7.9262022,112.5949119,137.8,0.0,0.0,TRACKING_BUOY,,
1785885580.139,2026-08-05 06:19:40,GUIDED,True,-7.9262014,112.5949123,137.8,0.0,0.0,TRACKING_BUOY,451,131
1785885580.281,2026-08-05 06:19:40,GUIDED,True,-7.9262012,112.5949125,137.8,0.0,0.0,TRACKING_BUOY,,
1785885580.420,2026-08-05 06:19:40,GUIDED,True,-7.9262006,112.5949127,137.81,0.0,0.0,TRACKING_BUOY,0,-320
1785885580.561,2026-08-05 06:19:40,GUIDED,True,-7.9262004,112.5949127,137.8,0.0,0.0,TRACKING_BUOY,,
1785885580.705,2026-08-05 06:19:40,GUIDED,True,-7.9261996,112.5949124,137.8,0.0,0.0,TRACKING_BUOY,457,137
1785885580.855,2026-08-05 06:19:40,GUIDED,True,-7.9261992,112.5949121,137.8,0.0,0.0,TRACKING_BUOY,,
1785885580.998,2026-08-05 06:19:40,GUIDED,True,-7.926199,112.5949119,137.8,0.0,0.0,TRACKING_BUOY,,
1785885581.145,2026-08-05 06:19:41,GUIDED,True,-7.9261987,112.5949114,137.8,0.0,0.0,TRACKING_BUOY,463,143
1785885581.316,2026-08-05 06:19:41,GUIDED,True,-7.9261983,112.5949106,137.8,0.0,0.0,TRACKING_BUOY,,
1785885581.457,2026-08-05 06:19:41,GUIDED,True,-7.9261981,112.5949098,137.8,0.0,0.0,TRACKING_BUOY,,
1785885581.596,2026-08-05 06:19:41,GUIDED,True,-7.9261978,112.5949093,137.8,0.0,0.0,TRACKING_BUOY,,
1785885581.740,2026-08-05 06:19:41,GUIDED,True,-7.9261972,112.5949078,137.8,0.0,0.0,TRACKING_BUOY,309,-11
1785885581.884,2026-08-05 06:19:41,GUIDED,True,-7.9261967,112.5949061,137.8,0.0,0.0,TRACKING_BUOY,,
1785885582.033,2026-08-05 06:19:42,GUIDED,True,-7.9261965,112.594905,137.79,0.0,0.0,TRACKING_BUOY,,
1785885582.174,2026-08-05 06:19:42,GUIDED,True,-7.9261963,112.5949046,137.8,0.0,0.0,TRACKING_BUOY,0,-320
1785885582.316,2026-08-05 06:19:42,GUIDED,True,-7.9261956,112.5949029,137.8,0.0,0.0,TRACKING_BUOY,249,-71
1785885582.462,2026-08-05 06:19:42,GUIDED,True,-7.9261951,112.5949017,137.8,0.0,0.0,TRACKING_BUOY,252,-68
1785885582.609,2026-08-05 06:19:42,GUIDED,True,-7.9261943,112.5949005,137.8,0.0,0.0,TRACKING_BUOY,253,-67
1785885582.750,2026-08-05 06:19:42,GUIDED,True,-7.926194,112.5949001,137.81,0.0,0.0,TRACKING_BUOY,247,-73
1785885582.897,2026-08-05 06:19:42,GUIDED,True,-7.9261935,112.594899,137.81,0.0,0.0,TRACKING_BUOY,244,-76
1785885583.044,2026-08-05 06:19:43,GUIDED,True,-7.9261933,112.5948981,137.81,0.0,0.0,TRACKING_BUOY,243,-77
1785885583.193,2026-08-05 06:19:43,GUIDED,True,-7.9261931,112.5948978,137.81,0.0,0.0,TRACKING_BUOY,240,-80
1785885583.335,2026-08-05 06:19:43,GUIDED,True,-7.9261928,112.5948971,137.81,0.0,0.0,TRACKING_BUOY,236,-84
1785885583.476,2026-08-05 06:19:43,GUIDED,True,-7.9261926,112.5948968,137.81,0.0,0.0,TRACKING_BUOY,230,-90
1785885583.618,2026-08-05 06:19:43,GUIDED,True,-7.9261926,112.5948963,137.81,0.0,0.0,TRACKING_BUOY,228,-92
1785885583.759,2026-08-05 06:19:43,GUIDED,True,-7.9261926,112.5948961,137.81,0.0,0.0,TRACKING_BUOY,230,-90
1785885583.901,2026-08-05 06:19:43,GUIDED,True,-7.9261931,112.594895,137.82,0.0,0.0,TRACKING_BUOY,242,-78
1785885584.043,2026-08-05 06:19:44,GUIDED,True,-7.9261935,112.5948935,137.81,0.0,0.0,TRACKING_BUOY,265,-55
1785885584.196,2026-08-05 06:19:44,GUIDED,True,-7.9261935,112.5948932,137.81,0.0,0.0,TRACKING_BUOY,298,-22
1785885584.340,2026-08-05 06:19:44,GUIDED,True,-7.9261942,112.5948908,137.81,0.0,0.0,TRACKING_BUOY,335,15
1785885584.483,2026-08-05 06:19:44,GUIDED,True,-7.926195,112.5948886,137.81,0.0,0.0,TRACKING_BUOY,394,74
1785885584.623,2026-08-05 06:19:44,GUIDED,True,-7.9261955,112.5948873,137.81,0.0,0.0,TRACKING_BUOY,427,107
1785885584.762,2026-08-05 06:19:44,GUIDED,True,-7.9261957,112.5948866,137.81,0.0,0.0,TRACKING_BUOY,448,128
1785885584.923,2026-08-05 06:19:44,GUIDED,True,-7.9261964,112.5948853,137.81,0.0,0.0,TRACKING_BUOY,463,143
1785885585.108,2026-08-05 06:19:45,GUIDED,True,-7.9261972,112.5948845,137.81,0.0,0.0,TRACKING_BUOY,471,151
1785885585.289,2026-08-05 06:19:45,GUIDED,True,-7.9261982,112.5948841,137.81,0.0,0.0,TRACKING_BUOY,473,153
1785885585.536,2026-08-05 06:19:45,GUIDED,True,-7.9261991,112.5948839,137.81,0.0,0.0,TRACKING_BUOY,462,142
1785885585.675,2026-08-05 06:19:45,GUIDED,True,-7.9261994,112.5948837,137.82,0.0,0.0,TRACKING_BUOY,420,100
1785885585.816,2026-08-05 06:19:45,GUIDED,True,-7.9261998,112.5948827,137.82,0.0,0.0,TRACKING_BUOY,384,64
1785885585.963,2026-08-05 06:19:45,GUIDED,True,-7.9261999,112.5948822,137.82,0.0,0.0,TRACKING_BUOY,339,19
1785885586.115,2026-08-05 06:19:46,GUIDED,True,-7.9262,112.5948807,137.83,0.0,0.0,TRACKING_BUOY,293,-27
1785885586.256,2026-08-05 06:19:46,GUIDED,True,-7.9262003,112.5948797,137.83,0.0,0.0,TRACKING_BUOY,245,-75
1785885586.411,2026-08-05 06:19:46,GUIDED,True,-7.9262007,112.5948786,137.84,0.0,0.0,TRACKING_BUOY,207,-113
1785885586.549,2026-08-05 06:19:46,GUIDED,True,-7.9262008,112.5948782,137.84,0.0,0.0,TRACKING_BUOY,165,-155
1785885586.702,2026-08-05 06:19:46,GUIDED,True,-7.9262013,112.5948774,137.84,0.0,0.0,TRACKING_BUOY,155,-165
1785885586.865,2026-08-05 06:19:46,GUIDED,True,-7.9262017,112.594877,137.84,0.0,0.0,TRACKING_BUOY,150,-170
1785885587.016,2026-08-05 06:19:47,GUIDED,True,-7.9262019,112.5948767,137.84,0.0,0.0,TRACKING_BUOY,148,-172
1785885587.156,2026-08-05 06:19:47,GUIDED,True,-7.9262025,112.5948758,137.85,0.0,0.0,TRACKING_BUOY,149,-171
1785885587.296,2026-08-05 06:19:47,GUIDED,True,-7.9262029,112.5948751,137.85,0.0,0.0,TRACKING_BUOY,153,-167
1785885587.439,2026-08-05 06:19:47,GUIDED,True,-7.9262032,112.5948746,137.85,0.0,0.0,TRACKING_BUOY,160,-160
1785885587.577,2026-08-05 06:19:47,GUIDED,True,-7.9262033,112.5948744,137.86,0.0,0.0,TRACKING_BUOY,0,-320
1785885587.725,2026-08-05 06:19:47,GUIDED,True,-7.9262038,112.594874,137.86,0.0,0.0,TRACKING_BUOY,209,-111
1785885587.872,2026-08-05 06:19:47,GUIDED,True,-7.9262041,112.5948741,137.86,0.0,0.0,TRACKING_BUOY,247,-73
1785885588.019,2026-08-05 06:19:48,GUIDED,True,-7.9262046,112.5948741,137.86,0.0,0.0,TRACKING_BUOY,314,-6
1785885588.163,2026-08-05 06:19:48,GUIDED,True,-7.9262047,112.5948741,137.86,0.0,0.0,TRACKING_BUOY,356,36
1785885588.304,2026-08-05 06:19:48,GUIDED,True,-7.9262047,112.5948748,137.87,0.0,0.0,TRACKING_BUOY,393,73
1785885588.450,2026-08-05 06:19:48,GUIDED,True,-7.9262045,112.5948757,137.87,0.0,0.0,TRACKING_BUOY,422,102
1785885588.595,2026-08-05 06:19:48,GUIDED,True,-7.9262044,112.5948763,137.87,0.0,0.0,TRACKING_BUOY,443,123
1785885588.739,2026-08-05 06:19:48,GUIDED,True,-7.9262045,112.594878,137.88,0.0,0.0,TRACKING_BUOY,456,136
1785885588.881,2026-08-05 06:19:48,GUIDED,True,-7.926205,112.5948791,137.88,0.0,0.0,TRACKING_BUOY,465,145
1785885589.027,2026-08-05 06:19:49,GUIDED,True,-7.9262057,112.5948796,137.88,0.0,0.0,TRACKING_BUOY,470,150
1785885589.172,2026-08-05 06:19:49,GUIDED,True,-7.9262059,112.5948798,137.88,0.0,0.0,TRACKING_BUOY,469,149
1785885589.314,2026-08-05 06:19:49,GUIDED,True,-7.9262069,112.5948804,137.88,0.0,0.0,TRACKING_BUOY,460,140
1785885589.456,2026-08-05 06:19:49,GUIDED,True,-7.9262075,112.5948811,137.88,0.0,0.0,TRACKING_BUOY,442,122
1785885589.600,2026-08-05 06:19:49,GUIDED,True,-7.9262084,112.5948823,137.89,0.0,0.0,TRACKING_BUOY,413,93
1785885589.739,2026-08-05 06:19:49,GUIDED,True,-7.9262088,112.5948828,137.89,0.0,0.0,TRACKING_BUOY,348,28
1785885589.879,2026-08-05 06:19:49,GUIDED,True,-7.9262093,112.5948836,137.9,0.0,0.0,TRACKING_BUOY,299,-21
1785885590.025,2026-08-05 06:19:50,GUIDED,True,-7.9262097,112.594884,137.89,0.0,0.0,TRACKING_BUOY,251,-69
1785885590.169,2026-08-05 06:19:50,GUIDED,True,-7.9262105,112.5948852,137.89,0.0,0.0,TRACKING_BUOY,213,-107
1785885590.306,2026-08-05 06:19:50,GUIDED,True,-7.9262107,112.5948865,137.89,0.0,0.0,TRACKING_BUOY,190,-130
1785885590.448,2026-08-05 06:19:50,GUIDED,True,-7.9262107,112.5948874,137.9,0.0,0.0,TRACKING_BUOY,177,-143
1785885590.598,2026-08-05 06:19:50,GUIDED,True,-7.9262107,112.5948877,137.9,0.0,0.0,TRACKING_BUOY,174,-146
1785885590.741,2026-08-05 06:19:50,GUIDED,True,-7.9262107,112.5948886,137.9,0.0,0.0,TRACKING_BUOY,179,-141
1785885590.883,2026-08-05 06:19:50,GUIDED,True,-7.9262112,112.5948897,137.9,0.0,0.0,TRACKING_BUOY,181,-139
1785885591.026,2026-08-05 06:19:51,GUIDED,True,-7.9262114,112.5948906,137.9,0.0,0.0,TRACKING_BUOY,182,-138
1785885591.166,2026-08-05 06:19:51,GUIDED,True,-7.9262116,112.594891,137.9,0.0,0.0,TRACKING_BUOY,186,-134
1785885591.304,2026-08-05 06:19:51,GUIDED,True,-7.9262117,112.5948922,137.91,0.0,0.0,TRACKING_BUOY,190,-130
1785885591.474,2026-08-05 06:19:51,GUIDED,True,-7.9262115,112.5948928,137.91,0.0,0.0,TRACKING_BUOY,200,-120
1785885591.613,2026-08-05 06:19:51,GUIDED,True,-7.926211,112.5948936,137.92,0.0,0.0,TRACKING_BUOY,237,-83
1785885591.767,2026-08-05 06:19:51,GUIDED,True,-7.9262107,112.5948939,137.92,0.0,0.0,TRACKING_BUOY,280,-40
1785885591.906,2026-08-05 06:19:51,GUIDED,True,-7.9262103,112.5948942,137.92,0.0,0.0,TRACKING_BUOY,329,9
1785885592.050,2026-08-05 06:19:52,GUIDED,True,-7.92621,112.594894,137.92,0.0,0.0,TRACKING_BUOY,375,55
1785885592.213,2026-08-05 06:19:52,GUIDED,True,-7.9262097,112.5948934,137.93,0.0,0.0,TRACKING_BUOY,415,95
1785885592.358,2026-08-05 06:19:52,GUIDED,True,-7.9262096,112.5948931,137.93,0.0,0.0,TRACKING_BUOY,454,134
1785885592.505,2026-08-05 06:19:52,GUIDED,True,-7.9262092,112.5948924,137.93,0.0,0.0,TRACKING_BUOY,470,150
1785885592.645,2026-08-05 06:19:52,GUIDED,True,-7.9262092,112.5948923,137.93,0.0,0.0,TRACKING_BUOY,481,161
1785885592.811,2026-08-05 06:19:52,GUIDED,True,-7.9262092,112.5948924,137.93,0.0,0.0,TRACKING_BUOY,487,167
1785885592.950,2026-08-05 06:19:52,GUIDED,True,-7.9262092,112.5948926,137.94,0.0,0.0,TRACKING_BUOY,492,172
1785885593.095,2026-08-05 06:19:53,GUIDED,True,-7.9262094,112.5948935,137.94,0.0,0.0,TRACKING_BUOY,493,173
1785885593.248,2026-08-05 06:19:53,GUIDED,True,-7.9262094,112.5948939,137.94,0.0,0.0,TRACKING_BUOY,495,175
1785885593.390,2026-08-05 06:19:53,GUIDED,True,-7.9262094,112.5948941,137.94,0.0,0.0,TRACKING_BUOY,495,175
1785885593.531,2026-08-05 06:19:53,GUIDED,True,-7.9262097,112.5948949,137.94,0.0,0.0,TRACKING_BUOY,494,174
1785885593.677,2026-08-05 06:19:53,GUIDED,True,-7.9262098,112.5948953,137.94,0.0,0.0,TRACKING_BUOY,494,174
1785885593.817,2026-08-05 06:19:53,GUIDED,True,-7.92621,112.5948958,137.95,0.0,0.0,TRACKING_BUOY,494,174
1785885593.967,2026-08-05 06:19:53,GUIDED,True,-7.9262101,112.5948959,137.95,0.0,0.0,TRACKING_BUOY,494,174
1785885594.113,2026-08-05 06:19:54,GUIDED,True,-7.9262101,112.5948961,137.95,0.0,0.0,TRACKING_BUOY,495,175
1785885594.264,2026-08-05 06:19:54,GUIDED,True,-7.92621,112.594896,137.95,0.0,0.0,TRACKING_BUOY,496,176
1785885594.403,2026-08-05 06:19:54,GUIDED,True,-7.9262096,112.5948959,137.95,0.0,0.0,TRACKING_BUOY,499,179
1785885594.544,2026-08-05 06:19:54,GUIDED,True,-7.9262095,112.5948959,137.95,0.0,0.0,TRACKING_BUOY,503,183
1785885594.687,2026-08-05 06:19:54,GUIDED,True,-7.9262093,112.5948965,137.95,0.0,0.0,TRACKING_BUOY,505,185
1785885594.832,2026-08-05 06:19:54,GUIDED,True,-7.9262093,112.5948971,137.95,0.0,0.0,TRACKING_BUOY,505,185
1785885594.977,2026-08-05 06:19:54,GUIDED,True,-7.9262093,112.5948974,137.95,0.0,0.0,TRACKING_BUOY,504,184
1785885595.133,2026-08-05 06:19:55,GUIDED,True,-7.9262097,112.5948984,137.95,0.0,0.0,TRACKING_BUOY,494,174
1785885595.284,2026-08-05 06:19:55,GUIDED,True,-7.9262099,112.5948992,137.95,0.0,0.0,TRACKING_BUOY,456,136
1785885595.445,2026-08-05 06:19:55,GUIDED,True,-7.9262102,112.5948997,137.95,0.0,0.0,TRACKING_BUOY,413,93
1785885595.583,2026-08-05 06:19:55,GUIDED,True,-7.9262102,112.5949,137.95,0.0,0.0,TRACKING_BUOY,360,40
1785885595.723,2026-08-05 06:19:55,GUIDED,True,-7.9262103,112.5949004,137.96,0.0,0.0,TRACKING_BUOY,301,-19
1785885595.863,2026-08-05 06:19:55,GUIDED,True,-7.9262102,112.5949007,137.96,0.0,0.0,TRACKING_BUOY,229,-91
1785885595.999,2026-08-05 06:19:55,GUIDED,True,-7.9262102,112.5949009,137.96,0.0,0.0,TRACKING_BUOY,197,-123
1785885596.144,2026-08-05 06:19:56,GUIDED,True,-7.9262103,112.5949012,137.96,0.0,0.0,TRACKING_BUOY,174,-146
1785885596.298,2026-08-05 06:19:56,GUIDED,True,-7.9262102,112.5949017,137.96,0.0,0.0,TRACKING_BUOY,161,-159
1785885596.447,2026-08-05 06:19:56,GUIDED,True,-7.9262103,112.5949019,137.96,0.0,0.0,TRACKING_BUOY,0,-320
1785885596.594,2026-08-05 06:19:56,GUIDED,True,-7.9262103,112.5949021,137.96,0.0,0.0,TRACKING_BUOY,155,-165
1785885596.737,2026-08-05 06:19:56,GUIDED,True,-7.9262106,112.5949029,137.96,0.0,0.0,TRACKING_BUOY,161,-159
1785885596.879,2026-08-05 06:19:56,GUIDED,True,-7.9262108,112.5949036,137.96,0.0,0.0,TRACKING_BUOY,175,-145
1785885597.025,2026-08-05 06:19:57,GUIDED,True,-7.9262112,112.594905,137.96,0.0,0.0,TRACKING_BUOY,206,-114
1785885597.169,2026-08-05 06:19:57,GUIDED,True,-7.9262113,112.5949055,137.96,0.0,0.0,TRACKING_BUOY,247,-73
1785885597.311,2026-08-05 06:19:57,GUIDED,True,-7.9262113,112.5949067,137.96,0.0,0.0,TRACKING_BUOY,298,-22
1785885597.461,2026-08-05 06:19:57,GUIDED,True,-7.9262112,112.5949073,137.96,0.0,0.0,TRACKING_BUOY,346,26
1785885597.600,2026-08-05 06:19:57,GUIDED,True,-7.926211,112.5949081,137.97,0.0,0.0,TRACKING_BUOY,412,92
1785885597.739,2026-08-05 06:19:57,GUIDED,True,-7.9262109,112.5949083,137.97,0.0,0.0,TRACKING_BUOY,445,125
1785885597.885,2026-08-05 06:19:57,GUIDED,True,-7.9262107,112.5949088,137.97,0.0,0.0,TRACKING_BUOY,465,145
1785885598.032,2026-08-05 06:19:58,GUIDED,True,-7.9262104,112.5949089,137.97,0.0,0.0,TRACKING_BUOY,477,157
1785885598.176,2026-08-05 06:19:58,GUIDED,True,-7.9262104,112.594909,137.97,0.0,0.0,TRACKING_BUOY,480,160
1785885598.317,2026-08-05 06:19:58,GUIDED,True,-7.9262103,112.5949093,137.97,0.0,0.0,TRACKING_BUOY,479,159
1785885598.455,2026-08-05 06:19:58,GUIDED,True,-7.9262102,112.5949094,137.97,0.0,0.0,TRACKING_BUOY,470,150
1785885598.599,2026-08-05 06:19:58,GUIDED,True,-7.92621,112.5949096,137.98,0.0,0.0,TRACKING_BUOY,438,118
1785885598.743,2026-08-05 06:19:58,GUIDED,True,-7.9262099,112.5949096,137.98,0.0,0.0,TRACKING_BUOY,397,77
1785885598.885,2026-08-05 06:19:58,GUIDED,True,-7.9262094,112.5949093,137.98,0.0,0.0,TRACKING_BUOY,344,24
1785885599.030,2026-08-05 06:19:59,GUIDED,True,-7.9262094,112.5949093,137.98,0.0,0.0,TRACKING_BUOY,289,-31
1785885599.177,2026-08-05 06:19:59,GUIDED,True,-7.926209,112.5949091,137.98,0.0,0.0,TRACKING_BUOY,241,-79
1785885599.316,2026-08-05 06:19:59,GUIDED,True,-7.9262084,112.594909,137.98,0.0,0.0,TRACKING_BUOY,202,-118
1785885599.460,2026-08-05 06:19:59,GUIDED,True,-7.9262079,112.594909,137.98,0.0,0.0,TRACKING_BUOY,176,-144
1785885599.596,2026-08-05 06:19:59,GUIDED,True,-7.9262076,112.5949091,137.98,0.0,0.0,TRACKING_BUOY,159,-161
1785885599.736,2026-08-05 06:19:59,GUIDED,True,-7.9262071,112.5949095,137.98,0.0,0.0,TRACKING_BUOY,159,-161
1785885599.882,2026-08-05 06:19:59,GUIDED,True,-7.9262067,112.5949101,137.98,0.0,0.0,TRACKING_BUOY,170,-150
1785885600.028,2026-08-05 06:20:00,GUIDED,True,-7.9262064,112.5949104,137.98,0.0,0.0,TRACKING_BUOY,198,-122
1785885600.183,2026-08-05 06:20:00,GUIDED,True,-7.9262063,112.5949106,137.98,0.0,0.0,TRACKING_BUOY,243,-77
1785885600.319,2026-08-05 06:20:00,GUIDED,True,-7.9262055,112.5949102,137.98,0.0,0.0,TRACKING_BUOY,,
1785885600.458,2026-08-05 06:20:00,GUIDED,True,-7.9262052,112.5949097,137.98,0.0,0.0,TRACKING_BUOY,,
1785885600.594,2026-08-05 06:20:00,GUIDED,True,-7.926205,112.5949095,137.98,0.0,0.0,TRACKING_BUOY,289,-31
1785885600.732,2026-08-05 06:20:00,GUIDED,True,-7.9262049,112.5949087,137.98,0.0,0.0,TRACKING_BUOY,292,-28
1785885600.875,2026-08-05 06:20:00,GUIDED,True,-7.9262049,112.5949083,137.98,0.0,0.0,TRACKING_BUOY,293,-27
1785885601.014,2026-08-05 06:20:01,GUIDED,True,-7.9262049,112.594908,137.98,0.0,0.0,TRACKING_BUOY,294,-26
1785885601.159,2026-08-05 06:20:01,GUIDED,True,-7.9262049,112.5949075,137.98,0.0,0.0,TRACKING_BUOY,292,-28
1785885601.321,2026-08-05 06:20:01,GUIDED,True,-7.9262049,112.5949072,137.99,0.0,0.0,TRACKING_BUOY,430,110
1785885601.466,2026-08-05 06:20:01,GUIDED,True,-7.9262049,112.5949071,137.99,0.0,0.0,TRACKING_BUOY,317,-3
1785885601.636,2026-08-05 06:20:01,GUIDED,True,-7.926205,112.5949073,137.99,0.0,0.0,TRACKING_BUOY,322,2
1785885601.790,2026-08-05 06:20:01,GUIDED,True,-7.926205,112.5949075,137.99,0.0,0.0,TRACKING_BUOY,326,6
1785885601.951,2026-08-05 06:20:01,GUIDED,True,-7.926205,112.5949079,138.0,0.0,0.0,TRACKING_BUOY,336,16
1785885602.097,2026-08-05 06:20:02,GUIDED,True,-7.9262046,112.5949083,138.0,0.0,0.0,TRACKING_BUOY,415,95
1785885602.393,2026-08-05 06:20:02,GUIDED,True,-7.9262039,112.5949087,138.0,0.0,0.0,TRACKING_BUOY,445,125
1785885602.581,2026-08-05 06:20:02,GUIDED,True,-7.9262028,112.5949084,138.0,0.0,0.0,TRACKING_BUOY,380,60
1785885602.728,2026-08-05 06:20:02,GUIDED,True,-7.9262021,112.5949074,138.0,0.0,0.0,TRACKING_BUOY,265,-55
1785885602.869,2026-08-05 06:20:02,GUIDED,True,-7.9262015,112.5949068,138.0,0.0,0.0,TRACKING_BUOY,,
1785885603.023,2026-08-05 06:20:03,GUIDED,True,-7.9262006,112.5949059,138.0,0.0,0.0,TRACKING_BUOY,,
1785885603.181,2026-08-05 06:20:03,GUIDED,True,-7.9262003,112.5949056,138.0,0.0,0.0,TRACKING_BUOY,,
1785885603.323,2026-08-05 06:20:03,GUIDED,True,-7.9261995,112.5949047,138.0,0.0,0.0,TRACKING_BUOY,,
1785885603.469,2026-08-05 06:20:03,GUIDED,True,-7.9261991,112.5949039,138.01,0.0,0.0,TRACKING_BUOY,,
1785885603.622,2026-08-05 06:20:03,GUIDED,True,-7.9261985,112.5949032,138.01,0.0,0.0,TRACKING_BUOY,,
1785885603.765,2026-08-05 06:20:03,GUIDED,True,-7.9261982,112.5949029,138.01,0.0,0.0,TRACKING_BUOY,488,168
1785885603.906,2026-08-05 06:20:03,GUIDED,True,-7.9261975,112.5949021,138.01,0.0,0.0,TRACKING_BUOY,,
1785885604.051,2026-08-05 06:20:04,GUIDED,True,-7.926197,112.5949015,138.01,0.0,0.0,TRACKING_BUOY,,
1785885604.362,2026-08-05 06:20:04,GUIDED,True,-7.9261962,112.5949006,138.01,0.0,0.0,TRACKING_BUOY,,
1785885604.737,2026-08-05 06:20:04,GUIDED,True,-7.9261951,112.5948988,138.0,0.0,0.0,TRACKING_BUOY,,
1785885604.906,2026-08-05 06:20:04,GUIDED,True,-7.9261945,112.5948978,138.0,0.0,0.0,TRACKING_BUOY,,
1785885605.190,2026-08-05 06:20:05,GUIDED,True,-7.9261941,112.5948974,138.01,0.0,0.0,TRACKING_BUOY,,
1785885605.323,2026-08-05 06:20:05,GUIDED,True,-7.9261939,112.5948974,138.01,0.0,0.0,TRACKING_BUOY,,
1785885605.514,2026-08-05 06:20:05,GUIDED,True,-7.9261935,112.5948977,138.01,0.0,0.0,TRACKING_BUOY,,
1785885605.659,2026-08-05 06:20:05,GUIDED,True,-7.9261932,112.5948981,138.02,0.0,0.0,TRACKING_BUOY,,
1785885605.794,2026-08-05 06:20:05,GUIDED,True,-7.926193,112.5948983,138.02,0.0,0.0,TRACKING_BUOY,,
1785885605.927,2026-08-05 06:20:05,GUIDED,True,-7.9261926,112.5948988,138.02,0.0,0.0,TRACKING_BUOY,,
1785885606.062,2026-08-05 06:20:06,GUIDED,True,-7.9261927,112.5948989,138.02,0.0,0.0,TRACKING_BUOY,,
1785885606.199,2026-08-05 06:20:06,GUIDED,True,-7.9261927,112.5948989,138.02,0.0,0.0,TRACKING_BUOY,,
1785885606.333,2026-08-05 06:20:06,GUIDED,True,-7.9261926,112.5948989,138.02,0.0,0.0,TRACKING_BUOY,,
1785885606.472,2026-08-05 06:20:06,GUIDED,True,-7.9261924,112.5948989,138.03,0.0,0.0,TRACKING_BUOY,,
1785885606.605,2026-08-05 06:20:06,GUIDED,True,-7.9261918,112.5948987,138.03,0.0,0.0,TRACKING_BUOY,,
1785885606.756,2026-08-05 06:20:06,GUIDED,True,-7.9261916,112.5948986,138.03,0.0,0.0,TRACKING_BUOY,,
1785885606.898,2026-08-05 06:20:06,GUIDED,True,-7.9261908,112.594898,138.03,0.0,0.0,TRACKING_BUOY,,
1785885607.036,2026-08-05 06:20:07,GUIDED,True,-7.9261901,112.5948974,138.03,0.0,0.0,TRACKING_BUOY,,
1785885607.193,2026-08-05 06:20:07,GUIDED,True,-7.9261898,112.5948972,138.03,0.0,0.0,TRACKING_BUOY,,
1785885607.330,2026-08-05 06:20:07,GUIDED,True,-7.9261886,112.5948964,138.03,0.0,0.0,TRACKING_BUOY,,
1785885607.562,2026-08-05 06:20:07,GUIDED,True,-7.9261879,112.5948961,138.04,0.0,0.0,TRACKING_BUOY,,
1785885607.719,2026-08-05 06:20:07,GUIDED,True,-7.9261872,112.5948959,138.04,0.0,0.0,TRACKING_BUOY,,
1785885607.893,2026-08-05 06:20:07,GUIDED,True,-7.9261868,112.5948958,138.05,0.0,0.0,TRACKING_BUOY,,
1785885608.131,2026-08-05 06:20:08,GUIDED,True,-7.9261865,112.5948953,138.05,0.0,0.0,TRACKING_BUOY,,
1785885608.282,2026-08-05 06:20:08,GUIDED,True,-7.9261863,112.5948952,138.05,0.0,0.0,TRACKING_BUOY,,
1785885608.450,2026-08-05 06:20:08,GUIDED,True,-7.9261857,112.594895,138.05,0.0,0.0,TRACKING_BUOY,,
1785885608.599,2026-08-05 06:20:08,GUIDED,True,-7.9261851,112.5948951,138.05,0.0,0.0,TRACKING_BUOY,489,169
1785885608.745,2026-08-05 06:20:08,GUIDED,True,-7.9261848,112.5948951,138.06,0.0,0.0,TRACKING_BUOY,,
1785885608.884,2026-08-05 06:20:08,GUIDED,True,-7.9261838,112.5948954,138.06,0.0,0.0,TRACKING_BUOY,,
1785885609.019,2026-08-05 06:20:09,GUIDED,True,-7.9261831,112.5948954,138.06,0.0,0.0,TRACKING_BUOY,,
1785885609.157,2026-08-05 06:20:09,GUIDED,True,-7.9261827,112.5948954,138.06,0.0,0.0,TRACKING_BUOY,,
1785885609.298,2026-08-05 06:20:09,GUIDED,True,-7.9261817,112.5948952,138.06,0.0,0.0,TRACKING_BUOY,,
1785885609.434,2026-08-05 06:20:09,GUIDED,True,-7.9261812,112.5948951,138.07,0.0,0.0,TRACKING_BUOY,,
1785885609.567,2026-08-05 06:20:09,GUIDED,True,-7.9261808,112.5948951,138.07,0.0,0.0,TRACKING_BUOY,,
1785885609.705,2026-08-05 06:20:09,GUIDED,True,-7.9261799,112.5948949,138.07,0.0,0.0,TRACKING_BUOY,,
1785885609.837,2026-08-05 06:20:09,GUIDED,True,-7.9261794,112.5948947,138.07,0.0,0.0,TRACKING_BUOY,,
1785885609.975,2026-08-05 06:20:09,GUIDED,True,-7.9261791,112.5948945,138.07,0.0,0.0,TRACKING_BUOY,,
1785885610.111,2026-08-05 06:20:10,GUIDED,True,-7.9261782,112.5948937,138.07,0.0,0.0,TRACKING_BUOY,,
1785885610.250,2026-08-05 06:20:10,GUIDED,True,-7.9261777,112.5948931,138.07,0.0,0.0,TRACKING_BUOY,,
1785885610.381,2026-08-05 06:20:10,GUIDED,True,-7.9261773,112.5948927,138.07,0.0,0.0,TRACKING_BUOY,,
1785885610.515,2026-08-05 06:20:10,GUIDED,True,-7.9261766,112.5948921,138.07,0.0,0.0,TRACKING_BUOY,,
1785885610.648,2026-08-05 06:20:10,GUIDED,True,-7.9261762,112.5948918,138.07,0.0,0.0,TRACKING_BUOY,,
1785885610.785,2026-08-05 06:20:10,GUIDED,True,-7.9261759,112.5948916,138.07,0.0,0.0,TRACKING_BUOY,,
1785885610.919,2026-08-05 06:20:10,GUIDED,True,-7.9261754,112.5948915,138.07,0.0,0.0,TRACKING_BUOY,,
1785885611.055,2026-08-05 06:20:11,GUIDED,True,-7.9261752,112.5948913,138.07,0.0,0.0,TRACKING_BUOY,,
1785885611.192,2026-08-05 06:20:11,GUIDED,True,-7.9261751,112.5948912,138.07,0.0,0.0,TRACKING_BUOY,,
1785885611.327,2026-08-05 06:20:11,GUIDED,True,-7.9261752,112.594891,138.07,0.0,0.0,TRACKING_BUOY,,
1785885611.462,2026-08-05 06:20:11,GUIDED,True,-7.9261751,112.5948911,138.07,0.0,0.0,TRACKING_BUOY,,
1785885611.595,2026-08-05 06:20:11,GUIDED,True,-7.926175,112.5948912,138.07,0.0,0.0,TRACKING_BUOY,,
1785885611.734,2026-08-05 06:20:11,GUIDED,True,-7.9261744,112.5948914,138.07,0.0,0.0,TRACKING_BUOY,,
1785885611.865,2026-08-05 06:20:11,GUIDED,True,-7.9261741,112.5948916,138.07,0.0,0.0,TRACKING_BUOY,,
1785885612.004,2026-08-05 06:20:12,GUIDED,True,-7.9261736,112.5948922,138.07,0.0,0.0,TRACKING_BUOY,,
1785885612.143,2026-08-05 06:20:12,GUIDED,True,-7.9261735,112.5948924,138.07,0.0,0.0,TRACKING_BUOY,,
1785885612.280,2026-08-05 06:20:12,GUIDED,True,-7.9261732,112.5948927,138.08,0.0,0.0,TRACKING_BUOY,,
1785885612.414,2026-08-05 06:20:12,GUIDED,True,-7.9261729,112.5948935,138.08,0.0,0.0,TRACKING_BUOY,,
1785885612.549,2026-08-05 06:20:12,GUIDED,True,-7.9261728,112.5948937,138.08,0.0,0.0,TRACKING_BUOY,,
1785885612.685,2026-08-05 06:20:12,GUIDED,True,-7.9261726,112.5948945,138.08,0.0,0.0,TRACKING_BUOY,,
1785885612.826,2026-08-05 06:20:12,GUIDED,True,-7.9261725,112.5948951,138.09,0.0,0.0,TRACKING_BUOY,,
1785885612.966,2026-08-05 06:20:12,GUIDED,True,-7.9261724,112.5948955,138.09,0.0,0.0,TRACKING_BUOY,,
1785885613.102,2026-08-05 06:20:13,GUIDED,True,-7.9261722,112.5948963,138.09,0.0,0.0,TRACKING_BUOY,,
1785885613.237,2026-08-05 06:20:13,GUIDED,True,-7.9261721,112.5948966,138.09,0.0,0.0,TRACKING_BUOY,,
1785885613.373,2026-08-05 06:20:13,GUIDED,True,-7.926172,112.5948968,138.09,0.0,0.0,TRACKING_BUOY,,
1785885613.506,2026-08-05 06:20:13,GUIDED,True,-7.9261717,112.5948974,138.09,0.0,0.0,TRACKING_BUOY,,
1785885613.641,2026-08-05 06:20:13,GUIDED,True,-7.9261717,112.5948978,138.09,0.0,0.0,TRACKING_BUOY,,
1785885613.774,2026-08-05 06:20:13,GUIDED,True,-7.9261716,112.5948981,138.09,0.0,0.0,TRACKING_BUOY,,
1785885613.906,2026-08-05 06:20:13,GUIDED,True,-7.9261715,112.5948995,138.1,0.0,0.0,TRACKING_BUOY,,
1785885614.039,2026-08-05 06:20:14,GUIDED,True,-7.9261714,112.5949009,138.1,0.0,0.0,TRACKING_BUOY,,
1785885614.174,2026-08-05 06:20:14,GUIDED,True,-7.9261713,112.5949014,138.1,0.0,0.0,TRACKING_BUOY,,
1785885614.308,2026-08-05 06:20:14,GUIDED,True,-7.926171,112.5949033,138.1,0.0,0.0,TRACKING_BUOY,489,169
1785885614.450,2026-08-05 06:20:14,GUIDED,True,-7.9261708,112.5949047,138.1,0.0,0.0,TRACKING_BUOY,,
1785885614.584,2026-08-05 06:20:14,GUIDED,True,-7.9261707,112.5949052,138.1,0.0,0.0,TRACKING_BUOY,,
1785885614.717,2026-08-05 06:20:14,GUIDED,True,-7.9261707,112.5949068,138.11,0.0,0.0,TRACKING_BUOY,,
1785885614.857,2026-08-05 06:20:14,GUIDED,True,-7.9261709,112.5949079,138.11,0.0,0.0,TRACKING_BUOY,,
1785885614.993,2026-08-05 06:20:14,GUIDED,True,-7.9261709,112.5949086,138.11,0.0,0.0,TRACKING_BUOY,,
1785885615.131,2026-08-05 06:20:15,GUIDED,True,-7.926171,112.5949101,138.11,0.0,0.0,TRACKING_BUOY,,
1785885615.272,2026-08-05 06:20:15,GUIDED,True,-7.9261711,112.5949111,138.11,0.0,0.0,TRACKING_BUOY,,
1785885615.412,2026-08-05 06:20:15,GUIDED,True,-7.9261718,112.5949129,138.11,0.0,0.0,TRACKING_BUOY,488,168
1785885615.570,2026-08-05 06:20:15,GUIDED,True,-7.9261721,112.5949137,138.11,0.0,0.0,TRACKING_BUOY,,
1785885615.705,2026-08-05 06:20:15,GUIDED,True,-7.9261726,112.5949162,138.11,0.0,0.0,TRACKING_BUOY,488,168
1785885615.851,2026-08-05 06:20:15,GUIDED,True,-7.9261728,112.5949181,138.11,0.0,0.0,TRACKING_BUOY,488,168
1785885615.984,2026-08-05 06:20:15,GUIDED,True,-7.926173,112.5949192,138.11,0.0,0.0,TRACKING_BUOY,,
1785885616.122,2026-08-05 06:20:16,GUIDED,True,-7.9261733,112.5949222,138.11,0.0,0.0,TRACKING_BUOY,,
1785885616.258,2026-08-05 06:20:16,GUIDED,True,-7.9261735,112.5949243,138.11,0.0,0.0,TRACKING_BUOY,,
1785885616.390,2026-08-05 06:20:16,GUIDED,True,-7.9261737,112.5949256,138.11,0.0,0.0,TRACKING_BUOY,,
1785885616.530,2026-08-05 06:20:16,GUIDED,True,-7.926174,112.5949289,138.11,0.0,0.0,TRACKING_BUOY,489,169
1785885616.673,2026-08-05 06:20:16,GUIDED,True,-7.9261742,112.5949308,138.11,0.0,0.0,TRACKING_BUOY,,
1785885616.826,2026-08-05 06:20:16,GUIDED,True,-7.9261743,112.5949338,138.11,0.0,0.0,TRACKING_BUOY,,
1785885616.961,2026-08-05 06:20:16,GUIDED,True,-7.9261743,112.594935,138.11,0.0,0.0,TRACKING_BUOY,,
1785885617.101,2026-08-05 06:20:17,GUIDED,True,-7.9261744,112.5949378,138.12,0.0,0.0,TRACKING_BUOY,488,168
1785885617.242,2026-08-05 06:20:17,GUIDED,True,-7.9261744,112.5949395,138.12,0.0,0.0,TRACKING_BUOY,,
1785885617.378,2026-08-05 06:20:17,GUIDED,True,-7.9261744,112.5949405,138.12,0.0,0.0,TRACKING_BUOY,,
1785885617.515,2026-08-05 06:20:17,GUIDED,True,-7.9261744,112.5949426,138.12,0.0,0.0,TRACKING_BUOY,,
1785885617.652,2026-08-05 06:20:17,GUIDED,True,-7.9261743,112.594944,138.12,0.0,0.0,TRACKING_BUOY,488,168
1785885617.787,2026-08-05 06:20:17,GUIDED,True,-7.9261742,112.5949448,138.12,0.0,0.0,TRACKING_BUOY,,
1785885617.922,2026-08-05 06:20:17,GUIDED,True,-7.9261737,112.5949468,138.12,0.0,0.0,TRACKING_BUOY,,
1785885618.054,2026-08-05 06:20:18,GUIDED,True,-7.9261733,112.5949477,138.12,0.0,0.0,TRACKING_BUOY,,
1785885618.218,2026-08-05 06:20:18,GUIDED,True,-7.9261728,112.594949,138.12,0.0,0.0,TRACKING_BUOY,,
1785885618.352,2026-08-05 06:20:18,GUIDED,True,-7.9261726,112.5949494,138.12,0.0,0.0,TRACKING_BUOY,488,168
1785885618.489,2026-08-05 06:20:18,GUIDED,True,-7.9261718,112.5949506,138.12,0.0,0.0,TRACKING_BUOY,,
1785885618.644,2026-08-05 06:20:18,GUIDED,True,-7.9261715,112.5949512,138.12,0.0,0.0,TRACKING_BUOY,,
1785885618.785,2026-08-05 06:20:18,GUIDED,True,-7.9261712,112.5949517,138.12,0.0,0.0,TRACKING_BUOY,423,103
1785885618.919,2026-08-05 06:20:18,GUIDED,True,-7.9261702,112.594953,138.12,0.0,0.0,TRACKING_BUOY,,
1785885619.055,2026-08-05 06:20:19,GUIDED,True,-7.9261697,112.5949539,138.12,0.0,0.0,TRACKING_BUOY,,
1785885619.195,2026-08-05 06:20:19,GUIDED,True,-7.9261695,112.5949543,138.12,0.0,0.0,TRACKING_BUOY,,
1785885619.339,2026-08-05 06:20:19,GUIDED,True,-7.9261692,112.5949551,138.12,0.0,0.0,TRACKING_BUOY,,
1785885619.471,2026-08-05 06:20:19,GUIDED,True,-7.9261692,112.5949553,138.12,0.0,0.0,TRACKING_BUOY,,
1785885619.605,2026-08-05 06:20:19,GUIDED,True,-7.9261693,112.5949553,138.12,0.0,0.0,TRACKING_BUOY,,
1785885619.742,2026-08-05 06:20:19,GUIDED,True,-7.9261693,112.5949553,138.12,0.0,0.0,TRACKING_BUOY,,
1785885619.878,2026-08-05 06:20:19,GUIDED,True,-7.9261692,112.5949553,138.12,0.0,0.0,TRACKING_BUOY,,
1785885620.016,2026-08-05 06:20:20,GUIDED,True,-7.9261692,112.5949553,138.12,0.0,0.0,TRACKING_BUOY,,
1785885620.150,2026-08-05 06:20:20,GUIDED,True,-7.9261691,112.5949558,138.12,0.0,0.0,TRACKING_BUOY,,
1785885620.289,2026-08-05 06:20:20,GUIDED,True,-7.9261689,112.5949565,138.12,0.0,0.0,TRACKING_BUOY,,
1785885620.425,2026-08-05 06:20:20,GUIDED,True,-7.9261689,112.5949569,138.12,0.0,0.0,TRACKING_BUOY,,
1785885620.557,2026-08-05 06:20:20,GUIDED,True,-7.9261689,112.5949571,138.11,0.0,0.0,TRACKING_BUOY,,
1785885620.692,2026-08-05 06:20:20,GUIDED,True,-7.9261689,112.5949577,138.11,0.0,0.0,TRACKING_BUOY,,
1785885620.826,2026-08-05 06:20:20,GUIDED,True,-7.926169,112.5949582,138.11,0.0,0.0,TRACKING_BUOY,,
1785885620.962,2026-08-05 06:20:20,GUIDED,True,-7.926169,112.5949585,138.11,0.0,0.0,TRACKING_BUOY,,
1785885621.098,2026-08-05 06:20:21,GUIDED,True,-7.9261691,112.5949597,138.12,0.0,0.0,TRACKING_BUOY,,
1785885621.240,2026-08-05 06:20:21,GUIDED,True,-7.9261693,112.5949605,138.12,0.0,0.0,TRACKING_BUOY,488,168
1785885621.374,2026-08-05 06:20:21,GUIDED,True,-7.9261694,112.594961,138.11,0.0,0.0,TRACKING_BUOY,,
1785885621.510,2026-08-05 06:20:21,GUIDED,True,-7.92617,112.5949618,138.12,0.0,0.0,TRACKING_BUOY,,
1785885621.644,2026-08-05 06:20:21,GUIDED,True,-7.9261702,112.5949622,138.12,0.0,0.0,TRACKING_BUOY,,
1785885621.780,2026-08-05 06:20:21,GUIDED,True,-7.9261703,112.5949625,138.12,0.0,0.0,TRACKING_BUOY,,
1785885621.933,2026-08-05 06:20:21,GUIDED,True,-7.9261705,112.5949631,138.12,0.0,0.0,TRACKING_BUOY,,
1785885622.064,2026-08-05 06:20:22,GUIDED,True,-7.9261708,112.5949632,138.12,0.0,0.0,TRACKING_BUOY,,
1785885622.199,2026-08-05 06:20:22,GUIDED,True,-7.9261712,112.5949634,138.12,0.0,0.0,TRACKING_BUOY,,
1785885622.339,2026-08-05 06:20:22,GUIDED,True,-7.9261715,112.5949635,138.12,0.0,0.0,TRACKING_BUOY,,
1785885622.668,2026-08-05 06:20:22,GUIDED,True,-7.9261727,112.5949637,138.12,0.0,0.0,TRACKING_BUOY,489,169
1785885622.854,2026-08-05 06:20:22,GUIDED,True,-7.9261734,112.5949637,138.12,0.0,0.0,TRACKING_BUOY,488,168
1785885622.992,2026-08-05 06:20:22,GUIDED,True,-7.9261738,112.5949637,138.12,0.0,0.0,TRACKING_BUOY,,
1785885623.144,2026-08-05 06:20:23,GUIDED,True,-7.926175,112.5949637,138.12,0.0,0.0,TRACKING_BUOY,,
1785885623.282,2026-08-05 06:20:23,GUIDED,True,-7.9261761,112.5949635,138.12,0.0,0.0,TRACKING_BUOY,,
1785885623.415,2026-08-05 06:20:23,GUIDED,True,-7.9261767,112.5949635,138.11,0.0,0.0,TRACKING_BUOY,,
1785885623.554,2026-08-05 06:20:23,GUIDED,True,-7.9261771,112.5949635,138.12,0.0,0.0,TRACKING_BUOY,,
1785885623.720,2026-08-05 06:20:23,GUIDED,True,-7.926178,112.5949634,138.12,0.0,0.0,TRACKING_BUOY,,
1785885623.861,2026-08-05 06:20:23,GUIDED,True,-7.9261787,112.5949635,138.12,0.0,0.0,TRACKING_BUOY,,
1785885624.001,2026-08-05 06:20:24,GUIDED,True,-7.9261802,112.5949641,138.12,0.0,0.0,TRACKING_BUOY,,
1785885624.145,2026-08-05 06:20:24,GUIDED,True,-7.9261809,112.5949645,138.12,0.0,0.0,TRACKING_BUOY,,
1785885624.305,2026-08-05 06:20:24,GUIDED,True,-7.9261821,112.5949651,138.12,0.0,0.0,TRACKING_BUOY,,
1785885624.451,2026-08-05 06:20:24,GUIDED,True,-7.9261828,112.5949654,138.12,0.0,0.0,TRACKING_BUOY,,
1785885624.591,2026-08-05 06:20:24,GUIDED,True,-7.9261832,112.5949656,138.12,0.0,0.0,TRACKING_BUOY,,
1785885624.731,2026-08-05 06:20:24,GUIDED,True,-7.9261841,112.594966,138.12,0.0,0.0,TRACKING_BUOY,,
1785885624.876,2026-08-05 06:20:24,GUIDED,True,-7.9261845,112.5949662,138.12,0.0,0.0,TRACKING_BUOY,,
1785885625.045,2026-08-05 06:20:25,GUIDED,True,-7.9261852,112.5949665,138.12,0.0,0.0,TRACKING_BUOY,,
1785885625.212,2026-08-05 06:20:25,GUIDED,True,-7.926186,112.594967,138.12,0.0,0.0,TRACKING_BUOY,,
1785885625.365,2026-08-05 06:20:25,GUIDED,True,-7.9261864,112.5949673,138.12,0.0,0.0,TRACKING_BUOY,,
1785885625.529,2026-08-05 06:20:25,GUIDED,True,-7.9261875,112.5949684,138.12,0.0,0.0,TRACKING_BUOY,,
1785885625.689,2026-08-05 06:20:25,GUIDED,True,-7.9261885,112.5949695,138.13,0.0,0.0,TRACKING_BUOY,489,169
1785885625.846,2026-08-05 06:20:25,GUIDED,True,-7.926189,112.5949702,138.13,0.0,0.0,TRACKING_BUOY,,
1785885625.991,2026-08-05 06:20:25,GUIDED,True,-7.9261894,112.5949706,138.13,0.0,0.0,TRACKING_BUOY,,
1785885626.135,2026-08-05 06:20:26,GUIDED,True,-7.9261905,112.5949718,138.13,0.0,0.0,TRACKING_BUOY,,
1785885626.297,2026-08-05 06:20:26,GUIDED,True,-7.9261914,112.5949726,138.13,0.0,0.0,TRACKING_BUOY,,
1785885626.443,2026-08-05 06:20:26,GUIDED,True,-7.9261921,112.5949731,138.13,0.0,0.0,TRACKING_BUOY,489,169
1785885626.587,2026-08-05 06:20:26,GUIDED,True,-7.9261926,112.5949734,138.13,0.0,0.0,TRACKING_BUOY,,
1785885626.733,2026-08-05 06:20:26,GUIDED,True,-7.9261936,112.5949739,138.13,0.0,0.0,TRACKING_BUOY,,
1785885626.882,2026-08-05 06:20:26,GUIDED,True,-7.9261945,112.5949744,138.14,0.0,0.0,TRACKING_BUOY,,
1785885627.046,2026-08-05 06:20:27,GUIDED,True,-7.9261949,112.5949744,138.14,0.0,0.0,TRACKING_BUOY,,
1785885627.193,2026-08-05 06:20:27,GUIDED,True,-7.9261953,112.5949745,138.14,0.0,0.0,TRACKING_BUOY,,
1785885627.333,2026-08-05 06:20:27,GUIDED,True,-7.9261963,112.5949743,138.14,0.0,0.0,TRACKING_BUOY,,
1785885627.475,2026-08-05 06:20:27,GUIDED,True,-7.9261971,112.5949743,138.14,0.0,0.0,TRACKING_BUOY,,
1785885627.620,2026-08-05 06:20:27,GUIDED,False,-7.9261986,112.5949742,138.14,0.0,0.0,TRACKING_BUOY,,
1785885627.774,2026-08-05 06:20:27,GUIDED,False,-7.9261992,112.5949743,138.14,0.0,0.0,TRACKING_BUOY,,
1785885627.914,2026-08-05 06:20:27,GUIDED,False,-7.9262009,112.5949747,138.14,0.0,0.0,TRACKING_BUOY,,
1785885628.052,2026-08-05 06:20:28,GUIDED,False,-7.9262021,112.5949748,138.14,0.0,0.0,TRACKING_BUOY,,
1785885628.199,2026-08-05 06:20:28,GUIDED,False,-7.9262034,112.5949747,138.14,0.0,0.0,TRACKING_BUOY,,
1785885628.343,2026-08-05 06:20:28,GUIDED,False,-7.926204,112.5949746,138.15,0.0,0.0,TRACKING_BUOY,,
1785885628.496,2026-08-05 06:20:28,GUIDED,False,-7.9262056,112.5949737,138.15,0.0,0.0,TRACKING_BUOY,,
1785885628.644,2026-08-05 06:20:28,GUIDED,False,-7.9262065,112.5949729,138.15,0.0,0.0,TRACKING_BUOY,488,168
1785885628.787,2026-08-05 06:20:28,GUIDED,False,-7.9262071,112.5949724,138.15,0.0,0.0,TRACKING_BUOY,,
1785885628.933,2026-08-05 06:20:28,GUIDED,False,-7.9262083,112.5949709,138.15,0.0,0.0,TRACKING_BUOY,,
1785885629.088,2026-08-05 06:20:29,GUIDED,False,-7.926209,112.5949701,138.15,0.0,0.0,TRACKING_BUOY,,
1785885629.239,2026-08-05 06:20:29,GUIDED,False,-7.9262099,112.5949691,138.16,0.0,0.0,TRACKING_BUOY,,
1785885629.394,2026-08-05 06:20:29,GUIDED,False,-7.9262104,112.5949687,138.15,0.0,0.0,TRACKING_BUOY,,
1785885629.544,2026-08-05 06:20:29,GUIDED,False,-7.9262118,112.5949676,138.15,0.0,0.0,TRACKING_BUOY,,
1785885629.694,2026-08-05 06:20:29,GUIDED,False,-7.9262127,112.5949662,138.16,0.0,0.0,TRACKING_BUOY,,
1785885629.833,2026-08-05 06:20:29,GUIDED,False,-7.9262131,112.5949651,138.16,0.0,0.0,TRACKING_BUOY,,
1785885629.969,2026-08-05 06:20:29,GUIDED,False,-7.9262133,112.5949643,138.16,0.0,0.0,TRACKING_BUOY,,
1785885630.132,2026-08-05 06:20:30,GUIDED,False,-7.9262135,112.594962,138.16,0.0,0.0,TRACKING_BUOY,,
1785885630.284,2026-08-05 06:20:30,GUIDED,False,-7.9262138,112.5949602,138.17,0.0,0.0,TRACKING_BUOY,,
1785885630.425,2026-08-05 06:20:30,GUIDED,False,-7.926214,112.5949591,138.17,0.0,0.0,TRACKING_BUOY,,
1785885630.566,2026-08-05 06:20:30,GUIDED,False,-7.9262141,112.5949585,138.17,0.0,0.0,TRACKING_BUOY,,
1785885630.711,2026-08-05 06:20:30,GUIDED,False,-7.9262145,112.5949572,138.18,0.0,0.0,TRACKING_BUOY,,
1785885630.851,2026-08-05 06:20:30,GUIDED,False,-7.9262148,112.5949563,138.18,0.0,0.0,TRACKING_BUOY,,
1785885630.997,2026-08-05 06:20:30,GUIDED,False,-7.926215,112.5949557,138.18,0.0,0.0,TRACKING_BUOY,,
1785885631.151,2026-08-05 06:20:31,GUIDED,False,-7.9262156,112.5949542,138.18,0.0,0.0,TRACKING_BUOY,,
1785885631.306,2026-08-05 06:20:31,GUIDED,False,-7.9262161,112.5949533,138.19,0.0,0.0,TRACKING_BUOY,,
1785885631.455,2026-08-05 06:20:31,GUIDED,False,-7.9262164,112.5949527,138.19,0.0,0.0,TRACKING_BUOY,,
1785885631.599,2026-08-05 06:20:31,GUIDED,False,-7.9262168,112.5949513,138.19,0.0,0.0,TRACKING_BUOY,,
1785885631.742,2026-08-05 06:20:31,GUIDED,False,-7.9262171,112.5949507,138.2,0.0,0.0,TRACKING_BUOY,,
1785885631.887,2026-08-05 06:20:31,GUIDED,False,-7.9262175,112.5949489,138.2,0.0,0.0,TRACKING_BUOY,,
1785885632.037,2026-08-05 06:20:32,GUIDED,False,-7.9262178,112.5949477,138.2,0.0,0.0,TRACKING_BUOY,,
1785885632.184,2026-08-05 06:20:32,GUIDED,False,-7.9262181,112.5949471,138.2,0.0,0.0,TRACKING_BUOY,,
1785885632.324,2026-08-05 06:20:32,GUIDED,False,-7.9262181,112.5949458,138.2,0.0,0.0,TRACKING_BUOY,,
1785885632.470,2026-08-05 06:20:32,GUIDED,False,-7.9262181,112.5949451,138.21,0.0,0.0,TRACKING_BUOY,488,168
1785885632.612,2026-08-05 06:20:32,GUIDED,False,-7.9262184,112.5949442,138.21,0.0,0.0,TRACKING_BUOY,,
1785885632.747,2026-08-05 06:20:32,GUIDED,False,-7.9262186,112.5949438,138.21,0.0,0.0,TRACKING_BUOY,,
1785885632.894,2026-08-05 06:20:32,GUIDED,False,-7.926219,112.5949431,138.22,0.0,0.0,TRACKING_BUOY,,
1785885633.053,2026-08-05 06:20:33,GUIDED,False,-7.9262194,112.5949428,138.22,0.0,0.0,TRACKING_BUOY,,
1785885633.201,2026-08-05 06:20:33,GUIDED,False,-7.9262203,112.594942,138.22,0.0,0.0,TRACKING_BUOY,,
1785885633.341,2026-08-05 06:20:33,GUIDED,False,-7.9262206,112.5949415,138.22,0.0,0.0,TRACKING_BUOY,489,169
1785885633.482,2026-08-05 06:20:33,GUIDED,False,-7.9262213,112.5949398,138.23,0.0,0.0,TRACKING_BUOY,,
1785885633.690,2026-08-05 06:20:33,GUIDED,False,-7.9262218,112.5949379,138.23,0.0,0.0,TRACKING_BUOY,488,168
1785885633.836,2026-08-05 06:20:33,GUIDED,False,-7.926222,112.5949369,138.23,0.0,0.0,TRACKING_BUOY,,
1785885633.993,2026-08-05 06:20:33,GUIDED,False,-7.9262222,112.5949363,138.23,0.0,0.0,TRACKING_BUOY,,
1785885634.143,2026-08-05 06:20:34,GUIDED,False,-7.9262232,112.5949347,138.23,0.0,0.0,TRACKING_BUOY,,
1785885634.277,2026-08-05 06:20:34,GUIDED,False,-7.9262236,112.5949341,138.23,0.0,0.0,TRACKING_BUOY,489,169
1785885634.437,2026-08-05 06:20:34,GUIDED,False,-7.9262243,112.5949329,138.23,0.0,0.0,TRACKING_BUOY,,
1785885634.588,2026-08-05 06:20:34,GUIDED,False,-7.9262247,112.5949325,138.23,0.0,0.0,TRACKING_BUOY,,
1785885634.730,2026-08-05 06:20:34,GUIDED,False,-7.9262262,112.5949323,138.23,0.0,0.0,TRACKING_BUOY,,
1785885634.913,2026-08-05 06:20:34,GUIDED,False,-7.9262276,112.594932,138.24,0.0,0.0,TRACKING_BUOY,,
1785885635.056,2026-08-05 06:20:35,GUIDED,False,-7.9262284,112.5949318,138.24,0.0,0.0,TRACKING_BUOY,,
