timestamp,iso_time,mode,armed,lat,lng,heading,sog_knots,battery_v,state,gate_x,error_px
1785933137.973,2026-08-05 19:32:17,GUIDED,False,-7.926245,112.5949975,154.95,0.0,0.0,IDLE,,
1785933138.122,2026-08-05 19:32:18,GUIDED,False,-7.9262463,112.5949986,154.97,0.0,0.0,IDLE,,
1785933138.256,2026-08-05 19:32:18,GUIDED,False,-7.926247,112.5949989,154.96,0.0,0.0,IDLE,,
1785933138.392,2026-08-05 19:32:18,GUIDED,False,-7.9262478,112.5949989,154.96,0.0,0.0,IDLE,,
1785933138.538,2026-08-05 19:32:18,GUIDED,False,-7.9262494,112.5949987,154.96,0.0,0.0,IDLE,,
1785933138.709,2026-08-05 19:32:18,GUIDED,False,-7.9262501,112.5949986,154.97,0.0,0.0,IDLE,,
1785933138.861,2026-08-05 19:32:18,GUIDED,False,-7.9262511,112.5949984,154.96,0.0,0.0,IDLE,,
1785933139.023,2026-08-05 19:32:19,GUIDED,False,-7.9262516,112.5949986,154.97,0.0,0.0,IDLE,,
1785933139.174,2026-08-05 19:32:19,GUIDED,False,-7.9262522,112.5949992,154.96,0.0,0.0,IDLE,,
1785933139.321,2026-08-05 19:32:19,GUIDED,False,-7.9262521,112.5949994,154.97,0.0,0.0,IDLE,,
1785933139.470,2026-08-05 19:32:19,GUIDED,False,-7.9262521,112.5949996,154.97,0.0,0.0,IDLE,,
1785933139.608,2026-08-05 19:32:19,GUIDED,False,-7.9262518,112.5949998,154.98,0.0,0.0,IDLE,,
1785933139.752,2026-08-05 19:32:19,GUIDED,False,-7.9262512,112.5949999,154.99,0.0,0.0,IDLE,,
1785933139.908,2026-08-05 19:32:19,GUIDED,False,-7.926251,112.5949998,154.99,0.0,0.0,IDLE,,
1785933140.057,2026-08-05 19:32:20,GUIDED,False,-7.926251,112.5949984,154.98,0.0,0.0,IDLE,,
1785933140.203,2026-08-05 19:32:20,GUIDED,False,-7.9262511,112.5949976,154.99,0.0,0.0,IDLE,,
1785933140.343,2026-08-05 19:32:20,GUIDED,False,-7.9262514,112.594996,154.99,0.0,0.0,IDLE,,
1785933140.495,2026-08-05 19:32:20,GUIDED,False,-7.9262515,112.5949955,155.0,0.0,0.0,IDLE,,
1785933140.645,2026-08-05 19:32:20,GUIDED,False,-7.926252,112.5949953,154.98,0.0,0.0,IDLE,,
1785933140.787,2026-08-05 19:32:20,GUIDED,False,-7.9262524,112.5949954,154.98,0.0,0.0,IDLE,,
1785933140.923,2026-08-05 19:32:20,GUIDED,False,-7.9262534,112.5949952,154.97,0.0,0.0,IDLE,,
1785933141.058,2026-08-05 19:32:21,GUIDED,False,-7.926254,112.594995,154.98,0.0,0.0,IDLE,,
1785933141.208,2026-08-05 19:32:21,GUIDED,False,-7.9262545,112.5949948,154.98,0.0,0.0,IDLE,,
1785933141.353,2026-08-05 19:32:21,GUIDED,False,-7.9262554,112.5949945,155.0,0.0,0.0,IDLE,,
1785933141.495,2026-08-05 19:32:21,GUIDED,False,-7.9262559,112.5949943,154.99,0.0,0.0,IDLE,,
1785933141.631,2026-08-05 19:32:21,GUIDED,False,-7.9262574,112.5949936,154.98,0.0,0.0,IDLE,,
1785933141.769,2026-08-05 19:32:21,GUIDED,False,-7.9262583,112.5949931,154.98,0.0,0.0,IDLE,,
1785933141.921,2026-08-05 19:32:21,GUIDED,False,-7.92626,112.5949922,154.97,0.0,0.0,IDLE,,
1785933142.058,2026-08-05 19:32:22,GUIDED,False,-7.9262609,112.5949917,154.97,0.0,0.0,IDLE,,
1785933142.202,2026-08-05 19:32:22,GUIDED,False,-7.9262614,112.5949912,154.97,0.0,0.0,IDLE,,
1785933142.336,2026-08-05 19:32:22,GUIDED,False,-7.9262629,112.5949902,154.97,0.0,0.0,IDLE,,
1785933142.497,2026-08-05 19:32:22,GUIDED,False,-7.9262636,112.5949898,154.95,0.0,0.0,IDLE,,
1785933142.634,2026-08-05 19:32:22,GUIDED,False,-7.9262648,112.5949894,154.96,0.0,0.0,IDLE,,
1785933142.776,2026-08-05 19:32:22,GUIDED,False,-7.9262651,112.5949892,154.96,0.0,0.0,IDLE,,
1785933142.941,2026-08-05 19:32:22,GUIDED,False,-7.9262653,112.5949888,154.96,0.0,0.0,START,,
1785933143.079,2026-08-05 19:32:23,GUIDED,False,-7.9262655,112.5949885,154.97,0.0,0.0,START,,
1785933143.231,2026-08-05 19:32:23,GUIDED,False,-7.9262654,112.5949874,154.97,0.0,0.0,START,,
1785933143.376,2026-08-05 19:32:23,GUIDED,False,-7.9262654,112.5949864,154.96,0.0,0.0,START,,
1785933143.555,2026-08-05 19:32:23,GUIDED,True,-7.9262658,112.5949846,154.96,0.0,0.0,START,,
1785933143.716,2026-08-05 19:32:23,GUIDED,True,-7.926266,112.5949836,154.95,0.0,0.0,START,,
1785933143.866,2026-08-05 19:32:23,GUIDED,True,-7.9262666,112.5949812,154.95,0.0,0.0,START,,
1785933144.052,2026-08-05 19:32:24,GUIDED,True,-7.9262671,112.5949789,154.95,0.0,0.0,START,,
1785933144.199,2026-08-05 19:32:24,GUIDED,True,-7.9262671,112.594978,154.96,0.0,0.0,START,,
1785933144.343,2026-08-05 19:32:24,GUIDED,True,-7.9262664,112.5949767,154.95,0.0,0.0,START,,
1785933144.487,2026-08-05 19:32:24,GUIDED,True,-7.9262661,112.5949762,154.95,0.0,0.0,START,,
1785933144.639,2026-08-05 19:32:24,GUIDED,True,-7.9262653,112.5949752,154.94,0.0,0.0,START,,
1785933144.784,2026-08-05 19:32:24,GUIDED,True,-7.9262647,112.5949749,154.94,0.0,0.0,START,,
1785933144.921,2026-08-05 19:32:24,GUIDED,True,-7.9262635,112.5949746,154.94,0.0,0.0,START,,
1785933145.072,2026-08-05 19:32:25,GUIDED,True,-7.9262628,112.5949745,154.94,0.0,0.0,TRACKING_BUOY,,
1785933145.231,2026-08-05 19:32:25,GUIDED,True,-7.9262615,112.5949743,154.94,0.0,0.0,TRACKING_BUOY,,
1785933145.373,2026-08-05 19:32:25,GUIDED,True,-7.9262605,112.5949741,154.94,0.0,0.0,TRACKING_BUOY,,
1785933145.543,2026-08-05 19:32:25,GUIDED,True,-7.9262589,112.5949736,154.95,0.0,0.0,TRACKING_BUOY,,
1785933145.689,2026-08-05 19:32:25,GUIDED,True,-7.9262581,112.5949734,154.94,0.0,0.0,TRACKING_BUOY,,
1785933145.834,2026-08-05 19:32:25,GUIDED,True,-7.9262564,112.5949728,154.94,0.0,0.0,TRACKING_BUOY,,
1785933145.986,2026-08-05 19:32:25,GUIDED,True,-7.9262555,112.5949721,154.95,0.0,0.0,TRACKING_BUOY,,
1785933146.171,2026-08-05 19:32:26,GUIDED,True,-7.9262541,112.5949704,154.96,0.0,0.0,TRACKING_BUOY,,
1785933146.400,2026-08-05 19:32:26,GUIDED,True,-7.9262531,112.5949683,154.96,0.0,0.0,TRACKING_BUOY,,
1785933146.535,2026-08-05 19:32:26,GUIDED,True,-7.9262526,112.5949667,154.96,0.0,0.0,TRACKING_BUOY,,
1785933146.675,2026-08-05 19:32:26,GUIDED,True,-7.9262526,112.594966,154.96,0.0,0.0,TRACKING_BUOY,,
1785933146.817,2026-08-05 19:32:26,GUIDED,True,-7.9262528,112.5949655,154.94,0.0,0.0,TRACKING_BUOY,,
1785933146.960,2026-08-05 19:32:26,GUIDED,True,-7.9262528,112.5949654,154.95,0.0,0.0,TRACKING_BUOY,,
1785933147.096,2026-08-05 19:32:27,GUIDED,True,-7.9262528,112.5949653,154.95,0.0,0.0,TRACKING_BUOY,,
1785933147.252,2026-08-05 19:32:27,GUIDED,True,-7.9262526,112.5949648,154.96,0.0,0.0,TRACKING_BUOY,,
1785933147.389,2026-08-05 19:32:27,GUIDED,True,-7.9262524,112.5949645,154.96,0.0,0.0,TRACKING_BUOY,,
1785933147.525,2026-08-05 19:32:27,GUIDED,True,-7.9262519,112.5949641,154.96,0.0,0.0,TRACKING_BUOY,,
1785933147.660,2026-08-05 19:32:27,GUIDED,True,-7.9262516,112.5949639,154.95,0.0,0.0,TRACKING_BUOY,,
1785933147.805,2026-08-05 19:32:27,GUIDED,True,-7.9262511,112.594964,154.94,0.0,0.0,TRACKING_BUOY,,
1785933147.939,2026-08-05 19:32:27,GUIDED,True,-7.9262505,112.594964,154.94,0.0,0.0,TRACKING_BUOY,,
1785933148.091,2026-08-05 19:32:28,GUIDED,True,-7.9262503,112.5949638,154.94,0.0,0.0,TRACKING_BUOY,,
1785933148.227,2026-08-05 19:32:28,GUIDED,True,-7.92625,112.5949631,154.94,0.0,0.0,TRACKING_BUOY,,
1785933148.360,2026-08-05 19:32:28,GUIDED,True,-7.92625,112.5949625,154.94,0.0,0.0,TRACKING_BUOY,,
1785933148.495,2026-08-05 19:32:28,GUIDED,True,-7.92625,112.594962,154.93,0.0,0.0,TRACKING_BUOY,,
1785933148.658,2026-08-05 19:32:28,GUIDED,True,-7.9262503,112.5949612,154.94,0.0,0.0,TRACKING_BUOY,,
1785933148.803,2026-08-05 19:32:28,GUIDED,True,-7.9262507,112.5949607,154.94,0.0,0.0,TRACKING_BUOY,,
1785933148.946,2026-08-05 19:32:28,GUIDED,True,-7.9262515,112.5949596,154.93,0.0,0.0,TRACKING_BUOY,,
1785933149.083,2026-08-05 19:32:29,GUIDED,True,-7.9262521,112.5949586,154.94,0.0,0.0,TRACKING_BUOY,,
1785933149.234,2026-08-05 19:32:29,GUIDED,True,-7.9262524,112.5949578,154.96,0.0,0.0,TRACKING_BUOY,,
1785933149.375,2026-08-05 19:32:29,GUIDED,True,-7.9262525,112.5949576,154.96,0.0,0.0,TRACKING_BUOY,,
1785933149.511,2026-08-05 19:32:29,GUIDED,True,-7.9262525,112.5949574,154.96,0.0,0.0,TRACKING_BUOY,,
1785933149.647,2026-08-05 19:32:29,GUIDED,True,-7.9262526,112.5949569,154.97,0.0,0.0,TRACKING_BUOY,,
1785933149.783,2026-08-05 19:32:29,GUIDED,True,-7.9262526,112.5949564,154.97,0.0,0.0,TRACKING_BUOY,,
1785933149.922,2026-08-05 19:32:29,GUIDED,True,-7.9262527,112.5949555,154.97,0.0,0.0,TRACKING_BUOY,,
1785933150.073,2026-08-05 19:32:30,GUIDED,True,-7.9262528,112.5949552,154.97,0.0,0.0,TRACKING_BUOY,,
1785933150.224,2026-08-05 19:32:30,GUIDED,True,-7.926253,112.5949545,154.97,0.0,0.0,TRACKING_BUOY,181,-139
1785933150.370,2026-08-05 19:32:30,GUIDED,True,-7.9262533,112.594954,154.97,0.0,0.0,TRACKING_BUOY,182,-138
1785933150.504,2026-08-05 19:32:30,GUIDED,True,-7.9262535,112.5949535,154.97,0.0,0.0,TRACKING_BUOY,200,-120
1785933150.644,2026-08-05 19:32:30,GUIDED,True,-7.9262538,112.594952,154.98,0.0,0.0,TRACKING_BUOY,198,-122
1785933150.782,2026-08-05 19:32:30,GUIDED,True,-7.9262534,112.5949512,154.99,0.0,0.0,TRACKING_BUOY,199,-121
1785933150.920,2026-08-05 19:32:30,GUIDED,True,-7.9262523,112.5949497,154.98,0.0,0.0,TRACKING_BUOY,197,-123
1785933151.069,2026-08-05 19:32:31,GUIDED,True,-7.9262515,112.5949488,154.98,0.0,0.0,TRACKING_BUOY,205,-115
1785933151.218,2026-08-05 19:32:31,GUIDED,True,-7.9262498,112.5949473,154.97,0.0,0.0,TRACKING_BUOY,217,-103
1785933151.375,2026-08-05 19:32:31,GUIDED,True,-7.9262486,112.5949467,154.98,0.0,0.0,TRACKING_BUOY,266,-54
1785933151.513,2026-08-05 19:32:31,GUIDED,True,-7.9262474,112.5949462,154.98,0.0,0.0,TRACKING_BUOY,419,99
1785933151.656,2026-08-05 19:32:31,GUIDED,True,-7.9262447,112.5949458,154.98,0.0,0.0,TRACKING_BUOY,499,179
1785933151.799,2026-08-05 19:32:31,GUIDED,True,-7.9262434,112.5949456,154.99,0.0,0.0,TRACKING_BUOY,539,219
1785933151.939,2026-08-05 19:32:31,GUIDED,True,-7.9262411,112.5949448,154.99,0.0,0.0,TRACKING_BUOY,563,243
1785933152.087,2026-08-05 19:32:32,GUIDED,True,-7.9262397,112.594944,154.99,0.0,0.0,TRACKING_BUOY,582,262
1785933152.237,2026-08-05 19:32:32,GUIDED,True,-7.9262379,112.5949427,154.99,0.0,0.0,TRACKING_BUOY,587,267
1785933152.384,2026-08-05 19:32:32,GUIDED,True,-7.9262369,112.5949416,154.99,0.0,0.0,TRACKING_BUOY,581,261
1785933152.521,2026-08-05 19:32:32,GUIDED,True,-7.9262353,112.5949396,154.98,0.0,0.0,TRACKING_BUOY,579,259
1785933152.681,2026-08-05 19:32:32,GUIDED,True,-7.9262347,112.5949388,154.98,0.0,0.0,TRACKING_BUOY,526,206
1785933152.821,2026-08-05 19:32:32,GUIDED,True,-7.9262339,112.5949371,154.99,0.0,0.0,TRACKING_BUOY,392,72
1785933152.966,2026-08-05 19:32:32,GUIDED,True,-7.9262336,112.5949361,154.98,0.0,0.0,TRACKING_BUOY,274,-46
1785933153.103,2026-08-05 19:32:33,GUIDED,True,-7.9262334,112.5949352,154.97,0.0,0.0,TRACKING_BUOY,217,-103
1785933153.243,2026-08-05 19:32:33,GUIDED,True,-7.926233,112.5949332,154.98,0.0,0.0,TRACKING_BUOY,204,-116
1785933153.383,2026-08-05 19:32:33,GUIDED,True,-7.926233,112.5949322,154.99,0.0,0.0,TRACKING_BUOY,201,-119
1785933153.520,2026-08-05 19:32:33,GUIDED,True,-7.9262328,112.5949303,155.0,0.0,0.0,TRACKING_BUOY,204,-116
1785933153.677,2026-08-05 19:32:33,GUIDED,True,-7.9262326,112.5949295,155.0,0.0,0.0,TRACKING_BUOY,202,-118
1785933153.816,2026-08-05 19:32:33,GUIDED,True,-7.9262322,112.5949273,155.0,0.0,0.0,TRACKING_BUOY,205,-115
1785933153.979,2026-08-05 19:32:33,GUIDED,True,-7.9262318,112.5949261,155.0,0.0,0.0,TRACKING_BUOY,215,-105
1785933154.123,2026-08-05 19:32:34,GUIDED,True,-7.9262311,112.5949237,155.0,0.0,0.0,TRACKING_BUOY,235,-85
1785933154.283,2026-08-05 19:32:34,GUIDED,True,-7.9262308,112.5949226,155.01,0.0,0.0,TRACKING_BUOY,240,-80
1785933154.424,2026-08-05 19:32:34,GUIDED,True,-7.9262303,112.5949204,155.0,0.0,0.0,TRACKING_BUOY,239,-81
1785933154.568,2026-08-05 19:32:34,GUIDED,True,-7.9262301,112.5949194,155.0,0.0,0.0,TRACKING_BUOY,240,-80
1785933154.705,2026-08-05 19:32:34,GUIDED,True,-7.9262299,112.5949185,155.01,0.0,0.0,TRACKING_BUOY,248,-72
1785933154.841,2026-08-05 19:32:34,GUIDED,True,-7.9262297,112.5949168,155.02,0.0,0.0,TRACKING_BUOY,254,-66
1785933154.981,2026-08-05 19:32:34,GUIDED,True,-7.9262294,112.594916,155.02,0.0,0.0,TRACKING_BUOY,262,-58
1785933155.125,2026-08-05 19:32:35,GUIDED,True,-7.9262289,112.5949143,155.02,0.0,0.0,TRACKING_BUOY,263,-57
1785933155.266,2026-08-05 19:32:35,GUIDED,True,-7.9262288,112.5949133,155.02,0.0,0.0,TRACKING_BUOY,264,-56
1785933155.406,2026-08-05 19:32:35,GUIDED,True,-7.9262288,112.5949119,155.02,0.0,0.0,TRACKING_BUOY,261,-59
1785933155.556,2026-08-05 19:32:35,GUIDED,True,-7.9262288,112.5949089,155.01,0.0,0.0,TRACKING_BUOY,251,-69
1785933155.700,2026-08-05 19:32:35,GUIDED,True,-7.9262288,112.5949073,155.0,0.0,0.0,TRACKING_BUOY,236,-84
1785933155.841,2026-08-05 19:32:35,GUIDED,True,-7.9262283,112.5949039,154.98,0.0,0.0,TRACKING_BUOY,205,-115
1785933155.978,2026-08-05 19:32:35,GUIDED,True,-7.9262277,112.5949024,154.98,0.0,0.0,TRACKING_BUOY,189,-131
1785933156.125,2026-08-05 19:32:36,GUIDED,True,-7.9262265,112.5948998,154.98,0.0,0.0,TRACKING_BUOY,180,-140
1785933156.290,2026-08-05 19:32:36,GUIDED,True,-7.9262258,112.5948985,154.97,0.0,0.0,TRACKING_BUOY,173,-147
1785933156.441,2026-08-05 19:32:36,GUIDED,True,-7.9262242,112.5948958,154.97,0.0,0.0,TRACKING_BUOY,172,-148
1785933156.579,2026-08-05 19:32:36,GUIDED,True,-7.9262232,112.5948944,154.97,0.0,0.0,TRACKING_BUOY,171,-149
1785933156.717,2026-08-05 19:32:36,GUIDED,True,-7.9262212,112.5948918,154.97,0.0,0.0,TRACKING_BUOY,170,-150
1785933156.858,2026-08-05 19:32:36,GUIDED,True,-7.9262202,112.5948906,154.97,0.0,0.0,TRACKING_BUOY,171,-149
1785933156.996,2026-08-05 19:32:36,GUIDED,True,-7.926219,112.5948894,154.95,0.0,0.0,TRACKING_BUOY,171,-149
1785933157.131,2026-08-05 19:32:37,GUIDED,True,-7.9262168,112.5948873,154.94,0.0,0.0,TRACKING_BUOY,172,-148
1785933157.270,2026-08-05 19:32:37,GUIDED,True,-7.9262157,112.5948864,154.94,0.0,0.0,TRACKING_BUOY,172,-148
1785933157.409,2026-08-05 19:32:37,GUIDED,True,-7.9262145,112.5948856,154.95,0.0,0.0,TRACKING_BUOY,172,-148
1785933157.550,2026-08-05 19:32:37,GUIDED,True,-7.9262121,112.594884,154.95,0.0,0.0,TRACKING_BUOY,174,-146
1785933157.695,2026-08-05 19:32:37,GUIDED,True,-7.926211,112.5948832,154.95,0.0,0.0,TRACKING_BUOY,175,-145
1785933157.833,2026-08-05 19:32:37,GUIDED,True,-7.926209,112.5948817,154.95,0.0,0.0,TRACKING_BUOY,179,-141
1785933157.975,2026-08-05 19:32:37,GUIDED,True,-7.926208,112.594881,154.94,0.0,0.0,TRACKING_BUOY,184,-136
1785933158.138,2026-08-05 19:32:38,GUIDED,True,-7.9262061,112.5948798,154.95,0.0,0.0,TRACKING_BUOY,193,-127
1785933158.278,2026-08-05 19:32:38,GUIDED,True,-7.9262052,112.5948793,154.96,0.0,0.0,TRACKING_BUOY,205,-115
1785933158.421,2026-08-05 19:32:38,GUIDED,True,-7.9262027,112.5948785,154.96,0.0,0.0,TRACKING_BUOY,215,-105
1785933158.555,2026-08-05 19:32:38,GUIDED,True,-7.9262012,112.5948781,154.96,0.0,0.0,TRACKING_BUOY,233,-87
1785933158.694,2026-08-05 19:32:38,GUIDED,True,-7.9261997,112.5948777,154.96,0.0,0.0,TRACKING_BUOY,239,-81
1785933158.831,2026-08-05 19:32:38,GUIDED,True,-7.9261963,112.5948772,154.95,0.0,0.0,TRACKING_BUOY,261,-59
1785933159.060,2026-08-05 19:32:39,GUIDED,True,-7.9261927,112.594877,154.94,0.0,0.0,TRACKING_BUOY,269,-51
1785933159.250,2026-08-05 19:32:39,GUIDED,True,-7.926189,112.5948771,154.94,0.0,0.0,TRACKING_BUOY,275,-45
1785933159.416,2026-08-05 19:32:39,GUIDED,True,-7.9261855,112.5948773,154.93,0.0,0.0,TRACKING_BUOY,271,-49
1785933159.630,2026-08-05 19:32:39,GUIDED,True,-7.9261829,112.5948774,154.92,0.0,0.0,TRACKING_BUOY,258,-62
1785933159.769,2026-08-05 19:32:39,GUIDED,True,-7.9261816,112.5948772,154.91,0.0,0.0,TRACKING_BUOY,232,-88
1785933159.904,2026-08-05 19:32:39,GUIDED,True,-7.9261804,112.5948769,154.9,0.0,0.0,TRACKING_BUOY,211,-109
1785933160.042,2026-08-05 19:32:40,GUIDED,True,-7.9261773,112.5948761,154.89,0.0,0.0,TRACKING_BUOY,206,-114
1785933160.203,2026-08-05 19:32:40,GUIDED,True,-7.9261762,112.5948758,154.89,0.0,0.0,TRACKING_BUOY,212,-108
1785933160.352,2026-08-05 19:32:40,GUIDED,True,-7.9261735,112.594875,154.89,0.0,0.0,TRACKING_BUOY,215,-105
1785933160.523,2026-08-05 19:32:40,GUIDED,True,-7.9261709,112.5948741,154.89,0.0,0.0,TRACKING_BUOY,220,-100
1785933160.691,2026-08-05 19:32:40,GUIDED,True,-7.9261697,112.5948737,154.87,0.0,0.0,TRACKING_BUOY,223,-97
1785933160.894,2026-08-05 19:32:40,GUIDED,True,-7.9261679,112.5948723,154.87,0.0,0.0,TRACKING_BUOY,228,-92
1785933161.045,2026-08-05 19:32:41,GUIDED,True,-7.9261674,112.5948715,154.87,0.0,0.0,TRACKING_BUOY,233,-87
1785933161.190,2026-08-05 19:32:41,GUIDED,True,-7.9261663,112.59487,154.87,0.0,0.0,TRACKING_BUOY,236,-84
1785933161.337,2026-08-05 19:32:41,GUIDED,True,-7.9261658,112.5948689,154.89,0.0,0.0,TRACKING_BUOY,236,-84
1785933161.485,2026-08-05 19:32:41,GUIDED,True,-7.9261656,112.5948686,154.89,0.0,0.0,TRACKING_BUOY,236,-84
1785933161.624,2026-08-05 19:32:41,GUIDED,True,-7.9261666,112.5948679,154.9,0.0,0.0,TRACKING_BUOY,238,-82
1785933161.768,2026-08-05 19:32:41,GUIDED,True,-7.9261678,112.5948676,154.9,0.0,0.0,TRACKING_BUOY,238,-82
1785933161.910,2026-08-05 19:32:41,GUIDED,True,-7.9261686,112.5948673,154.91,0.0,0.0,TRACKING_BUOY,238,-82
1785933162.062,2026-08-05 19:32:42,GUIDED,True,-7.9261707,112.5948669,154.9,0.0,0.0,TRACKING_BUOY,238,-82
1785933162.221,2026-08-05 19:32:42,GUIDED,True,-7.9261722,112.5948663,154.91,0.0,0.0,TRACKING_BUOY,239,-81
1785933162.365,2026-08-05 19:32:42,GUIDED,True,-7.926173,112.5948658,154.91,0.0,0.0,TRACKING_BUOY,239,-81
1785933162.513,2026-08-05 19:32:42,GUIDED,False,-7.9261736,112.5948653,154.9,0.0,0.0,TRACKING_BUOY,237,-83
1785933162.667,2026-08-05 19:32:42,GUIDED,False,-7.9261745,112.5948642,154.91,0.0,0.0,TRACKING_BUOY,226,-94
1785933162.817,2026-08-05 19:32:42,GUIDED,False,-7.926175,112.5948637,154.91,0.0,0.0,TRACKING_BUOY,,
1785933162.958,2026-08-05 19:32:42,GUIDED,False,-7.9261758,112.5948628,154.92,0.0,0.0,TRACKING_BUOY,,
1785933163.098,2026-08-05 19:32:43,GUIDED,False,-7.926176,112.5948622,154.93,0.0,0.0,TRACKING_BUOY,,
1785933163.252,2026-08-05 19:32:43,GUIDED,False,-7.926177,112.5948613,154.93,0.0,0.0,TRACKING_BUOY,,
1785933163.393,2026-08-05 19:32:43,GUIDED,False,-7.9261776,112.5948608,154.93,0.0,0.0,TRACKING_BUOY,250,-70
1785933163.540,2026-08-05 19:32:43,GUIDED,False,-7.9261786,112.5948597,154.93,0.0,0.0,TRACKING_BUOY,253,-67
1785933163.684,2026-08-05 19:32:43,GUIDED,False,-7.9261789,112.5948591,154.93,0.0,0.0,TRACKING_BUOY,,
1785933163.831,2026-08-05 19:32:43,GUIDED,False,-7.92618,112.5948577,154.94,0.0,0.0,TRACKING_BUOY,,
1785933163.965,2026-08-05 19:32:43,GUIDED,False,-7.9261806,112.5948571,154.93,0.0,0.0,TRACKING_BUOY,,
1785933164.132,2026-08-05 19:32:44,GUIDED,False,-7.9261815,112.5948563,154.92,0.0,0.0,TRACKING_BUOY,,
1785933164.292,2026-08-05 19:32:44,GUIDED,False,-7.926182,112.594856,154.94,0.0,0.0,TRACKING_BUOY,,
1785933164.427,2026-08-05 19:32:44,GUIDED,False,-7.9261832,112.5948561,154.94,0.0,0.0,TRACKING_BUOY,283,-37
1785933164.567,2026-08-05 19:32:44,GUIDED,False,-7.926184,112.5948563,154.94,0.0,0.0,TRACKING_BUOY,289,-31
1785933164.712,2026-08-05 19:32:44,GUIDED,False,-7.9261846,112.5948565,154.94,0.0,0.0,TRACKING_BUOY,294,-26
1785933164.856,2026-08-05 19:32:44,GUIDED,False,-7.926186,112.5948566,154.96,0.0,0.0,TRACKING_BUOY,294,-26
1785933164.996,2026-08-05 19:32:44,GUIDED,False,-7.9261871,112.5948568,154.96,0.0,0.0,TRACKING_BUOY,294,-26
1785933165.133,2026-08-05 19:32:45,GUIDED,False,-7.9261889,112.594857,154.98,0.0,0.0,TRACKING_BUOY,301,-19
1785933165.276,2026-08-05 19:32:45,GUIDED,False,-7.9261898,112.5948571,154.98,0.0,0.0,TRACKING_BUOY,300,-20
1785933165.418,2026-08-05 19:32:45,GUIDED,False,-7.9261918,112.5948575,154.99,0.0,0.0,TRACKING_BUOY,298,-22
1785933165.555,2026-08-05 19:32:45,GUIDED,False,-7.9261929,112.594858,154.99,0.0,0.0,TRACKING_BUOY,297,-23
1785933165.721,2026-08-05 19:32:45,GUIDED,False,-7.9261949,112.5948589,154.97,0.0,0.0,TRACKING_BUOY,294,-26
1785933165.862,2026-08-05 19:32:45,GUIDED,False,-7.9261958,112.5948594,153.06,0.0,0.0,TRACKING_BUOY,294,-26
1785933166.009,2026-08-05 19:32:46,GUIDED,False,-7.9261968,112.5948597,150.69,0.0,0.0,TRACKING_BUOY,293,-27
1785933166.156,2026-08-05 19:32:46,GUIDED,False,-7.9261985,112.5948601,150.92,0.0,0.0,TRACKING_BUOY,294,-26
1785933166.296,2026-08-05 19:32:46,GUIDED,False,-7.9261993,112.5948601,150.96,0.0,0.0,TRACKING_BUOY,307,-13
1785933166.450,2026-08-05 19:32:46,GUIDED,False,-7.9262005,112.5948604,151.01,0.0,0.0,TRACKING_BUOY,308,-12
1785933166.588,2026-08-05 19:32:46,GUIDED,False,-7.9262009,112.5948604,151.03,0.0,0.0,TRACKING_BUOY,309,-11
1785933166.742,2026-08-05 19:32:46,GUIDED,False,-7.9262018,112.5948604,151.04,0.0,0.0,TRACKING_BUOY,307,-13
1785933166.884,2026-08-05 19:32:46,GUIDED,False,-7.9262022,112.5948605,151.06,0.0,0.0,TRACKING_BUOY,306,-14
1785933167.020,2026-08-05 19:32:47,GUIDED,False,-7.9262026,112.5948606,151.06,0.0,0.0,TRACKING_BUOY,,
1785933167.168,2026-08-05 19:32:47,GUIDED,False,-7.9262035,112.5948607,151.1,0.0,0.0,TRACKING_BUOY,,
1785933167.323,2026-08-05 19:32:47,GUIDED,False,-7.9262047,112.5948605,151.14,0.0,0.0,TRACKING_BUOY,,
1785933167.466,2026-08-05 19:32:47,GUIDED,False,-7.9262053,112.5948604,151.16,0.0,0.0,TRACKING_BUOY,,
1785933167.605,2026-08-05 19:32:47,GUIDED,False,-7.9262062,112.5948603,151.17,0.0,0.0,TRACKING_BUOY,,
1785933167.747,2026-08-05 19:32:47,GUIDED,False,-7.9262082,112.59486,151.2,0.0,0.0,TRACKING_BUOY,,
1785933167.904,2026-08-05 19:32:47,GUIDED,False,-7.9262093,112.5948599,151.21,0.0,0.0,TRACKING_BUOY,,
1785933168.045,2026-08-05 19:32:48,GUIDED,False,-7.9262115,112.5948597,151.25,0.0,0.0,TRACKING_BUOY,,
1785933168.205,2026-08-05 19:32:48,GUIDED,False,-7.9262125,112.5948596,151.26,0.0,0.0,TRACKING_BUOY,,
1785933168.342,2026-08-05 19:32:48,GUIDED,False,-7.9262141,112.5948592,151.3,0.0,0.0,TRACKING_BUOY,,
1785933168.487,2026-08-05 19:32:48,GUIDED,False,-7.9262148,112.5948589,151.32,0.0,0.0,TRACKING_BUOY,,
1785933168.625,2026-08-05 19:32:48,GUIDED,False,-7.9262158,112.5948583,151.33,0.0,0.0,TRACKING_BUOY,248,-72
1785933168.759,2026-08-05 19:32:48,GUIDED,False,-7.926216,112.5948579,151.34,0.0,0.0,TRACKING_BUOY,277,-43
1785933168.900,2026-08-05 19:32:48,GUIDED,False,-7.9262162,112.5948577,151.36,0.0,0.0,TRACKING_BUOY,292,-28
1785933169.038,2026-08-05 19:32:49,GUIDED,False,-7.9262166,112.5948574,151.4,0.0,0.0,TRACKING_BUOY,292,-28
1785933169.221,2026-08-05 19:32:49,GUIDED,False,-7.9262168,112.5948578,151.43,0.0,0.0,TRACKING_BUOY,294,-26
1785933169.364,2026-08-05 19:32:49,GUIDED,False,-7.9262164,112.5948579,151.44,0.0,0.0,TRACKING_BUOY,293,-27
1785933169.502,2026-08-05 19:32:49,GUIDED,False,-7.9262162,112.5948582,151.44,0.0,0.0,TRACKING_BUOY,292,-28
1785933169.640,2026-08-05 19:32:49,GUIDED,False,-7.9262153,112.5948584,151.46,0.0,0.0,TRACKING_BUOY,295,-25
1785933169.784,2026-08-05 19:32:49,GUIDED,False,-7.9262147,112.5948583,151.48,0.0,0.0,TRACKING_BUOY,300,-20
1785933169.935,2026-08-05 19:32:49,GUIDED,False,-7.9262139,112.5948584,151.5,0.0,0.0,TRACKING_BUOY,300,-20
1785933170.076,2026-08-05 19:32:50,GUIDED,False,-7.9262136,112.5948586,151.52,0.0,0.0,TRACKING_BUOY,297,-23
1785933170.239,2026-08-05 19:32:50,GUIDED,False,-7.926213,112.5948588,151.54,0.0,0.0,TRACKING_BUOY,294,-26
1785933170.387,2026-08-05 19:32:50,GUIDED,False,-7.9262127,112.5948589,151.56,0.0,0.0,TRACKING_BUOY,293,-27
1785933170.534,2026-08-05 19:32:50,GUIDED,False,-7.9262124,112.5948589,151.58,0.0,0.0,TRACKING_BUOY,297,-23
1785933170.673,2026-08-05 19:32:50,GUIDED,False,-7.9262124,112.5948588,151.6,0.0,0.0,TRACKING_BUOY,297,-23
1785933170.809,2026-08-05 19:32:50,GUIDED,False,-7.9262122,112.5948584,151.61,0.0,0.0,TRACKING_BUOY,296,-24
1785933170.944,2026-08-05 19:32:50,GUIDED,False,-7.926212,112.5948576,151.64,0.0,0.0,TRACKING_BUOY,295,-25
1785933171.087,2026-08-05 19:32:51,GUIDED,False,-7.9262119,112.5948573,151.65,0.0,0.0,TRACKING_BUOY,292,-28
1785933171.235,2026-08-05 19:32:51,GUIDED,False,-7.9262119,112.5948565,151.68,0.0,0.0,TRACKING_BUOY,287,-33
1785933171.388,2026-08-05 19:32:51,GUIDED,False,-7.9262121,112.594856,151.7,0.0,0.0,TRACKING_BUOY,283,-37
1785933171.528,2026-08-05 19:32:51,GUIDED,False,-7.9262127,112.5948551,151.73,0.0,0.0,TRACKING_BUOY,279,-41
1785933171.667,2026-08-05 19:32:51,GUIDED,False,-7.9262131,112.5948547,151.76,0.0,0.0,TRACKING_BUOY,274,-46
1785933171.802,2026-08-05 19:32:51,GUIDED,False,-7.9262132,112.5948542,151.78,0.0,0.0,TRACKING_BUOY,273,-47
1785933171.940,2026-08-05 19:32:51,GUIDED,False,-7.9262134,112.5948536,151.81,0.0,0.0,TRACKING_BUOY,272,-48
1785933172.076,2026-08-05 19:32:52,GUIDED,False,-7.9262135,112.5948533,151.82,0.0,0.0,TRACKING_BUOY,268,-52
1785933172.223,2026-08-05 19:32:52,GUIDED,False,-7.9262137,112.5948529,151.84,0.0,0.0,TRACKING_BUOY,265,-55
1785933172.372,2026-08-05 19:32:52,GUIDED,False,-7.9262136,112.5948526,151.85,0.0,0.0,TRACKING_BUOY,260,-60
1785933172.523,2026-08-05 19:32:52,GUIDED,True,-7.9262135,112.5948524,151.88,0.0,0.0,TRACKING_BUOY,259,-61
1785933172.678,2026-08-05 19:32:52,GUIDED,True,-7.9262136,112.5948523,151.9,0.0,0.0,TRACKING_BUOY,257,-63
1785933172.831,2026-08-05 19:32:52,GUIDED,True,-7.9262137,112.5948522,151.91,0.0,0.0,TRACKING_BUOY,249,-71
1785933172.974,2026-08-05 19:32:52,GUIDED,True,-7.9262138,112.5948524,151.94,0.0,0.0,TRACKING_BUOY,246,-74
1785933173.115,2026-08-05 19:32:53,GUIDED,True,-7.926214,112.5948528,151.97,0.0,0.0,TRACKING_BUOY,244,-76
1785933173.255,2026-08-05 19:32:53,GUIDED,True,-7.9262141,112.5948531,151.97,0.0,0.0,TRACKING_BUOY,244,-76
1785933173.398,2026-08-05 19:32:53,GUIDED,True,-7.9262139,112.5948533,151.98,0.0,0.0,TRACKING_BUOY,244,-76
1785933173.535,2026-08-05 19:32:53,GUIDED,True,-7.9262136,112.5948539,152.0,0.0,0.0,TRACKING_BUOY,242,-78
1785933173.676,2026-08-05 19:32:53,GUIDED,True,-7.9262136,112.5948542,152.01,0.0,0.0,TRACKING_BUOY,241,-79
1785933173.811,2026-08-05 19:32:53,GUIDED,True,-7.9262134,112.5948546,152.03,0.0,0.0,TRACKING_BUOY,241,-79
1785933173.953,2026-08-05 19:32:53,GUIDED,True,-7.9262133,112.5948554,152.05,0.0,0.0,TRACKING_BUOY,241,-79
1785933174.090,2026-08-05 19:32:54,GUIDED,True,-7.9262134,112.5948558,152.06,0.0,0.0,TRACKING_BUOY,241,-79
1785933174.229,2026-08-05 19:32:54,GUIDED,True,-7.9262137,112.5948564,152.07,0.0,0.0,TRACKING_BUOY,247,-73
1785933174.390,2026-08-05 19:32:54,GUIDED,True,-7.9262139,112.5948567,152.08,0.0,0.0,TRACKING_BUOY,246,-74
1785933174.524,2026-08-05 19:32:54,GUIDED,True,-7.9262144,112.5948575,152.1,0.0,0.0,TRACKING_BUOY,247,-73
1785933174.663,2026-08-05 19:32:54,GUIDED,True,-7.9262146,112.5948579,152.12,0.0,0.0,TRACKING_BUOY,262,-58
1785933174.812,2026-08-05 19:32:54,GUIDED,True,-7.9262151,112.5948583,152.14,0.0,0.0,TRACKING_BUOY,312,-8
1785933174.973,2026-08-05 19:32:54,GUIDED,True,-7.9262165,112.5948593,152.17,0.0,0.0,TRACKING_BUOY,425,105
1785933175.116,2026-08-05 19:32:55,GUIDED,True,-7.9262183,112.5948603,152.2,0.0,0.0,TRACKING_BUOY,488,168
1785933175.255,2026-08-05 19:32:55,GUIDED,True,-7.9262193,112.5948608,152.2,0.0,0.0,TRACKING_BUOY,521,201
1785933175.393,2026-08-05 19:32:55,GUIDED,True,-7.9262207,112.5948613,152.23,0.0,0.0,TRACKING_BUOY,536,216
1785933175.535,2026-08-05 19:32:55,GUIDED,True,-7.9262231,112.5948622,152.23,0.0,0.0,TRACKING_BUOY,541,221
1785933175.699,2026-08-05 19:32:55,GUIDED,True,-7.9262242,112.5948628,152.24,0.0,0.0,TRACKING_BUOY,539,219
1785933175.839,2026-08-05 19:32:55,GUIDED,True,-7.9262263,112.594864,152.26,0.0,0.0,TRACKING_BUOY,538,218
1785933175.985,2026-08-05 19:32:55,GUIDED,True,-7.9262274,112.5948647,152.28,0.0,0.0,TRACKING_BUOY,539,219
1785933176.120,2026-08-05 19:32:56,GUIDED,True,-7.9262294,112.594866,152.32,0.0,0.0,TRACKING_BUOY,541,221
1785933176.272,2026-08-05 19:32:56,GUIDED,True,-7.9262305,112.5948667,152.33,0.0,0.0,TRACKING_BUOY,541,221
1785933176.430,2026-08-05 19:32:56,GUIDED,True,-7.9262327,112.5948681,152.36,0.0,0.0,TRACKING_BUOY,542,222
1785933176.569,2026-08-05 19:32:56,GUIDED,True,-7.9262338,112.5948687,152.38,0.0,0.0,TRACKING_BUOY,542,222
1785933176.707,2026-08-05 19:32:56,GUIDED,True,-7.9262347,112.5948692,152.4,0.0,0.0,TRACKING_BUOY,542,222
1785933176.852,2026-08-05 19:32:56,GUIDED,True,-7.9262366,112.5948703,152.43,0.0,0.0,TRACKING_BUOY,542,222
1785933176.991,2026-08-05 19:32:56,GUIDED,True,-7.9262377,112.594871,152.44,0.0,0.0,TRACKING_BUOY,544,224
1785933177.126,2026-08-05 19:32:57,GUIDED,True,-7.9262399,112.5948721,152.44,0.0,0.0,TRACKING_BUOY,541,221
1785933177.261,2026-08-05 19:32:57,GUIDED,True,-7.926241,112.5948727,152.46,0.0,0.0,TRACKING_BUOY,505,185
1785933177.402,2026-08-05 19:32:57,GUIDED,True,-7.926242,112.5948734,152.46,0.0,0.0,TRACKING_BUOY,427,107
1785933177.539,2026-08-05 19:32:57,GUIDED,True,-7.9262441,112.5948746,152.49,0.0,0.0,TRACKING_BUOY,308,-12
1785933177.678,2026-08-05 19:32:57,GUIDED,True,-7.9262452,112.5948752,152.49,0.0,0.0,TRACKING_BUOY,266,-54
1785933177.819,2026-08-05 19:32:57,GUIDED,True,-7.9262477,112.5948762,152.52,0.0,0.0,TRACKING_BUOY,253,-67
1785933177.957,2026-08-05 19:32:57,GUIDED,True,-7.926249,112.5948767,152.53,0.0,0.0,TRACKING_BUOY,241,-79
1785933178.099,2026-08-05 19:32:58,GUIDED,True,-7.9262505,112.5948773,152.55,0.0,0.0,TRACKING_BUOY,240,-80
1785933178.250,2026-08-05 19:32:58,GUIDED,True,-7.9262527,112.5948781,152.57,0.0,0.0,TRACKING_BUOY,234,-86
1785933178.391,2026-08-05 19:32:58,GUIDED,True,-7.926254,112.5948785,152.58,0.0,0.0,TRACKING_BUOY,232,-88
1785933178.534,2026-08-05 19:32:58,GUIDED,True,-7.9262564,112.5948792,152.59,0.0,0.0,TRACKING_BUOY,230,-90
1785933178.672,2026-08-05 19:32:58,GUIDED,True,-7.9262576,112.5948795,152.6,0.0,0.0,TRACKING_BUOY,230,-90
1785933178.811,2026-08-05 19:32:58,GUIDED,True,-7.9262588,112.5948798,152.63,0.0,0.0,TRACKING_BUOY,227,-93
1785933178.953,2026-08-05 19:32:58,GUIDED,True,-7.9262611,112.5948802,152.66,0.0,0.0,TRACKING_BUOY,226,-94
1785933179.093,2026-08-05 19:32:59,GUIDED,True,-7.9262625,112.5948804,152.68,0.0,0.0,TRACKING_BUOY,228,-92
1785933179.252,2026-08-05 19:32:59,GUIDED,True,-7.9262638,112.5948807,152.69,0.0,0.0,TRACKING_BUOY,241,-79
1785933179.416,2026-08-05 19:32:59,GUIDED,True,-7.9262643,112.5948809,152.7,0.0,0.0,TRACKING_BUOY,289,-31
1785933179.556,2026-08-05 19:32:59,GUIDED,True,-7.9262651,112.5948814,152.72,0.0,0.0,TRACKING_BUOY,396,76
1785933179.703,2026-08-05 19:32:59,GUIDED,True,-7.9262655,112.5948817,152.73,0.0,0.0,TRACKING_BUOY,465,145
1785933179.838,2026-08-05 19:32:59,GUIDED,True,-7.9262657,112.5948824,152.75,0.0,0.0,TRACKING_BUOY,489,169
1785933179.985,2026-08-05 19:32:59,GUIDED,True,-7.9262657,112.5948827,152.76,0.0,0.0,TRACKING_BUOY,517,197
1785933180.123,2026-08-05 19:33:00,GUIDED,True,-7.9262658,112.5948833,152.78,0.0,0.0,TRACKING_BUOY,534,214
1785933180.272,2026-08-05 19:33:00,GUIDED,True,-7.9262658,112.5948836,152.79,0.0,0.0,TRACKING_BUOY,542,222
1785933180.411,2026-08-05 19:33:00,GUIDED,True,-7.9262657,112.5948838,152.81,0.0,0.0,TRACKING_BUOY,537,217
1785933180.553,2026-08-05 19:33:00,GUIDED,True,-7.9262656,112.5948843,152.84,0.0,0.0,TRACKING_BUOY,539,219
1785933180.692,2026-08-05 19:33:00,GUIDED,True,-7.9262656,112.5948846,152.86,0.0,0.0,TRACKING_BUOY,538,218
1785933180.831,2026-08-05 19:33:00,GUIDED,True,-7.9262655,112.5948848,152.87,0.0,0.0,TRACKING_BUOY,532,212
1785933180.973,2026-08-05 19:33:00,GUIDED,True,-7.9262655,112.5948848,152.88,0.0,0.0,TRACKING_BUOY,528,208
1785933181.113,2026-08-05 19:33:01,GUIDED,True,-7.9262656,112.5948849,152.91,0.0,0.0,TRACKING_BUOY,521,201
1785933181.253,2026-08-05 19:33:01,GUIDED,True,-7.9262659,112.5948849,152.93,0.0,0.0,TRACKING_BUOY,492,172
1785933181.404,2026-08-05 19:33:01,GUIDED,True,-7.9262662,112.5948849,152.93,0.0,0.0,TRACKING_BUOY,426,106
1785933181.541,2026-08-05 19:33:01,GUIDED,True,-7.9262667,112.594885,152.94,0.0,0.0,TRACKING_BUOY,329,9
1785933181.681,2026-08-05 19:33:01,GUIDED,True,-7.926267,112.594885,152.94,0.0,0.0,TRACKING_BUOY,278,-42
1785933182.144,2026-08-05 19:33:02,GUIDED,True,-7.9262683,112.5948852,153.0,0.0,0.0,TRACKING_BUOY,250,-70
1785933182.323,2026-08-05 19:33:02,GUIDED,True,-7.9262685,112.5948852,153.02,0.0,0.0,TRACKING_BUOY,235,-85
1785933182.515,2026-08-05 19:33:02,GUIDED,True,-7.9262689,112.5948852,153.04,0.0,0.0,TRACKING_BUOY,237,-83
1785933182.687,2026-08-05 19:33:02,GUIDED,True,-7.9262692,112.5948853,153.06,0.0,0.0,TRACKING_BUOY,241,-79
1785933182.932,2026-08-05 19:33:02,GUIDED,True,-7.9262702,112.5948854,153.09,0.0,0.0,TRACKING_BUOY,248,-72
1785933183.071,2026-08-05 19:33:03,GUIDED,True,-7.9262707,112.5948855,153.11,0.0,0.0,TRACKING_BUOY,262,-58
1785933183.210,2026-08-05 19:33:03,GUIDED,True,-7.9262715,112.5948856,153.11,0.0,0.0,TRACKING_BUOY,303,-17
1785933183.353,2026-08-05 19:33:03,GUIDED,True,-7.9262733,112.5948857,153.12,0.0,0.0,TRACKING_BUOY,375,55
1785933183.491,2026-08-05 19:33:03,GUIDED,True,-7.9262741,112.5948859,153.13,0.0,0.0,TRACKING_BUOY,,
1785933183.629,2026-08-05 19:33:03,GUIDED,True,-7.9262756,112.5948864,153.15,0.0,0.0,TRACKING_BUOY,525,205
1785933183.768,2026-08-05 19:33:03,GUIDED,True,-7.9262762,112.5948865,153.16,0.0,0.0,TRACKING_BUOY,560,240
1785933183.914,2026-08-05 19:33:03,GUIDED,True,-7.9262769,112.5948866,153.18,0.0,0.0,TRACKING_BUOY,580,260
1785933184.055,2026-08-05 19:33:04,GUIDED,True,-7.926278,112.5948867,153.19,0.0,0.0,TRACKING_BUOY,584,264
1785933184.207,2026-08-05 19:33:04,GUIDED,True,-7.9262784,112.5948867,153.22,0.0,0.0,TRACKING_BUOY,580,260
1785933184.356,2026-08-05 19:33:04,GUIDED,True,-7.9262795,112.5948866,153.24,0.0,0.0,TRACKING_BUOY,575,255
1785933184.528,2026-08-05 19:33:04,GUIDED,True,-7.9262806,112.5948864,153.25,0.0,0.0,TRACKING_BUOY,571,251
1785933184.669,2026-08-05 19:33:04,GUIDED,True,-7.926281,112.5948864,153.27,0.0,0.0,TRACKING_BUOY,568,248
1785933184.825,2026-08-05 19:33:04,GUIDED,True,-7.9262817,112.594886,153.29,0.0,0.0,TRACKING_BUOY,556,236
1785933184.967,2026-08-05 19:33:04,GUIDED,True,-7.926282,112.5948861,153.29,0.0,0.0,TRACKING_BUOY,519,199
1785933185.112,2026-08-05 19:33:05,GUIDED,True,-7.9262824,112.5948862,153.3,0.0,0.0,TRACKING_BUOY,,
1785933185.254,2026-08-05 19:33:05,GUIDED,True,-7.9262824,112.5948863,153.32,0.0,0.0,TRACKING_BUOY,372,52
1785933185.398,2026-08-05 19:33:05,GUIDED,True,-7.9262823,112.5948864,153.34,0.0,0.0,TRACKING_BUOY,306,-14
1785933185.536,2026-08-05 19:33:05,GUIDED,True,-7.926282,112.5948864,153.35,0.0,0.0,TRACKING_BUOY,256,-64
1785933185.675,2026-08-05 19:33:05,GUIDED,True,-7.9262819,112.5948863,153.34,0.0,0.0,TRACKING_BUOY,246,-74
1785933185.844,2026-08-05 19:33:05,GUIDED,True,-7.9262817,112.5948861,153.36,0.0,0.0,TRACKING_BUOY,246,-74
1785933185.984,2026-08-05 19:33:05,GUIDED,True,-7.9262815,112.594886,153.37,0.0,0.0,TRACKING_BUOY,247,-73
1785933186.127,2026-08-05 19:33:06,GUIDED,True,-7.9262814,112.5948858,153.39,0.0,0.0,TRACKING_BUOY,247,-73
1785933186.269,2026-08-05 19:33:06,GUIDED,True,-7.9262814,112.5948858,153.4,0.0,0.0,TRACKING_BUOY,263,-57
1785933186.437,2026-08-05 19:33:06,GUIDED,True,-7.9262814,112.5948858,153.42,0.0,0.0,TRACKING_BUOY,299,-21
1785933186.575,2026-08-05 19:33:06,GUIDED,True,-7.9262813,112.5948857,153.43,0.0,0.0,TRACKING_BUOY,362,42
1785933186.715,2026-08-05 19:33:06,GUIDED,True,-7.9262811,112.5948856,153.44,0.0,0.0,TRACKING_BUOY,428,108
1785933186.853,2026-08-05 19:33:06,GUIDED,True,-7.926281,112.5948855,153.44,0.0,0.0,TRACKING_BUOY,486,166
1785933186.996,2026-08-05 19:33:06,GUIDED,True,-7.9262808,112.5948852,153.44,0.0,0.0,TRACKING_BUOY,510,190
1785933187.136,2026-08-05 19:33:07,GUIDED,True,-7.9262804,112.5948847,153.47,0.0,0.0,TRACKING_BUOY,517,197
1785933187.274,2026-08-05 19:33:07,GUIDED,True,-7.9262802,112.5948845,153.47,0.0,0.0,TRACKING_BUOY,517,197
1785933187.413,2026-08-05 19:33:07,GUIDED,True,-7.9262799,112.5948841,153.48,0.0,0.0,TRACKING_BUOY,517,197
1785933187.557,2026-08-05 19:33:07,GUIDED,True,-7.9262792,112.5948833,153.5,0.0,0.0,TRACKING_BUOY,509,189
1785933187.702,2026-08-05 19:33:07,GUIDED,True,-7.9262788,112.594883,153.52,0.0,0.0,TRACKING_BUOY,477,157
1785933187.841,2026-08-05 19:33:07,GUIDED,True,-7.9262778,112.5948818,153.54,0.0,0.0,TRACKING_BUOY,,
1785933187.983,2026-08-05 19:33:07,GUIDED,True,-7.9262774,112.5948813,153.55,0.0,0.0,TRACKING_BUOY,253,-67
1785933188.126,2026-08-05 19:33:08,GUIDED,True,-7.9262767,112.5948804,153.58,0.0,0.0,TRACKING_BUOY,250,-70
1785933188.287,2026-08-05 19:33:08,GUIDED,True,-7.9262764,112.59488,153.58,0.0,0.0,TRACKING_BUOY,,
1785933188.441,2026-08-05 19:33:08,GUIDED,True,-7.9262764,112.5948792,153.61,0.0,0.0,TRACKING_BUOY,,
1785933188.605,2026-08-05 19:33:08,GUIDED,True,-7.9262766,112.5948788,153.62,0.0,0.0,TRACKING_BUOY,,
1785933188.761,2026-08-05 19:33:08,GUIDED,True,-7.9262769,112.594878,153.64,0.0,0.0,TRACKING_BUOY,480,160
1785933188.911,2026-08-05 19:33:08,GUIDED,True,-7.926277,112.5948776,153.66,0.0,0.0,TRACKING_BUOY,479,159
1785933189.054,2026-08-05 19:33:09,GUIDED,True,-7.9262772,112.594877,153.67,0.0,0.0,TRACKING_BUOY,474,154
1785933189.195,2026-08-05 19:33:09,GUIDED,True,-7.9262773,112.5948767,153.67,0.0,0.0,TRACKING_BUOY,474,154
1785933189.342,2026-08-05 19:33:09,GUIDED,True,-7.9262775,112.5948764,153.68,0.0,0.0,TRACKING_BUOY,,
1785933189.707,2026-08-05 19:33:09,GUIDED,True,-7.9262778,112.5948761,153.67,0.0,0.0,TRACKING_BUOY,478,158
1785933190.017,2026-08-05 19:33:10,GUIDED,True,-7.9262779,112.5948759,153.68,0.0,0.0,TRACKING_BUOY,,
1785933190.271,2026-08-05 19:33:10,GUIDED,True,-7.9262783,112.594876,153.7,0.0,0.0,TRACKING_BUOY,,
1785933190.634,2026-08-05 19:33:10,GUIDED,True,-7.9262793,112.5948766,153.75,0.0,0.0,TRACKING_BUOY,,
1785933190.808,2026-08-05 19:33:10,GUIDED,True,-7.9262796,112.5948768,153.76,0.0,0.0,TRACKING_BUOY,,
1785933190.992,2026-08-05 19:33:10,GUIDED,True,-7.9262801,112.5948769,153.77,0.0,0.0,TRACKING_BUOY,,
1785933191.171,2026-08-05 19:33:11,GUIDED,True,-7.9262805,112.5948772,153.78,0.0,0.0,TRACKING_BUOY,,
1785933191.355,2026-08-05 19:33:11,GUIDED,True,-7.9262812,112.5948779,153.78,0.0,0.0,TRACKING_BUOY,,
1785933191.515,2026-08-05 19:33:11,GUIDED,True,-7.9262822,112.5948788,153.8,0.0,0.0,TRACKING_BUOY,,
1785933191.705,2026-08-05 19:33:11,GUIDED,True,-7.9262826,112.5948792,153.8,0.0,0.0,TRACKING_BUOY,,
1785933191.839,2026-08-05 19:33:11,GUIDED,True,-7.9262838,112.5948801,153.81,0.0,0.0,TRACKING_BUOY,,
1785933192.008,2026-08-05 19:33:12,GUIDED,True,-7.9262844,112.5948807,153.81,0.0,0.0,TRACKING_BUOY,,
1785933192.154,2026-08-05 19:33:12,GUIDED,True,-7.9262855,112.5948815,153.82,0.0,0.0,TRACKING_BUOY,,
1785933192.290,2026-08-05 19:33:12,GUIDED,True,-7.9262859,112.5948818,153.84,0.0,0.0,TRACKING_BUOY,,
1785933192.443,2026-08-05 19:33:12,GUIDED,True,-7.9262867,112.5948823,153.85,0.0,0.0,TRACKING_BUOY,,
1785933192.591,2026-08-05 19:33:12,GUIDED,True,-7.926287,112.5948825,153.85,0.0,0.0,TRACKING_BUOY,,
1785933192.725,2026-08-05 19:33:12,GUIDED,True,-7.9262876,112.5948829,153.87,0.0,0.0,TRACKING_BUOY,,
1785933192.858,2026-08-05 19:33:12,GUIDED,True,-7.9262878,112.5948831,153.88,0.0,0.0,TRACKING_BUOY,,
1785933192.998,2026-08-05 19:33:12,GUIDED,True,-7.9262881,112.5948833,153.9,0.0,0.0,TRACKING_BUOY,,
1785933193.131,2026-08-05 19:33:13,GUIDED,True,-7.9262884,112.5948834,153.9,0.0,0.0,TRACKING_BUOY,,
1785933193.268,2026-08-05 19:33:13,GUIDED,True,-7.9262884,112.5948833,153.9,0.0,0.0,TRACKING_BUOY,,
1785933193.410,2026-08-05 19:33:13,GUIDED,True,-7.9262883,112.5948829,153.91,0.0,0.0,TRACKING_BUOY,,
1785933193.549,2026-08-05 19:33:13,GUIDED,True,-7.9262877,112.5948821,153.93,0.0,0.0,TRACKING_BUOY,,
1785933193.689,2026-08-05 19:33:13,GUIDED,True,-7.9262874,112.5948817,153.93,0.0,0.0,TRACKING_BUOY,,
1785933193.832,2026-08-05 19:33:13,GUIDED,True,-7.9262865,112.5948806,153.96,0.0,0.0,TRACKING_BUOY,,
1785933193.974,2026-08-05 19:33:13,GUIDED,True,-7.9262858,112.5948798,153.97,0.0,0.0,TRACKING_BUOY,,
1785933194.117,2026-08-05 19:33:14,GUIDED,True,-7.9262843,112.5948783,153.99,0.0,0.0,TRACKING_BUOY,,
1785933194.256,2026-08-05 19:33:14,GUIDED,True,-7.9262835,112.5948775,153.98,0.0,0.0,TRACKING_BUOY,,
1785933194.400,2026-08-05 19:33:14,GUIDED,True,-7.9262829,112.594877,153.99,0.0,0.0,TRACKING_BUOY,,
1785933194.537,2026-08-05 19:33:14,GUIDED,True,-7.926282,112.5948763,154.0,0.0,0.0,TRACKING_BUOY,,
1785933194.704,2026-08-05 19:33:14,GUIDED,True,-7.9262817,112.5948761,154.01,0.0,0.0,TRACKING_BUOY,,
1785933194.860,2026-08-05 19:33:14,GUIDED,True,-7.926281,112.5948758,154.04,0.0,0.0,TRACKING_BUOY,,
1785933195.007,2026-08-05 19:33:15,GUIDED,True,-7.9262808,112.5948758,154.05,0.0,0.0,TRACKING_BUOY,,
1785933195.155,2026-08-05 19:33:15,GUIDED,True,-7.9262803,112.5948757,154.07,0.0,0.0,TRACKING_BUOY,,
1785933195.292,2026-08-05 19:33:15,GUIDED,True,-7.92628,112.5948757,154.08,0.0,0.0,TRACKING_BUOY,,
1785933195.437,2026-08-05 19:33:15,GUIDED,True,-7.9262794,112.5948754,154.11,0.0,0.0,TRACKING_BUOY,,
1785933195.574,2026-08-05 19:33:15,GUIDED,True,-7.9262789,112.5948752,154.11,0.0,0.0,TRACKING_BUOY,,
1785933195.714,2026-08-05 19:33:15,GUIDED,True,-7.926278,112.5948746,154.13,0.0,0.0,TRACKING_BUOY,,
1785933195.872,2026-08-05 19:33:15,GUIDED,True,-7.9262775,112.5948744,154.13,0.0,0.0,TRACKING_BUOY,,
1785933196.013,2026-08-05 19:33:16,GUIDED,True,-7.926277,112.5948742,154.14,0.0,0.0,TRACKING_BUOY,,
1785933196.157,2026-08-05 19:33:16,GUIDED,True,-7.926276,112.5948738,154.15,0.0,0.0,TRACKING_BUOY,,
1785933196.296,2026-08-05 19:33:16,GUIDED,True,-7.9262755,112.5948736,154.16,0.0,0.0,TRACKING_BUOY,,
1785933196.442,2026-08-05 19:33:16,GUIDED,True,-7.9262746,112.5948735,154.16,0.0,0.0,TRACKING_BUOY,,
1785933196.591,2026-08-05 19:33:16,GUIDED,True,-7.926274,112.5948733,154.17,0.0,0.0,TRACKING_BUOY,,
1785933196.736,2026-08-05 19:33:16,GUIDED,True,-7.9262726,112.5948728,154.19,0.0,0.0,TRACKING_BUOY,,
1785933196.889,2026-08-05 19:33:16,GUIDED,True,-7.926272,112.5948725,154.2,0.0,0.0,TRACKING_BUOY,,
1785933197.027,2026-08-05 19:33:17,GUIDED,True,-7.9262713,112.5948722,154.21,0.0,0.0,TRACKING_BUOY,,
1785933197.173,2026-08-05 19:33:17,GUIDED,True,-7.9262701,112.5948716,154.23,0.0,0.0,TRACKING_BUOY,,
1785933197.308,2026-08-05 19:33:17,GUIDED,True,-7.9262695,112.5948714,154.24,0.0,0.0,TRACKING_BUOY,,
1785933197.457,2026-08-05 19:33:17,GUIDED,True,-7.9262682,112.5948707,154.25,0.0,0.0,TRACKING_BUOY,,
1785933197.600,2026-08-05 19:33:17,GUIDED,True,-7.9262674,112.5948701,154.26,0.0,0.0,TRACKING_BUOY,,
1785933197.740,2026-08-05 19:33:17,GUIDED,True,-7.9262659,112.5948691,154.29,0.0,0.0,TRACKING_BUOY,,
1785933197.886,2026-08-05 19:33:17,GUIDED,True,-7.9262652,112.5948687,154.29,0.0,0.0,TRACKING_BUOY,,
1785933198.040,2026-08-05 19:33:18,GUIDED,True,-7.9262641,112.5948683,154.3,0.0,0.0,TRACKING_BUOY,,
1785933198.179,2026-08-05 19:33:18,GUIDED,True,-7.9262636,112.5948682,154.32,0.0,0.0,TRACKING_BUOY,,
1785933198.321,2026-08-05 19:33:18,GUIDED,True,-7.9262626,112.5948681,154.34,0.0,0.0,TRACKING_BUOY,,
1785933198.457,2026-08-05 19:33:18,GUIDED,True,-7.9262622,112.5948681,154.34,0.0,0.0,TRACKING_BUOY,,
1785933198.604,2026-08-05 19:33:18,GUIDED,True,-7.9262618,112.5948681,154.35,0.0,0.0,TRACKING_BUOY,,
1785933198.752,2026-08-05 19:33:18,GUIDED,True,-7.9262609,112.5948681,154.37,0.0,0.0,TRACKING_BUOY,,
1785933198.894,2026-08-05 19:33:18,GUIDED,True,-7.9262604,112.5948681,154.37,0.0,0.0,TRACKING_BUOY,,
1785933199.039,2026-08-05 19:33:19,GUIDED,True,-7.9262595,112.5948684,154.38,0.0,0.0,TRACKING_BUOY,,
1785933199.191,2026-08-05 19:33:19,GUIDED,True,-7.9262592,112.5948686,154.38,0.0,0.0,TRACKING_BUOY,,
1785933199.335,2026-08-05 19:33:19,GUIDED,True,-7.9262585,112.5948692,154.4,0.0,0.0,TRACKING_BUOY,503,183
1785933199.484,2026-08-05 19:33:19,GUIDED,True,-7.926258,112.5948693,154.41,0.0,0.0,TRACKING_BUOY,501,181
1785933199.654,2026-08-05 19:33:19,GUIDED,True,-7.9262568,112.5948694,154.42,0.0,0.0,TRACKING_BUOY,502,182
1785933199.873,2026-08-05 19:33:19,GUIDED,True,-7.9262555,112.5948695,154.42,0.0,0.0,TRACKING_BUOY,,
1785933200.035,2026-08-05 19:33:20,GUIDED,True,-7.9262548,112.5948695,154.43,0.0,0.0,TRACKING_BUOY,,
1785933200.190,2026-08-05 19:33:20,GUIDED,True,-7.9262534,112.5948692,154.44,0.0,0.0,TRACKING_BUOY,,
1785933200.328,2026-08-05 19:33:20,GUIDED,True,-7.9262519,112.5948688,154.45,0.0,0.0,TRACKING_BUOY,201,-119
1785933200.477,2026-08-05 19:33:20,GUIDED,True,-7.9262511,112.5948686,154.46,0.0,0.0,TRACKING_BUOY,227,-93
1785933200.631,2026-08-05 19:33:20,GUIDED,True,-7.9262495,112.5948682,154.48,0.0,0.0,TRACKING_BUOY,247,-73
1785933200.772,2026-08-05 19:33:20,GUIDED,True,-7.9262489,112.5948681,154.5,0.0,0.0,TRACKING_BUOY,259,-61
1785933200.919,2026-08-05 19:33:20,GUIDED,True,-7.9262478,112.5948681,154.49,0.0,0.0,TRACKING_BUOY,263,-57
1785933201.059,2026-08-05 19:33:21,GUIDED,True,-7.9262473,112.5948681,154.5,0.0,0.0,TRACKING_BUOY,270,-50
1785933201.218,2026-08-05 19:33:21,GUIDED,True,-7.9262465,112.5948685,154.52,0.0,0.0,TRACKING_BUOY,273,-47
1785933201.374,2026-08-05 19:33:21,GUIDED,True,-7.9262462,112.5948689,154.53,0.0,0.0,TRACKING_BUOY,271,-49
1785933201.516,2026-08-05 19:33:21,GUIDED,True,-7.9262456,112.5948699,154.53,0.0,0.0,TRACKING_BUOY,257,-63
1785933201.658,2026-08-05 19:33:21,GUIDED,True,-7.9262454,112.5948703,154.53,0.0,0.0,TRACKING_BUOY,235,-85
1785933201.796,2026-08-05 19:33:21,GUIDED,True,-7.9262451,112.5948708,154.55,0.0,0.0,TRACKING_BUOY,214,-106
1785933201.937,2026-08-05 19:33:21,GUIDED,True,-7.9262444,112.5948718,154.55,0.0,0.0,TRACKING_BUOY,203,-117
1785933202.075,2026-08-05 19:33:22,GUIDED,True,-7.9262439,112.5948723,154.55,0.0,0.0,TRACKING_BUOY,199,-121
1785933202.221,2026-08-05 19:33:22,GUIDED,True,-7.9262435,112.5948733,154.56,0.0,0.0,TRACKING_BUOY,198,-122
1785933202.362,2026-08-05 19:33:22,GUIDED,True,-7.9262431,112.594874,154.57,0.0,0.0,TRACKING_BUOY,199,-121
1785933202.504,2026-08-05 19:33:22,GUIDED,True,-7.9262427,112.5948746,154.57,0.0,0.0,TRACKING_BUOY,199,-121
1785933202.641,2026-08-05 19:33:22,GUIDED,True,-7.9262415,112.5948756,154.58,0.0,0.0,TRACKING_BUOY,201,-119
1785933202.783,2026-08-05 19:33:22,GUIDED,True,-7.926241,112.5948763,154.58,0.0,0.0,TRACKING_BUOY,201,-119
1785933202.925,2026-08-05 19:33:22,GUIDED,True,-7.9262401,112.5948775,154.58,0.0,0.0,TRACKING_BUOY,199,-121
1785933203.062,2026-08-05 19:33:23,GUIDED,True,-7.9262396,112.5948783,154.59,0.0,0.0,TRACKING_BUOY,197,-123
1785933203.207,2026-08-05 19:33:23,GUIDED,True,-7.9262394,112.5948787,154.58,0.0,0.0,TRACKING_BUOY,196,-124
1785933203.345,2026-08-05 19:33:23,GUIDED,True,-7.9262388,112.5948801,154.6,0.0,0.0,TRACKING_BUOY,222,-98
1785933203.488,2026-08-05 19:33:23,GUIDED,True,-7.9262386,112.5948808,154.6,0.0,0.0,TRACKING_BUOY,226,-94
1785933203.627,2026-08-05 19:33:23,GUIDED,True,-7.9262381,112.5948824,154.6,0.0,0.0,TRACKING_BUOY,223,-97
1785933203.767,2026-08-05 19:33:23,GUIDED,True,-7.9262381,112.5948832,154.6,0.0,0.0,TRACKING_BUOY,256,-64
1785933203.906,2026-08-05 19:33:23,GUIDED,True,-7.926238,112.5948839,154.61,0.0,0.0,TRACKING_BUOY,249,-71
1785933204.041,2026-08-05 19:33:24,GUIDED,True,-7.9262377,112.5948848,154.63,0.0,0.0,TRACKING_BUOY,,
1785933204.186,2026-08-05 19:33:24,GUIDED,True,-7.9262375,112.5948851,154.63,0.0,0.0,TRACKING_BUOY,,
1785933204.322,2026-08-05 19:33:24,GUIDED,True,-7.926237,112.5948853,154.63,0.0,0.0,TRACKING_BUOY,,
1785933204.461,2026-08-05 19:33:24,GUIDED,True,-7.9262367,112.5948854,154.64,0.0,0.0,TRACKING_BUOY,,
1785933204.617,2026-08-05 19:33:24,GUIDED,True,-7.9262361,112.5948857,154.66,0.0,0.0,TRACKING_BUOY,640,320
1785933204.757,2026-08-05 19:33:24,GUIDED,True,-7.9262361,112.5948858,154.65,0.0,0.0,TRACKING_BUOY,640,320
1785933204.922,2026-08-05 19:33:24,GUIDED,True,-7.9262362,112.5948862,154.65,0.0,0.0,TRACKING_BUOY,640,320
1785933205.061,2026-08-05 19:33:25,GUIDED,True,-7.9262363,112.5948865,154.65,0.0,0.0,TRACKING_BUOY,640,320
1785933205.209,2026-08-05 19:33:25,GUIDED,True,-7.9262365,112.5948868,154.66,0.0,0.0,TRACKING_BUOY,640,320
1785933205.364,2026-08-05 19:33:25,GUIDED,True,-7.9262371,112.5948876,154.65,0.0,0.0,FINISH,640,320
1785933205.519,2026-08-05 19:33:25,GUIDED,True,-7.9262377,112.5948883,154.67,0.0,0.0,IDLE,640,320
1785933205.666,2026-08-05 19:33:25,GUIDED,True,-7.9262379,112.5948887,154.68,0.0,0.0,IDLE,640,320
1785933205.831,2026-08-05 19:33:25,GUIDED,True,-7.926238,112.5948888,154.68,0.0,0.0,IDLE,640,320
1785933205.997,2026-08-05 19:33:25,GUIDED,True,-7.926238,112.5948888,154.69,0.0,0.0,IDLE,640,320
1785933206.157,2026-08-05 19:33:26,GUIDED,True,-7.9262378,112.594889,154.68,0.0,0.0,IDLE,640,320
1785933206.324,2026-08-05 19:33:26,GUIDED,True,-7.9262375,112.594889,154.69,0.0,0.0,IDLE,640,320
1785933206.465,2026-08-05 19:33:26,GUIDED,True,-7.9262373,112.594889,154.7,0.0,0.0,IDLE,640,320
1785933206.609,2026-08-05 19:33:26,GUIDED,True,-7.9262371,112.5948889,154.7,0.0,0.0,IDLE,640,320
1785933206.752,2026-08-05 19:33:26,GUIDED,True,-7.9262367,112.5948889,154.71,0.0,0.0,IDLE,640,320
1785933206.896,2026-08-05 19:33:26,GUIDED,True,-7.9262366,112.594889,154.7,0.0,0.0,IDLE,640,320
1785933207.034,2026-08-05 19:33:27,GUIDED,True,-7.9262365,112.5948894,154.7,0.0,0.0,IDLE,640,320
1785933207.182,2026-08-05 19:33:27,GUIDED,True,-7.9262366,112.5948897,154.7,0.0,0.0,IDLE,640,320
1785933207.321,2026-08-05 19:33:27,GUIDED,True,-7.9262368,112.5948905,154.7,0.0,0.0,IDLE,640,320
1785933207.461,2026-08-05 19:33:27,GUIDED,True,-7.926237,112.5948909,154.71,0.0,0.0,IDLE,640,320
1785933207.607,2026-08-05 19:33:27,GUIDED,True,-7.9262372,112.5948913,154.72,0.0,0.0,IDLE,640,320
1785933207.751,2026-08-05 19:33:27,GUIDED,True,-7.9262374,112.594892,154.73,0.0,0.0,IDLE,640,320
1785933207.893,2026-08-05 19:33:27,GUIDED,True,-7.9262375,112.5948923,154.73,0.0,0.0,IDLE,609,289
1785933208.033,2026-08-05 19:33:28,GUIDED,True,-7.9262375,112.594893,154.73,0.0,0.0,IDLE,553,233
1785933208.170,2026-08-05 19:33:28,GUIDED,True,-7.9262374,112.5948931,154.74,0.0,0.0,IDLE,458,138
1785933208.374,2026-08-05 19:33:28,GUIDED,True,-7.926237,112.5948932,154.75,0.0,0.0,IDLE,420,100
1785933208.509,2026-08-05 19:33:28,GUIDED,True,-7.9262367,112.5948932,154.75,0.0,0.0,IDLE,394,74
1785933208.652,2026-08-05 19:33:28,GUIDED,True,-7.9262361,112.5948932,154.75,0.0,0.0,IDLE,379,59
1785933208.790,2026-08-05 19:33:28,GUIDED,True,-7.9262359,112.5948933,154.76,0.0,0.0,IDLE,366,46
1785933208.927,2026-08-05 19:33:28,GUIDED,True,-7.9262357,112.5948937,154.77,0.0,0.0,IDLE,366,46
1785933209.061,2026-08-05 19:33:29,GUIDED,True,-7.9262357,112.5948941,154.77,0.0,0.0,IDLE,377,57
1785933209.202,2026-08-05 19:33:29,GUIDED,True,-7.9262358,112.5948944,154.77,0.0,0.0,IDLE,,
1785933209.343,2026-08-05 19:33:29,GUIDED,True,-7.9262363,112.5948954,154.77,0.0,0.0,IDLE,78,-242
1785933209.489,2026-08-05 19:33:29,GUIDED,True,-7.9262366,112.5948959,154.78,0.0,0.0,IDLE,77,-243
1785933209.628,2026-08-05 19:33:29,GUIDED,True,-7.9262371,112.5948968,154.8,0.0,0.0,IDLE,81,-239
1785933209.765,2026-08-05 19:33:29,GUIDED,True,-7.9262373,112.594897,154.81,0.0,0.0,IDLE,81,-239
1785933209.924,2026-08-05 19:33:29,GUIDED,True,-7.9262376,112.5948973,154.82,0.0,0.0,IDLE,,
1785933210.064,2026-08-05 19:33:30,GUIDED,True,-7.9262377,112.5948974,154.83,0.0,0.0,IDLE,,
1785933210.209,2026-08-05 19:33:30,GUIDED,True,-7.9262379,112.5948975,154.84,0.0,0.0,IDLE,,
1785933210.361,2026-08-05 19:33:30,GUIDED,True,-7.9262382,112.5948977,154.84,0.0,0.0,IDLE,,
1785933210.509,2026-08-05 19:33:30,GUIDED,True,-7.9262384,112.5948978,154.83,0.0,0.0,IDLE,,
1785933210.655,2026-08-05 19:33:30,GUIDED,True,-7.9262389,112.5948981,154.84,0.0,0.0,IDLE,,
1785933210.795,2026-08-05 19:33:30,GUIDED,True,-7.9262393,112.5948982,154.84,0.0,0.0,IDLE,,
1785933210.942,2026-08-05 19:33:30,GUIDED,True,-7.9262399,112.5948984,154.85,0.0,0.0,IDLE,,
1785933211.086,2026-08-05 19:33:31,GUIDED,True,-7.9262402,112.5948986,154.85,0.0,0.0,IDLE,,
1785933211.255,2026-08-05 19:33:31,GUIDED,True,-7.9262405,112.5948986,154.85,0.0,0.0,IDLE,,
1785933211.410,2026-08-05 19:33:31,GUIDED,True,-7.9262406,112.5948984,154.85,0.0,0.0,IDLE,,
1785933211.558,2026-08-05 19:33:31,GUIDED,True,-7.9262407,112.5948979,154.88,0.0,0.0,IDLE,,
1785933211.699,2026-08-05 19:33:31,GUIDED,True,-7.9262407,112.5948976,154.89,0.0,0.0,IDLE,,
1785933211.843,2026-08-05 19:33:31,GUIDED,True,-7.9262406,112.5948969,154.9,0.0,0.0,IDLE,,
1785933212.061,2026-08-05 19:33:32,GUIDED,True,-7.92624,112.5948957,154.9,0.0,0.0,START,,
1785933212.283,2026-08-05 19:33:32,GUIDED,True,-7.9262393,112.5948945,154.9,0.0,0.0,START,,
1785933212.541,2026-08-05 19:33:32,GUIDED,True,-7.9262385,112.594893,154.93,0.0,0.0,START,,
1785933212.869,2026-08-05 19:33:32,GUIDED,True,-7.9262387,112.5948926,154.92,0.0,0.0,START,,
1785933213.024,2026-08-05 19:33:33,GUIDED,True,-7.9262393,112.5948926,154.92,0.0,0.0,START,,
1785933213.181,2026-08-05 19:33:33,GUIDED,True,-7.9262394,112.5948924,154.92,0.0,0.0,START,,
1785933213.327,2026-08-05 19:33:33,GUIDED,True,-7.9262394,112.5948918,154.93,0.0,0.0,START,,
1785933213.473,2026-08-05 19:33:33,GUIDED,True,-7.9262394,112.5948914,154.93,0.0,0.0,START,,
1785933213.627,2026-08-05 19:33:33,GUIDED,True,-7.926239,112.5948903,154.96,0.0,0.0,START,,
1785933213.776,2026-08-05 19:33:33,GUIDED,True,-7.9262387,112.5948896,154.96,0.0,0.0,START,,
1785933213.920,2026-08-05 19:33:33,GUIDED,True,-7.9262383,112.5948884,154.96,0.0,0.0,START,,
1785933214.077,2026-08-05 19:33:34,GUIDED,True,-7.9262381,112.5948877,154.95,0.0,0.0,TRACKING_BUOY,,
1785933214.239,2026-08-05 19:33:34,GUIDED,True,-7.9262376,112.5948864,154.96,0.0,0.0,TRACKING_BUOY,,
1785933214.389,2026-08-05 19:33:34,GUIDED,True,-7.9262373,112.5948857,154.97,0.0,0.0,TRACKING_BUOY,82,-238
1785933214.538,2026-08-05 19:33:34,GUIDED,True,-7.9262366,112.5948841,154.98,0.0,0.0,TRACKING_BUOY,82,-238
1785933214.690,2026-08-05 19:33:34,GUIDED,True,-7.9262364,112.5948833,154.98,0.0,0.0,TRACKING_BUOY,82,-238
1785933214.836,2026-08-05 19:33:34,GUIDED,True,-7.9262354,112.5948813,155.0,0.0,0.0,TRACKING_BUOY,360,40
1785933215.013,2026-08-05 19:33:35,GUIDED,True,-7.9262348,112.5948801,155.0,0.0,0.0,TRACKING_BUOY,625,305
1785933215.174,2026-08-05 19:33:35,GUIDED,True,-7.9262336,112.5948782,155.0,0.0,0.0,TRACKING_BUOY,629,309
1785933215.313,2026-08-05 19:33:35,GUIDED,True,-7.9262324,112.5948762,155.0,0.0,0.0,TRACKING_BUOY,637,317
1785933215.463,2026-08-05 19:33:35,GUIDED,True,-7.9262319,112.5948753,155.0,0.0,0.0,TRACKING_BUOY,640,320
1785933215.602,2026-08-05 19:33:35,GUIDED,True,-7.9262312,112.5948743,155.0,0.0,0.0,TRACKING_BUOY,638,318
1785933215.738,2026-08-05 19:33:35,GUIDED,True,-7.9262299,112.5948727,154.99,0.0,0.0,TRACKING_BUOY,635,315
1785933215.885,2026-08-05 19:33:35,GUIDED,True,-7.9262293,112.594872,154.99,0.0,0.0,TRACKING_BUOY,633,313
1785933216.046,2026-08-05 19:33:36,GUIDED,True,-7.9262281,112.5948705,155.0,0.0,0.0,TRACKING_BUOY,633,313
1785933216.184,2026-08-05 19:33:36,GUIDED,True,-7.9262275,112.5948698,155.0,0.0,0.0,TRACKING_BUOY,630,310
1785933216.331,2026-08-05 19:33:36,GUIDED,True,-7.9262263,112.5948686,155.01,0.0,0.0,TRACKING_BUOY,354,34
1785933216.477,2026-08-05 19:33:36,GUIDED,True,-7.9262258,112.5948681,155.01,0.0,0.0,TRACKING_BUOY,353,33
1785933216.620,2026-08-05 19:33:36,GUIDED,True,-7.9262251,112.5948675,155.01,0.0,0.0,TRACKING_BUOY,352,32
1785933216.767,2026-08-05 19:33:36,GUIDED,True,-7.9262249,112.5948673,155.01,0.0,0.0,TRACKING_BUOY,350,30
1785933216.910,2026-08-05 19:33:36,GUIDED,True,-7.9262247,112.5948671,155.02,0.0,0.0,TRACKING_BUOY,587,267
1785933217.053,2026-08-05 19:33:37,GUIDED,True,-7.9262245,112.5948669,155.03,0.0,0.0,TRACKING_BUOY,522,202
1785933217.201,2026-08-05 19:33:37,GUIDED,True,-7.9262244,112.5948668,155.04,0.0,0.0,TRACKING_BUOY,,
1785933217.348,2026-08-05 19:33:37,GUIDED,True,-7.9262244,112.5948667,155.04,0.0,0.0,TRACKING_BUOY,392,72
1785933217.491,2026-08-05 19:33:37,GUIDED,True,-7.9262244,112.5948666,155.03,0.0,0.0,TRACKING_BUOY,360,40
1785933217.630,2026-08-05 19:33:37,GUIDED,True,-7.9262245,112.5948665,155.04,0.0,0.0,TRACKING_BUOY,341,21
1785933217.767,2026-08-05 19:33:37,GUIDED,True,-7.9262246,112.5948665,155.04,0.0,0.0,TRACKING_BUOY,340,20
1785933217.909,2026-08-05 19:33:37,GUIDED,True,-7.9262247,112.5948665,155.04,0.0,0.0,TRACKING_BUOY,344,24
1785933218.049,2026-08-05 19:33:38,GUIDED,True,-7.9262249,112.5948666,155.04,0.0,0.0,TRACKING_BUOY,347,27
1785933218.193,2026-08-05 19:33:38,GUIDED,True,-7.9262252,112.5948668,155.05,0.0,0.0,TRACKING_BUOY,352,32
1785933218.332,2026-08-05 19:33:38,GUIDED,True,-7.9262257,112.5948673,155.05,0.0,0.0,TRACKING_BUOY,355,35
1785933218.503,2026-08-05 19:33:38,GUIDED,True,-7.926226,112.5948675,155.06,0.0,0.0,TRACKING_BUOY,356,36
1785933218.639,2026-08-05 19:33:38,GUIDED,True,-7.9262266,112.5948684,155.04,0.0,0.0,TRACKING_BUOY,360,40
1785933218.781,2026-08-05 19:33:38,GUIDED,True,-7.926227,112.5948689,155.04,0.0,0.0,TRACKING_BUOY,382,62
1785933218.925,2026-08-05 19:33:38,GUIDED,True,-7.9262279,112.59487,155.02,0.0,0.0,TRACKING_BUOY,,
1785933219.065,2026-08-05 19:33:39,GUIDED,True,-7.9262283,112.5948706,155.02,0.0,0.0,TRACKING_BUOY,298,-22
1785933219.207,2026-08-05 19:33:39,GUIDED,True,-7.926229,112.5948714,155.02,0.0,0.0,TRACKING_BUOY,321,1
1785933219.359,2026-08-05 19:33:39,GUIDED,True,-7.9262305,112.5948733,155.02,0.0,0.0,TRACKING_BUOY,337,17
1785933219.496,2026-08-05 19:33:39,GUIDED,True,-7.9262313,112.5948742,155.03,0.0,0.0,TRACKING_BUOY,353,33
1785933219.637,2026-08-05 19:33:39,GUIDED,True,-7.9262332,112.5948763,155.04,0.0,0.0,TRACKING_BUOY,355,35
1785933219.776,2026-08-05 19:33:39,GUIDED,True,-7.9262343,112.5948775,155.04,0.0,0.0,TRACKING_BUOY,356,36
1785933219.918,2026-08-05 19:33:39,GUIDED,True,-7.9262364,112.5948795,155.04,0.0,0.0,TRACKING_BUOY,355,35
1785933220.071,2026-08-05 19:33:40,GUIDED,True,-7.9262375,112.5948805,155.05,0.0,0.0,TRACKING_BUOY,355,35
1785933220.215,2026-08-05 19:33:40,GUIDED,True,-7.9262393,112.5948822,155.06,0.0,0.0,TRACKING_BUOY,354,34
1785933220.355,2026-08-05 19:33:40,GUIDED,True,-7.9262402,112.5948831,155.07,0.0,0.0,TRACKING_BUOY,355,35
1785933220.498,2026-08-05 19:33:40,GUIDED,True,-7.9262409,112.5948837,155.06,0.0,0.0,TRACKING_BUOY,360,40
1785933220.640,2026-08-05 19:33:40,GUIDED,True,-7.9262422,112.5948849,155.07,0.0,0.0,TRACKING_BUOY,365,45
1785933220.785,2026-08-05 19:33:40,GUIDED,True,-7.9262428,112.5948853,155.08,0.0,0.0,TRACKING_BUOY,368,48
1785933220.928,2026-08-05 19:33:40,GUIDED,True,-7.9262439,112.5948861,155.08,0.0,0.0,TRACKING_BUOY,640,320
1785933221.069,2026-08-05 19:33:41,GUIDED,True,-7.9262446,112.5948866,155.09,0.0,0.0,TRACKING_BUOY,640,320
1785933221.212,2026-08-05 19:33:41,GUIDED,True,-7.9262455,112.5948873,155.1,0.0,0.0,TRACKING_BUOY,640,320
1785933221.359,2026-08-05 19:33:41,GUIDED,True,-7.9262462,112.5948877,155.11,0.0,0.0,TRACKING_BUOY,640,320
1785933221.497,2026-08-05 19:33:41,GUIDED,True,-7.9262469,112.5948881,155.1,0.0,0.0,TRACKING_BUOY,640,320
1785933221.639,2026-08-05 19:33:41,GUIDED,True,-7.9262482,112.5948887,155.11,0.0,0.0,TRACKING_BUOY,640,320
1785933221.788,2026-08-05 19:33:41,GUIDED,True,-7.9262488,112.5948889,155.11,0.0,0.0,TRACKING_BUOY,640,320
1785933221.928,2026-08-05 19:33:41,GUIDED,True,-7.9262499,112.5948894,155.1,0.0,0.0,TRACKING_BUOY,640,320
1785933222.069,2026-08-05 19:33:42,GUIDED,True,-7.9262506,112.5948896,155.11,0.0,0.0,TRACKING_BUOY,640,320
1785933222.211,2026-08-05 19:33:42,GUIDED,True,-7.9262512,112.5948899,155.11,0.0,0.0,TRACKING_BUOY,640,320
1785933222.353,2026-08-05 19:33:42,GUIDED,True,-7.9262523,112.5948901,155.08,0.0,0.0,TRACKING_BUOY,640,320
1785933222.496,2026-08-05 19:33:42,GUIDED,True,-7.9262528,112.5948902,155.08,0.0,0.0,TRACKING_BUOY,640,320
1785933222.637,2026-08-05 19:33:42,GUIDED,True,-7.9262534,112.59489,155.08,0.0,0.0,TRACKING_BUOY,640,320
1785933222.775,2026-08-05 19:33:42,GUIDED,True,-7.9262536,112.5948898,155.08,0.0,0.0,TRACKING_BUOY,640,320
1785933222.925,2026-08-05 19:33:42,GUIDED,True,-7.926254,112.5948894,155.09,0.0,0.0,TRACKING_BUOY,640,320
1785933223.074,2026-08-05 19:33:43,GUIDED,True,-7.9262542,112.5948891,155.09,0.0,0.0,TRACKING_BUOY,640,320
1785933223.222,2026-08-05 19:33:43,GUIDED,True,-7.9262544,112.5948886,155.09,0.0,0.0,TRACKING_BUOY,640,320
1785933223.362,2026-08-05 19:33:43,GUIDED,True,-7.9262543,112.5948881,155.1,0.0,0.0,TRACKING_BUOY,640,320
1785933223.504,2026-08-05 19:33:43,GUIDED,True,-7.9262543,112.5948878,155.1,0.0,0.0,TRACKING_BUOY,640,320
1785933223.641,2026-08-05 19:33:43,GUIDED,True,-7.926254,112.5948871,155.09,0.0,0.0,TRACKING_BUOY,639,319
1785933223.781,2026-08-05 19:33:43,GUIDED,True,-7.9262536,112.5948867,155.09,0.0,0.0,TRACKING_BUOY,636,316
1785933223.918,2026-08-05 19:33:43,GUIDED,True,-7.9262529,112.5948859,155.09,0.0,0.0,TRACKING_BUOY,635,315
1785933224.062,2026-08-05 19:33:44,GUIDED,True,-7.9262524,112.5948855,155.09,0.0,0.0,TRACKING_BUOY,635,315
1785933224.205,2026-08-05 19:33:44,GUIDED,True,-7.926252,112.5948852,155.09,0.0,0.0,TRACKING_BUOY,633,313
1785933224.345,2026-08-05 19:33:44,GUIDED,True,-7.9262508,112.5948845,155.09,0.0,0.0,TRACKING_BUOY,633,313
1785933224.487,2026-08-05 19:33:44,GUIDED,True,-7.9262502,112.5948841,155.09,0.0,0.0,TRACKING_BUOY,622,302
1785933224.628,2026-08-05 19:33:44,GUIDED,True,-7.9262487,112.594883,155.1,0.0,0.0,TRACKING_BUOY,553,233
1785933224.769,2026-08-05 19:33:44,GUIDED,True,-7.9262477,112.5948824,155.11,0.0,0.0,TRACKING_BUOY,481,161
1785933224.919,2026-08-05 19:33:44,GUIDED,True,-7.9262458,112.5948812,155.12,0.0,0.0,TRACKING_BUOY,420,100
1785933225.066,2026-08-05 19:33:45,GUIDED,True,-7.926245,112.5948805,155.13,0.0,0.0,TRACKING_BUOY,389,69
1785933225.253,2026-08-05 19:33:45,GUIDED,True,-7.9262429,112.5948792,155.13,0.0,0.0,TRACKING_BUOY,366,46
1785933225.400,2026-08-05 19:33:45,GUIDED,True,-7.9262416,112.5948784,155.13,0.0,0.0,TRACKING_BUOY,338,18
1785933225.541,2026-08-05 19:33:45,GUIDED,True,-7.9262394,112.594877,155.15,0.0,0.0,TRACKING_BUOY,323,3
1785933225.681,2026-08-05 19:33:45,GUIDED,True,-7.9262385,112.5948764,155.14,0.0,0.0,TRACKING_BUOY,319,-1
1785933225.821,2026-08-05 19:33:45,GUIDED,True,-7.9262369,112.5948754,155.14,0.0,0.0,TRACKING_BUOY,319,-1
1785933225.993,2026-08-05 19:33:45,GUIDED,True,-7.9262362,112.594875,155.13,0.0,0.0,TRACKING_BUOY,324,4
1785933226.133,2026-08-05 19:33:46,GUIDED,True,-7.926235,112.5948744,155.14,0.0,0.0,TRACKING_BUOY,335,15
1785933226.276,2026-08-05 19:33:46,GUIDED,True,-7.9262344,112.5948741,155.14,0.0,0.0,TRACKING_BUOY,362,42
1785933226.427,2026-08-05 19:33:46,GUIDED,True,-7.9262331,112.5948738,155.14,0.0,0.0,TRACKING_BUOY,405,85
1785933226.563,2026-08-05 19:33:46,GUIDED,True,-7.9262325,112.5948737,155.14,0.0,0.0,TRACKING_BUOY,483,163
1785933226.704,2026-08-05 19:33:46,GUIDED,True,-7.926232,112.5948737,155.15,0.0,0.0,TRACKING_BUOY,532,212
1785933226.852,2026-08-05 19:33:46,GUIDED,True,-7.9262311,112.5948737,155.15,0.0,0.0,TRACKING_BUOY,570,250
1785933226.997,2026-08-05 19:33:46,GUIDED,True,-7.9262307,112.5948738,155.15,0.0,0.0,TRACKING_BUOY,601,281
1785933227.140,2026-08-05 19:33:47,GUIDED,True,-7.92623,112.5948739,155.14,0.0,0.0,TRACKING_BUOY,622,302
1785933227.284,2026-08-05 19:33:47,GUIDED,True,-7.9262297,112.5948741,155.14,0.0,0.0,TRACKING_BUOY,634,314
1785933227.427,2026-08-05 19:33:47,GUIDED,True,-7.9262289,112.5948742,155.13,0.0,0.0,TRACKING_BUOY,640,320
1785933227.567,2026-08-05 19:33:47,GUIDED,True,-7.9262283,112.5948742,155.13,0.0,0.0,TRACKING_BUOY,640,320
1785933227.703,2026-08-05 19:33:47,GUIDED,True,-7.9262278,112.5948741,155.15,0.0,0.0,TRACKING_BUOY,640,320
1785933227.847,2026-08-05 19:33:47,GUIDED,True,-7.9262264,112.5948737,155.16,0.0,0.0,TRACKING_BUOY,640,320
1785933227.990,2026-08-05 19:33:47,GUIDED,True,-7.9262255,112.5948735,155.15,0.0,0.0,TRACKING_BUOY,640,320
1785933228.151,2026-08-05 19:33:48,GUIDED,True,-7.9262237,112.594873,155.14,0.0,0.0,TRACKING_BUOY,640,320
1785933228.295,2026-08-05 19:33:48,GUIDED,True,-7.9262228,112.5948728,155.13,0.0,0.0,TRACKING_BUOY,640,320
1785933228.436,2026-08-05 19:33:48,GUIDED,True,-7.926221,112.5948724,155.13,0.0,0.0,TRACKING_BUOY,640,320
1785933228.578,2026-08-05 19:33:48,GUIDED,True,-7.9262201,112.5948721,155.13,0.0,0.0,TRACKING_BUOY,640,320
1785933228.721,2026-08-05 19:33:48,GUIDED,True,-7.9262186,112.5948716,155.15,0.0,0.0,TRACKING_BUOY,640,320
1785933228.908,2026-08-05 19:33:48,GUIDED,True,-7.9262179,112.5948714,155.15,0.0,0.0,TRACKING_BUOY,640,320
1785933229.172,2026-08-05 19:33:49,GUIDED,True,-7.9262159,112.5948702,155.16,0.0,0.0,TRACKING_BUOY,640,320
1785933229.344,2026-08-05 19:33:49,GUIDED,True,-7.926215,112.5948695,155.18,0.0,0.0,TRACKING_BUOY,,
1785933229.513,2026-08-05 19:33:49,GUIDED,True,-7.9262144,112.594869,155.19,0.0,0.0,TRACKING_BUOY,,
1785933229.664,2026-08-05 19:33:49,GUIDED,True,-7.9262142,112.5948688,155.21,0.0,0.0,TRACKING_BUOY,320,0
1785933229.804,2026-08-05 19:33:49,GUIDED,True,-7.9262141,112.5948687,155.22,0.0,0.0,TRACKING_BUOY,290,-30
1785933229.944,2026-08-05 19:33:49,GUIDED,True,-7.9262139,112.5948683,155.21,0.0,0.0,TRACKING_BUOY,,
1785933230.086,2026-08-05 19:33:50,GUIDED,True,-7.9262137,112.5948681,155.22,0.0,0.0,TRACKING_BUOY,265,-55
1785933230.244,2026-08-05 19:33:50,GUIDED,True,-7.9262134,112.5948676,155.23,0.0,0.0,TRACKING_BUOY,,
1785933230.388,2026-08-05 19:33:50,GUIDED,True,-7.9262133,112.5948673,155.23,0.0,0.0,TRACKING_BUOY,256,-64
1785933230.527,2026-08-05 19:33:50,GUIDED,True,-7.926213,112.5948666,155.23,0.0,0.0,TRACKING_BUOY,248,-72
1785933230.665,2026-08-05 19:33:50,GUIDED,True,-7.9262127,112.5948663,155.23,0.0,0.0,TRACKING_BUOY,245,-75
1785933230.809,2026-08-05 19:33:50,GUIDED,True,-7.9262123,112.5948658,155.22,0.0,0.0,TRACKING_BUOY,252,-68
1785933230.961,2026-08-05 19:33:50,GUIDED,True,-7.9262114,112.5948649,155.21,0.0,0.0,TRACKING_BUOY,258,-62
1785933231.100,2026-08-05 19:33:51,GUIDED,True,-7.9262108,112.5948644,155.22,0.0,0.0,TRACKING_BUOY,254,-66
1785933231.242,2026-08-05 19:33:51,GUIDED,True,-7.9262095,112.594863,155.2,0.0,0.0,TRACKING_BUOY,251,-69
1785933231.397,2026-08-05 19:33:51,GUIDED,True,-7.9262087,112.5948622,155.21,0.0,0.0,TRACKING_BUOY,251,-69
1785933231.537,2026-08-05 19:33:51,GUIDED,True,-7.9262071,112.5948605,155.21,0.0,0.0,TRACKING_BUOY,,
1785933231.675,2026-08-05 19:33:51,GUIDED,True,-7.9262063,112.5948596,155.22,0.0,0.0,TRACKING_BUOY,,
1785933231.809,2026-08-05 19:33:51,GUIDED,True,-7.9262057,112.594859,155.22,0.0,0.0,TRACKING_BUOY,,
1785933231.949,2026-08-05 19:33:51,GUIDED,True,-7.9262046,112.5948579,155.22,0.0,0.0,TRACKING_BUOY,,
1785933232.089,2026-08-05 19:33:52,GUIDED,True,-7.926204,112.5948574,155.21,0.0,0.0,TRACKING_BUOY,,
1785933232.230,2026-08-05 19:33:52,GUIDED,True,-7.9262035,112.5948569,155.21,0.0,0.0,TRACKING_BUOY,,
1785933232.371,2026-08-05 19:33:52,GUIDED,True,-7.9262035,112.5948568,155.21,0.0,0.0,TRACKING_BUOY,,
1785933232.513,2026-08-05 19:33:52,GUIDED,True,-7.9262032,112.5948563,155.21,0.0,0.0,TRACKING_BUOY,,
1785933232.653,2026-08-05 19:33:52,GUIDED,True,-7.9262029,112.594856,155.21,0.0,0.0,TRACKING_BUOY,,
1785933232.790,2026-08-05 19:33:52,GUIDED,True,-7.9262027,112.5948553,155.19,0.0,0.0,TRACKING_BUOY,,
1785933232.940,2026-08-05 19:33:52,GUIDED,True,-7.9262022,112.5948542,155.19,0.0,0.0,TRACKING_BUOY,,
1785933233.077,2026-08-05 19:33:53,GUIDED,True,-7.9262019,112.5948536,155.18,0.0,0.0,TRACKING_BUOY,,
1785933233.223,2026-08-05 19:33:53,GUIDED,True,-7.9262016,112.5948531,155.18,0.0,0.0,TRACKING_BUOY,264,-56
1785933233.379,2026-08-05 19:33:53,GUIDED,True,-7.9262015,112.5948529,155.18,0.0,0.0,TRACKING_BUOY,232,-88
1785933233.522,2026-08-05 19:33:53,GUIDED,True,-7.9262013,112.5948526,155.18,0.0,0.0,TRACKING_BUOY,209,-111
1785933233.667,2026-08-05 19:33:53,GUIDED,True,-7.9262011,112.5948524,155.18,0.0,0.0,TRACKING_BUOY,196,-124
1785933233.811,2026-08-05 19:33:53,GUIDED,True,-7.9262011,112.5948522,155.19,0.0,0.0,TRACKING_BUOY,191,-129
1785933233.952,2026-08-05 19:33:53,GUIDED,True,-7.9262009,112.5948517,155.19,0.0,0.0,TRACKING_BUOY,189,-131
1785933234.091,2026-08-05 19:33:54,GUIDED,True,-7.9262007,112.5948515,155.19,0.0,0.0,TRACKING_BUOY,190,-130
1785933234.234,2026-08-05 19:33:54,GUIDED,True,-7.9262002,112.5948507,155.18,0.0,0.0,TRACKING_BUOY,191,-129
1785933234.376,2026-08-05 19:33:54,GUIDED,True,-7.9262001,112.5948502,155.17,0.0,0.0,TRACKING_BUOY,192,-128
1785933234.522,2026-08-05 19:33:54,GUIDED,True,-7.9261998,112.5948493,155.18,0.0,0.0,TRACKING_BUOY,193,-127
1785933234.664,2026-08-05 19:33:54,GUIDED,True,-7.9261997,112.5948489,155.19,0.0,0.0,TRACKING_BUOY,196,-124
1785933234.807,2026-08-05 19:33:54,GUIDED,True,-7.9261996,112.5948483,155.2,0.0,0.0,TRACKING_BUOY,205,-115
1785933234.956,2026-08-05 19:33:54,GUIDED,True,-7.9261993,112.594847,155.19,0.0,0.0,TRACKING_BUOY,216,-104
1785933235.097,2026-08-05 19:33:55,GUIDED,True,-7.9261991,112.5948463,155.19,0.0,0.0,TRACKING_BUOY,231,-89
1785933235.237,2026-08-05 19:33:55,GUIDED,True,-7.9261989,112.5948452,155.19,0.0,0.0,TRACKING_BUOY,244,-76
1785933235.404,2026-08-05 19:33:55,GUIDED,True,-7.9261989,112.5948447,155.18,0.0,0.0,TRACKING_BUOY,247,-73
1785933235.543,2026-08-05 19:33:55,GUIDED,True,-7.9261989,112.5948436,155.18,0.0,0.0,TRACKING_BUOY,245,-75
1785933235.679,2026-08-05 19:33:55,GUIDED,True,-7.9261989,112.5948431,155.18,0.0,0.0,TRACKING_BUOY,236,-84
1785933235.817,2026-08-05 19:33:55,GUIDED,True,-7.9261991,112.5948422,155.15,0.0,0.0,TRACKING_BUOY,224,-96
1785933235.960,2026-08-05 19:33:55,GUIDED,True,-7.9261994,112.594842,155.15,0.0,0.0,TRACKING_BUOY,205,-115
1785933236.118,2026-08-05 19:33:56,GUIDED,True,-7.9261999,112.5948417,155.13,0.0,0.0,TRACKING_BUOY,192,-128
1785933236.260,2026-08-05 19:33:56,GUIDED,True,-7.9262003,112.5948417,155.13,0.0,0.0,TRACKING_BUOY,179,-141
1785933236.415,2026-08-05 19:33:56,GUIDED,True,-7.9262012,112.5948419,155.13,0.0,0.0,TRACKING_BUOY,171,-149
1785933236.554,2026-08-05 19:33:56,GUIDED,True,-7.9262018,112.5948422,155.13,0.0,0.0,TRACKING_BUOY,165,-155
1785933236.694,2026-08-05 19:33:56,GUIDED,True,-7.9262023,112.5948423,155.13,0.0,0.0,TRACKING_BUOY,165,-155
1785933236.834,2026-08-05 19:33:56,GUIDED,True,-7.9262037,112.594843,155.14,0.0,0.0,TRACKING_BUOY,169,-151
1785933236.976,2026-08-05 19:33:56,GUIDED,True,-7.9262045,112.5948434,155.14,0.0,0.0,TRACKING_BUOY,172,-148
1785933237.119,2026-08-05 19:33:57,GUIDED,True,-7.926206,112.5948439,155.14,0.0,0.0,TRACKING_BUOY,185,-135
1785933237.256,2026-08-05 19:33:57,GUIDED,True,-7.9262068,112.5948441,155.13,0.0,0.0,TRACKING_BUOY,,
1785933237.409,2026-08-05 19:33:57,GUIDED,True,-7.9262078,112.5948445,155.13,0.0,0.0,TRACKING_BUOY,,
1785933237.554,2026-08-05 19:33:57,GUIDED,True,-7.9262098,112.5948453,155.14,0.0,0.0,TRACKING_BUOY,411,91
1785933237.693,2026-08-05 19:33:57,GUIDED,True,-7.9262108,112.5948457,155.14,0.0,0.0,TRACKING_BUOY,498,178
1785933237.837,2026-08-05 19:33:57,GUIDED,True,-7.926213,112.5948469,155.14,0.0,0.0,TRACKING_BUOY,571,251
1785933237.980,2026-08-05 19:33:57,GUIDED,True,-7.9262144,112.5948478,155.14,0.0,0.0,TRACKING_BUOY,321,1
1785933238.118,2026-08-05 19:33:58,GUIDED,True,-7.9262168,112.5948492,155.14,0.0,0.0,TRACKING_BUOY,342,22
1785933238.262,2026-08-05 19:33:58,GUIDED,True,-7.9262179,112.5948498,155.13,0.0,0.0,TRACKING_BUOY,357,37
1785933238.407,2026-08-05 19:33:58,GUIDED,True,-7.9262193,112.5948506,155.13,0.0,0.0,TRACKING_BUOY,364,44
1785933238.572,2026-08-05 19:33:58,GUIDED,True,-7.9262218,112.594852,155.12,0.0,0.0,TRACKING_BUOY,369,49
1785933238.717,2026-08-05 19:33:58,GUIDED,True,-7.9262241,112.5948534,155.11,0.0,0.0,TRACKING_BUOY,640,320
1785933238.876,2026-08-05 19:33:58,GUIDED,True,-7.9262251,112.5948541,155.1,0.0,0.0,TRACKING_BUOY,378,58
1785933239.023,2026-08-05 19:33:59,GUIDED,True,-7.9262262,112.5948548,155.09,0.0,0.0,TRACKING_BUOY,383,63
1785933239.173,2026-08-05 19:33:59,GUIDED,True,-7.9262281,112.5948559,155.1,0.0,0.0,TRACKING_BUOY,640,320
1785933239.311,2026-08-05 19:33:59,GUIDED,True,-7.9262298,112.5948571,155.1,0.0,0.0,TRACKING_BUOY,385,65
1785933239.453,2026-08-05 19:33:59,GUIDED,True,-7.9262306,112.5948576,155.1,0.0,0.0,TRACKING_BUOY,640,320
1785933239.590,2026-08-05 19:33:59,GUIDED,True,-7.9262317,112.5948584,155.1,0.0,0.0,TRACKING_BUOY,312,-8
1785933239.729,2026-08-05 19:33:59,GUIDED,True,-7.9262337,112.5948597,155.09,0.0,0.0,TRACKING_BUOY,489,169
1785933239.870,2026-08-05 19:33:59,GUIDED,True,-7.9262346,112.5948603,155.1,0.0,0.0,TRACKING_BUOY,397,77
1785933240.006,2026-08-05 19:34:00,GUIDED,True,-7.9262357,112.594861,155.1,0.0,0.0,TRACKING_BUOY,313,-7
1785933240.143,2026-08-05 19:34:00,GUIDED,True,-7.9262375,112.5948623,155.1,0.0,0.0,TRACKING_BUOY,276,-44
1785933240.326,2026-08-05 19:34:00,GUIDED,True,-7.9262395,112.5948637,155.09,0.0,0.0,TRACKING_BUOY,250,-70
1785933240.551,2026-08-05 19:34:00,GUIDED,True,-7.9262416,112.594865,155.09,0.0,0.0,TRACKING_BUOY,227,-93
1785933240.723,2026-08-05 19:34:00,GUIDED,True,-7.9262438,112.5948663,155.09,0.0,0.0,TRACKING_BUOY,211,-109
1785933240.940,2026-08-05 19:34:00,GUIDED,True,-7.9262459,112.5948675,155.08,0.0,0.0,TRACKING_BUOY,208,-112
1785933241.079,2026-08-05 19:34:01,GUIDED,True,-7.926247,112.5948681,155.08,0.0,0.0,TRACKING_BUOY,207,-113
1785933241.230,2026-08-05 19:34:01,GUIDED,True,-7.9262489,112.594869,155.08,0.0,0.0,TRACKING_BUOY,213,-107
1785933241.381,2026-08-05 19:34:01,GUIDED,True,-7.9262499,112.5948695,155.07,0.0,0.0,TRACKING_BUOY,237,-83
1785933241.520,2026-08-05 19:34:01,GUIDED,True,-7.9262519,112.5948703,155.08,0.0,0.0,TRACKING_BUOY,301,-19
1785933241.661,2026-08-05 19:34:01,GUIDED,True,-7.9262528,112.5948707,155.08,0.0,0.0,TRACKING_BUOY,390,70
1785933241.806,2026-08-05 19:34:01,GUIDED,True,-7.9262538,112.5948711,155.08,0.0,0.0,TRACKING_BUOY,489,169
1785933241.950,2026-08-05 19:34:01,GUIDED,True,-7.9262557,112.5948719,155.08,0.0,0.0,TRACKING_BUOY,313,-7
1785933242.093,2026-08-05 19:34:02,GUIDED,True,-7.9262569,112.5948725,155.08,0.0,0.0,TRACKING_BUOY,331,11
1785933242.242,2026-08-05 19:34:02,GUIDED,True,-7.9262587,112.5948733,155.07,0.0,0.0,TRACKING_BUOY,340,20
1785933242.391,2026-08-05 19:34:02,GUIDED,True,-7.9262596,112.5948735,155.07,0.0,0.0,TRACKING_BUOY,345,25
1785933242.529,2026-08-05 19:34:02,GUIDED,True,-7.9262611,112.5948739,155.07,0.0,0.0,TRACKING_BUOY,346,26
1785933242.676,2026-08-05 19:34:02,GUIDED,True,-7.9262618,112.594874,155.07,0.0,0.0,TRACKING_BUOY,640,320
1785933242.823,2026-08-05 19:34:02,GUIDED,True,-7.926263,112.5948742,155.06,0.0,0.0,TRACKING_BUOY,350,30
1785933242.970,2026-08-05 19:34:02,GUIDED,True,-7.9262636,112.5948741,155.06,0.0,0.0,TRACKING_BUOY,351,31
1785933243.113,2026-08-05 19:34:03,GUIDED,True,-7.9262647,112.5948742,155.05,0.0,0.0,TRACKING_BUOY,350,30
1785933243.258,2026-08-05 19:34:03,GUIDED,True,-7.9262654,112.5948743,155.06,0.0,0.0,TRACKING_BUOY,346,26
1785933243.405,2026-08-05 19:34:03,GUIDED,True,-7.9262658,112.5948742,155.06,0.0,0.0,TRACKING_BUOY,347,27
1785933243.546,2026-08-05 19:34:03,GUIDED,True,-7.9262667,112.594874,155.06,0.0,0.0,TRACKING_BUOY,346,26
1785933243.690,2026-08-05 19:34:03,GUIDED,True,-7.9262671,112.5948738,155.06,0.0,0.0,TRACKING_BUOY,343,23
1785933243.829,2026-08-05 19:34:03,GUIDED,True,-7.9262673,112.594873,155.05,0.0,0.0,TRACKING_BUOY,346,26
1785933243.973,2026-08-05 19:34:03,GUIDED,True,-7.9262672,112.5948724,155.05,0.0,0.0,TRACKING_BUOY,358,38
1785933244.115,2026-08-05 19:34:04,GUIDED,True,-7.9262672,112.5948715,155.04,0.0,0.0,TRACKING_BUOY,379,59
1785933244.257,2026-08-05 19:34:04,GUIDED,True,-7.9262672,112.5948711,155.04,0.0,0.0,TRACKING_BUOY,640,320
1785933244.399,2026-08-05 19:34:04,GUIDED,True,-7.926267,112.5948704,155.05,0.0,0.0,TRACKING_BUOY,640,320
1785933244.548,2026-08-05 19:34:04,GUIDED,True,-7.9262665,112.5948691,155.05,0.0,0.0,TRACKING_BUOY,640,320
1785933244.699,2026-08-05 19:34:04,GUIDED,True,-7.9262663,112.5948685,155.05,0.0,0.0,TRACKING_BUOY,640,320
1785933244.836,2026-08-05 19:34:04,GUIDED,True,-7.9262652,112.5948666,155.07,0.0,0.0,TRACKING_BUOY,640,320
1785933244.981,2026-08-05 19:34:04,GUIDED,True,-7.9262645,112.5948656,155.07,0.0,0.0,TRACKING_BUOY,640,320
1785933245.138,2026-08-05 19:34:05,GUIDED,True,-7.9262636,112.5948642,155.06,0.0,0.0,TRACKING_BUOY,613,293
1785933245.281,2026-08-05 19:34:05,GUIDED,True,-7.9262632,112.5948636,155.07,0.0,0.0,TRACKING_BUOY,640,320
1785933245.426,2026-08-05 19:34:05,GUIDED,True,-7.9262626,112.5948627,155.08,0.0,0.0,TRACKING_BUOY,,
1785933245.591,2026-08-05 19:34:05,GUIDED,True,-7.9262621,112.5948622,155.08,0.0,0.0,TRACKING_BUOY,,
1785933245.732,2026-08-05 19:34:05,GUIDED,True,-7.9262615,112.5948616,155.06,0.0,0.0,TRACKING_BUOY,640,320
1785933245.871,2026-08-05 19:34:05,GUIDED,True,-7.9262614,112.5948614,155.06,0.0,0.0,TRACKING_BUOY,,
1785933246.021,2026-08-05 19:34:06,GUIDED,True,-7.9262611,112.5948611,155.06,0.0,0.0,TRACKING_BUOY,640,320
1785933246.184,2026-08-05 19:34:06,GUIDED,True,-7.9262609,112.5948609,155.06,0.0,0.0,TRACKING_BUOY,640,320
1785933246.331,2026-08-05 19:34:06,GUIDED,True,-7.9262604,112.5948605,155.05,0.0,0.0,TRACKING_BUOY,588,268
1785933246.477,2026-08-05 19:34:06,GUIDED,True,-7.9262602,112.5948603,155.06,0.0,0.0,TRACKING_BUOY,640,320
1785933246.622,2026-08-05 19:34:06,GUIDED,True,-7.9262592,112.5948594,155.07,0.0,0.0,TRACKING_BUOY,640,320
1785933246.761,2026-08-05 19:34:06,GUIDED,True,-7.9262585,112.5948589,155.07,0.0,0.0,TRACKING_BUOY,640,320
1785933246.924,2026-08-05 19:34:06,GUIDED,True,-7.926257,112.5948576,155.06,0.0,0.0,TRACKING_BUOY,640,320
1785933247.066,2026-08-05 19:34:07,GUIDED,True,-7.9262561,112.5948568,155.06,0.0,0.0,TRACKING_BUOY,569,249
1785933247.211,2026-08-05 19:34:07,GUIDED,True,-7.9262546,112.5948555,155.05,0.0,0.0,TRACKING_BUOY,640,320
1785933247.350,2026-08-05 19:34:07,GUIDED,True,-7.9262536,112.5948547,155.05,0.0,0.0,TRACKING_BUOY,567,247
1785933247.494,2026-08-05 19:34:07,GUIDED,True,-7.9262529,112.5948541,155.05,0.0,0.0,TRACKING_BUOY,640,320
1785933247.695,2026-08-05 19:34:07,GUIDED,True,-7.9262512,112.5948528,155.05,0.0,0.0,TRACKING_BUOY,558,238
1785933247.837,2026-08-05 19:34:07,GUIDED,True,-7.9262497,112.5948517,155.05,0.0,0.0,TRACKING_BUOY,534,214
1785933247.977,2026-08-05 19:34:07,GUIDED,True,-7.9262488,112.5948512,155.04,0.0,0.0,TRACKING_BUOY,640,320
1785933248.122,2026-08-05 19:34:08,GUIDED,True,-7.9262473,112.5948503,155.05,0.0,0.0,TRACKING_BUOY,584,264
1785933248.263,2026-08-05 19:34:08,GUIDED,True,-7.9262466,112.5948499,155.05,0.0,0.0,TRACKING_BUOY,500,180
1785933248.413,2026-08-05 19:34:08,GUIDED,True,-7.9262453,112.5948492,155.03,0.0,0.0,TRACKING_BUOY,,
1785933248.563,2026-08-05 19:34:08,GUIDED,True,-7.9262446,112.594849,155.02,0.0,0.0,TRACKING_BUOY,436,116
1785933248.697,2026-08-05 19:34:08,GUIDED,True,-7.9262441,112.5948487,155.01,0.0,0.0,TRACKING_BUOY,443,123
1785933248.839,2026-08-05 19:34:08,GUIDED,True,-7.926243,112.5948484,155.01,0.0,0.0,TRACKING_BUOY,478,158
1785933248.976,2026-08-05 19:34:08,GUIDED,True,-7.9262424,112.5948482,155.0,0.0,0.0,TRACKING_BUOY,,
1785933249.118,2026-08-05 19:34:09,GUIDED,True,-7.9262414,112.5948478,155.01,0.0,0.0,TRACKING_BUOY,46,-274
1785933249.254,2026-08-05 19:34:09,GUIDED,True,-7.9262409,112.5948476,155.02,0.0,0.0,TRACKING_BUOY,,
1785933249.387,2026-08-05 19:34:09,GUIDED,True,-7.9262406,112.5948476,155.02,0.0,0.0,TRACKING_BUOY,,
1785933249.523,2026-08-05 19:34:09,GUIDED,True,-7.92624,112.5948476,155.02,0.0,0.0,TRACKING_BUOY,129,-191
1785933249.659,2026-08-05 19:34:09,GUIDED,True,-7.9262397,112.5948475,155.01,0.0,0.0,TRACKING_BUOY,287,-33
1785933249.793,2026-08-05 19:34:09,GUIDED,True,-7.9262393,112.5948475,155.01,0.0,0.0,TRACKING_BUOY,291,-29
1785933249.939,2026-08-05 19:34:09,GUIDED,True,-7.9262388,112.5948474,155.0,0.0,0.0,TRACKING_BUOY,281,-39
1785933250.081,2026-08-05 19:34:10,GUIDED,True,-7.9262385,112.5948472,155.0,0.0,0.0,TRACKING_BUOY,,
1785933250.218,2026-08-05 19:34:10,GUIDED,True,-7.9262381,112.5948471,154.99,0.0,0.0,TRACKING_BUOY,,
1785933250.353,2026-08-05 19:34:10,GUIDED,True,-7.9262379,112.5948471,155.0,0.0,0.0,TRACKING_BUOY,,
1785933250.493,2026-08-05 19:34:10,GUIDED,True,-7.9262378,112.594847,154.99,0.0,0.0,TRACKING_BUOY,,
1785933250.663,2026-08-05 19:34:10,GUIDED,True,-7.9262375,112.5948468,154.99,0.0,0.0,TRACKING_BUOY,,
1785933250.808,2026-08-05 19:34:10,GUIDED,True,-7.9262371,112.5948465,154.99,0.0,0.0,TRACKING_BUOY,,
1785933250.946,2026-08-05 19:34:10,GUIDED,True,-7.9262367,112.594846,154.99,0.0,0.0,TRACKING_BUOY,,
1785933251.089,2026-08-05 19:34:11,GUIDED,True,-7.9262365,112.5948456,154.99,0.0,0.0,TRACKING_BUOY,,
1785933251.228,2026-08-05 19:34:11,GUIDED,True,-7.9262362,112.5948451,154.99,0.0,0.0,TRACKING_BUOY,354,34
1785933251.378,2026-08-05 19:34:11,GUIDED,True,-7.926236,112.5948448,154.98,0.0,0.0,TRACKING_BUOY,355,35
1785933251.513,2026-08-05 19:34:11,GUIDED,True,-7.9262357,112.5948445,154.97,0.0,0.0,TRACKING_BUOY,354,34
1785933251.791,2026-08-05 19:34:11,GUIDED,True,-7.9262352,112.5948441,154.99,0.0,0.0,TRACKING_BUOY,352,32
1785933251.957,2026-08-05 19:34:11,GUIDED,True,-7.9262344,112.5948434,154.98,0.0,0.0,TRACKING_BUOY,351,31
1785933252.103,2026-08-05 19:34:12,GUIDED,True,-7.926234,112.5948429,154.98,0.0,0.0,TRACKING_BUOY,,
1785933252.246,2026-08-05 19:34:12,GUIDED,True,-7.9262331,112.5948421,154.98,0.0,0.0,TRACKING_BUOY,,
1785933252.387,2026-08-05 19:34:12,GUIDED,True,-7.9262327,112.5948418,154.98,0.0,0.0,TRACKING_BUOY,343,23
1785933252.524,2026-08-05 19:34:12,GUIDED,True,-7.9262321,112.5948412,154.97,0.0,0.0,TRACKING_BUOY,341,21
1785933252.662,2026-08-05 19:34:12,GUIDED,True,-7.9262318,112.5948409,154.97,0.0,0.0,TRACKING_BUOY,,
1785933252.807,2026-08-05 19:34:12,GUIDED,True,-7.9262314,112.5948405,154.97,0.0,0.0,TRACKING_BUOY,,
1785933252.955,2026-08-05 19:34:12,GUIDED,True,-7.9262307,112.5948399,154.97,0.0,0.0,TRACKING_BUOY,,
1785933253.101,2026-08-05 19:34:13,GUIDED,True,-7.9262303,112.5948396,154.97,0.0,0.0,TRACKING_BUOY,,
1785933253.251,2026-08-05 19:34:13,GUIDED,True,-7.9262299,112.5948393,154.99,0.0,0.0,TRACKING_BUOY,,
1785933253.394,2026-08-05 19:34:13,GUIDED,True,-7.9262298,112.5948392,155.0,0.0,0.0,TRACKING_BUOY,336,16
1785933253.530,2026-08-05 19:34:13,GUIDED,True,-7.9262297,112.5948393,155.01,0.0,0.0,TRACKING_BUOY,,
1785933253.664,2026-08-05 19:34:13,GUIDED,True,-7.9262297,112.5948394,155.0,0.0,0.0,TRACKING_BUOY,334,14
1785933253.803,2026-08-05 19:34:13,GUIDED,True,-7.9262299,112.5948397,155.0,0.0,0.0,TRACKING_BUOY,335,15
1785933253.942,2026-08-05 19:34:13,GUIDED,True,-7.9262301,112.5948402,155.01,0.0,0.0,TRACKING_BUOY,,
1785933254.088,2026-08-05 19:34:14,GUIDED,True,-7.9262301,112.5948403,155.01,0.0,0.0,TRACKING_BUOY,336,16
1785933254.227,2026-08-05 19:34:14,GUIDED,True,-7.92623,112.5948404,155.02,0.0,0.0,TRACKING_BUOY,,
1785933254.370,2026-08-05 19:34:14,GUIDED,True,-7.92623,112.5948404,155.02,0.0,0.0,TRACKING_BUOY,,
1785933254.509,2026-08-05 19:34:14,GUIDED,True,-7.9262298,112.5948404,155.02,0.0,0.0,TRACKING_BUOY,,
1785933254.648,2026-08-05 19:34:14,GUIDED,True,-7.9262297,112.5948404,155.0,0.0,0.0,TRACKING_BUOY,,
1785933254.787,2026-08-05 19:34:14,GUIDED,True,-7.9262297,112.5948404,155.01,0.0,0.0,TRACKING_BUOY,,
1785933254.929,2026-08-05 19:34:14,GUIDED,True,-7.9262296,112.5948405,155.0,0.0,0.0,TRACKING_BUOY,,
1785933255.089,2026-08-05 19:34:15,GUIDED,True,-7.9262297,112.5948406,154.99,0.0,0.0,TRACKING_BUOY,341,21
1785933255.243,2026-08-05 19:34:15,GUIDED,True,-7.9262301,112.5948411,154.99,0.0,0.0,TRACKING_BUOY,,
1785933255.384,2026-08-05 19:34:15,GUIDED,True,-7.9262305,112.5948417,155.0,0.0,0.0,TRACKING_BUOY,,
1785933255.522,2026-08-05 19:34:15,GUIDED,True,-7.9262314,112.5948427,154.99,0.0,0.0,TRACKING_BUOY,348,28
1785933255.677,2026-08-05 19:34:15,GUIDED,True,-7.9262317,112.5948432,154.98,0.0,0.0,TRACKING_BUOY,348,28
1785933255.817,2026-08-05 19:34:15,GUIDED,True,-7.9262327,112.5948445,154.98,0.0,0.0,TRACKING_BUOY,,
1785933255.960,2026-08-05 19:34:15,GUIDED,True,-7.9262333,112.5948452,154.98,0.0,0.0,TRACKING_BUOY,,
1785933256.114,2026-08-05 19:34:16,GUIDED,True,-7.9262344,112.5948464,154.98,0.0,0.0,TRACKING_BUOY,,
1785933256.254,2026-08-05 19:34:16,GUIDED,True,-7.9262349,112.5948469,154.97,0.0,0.0,TRACKING_BUOY,,
1785933256.404,2026-08-05 19:34:16,GUIDED,True,-7.9262355,112.5948476,154.96,0.0,0.0,TRACKING_BUOY,,
1785933256.541,2026-08-05 19:34:16,GUIDED,True,-7.9262365,112.5948485,154.96,0.0,0.0,TRACKING_BUOY,,
1785933256.682,2026-08-05 19:34:16,GUIDED,True,-7.9262369,112.5948489,154.94,0.0,0.0,TRACKING_BUOY,341,21
1785933256.823,2026-08-05 19:34:16,GUIDED,True,-7.9262377,112.5948495,154.94,0.0,0.0,TRACKING_BUOY,341,21
1785933256.972,2026-08-05 19:34:16,GUIDED,True,-7.9262381,112.5948497,154.94,0.0,0.0,TRACKING_BUOY,343,23
1785933257.114,2026-08-05 19:34:17,GUIDED,True,-7.9262386,112.5948499,154.94,0.0,0.0,TRACKING_BUOY,343,23
1785933257.250,2026-08-05 19:34:17,GUIDED,True,-7.9262388,112.5948499,154.93,0.0,0.0,TRACKING_BUOY,342,22
1785933257.388,2026-08-05 19:34:17,GUIDED,True,-7.9262391,112.5948499,154.93,0.0,0.0,TRACKING_BUOY,,
1785933257.528,2026-08-05 19:34:17,GUIDED,True,-7.9262396,112.5948499,154.93,0.0,0.0,TRACKING_BUOY,348,28
1785933257.667,2026-08-05 19:34:17,GUIDED,True,-7.9262399,112.5948499,154.93,0.0,0.0,TRACKING_BUOY,344,24
1785933257.802,2026-08-05 19:34:17,GUIDED,True,-7.9262402,112.5948499,154.94,0.0,0.0,TRACKING_BUOY,,
1785933257.938,2026-08-05 19:34:17,GUIDED,True,-7.9262409,112.5948499,154.94,0.0,0.0,TRACKING_BUOY,,
1785933258.076,2026-08-05 19:34:18,GUIDED,True,-7.9262412,112.5948499,154.94,0.0,0.0,TRACKING_BUOY,347,27
1785933258.223,2026-08-05 19:34:18,GUIDED,True,-7.9262418,112.5948498,154.95,0.0,0.0,TRACKING_BUOY,,
1785933258.368,2026-08-05 19:34:18,GUIDED,True,-7.9262421,112.5948497,154.95,0.0,0.0,TRACKING_BUOY,,
1785933258.508,2026-08-05 19:34:18,GUIDED,True,-7.9262423,112.5948496,154.94,0.0,0.0,TRACKING_BUOY,343,23
1785933258.658,2026-08-05 19:34:18,GUIDED,True,-7.9262427,112.594849,154.94,0.0,0.0,TRACKING_BUOY,344,24
1785933258.793,2026-08-05 19:34:18,GUIDED,True,-7.9262429,112.5948486,154.94,0.0,0.0,TRACKING_BUOY,,
1785933258.936,2026-08-05 19:34:18,GUIDED,True,-7.9262431,112.5948477,154.93,0.0,0.0,TRACKING_BUOY,,
1785933259.075,2026-08-05 19:34:19,GUIDED,True,-7.9262431,112.5948472,154.93,0.0,0.0,TRACKING_BUOY,,
1785933259.245,2026-08-05 19:34:19,GUIDED,True,-7.9262431,112.5948463,154.93,0.0,0.0,TRACKING_BUOY,,
1785933259.380,2026-08-05 19:34:19,GUIDED,True,-7.9262432,112.5948458,154.92,0.0,0.0,TRACKING_BUOY,,
1785933259.519,2026-08-05 19:34:19,GUIDED,True,-7.9262436,112.5948451,154.92,0.0,0.0,TRACKING_BUOY,,
1785933259.658,2026-08-05 19:34:19,GUIDED,True,-7.9262438,112.5948449,154.91,0.0,0.0,TRACKING_BUOY,333,13
1785933259.795,2026-08-05 19:34:19,GUIDED,True,-7.9262441,112.5948446,154.91,0.0,0.0,TRACKING_BUOY,,
1785933259.937,2026-08-05 19:34:19,GUIDED,True,-7.9262447,112.5948442,154.93,0.0,0.0,TRACKING_BUOY,318,-2
1785933260.085,2026-08-05 19:34:20,GUIDED,True,-7.9262451,112.594844,154.92,0.0,0.0,TRACKING_BUOY,304,-16
1785933260.237,2026-08-05 19:34:20,GUIDED,True,-7.9262455,112.5948436,154.92,0.0,0.0,TRACKING_BUOY,295,-25
1785933260.376,2026-08-05 19:34:20,GUIDED,True,-7.9262458,112.5948434,154.92,0.0,0.0,TRACKING_BUOY,,
1785933260.515,2026-08-05 19:34:20,GUIDED,True,-7.9262464,112.5948431,154.9,0.0,0.0,TRACKING_BUOY,,
1785933260.653,2026-08-05 19:34:20,GUIDED,True,-7.9262467,112.5948431,154.9,0.0,0.0,TRACKING_BUOY,,
1785933260.819,2026-08-05 19:34:20,GUIDED,True,-7.9262475,112.5948431,154.9,0.0,0.0,TRACKING_BUOY,83,-237
1785933260.959,2026-08-05 19:34:20,GUIDED,True,-7.9262481,112.5948432,154.91,0.0,0.0,TRACKING_BUOY,76,-244
1785933261.101,2026-08-05 19:34:21,GUIDED,True,-7.9262485,112.5948432,154.91,0.0,0.0,TRACKING_BUOY,77,-243
1785933261.254,2026-08-05 19:34:21,GUIDED,True,-7.9262495,112.5948434,154.91,0.0,0.0,TRACKING_BUOY,270,-50
1785933261.402,2026-08-05 19:34:21,GUIDED,True,-7.9262501,112.5948435,154.91,0.0,0.0,TRACKING_BUOY,75,-245
1785933261.542,2026-08-05 19:34:21,GUIDED,True,-7.9262511,112.5948437,154.91,0.0,0.0,TRACKING_BUOY,78,-242
1785933261.678,2026-08-05 19:34:21,GUIDED,True,-7.9262515,112.5948438,154.91,0.0,0.0,TRACKING_BUOY,278,-42
1785933261.815,2026-08-05 19:34:21,GUIDED,True,-7.9262524,112.5948439,154.9,0.0,0.0,TRACKING_BUOY,83,-237
1785933261.962,2026-08-05 19:34:21,GUIDED,True,-7.9262528,112.5948438,154.89,0.0,0.0,TRACKING_BUOY,,
1785933262.104,2026-08-05 19:34:22,GUIDED,True,-7.9262533,112.5948438,154.89,0.0,0.0,TRACKING_BUOY,,
1785933262.248,2026-08-05 19:34:22,GUIDED,True,-7.9262538,112.5948434,154.89,0.0,0.0,TRACKING_BUOY,,
1785933262.383,2026-08-05 19:34:22,GUIDED,True,-7.9262542,112.5948432,154.88,0.0,0.0,TRACKING_BUOY,,
1785933262.522,2026-08-05 19:34:22,GUIDED,True,-7.9262549,112.5948429,154.89,0.0,0.0,TRACKING_BUOY,,
1785933262.658,2026-08-05 19:34:22,GUIDED,True,-7.9262553,112.5948428,154.89,0.0,0.0,TRACKING_BUOY,,
1785933262.796,2026-08-05 19:34:22,GUIDED,True,-7.9262556,112.5948426,154.9,0.0,0.0,TRACKING_BUOY,315,-5
1785933262.939,2026-08-05 19:34:22,GUIDED,True,-7.9262562,112.5948423,154.89,0.0,0.0,TRACKING_BUOY,310,-10
1785933263.078,2026-08-05 19:34:23,GUIDED,True,-7.9262567,112.5948422,154.89,0.0,0.0,TRACKING_BUOY,310,-10
1785933263.233,2026-08-05 19:34:23,GUIDED,True,-7.9262575,112.594842,154.89,0.0,0.0,TRACKING_BUOY,313,-7
1785933263.371,2026-08-05 19:34:23,GUIDED,True,-7.9262581,112.594842,154.88,0.0,0.0,TRACKING_BUOY,316,-4
1785933263.507,2026-08-05 19:34:23,GUIDED,True,-7.9262586,112.5948419,154.88,0.0,0.0,TRACKING_BUOY,320,0
1785933263.644,2026-08-05 19:34:23,GUIDED,True,-7.9262597,112.5948419,154.88,0.0,0.0,TRACKING_BUOY,322,2
1785933263.785,2026-08-05 19:34:23,GUIDED,True,-7.9262602,112.5948418,154.88,0.0,0.0,TRACKING_BUOY,322,2
1785933263.928,2026-08-05 19:34:23,GUIDED,True,-7.9262612,112.5948417,154.86,0.0,0.0,TRACKING_BUOY,321,1
1785933264.075,2026-08-05 19:34:24,GUIDED,True,-7.9262617,112.5948416,154.86,0.0,0.0,TRACKING_BUOY,317,-3
1785933264.223,2026-08-05 19:34:24,GUIDED,True,-7.9262625,112.5948412,154.87,0.0,0.0,TRACKING_BUOY,313,-7
1785933264.368,2026-08-05 19:34:24,GUIDED,True,-7.9262628,112.594841,154.87,0.0,0.0,TRACKING_BUOY,315,-5
1785933264.513,2026-08-05 19:34:24,GUIDED,True,-7.9262634,112.5948403,154.87,0.0,0.0,TRACKING_BUOY,321,1
1785933264.649,2026-08-05 19:34:24,GUIDED,True,-7.9262636,112.59484,154.88,0.0,0.0,TRACKING_BUOY,341,21
1785933264.789,2026-08-05 19:34:24,GUIDED,True,-7.9262637,112.5948395,154.88,0.0,0.0,TRACKING_BUOY,354,34
1785933264.929,2026-08-05 19:34:24,GUIDED,True,-7.926264,112.5948387,154.89,0.0,0.0,TRACKING_BUOY,372,52
1785933265.069,2026-08-05 19:34:25,GUIDED,True,-7.9262643,112.5948383,154.89,0.0,0.0,TRACKING_BUOY,387,67
1785933265.219,2026-08-05 19:34:25,GUIDED,True,-7.9262647,112.5948379,154.88,0.0,0.0,TRACKING_BUOY,397,77
1785933265.373,2026-08-05 19:34:25,GUIDED,True,-7.926265,112.5948377,154.88,0.0,0.0,TRACKING_BUOY,402,82
1785933265.506,2026-08-05 19:34:25,GUIDED,True,-7.9262654,112.5948376,154.88,0.0,0.0,TRACKING_BUOY,399,79
1785933265.643,2026-08-05 19:34:25,GUIDED,True,-7.926266,112.5948373,154.86,0.0,0.0,TRACKING_BUOY,393,73
1785933265.779,2026-08-05 19:34:25,GUIDED,True,-7.9262664,112.5948372,154.86,0.0,0.0,TRACKING_BUOY,385,65
1785933265.939,2026-08-05 19:34:25,GUIDED,True,-7.9262672,112.5948371,154.87,0.0,0.0,TRACKING_BUOY,370,50
1785933266.076,2026-08-05 19:34:26,GUIDED,True,-7.9262677,112.594837,154.87,0.0,0.0,TRACKING_BUOY,350,30
1785933266.242,2026-08-05 19:34:26,GUIDED,True,-7.926268,112.5948367,154.86,0.0,0.0,TRACKING_BUOY,330,10
1785933266.391,2026-08-05 19:34:26,GUIDED,True,-7.9262681,112.5948364,154.86,0.0,0.0,TRACKING_BUOY,306,-14
1785933266.532,2026-08-05 19:34:26,GUIDED,True,-7.9262682,112.5948356,154.85,0.0,0.0,TRACKING_BUOY,295,-25
1785933266.673,2026-08-05 19:34:26,GUIDED,True,-7.9262682,112.5948353,154.86,0.0,0.0,TRACKING_BUOY,289,-31
1785933266.813,2026-08-05 19:34:26,GUIDED,True,-7.9262681,112.5948345,154.85,0.0,0.0,TRACKING_BUOY,281,-39
1785933266.954,2026-08-05 19:34:26,GUIDED,True,-7.9262681,112.5948341,154.85,0.0,0.0,TRACKING_BUOY,276,-44
1785933267.091,2026-08-05 19:34:27,GUIDED,True,-7.9262681,112.5948338,154.85,0.0,0.0,TRACKING_BUOY,270,-50
1785933267.238,2026-08-05 19:34:27,GUIDED,True,-7.9262683,112.5948335,154.86,0.0,0.0,TRACKING_BUOY,263,-57
1785933267.381,2026-08-05 19:34:27,GUIDED,True,-7.9262685,112.5948335,154.86,0.0,0.0,TRACKING_BUOY,261,-59
1785933267.523,2026-08-05 19:34:27,GUIDED,True,-7.926269,112.5948336,154.85,0.0,0.0,TRACKING_BUOY,260,-60
1785933267.660,2026-08-05 19:34:27,GUIDED,True,-7.9262693,112.5948336,154.84,0.0,0.0,TRACKING_BUOY,258,-62
1785933267.799,2026-08-05 19:34:27,GUIDED,True,-7.9262695,112.5948336,154.84,0.0,0.0,TRACKING_BUOY,257,-63
1785933267.942,2026-08-05 19:34:27,GUIDED,True,-7.9262694,112.5948331,154.84,0.0,0.0,TRACKING_BUOY,256,-64
1785933268.088,2026-08-05 19:34:28,GUIDED,True,-7.9262691,112.5948326,154.83,0.0,0.0,TRACKING_BUOY,254,-66
1785933268.230,2026-08-05 19:34:28,GUIDED,True,-7.9262677,112.5948312,154.84,0.0,0.0,TRACKING_BUOY,251,-69
1785933268.371,2026-08-05 19:34:28,GUIDED,True,-7.9262667,112.5948304,154.84,0.0,0.0,TRACKING_BUOY,250,-70
1785933268.506,2026-08-05 19:34:28,GUIDED,True,-7.9262658,112.5948298,154.84,0.0,0.0,TRACKING_BUOY,249,-71
1785933268.645,2026-08-05 19:34:28,GUIDED,True,-7.9262642,112.5948286,154.85,0.0,0.0,TRACKING_BUOY,248,-72
1785933268.783,2026-08-05 19:34:28,GUIDED,True,-7.9262633,112.5948281,154.86,0.0,0.0,TRACKING_BUOY,246,-74
1785933268.933,2026-08-05 19:34:28,GUIDED,True,-7.9262618,112.5948272,154.86,0.0,0.0,TRACKING_BUOY,244,-76
1785933269.071,2026-08-05 19:34:29,GUIDED,True,-7.9262609,112.5948267,154.86,0.0,0.0,TRACKING_BUOY,241,-79
1785933269.229,2026-08-05 19:34:29,GUIDED,True,-7.9262601,112.5948262,154.86,0.0,0.0,TRACKING_BUOY,239,-81
1785933269.448,2026-08-05 19:34:29,GUIDED,True,-7.9262593,112.5948257,154.84,0.0,0.0,TRACKING_BUOY,237,-83
1785933269.615,2026-08-05 19:34:29,GUIDED,True,-7.9262584,112.594825,154.83,0.0,0.0,TRACKING_BUOY,235,-85
1785933269.782,2026-08-05 19:34:29,GUIDED,True,-7.926258,112.5948249,154.84,0.0,0.0,TRACKING_BUOY,235,-85
1785933270.007,2026-08-05 19:34:30,GUIDED,True,-7.9262574,112.594825,154.82,0.0,0.0,TRACKING_BUOY,233,-87
1785933270.149,2026-08-05 19:34:30,GUIDED,True,-7.926257,112.5948253,154.82,0.0,0.0,TRACKING_BUOY,233,-87
1785933270.291,2026-08-05 19:34:30,GUIDED,True,-7.9262569,112.5948254,154.82,0.0,0.0,TRACKING_BUOY,233,-87
1785933270.439,2026-08-05 19:34:30,GUIDED,True,-7.9262571,112.594826,154.81,0.0,0.0,TRACKING_BUOY,233,-87
1785933270.579,2026-08-05 19:34:30,GUIDED,True,-7.9262573,112.5948266,154.81,0.0,0.0,TRACKING_BUOY,237,-83
1785933270.716,2026-08-05 19:34:30,GUIDED,True,-7.9262575,112.5948275,154.81,0.0,0.0,TRACKING_BUOY,238,-82
1785933270.855,2026-08-05 19:34:30,GUIDED,True,-7.9262575,112.5948278,154.8,0.0,0.0,TRACKING_BUOY,243,-77
1785933271.012,2026-08-05 19:34:31,GUIDED,True,-7.9262574,112.5948281,154.79,0.0,0.0,TRACKING_BUOY,244,-76
1785933271.157,2026-08-05 19:34:31,GUIDED,True,-7.9262572,112.5948285,154.79,0.0,0.0,TRACKING_BUOY,245,-75
1785933271.299,2026-08-05 19:34:31,GUIDED,True,-7.9262571,112.5948286,154.79,0.0,0.0,TRACKING_BUOY,243,-77
1785933271.450,2026-08-05 19:34:31,GUIDED,True,-7.926257,112.5948289,154.8,0.0,0.0,TRACKING_BUOY,244,-76
1785933271.590,2026-08-05 19:34:31,GUIDED,True,-7.9262571,112.5948292,154.8,0.0,0.0,TRACKING_BUOY,245,-75
1785933271.727,2026-08-05 19:34:31,GUIDED,True,-7.9262572,112.5948296,154.8,0.0,0.0,TRACKING_BUOY,243,-77
1785933271.874,2026-08-05 19:34:31,GUIDED,True,-7.9262571,112.5948297,154.79,0.0,0.0,TRACKING_BUOY,245,-75
1785933272.013,2026-08-05 19:34:32,GUIDED,True,-7.9262569,112.5948297,154.8,0.0,0.0,TRACKING_BUOY,243,-77
1785933272.157,2026-08-05 19:34:32,GUIDED,True,-7.9262565,112.5948297,154.77,0.0,0.0,TRACKING_BUOY,241,-79
1785933272.303,2026-08-05 19:34:32,GUIDED,True,-7.9262563,112.5948297,154.77,0.0,0.0,TRACKING_BUOY,239,-81
1785933272.441,2026-08-05 19:34:32,GUIDED,True,-7.9262556,112.5948296,154.77,0.0,0.0,TRACKING_BUOY,232,-88
1785933272.585,2026-08-05 19:34:32,GUIDED,True,-7.9262553,112.5948296,154.78,0.0,0.0,TRACKING_BUOY,229,-91
1785933272.729,2026-08-05 19:34:32,GUIDED,True,-7.926255,112.5948295,154.77,0.0,0.0,TRACKING_BUOY,226,-94
1785933272.875,2026-08-05 19:34:32,GUIDED,True,-7.9262549,112.5948294,154.78,0.0,0.0,TRACKING_BUOY,224,-96
1785933273.017,2026-08-05 19:34:33,GUIDED,True,-7.9262544,112.5948292,154.76,0.0,0.0,TRACKING_BUOY,220,-100
1785933273.161,2026-08-05 19:34:33,GUIDED,True,-7.926254,112.5948292,154.76,0.0,0.0,TRACKING_BUOY,219,-101
1785933273.313,2026-08-05 19:34:33,GUIDED,True,-7.9262529,112.5948293,154.76,0.0,0.0,TRACKING_BUOY,218,-102
1785933273.459,2026-08-05 19:34:33,GUIDED,True,-7.9262524,112.5948295,154.76,0.0,0.0,TRACKING_BUOY,218,-102
1785933273.603,2026-08-05 19:34:33,GUIDED,True,-7.9262521,112.5948297,154.75,0.0,0.0,TRACKING_BUOY,219,-101
1785933273.746,2026-08-05 19:34:33,GUIDED,True,-7.9262517,112.5948301,154.73,0.0,0.0,TRACKING_BUOY,227,-93
1785933273.889,2026-08-05 19:34:33,GUIDED,True,-7.9262515,112.5948303,154.73,0.0,0.0,TRACKING_BUOY,237,-83
1785933274.032,2026-08-05 19:34:34,GUIDED,True,-7.9262512,112.5948306,154.73,0.0,0.0,TRACKING_BUOY,252,-68
1785933274.181,2026-08-05 19:34:34,GUIDED,True,-7.9262511,112.5948307,154.72,0.0,0.0,TRACKING_BUOY,277,-43
1785933274.339,2026-08-05 19:34:34,GUIDED,True,-7.9262509,112.594831,154.72,0.0,0.0,FINISH,295,-25
1785933274.486,2026-08-05 19:34:34,GUIDED,True,-7.9262508,112.5948311,154.72,0.0,0.0,IDLE,313,-7
1785933274.630,2026-08-05 19:34:34,GUIDED,True,-7.9262511,112.5948315,154.72,0.0,0.0,IDLE,330,10
1785933274.774,2026-08-05 19:34:34,GUIDED,True,-7.9262514,112.5948318,154.72,0.0,0.0,IDLE,348,28
1785933274.923,2026-08-05 19:34:34,GUIDED,True,-7.9262518,112.5948322,154.73,0.0,0.0,IDLE,359,39
1785933275.074,2026-08-05 19:34:35,GUIDED,True,-7.9262521,112.5948324,154.72,0.0,0.0,IDLE,367,47
1785933275.236,2026-08-05 19:34:35,GUIDED,True,-7.9262526,112.5948326,154.72,0.0,0.0,IDLE,372,52
1785933275.384,2026-08-05 19:34:35,GUIDED,True,-7.9262529,112.5948327,154.71,0.0,0.0,IDLE,376,56
1785933275.522,2026-08-05 19:34:35,GUIDED,True,-7.9262533,112.594833,154.7,0.0,0.0,IDLE,376,56
1785933275.658,2026-08-05 19:34:35,GUIDED,True,-7.9262534,112.5948331,154.69,0.0,0.0,IDLE,375,55
1785933275.802,2026-08-05 19:34:35,GUIDED,True,-7.9262537,112.5948331,154.69,0.0,0.0,IDLE,376,56
1785933275.942,2026-08-05 19:34:35,GUIDED,True,-7.9262541,112.5948333,154.7,0.0,0.0,IDLE,377,57
1785933276.112,2026-08-05 19:34:36,GUIDED,True,-7.9262546,112.5948336,154.69,0.0,0.0,IDLE,376,56
1785933276.267,2026-08-05 19:34:36,GUIDED,True,-7.9262549,112.5948338,154.69,0.0,0.0,IDLE,360,40
1785933276.417,2026-08-05 19:34:36,GUIDED,True,-7.926256,112.5948344,154.68,0.0,0.0,IDLE,348,28
1785933276.560,2026-08-05 19:34:36,GUIDED,True,-7.9262568,112.5948347,154.68,0.0,0.0,IDLE,333,13
1785933276.695,2026-08-05 19:34:36,GUIDED,True,-7.9262575,112.594835,154.69,0.0,0.0,IDLE,311,-9
1785933276.832,2026-08-05 19:34:36,GUIDED,True,-7.9262587,112.5948356,154.68,0.0,0.0,IDLE,300,-20
1785933276.971,2026-08-05 19:34:36,GUIDED,True,-7.9262593,112.5948358,154.68,0.0,0.0,IDLE,294,-26
1785933277.112,2026-08-05 19:34:37,GUIDED,True,-7.9262602,112.5948361,154.69,0.0,0.0,IDLE,290,-30
1785933277.251,2026-08-05 19:34:37,GUIDED,True,-7.9262607,112.5948363,154.7,0.0,0.0,IDLE,287,-33
1785933277.396,2026-08-05 19:34:37,GUIDED,True,-7.9262612,112.5948365,154.69,0.0,0.0,IDLE,283,-37
1785933277.536,2026-08-05 19:34:37,GUIDED,True,-7.9262621,112.594837,154.7,0.0,0.0,IDLE,279,-41
1785933277.674,2026-08-05 19:34:37,GUIDED,True,-7.9262625,112.5948372,154.7,0.0,0.0,IDLE,278,-42
1785933277.812,2026-08-05 19:34:37,GUIDED,True,-7.9262633,112.5948376,154.7,0.0,0.0,IDLE,276,-44
1785933277.957,2026-08-05 19:34:37,GUIDED,True,-7.9262638,112.5948378,154.69,0.0,0.0,IDLE,274,-46
1785933278.100,2026-08-05 19:34:38,GUIDED,True,-7.9262643,112.5948382,154.7,0.0,0.0,IDLE,273,-47
1785933278.238,2026-08-05 19:34:38,GUIDED,True,-7.9262648,112.5948386,154.69,0.0,0.0,IDLE,270,-50
1785933278.372,2026-08-05 19:34:38,GUIDED,True,-7.9262653,112.5948388,154.69,0.0,0.0,IDLE,268,-52
1785933278.510,2026-08-05 19:34:38,GUIDED,True,-7.9262661,112.5948393,154.68,0.0,0.0,IDLE,264,-56
1785933278.650,2026-08-05 19:34:38,GUIDED,True,-7.9262665,112.5948395,154.68,0.0,0.0,IDLE,258,-62
1785933278.804,2026-08-05 19:34:38,GUIDED,True,-7.9262666,112.5948398,154.68,0.0,0.0,IDLE,253,-67
1785933278.943,2026-08-05 19:34:38,GUIDED,True,-7.9262667,112.5948403,154.67,0.0,0.0,IDLE,248,-72
1785933279.084,2026-08-05 19:34:39,GUIDED,True,-7.9262666,112.5948405,154.67,0.0,0.0,IDLE,244,-76
1785933279.233,2026-08-05 19:34:39,GUIDED,True,-7.9262666,112.5948408,154.65,0.0,0.0,IDLE,247,-73
1785933279.380,2026-08-05 19:34:39,GUIDED,True,-7.9262666,112.5948408,154.65,0.0,0.0,IDLE,259,-61
1785933279.519,2026-08-05 19:34:39,GUIDED,True,-7.9262667,112.5948411,154.65,0.0,0.0,IDLE,,
1785933279.658,2026-08-05 19:34:39,GUIDED,True,-7.9262669,112.5948414,154.64,0.0,0.0,IDLE,,
1785933279.800,2026-08-05 19:34:39,GUIDED,True,-7.926267,112.5948417,154.64,0.0,0.0,IDLE,,
1785933279.946,2026-08-05 19:34:39,GUIDED,True,-7.9262671,112.5948423,154.65,0.0,0.0,IDLE,,
1785933280.083,2026-08-05 19:34:40,GUIDED,True,-7.9262671,112.5948427,154.66,0.0,0.0,IDLE,,
1785933280.231,2026-08-05 19:34:40,GUIDED,True,-7.926267,112.5948431,154.66,0.0,0.0,IDLE,,
1785933280.369,2026-08-05 19:34:40,GUIDED,True,-7.926267,112.5948433,154.67,0.0,0.0,IDLE,,
1785933280.514,2026-08-05 19:34:40,GUIDED,True,-7.9262673,112.5948439,154.66,0.0,0.0,IDLE,,
1785933280.654,2026-08-05 19:34:40,GUIDED,True,-7.9262674,112.5948442,154.65,0.0,0.0,IDLE,,
1785933280.792,2026-08-05 19:34:40,GUIDED,True,-7.9262675,112.5948444,154.65,0.0,0.0,IDLE,,
1785933280.939,2026-08-05 19:34:40,GUIDED,True,-7.9262677,112.5948449,154.65,0.0,0.0,IDLE,,
1785933281.077,2026-08-05 19:34:41,GUIDED,True,-7.9262678,112.5948453,154.65,0.0,0.0,IDLE,,
1785933281.246,2026-08-05 19:34:41,GUIDED,True,-7.9262679,112.5948459,154.65,0.0,0.0,IDLE,,
1785933281.405,2026-08-05 19:34:41,GUIDED,True,-7.926268,112.5948463,154.66,0.0,0.0,IDLE,,
1785933281.554,2026-08-05 19:34:41,GUIDED,True,-7.9262682,112.5948472,154.66,0.0,0.0,IDLE,,
1785933281.716,2026-08-05 19:34:41,GUIDED,True,-7.9262684,112.5948481,154.66,0.0,0.0,START,,
1785933281.865,2026-08-05 19:34:41,GUIDED,True,-7.9262684,112.5948484,154.67,0.0,0.0,START,,
1785933282.011,2026-08-05 19:34:42,GUIDED,True,-7.9262681,112.5948488,154.66,0.0,0.0,START,,
1785933282.167,2026-08-05 19:34:42,GUIDED,True,-7.926268,112.5948489,154.66,0.0,0.0,START,,
1785933282.325,2026-08-05 19:34:42,GUIDED,True,-7.9262675,112.5948491,154.67,0.0,0.0,IDLE,,
1785933282.479,2026-08-05 19:34:42,GUIDED,True,-7.9262672,112.5948492,154.66,0.0,0.0,IDLE,,
1785933282.623,2026-08-05 19:34:42,GUIDED,True,-7.9262665,112.5948491,154.69,0.0,0.0,IDLE,,
1785933282.765,2026-08-05 19:34:42,GUIDED,True,-7.9262661,112.594849,154.69,0.0,0.0,IDLE,,
1785933282.919,2026-08-05 19:34:42,GUIDED,True,-7.9262654,112.5948491,154.7,0.0,0.0,IDLE,,
1785933283.067,2026-08-05 19:34:43,GUIDED,True,-7.926265,112.5948492,154.69,0.0,0.0,IDLE,,
1785933283.222,2026-08-05 19:34:43,GUIDED,True,-7.9262647,112.5948496,154.69,0.0,0.0,IDLE,,
1785933283.371,2026-08-05 19:34:43,GUIDED,True,-7.9262646,112.59485,154.7,0.0,0.0,IDLE,,
1785933283.522,2026-08-05 19:34:43,GUIDED,True,-7.9262643,112.5948506,154.69,0.0,0.0,IDLE,,
1785933283.677,2026-08-05 19:34:43,GUIDED,True,-7.9262642,112.5948509,154.68,0.0,0.0,START,,
1785933283.823,2026-08-05 19:34:43,GUIDED,True,-7.9262635,112.5948513,154.69,0.0,0.0,START,,
1785933283.965,2026-08-05 19:34:43,GUIDED,True,-7.9262631,112.5948513,154.68,0.0,0.0,START,,
1785933284.106,2026-08-05 19:34:44,GUIDED,True,-7.9262625,112.5948514,154.69,0.0,0.0,START,,
1785933284.240,2026-08-05 19:34:44,GUIDED,True,-7.9262618,112.5948515,154.67,0.0,0.0,START,,
1785933284.385,2026-08-05 19:34:44,GUIDED,True,-7.9262614,112.5948516,154.67,0.0,0.0,START,,
1785933284.523,2026-08-05 19:34:44,GUIDED,True,-7.9262609,112.5948519,154.68,0.0,0.0,START,,
1785933284.664,2026-08-05 19:34:44,GUIDED,True,-7.9262606,112.5948521,154.67,0.0,0.0,START,,
1785933284.813,2026-08-05 19:34:44,GUIDED,True,-7.9262601,112.5948522,154.68,0.0,0.0,START,,
1785933284.994,2026-08-05 19:34:44,GUIDED,True,-7.9262598,112.5948522,154.69,0.0,0.0,START,,
1785933285.145,2026-08-05 19:34:45,GUIDED,True,-7.9262592,112.5948522,154.69,0.0,0.0,TRACKING_BUOY,,
1785933285.319,2026-08-05 19:34:45,GUIDED,True,-7.9262585,112.5948519,154.69,0.0,0.0,TRACKING_BUOY,,
1785933285.475,2026-08-05 19:34:45,GUIDED,True,-7.926258,112.5948517,154.7,0.0,0.0,TRACKING_BUOY,,
1785933285.631,2026-08-05 19:34:45,GUIDED,True,-7.9262569,112.5948507,154.7,0.0,0.0,TRACKING_BUOY,249,-71
1785933285.774,2026-08-05 19:34:45,GUIDED,True,-7.9262563,112.5948501,154.69,0.0,0.0,TRACKING_BUOY,249,-71
1785933285.928,2026-08-05 19:34:45,GUIDED,True,-7.9262551,112.5948488,154.68,0.0,0.0,TRACKING_BUOY,248,-72
1785933286.071,2026-08-05 19:34:46,GUIDED,True,-7.9262544,112.5948482,154.69,0.0,0.0,TRACKING_BUOY,,
1785933286.274,2026-08-05 19:34:46,GUIDED,True,-7.9262531,112.5948469,154.68,0.0,0.0,TRACKING_BUOY,,
1785933286.439,2026-08-05 19:34:46,GUIDED,True,-7.9262515,112.5948455,154.67,0.0,0.0,TRACKING_BUOY,246,-74
1785933286.580,2026-08-05 19:34:46,GUIDED,True,-7.926251,112.594845,154.66,0.0,0.0,TRACKING_BUOY,110,-210
1785933286.724,2026-08-05 19:34:46,GUIDED,True,-7.9262502,112.5948446,154.66,0.0,0.0,TRACKING_BUOY,110,-210
1785933286.864,2026-08-05 19:34:46,GUIDED,True,-7.92625,112.5948445,154.66,0.0,0.0,TRACKING_BUOY,109,-211
1785933287.005,2026-08-05 19:34:47,GUIDED,True,-7.9262497,112.5948445,154.65,0.0,0.0,TRACKING_BUOY,,
1785933287.143,2026-08-05 19:34:47,GUIDED,True,-7.9262493,112.5948445,154.66,0.0,0.0,TRACKING_BUOY,245,-75
1785933287.291,2026-08-05 19:34:47,GUIDED,True,-7.9262491,112.5948445,154.65,0.0,0.0,TRACKING_BUOY,245,-75
1785933287.440,2026-08-05 19:34:47,GUIDED,True,-7.9262485,112.5948444,154.64,0.0,0.0,TRACKING_BUOY,245,-75
1785933287.579,2026-08-05 19:34:47,GUIDED,True,-7.9262483,112.5948442,154.65,0.0,0.0,TRACKING_BUOY,244,-76
1785933287.723,2026-08-05 19:34:47,GUIDED,True,-7.9262477,112.5948439,154.64,0.0,0.0,TRACKING_BUOY,,
1785933287.859,2026-08-05 19:34:47,GUIDED,True,-7.9262473,112.5948437,154.64,0.0,0.0,TRACKING_BUOY,,
1785933287.997,2026-08-05 19:34:47,GUIDED,True,-7.926247,112.5948437,154.64,0.0,0.0,TRACKING_BUOY,,
1785933288.137,2026-08-05 19:34:48,GUIDED,True,-7.9262465,112.5948436,154.62,0.0,0.0,TRACKING_BUOY,288,-32
1785933288.276,2026-08-05 19:34:48,GUIDED,True,-7.9262464,112.5948437,154.63,0.0,0.0,TRACKING_BUOY,293,-27
1785933288.421,2026-08-05 19:34:48,GUIDED,True,-7.9262463,112.594844,154.62,0.0,0.0,TRACKING_BUOY,295,-25
1785933288.560,2026-08-05 19:34:48,GUIDED,True,-7.9262463,112.5948443,154.63,0.0,0.0,TRACKING_BUOY,294,-26
1785933288.709,2026-08-05 19:34:48,GUIDED,True,-7.9262462,112.5948444,154.63,0.0,0.0,TRACKING_BUOY,294,-26
1785933288.864,2026-08-05 19:34:48,GUIDED,True,-7.9262459,112.5948445,154.64,0.0,0.0,TRACKING_BUOY,293,-27
1785933289.009,2026-08-05 19:34:49,GUIDED,True,-7.9262456,112.5948446,154.64,0.0,0.0,TRACKING_BUOY,294,-26
1785933289.152,2026-08-05 19:34:49,GUIDED,True,-7.926245,112.5948449,154.63,0.0,0.0,TRACKING_BUOY,296,-24
1785933289.292,2026-08-05 19:34:49,GUIDED,True,-7.9262449,112.594845,154.64,0.0,0.0,TRACKING_BUOY,297,-23
1785933289.437,2026-08-05 19:34:49,GUIDED,True,-7.9262444,112.5948455,154.64,0.0,0.0,TRACKING_BUOY,300,-20
1785933289.588,2026-08-05 19:34:49,GUIDED,True,-7.9262442,112.5948457,154.64,0.0,0.0,TRACKING_BUOY,303,-17
1785933289.728,2026-08-05 19:34:49,GUIDED,True,-7.9262437,112.594846,154.63,0.0,0.0,TRACKING_BUOY,305,-15
1785933289.873,2026-08-05 19:34:49,GUIDED,True,-7.9262433,112.594846,154.64,0.0,0.0,TRACKING_BUOY,303,-17
1785933290.023,2026-08-05 19:34:50,GUIDED,True,-7.9262429,112.5948459,154.64,0.0,0.0,TRACKING_BUOY,293,-27
1785933290.162,2026-08-05 19:34:50,GUIDED,True,-7.926242,112.5948457,154.66,0.0,0.0,TRACKING_BUOY,273,-47
1785933290.312,2026-08-05 19:34:50,GUIDED,True,-7.9262414,112.5948458,154.65,0.0,0.0,TRACKING_BUOY,261,-59
1785933290.454,2026-08-05 19:34:50,GUIDED,True,-7.9262412,112.5948459,154.64,0.0,0.0,TRACKING_BUOY,249,-71
1785933290.596,2026-08-05 19:34:50,GUIDED,True,-7.9262411,112.594846,154.63,0.0,0.0,TRACKING_BUOY,237,-83
1785933290.732,2026-08-05 19:34:50,GUIDED,True,-7.9262408,112.5948461,154.63,0.0,0.0,TRACKING_BUOY,230,-90
1785933290.869,2026-08-05 19:34:50,GUIDED,True,-7.9262406,112.5948462,154.62,0.0,0.0,TRACKING_BUOY,228,-92
1785933291.008,2026-08-05 19:34:51,GUIDED,True,-7.9262406,112.5948463,154.63,0.0,0.0,TRACKING_BUOY,228,-92
1785933291.150,2026-08-05 19:34:51,GUIDED,True,-7.9262404,112.5948466,154.62,0.0,0.0,TRACKING_BUOY,231,-89
1785933291.303,2026-08-05 19:34:51,GUIDED,True,-7.9262403,112.5948467,154.62,0.0,0.0,TRACKING_BUOY,245,-75
1785933291.454,2026-08-05 19:34:51,GUIDED,True,-7.9262406,112.594847,154.62,0.0,0.0,TRACKING_BUOY,260,-60
1785933291.604,2026-08-05 19:34:51,GUIDED,True,-7.9262405,112.5948469,154.62,0.0,0.0,TRACKING_BUOY,278,-42
1785933291.746,2026-08-05 19:34:51,GUIDED,True,-7.9262403,112.5948467,154.61,0.0,0.0,TRACKING_BUOY,298,-22
1785933291.883,2026-08-05 19:34:51,GUIDED,True,-7.9262402,112.5948466,154.61,0.0,0.0,TRACKING_BUOY,326,6
1785933292.022,2026-08-05 19:34:52,GUIDED,True,-7.9262404,112.5948466,154.61,0.0,0.0,TRACKING_BUOY,340,20
1785933292.165,2026-08-05 19:34:52,GUIDED,True,-7.9262408,112.5948465,154.59,0.0,0.0,TRACKING_BUOY,351,31
1785933292.304,2026-08-05 19:34:52,GUIDED,True,-7.9262411,112.5948466,154.58,0.0,0.0,TRACKING_BUOY,358,38
1785933292.462,2026-08-05 19:34:52,GUIDED,True,-7.9262416,112.5948466,154.57,0.0,0.0,TRACKING_BUOY,362,42
1785933292.606,2026-08-05 19:34:52,GUIDED,True,-7.9262419,112.5948466,154.57,0.0,0.0,TRACKING_BUOY,363,43
1785933292.746,2026-08-05 19:34:52,GUIDED,True,-7.9262424,112.5948464,154.58,0.0,0.0,TRACKING_BUOY,362,42
1785933292.888,2026-08-05 19:34:52,GUIDED,True,-7.9262426,112.5948464,154.58,0.0,0.0,TRACKING_BUOY,362,42
1785933293.024,2026-08-05 19:34:53,GUIDED,True,-7.9262428,112.5948462,154.56,0.0,0.0,TRACKING_BUOY,361,41
1785933293.167,2026-08-05 19:34:53,GUIDED,True,-7.9262428,112.5948458,154.54,0.0,0.0,TRACKING_BUOY,360,40
1785933293.306,2026-08-05 19:34:53,GUIDED,True,-7.9262428,112.5948455,154.54,0.0,0.0,TRACKING_BUOY,351,31
1785933293.443,2026-08-05 19:34:53,GUIDED,True,-7.9262428,112.5948451,154.54,0.0,0.0,TRACKING_BUOY,332,12
1785933293.591,2026-08-05 19:34:53,GUIDED,True,-7.9262428,112.5948449,154.54,0.0,0.0,TRACKING_BUOY,308,-12
1785933293.735,2026-08-05 19:34:53,GUIDED,True,-7.9262427,112.5948444,154.53,0.0,0.0,TRACKING_BUOY,285,-35
1785933293.876,2026-08-05 19:34:53,GUIDED,True,-7.9262427,112.5948442,154.53,0.0,0.0,TRACKING_BUOY,264,-56
1785933294.014,2026-08-05 19:34:54,GUIDED,True,-7.9262425,112.5948437,154.52,0.0,0.0,TRACKING_BUOY,246,-74
1785933294.162,2026-08-05 19:34:54,GUIDED,True,-7.9262424,112.5948433,154.53,0.0,0.0,TRACKING_BUOY,242,-78
1785933294.307,2026-08-05 19:34:54,GUIDED,True,-7.9262422,112.5948429,154.53,0.0,0.0,TRACKING_BUOY,239,-81
1785933294.455,2026-08-05 19:34:54,GUIDED,True,-7.9262423,112.5948426,154.53,0.0,0.0,TRACKING_BUOY,240,-80
1785933294.593,2026-08-05 19:34:54,GUIDED,True,-7.9262424,112.5948424,154.53,0.0,0.0,TRACKING_BUOY,241,-79
1785933294.731,2026-08-05 19:34:54,GUIDED,True,-7.9262427,112.5948421,154.52,0.0,0.0,TRACKING_BUOY,240,-80
1785933294.873,2026-08-05 19:34:54,GUIDED,True,-7.9262428,112.594842,154.52,0.0,0.0,TRACKING_BUOY,242,-78
1785933295.017,2026-08-05 19:34:55,GUIDED,True,-7.9262429,112.5948419,154.51,0.0,0.0,TRACKING_BUOY,243,-77
1785933295.171,2026-08-05 19:34:55,GUIDED,True,-7.926243,112.5948416,154.51,0.0,0.0,TRACKING_BUOY,242,-78
1785933295.321,2026-08-05 19:34:55,GUIDED,True,-7.926243,112.5948413,154.52,0.0,0.0,TRACKING_BUOY,242,-78
1785933295.460,2026-08-05 19:34:55,GUIDED,True,-7.9262431,112.5948412,154.51,0.0,0.0,TRACKING_BUOY,244,-76
1785933295.607,2026-08-05 19:34:55,GUIDED,True,-7.926243,112.5948411,154.51,0.0,0.0,TRACKING_BUOY,245,-75
1785933295.745,2026-08-05 19:34:55,GUIDED,True,-7.9262427,112.5948407,154.5,0.0,0.0,TRACKING_BUOY,247,-73
1785933295.884,2026-08-05 19:34:55,GUIDED,True,-7.9262425,112.5948405,154.49,0.0,0.0,TRACKING_BUOY,249,-71
1785933296.020,2026-08-05 19:34:56,GUIDED,True,-7.9262423,112.5948402,154.5,0.0,0.0,TRACKING_BUOY,251,-69
1785933296.164,2026-08-05 19:34:56,GUIDED,True,-7.9262419,112.5948397,154.49,0.0,0.0,TRACKING_BUOY,260,-60
1785933296.324,2026-08-05 19:34:56,GUIDED,True,-7.9262415,112.5948393,154.49,0.0,0.0,TRACKING_BUOY,274,-46
1785933296.500,2026-08-05 19:34:56,GUIDED,True,-7.9262414,112.5948391,154.49,0.0,0.0,TRACKING_BUOY,291,-29
1785933296.644,2026-08-05 19:34:56,GUIDED,True,-7.9262414,112.5948389,154.48,0.0,0.0,TRACKING_BUOY,320,0
1785933296.780,2026-08-05 19:34:56,GUIDED,True,-7.9262414,112.5948388,154.48,0.0,0.0,TRACKING_BUOY,340,20
1785933296.918,2026-08-05 19:34:56,GUIDED,True,-7.9262412,112.5948385,154.49,0.0,0.0,TRACKING_BUOY,359,39
1785933297.088,2026-08-05 19:34:57,GUIDED,True,-7.9262411,112.5948383,154.48,0.0,0.0,TRACKING_BUOY,373,53
1785933297.266,2026-08-05 19:34:57,GUIDED,True,-7.9262407,112.5948378,154.48,0.0,0.0,TRACKING_BUOY,380,60
1785933297.446,2026-08-05 19:34:57,GUIDED,True,-7.9262402,112.5948373,154.49,0.0,0.0,TRACKING_BUOY,380,60
1785933297.652,2026-08-05 19:34:57,GUIDED,True,-7.9262396,112.5948368,154.49,0.0,0.0,TRACKING_BUOY,376,56
1785933297.793,2026-08-05 19:34:57,GUIDED,True,-7.9262393,112.5948366,154.49,0.0,0.0,TRACKING_BUOY,372,52
1785933297.950,2026-08-05 19:34:57,GUIDED,True,-7.9262388,112.5948363,154.49,0.0,0.0,TRACKING_BUOY,371,51
1785933298.093,2026-08-05 19:34:58,GUIDED,True,-7.9262386,112.5948361,154.49,0.0,0.0,TRACKING_BUOY,368,48
1785933298.231,2026-08-05 19:34:58,GUIDED,True,-7.9262381,112.594836,154.47,0.0,0.0,TRACKING_BUOY,367,47
1785933298.375,2026-08-05 19:34:58,GUIDED,True,-7.9262378,112.5948358,154.47,0.0,0.0,TRACKING_BUOY,366,46
1785933298.513,2026-08-05 19:34:58,GUIDED,True,-7.9262371,112.5948355,154.46,0.0,0.0,TRACKING_BUOY,366,46
1785933298.653,2026-08-05 19:34:58,GUIDED,True,-7.9262367,112.5948353,154.47,0.0,0.0,TRACKING_BUOY,367,47
1785933298.805,2026-08-05 19:34:58,GUIDED,True,-7.9262362,112.5948351,154.46,0.0,0.0,TRACKING_BUOY,366,46
1785933298.943,2026-08-05 19:34:58,GUIDED,True,-7.9262354,112.5948349,154.46,0.0,0.0,TRACKING_BUOY,364,44
1785933299.081,2026-08-05 19:34:59,GUIDED,True,-7.9262348,112.5948347,154.46,0.0,0.0,TRACKING_BUOY,362,42
1785933299.223,2026-08-05 19:34:59,GUIDED,True,-7.9262346,112.5948346,154.44,0.0,0.0,TRACKING_BUOY,360,40
1785933299.364,2026-08-05 19:34:59,GUIDED,True,-7.9262345,112.5948345,154.44,0.0,0.0,TRACKING_BUOY,361,41
1785933299.505,2026-08-05 19:34:59,GUIDED,True,-7.9262344,112.5948345,154.44,0.0,0.0,TRACKING_BUOY,357,37
1785933299.654,2026-08-05 19:34:59,GUIDED,True,-7.9262345,112.5948346,154.43,0.0,0.0,TRACKING_BUOY,351,31
1785933299.797,2026-08-05 19:34:59,GUIDED,True,-7.9262345,112.5948346,154.43,0.0,0.0,TRACKING_BUOY,341,21
1785933299.937,2026-08-05 19:34:59,GUIDED,True,-7.9262346,112.5948348,154.4,0.0,0.0,TRACKING_BUOY,327,7
1785933300.075,2026-08-05 19:35:00,GUIDED,True,-7.9262346,112.5948349,154.4,0.0,0.0,TRACKING_BUOY,303,-17
1785933300.223,2026-08-05 19:35:00,GUIDED,True,-7.9262349,112.5948352,154.38,0.0,0.0,TRACKING_BUOY,288,-32
1785933300.365,2026-08-05 19:35:00,GUIDED,True,-7.926235,112.5948353,154.39,0.0,0.0,TRACKING_BUOY,273,-47
1785933300.502,2026-08-05 19:35:00,GUIDED,True,-7.9262351,112.5948354,154.38,0.0,0.0,TRACKING_BUOY,262,-58
1785933300.645,2026-08-05 19:35:00,GUIDED,True,-7.9262352,112.5948357,154.38,0.0,0.0,TRACKING_BUOY,253,-67
1785933300.783,2026-08-05 19:35:00,GUIDED,True,-7.9262353,112.5948359,154.38,0.0,0.0,TRACKING_BUOY,251,-69
1785933300.924,2026-08-05 19:35:00,GUIDED,True,-7.9262354,112.5948362,154.37,0.0,0.0,TRACKING_BUOY,251,-69
1785933301.061,2026-08-05 19:35:01,GUIDED,True,-7.9262355,112.5948363,154.36,0.0,0.0,TRACKING_BUOY,250,-70
1785933301.208,2026-08-05 19:35:01,GUIDED,True,-7.9262355,112.5948364,154.36,0.0,0.0,TRACKING_BUOY,251,-69
1785933301.349,2026-08-05 19:35:01,GUIDED,True,-7.9262356,112.5948366,154.35,0.0,0.0,TRACKING_BUOY,252,-68
1785933301.514,2026-08-05 19:35:01,GUIDED,True,-7.9262357,112.5948369,154.35,0.0,0.0,TRACKING_BUOY,252,-68
1785933301.659,2026-08-05 19:35:01,GUIDED,True,-7.9262357,112.594837,154.34,0.0,0.0,TRACKING_BUOY,251,-69
1785933301.798,2026-08-05 19:35:01,GUIDED,True,-7.9262358,112.5948372,154.33,0.0,0.0,TRACKING_BUOY,248,-72
1785933301.937,2026-08-05 19:35:01,GUIDED,True,-7.9262361,112.5948376,154.33,0.0,0.0,TRACKING_BUOY,244,-76
1785933302.076,2026-08-05 19:35:02,GUIDED,True,-7.9262364,112.5948377,154.31,0.0,0.0,TRACKING_BUOY,241,-79
1785933302.214,2026-08-05 19:35:02,GUIDED,True,-7.9262366,112.594838,154.31,0.0,0.0,TRACKING_BUOY,240,-80
1785933302.358,2026-08-05 19:35:02,GUIDED,True,-7.9262368,112.5948382,154.31,0.0,0.0,TRACKING_BUOY,240,-80
1785933302.498,2026-08-05 19:35:02,GUIDED,True,-7.926237,112.5948383,154.3,0.0,0.0,TRACKING_BUOY,241,-79
1785933302.638,2026-08-05 19:35:02,GUIDED,True,-7.9262373,112.5948385,154.3,0.0,0.0,TRACKING_BUOY,242,-78
1785933302.778,2026-08-05 19:35:02,GUIDED,True,-7.9262375,112.5948386,154.3,0.0,0.0,TRACKING_BUOY,243,-77
1785933302.922,2026-08-05 19:35:02,GUIDED,True,-7.9262378,112.5948389,154.29,0.0,0.0,TRACKING_BUOY,523,203
1785933303.066,2026-08-05 19:35:03,GUIDED,True,-7.926238,112.594839,154.29,0.0,0.0,TRACKING_BUOY,244,-76
1785933303.208,2026-08-05 19:35:03,GUIDED,True,-7.9262382,112.5948391,154.29,0.0,0.0,TRACKING_BUOY,528,208
1785933303.346,2026-08-05 19:35:03,GUIDED,True,-7.926239,112.5948395,154.31,0.0,0.0,TRACKING_BUOY,246,-74
1785933303.487,2026-08-05 19:35:03,GUIDED,True,-7.9262393,112.5948396,154.3,0.0,0.0,TRACKING_BUOY,250,-70
1785933303.625,2026-08-05 19:35:03,GUIDED,True,-7.9262399,112.59484,154.31,0.0,0.0,TRACKING_BUOY,536,216
1785933303.767,2026-08-05 19:35:03,GUIDED,True,-7.9262402,112.5948402,154.31,0.0,0.0,TRACKING_BUOY,537,217
1785933303.907,2026-08-05 19:35:03,GUIDED,True,-7.9262405,112.5948403,154.32,0.0,0.0,TRACKING_BUOY,536,216
1785933304.045,2026-08-05 19:35:04,GUIDED,True,-7.9262409,112.5948403,154.32,0.0,0.0,TRACKING_BUOY,536,216
1785933304.182,2026-08-05 19:35:04,GUIDED,True,-7.9262408,112.5948404,154.31,0.0,0.0,TRACKING_BUOY,537,217
1785933304.324,2026-08-05 19:35:04,GUIDED,True,-7.9262408,112.5948406,154.3,0.0,0.0,TRACKING_BUOY,536,216
1785933304.470,2026-08-05 19:35:04,GUIDED,True,-7.9262409,112.5948407,154.29,0.0,0.0,TRACKING_BUOY,537,217
1785933304.607,2026-08-05 19:35:04,GUIDED,True,-7.9262411,112.5948409,154.29,0.0,0.0,TRACKING_BUOY,262,-58
1785933304.745,2026-08-05 19:35:04,GUIDED,True,-7.9262414,112.5948411,154.3,0.0,0.0,TRACKING_BUOY,262,-58
1785933304.885,2026-08-05 19:35:04,GUIDED,True,-7.9262415,112.5948412,154.3,0.0,0.0,TRACKING_BUOY,540,220
1785933305.020,2026-08-05 19:35:05,GUIDED,True,-7.9262416,112.5948414,154.3,0.0,0.0,TRACKING_BUOY,542,222
1785933305.179,2026-08-05 19:35:05,GUIDED,True,-7.9262416,112.5948416,154.29,0.0,0.0,TRACKING_BUOY,,
1785933305.320,2026-08-05 19:35:05,GUIDED,True,-7.9262417,112.5948422,154.29,0.0,0.0,TRACKING_BUOY,,
1785933305.464,2026-08-05 19:35:05,GUIDED,True,-7.9262418,112.5948425,154.3,0.0,0.0,TRACKING_BUOY,135,-185
1785933305.599,2026-08-05 19:35:05,GUIDED,True,-7.9262422,112.594843,154.3,0.0,0.0,TRACKING_BUOY,,
1785933305.748,2026-08-05 19:35:05,GUIDED,True,-7.9262429,112.5948439,154.32,0.0,0.0,TRACKING_BUOY,145,-175
1785933305.883,2026-08-05 19:35:05,GUIDED,True,-7.9262432,112.5948443,154.32,0.0,0.0,TRACKING_BUOY,530,210
1785933306.021,2026-08-05 19:35:06,GUIDED,True,-7.9262438,112.594845,154.32,0.0,0.0,TRACKING_BUOY,262,-58
1785933306.160,2026-08-05 19:35:06,GUIDED,True,-7.926244,112.5948453,154.32,0.0,0.0,TRACKING_BUOY,278,-42
1785933306.309,2026-08-05 19:35:06,GUIDED,True,-7.9262441,112.5948456,154.32,0.0,0.0,TRACKING_BUOY,290,-30
1785933306.490,2026-08-05 19:35:06,GUIDED,True,-7.9262442,112.5948462,154.32,0.0,0.0,TRACKING_BUOY,295,-25
1785933306.644,2026-08-05 19:35:06,GUIDED,True,-7.9262444,112.594847,154.31,0.0,0.0,TRACKING_BUOY,293,-27
1785933306.778,2026-08-05 19:35:06,GUIDED,True,-7.9262448,112.5948474,154.3,0.0,0.0,TRACKING_BUOY,292,-28
1785933306.922,2026-08-05 19:35:06,GUIDED,True,-7.9262455,112.594848,154.3,0.0,0.0,TRACKING_BUOY,284,-36
1785933307.067,2026-08-05 19:35:07,GUIDED,True,-7.9262459,112.5948483,154.3,0.0,0.0,TRACKING_BUOY,274,-46
1785933307.213,2026-08-05 19:35:07,GUIDED,True,-7.9262466,112.5948488,154.29,0.0,0.0,TRACKING_BUOY,255,-65
1785933307.358,2026-08-05 19:35:07,GUIDED,True,-7.9262468,112.5948491,154.3,0.0,0.0,TRACKING_BUOY,241,-79
1785933307.500,2026-08-05 19:35:07,GUIDED,True,-7.9262471,112.5948494,154.31,0.0,0.0,TRACKING_BUOY,231,-89
1785933307.634,2026-08-05 19:35:07,GUIDED,True,-7.9262476,112.5948499,154.31,0.0,0.0,TRACKING_BUOY,221,-99
1785933307.783,2026-08-05 19:35:07,GUIDED,True,-7.9262478,112.59485,154.31,0.0,0.0,TRACKING_BUOY,215,-105
1785933307.925,2026-08-05 19:35:07,GUIDED,True,-7.9262481,112.5948501,154.31,0.0,0.0,TRACKING_BUOY,214,-106
1785933308.064,2026-08-05 19:35:08,GUIDED,True,-7.9262485,112.5948502,154.32,0.0,0.0,TRACKING_BUOY,215,-105
1785933308.200,2026-08-05 19:35:08,GUIDED,True,-7.9262485,112.5948502,154.32,0.0,0.0,TRACKING_BUOY,227,-93
1785933308.343,2026-08-05 19:35:08,GUIDED,True,-7.9262486,112.5948502,154.33,0.0,0.0,TRACKING_BUOY,240,-80
1785933308.480,2026-08-05 19:35:08,GUIDED,True,-7.9262487,112.5948501,154.33,0.0,0.0,TRACKING_BUOY,260,-60
1785933308.619,2026-08-05 19:35:08,GUIDED,True,-7.9262488,112.5948498,154.32,0.0,0.0,TRACKING_BUOY,287,-33
1785933308.765,2026-08-05 19:35:08,GUIDED,True,-7.9262488,112.5948494,154.31,0.0,0.0,TRACKING_BUOY,314,-6
1785933308.923,2026-08-05 19:35:08,GUIDED,True,-7.9262489,112.5948488,154.31,0.0,0.0,TRACKING_BUOY,333,13
1785933309.060,2026-08-05 19:35:09,GUIDED,True,-7.926249,112.5948485,154.31,0.0,0.0,TRACKING_BUOY,363,43
1785933309.205,2026-08-05 19:35:09,GUIDED,True,-7.9262489,112.5948481,154.32,0.0,0.0,TRACKING_BUOY,376,56
1785933309.344,2026-08-05 19:35:09,GUIDED,True,-7.9262486,112.5948472,154.32,0.0,0.0,TRACKING_BUOY,381,61
1785933309.488,2026-08-05 19:35:09,GUIDED,True,-7.9262485,112.5948468,154.31,0.0,0.0,TRACKING_BUOY,385,65
1785933309.628,2026-08-05 19:35:09,GUIDED,True,-7.9262482,112.5948459,154.31,0.0,0.0,TRACKING_BUOY,385,65
1785933309.775,2026-08-05 19:35:09,GUIDED,True,-7.9262479,112.5948453,154.31,0.0,0.0,TRACKING_BUOY,385,65
1785933309.923,2026-08-05 19:35:09,GUIDED,True,-7.9262474,112.5948442,154.32,0.0,0.0,TRACKING_BUOY,383,63
1785933310.060,2026-08-05 19:35:10,GUIDED,True,-7.9262472,112.5948437,154.31,0.0,0.0,TRACKING_BUOY,382,62
1785933310.198,2026-08-05 19:35:10,GUIDED,True,-7.9262471,112.5948433,154.32,0.0,0.0,TRACKING_BUOY,383,63
1785933310.345,2026-08-05 19:35:10,GUIDED,True,-7.926247,112.5948421,154.33,0.0,0.0,TRACKING_BUOY,383,63
1785933310.490,2026-08-05 19:35:10,GUIDED,True,-7.926247,112.5948416,154.32,0.0,0.0,TRACKING_BUOY,382,62
1785933310.634,2026-08-05 19:35:10,GUIDED,True,-7.9262468,112.5948406,154.32,0.0,0.0,TRACKING_BUOY,380,60
1785933310.775,2026-08-05 19:35:10,GUIDED,True,-7.9262468,112.5948402,154.32,0.0,0.0,TRACKING_BUOY,378,58
1785933310.913,2026-08-05 19:35:10,GUIDED,True,-7.926247,112.5948396,154.31,0.0,0.0,TRACKING_BUOY,377,57
1785933311.054,2026-08-05 19:35:11,GUIDED,True,-7.9262472,112.5948393,154.3,0.0,0.0,TRACKING_BUOY,377,57
1785933311.197,2026-08-05 19:35:11,GUIDED,True,-7.9262472,112.5948391,154.29,0.0,0.0,TRACKING_BUOY,379,59
1785933311.338,2026-08-05 19:35:11,GUIDED,True,-7.9262474,112.5948386,154.29,0.0,0.0,TRACKING_BUOY,378,58
1785933311.475,2026-08-05 19:35:11,GUIDED,True,-7.9262476,112.5948384,154.3,0.0,0.0,TRACKING_BUOY,379,59
1785933311.647,2026-08-05 19:35:11,GUIDED,True,-7.9262478,112.5948381,154.3,0.0,0.0,TRACKING_BUOY,378,58
1785933311.791,2026-08-05 19:35:11,GUIDED,True,-7.9262481,112.594838,154.29,0.0,0.0,TRACKING_BUOY,375,55
1785933311.927,2026-08-05 19:35:11,GUIDED,True,-7.9262485,112.5948378,154.3,0.0,0.0,TRACKING_BUOY,362,42
1785933312.065,2026-08-05 19:35:12,GUIDED,True,-7.9262487,112.5948377,154.29,0.0,0.0,TRACKING_BUOY,350,30
1785933312.205,2026-08-05 19:35:12,GUIDED,True,-7.9262489,112.5948375,154.28,0.0,0.0,TRACKING_BUOY,333,13
1785933312.351,2026-08-05 19:35:12,GUIDED,True,-7.926249,112.5948374,154.29,0.0,0.0,TRACKING_BUOY,312,-8
1785933312.490,2026-08-05 19:35:12,GUIDED,True,-7.9262491,112.5948373,154.29,0.0,0.0,TRACKING_BUOY,291,-29
1785933312.629,2026-08-05 19:35:12,GUIDED,True,-7.9262486,112.5948371,154.31,0.0,0.0,TRACKING_BUOY,271,-49
1785933312.773,2026-08-05 19:35:12,GUIDED,True,-7.9262484,112.5948371,154.32,0.0,0.0,TRACKING_BUOY,258,-62
1785933312.912,2026-08-05 19:35:12,GUIDED,True,-7.9262479,112.5948371,154.31,0.0,0.0,TRACKING_BUOY,248,-72
1785933313.053,2026-08-05 19:35:13,GUIDED,True,-7.9262476,112.594837,154.3,0.0,0.0,TRACKING_BUOY,240,-80
1785933313.196,2026-08-05 19:35:13,GUIDED,True,-7.9262473,112.5948369,154.3,0.0,0.0,TRACKING_BUOY,238,-82
1785933313.337,2026-08-05 19:35:13,GUIDED,True,-7.9262467,112.5948366,154.3,0.0,0.0,TRACKING_BUOY,239,-81
1785933313.473,2026-08-05 19:35:13,GUIDED,True,-7.9262465,112.5948365,154.29,0.0,0.0,TRACKING_BUOY,240,-80
1785933313.611,2026-08-05 19:35:13,GUIDED,True,-7.9262457,112.5948363,154.28,0.0,0.0,TRACKING_BUOY,243,-77
1785933313.756,2026-08-05 19:35:13,GUIDED,True,-7.9262454,112.5948362,154.28,0.0,0.0,TRACKING_BUOY,244,-76
1785933313.901,2026-08-05 19:35:13,GUIDED,True,-7.9262452,112.5948361,154.29,0.0,0.0,TRACKING_BUOY,245,-75
1785933314.043,2026-08-05 19:35:14,GUIDED,True,-7.9262448,112.594836,154.28,0.0,0.0,TRACKING_BUOY,245,-75
1785933314.181,2026-08-05 19:35:14,GUIDED,True,-7.9262443,112.5948358,154.28,0.0,0.0,TRACKING_BUOY,248,-72
1785933314.325,2026-08-05 19:35:14,GUIDED,True,-7.9262438,112.5948355,154.27,0.0,0.0,TRACKING_BUOY,253,-67
1785933314.462,2026-08-05 19:35:14,GUIDED,True,-7.9262437,112.5948353,154.27,0.0,0.0,TRACKING_BUOY,263,-57
1785933314.598,2026-08-05 19:35:14,GUIDED,True,-7.9262433,112.5948351,154.28,0.0,0.0,TRACKING_BUOY,270,-50
1785933314.740,2026-08-05 19:35:14,GUIDED,True,-7.9262426,112.5948346,154.28,0.0,0.0,TRACKING_BUOY,277,-43
1785933314.880,2026-08-05 19:35:14,GUIDED,True,-7.9262422,112.5948343,154.27,0.0,0.0,TRACKING_BUOY,286,-34
1785933315.030,2026-08-05 19:35:15,GUIDED,True,-7.9262412,112.5948336,154.26,0.0,0.0,TRACKING_BUOY,292,-28
1785933315.177,2026-08-05 19:35:15,GUIDED,True,-7.9262407,112.5948334,154.28,0.0,0.0,TRACKING_BUOY,298,-22
1785933315.324,2026-08-05 19:35:15,GUIDED,True,-7.9262398,112.5948329,154.28,0.0,0.0,TRACKING_BUOY,303,-17
1785933315.476,2026-08-05 19:35:15,GUIDED,True,-7.9262394,112.5948327,154.29,0.0,0.0,TRACKING_BUOY,308,-12
1785933315.621,2026-08-05 19:35:15,GUIDED,True,-7.9262388,112.5948323,154.28,0.0,0.0,TRACKING_BUOY,309,-11
1785933315.764,2026-08-05 19:35:15,GUIDED,True,-7.9262386,112.5948322,154.28,0.0,0.0,TRACKING_BUOY,311,-9
1785933315.911,2026-08-05 19:35:15,GUIDED,True,-7.9262383,112.5948321,154.28,0.0,0.0,TRACKING_BUOY,312,-8
1785933316.052,2026-08-05 19:35:16,GUIDED,True,-7.9262382,112.594832,154.27,0.0,0.0,TRACKING_BUOY,315,-5
1785933316.203,2026-08-05 19:35:16,GUIDED,True,-7.9262381,112.594832,154.27,0.0,0.0,TRACKING_BUOY,318,-2
1785933316.347,2026-08-05 19:35:16,GUIDED,True,-7.9262379,112.5948319,154.26,0.0,0.0,TRACKING_BUOY,320,0
1785933316.515,2026-08-05 19:35:16,GUIDED,True,-7.9262379,112.5948317,154.26,0.0,0.0,TRACKING_BUOY,322,2
1785933316.660,2026-08-05 19:35:16,GUIDED,True,-7.9262378,112.5948316,154.25,0.0,0.0,TRACKING_BUOY,327,7
1785933316.823,2026-08-05 19:35:16,GUIDED,True,-7.9262377,112.5948314,154.26,0.0,0.0,TRACKING_BUOY,330,10
1785933316.962,2026-08-05 19:35:16,GUIDED,True,-7.9262374,112.5948312,154.26,0.0,0.0,TRACKING_BUOY,339,19
1785933317.106,2026-08-05 19:35:17,GUIDED,True,-7.9262371,112.594831,154.27,0.0,0.0,TRACKING_BUOY,344,24
1785933317.274,2026-08-05 19:35:17,GUIDED,True,-7.926237,112.5948309,154.27,0.0,0.0,TRACKING_BUOY,357,37
1785933317.518,2026-08-05 19:35:17,GUIDED,True,-7.9262373,112.5948307,154.24,0.0,0.0,TRACKING_BUOY,640,320
1785933317.686,2026-08-05 19:35:17,GUIDED,True,-7.9262375,112.5948307,154.23,0.0,0.0,TRACKING_BUOY,270,-50
1785933317.828,2026-08-05 19:35:17,GUIDED,True,-7.9262376,112.5948308,154.23,0.0,0.0,TRACKING_BUOY,266,-54
1785933317.968,2026-08-05 19:35:17,GUIDED,True,-7.9262378,112.5948308,154.23,0.0,0.0,TRACKING_BUOY,,
1785933318.102,2026-08-05 19:35:18,GUIDED,True,-7.926238,112.5948308,154.22,0.0,0.0,TRACKING_BUOY,,
1785933318.238,2026-08-05 19:35:18,GUIDED,True,-7.9262382,112.5948307,154.22,0.0,0.0,TRACKING_BUOY,,
1785933318.376,2026-08-05 19:35:18,GUIDED,True,-7.9262384,112.5948306,154.21,0.0,0.0,TRACKING_BUOY,,
1785933318.514,2026-08-05 19:35:18,GUIDED,True,-7.9262388,112.5948305,154.21,0.0,0.0,TRACKING_BUOY,,
1785933318.658,2026-08-05 19:35:18,GUIDED,True,-7.926239,112.5948305,154.21,0.0,0.0,TRACKING_BUOY,,
1785933318.796,2026-08-05 19:35:18,GUIDED,True,-7.9262391,112.5948302,154.2,0.0,0.0,TRACKING_BUOY,,
1785933318.987,2026-08-05 19:35:18,GUIDED,True,-7.9262393,112.5948295,154.19,0.0,0.0,TRACKING_BUOY,,
1785933319.129,2026-08-05 19:35:19,GUIDED,True,-7.9262393,112.5948287,154.18,0.0,0.0,TRACKING_BUOY,,
1785933319.270,2026-08-05 19:35:19,GUIDED,True,-7.9262393,112.5948282,154.17,0.0,0.0,TRACKING_BUOY,,
1785933319.414,2026-08-05 19:35:19,GUIDED,True,-7.9262395,112.5948276,154.16,0.0,0.0,TRACKING_BUOY,,
1785933319.558,2026-08-05 19:35:19,GUIDED,True,-7.9262397,112.5948274,154.15,0.0,0.0,TRACKING_BUOY,,
1785933319.779,2026-08-05 19:35:19,GUIDED,True,-7.9262402,112.5948271,154.15,0.0,0.0,TRACKING_BUOY,,
1785933319.929,2026-08-05 19:35:19,GUIDED,True,-7.9262407,112.5948272,154.14,0.0,0.0,TRACKING_BUOY,,
1785933320.077,2026-08-05 19:35:20,GUIDED,True,-7.9262412,112.5948273,154.14,0.0,0.0,TRACKING_BUOY,,
1785933320.294,2026-08-05 19:35:20,GUIDED,True,-7.9262418,112.5948276,154.13,0.0,0.0,TRACKING_BUOY,,
1785933320.497,2026-08-05 19:35:20,GUIDED,True,-7.9262426,112.5948279,154.13,0.0,0.0,TRACKING_BUOY,,
1785933320.646,2026-08-05 19:35:20,GUIDED,True,-7.9262434,112.5948285,154.12,0.0,0.0,TRACKING_BUOY,,
1785933320.788,2026-08-05 19:35:20,GUIDED,True,-7.926244,112.5948289,154.13,0.0,0.0,TRACKING_BUOY,,
1785933320.936,2026-08-05 19:35:20,GUIDED,True,-7.9262451,112.5948298,154.11,0.0,0.0,TRACKING_BUOY,,
1785933321.159,2026-08-05 19:35:21,GUIDED,True,-7.926246,112.5948304,154.1,0.0,0.0,TRACKING_BUOY,,
1785933321.611,2026-08-05 19:35:21,GUIDED,True,-7.9262478,112.5948318,154.1,0.0,0.0,TRACKING_BUOY,,
1785933321.747,2026-08-05 19:35:21,GUIDED,True,-7.9262483,112.5948324,154.09,0.0,0.0,TRACKING_BUOY,,
1785933321.901,2026-08-05 19:35:21,GUIDED,True,-7.9262488,112.5948328,154.1,0.0,0.0,TRACKING_BUOY,,
1785933322.034,2026-08-05 19:35:22,GUIDED,True,-7.9262497,112.5948338,154.09,0.0,0.0,TRACKING_BUOY,,
1785933322.179,2026-08-05 19:35:22,GUIDED,True,-7.92625,112.5948342,154.1,0.0,0.0,TRACKING_BUOY,,
1785933322.321,2026-08-05 19:35:22,GUIDED,True,-7.9262508,112.5948352,154.1,0.0,0.0,TRACKING_BUOY,,
1785933322.457,2026-08-05 19:35:22,GUIDED,True,-7.9262511,112.5948357,154.09,0.0,0.0,TRACKING_BUOY,,
1785933322.589,2026-08-05 19:35:22,GUIDED,True,-7.9262515,112.5948364,154.09,0.0,0.0,TRACKING_BUOY,,
1785933322.725,2026-08-05 19:35:22,GUIDED,True,-7.9262523,112.5948377,154.08,0.0,0.0,TRACKING_BUOY,,
1785933322.865,2026-08-05 19:35:22,GUIDED,True,-7.9262527,112.5948382,154.07,0.0,0.0,TRACKING_BUOY,,
1785933323.001,2026-08-05 19:35:23,GUIDED,True,-7.9262531,112.5948389,154.06,0.0,0.0,TRACKING_BUOY,,
1785933323.141,2026-08-05 19:35:23,GUIDED,True,-7.9262539,112.5948401,154.06,0.0,0.0,TRACKING_BUOY,,
1785933323.276,2026-08-05 19:35:23,GUIDED,True,-7.9262542,112.5948407,154.05,0.0,0.0,TRACKING_BUOY,,
1785933323.413,2026-08-05 19:35:23,GUIDED,True,-7.9262551,112.5948425,154.04,0.0,0.0,TRACKING_BUOY,,
1785933323.557,2026-08-05 19:35:23,GUIDED,True,-7.9262558,112.5948437,154.03,0.0,0.0,TRACKING_BUOY,,
1785933323.689,2026-08-05 19:35:23,GUIDED,True,-7.9262565,112.5948446,154.02,0.0,0.0,TRACKING_BUOY,,
1785933323.828,2026-08-05 19:35:23,GUIDED,True,-7.9262579,112.5948467,154.0,0.0,0.0,TRACKING_BUOY,,
1785933323.959,2026-08-05 19:35:23,GUIDED,True,-7.9262587,112.5948478,154.01,0.0,0.0,TRACKING_BUOY,,
1785933324.092,2026-08-05 19:35:24,GUIDED,True,-7.9262594,112.5948487,154.0,0.0,0.0,TRACKING_BUOY,,
1785933324.226,2026-08-05 19:35:24,GUIDED,True,-7.9262608,112.5948506,153.99,0.0,0.0,TRACKING_BUOY,,
1785933324.362,2026-08-05 19:35:24,GUIDED,True,-7.9262615,112.5948515,153.98,0.0,0.0,TRACKING_BUOY,,
1785933324.501,2026-08-05 19:35:24,GUIDED,True,-7.9262621,112.5948522,153.98,0.0,0.0,TRACKING_BUOY,,
1785933324.637,2026-08-05 19:35:24,GUIDED,True,-7.9262633,112.5948537,153.98,0.0,0.0,TRACKING_BUOY,,
1785933324.771,2026-08-05 19:35:24,GUIDED,True,-7.9262638,112.5948545,153.97,0.0,0.0,TRACKING_BUOY,,
1785933324.903,2026-08-05 19:35:24,GUIDED,True,-7.9262644,112.5948552,153.96,0.0,0.0,TRACKING_BUOY,,
1785933325.037,2026-08-05 19:35:25,GUIDED,True,-7.9262654,112.5948567,153.95,0.0,0.0,TRACKING_BUOY,,
1785933325.176,2026-08-05 19:35:25,GUIDED,True,-7.9262658,112.5948572,153.95,0.0,0.0,TRACKING_BUOY,,
1785933325.305,2026-08-05 19:35:25,GUIDED,True,-7.9262663,112.5948578,153.94,0.0,0.0,TRACKING_BUOY,,
1785933325.433,2026-08-05 19:35:25,GUIDED,True,-7.9262672,112.594859,153.93,0.0,0.0,TRACKING_BUOY,,
1785933325.563,2026-08-05 19:35:25,GUIDED,True,-7.9262675,112.5948595,153.92,0.0,0.0,TRACKING_BUOY,,
1785933325.698,2026-08-05 19:35:25,GUIDED,True,-7.9262678,112.5948599,153.92,0.0,0.0,TRACKING_BUOY,,
1785933325.828,2026-08-05 19:35:25,GUIDED,True,-7.9262682,112.5948606,153.9,0.0,0.0,TRACKING_BUOY,607,287
1785933325.971,2026-08-05 19:35:25,GUIDED,True,-7.9262683,112.5948609,153.89,0.0,0.0,TRACKING_BUOY,,
1785933326.100,2026-08-05 19:35:26,GUIDED,True,-7.9262685,112.5948613,153.89,0.0,0.0,TRACKING_BUOY,607,287
1785933326.232,2026-08-05 19:35:26,GUIDED,True,-7.9262688,112.5948618,153.89,0.0,0.0,TRACKING_BUOY,,
1785933326.369,2026-08-05 19:35:26,GUIDED,True,-7.9262689,112.5948621,153.88,0.0,0.0,TRACKING_BUOY,,
1785933326.505,2026-08-05 19:35:26,GUIDED,True,-7.926269,112.5948624,153.88,0.0,0.0,TRACKING_BUOY,,
1785933326.641,2026-08-05 19:35:26,GUIDED,True,-7.9262691,112.5948627,153.87,0.0,0.0,TRACKING_BUOY,,
1785933326.768,2026-08-05 19:35:26,GUIDED,True,-7.9262691,112.5948627,153.85,0.0,0.0,TRACKING_BUOY,,
1785933326.912,2026-08-05 19:35:26,GUIDED,True,-7.9262689,112.5948627,153.84,0.0,0.0,TRACKING_BUOY,,
1785933327.040,2026-08-05 19:35:27,GUIDED,True,-7.9262688,112.5948627,153.84,0.0,0.0,TRACKING_BUOY,,
1785933327.177,2026-08-05 19:35:27,GUIDED,True,-7.9262686,112.5948626,153.83,0.0,0.0,TRACKING_BUOY,,
1785933327.307,2026-08-05 19:35:27,GUIDED,True,-7.9262684,112.5948625,153.83,0.0,0.0,TRACKING_BUOY,,
1785933327.436,2026-08-05 19:35:27,GUIDED,True,-7.9262678,112.5948623,153.82,0.0,0.0,TRACKING_BUOY,,
1785933327.566,2026-08-05 19:35:27,GUIDED,True,-7.9262674,112.594862,153.81,0.0,0.0,TRACKING_BUOY,,
1785933327.692,2026-08-05 19:35:27,GUIDED,True,-7.9262671,112.5948619,153.8,0.0,0.0,TRACKING_BUOY,,
1785933327.821,2026-08-05 19:35:27,GUIDED,True,-7.9262664,112.5948616,153.8,0.0,0.0,TRACKING_BUOY,,
1785933327.955,2026-08-05 19:35:27,GUIDED,True,-7.926266,112.5948614,153.8,0.0,0.0,TRACKING_BUOY,,
1785933328.085,2026-08-05 19:35:28,GUIDED,True,-7.9262657,112.5948613,153.8,0.0,0.0,TRACKING_BUOY,,
1785933328.217,2026-08-05 19:35:28,GUIDED,True,-7.9262648,112.5948607,153.8,0.0,0.0,TRACKING_BUOY,,
1785933328.346,2026-08-05 19:35:28,GUIDED,True,-7.926264,112.5948601,153.79,0.0,0.0,TRACKING_BUOY,,
1785933328.477,2026-08-05 19:35:28,GUIDED,True,-7.9262634,112.5948596,153.78,0.0,0.0,TRACKING_BUOY,,
1785933328.607,2026-08-05 19:35:28,GUIDED,True,-7.9262625,112.5948589,153.78,0.0,0.0,TRACKING_BUOY,,
1785933328.734,2026-08-05 19:35:28,GUIDED,True,-7.9262609,112.5948578,153.77,0.0,0.0,TRACKING_BUOY,,
1785933328.866,2026-08-05 19:35:28,GUIDED,True,-7.9262602,112.5948573,153.76,0.0,0.0,TRACKING_BUOY,,
1785933329.012,2026-08-05 19:35:29,GUIDED,True,-7.9262594,112.5948567,153.75,0.0,0.0,TRACKING_BUOY,,
1785933329.145,2026-08-05 19:35:29,GUIDED,True,-7.9262582,112.5948558,153.75,0.0,0.0,TRACKING_BUOY,,
1785933329.275,2026-08-05 19:35:29,GUIDED,True,-7.9262576,112.5948554,153.74,0.0,0.0,TRACKING_BUOY,,
1785933329.410,2026-08-05 19:35:29,GUIDED,True,-7.9262563,112.5948546,153.74,0.0,0.0,TRACKING_BUOY,,
1785933329.546,2026-08-05 19:35:29,GUIDED,True,-7.9262556,112.5948542,153.73,0.0,0.0,TRACKING_BUOY,,
1785933329.681,2026-08-05 19:35:29,GUIDED,True,-7.9262551,112.5948538,153.71,0.0,0.0,TRACKING_BUOY,607,287
1785933329.810,2026-08-05 19:35:29,GUIDED,True,-7.9262545,112.5948535,153.71,0.0,0.0,TRACKING_BUOY,,
1785933329.950,2026-08-05 19:35:29,GUIDED,True,-7.9262534,112.5948527,153.7,0.0,0.0,TRACKING_BUOY,607,287
1785933330.083,2026-08-05 19:35:30,GUIDED,True,-7.9262529,112.5948523,153.7,0.0,0.0,TRACKING_BUOY,,
1785933330.214,2026-08-05 19:35:30,GUIDED,True,-7.9262519,112.5948517,153.7,0.0,0.0,TRACKING_BUOY,,
1785933330.347,2026-08-05 19:35:30,GUIDED,True,-7.9262515,112.5948514,153.69,0.0,0.0,TRACKING_BUOY,,
1785933330.483,2026-08-05 19:35:30,GUIDED,True,-7.9262511,112.5948512,153.69,0.0,0.0,TRACKING_BUOY,,
1785933330.620,2026-08-05 19:35:30,GUIDED,True,-7.9262503,112.5948505,153.7,0.0,0.0,TRACKING_BUOY,,
1785933330.758,2026-08-05 19:35:30,GUIDED,True,-7.9262499,112.5948501,153.7,0.0,0.0,TRACKING_BUOY,,
1785933330.888,2026-08-05 19:35:30,GUIDED,True,-7.9262495,112.5948498,153.69,0.0,0.0,TRACKING_BUOY,,
1785933331.026,2026-08-05 19:35:31,GUIDED,True,-7.9262492,112.5948494,153.69,0.0,0.0,TRACKING_BUOY,,
1785933331.153,2026-08-05 19:35:31,GUIDED,True,-7.9262485,112.5948487,153.67,0.0,0.0,TRACKING_BUOY,,
1785933331.284,2026-08-05 19:35:31,GUIDED,True,-7.9262482,112.5948483,153.66,0.0,0.0,TRACKING_BUOY,,
1785933331.426,2026-08-05 19:35:31,GUIDED,True,-7.9262476,112.5948476,153.66,0.0,0.0,TRACKING_BUOY,,
1785933331.558,2026-08-05 19:35:31,GUIDED,True,-7.9262474,112.5948474,153.65,0.0,0.0,TRACKING_BUOY,,
1785933331.695,2026-08-05 19:35:31,GUIDED,True,-7.9262472,112.5948471,153.65,0.0,0.0,TRACKING_BUOY,,
1785933331.827,2026-08-05 19:35:31,GUIDED,True,-7.9262468,112.5948465,153.63,0.0,0.0,TRACKING_BUOY,,
1785933331.982,2026-08-05 19:35:31,GUIDED,True,-7.9262466,112.5948461,153.63,0.0,0.0,TRACKING_BUOY,,
1785933332.109,2026-08-05 19:35:32,GUIDED,True,-7.9262463,112.5948454,153.62,0.0,0.0,TRACKING_BUOY,,
1785933332.241,2026-08-05 19:35:32,GUIDED,True,-7.9262462,112.5948451,153.63,0.0,0.0,TRACKING_BUOY,,
1785933332.383,2026-08-05 19:35:32,GUIDED,True,-7.9262461,112.5948448,153.63,0.0,0.0,TRACKING_BUOY,,
1785933332.512,2026-08-05 19:35:32,GUIDED,True,-7.9262462,112.5948444,153.62,0.0,0.0,TRACKING_BUOY,,
1785933332.645,2026-08-05 19:35:32,GUIDED,True,-7.9262462,112.5948442,153.61,0.0,0.0,TRACKING_BUOY,,
1785933332.777,2026-08-05 19:35:32,GUIDED,True,-7.9262465,112.5948442,153.61,0.0,0.0,TRACKING_BUOY,,
1785933332.923,2026-08-05 19:35:32,GUIDED,True,-7.9262468,112.5948441,153.6,0.0,0.0,TRACKING_BUOY,,
1785933333.080,2026-08-05 19:35:33,GUIDED,True,-7.926247,112.5948441,153.59,0.0,0.0,TRACKING_BUOY,,
1785933333.235,2026-08-05 19:35:33,GUIDED,True,-7.9262476,112.5948445,153.58,0.0,0.0,TRACKING_BUOY,,
1785933333.392,2026-08-05 19:35:33,GUIDED,True,-7.9262482,112.5948449,153.58,0.0,0.0,TRACKING_BUOY,,
1785933333.523,2026-08-05 19:35:33,GUIDED,True,-7.9262493,112.5948458,153.58,0.0,0.0,TRACKING_BUOY,,
1785933333.654,2026-08-05 19:35:33,GUIDED,True,-7.9262497,112.5948462,153.57,0.0,0.0,TRACKING_BUOY,,
1785933333.784,2026-08-05 19:35:33,GUIDED,True,-7.9262504,112.5948467,153.57,0.0,0.0,TRACKING_BUOY,,
1785933333.913,2026-08-05 19:35:33,GUIDED,True,-7.9262515,112.5948476,153.55,0.0,0.0,TRACKING_BUOY,,
1785933334.046,2026-08-05 19:35:34,GUIDED,True,-7.9262521,112.5948481,153.54,0.0,0.0,TRACKING_BUOY,,
1785933334.186,2026-08-05 19:35:34,GUIDED,True,-7.9262526,112.5948485,153.54,0.0,0.0,TRACKING_BUOY,,
1785933334.321,2026-08-05 19:35:34,GUIDED,True,-7.9262537,112.5948494,153.54,0.0,0.0,TRACKING_BUOY,,
1785933334.452,2026-08-05 19:35:34,GUIDED,True,-7.9262543,112.5948498,153.54,0.0,0.0,TRACKING_BUOY,,
1785933334.591,2026-08-05 19:35:34,GUIDED,True,-7.9262549,112.5948504,153.55,0.0,0.0,TRACKING_BUOY,,
1785933334.742,2026-08-05 19:35:34,GUIDED,True,-7.9262561,112.5948513,153.54,0.0,0.0,TRACKING_BUOY,,
1785933334.944,2026-08-05 19:35:34,GUIDED,True,-7.9262571,112.594852,153.53,0.0,0.0,TRACKING_BUOY,,
1785933335.085,2026-08-05 19:35:35,GUIDED,True,-7.9262575,112.5948524,153.53,0.0,0.0,TRACKING_BUOY,,
1785933335.214,2026-08-05 19:35:35,GUIDED,True,-7.9262581,112.5948528,153.53,0.0,0.0,TRACKING_BUOY,,
1785933335.349,2026-08-05 19:35:35,GUIDED,True,-7.9262585,112.5948531,153.53,0.0,0.0,TRACKING_BUOY,,
1785933335.478,2026-08-05 19:35:35,GUIDED,True,-7.9262588,112.5948532,153.52,0.0,0.0,TRACKING_BUOY,,
1785933335.612,2026-08-05 19:35:35,GUIDED,True,-7.9262593,112.5948536,153.52,0.0,0.0,TRACKING_BUOY,,
1785933335.757,2026-08-05 19:35:35,GUIDED,True,-7.9262596,112.5948539,153.51,0.0,0.0,TRACKING_BUOY,,
1785933335.886,2026-08-05 19:35:35,GUIDED,True,-7.9262599,112.5948541,153.51,0.0,0.0,TRACKING_BUOY,,
1785933336.022,2026-08-05 19:35:36,GUIDED,True,-7.9262604,112.5948545,153.51,0.0,0.0,TRACKING_BUOY,,
1785933336.153,2026-08-05 19:35:36,GUIDED,True,-7.9262606,112.5948547,153.52,0.0,0.0,TRACKING_BUOY,,
1785933336.289,2026-08-05 19:35:36,GUIDED,True,-7.9262607,112.5948548,153.52,0.0,0.0,TRACKING_BUOY,,
1785933336.437,2026-08-05 19:35:36,GUIDED,True,-7.9262607,112.5948546,153.51,0.0,0.0,TRACKING_BUOY,,
1785933336.582,2026-08-05 19:35:36,GUIDED,True,-7.9262606,112.5948545,153.51,0.0,0.0,TRACKING_BUOY,,
1785933336.720,2026-08-05 19:35:36,GUIDED,True,-7.9262604,112.5948544,153.5,0.0,0.0,TRACKING_BUOY,,
1785933336.851,2026-08-05 19:35:36,GUIDED,True,-7.9262604,112.5948543,153.5,0.0,0.0,TRACKING_BUOY,,
1785933337.161,2026-08-05 19:35:37,GUIDED,True,-7.9262602,112.5948542,153.51,0.0,0.0,TRACKING_BUOY,,
1785933337.494,2026-08-05 19:35:37,GUIDED,True,-7.9262602,112.5948539,153.51,0.0,0.0,TRACKING_BUOY,,
1785933337.653,2026-08-05 19:35:37,GUIDED,True,-7.9262602,112.5948539,153.52,0.0,0.0,TRACKING_BUOY,,
1785933337.786,2026-08-05 19:35:37,GUIDED,True,-7.9262602,112.5948539,153.5,0.0,0.0,TRACKING_BUOY,,
1785933337.914,2026-08-05 19:35:37,GUIDED,True,-7.9262605,112.5948539,153.49,0.0,0.0,TRACKING_BUOY,,
1785933338.045,2026-08-05 19:35:38,GUIDED,True,-7.9262605,112.5948539,153.49,0.0,0.0,TRACKING_BUOY,,
1785933338.181,2026-08-05 19:35:38,GUIDED,True,-7.926261,112.5948539,153.48,0.0,0.0,TRACKING_BUOY,,
1785933338.314,2026-08-05 19:35:38,GUIDED,True,-7.9262617,112.5948539,153.48,0.0,0.0,TRACKING_BUOY,,
1785933338.449,2026-08-05 19:35:38,GUIDED,True,-7.9262621,112.5948539,153.47,0.0,0.0,TRACKING_BUOY,,
1785933338.584,2026-08-05 19:35:38,GUIDED,True,-7.9262625,112.5948539,153.48,0.0,0.0,TRACKING_BUOY,,
1785933338.717,2026-08-05 19:35:38,GUIDED,True,-7.9262632,112.5948537,153.49,0.0,0.0,TRACKING_BUOY,,
1785933338.852,2026-08-05 19:35:38,GUIDED,True,-7.9262635,112.5948535,153.49,0.0,0.0,TRACKING_BUOY,,
1785933338.983,2026-08-05 19:35:38,GUIDED,True,-7.9262637,112.5948533,153.48,0.0,0.0,TRACKING_BUOY,,
1785933339.120,2026-08-05 19:35:39,GUIDED,True,-7.9262643,112.5948528,153.47,0.0,0.0,TRACKING_BUOY,,
1785933339.253,2026-08-05 19:35:39,GUIDED,True,-7.9262646,112.5948526,153.47,0.0,0.0,TRACKING_BUOY,,
1785933339.393,2026-08-05 19:35:39,GUIDED,True,-7.9262649,112.5948523,153.46,0.0,0.0,TRACKING_BUOY,,
1785933339.528,2026-08-05 19:35:39,GUIDED,True,-7.9262654,112.5948517,153.46,0.0,0.0,TRACKING_BUOY,,
1785933339.660,2026-08-05 19:35:39,GUIDED,True,-7.9262657,112.5948514,153.45,0.0,0.0,TRACKING_BUOY,,
1785933339.801,2026-08-05 19:35:39,GUIDED,True,-7.926266,112.5948511,153.46,0.0,0.0,TRACKING_BUOY,,
1785933339.938,2026-08-05 19:35:39,GUIDED,True,-7.9262667,112.5948505,153.45,0.0,0.0,TRACKING_BUOY,,
1785933340.094,2026-08-05 19:35:40,GUIDED,True,-7.9262671,112.5948501,153.46,0.0,0.0,TRACKING_BUOY,,
1785933340.237,2026-08-05 19:35:40,GUIDED,True,-7.9262676,112.5948494,153.45,0.0,0.0,TRACKING_BUOY,,
1785933340.373,2026-08-05 19:35:40,GUIDED,True,-7.9262678,112.5948489,153.45,0.0,0.0,TRACKING_BUOY,,
1785933340.510,2026-08-05 19:35:40,GUIDED,True,-7.9262682,112.594848,153.44,0.0,0.0,TRACKING_BUOY,,
1785933340.650,2026-08-05 19:35:40,GUIDED,True,-7.9262683,112.5948477,153.43,0.0,0.0,TRACKING_BUOY,,
1785933340.785,2026-08-05 19:35:40,GUIDED,True,-7.9262684,112.5948472,153.43,0.0,0.0,TRACKING_BUOY,,
1785933340.914,2026-08-05 19:35:40,GUIDED,True,-7.9262687,112.5948463,153.44,0.0,0.0,TRACKING_BUOY,,
1785933341.042,2026-08-05 19:35:41,GUIDED,True,-7.9262687,112.5948463,153.44,0.0,0.0,TRACKING_BUOY,,
1785933341.184,2026-08-05 19:35:41,GUIDED,True,-7.926269,112.5948455,153.45,0.0,0.0,TRACKING_BUOY,,
1785933341.316,2026-08-05 19:35:41,GUIDED,True,-7.9262694,112.5948448,153.47,0.0,0.0,TRACKING_BUOY,,
1785933341.450,2026-08-05 19:35:41,GUIDED,True,-7.9262696,112.5948445,153.46,0.0,0.0,TRACKING_BUOY,,
1785933341.580,2026-08-05 19:35:41,GUIDED,True,-7.9262697,112.5948441,153.46,0.0,0.0,TRACKING_BUOY,,
1785933341.710,2026-08-05 19:35:41,GUIDED,True,-7.92627,112.5948434,153.47,0.0,0.0,TRACKING_BUOY,,
1785933341.836,2026-08-05 19:35:41,GUIDED,True,-7.9262702,112.5948431,153.45,0.0,0.0,TRACKING_BUOY,,
1785933341.976,2026-08-05 19:35:41,GUIDED,True,-7.9262704,112.5948427,153.45,0.0,0.0,TRACKING_BUOY,,
1785933342.131,2026-08-05 19:35:42,GUIDED,True,-7.9262708,112.5948422,153.46,0.0,0.0,TRACKING_BUOY,,
1785933342.264,2026-08-05 19:35:42,GUIDED,True,-7.926271,112.594842,153.46,0.0,0.0,TRACKING_BUOY,,
1785933342.413,2026-08-05 19:35:42,GUIDED,True,-7.9262713,112.5948415,153.45,0.0,0.0,TRACKING_BUOY,,
1785933342.548,2026-08-05 19:35:42,GUIDED,True,-7.9262714,112.5948412,153.45,0.0,0.0,TRACKING_BUOY,,
1785933342.676,2026-08-05 19:35:42,GUIDED,True,-7.9262716,112.5948411,153.44,0.0,0.0,TRACKING_BUOY,,
1785933342.810,2026-08-05 19:35:42,GUIDED,True,-7.9262721,112.5948409,153.43,0.0,0.0,TRACKING_BUOY,,
1785933342.942,2026-08-05 19:35:42,GUIDED,True,-7.9262724,112.5948409,153.43,0.0,0.0,TRACKING_BUOY,,
1785933343.073,2026-08-05 19:35:43,GUIDED,True,-7.9262727,112.5948409,153.44,0.0,0.0,TRACKING_BUOY,,
1785933343.204,2026-08-05 19:35:43,GUIDED,True,-7.9262729,112.594841,153.44,0.0,0.0,TRACKING_BUOY,,
1785933343.336,2026-08-05 19:35:43,GUIDED,True,-7.9262734,112.5948412,153.43,0.0,0.0,TRACKING_BUOY,,
1785933343.468,2026-08-05 19:35:43,GUIDED,True,-7.9262736,112.5948413,153.44,0.0,0.0,TRACKING_BUOY,,
1785933343.601,2026-08-05 19:35:43,GUIDED,True,-7.9262737,112.5948415,153.45,0.0,0.0,TRACKING_BUOY,,
1785933343.735,2026-08-05 19:35:43,GUIDED,True,-7.9262741,112.594842,153.44,0.0,0.0,TRACKING_BUOY,,
1785933343.871,2026-08-05 19:35:43,GUIDED,True,-7.9262744,112.5948422,153.44,0.0,0.0,TRACKING_BUOY,,
1785933344.010,2026-08-05 19:35:44,GUIDED,True,-7.9262746,112.5948425,153.44,0.0,0.0,TRACKING_BUOY,,
1785933344.139,2026-08-05 19:35:44,GUIDED,True,-7.926275,112.594843,153.44,0.0,0.0,TRACKING_BUOY,,
1785933344.270,2026-08-05 19:35:44,GUIDED,True,-7.9262752,112.5948433,153.44,0.0,0.0,TRACKING_BUOY,,
1785933344.399,2026-08-05 19:35:44,GUIDED,True,-7.9262755,112.5948436,153.45,0.0,0.0,TRACKING_BUOY,,
1785933344.537,2026-08-05 19:35:44,GUIDED,True,-7.926276,112.5948442,153.43,0.0,0.0,TRACKING_BUOY,,
1785933344.670,2026-08-05 19:35:44,GUIDED,True,-7.9262762,112.5948444,153.43,0.0,0.0,TRACKING_BUOY,,
1785933344.801,2026-08-05 19:35:44,GUIDED,True,-7.9262763,112.5948446,153.43,0.0,0.0,TRACKING_BUOY,,
1785933344.933,2026-08-05 19:35:44,GUIDED,True,-7.9262765,112.5948449,153.41,0.0,0.0,TRACKING_BUOY,,
1785933345.064,2026-08-05 19:35:45,GUIDED,True,-7.9262766,112.5948451,153.4,0.0,0.0,TRACKING_BUOY,,
1785933345.203,2026-08-05 19:35:45,GUIDED,True,-7.9262768,112.5948453,153.4,0.0,0.0,TRACKING_BUOY,,
1785933345.341,2026-08-05 19:35:45,GUIDED,True,-7.9262772,112.5948458,153.39,0.0,0.0,FINISH,,
1785933345.473,2026-08-05 19:35:45,GUIDED,True,-7.9262774,112.594846,153.39,0.0,0.0,IDLE,,
1785933345.601,2026-08-05 19:35:45,GUIDED,True,-7.9262777,112.5948464,153.39,0.0,0.0,IDLE,,
1785933345.733,2026-08-05 19:35:45,GUIDED,True,-7.9262782,112.594847,153.39,0.0,0.0,IDLE,,
1785933345.869,2026-08-05 19:35:45,GUIDED,True,-7.9262784,112.5948473,153.39,0.0,0.0,IDLE,,
1785933346.000,2026-08-05 19:35:46,GUIDED,True,-7.9262786,112.5948476,153.39,0.0,0.0,IDLE,,
1785933346.136,2026-08-05 19:35:46,GUIDED,True,-7.926279,112.5948482,153.39,0.0,0.0,IDLE,,
1785933346.277,2026-08-05 19:35:46,GUIDED,True,-7.9262793,112.5948485,153.39,0.0,0.0,IDLE,,
1785933346.412,2026-08-05 19:35:46,GUIDED,True,-7.9262797,112.594849,153.38,0.0,0.0,IDLE,,
1785933346.543,2026-08-05 19:35:46,GUIDED,True,-7.9262799,112.5948492,153.37,0.0,0.0,IDLE,,
1785933346.691,2026-08-05 19:35:46,GUIDED,True,-7.92628,112.5948494,153.38,0.0,0.0,IDLE,,
1785933346.825,2026-08-05 19:35:46,GUIDED,True,-7.9262804,112.5948497,153.37,0.0,0.0,IDLE,,
1785933346.957,2026-08-05 19:35:46,GUIDED,True,-7.9262805,112.5948499,153.37,0.0,0.0,IDLE,607,287
1785933347.090,2026-08-05 19:35:47,GUIDED,True,-7.9262807,112.5948502,153.36,0.0,0.0,IDLE,,
1785933347.227,2026-08-05 19:35:47,GUIDED,True,-7.9262809,112.5948505,153.36,0.0,0.0,IDLE,,
1785933347.357,2026-08-05 19:35:47,GUIDED,True,-7.9262811,112.5948507,153.36,0.0,0.0,IDLE,,
1785933347.488,2026-08-05 19:35:47,GUIDED,True,-7.9262813,112.5948509,153.35,0.0,0.0,IDLE,,
1785933347.626,2026-08-05 19:35:47,GUIDED,True,-7.9262815,112.5948512,153.35,0.0,0.0,IDLE,,
1785933347.757,2026-08-05 19:35:47,GUIDED,True,-7.9262817,112.5948514,153.35,0.0,0.0,IDLE,,
1785933347.886,2026-08-05 19:35:47,GUIDED,True,-7.9262818,112.5948515,153.36,0.0,0.0,IDLE,,
1785933348.017,2026-08-05 19:35:48,GUIDED,True,-7.9262822,112.5948519,153.35,0.0,0.0,IDLE,,
1785933348.161,2026-08-05 19:35:48,GUIDED,True,-7.9262823,112.594852,153.35,0.0,0.0,IDLE,,
1785933348.305,2026-08-05 19:35:48,GUIDED,True,-7.9262824,112.5948522,153.35,0.0,0.0,IDLE,,
1785933348.444,2026-08-05 19:35:48,GUIDED,True,-7.9262826,112.5948524,153.34,0.0,0.0,IDLE,,
1785933348.577,2026-08-05 19:35:48,GUIDED,True,-7.9262826,112.5948524,153.34,0.0,0.0,IDLE,,
1785933348.708,2026-08-05 19:35:48,GUIDED,True,-7.9262825,112.5948525,153.34,0.0,0.0,IDLE,,
1785933348.848,2026-08-05 19:35:48,GUIDED,True,-7.9262824,112.5948526,153.33,0.0,0.0,IDLE,,
1785933348.989,2026-08-05 19:35:48,GUIDED,True,-7.9262823,112.5948526,153.33,0.0,0.0,IDLE,,
1785933349.146,2026-08-05 19:35:49,GUIDED,True,-7.9262823,112.5948528,153.33,0.0,0.0,IDLE,,
1785933349.276,2026-08-05 19:35:49,GUIDED,True,-7.9262823,112.5948529,153.33,0.0,0.0,IDLE,,
1785933349.413,2026-08-05 19:35:49,GUIDED,True,-7.9262822,112.5948531,153.33,0.0,0.0,IDLE,,
1785933349.550,2026-08-05 19:35:49,GUIDED,True,-7.9262822,112.5948532,153.33,0.0,0.0,IDLE,,
1785933349.695,2026-08-05 19:35:49,GUIDED,True,-7.9262822,112.5948533,153.34,0.0,0.0,IDLE,,
1785933349.827,2026-08-05 19:35:49,GUIDED,True,-7.9262823,112.5948536,153.35,0.0,0.0,IDLE,,
1785933349.963,2026-08-05 19:35:49,GUIDED,True,-7.9262822,112.5948537,153.34,0.0,0.0,IDLE,,
1785933350.094,2026-08-05 19:35:50,GUIDED,True,-7.9262822,112.5948538,153.34,0.0,0.0,IDLE,,
1785933350.229,2026-08-05 19:35:50,GUIDED,True,-7.9262822,112.594854,153.33,0.0,0.0,IDLE,,
1785933350.367,2026-08-05 19:35:50,GUIDED,True,-7.9262822,112.5948541,153.33,0.0,0.0,IDLE,,
1785933350.509,2026-08-05 19:35:50,GUIDED,True,-7.9262821,112.5948542,153.33,0.0,0.0,IDLE,,
1785933350.640,2026-08-05 19:35:50,GUIDED,True,-7.926282,112.5948543,153.33,0.0,0.0,IDLE,,
1785933350.770,2026-08-05 19:35:50,GUIDED,True,-7.9262818,112.5948543,153.33,0.0,0.0,IDLE,607,287
1785933350.905,2026-08-05 19:35:50,GUIDED,True,-7.9262816,112.5948543,153.33,0.0,0.0,IDLE,,
1785933351.030,2026-08-05 19:35:51,GUIDED,True,-7.9262813,112.5948544,153.33,0.0,0.0,IDLE,,
1785933351.162,2026-08-05 19:35:51,GUIDED,True,-7.9262812,112.5948544,153.34,0.0,0.0,IDLE,,
1785933351.307,2026-08-05 19:35:51,GUIDED,True,-7.9262812,112.5948544,153.34,0.0,0.0,IDLE,,
1785933351.441,2026-08-05 19:35:51,GUIDED,True,-7.926281,112.5948544,153.34,0.0,0.0,IDLE,,
1785933351.572,2026-08-05 19:35:51,GUIDED,True,-7.9262809,112.5948543,153.34,0.0,0.0,IDLE,,
1785933351.708,2026-08-05 19:35:51,GUIDED,True,-7.9262808,112.5948542,153.33,0.0,0.0,IDLE,,
1785933351.846,2026-08-05 19:35:51,GUIDED,True,-7.9262804,112.5948542,153.33,0.0,0.0,IDLE,,
1785933351.989,2026-08-05 19:35:51,GUIDED,True,-7.9262802,112.5948542,153.33,0.0,0.0,IDLE,,
1785933352.126,2026-08-05 19:35:52,GUIDED,True,-7.9262797,112.5948541,153.35,0.0,0.0,IDLE,607,287
1785933352.271,2026-08-05 19:35:52,GUIDED,True,-7.9262795,112.5948541,153.35,0.0,0.0,IDLE,,
1785933352.409,2026-08-05 19:35:52,GUIDED,True,-7.9262788,112.5948538,153.35,0.0,0.0,IDLE,,
1785933352.539,2026-08-05 19:35:52,GUIDED,True,-7.9262784,112.5948537,153.35,0.0,0.0,IDLE,,
1785933352.678,2026-08-05 19:35:52,GUIDED,True,-7.926278,112.5948537,153.35,0.0,0.0,IDLE,,
1785933352.810,2026-08-05 19:35:52,GUIDED,True,-7.9262773,112.5948535,153.34,0.0,0.0,IDLE,,
1785933352.954,2026-08-05 19:35:52,GUIDED,True,-7.926277,112.5948534,153.35,0.0,0.0,IDLE,,
1785933353.331,2026-08-05 19:35:53,GUIDED,True,-7.9262758,112.5948531,153.33,0.0,0.0,IDLE,,
1785933353.464,2026-08-05 19:35:53,GUIDED,True,-7.9262755,112.594853,153.32,0.0,0.0,IDLE,,
1785933353.607,2026-08-05 19:35:53,GUIDED,True,-7.9262753,112.5948529,153.32,0.0,0.0,IDLE,,
1785933353.737,2026-08-05 19:35:53,GUIDED,True,-7.9262749,112.5948527,153.31,0.0,0.0,IDLE,,
1785933353.869,2026-08-05 19:35:53,GUIDED,True,-7.9262747,112.5948527,153.3,0.0,0.0,IDLE,,
1785933354.002,2026-08-05 19:35:54,GUIDED,True,-7.9262747,112.5948527,153.31,0.0,0.0,IDLE,,
1785933354.137,2026-08-05 19:35:54,GUIDED,True,-7.9262746,112.5948526,153.31,0.0,0.0,IDLE,,
1785933354.276,2026-08-05 19:35:54,GUIDED,True,-7.9262745,112.5948527,153.3,0.0,0.0,IDLE,,
1785933354.406,2026-08-05 19:35:54,GUIDED,True,-7.9262744,112.5948526,153.29,0.0,0.0,IDLE,,
1785933354.538,2026-08-05 19:35:54,GUIDED,True,-7.926274,112.5948526,153.3,0.0,0.0,IDLE,,
1785933354.666,2026-08-05 19:35:54,GUIDED,True,-7.9262738,112.5948525,153.29,0.0,0.0,IDLE,,
1785933354.796,2026-08-05 19:35:54,GUIDED,True,-7.9262735,112.5948524,153.29,0.0,0.0,IDLE,,
1785933354.933,2026-08-05 19:35:54,GUIDED,True,-7.9262731,112.5948522,153.27,0.0,0.0,IDLE,,
1785933355.065,2026-08-05 19:35:55,GUIDED,True,-7.9262728,112.5948521,153.28,0.0,0.0,IDLE,,
1785933355.195,2026-08-05 19:35:55,GUIDED,True,-7.9262726,112.5948521,153.27,0.0,0.0,IDLE,,
1785933355.324,2026-08-05 19:35:55,GUIDED,True,-7.9262722,112.5948521,153.28,0.0,0.0,IDLE,,
1785933355.458,2026-08-05 19:35:55,GUIDED,True,-7.926272,112.5948522,153.28,0.0,0.0,IDLE,,
1785933355.603,2026-08-05 19:35:55,GUIDED,True,-7.9262719,112.5948523,153.29,0.0,0.0,IDLE,,
1785933355.745,2026-08-05 19:35:55,GUIDED,True,-7.9262717,112.5948525,153.28,0.0,0.0,IDLE,,
1785933355.876,2026-08-05 19:35:55,GUIDED,True,-7.9262715,112.5948526,153.28,0.0,0.0,IDLE,,
1785933356.010,2026-08-05 19:35:56,GUIDED,True,-7.9262714,112.5948527,153.28,0.0,0.0,IDLE,,
1785933356.143,2026-08-05 19:35:56,GUIDED,True,-7.9262711,112.5948528,153.28,0.0,0.0,IDLE,,
1785933356.277,2026-08-05 19:35:56,GUIDED,True,-7.926271,112.5948528,153.29,0.0,0.0,IDLE,,
1785933356.429,2026-08-05 19:35:56,GUIDED,True,-7.9262708,112.594853,153.29,0.0,0.0,IDLE,,
1785933356.567,2026-08-05 19:35:56,GUIDED,True,-7.9262707,112.594853,153.29,0.0,0.0,IDLE,,
1785933356.726,2026-08-05 19:35:56,GUIDED,True,-7.9262706,112.5948529,153.3,0.0,0.0,IDLE,,
1785933356.860,2026-08-05 19:35:56,GUIDED,True,-7.9262704,112.5948529,153.29,0.0,0.0,IDLE,,
1785933356.992,2026-08-05 19:35:56,GUIDED,True,-7.9262705,112.594853,153.29,0.0,0.0,IDLE,,
1785933357.118,2026-08-05 19:35:57,GUIDED,True,-7.9262705,112.594853,153.29,0.0,0.0,IDLE,,
1785933357.249,2026-08-05 19:35:57,GUIDED,True,-7.9262706,112.594853,153.29,0.0,0.0,IDLE,,
1785933357.420,2026-08-05 19:35:57,GUIDED,True,-7.9262708,112.5948527,153.3,0.0,0.0,IDLE,,
1785933357.551,2026-08-05 19:35:57,GUIDED,True,-7.9262709,112.5948527,153.3,0.0,0.0,IDLE,,
1785933357.683,2026-08-05 19:35:57,GUIDED,True,-7.926271,112.5948527,153.3,0.0,0.0,IDLE,,
1785933357.961,2026-08-05 19:35:57,GUIDED,True,-7.9262715,112.5948529,153.31,0.0,0.0,IDLE,,
1785933358.096,2026-08-05 19:35:58,GUIDED,True,-7.9262717,112.594853,153.31,0.0,0.0,IDLE,,
1785933358.238,2026-08-05 19:35:58,GUIDED,True,-7.9262723,112.5948533,153.3,0.0,0.0,IDLE,,
1785933358.375,2026-08-05 19:35:58,GUIDED,True,-7.9262725,112.5948535,153.29,0.0,0.0,IDLE,,
1785933358.513,2026-08-05 19:35:58,GUIDED,True,-7.926273,112.5948539,153.28,0.0,0.0,IDLE,,
1785933358.647,2026-08-05 19:35:58,GUIDED,True,-7.9262733,112.594854,153.27,0.0,0.0,IDLE,,
1785933358.788,2026-08-05 19:35:58,GUIDED,True,-7.9262735,112.5948541,153.26,0.0,0.0,IDLE,,
1785933358.916,2026-08-05 19:35:58,GUIDED,True,-7.926274,112.5948543,153.27,0.0,0.0,IDLE,,
1785933359.048,2026-08-05 19:35:59,GUIDED,True,-7.926274,112.5948543,153.27,0.0,0.0,IDLE,,
1785933359.211,2026-08-05 19:35:59,GUIDED,True,-7.9262746,112.5948546,153.26,0.0,0.0,IDLE,,
1785933359.348,2026-08-05 19:35:59,GUIDED,True,-7.9262749,112.5948547,153.26,0.0,0.0,IDLE,,
1785933359.495,2026-08-05 19:35:59,GUIDED,True,-7.9262751,112.5948548,153.25,0.0,0.0,IDLE,,
1785933359.627,2026-08-05 19:35:59,GUIDED,True,-7.9262755,112.5948548,153.25,0.0,0.0,IDLE,,
1785933359.757,2026-08-05 19:35:59,GUIDED,True,-7.9262758,112.5948549,153.25,0.0,0.0,IDLE,,
1785933359.886,2026-08-05 19:35:59,GUIDED,True,-7.926276,112.594855,153.25,0.0,0.0,IDLE,,
1785933360.023,2026-08-05 19:36:00,GUIDED,True,-7.9262765,112.5948554,153.25,0.0,0.0,IDLE,,
1785933360.155,2026-08-05 19:36:00,GUIDED,True,-7.9262768,112.5948555,153.25,0.0,0.0,IDLE,,
1785933360.286,2026-08-05 19:36:00,GUIDED,True,-7.926277,112.5948556,153.25,0.0,0.0,IDLE,,
1785933360.416,2026-08-05 19:36:00,GUIDED,True,-7.9262774,112.5948558,153.25,0.0,0.0,IDLE,,
1785933360.548,2026-08-05 19:36:00,GUIDED,True,-7.9262776,112.5948559,153.25,0.0,0.0,IDLE,,
1785933360.678,2026-08-05 19:36:00,GUIDED,True,-7.9262777,112.5948561,153.26,0.0,0.0,IDLE,,
1785933360.805,2026-08-05 19:36:00,GUIDED,True,-7.9262779,112.5948562,153.27,0.0,0.0,IDLE,,
1785933360.941,2026-08-05 19:36:00,GUIDED,True,-7.9262783,112.5948566,153.27,0.0,0.0,IDLE,,
1785933361.072,2026-08-05 19:36:01,GUIDED,True,-7.9262786,112.5948568,153.27,0.0,0.0,IDLE,,
1785933361.201,2026-08-05 19:36:01,GUIDED,True,-7.9262787,112.5948571,153.26,0.0,0.0,IDLE,,
1785933361.335,2026-08-05 19:36:01,GUIDED,True,-7.9262792,112.5948578,153.26,0.0,0.0,IDLE,,
1785933361.463,2026-08-05 19:36:01,GUIDED,True,-7.9262793,112.594858,153.24,0.0,0.0,IDLE,,
1785933361.603,2026-08-05 19:36:01,GUIDED,True,-7.9262794,112.5948583,153.24,0.0,0.0,IDLE,,
1785933361.734,2026-08-05 19:36:01,GUIDED,True,-7.9262794,112.5948587,153.24,0.0,0.0,IDLE,,
1785933361.863,2026-08-05 19:36:01,GUIDED,True,-7.9262794,112.5948588,153.24,0.0,0.0,IDLE,,
1785933361.994,2026-08-05 19:36:01,GUIDED,True,-7.9262794,112.5948589,153.24,0.0,0.0,IDLE,,
1785933362.134,2026-08-05 19:36:02,GUIDED,True,-7.9262793,112.5948591,153.23,0.0,0.0,IDLE,,
1785933362.273,2026-08-05 19:36:02,GUIDED,True,-7.9262793,112.5948593,153.22,0.0,0.0,IDLE,,
1785933362.412,2026-08-05 19:36:02,GUIDED,True,-7.9262793,112.5948596,153.22,0.0,0.0,IDLE,,
1785933362.553,2026-08-05 19:36:02,GUIDED,True,-7.9262792,112.5948597,153.22,0.0,0.0,IDLE,,
1785933362.687,2026-08-05 19:36:02,GUIDED,True,-7.9262791,112.5948599,153.21,0.0,0.0,IDLE,,
1785933362.822,2026-08-05 19:36:02,GUIDED,True,-7.926279,112.5948602,153.21,0.0,0.0,IDLE,,
1785933362.963,2026-08-05 19:36:02,GUIDED,True,-7.9262788,112.5948603,153.2,0.0,0.0,IDLE,,
1785933363.092,2026-08-05 19:36:03,GUIDED,True,-7.9262787,112.5948604,153.21,0.0,0.0,IDLE,,
1785933363.226,2026-08-05 19:36:03,GUIDED,True,-7.9262784,112.5948606,153.22,0.0,0.0,IDLE,,
1785933363.365,2026-08-05 19:36:03,GUIDED,True,-7.9262783,112.5948607,153.22,0.0,0.0,IDLE,,
1785933363.506,2026-08-05 19:36:03,GUIDED,True,-7.9262783,112.5948609,153.22,0.0,0.0,IDLE,,
1785933363.639,2026-08-05 19:36:03,GUIDED,True,-7.9262784,112.5948612,153.22,0.0,0.0,IDLE,,
1785933363.768,2026-08-05 19:36:03,GUIDED,True,-7.9262784,112.5948614,153.22,0.0,0.0,IDLE,,
1785933363.901,2026-08-05 19:36:03,GUIDED,True,-7.9262784,112.5948615,153.22,0.0,0.0,IDLE,,
1785933364.045,2026-08-05 19:36:04,GUIDED,True,-7.9262784,112.594862,153.22,0.0,0.0,IDLE,,
1785933364.188,2026-08-05 19:36:04,GUIDED,True,-7.9262784,112.5948621,153.23,0.0,0.0,IDLE,,
1785933364.327,2026-08-05 19:36:04,GUIDED,True,-7.9262785,112.5948626,153.22,0.0,0.0,IDLE,,
1785933364.465,2026-08-05 19:36:04,GUIDED,True,-7.9262785,112.5948628,153.22,0.0,0.0,IDLE,,
1785933364.599,2026-08-05 19:36:04,GUIDED,True,-7.9262784,112.594863,153.23,0.0,0.0,IDLE,,
1785933364.737,2026-08-05 19:36:04,GUIDED,True,-7.9262782,112.5948632,153.22,0.0,0.0,IDLE,,
1785933364.866,2026-08-05 19:36:04,GUIDED,True,-7.9262781,112.5948632,153.22,0.0,0.0,IDLE,,
1785933365.002,2026-08-05 19:36:05,GUIDED,True,-7.9262779,112.5948633,153.21,0.0,0.0,IDLE,,
1785933365.155,2026-08-05 19:36:05,GUIDED,True,-7.9262776,112.5948634,153.21,0.0,0.0,IDLE,,
1785933365.286,2026-08-05 19:36:05,GUIDED,True,-7.9262774,112.5948634,153.21,0.0,0.0,IDLE,,
1785933365.419,2026-08-05 19:36:05,GUIDED,True,-7.9262772,112.5948634,153.2,0.0,0.0,IDLE,,
1785933365.739,2026-08-05 19:36:05,GUIDED,True,-7.9262767,112.5948633,153.18,0.0,0.0,IDLE,,
1785933365.955,2026-08-05 19:36:05,GUIDED,True,-7.9262762,112.5948631,153.18,0.0,0.0,IDLE,,
1785933366.091,2026-08-05 19:36:06,GUIDED,True,-7.926276,112.594863,153.17,0.0,0.0,IDLE,,
1785933366.221,2026-08-05 19:36:06,GUIDED,True,-7.9262756,112.5948629,153.17,0.0,0.0,IDLE,,
1785933366.409,2026-08-05 19:36:06,GUIDED,True,-7.9262752,112.5948628,153.16,0.0,0.0,IDLE,,
1785933366.537,2026-08-05 19:36:06,GUIDED,True,-7.926275,112.5948627,153.16,0.0,0.0,IDLE,,
1785933366.672,2026-08-05 19:36:06,GUIDED,True,-7.9262747,112.5948626,153.16,0.0,0.0,IDLE,,
1785933366.805,2026-08-05 19:36:06,GUIDED,True,-7.9262744,112.5948625,153.15,0.0,0.0,IDLE,,
1785933366.938,2026-08-05 19:36:06,GUIDED,True,-7.9262737,112.5948621,153.15,0.0,0.0,IDLE,,
1785933367.077,2026-08-05 19:36:07,GUIDED,True,-7.9262734,112.5948619,153.15,0.0,0.0,IDLE,,
1785933367.211,2026-08-05 19:36:07,GUIDED,True,-7.9262729,112.5948615,153.16,0.0,0.0,IDLE,,
1785933367.345,2026-08-05 19:36:07,GUIDED,True,-7.9262726,112.5948612,153.15,0.0,0.0,IDLE,,
1785933367.488,2026-08-05 19:36:07,GUIDED,True,-7.9262724,112.594861,153.15,0.0,0.0,IDLE,,
1785933367.631,2026-08-05 19:36:07,GUIDED,True,-7.926272,112.5948606,153.14,0.0,0.0,IDLE,,
1785933367.770,2026-08-05 19:36:07,GUIDED,True,-7.926272,112.5948604,153.12,0.0,0.0,IDLE,,
1785933367.924,2026-08-05 19:36:07,GUIDED,True,-7.9262719,112.5948601,153.11,0.0,0.0,IDLE,,
1785933368.053,2026-08-05 19:36:08,GUIDED,True,-7.926272,112.5948598,153.12,0.0,0.0,IDLE,,
1785933368.185,2026-08-05 19:36:08,GUIDED,True,-7.926272,112.5948596,153.13,0.0,0.0,IDLE,,
1785933368.320,2026-08-05 19:36:08,GUIDED,True,-7.9262721,112.5948593,153.12,0.0,0.0,IDLE,,
1785933368.450,2026-08-05 19:36:08,GUIDED,True,-7.9262722,112.5948592,153.13,0.0,0.0,IDLE,,
1785933368.586,2026-08-05 19:36:08,GUIDED,True,-7.9262722,112.594859,153.14,0.0,0.0,IDLE,,
1785933368.715,2026-08-05 19:36:08,GUIDED,True,-7.9262723,112.5948588,153.14,0.0,0.0,IDLE,,
1785933368.851,2026-08-05 19:36:08,GUIDED,True,-7.9262724,112.5948587,153.13,0.0,0.0,IDLE,,
1785933368.994,2026-08-05 19:36:08,GUIDED,True,-7.9262725,112.5948586,153.13,0.0,0.0,IDLE,,
1785933369.132,2026-08-05 19:36:09,GUIDED,True,-7.9262725,112.5948585,153.12,0.0,0.0,IDLE,,
1785933369.275,2026-08-05 19:36:09,GUIDED,True,-7.9262726,112.5948584,153.13,0.0,0.0,IDLE,607,287
1785933369.410,2026-08-05 19:36:09,GUIDED,True,-7.9262725,112.5948582,153.13,0.0,0.0,IDLE,,
1785933369.542,2026-08-05 19:36:09,GUIDED,True,-7.9262725,112.5948581,153.13,0.0,0.0,IDLE,,
1785933369.675,2026-08-05 19:36:09,GUIDED,True,-7.9262724,112.594858,153.13,0.0,0.0,IDLE,,
1785933369.805,2026-08-05 19:36:09,GUIDED,True,-7.9262724,112.5948579,153.13,0.0,0.0,IDLE,,
1785933369.938,2026-08-05 19:36:09,GUIDED,True,-7.9262724,112.5948578,153.13,0.0,0.0,IDLE,,
1785933370.076,2026-08-05 19:36:10,GUIDED,True,-7.9262724,112.5948578,153.13,0.0,0.0,IDLE,,
1785933370.221,2026-08-05 19:36:10,GUIDED,True,-7.9262724,112.5948579,153.14,0.0,0.0,IDLE,,
1785933370.363,2026-08-05 19:36:10,GUIDED,True,-7.9262723,112.5948579,153.13,0.0,0.0,IDLE,,
1785933370.497,2026-08-05 19:36:10,GUIDED,True,-7.9262723,112.5948579,153.13,0.0,0.0,IDLE,607,287
1785933370.630,2026-08-05 19:36:10,GUIDED,True,-7.9262722,112.5948579,153.14,0.0,0.0,IDLE,,
1785933370.769,2026-08-05 19:36:10,GUIDED,True,-7.9262721,112.5948579,153.14,0.0,0.0,IDLE,,
1785933370.901,2026-08-05 19:36:10,GUIDED,True,-7.926272,112.5948578,153.14,0.0,0.0,IDLE,,
1785933371.043,2026-08-05 19:36:11,GUIDED,True,-7.926272,112.5948579,153.13,0.0,0.0,IDLE,,
1785933371.172,2026-08-05 19:36:11,GUIDED,True,-7.9262718,112.5948579,153.14,0.0,0.0,IDLE,,
1785933371.306,2026-08-05 19:36:11,GUIDED,True,-7.9262717,112.5948579,153.15,0.0,0.0,IDLE,,
1785933371.461,2026-08-05 19:36:11,GUIDED,True,-7.9262716,112.594858,153.13,0.0,0.0,IDLE,,
1785933371.594,2026-08-05 19:36:11,GUIDED,True,-7.9262716,112.5948581,153.14,0.0,0.0,IDLE,,
1785933371.725,2026-08-05 19:36:11,GUIDED,True,-7.9262716,112.5948581,153.13,0.0,0.0,IDLE,,
1785933371.861,2026-08-05 19:36:11,GUIDED,True,-7.9262716,112.5948581,153.13,0.0,0.0,IDLE,,
1785933371.995,2026-08-05 19:36:11,GUIDED,True,-7.9262717,112.594858,153.13,0.0,0.0,IDLE,,
1785933372.136,2026-08-05 19:36:12,GUIDED,True,-7.9262717,112.5948579,153.12,0.0,0.0,IDLE,,
1785933372.262,2026-08-05 19:36:12,GUIDED,True,-7.9262718,112.5948577,153.13,0.0,0.0,IDLE,,
1785933372.401,2026-08-05 19:36:12,GUIDED,True,-7.9262717,112.5948576,153.13,0.0,0.0,IDLE,,
1785933372.666,2026-08-05 19:36:12,GUIDED,True,-7.9262717,112.5948574,153.13,0.0,0.0,IDLE,,
1785933372.862,2026-08-05 19:36:12,GUIDED,True,-7.9262717,112.5948573,153.15,0.0,0.0,IDLE,,
1785933373.111,2026-08-05 19:36:13,GUIDED,True,-7.9262717,112.5948571,153.15,0.0,0.0,IDLE,33,-287
1785933373.243,2026-08-05 19:36:13,GUIDED,True,-7.9262716,112.5948571,153.16,0.0,0.0,IDLE,26,-294
1785933373.375,2026-08-05 19:36:13,GUIDED,True,-7.9262715,112.594857,153.16,0.0,0.0,IDLE,21,-299
1785933373.504,2026-08-05 19:36:13,GUIDED,True,-7.9262714,112.594857,153.16,0.0,0.0,IDLE,18,-302
1785933373.631,2026-08-05 19:36:13,GUIDED,True,-7.926271,112.5948569,153.18,0.0,0.0,IDLE,13,-307
1785933373.762,2026-08-05 19:36:13,GUIDED,True,-7.9262708,112.5948569,153.18,0.0,0.0,IDLE,10,-310
1785933373.895,2026-08-05 19:36:13,GUIDED,True,-7.9262706,112.5948569,153.17,0.0,0.0,IDLE,21,-299
1785933374.029,2026-08-05 19:36:14,GUIDED,True,-7.9262702,112.594857,153.18,0.0,0.0,IDLE,32,-288
1785933374.162,2026-08-05 19:36:14,GUIDED,True,-7.9262698,112.594857,153.2,0.0,0.0,IDLE,76,-244
1785933374.292,2026-08-05 19:36:14,GUIDED,True,-7.9262699,112.594857,153.19,0.0,0.0,IDLE,,
1785933374.420,2026-08-05 19:36:14,GUIDED,True,-7.92627,112.5948569,153.21,0.0,0.0,IDLE,,
1785933374.558,2026-08-05 19:36:14,GUIDED,True,-7.92627,112.5948568,153.25,0.0,0.0,IDLE,,
1785933374.695,2026-08-05 19:36:14,GUIDED,True,-7.92627,112.5948568,153.3,0.0,0.0,IDLE,,
1785933374.827,2026-08-05 19:36:14,GUIDED,True,-7.92627,112.5948568,153.31,0.0,0.0,IDLE,,
1785933374.961,2026-08-05 19:36:14,GUIDED,True,-7.9262699,112.5948568,153.31,0.0,0.0,IDLE,248,-72
1785933375.101,2026-08-05 19:36:15,GUIDED,True,-7.9262698,112.5948568,153.33,0.0,0.0,IDLE,,
1785933375.237,2026-08-05 19:36:15,GUIDED,True,-7.9262697,112.5948568,153.36,0.0,0.0,IDLE,,
1785933375.366,2026-08-05 19:36:15,GUIDED,True,-7.9262695,112.5948568,153.37,0.0,0.0,IDLE,,
1785933375.500,2026-08-05 19:36:15,GUIDED,True,-7.9262694,112.5948568,153.38,0.0,0.0,IDLE,,
1785933375.632,2026-08-05 19:36:15,GUIDED,True,-7.926269,112.594857,153.43,0.0,0.0,IDLE,,
1785933375.767,2026-08-05 19:36:15,GUIDED,True,-7.9262689,112.5948571,153.45,0.0,0.0,IDLE,,
1785933375.898,2026-08-05 19:36:15,GUIDED,True,-7.9262688,112.5948572,153.44,0.0,0.0,IDLE,,
1785933376.032,2026-08-05 19:36:16,GUIDED,True,-7.9262688,112.5948575,153.44,0.0,0.0,IDLE,,
1785933376.193,2026-08-05 19:36:16,GUIDED,True,-7.9262688,112.5948575,153.44,0.0,0.0,IDLE,,
1785933376.322,2026-08-05 19:36:16,GUIDED,True,-7.9262687,112.5948577,153.42,0.0,0.0,IDLE,,
1785933376.541,2026-08-05 19:36:16,GUIDED,True,-7.9262688,112.5948579,153.43,0.0,0.0,IDLE,,
1785933376.813,2026-08-05 19:36:16,GUIDED,True,-7.926269,112.5948579,153.43,0.0,0.0,IDLE,,
1785933376.956,2026-08-05 19:36:16,GUIDED,True,-7.9262691,112.594858,153.42,0.0,0.0,IDLE,,
1785933377.088,2026-08-05 19:36:17,GUIDED,True,-7.9262693,112.594858,153.42,0.0,0.0,IDLE,,
1785933377.220,2026-08-05 19:36:17,GUIDED,True,-7.9262696,112.5948581,153.43,0.0,0.0,IDLE,,
1785933377.366,2026-08-05 19:36:17,GUIDED,True,-7.9262698,112.5948582,153.44,0.0,0.0,IDLE,,
1785933377.508,2026-08-05 19:36:17,GUIDED,True,-7.9262701,112.5948584,153.45,0.0,0.0,IDLE,,
1785933377.678,2026-08-05 19:36:17,GUIDED,True,-7.9262703,112.5948585,153.45,0.0,0.0,IDLE,,
1785933377.810,2026-08-05 19:36:17,GUIDED,True,-7.9262707,112.5948589,153.45,0.0,0.0,IDLE,,
1785933377.942,2026-08-05 19:36:17,GUIDED,True,-7.9262708,112.5948591,153.45,0.0,0.0,IDLE,,
