timestamp,iso_time,mode,armed,lat,lng,heading,sog_knots,battery_v,state,gate_x,error_px
1786032882.211,2026-08-06 23:14:42,MANUAL,True,-7.926244,112.5948872,230.48,0.0,0.0,IDLE,,
1786032882.646,2026-08-06 23:14:42,MANUAL,True,-7.9262444,112.5948883,230.46,0.0,0.0,IDLE,,
1786032882.958,2026-08-06 23:14:42,MANUAL,True,-7.9262447,112.5948889,230.45,0.0,0.0,IDLE,,
1786032883.181,2026-08-06 23:14:43,MANUAL,True,-7.9262451,112.5948895,230.43,0.0,0.0,IDLE,,
1786032883.372,2026-08-06 23:14:43,MANUAL,True,-7.9262452,112.5948898,230.43,0.0,0.0,IDLE,,
1786032883.538,2026-08-06 23:14:43,MANUAL,True,-7.9262454,112.5948902,230.43,0.0,0.0,IDLE,,
1786032883.695,2026-08-06 23:14:43,MANUAL,True,-7.9262455,112.5948904,230.42,0.0,0.0,IDLE,,
1786032883.909,2026-08-06 23:14:43,MANUAL,True,-7.9262456,112.5948907,230.41,0.0,0.0,IDLE,,
1786032884.093,2026-08-06 23:14:44,MANUAL,True,-7.9262457,112.5948909,230.42,0.0,0.0,IDLE,,
1786032884.250,2026-08-06 23:14:44,MANUAL,True,-7.9262457,112.594891,230.42,0.0,0.0,IDLE,,
1786032884.470,2026-08-06 23:14:44,MANUAL,True,-7.9262458,112.5948911,230.42,0.0,0.0,IDLE,,
1786032884.695,2026-08-06 23:14:44,MANUAL,True,-7.9262458,112.5948911,230.44,0.0,0.0,IDLE,,
1786032884.854,2026-08-06 23:14:44,MANUAL,True,-7.9262458,112.594891,230.44,0.0,0.0,IDLE,,
1786032885.030,2026-08-06 23:14:45,MANUAL,True,-7.9262458,112.5948909,230.44,0.0,0.0,IDLE,,
1786032885.197,2026-08-06 23:14:45,MANUAL,True,-7.9262459,112.5948907,230.44,0.0,0.0,IDLE,,
1786032885.372,2026-08-06 23:14:45,MANUAL,True,-7.9262459,112.5948903,230.41,0.0,0.0,IDLE,,
1786032885.521,2026-08-06 23:14:45,MANUAL,True,-7.926246,112.5948902,230.41,0.0,0.0,IDLE,,
1786032885.661,2026-08-06 23:14:45,MANUAL,True,-7.926246,112.59489,230.41,0.0,0.0,IDLE,,
1786032885.809,2026-08-06 23:14:45,MANUAL,True,-7.926246,112.5948898,230.42,0.0,0.0,IDLE,,
1786032885.979,2026-08-06 23:14:45,MANUAL,True,-7.926246,112.5948891,230.42,0.0,0.0,IDLE,,
1786032886.124,2026-08-06 23:14:46,MANUAL,True,-7.9262461,112.5948887,230.43,0.0,0.0,IDLE,,
1786032886.268,2026-08-06 23:14:46,MANUAL,True,-7.926246,112.5948882,230.43,0.0,0.0,IDLE,,
1786032886.414,2026-08-06 23:14:46,MANUAL,True,-7.9262461,112.594888,230.43,0.0,0.0,IDLE,,
1786032886.555,2026-08-06 23:14:46,MANUAL,True,-7.9262461,112.5948878,230.44,0.0,0.0,IDLE,,
1786032886.697,2026-08-06 23:14:46,MANUAL,True,-7.9262462,112.5948878,230.44,0.0,0.0,IDLE,,
1786032886.840,2026-08-06 23:14:46,MANUAL,True,-7.9262463,112.5948877,230.43,0.0,0.0,IDLE,,
1786032886.984,2026-08-06 23:14:46,MANUAL,True,-7.9262464,112.5948877,230.44,0.0,0.0,IDLE,,
1786032887.156,2026-08-06 23:14:47,MANUAL,True,-7.9262465,112.5948876,230.43,0.0,0.0,IDLE,,
1786032887.313,2026-08-06 23:14:47,MANUAL,True,-7.9262465,112.5948875,230.42,0.0,0.0,IDLE,,
1786032887.462,2026-08-06 23:14:47,MANUAL,True,-7.9262466,112.5948876,230.43,0.0,0.0,IDLE,,
1786032887.734,2026-08-06 23:14:47,MANUAL,True,-7.9262467,112.5948877,230.43,0.0,0.0,IDLE,,
1786032888.146,2026-08-06 23:14:48,MANUAL,True,-7.926247,112.5948875,230.43,0.0,0.0,IDLE,,
1786032888.361,2026-08-06 23:14:48,MANUAL,True,-7.926247,112.5948874,230.43,0.0,0.0,IDLE,,
1786032888.586,2026-08-06 23:14:48,MANUAL,True,-7.9262472,112.5948873,230.43,0.0,0.0,IDLE,,
1786032888.781,2026-08-06 23:14:48,MANUAL,True,-7.9262472,112.5948872,230.43,0.0,0.0,IDLE,,
1786032888.952,2026-08-06 23:14:48,MANUAL,True,-7.9262473,112.594887,230.45,0.0,0.0,IDLE,,
1786032889.137,2026-08-06 23:14:49,MANUAL,True,-7.9262473,112.5948869,230.45,0.0,0.0,IDLE,,
1786032889.335,2026-08-06 23:14:49,MANUAL,True,-7.9262473,112.5948866,230.44,0.0,0.0,IDLE,,
1786032889.557,2026-08-06 23:14:49,MANUAL,True,-7.9262473,112.5948862,230.44,0.0,0.0,IDLE,,
1786032889.714,2026-08-06 23:14:49,MANUAL,True,-7.9262474,112.594886,230.44,0.0,0.0,IDLE,,
1786032889.900,2026-08-06 23:14:49,MANUAL,True,-7.9262475,112.5948856,230.47,0.0,0.0,IDLE,,
1786032890.102,2026-08-06 23:14:50,MANUAL,True,-7.9262475,112.5948853,230.47,0.0,0.0,IDLE,,
1786032890.281,2026-08-06 23:14:50,MANUAL,True,-7.9262475,112.5948851,230.48,0.0,0.0,IDLE,,
1786032890.450,2026-08-06 23:14:50,MANUAL,True,-7.9262475,112.594885,230.48,0.0,0.0,IDLE,,
1786032890.639,2026-08-06 23:14:50,MANUAL,True,-7.9262476,112.594885,230.49,0.0,0.0,IDLE,,
1786032890.781,2026-08-06 23:14:50,MANUAL,True,-7.9262477,112.5948849,230.5,0.0,0.0,IDLE,,
1786032890.935,2026-08-06 23:14:50,MANUAL,True,-7.9262478,112.5948849,230.51,0.0,0.0,IDLE,,
1786032891.083,2026-08-06 23:14:51,MANUAL,True,-7.9262478,112.5948849,230.51,0.0,0.0,IDLE,,
1786032891.230,2026-08-06 23:14:51,MANUAL,True,-7.9262478,112.594885,230.51,0.0,0.0,IDLE,,
1786032891.386,2026-08-06 23:14:51,MANUAL,True,-7.9262478,112.5948851,230.51,0.0,0.0,IDLE,,
1786032891.526,2026-08-06 23:14:51,MANUAL,True,-7.9262478,112.5948852,230.52,0.0,0.0,IDLE,,
1786032892.174,2026-08-06 23:14:52,MANUAL,True,-7.9262474,112.5948856,230.53,0.0,0.0,IDLE,,
1786032892.408,2026-08-06 23:14:52,MANUAL,True,-7.9262474,112.5948857,230.54,0.0,0.0,IDLE,,
1786032892.548,2026-08-06 23:14:52,MANUAL,True,-7.9262472,112.5948858,230.54,0.0,0.0,IDLE,,
1786032892.686,2026-08-06 23:14:52,MANUAL,True,-7.9262471,112.5948858,230.54,0.0,0.0,IDLE,,
1786032892.824,2026-08-06 23:14:52,MANUAL,True,-7.9262469,112.5948859,230.52,0.0,0.0,IDLE,,
1786032892.961,2026-08-06 23:14:52,MANUAL,True,-7.9262468,112.5948858,230.53,0.0,0.0,IDLE,,
1786032893.101,2026-08-06 23:14:53,MANUAL,True,-7.9262466,112.5948857,230.54,0.0,0.0,IDLE,,
1786032893.237,2026-08-06 23:14:53,MANUAL,True,-7.9262464,112.5948855,230.53,0.0,0.0,IDLE,,
1786032893.377,2026-08-06 23:14:53,MANUAL,True,-7.9262464,112.5948854,230.53,0.0,0.0,IDLE,,
1786032893.516,2026-08-06 23:14:53,MANUAL,True,-7.9262463,112.5948852,230.53,0.0,0.0,IDLE,,
1786032893.664,2026-08-06 23:14:53,MANUAL,True,-7.9262462,112.5948851,230.54,0.0,0.0,IDLE,,
1786032893.809,2026-08-06 23:14:53,MANUAL,True,-7.9262462,112.594885,230.55,0.0,0.0,IDLE,,
1786032893.950,2026-08-06 23:14:53,MANUAL,True,-7.9262461,112.594885,230.58,0.0,0.0,IDLE,,
1786032894.082,2026-08-06 23:14:54,MANUAL,True,-7.926246,112.594885,230.59,0.0,0.0,IDLE,,
1786032894.216,2026-08-06 23:14:54,MANUAL,True,-7.926246,112.5948848,230.64,0.0,0.0,IDLE,,
1786032894.368,2026-08-06 23:14:54,MANUAL,True,-7.9262459,112.5948848,230.69,0.0,0.0,IDLE,,
1786032894.517,2026-08-06 23:14:54,MANUAL,True,-7.9262458,112.5948847,230.73,0.0,0.0,IDLE,,
1786032894.661,2026-08-06 23:14:54,MANUAL,True,-7.9262458,112.5948848,230.7,0.0,0.0,IDLE,,
1786032894.812,2026-08-06 23:14:54,MANUAL,True,-7.9262458,112.5948848,230.7,0.0,0.0,IDLE,,
1786032894.963,2026-08-06 23:14:54,MANUAL,True,-7.9262458,112.5948847,230.68,0.0,0.0,IDLE,,
1786032895.104,2026-08-06 23:14:55,MANUAL,True,-7.9262458,112.5948847,230.67,0.0,0.0,IDLE,,
1786032895.247,2026-08-06 23:14:55,MANUAL,True,-7.9262458,112.5948846,230.65,0.0,0.0,IDLE,,
1786032895.390,2026-08-06 23:14:55,MANUAL,True,-7.9262458,112.5948846,230.65,0.0,0.0,IDLE,,
1786032895.535,2026-08-06 23:14:55,MANUAL,True,-7.9262459,112.5948844,230.67,0.0,0.0,IDLE,,
1786032895.684,2026-08-06 23:14:55,MANUAL,True,-7.9262459,112.5948843,230.68,0.0,0.0,IDLE,,
1786032895.839,2026-08-06 23:14:55,MANUAL,True,-7.9262459,112.5948841,230.64,0.0,0.0,IDLE,,
1786032896.019,2026-08-06 23:14:56,MANUAL,True,-7.9262458,112.5948839,230.65,0.0,0.0,IDLE,,
1786032896.213,2026-08-06 23:14:56,MANUAL,True,-7.9262458,112.5948835,230.64,0.0,0.0,IDLE,,
1786032896.398,2026-08-06 23:14:56,MANUAL,True,-7.9262456,112.594883,230.65,0.0,0.0,IDLE,,
1786032896.564,2026-08-06 23:14:56,MANUAL,True,-7.9262455,112.5948824,230.64,0.0,0.0,IDLE,,
1786032896.718,2026-08-06 23:14:56,MANUAL,True,-7.9262454,112.5948821,230.64,0.0,0.0,IDLE,,
1786032896.900,2026-08-06 23:14:56,MANUAL,True,-7.9262453,112.5948816,230.65,0.0,0.0,IDLE,,
1786032897.054,2026-08-06 23:14:57,MANUAL,True,-7.9262451,112.5948811,230.63,0.0,0.0,IDLE,,
1786032897.248,2026-08-06 23:14:57,MANUAL,True,-7.926245,112.5948808,230.64,0.0,0.0,IDLE,,
1786032897.419,2026-08-06 23:14:57,MANUAL,True,-7.9262448,112.5948802,230.62,0.0,0.0,IDLE,,
1786032897.564,2026-08-06 23:14:57,MANUAL,True,-7.9262446,112.5948797,230.62,0.0,0.0,IDLE,,
1786032897.701,2026-08-06 23:14:57,MANUAL,True,-7.9262446,112.5948797,230.62,0.0,0.0,IDLE,,
1786032897.843,2026-08-06 23:14:57,MANUAL,True,-7.9262444,112.5948791,230.63,0.0,0.0,IDLE,,
1786032897.983,2026-08-06 23:14:57,MANUAL,True,-7.9262443,112.5948788,230.63,0.0,0.0,IDLE,,
1786032898.133,2026-08-06 23:14:58,MANUAL,True,-7.9262441,112.5948783,230.64,0.0,0.0,IDLE,,
1786032898.277,2026-08-06 23:14:58,MANUAL,True,-7.926244,112.5948778,230.64,0.0,0.0,IDLE,,
1786032898.425,2026-08-06 23:14:58,MANUAL,True,-7.9262439,112.5948771,230.63,0.0,0.0,IDLE,,
1786032898.573,2026-08-06 23:14:58,MANUAL,True,-7.9262438,112.5948768,230.65,0.0,0.0,IDLE,,
1786032898.770,2026-08-06 23:14:58,MANUAL,True,-7.9262436,112.5948763,230.64,0.0,0.0,IDLE,,
1786032898.934,2026-08-06 23:14:58,MANUAL,True,-7.9262432,112.5948756,230.63,0.0,0.0,IDLE,,
1786032899.079,2026-08-06 23:14:59,MANUAL,True,-7.9262431,112.5948753,230.63,0.0,0.0,IDLE,,
1786032899.237,2026-08-06 23:14:59,MANUAL,True,-7.9262428,112.5948747,230.62,0.0,0.0,IDLE,,
1786032899.385,2026-08-06 23:14:59,MANUAL,True,-7.9262427,112.5948744,230.63,0.0,0.0,IDLE,,
1786032899.530,2026-08-06 23:14:59,MANUAL,True,-7.9262424,112.5948736,230.63,0.0,0.0,IDLE,,
1786032899.692,2026-08-06 23:14:59,MANUAL,True,-7.9262423,112.5948732,230.63,0.0,0.0,IDLE,,
1786032899.847,2026-08-06 23:14:59,MANUAL,True,-7.9262421,112.5948727,230.62,0.0,0.0,IDLE,,
1786032899.997,2026-08-06 23:14:59,MANUAL,True,-7.926242,112.5948724,230.62,0.0,0.0,IDLE,,
1786032900.180,2026-08-06 23:15:00,MANUAL,True,-7.9262418,112.5948719,230.64,0.0,0.0,IDLE,,
1786032900.345,2026-08-06 23:15:00,MANUAL,True,-7.9262415,112.5948717,230.64,0.0,0.0,IDLE,,
1786032900.523,2026-08-06 23:15:00,MANUAL,True,-7.9262413,112.5948716,230.64,0.0,0.0,IDLE,,
1786032900.666,2026-08-06 23:15:00,MANUAL,True,-7.9262412,112.5948716,230.63,0.0,0.0,IDLE,,
1786032900.822,2026-08-06 23:15:00,MANUAL,True,-7.9262412,112.5948716,230.63,0.0,0.0,IDLE,,
1786032900.973,2026-08-06 23:15:00,MANUAL,True,-7.926241,112.5948714,230.59,0.0,0.0,IDLE,,
1786032901.135,2026-08-06 23:15:01,MANUAL,True,-7.9262409,112.5948713,230.62,0.0,0.0,IDLE,,
1786032901.320,2026-08-06 23:15:01,MANUAL,True,-7.9262408,112.5948713,230.61,0.0,0.0,IDLE,,
1786032901.474,2026-08-06 23:15:01,MANUAL,True,-7.9262407,112.5948712,230.62,0.0,0.0,IDLE,,
1786032901.646,2026-08-06 23:15:01,MANUAL,True,-7.9262406,112.5948713,230.64,0.0,0.0,IDLE,,
1786032901.803,2026-08-06 23:15:01,MANUAL,True,-7.9262406,112.5948713,230.64,0.0,0.0,IDLE,,
1786032901.968,2026-08-06 23:15:01,MANUAL,True,-7.9262405,112.5948715,230.63,0.0,0.0,IDLE,,
1786032902.127,2026-08-06 23:15:02,MANUAL,True,-7.9262405,112.5948717,230.63,0.0,0.0,IDLE,,
1786032902.267,2026-08-06 23:15:02,MANUAL,True,-7.9262403,112.5948719,230.61,0.0,0.0,IDLE,,
1786032902.439,2026-08-06 23:15:02,MANUAL,True,-7.9262402,112.5948722,230.61,0.0,0.0,IDLE,,
1786032902.589,2026-08-06 23:15:02,MANUAL,True,-7.9262402,112.5948723,230.61,0.0,0.0,IDLE,,
1786032902.754,2026-08-06 23:15:02,MANUAL,True,-7.9262401,112.5948728,230.62,0.0,0.0,IDLE,,
1786032902.914,2026-08-06 23:15:02,MANUAL,True,-7.92624,112.5948731,230.63,0.0,0.0,IDLE,,
1786032903.093,2026-08-06 23:15:03,MANUAL,True,-7.9262399,112.5948737,230.63,0.0,0.0,IDLE,,
1786032903.378,2026-08-06 23:15:03,MANUAL,True,-7.9262398,112.5948745,230.6,0.0,0.0,IDLE,,
1786032903.598,2026-08-06 23:15:03,MANUAL,True,-7.9262398,112.5948751,230.61,0.0,0.0,IDLE,,
1786032903.762,2026-08-06 23:15:03,MANUAL,True,-7.9262399,112.5948757,230.6,0.0,0.0,IDLE,,
1786032903.950,2026-08-06 23:15:03,MANUAL,True,-7.92624,112.5948762,230.6,0.0,0.0,IDLE,,
1786032904.094,2026-08-06 23:15:04,MANUAL,True,-7.9262401,112.5948765,230.61,0.0,0.0,IDLE,,
1786032904.238,2026-08-06 23:15:04,MANUAL,True,-7.9262403,112.5948773,230.6,0.0,0.0,IDLE,,
1786032904.385,2026-08-06 23:15:04,MANUAL,True,-7.9262403,112.5948778,230.61,0.0,0.0,IDLE,,
1786032904.525,2026-08-06 23:15:04,MANUAL,True,-7.9262404,112.5948783,230.6,0.0,0.0,IDLE,,
1786032904.665,2026-08-06 23:15:04,MANUAL,True,-7.9262405,112.5948792,230.6,0.0,0.0,IDLE,,
1786032904.817,2026-08-06 23:15:04,MANUAL,True,-7.9262406,112.5948796,230.61,0.0,0.0,IDLE,,
1786032904.963,2026-08-06 23:15:04,MANUAL,True,-7.9262407,112.5948803,230.59,0.0,0.0,IDLE,,
1786032905.123,2026-08-06 23:15:05,MANUAL,True,-7.9262407,112.5948806,230.57,0.0,0.0,IDLE,,
1786032905.268,2026-08-06 23:15:05,MANUAL,True,-7.9262408,112.5948812,230.57,0.0,0.0,IDLE,,
1786032905.418,2026-08-06 23:15:05,MANUAL,True,-7.9262408,112.5948814,230.57,0.0,0.0,IDLE,,
1786032905.570,2026-08-06 23:15:05,MANUAL,True,-7.9262408,112.5948818,230.58,0.0,0.0,IDLE,,
1786032905.731,2026-08-06 23:15:05,MANUAL,True,-7.9262408,112.594882,230.6,0.0,0.0,IDLE,,
1786032905.879,2026-08-06 23:15:05,MANUAL,True,-7.9262409,112.5948824,230.59,0.0,0.0,IDLE,,
1786032906.016,2026-08-06 23:15:06,MANUAL,True,-7.9262409,112.5948826,230.6,0.0,0.0,IDLE,,
1786032906.154,2026-08-06 23:15:06,MANUAL,True,-7.9262409,112.5948828,230.62,0.0,0.0,IDLE,,
1786032906.297,2026-08-06 23:15:06,MANUAL,True,-7.926241,112.5948829,230.6,0.0,0.0,IDLE,,
1786032906.444,2026-08-06 23:15:06,MANUAL,True,-7.926241,112.5948829,230.6,0.0,0.0,IDLE,,
1786032906.607,2026-08-06 23:15:06,MANUAL,True,-7.9262411,112.594883,230.59,0.0,0.0,IDLE,,
1786032906.752,2026-08-06 23:15:06,MANUAL,True,-7.9262411,112.594883,230.59,0.0,0.0,IDLE,,
1786032906.896,2026-08-06 23:15:06,MANUAL,True,-7.9262412,112.5948831,230.58,0.0,0.0,IDLE,,
1786032907.038,2026-08-06 23:15:07,MANUAL,True,-7.9262413,112.594883,230.58,0.0,0.0,IDLE,,
1786032907.184,2026-08-06 23:15:07,MANUAL,True,-7.9262413,112.594883,230.6,0.0,0.0,IDLE,,
1786032907.340,2026-08-06 23:15:07,MANUAL,True,-7.9262413,112.5948828,230.61,0.0,0.0,IDLE,,
1786032907.489,2026-08-06 23:15:07,MANUAL,True,-7.9262413,112.5948826,230.61,0.0,0.0,IDLE,,
1786032907.631,2026-08-06 23:15:07,MANUAL,True,-7.9262413,112.5948826,230.61,0.0,0.0,IDLE,,
1786032907.777,2026-08-06 23:15:07,MANUAL,True,-7.9262413,112.5948822,230.62,0.0,0.0,IDLE,,
1786032907.924,2026-08-06 23:15:07,MANUAL,True,-7.9262412,112.5948818,230.64,0.0,0.0,IDLE,,
1786032908.071,2026-08-06 23:15:08,MANUAL,True,-7.926241,112.5948814,230.63,0.0,0.0,IDLE,,
1786032908.211,2026-08-06 23:15:08,MANUAL,True,-7.9262408,112.5948811,230.64,0.0,0.0,IDLE,,
1786032908.363,2026-08-06 23:15:08,MANUAL,True,-7.9262406,112.5948807,230.63,0.0,0.0,IDLE,,
1786032908.501,2026-08-06 23:15:08,MANUAL,True,-7.9262404,112.5948802,230.63,0.0,0.0,IDLE,,
1786032908.648,2026-08-06 23:15:08,MANUAL,True,-7.9262404,112.5948802,230.63,0.0,0.0,IDLE,,
1786032908.821,2026-08-06 23:15:08,MANUAL,True,-7.9262402,112.5948797,230.61,0.0,0.0,IDLE,,
1786032908.985,2026-08-06 23:15:08,MANUAL,True,-7.9262402,112.5948796,230.61,0.0,0.0,IDLE,,
1786032909.145,2026-08-06 23:15:09,MANUAL,True,-7.9262401,112.5948795,230.61,0.0,0.0,IDLE,,
1786032909.284,2026-08-06 23:15:09,MANUAL,True,-7.9262401,112.5948794,230.61,0.0,0.0,IDLE,,
1786032909.452,2026-08-06 23:15:09,MANUAL,True,-7.9262402,112.5948793,230.62,0.0,0.0,IDLE,,
1786032909.598,2026-08-06 23:15:09,MANUAL,True,-7.9262402,112.5948793,230.61,0.0,0.0,IDLE,,
1786032909.753,2026-08-06 23:15:09,MANUAL,True,-7.9262402,112.5948792,230.61,0.0,0.0,IDLE,,
1786032909.905,2026-08-06 23:15:09,MANUAL,True,-7.9262402,112.5948789,230.61,0.0,0.0,IDLE,,
1786032910.073,2026-08-06 23:15:10,MANUAL,True,-7.9262402,112.5948787,230.6,0.0,0.0,IDLE,,
1786032910.230,2026-08-06 23:15:10,MANUAL,True,-7.9262402,112.5948786,230.59,0.0,0.0,IDLE,,
1786032910.379,2026-08-06 23:15:10,MANUAL,True,-7.9262402,112.5948784,230.59,0.0,0.0,IDLE,,
1786032910.520,2026-08-06 23:15:10,MANUAL,True,-7.9262403,112.5948783,230.59,0.0,0.0,IDLE,,
1786032910.672,2026-08-06 23:15:10,MANUAL,True,-7.9262403,112.5948785,230.59,0.0,0.0,IDLE,,
1786032910.831,2026-08-06 23:15:10,MANUAL,True,-7.9262404,112.5948786,230.59,0.0,0.0,IDLE,,
1786032910.984,2026-08-06 23:15:10,MANUAL,True,-7.9262405,112.5948788,230.59,0.0,0.0,IDLE,,
1786032911.149,2026-08-06 23:15:11,MANUAL,True,-7.9262406,112.5948791,230.6,0.0,0.0,IDLE,,
1786032911.301,2026-08-06 23:15:11,MANUAL,True,-7.9262407,112.5948793,230.6,0.0,0.0,IDLE,,
1786032911.447,2026-08-06 23:15:11,MANUAL,True,-7.9262408,112.5948796,230.61,0.0,0.0,IDLE,,
1786032911.602,2026-08-06 23:15:11,MANUAL,True,-7.9262409,112.5948799,230.62,0.0,0.0,IDLE,,
1786032911.746,2026-08-06 23:15:11,MANUAL,True,-7.9262409,112.5948799,230.62,0.0,0.0,IDLE,,
1786032911.886,2026-08-06 23:15:11,MANUAL,True,-7.926241,112.5948809,230.61,0.0,0.0,IDLE,,
1786032912.036,2026-08-06 23:15:12,MANUAL,True,-7.9262411,112.5948814,230.61,0.0,0.0,IDLE,,
1786032912.190,2026-08-06 23:15:12,MANUAL,True,-7.9262412,112.5948823,230.61,0.0,0.0,IDLE,,
1786032912.342,2026-08-06 23:15:12,MANUAL,True,-7.9262413,112.5948827,230.62,0.0,0.0,IDLE,,
1786032912.486,2026-08-06 23:15:12,MANUAL,True,-7.9262416,112.5948833,230.61,0.0,0.0,IDLE,,
1786032912.631,2026-08-06 23:15:12,MANUAL,True,-7.9262417,112.5948838,230.62,0.0,0.0,IDLE,,
1786032912.789,2026-08-06 23:15:12,MANUAL,True,-7.9262417,112.5948838,230.62,0.0,0.0,IDLE,,
1786032912.945,2026-08-06 23:15:12,MANUAL,True,-7.9262421,112.5948851,230.64,0.0,0.0,IDLE,,
1786032913.096,2026-08-06 23:15:13,MANUAL,False,-7.9262424,112.5948857,230.66,0.0,0.0,IDLE,,
1786032913.254,2026-08-06 23:15:13,MANUAL,False,-7.9262425,112.5948859,230.65,0.0,0.0,IDLE,,
1786032913.411,2026-08-06 23:15:13,MANUAL,False,-7.9262427,112.5948865,230.64,0.0,0.0,IDLE,,
1786032913.552,2026-08-06 23:15:13,MANUAL,False,-7.9262428,112.5948868,230.64,0.0,0.0,IDLE,,
1786032913.698,2026-08-06 23:15:13,MANUAL,False,-7.9262429,112.5948872,230.63,0.0,0.0,IDLE,,
1786032913.871,2026-08-06 23:15:13,GUIDED,True,-7.9262429,112.5948877,230.63,0.0,0.0,START,,
1786032914.077,2026-08-06 23:15:14,GUIDED,True,-7.926243,112.5948884,230.61,0.0,0.0,START,,
1786032914.253,2026-08-06 23:15:14,GUIDED,True,-7.9262431,112.5948891,230.64,0.0,0.0,START,,
1786032914.406,2026-08-06 23:15:14,GUIDED,True,-7.9262431,112.5948895,230.64,0.0,0.0,START,,
1786032914.553,2026-08-06 23:15:14,GUIDED,True,-7.9262431,112.5948902,230.64,0.0,0.0,START,,
1786032914.697,2026-08-06 23:15:14,GUIDED,True,-7.9262431,112.5948903,230.65,0.0,0.0,START,,
1786032914.849,2026-08-06 23:15:14,GUIDED,True,-7.9262431,112.5948908,230.66,0.0,0.0,START,,
1786032915.001,2026-08-06 23:15:15,GUIDED,True,-7.9262431,112.594891,230.65,0.0,0.0,START,,
1786032915.156,2026-08-06 23:15:15,GUIDED,True,-7.9262432,112.5948916,230.67,0.0,0.0,START,,
1786032915.388,2026-08-06 23:15:15,GUIDED,True,-7.9262433,112.5948922,230.69,0.0,0.0,START,,
1786032915.614,2026-08-06 23:15:15,GUIDED,True,-7.9262434,112.5948934,230.68,0.0,0.0,START,,
1786032915.834,2026-08-06 23:15:15,GUIDED,True,-7.9262435,112.5948942,230.69,0.0,0.0,START,,
1786032915.983,2026-08-06 23:15:15,GUIDED,True,-7.9262435,112.5948946,230.7,0.0,0.0,🔴 FAILSAFE: TARGET LOST,,
1786032916.148,2026-08-06 23:15:16,MANUAL,True,-7.9262436,112.5948954,230.67,0.0,0.0,🔴 FAILSAFE: TARGET LOST,,
1786032916.304,2026-08-06 23:15:16,MANUAL,True,-7.9262436,112.5948959,230.68,0.0,0.0,🔴 FAILSAFE: TARGET LOST,,
1786032916.455,2026-08-06 23:15:16,MANUAL,True,-7.9262437,112.5948968,230.69,0.0,0.0,🔴 FAILSAFE: TARGET LOST,,
1786032916.598,2026-08-06 23:15:16,MANUAL,True,-7.9262438,112.5948973,230.69,0.0,0.0,🔴 FAILSAFE: TARGET LOST,,
1786032916.745,2026-08-06 23:15:16,MANUAL,True,-7.9262438,112.5948983,230.69,0.0,0.0,🔴 FAILSAFE: TARGET LOST,,
1786032916.899,2026-08-06 23:15:16,MANUAL,True,-7.9262439,112.5948987,230.69,0.0,0.0,🔴 FAILSAFE: TARGET LOST,,
1786032917.046,2026-08-06 23:15:17,MANUAL,True,-7.9262439,112.5948994,230.7,0.0,0.0,🔴 FAILSAFE: TARGET LOST,,
1786032917.189,2026-08-06 23:15:17,MANUAL,True,-7.926244,112.5948995,230.7,0.0,0.0,🔴 FAILSAFE: TARGET LOST,,
1786032917.331,2026-08-06 23:15:17,MANUAL,True,-7.926244,112.5948996,230.71,0.0,0.0,🔴 FAILSAFE: TARGET LOST,,
1786032917.471,2026-08-06 23:15:17,MANUAL,True,-7.926244,112.5948994,230.72,0.0,0.0,🔴 FAILSAFE: TARGET LOST,,
1786032917.616,2026-08-06 23:15:17,MANUAL,True,-7.926244,112.5948993,230.73,0.0,0.0,🔴 FAILSAFE: TARGET LOST,,
1786032917.766,2026-08-06 23:15:17,MANUAL,True,-7.9262439,112.5948992,230.73,0.0,0.0,🔴 FAILSAFE: TARGET LOST,,
1786032917.913,2026-08-06 23:15:17,MANUAL,True,-7.9262439,112.5948991,230.73,0.0,0.0,🔴 FAILSAFE: TARGET LOST,,
1786032918.053,2026-08-06 23:15:18,MANUAL,True,-7.9262439,112.5948987,230.74,0.0,0.0,🔴 FAILSAFE: TARGET LOST,,
1786032918.195,2026-08-06 23:15:18,MANUAL,True,-7.9262439,112.5948986,230.74,0.0,0.0,🔴 FAILSAFE: TARGET LOST,,
1786032918.343,2026-08-06 23:15:18,MANUAL,True,-7.9262438,112.5948981,230.73,0.0,0.0,🔴 FAILSAFE: TARGET LOST,,
1786032918.507,2026-08-06 23:15:18,MANUAL,True,-7.9262437,112.5948979,230.72,0.0,0.0,TRACKING_BUOY (MANUAL),640,320
1786032918.655,2026-08-06 23:15:18,MANUAL,True,-7.9262436,112.5948978,230.72,0.0,0.0,TRACKING_BUOY (MANUAL),640,320
1786032918.830,2026-08-06 23:15:18,MANUAL,True,-7.9262434,112.5948976,230.75,0.0,0.0,TRACKING_BUOY (MANUAL),640,320
1786032918.982,2026-08-06 23:15:18,MANUAL,True,-7.9262433,112.5948971,230.77,0.0,0.0,TRACKING_BUOY (MANUAL),640,320
1786032919.173,2026-08-06 23:15:19,MANUAL,True,-7.9262431,112.5948964,230.75,0.0,0.0,TRACKING_BUOY (MANUAL),640,320
1786032919.324,2026-08-06 23:15:19,MANUAL,True,-7.926243,112.594896,230.76,0.0,0.0,TRACKING_BUOY (MANUAL),640,320
1786032919.467,2026-08-06 23:15:19,MANUAL,True,-7.9262428,112.5948951,230.78,0.0,0.0,TRACKING_BUOY (MANUAL),640,320
1786032919.615,2026-08-06 23:15:19,MANUAL,True,-7.9262427,112.5948946,230.77,0.0,0.0,TRACKING_BUOY (MANUAL),640,320
1786032919.756,2026-08-06 23:15:19,MANUAL,True,-7.9262425,112.5948939,230.76,0.0,0.0,TRACKING_BUOY (MANUAL),640,320
1786032919.906,2026-08-06 23:15:19,MANUAL,True,-7.9262425,112.5948935,230.69,0.0,0.0,TRACKING_BUOY (MANUAL),640,320
1786032920.052,2026-08-06 23:15:20,MANUAL,True,-7.9262423,112.5948928,230.7,0.0,0.0,TRACKING_BUOY (MANUAL),640,320
1786032920.205,2026-08-06 23:15:20,MANUAL,True,-7.9262422,112.5948925,230.7,0.0,0.0,TRACKING_BUOY (MANUAL),640,320
1786032920.356,2026-08-06 23:15:20,MANUAL,True,-7.926242,112.5948915,230.65,0.0,0.0,🔴 FAILSAFE: TARGET LOST,,
1786032920.508,2026-08-06 23:15:20,MANUAL,True,-7.9262419,112.5948911,230.65,0.0,0.0,🔴 FAILSAFE: TARGET LOST,,
1786032920.680,2026-08-06 23:15:20,MANUAL,True,-7.9262417,112.5948903,230.6,0.0,0.0,TRACKING_BUOY (MANUAL),640,320
1786032920.839,2026-08-06 23:15:20,MANUAL,True,-7.9262415,112.5948898,230.58,0.0,0.0,TRACKING_BUOY (MANUAL),640,320
1786032920.989,2026-08-06 23:15:20,MANUAL,True,-7.9262413,112.5948898,230.6,0.0,0.0,TRACKING_BUOY (MANUAL),596,276
1786032921.140,2026-08-06 23:15:21,MANUAL,True,-7.9262411,112.5948899,230.75,0.0,0.0,TRACKING_BUOY (MANUAL),554,234
1786032921.300,2026-08-06 23:15:21,MANUAL,True,-7.9262409,112.5948901,230.88,0.0,0.0,TRACKING_BUOY (MANUAL),510,190
1786032921.450,2026-08-06 23:15:21,MANUAL,True,-7.9262406,112.5948901,230.6,0.0,0.0,TRACKING_BUOY (MANUAL),498,178
1786032921.597,2026-08-06 23:15:21,MANUAL,True,-7.9262405,112.59489,230.64,0.0,0.0,TRACKING_BUOY (MANUAL),484,164
1786032921.753,2026-08-06 23:15:21,MANUAL,True,-7.9262404,112.5948899,230.64,0.0,0.0,TRACKING_BUOY (MANUAL),470,150
1786032921.905,2026-08-06 23:15:21,MANUAL,True,-7.92624,112.5948896,230.68,0.0,0.0,TRACKING_BUOY (MANUAL),356,36
1786032922.060,2026-08-06 23:15:22,MANUAL,True,-7.9262397,112.5948894,230.59,0.0,0.0,TRACKING_BUOY (MANUAL),463,143
1786032922.214,2026-08-06 23:15:22,MANUAL,True,-7.9262396,112.5948894,230.59,0.0,0.0,TRACKING_BUOY (MANUAL),454,134
1786032922.371,2026-08-06 23:15:22,MANUAL,True,-7.9262392,112.5948893,230.56,0.0,0.0,TRACKING_BUOY (MANUAL),448,128
1786032922.523,2026-08-06 23:15:22,MANUAL,True,-7.9262391,112.5948892,230.56,0.0,0.0,TRACKING_BUOY (MANUAL),444,124
1786032922.666,2026-08-06 23:15:22,MANUAL,True,-7.9262388,112.5948892,230.58,0.0,0.0,TRACKING_BUOY (MANUAL),440,120
1786032922.813,2026-08-06 23:15:22,MANUAL,True,-7.9262386,112.5948891,230.59,0.0,0.0,TRACKING_BUOY (MANUAL),436,116
1786032922.957,2026-08-06 23:15:22,MANUAL,True,-7.9262383,112.5948889,230.67,0.0,0.0,TRACKING_BUOY (MANUAL),436,116
1786032923.109,2026-08-06 23:15:23,MANUAL,True,-7.9262381,112.5948888,230.7,0.0,0.0,TRACKING_BUOY (MANUAL),436,116
1786032923.261,2026-08-06 23:15:23,MANUAL,True,-7.9262378,112.5948888,230.63,0.0,0.0,TRACKING_BUOY (MANUAL),434,114
1786032923.947,2026-08-06 23:15:23,MANUAL,True,-7.9262371,112.5948878,230.67,0.0,0.0,TRACKING_BUOY (MANUAL),421,101
1786032924.105,2026-08-06 23:15:24,MANUAL,True,-7.926237,112.5948874,230.68,0.0,0.0,TRACKING_BUOY (MANUAL),412,92
1786032924.281,2026-08-06 23:15:24,MANUAL,True,-7.9262369,112.5948867,230.69,0.0,0.0,TRACKING_BUOY (MANUAL),397,77
1786032924.423,2026-08-06 23:15:24,MANUAL,True,-7.9262368,112.5948863,230.68,0.0,0.0,TRACKING_BUOY (MANUAL),376,56
1786032924.569,2026-08-06 23:15:24,MANUAL,True,-7.9262367,112.5948855,230.69,0.0,0.0,TRACKING_BUOY (MANUAL),366,46
1786032924.722,2026-08-06 23:15:24,MANUAL,True,-7.9262367,112.5948849,230.72,0.0,0.0,TRACKING_BUOY (MANUAL),359,39
1786032924.877,2026-08-06 23:15:24,MANUAL,True,-7.9262366,112.5948843,230.73,0.0,0.0,TRACKING_BUOY (MANUAL),359,39
1786032925.034,2026-08-06 23:15:25,MANUAL,True,-7.9262366,112.5948842,230.74,0.0,0.0,TRACKING_BUOY (MANUAL),357,37
1786032925.184,2026-08-06 23:15:25,MANUAL,True,-7.9262365,112.594884,230.74,0.0,0.0,TRACKING_BUOY (MANUAL),355,35
1786032925.338,2026-08-06 23:15:25,MANUAL,True,-7.9262365,112.5948838,230.75,0.0,0.0,TRACKING_BUOY (MANUAL),353,33
1786032925.499,2026-08-06 23:15:25,MANUAL,True,-7.9262365,112.5948835,230.75,0.0,0.0,TRACKING_BUOY (MANUAL),342,22
1786032925.649,2026-08-06 23:15:25,MANUAL,True,-7.9262365,112.5948835,230.75,0.0,0.0,TRACKING_BUOY (MANUAL),337,17
1786032925.803,2026-08-06 23:15:25,MANUAL,True,-7.9262365,112.5948835,230.75,0.0,0.0,TRACKING_BUOY (MANUAL),333,13
1786032925.949,2026-08-06 23:15:25,MANUAL,True,-7.9262365,112.5948834,230.77,0.0,0.0,TRACKING_BUOY (MANUAL),321,1
1786032926.115,2026-08-06 23:15:26,MANUAL,True,-7.9262364,112.5948832,230.79,0.0,0.0,TRACKING_BUOY (MANUAL),312,-8
1786032926.263,2026-08-06 23:15:26,MANUAL,True,-7.9262363,112.5948831,230.78,0.0,0.0,TRACKING_BUOY (MANUAL),305,-15
1786032926.404,2026-08-06 23:15:26,MANUAL,True,-7.9262363,112.5948831,230.79,0.0,0.0,TRACKING_BUOY (MANUAL),303,-17
1786032926.555,2026-08-06 23:15:26,MANUAL,True,-7.9262362,112.594883,230.81,0.0,0.0,TRACKING_BUOY (MANUAL),304,-16
1786032926.705,2026-08-06 23:15:26,MANUAL,True,-7.9262362,112.5948829,230.81,0.0,0.0,TRACKING_BUOY (MANUAL),304,-16
1786032926.865,2026-08-06 23:15:26,MANUAL,True,-7.9262362,112.5948829,230.84,0.0,0.0,TRACKING_BUOY (MANUAL),303,-17
1786032927.014,2026-08-06 23:15:27,MANUAL,True,-7.9262362,112.5948829,230.85,0.0,0.0,TRACKING_BUOY (MANUAL),297,-23
1786032927.167,2026-08-06 23:15:27,MANUAL,True,-7.9262361,112.5948828,230.86,0.0,0.0,TRACKING_BUOY (MANUAL),292,-28
1786032927.321,2026-08-06 23:15:27,MANUAL,True,-7.9262361,112.5948827,230.86,0.0,0.0,TRACKING_BUOY (MANUAL),293,-27
1786032927.471,2026-08-06 23:15:27,MANUAL,True,-7.926236,112.5948826,230.91,0.0,0.0,TRACKING_BUOY (MANUAL),296,-24
1786032927.613,2026-08-06 23:15:27,MANUAL,True,-7.9262359,112.5948827,230.9,0.0,0.0,TRACKING_BUOY (MANUAL),312,-8
1786032927.762,2026-08-06 23:15:27,MANUAL,True,-7.9262359,112.5948827,230.9,0.0,0.0,TRACKING_BUOY (MANUAL),321,1
1786032927.922,2026-08-06 23:15:27,MANUAL,True,-7.9262358,112.5948829,230.77,0.0,0.0,TRACKING_BUOY (MANUAL),326,6
1786032928.072,2026-08-06 23:15:28,MANUAL,True,-7.9262357,112.594883,230.83,0.0,0.0,TRACKING_BUOY (MANUAL),325,5
1786032928.233,2026-08-06 23:15:28,MANUAL,True,-7.9262355,112.594883,230.84,0.0,0.0,TRACKING_BUOY (MANUAL),325,5
1786032928.408,2026-08-06 23:15:28,MANUAL,True,-7.9262352,112.5948829,230.84,0.0,0.0,TRACKING_BUOY (MANUAL),323,3
1786032928.555,2026-08-06 23:15:28,MANUAL,True,-7.9262351,112.5948828,230.84,0.0,0.0,TRACKING_BUOY (MANUAL),322,2
1786032928.703,2026-08-06 23:15:28,MANUAL,True,-7.9262348,112.5948825,230.83,0.0,0.0,TRACKING_BUOY (MANUAL),323,3
1786032928.865,2026-08-06 23:15:28,MANUAL,True,-7.9262345,112.594882,230.83,0.0,0.0,TRACKING_BUOY (MANUAL),325,5
1786032929.010,2026-08-06 23:15:29,MANUAL,True,-7.9262343,112.5948818,230.83,0.0,0.0,TRACKING_BUOY (MANUAL),326,6
1786032929.189,2026-08-06 23:15:29,MANUAL,True,-7.9262341,112.5948814,230.82,0.0,0.0,TRACKING_BUOY (MANUAL),329,9
1786032929.383,2026-08-06 23:15:29,MANUAL,True,-7.9262338,112.594881,230.84,0.0,0.0,TRACKING_BUOY (MANUAL),335,15
1786032929.526,2026-08-06 23:15:29,MANUAL,True,-7.9262336,112.5948808,230.83,0.0,0.0,TRACKING_BUOY (MANUAL),338,18
1786032929.666,2026-08-06 23:15:29,MANUAL,True,-7.9262333,112.5948803,230.85,0.0,0.0,TRACKING_BUOY (MANUAL),351,31
1786032929.808,2026-08-06 23:15:29,MANUAL,True,-7.9262331,112.5948801,230.85,0.0,0.0,TRACKING_BUOY (MANUAL),361,41
1786032929.956,2026-08-06 23:15:29,MANUAL,True,-7.9262328,112.5948796,230.85,0.0,0.0,TRACKING_BUOY (MANUAL),373,53
1786032930.105,2026-08-06 23:15:30,MANUAL,True,-7.9262327,112.5948795,230.84,0.0,0.0,TRACKING_BUOY (MANUAL),381,61
1786032930.253,2026-08-06 23:15:30,MANUAL,True,-7.9262324,112.5948791,230.86,0.0,0.0,TRACKING_BUOY (MANUAL),384,64
1786032930.401,2026-08-06 23:15:30,MANUAL,True,-7.9262322,112.5948789,230.86,0.0,0.0,TRACKING_BUOY (MANUAL),377,57
1786032930.547,2026-08-06 23:15:30,MANUAL,True,-7.9262319,112.5948784,230.87,0.0,0.0,TRACKING_BUOY (MANUAL),348,28
1786032930.695,2026-08-06 23:15:30,MANUAL,True,-7.9262317,112.594878,230.87,0.0,0.0,TRACKING_BUOY (MANUAL),321,1
1786032930.840,2026-08-06 23:15:30,MANUAL,True,-7.9262314,112.5948774,230.87,0.0,0.0,TRACKING_BUOY (MANUAL),299,-21
1786032930.984,2026-08-06 23:15:30,MANUAL,True,-7.9262312,112.594877,230.88,0.0,0.0,TRACKING_BUOY (MANUAL),283,-37
1786032931.139,2026-08-06 23:15:31,MANUAL,True,-7.9262309,112.5948761,230.87,0.0,0.0,TRACKING_BUOY (MANUAL),261,-59
1786032931.289,2026-08-06 23:15:31,MANUAL,True,-7.9262307,112.5948755,230.88,0.0,0.0,TRACKING_BUOY (MANUAL),249,-71
1786032931.436,2026-08-06 23:15:31,MANUAL,True,-7.9262303,112.5948746,230.9,0.0,0.0,TRACKING_BUOY (MANUAL),236,-84
1786032931.585,2026-08-06 23:15:31,MANUAL,True,-7.9262301,112.5948742,230.9,0.0,0.0,TRACKING_BUOY (MANUAL),232,-88
1786032931.729,2026-08-06 23:15:31,MANUAL,True,-7.92623,112.5948737,230.89,0.0,0.0,TRACKING_BUOY (MANUAL),233,-87
1786032931.879,2026-08-06 23:15:31,MANUAL,True,-7.9262296,112.5948728,230.87,0.0,0.0,TRACKING_BUOY (MANUAL),235,-85
1786032932.030,2026-08-06 23:15:32,MANUAL,True,-7.9262294,112.5948723,230.88,0.0,0.0,TRACKING_BUOY (MANUAL),235,-85
1786032932.185,2026-08-06 23:15:32,MANUAL,True,-7.926229,112.5948714,230.88,0.0,0.0,TRACKING_BUOY (MANUAL),237,-83
1786032932.329,2026-08-06 23:15:32,MANUAL,True,-7.9262288,112.5948708,230.89,0.0,0.0,TRACKING_BUOY (MANUAL),243,-77
1786032932.482,2026-08-06 23:15:32,MANUAL,True,-7.9262284,112.5948697,230.88,0.0,0.0,TRACKING_BUOY (MANUAL),257,-63
1786032932.629,2026-08-06 23:15:32,MANUAL,True,-7.9262282,112.5948692,230.89,0.0,0.0,TRACKING_BUOY (MANUAL),276,-44
1786032932.880,2026-08-06 23:15:32,MANUAL,True,-7.9262276,112.5948679,230.9,0.0,0.0,TRACKING_BUOY (MANUAL),294,-26
1786032933.191,2026-08-06 23:15:33,MANUAL,True,-7.9262271,112.5948666,230.82,0.0,0.0,TRACKING_BUOY (MANUAL),318,-2
1786032933.344,2026-08-06 23:15:33,MANUAL,True,-7.9262266,112.5948653,230.83,0.0,0.0,TRACKING_BUOY (MANUAL),329,9
1786032933.489,2026-08-06 23:15:33,MANUAL,True,-7.9262264,112.5948648,230.81,0.0,0.0,TRACKING_BUOY (MANUAL),329,9
1786032933.690,2026-08-06 23:15:33,MANUAL,True,-7.9262259,112.5948634,230.85,0.0,0.0,TRACKING_BUOY (MANUAL),329,9
1786032933.853,2026-08-06 23:15:33,MANUAL,True,-7.9262255,112.5948626,230.84,0.0,0.0,TRACKING_BUOY (MANUAL),329,9
1786032934.001,2026-08-06 23:15:34,MANUAL,True,-7.9262253,112.5948621,230.84,0.0,0.0,TRACKING_BUOY (MANUAL),316,-4
1786032934.158,2026-08-06 23:15:34,MANUAL,True,-7.9262248,112.5948611,230.87,0.0,0.0,TRACKING_BUOY (MANUAL),326,6
1786032934.307,2026-08-06 23:15:34,MANUAL,True,-7.9262246,112.5948603,230.88,0.0,0.0,TRACKING_BUOY (MANUAL),330,10
1786032934.478,2026-08-06 23:15:34,MANUAL,True,-7.9262241,112.5948588,230.88,0.0,0.0,TRACKING_BUOY (MANUAL),340,20
1786032934.625,2026-08-06 23:15:34,MANUAL,True,-7.9262239,112.5948579,230.9,0.0,0.0,TRACKING_BUOY (MANUAL),351,31
1786032934.775,2026-08-06 23:15:34,MANUAL,True,-7.9262237,112.5948571,230.9,0.0,0.0,TRACKING_BUOY (MANUAL),358,38
1786032934.928,2026-08-06 23:15:34,MANUAL,True,-7.9262233,112.5948553,230.9,0.0,0.0,TRACKING_BUOY (MANUAL),359,39
1786032935.069,2026-08-06 23:15:35,MANUAL,True,-7.9262229,112.5948533,230.9,0.0,0.0,TRACKING_BUOY (MANUAL),359,39
1786032935.223,2026-08-06 23:15:35,MANUAL,True,-7.9262227,112.5948524,230.91,0.0,0.0,TRACKING_BUOY (MANUAL),357,37
1786032935.377,2026-08-06 23:15:35,MANUAL,True,-7.9262223,112.5948507,230.93,0.0,0.0,TRACKING_BUOY (MANUAL),352,32
1786032935.524,2026-08-06 23:15:35,MANUAL,True,-7.9262221,112.5948498,230.93,0.0,0.0,TRACKING_BUOY (MANUAL),343,23
1786032935.665,2026-08-06 23:15:35,MANUAL,True,-7.9262217,112.5948482,230.95,0.0,0.0,TRACKING_BUOY (MANUAL),330,10
1786032935.810,2026-08-06 23:15:35,MANUAL,True,-7.9262216,112.5948477,230.96,0.0,0.0,TRACKING_BUOY (MANUAL),325,5
1786032935.965,2026-08-06 23:15:35,MANUAL,True,-7.9262213,112.5948467,230.96,0.0,0.0,TRACKING_BUOY (MANUAL),321,1
1786032936.120,2026-08-06 23:15:36,MANUAL,True,-7.9262211,112.5948462,230.94,0.0,0.0,TRACKING_BUOY (MANUAL),319,-1
1786032936.263,2026-08-06 23:15:36,MANUAL,True,-7.9262209,112.5948453,230.96,0.0,0.0,TRACKING_BUOY (MANUAL),315,-5
1786032936.408,2026-08-06 23:15:36,MANUAL,True,-7.9262207,112.5948448,230.97,0.0,0.0,TRACKING_BUOY (MANUAL),313,-7
1786032936.559,2026-08-06 23:15:36,MANUAL,True,-7.9262204,112.5948439,231.0,0.0,0.0,TRACKING_BUOY (MANUAL),310,-10
1786032936.705,2026-08-06 23:15:36,MANUAL,True,-7.9262202,112.5948431,231.01,0.0,0.0,TRACKING_BUOY (MANUAL),309,-11
1786032936.854,2026-08-06 23:15:36,MANUAL,True,-7.9262201,112.5948424,231.01,0.0,0.0,TRACKING_BUOY (MANUAL),306,-14
1786032937.003,2026-08-06 23:15:37,MANUAL,True,-7.92622,112.5948421,231.02,0.0,0.0,TRACKING_BUOY (MANUAL),306,-14
1786032937.162,2026-08-06 23:15:37,MANUAL,True,-7.9262199,112.5948416,231.06,0.0,0.0,TRACKING_BUOY (MANUAL),305,-15
1786032937.306,2026-08-06 23:15:37,MANUAL,True,-7.9262199,112.5948415,231.06,0.0,0.0,TRACKING_BUOY (MANUAL),304,-16
1786032937.457,2026-08-06 23:15:37,MANUAL,True,-7.9262198,112.594841,231.06,0.0,0.0,TRACKING_BUOY (MANUAL),304,-16
1786032937.602,2026-08-06 23:15:37,MANUAL,True,-7.9262198,112.5948408,231.05,0.0,0.0,TRACKING_BUOY (MANUAL),303,-17
1786032937.746,2026-08-06 23:15:37,MANUAL,True,-7.9262199,112.5948405,231.03,0.0,0.0,TRACKING_BUOY (MANUAL),304,-16
1786032937.893,2026-08-06 23:15:37,MANUAL,True,-7.9262199,112.5948404,231.01,0.0,0.0,TRACKING_BUOY (MANUAL),304,-16
1786032938.041,2026-08-06 23:15:38,MANUAL,True,-7.92622,112.5948405,231.02,0.0,0.0,TRACKING_BUOY (MANUAL),305,-15
1786032938.184,2026-08-06 23:15:38,MANUAL,True,-7.9262201,112.5948404,231.01,0.0,0.0,TRACKING_BUOY (MANUAL),306,-14
1786032938.337,2026-08-06 23:15:38,MANUAL,True,-7.9262202,112.5948402,230.99,0.0,0.0,TRACKING_BUOY (MANUAL),308,-12
1786032938.497,2026-08-06 23:15:38,MANUAL,True,-7.9262203,112.5948402,231.0,0.0,0.0,TRACKING_BUOY (MANUAL),309,-11
1786032938.648,2026-08-06 23:15:38,MANUAL,True,-7.9262203,112.5948403,231.0,0.0,0.0,TRACKING_BUOY (MANUAL),309,-11
1786032938.803,2026-08-06 23:15:38,MANUAL,True,-7.9262205,112.5948407,231.01,0.0,0.0,TRACKING_BUOY (MANUAL),307,-13
1786032938.969,2026-08-06 23:15:38,MANUAL,True,-7.9262207,112.5948413,231.03,0.0,0.0,TRACKING_BUOY (MANUAL),307,-13
1786032939.125,2026-08-06 23:15:39,MANUAL,True,-7.9262208,112.5948415,231.01,0.0,0.0,TRACKING_BUOY (MANUAL),309,-11
1786032939.282,2026-08-06 23:15:39,MANUAL,True,-7.926221,112.5948422,231.02,0.0,0.0,TRACKING_BUOY (MANUAL),309,-11
1786032939.457,2026-08-06 23:15:39,MANUAL,True,-7.9262212,112.5948431,231.04,0.0,0.0,TRACKING_BUOY (MANUAL),308,-12
1786032939.608,2026-08-06 23:15:39,MANUAL,True,-7.9262213,112.5948436,231.03,0.0,0.0,TRACKING_BUOY (MANUAL),307,-13
1786032939.756,2026-08-06 23:15:39,MANUAL,True,-7.9262213,112.5948436,231.03,0.0,0.0,TRACKING_BUOY (MANUAL),306,-14
1786032939.904,2026-08-06 23:15:39,MANUAL,True,-7.9262217,112.5948449,231.09,0.0,0.0,TRACKING_BUOY (MANUAL),305,-15
1786032940.050,2026-08-06 23:15:40,MANUAL,True,-7.9262219,112.5948456,231.1,0.0,0.0,TRACKING_BUOY (MANUAL),303,-17
1786032940.198,2026-08-06 23:15:40,MANUAL,True,-7.9262221,112.5948469,231.12,0.0,0.0,TRACKING_BUOY (MANUAL),299,-21
1786032940.349,2026-08-06 23:15:40,MANUAL,True,-7.9262223,112.5948476,231.13,0.0,0.0,TRACKING_BUOY (MANUAL),299,-21
1786032940.497,2026-08-06 23:15:40,MANUAL,True,-7.9262225,112.5948488,231.12,0.0,0.0,TRACKING_BUOY (MANUAL),298,-22
1786032940.647,2026-08-06 23:15:40,MANUAL,True,-7.9262227,112.5948499,231.14,0.0,0.0,TRACKING_BUOY (MANUAL),299,-21
1786032940.788,2026-08-06 23:15:40,MANUAL,True,-7.9262227,112.5948499,231.14,0.0,0.0,TRACKING_BUOY (MANUAL),297,-23
1786032940.935,2026-08-06 23:15:40,MANUAL,True,-7.9262231,112.5948523,231.2,0.0,0.0,TRACKING_BUOY (MANUAL),296,-24
1786032941.083,2026-08-06 23:15:41,MANUAL,True,-7.9262232,112.5948531,231.21,0.0,0.0,TRACKING_BUOY (MANUAL),295,-25
1786032941.237,2026-08-06 23:15:41,MANUAL,True,-7.9262234,112.5948545,231.21,0.0,0.0,TRACKING_BUOY (MANUAL),295,-25
1786032941.558,2026-08-06 23:15:41,MANUAL,True,-7.9262237,112.5948569,231.2,0.0,0.0,TRACKING_BUOY (MANUAL),293,-27
1786032941.726,2026-08-06 23:15:41,MANUAL,True,-7.9262239,112.5948577,231.2,0.0,0.0,TRACKING_BUOY (MANUAL),290,-30
1786032941.867,2026-08-06 23:15:41,MANUAL,True,-7.9262241,112.5948592,231.2,0.0,0.0,TRACKING_BUOY (MANUAL),289,-31
1786032942.022,2026-08-06 23:15:42,MANUAL,True,-7.9262242,112.5948599,231.2,0.0,0.0,TRACKING_BUOY (MANUAL),290,-30
1786032942.197,2026-08-06 23:15:42,MANUAL,True,-7.9262244,112.5948611,231.21,0.0,0.0,TRACKING_BUOY (MANUAL),289,-31
1786032942.350,2026-08-06 23:15:42,MANUAL,True,-7.9262244,112.5948616,231.21,0.0,0.0,TRACKING_BUOY (MANUAL),289,-31
1786032942.500,2026-08-06 23:15:42,MANUAL,True,-7.9262246,112.5948628,231.19,0.0,0.0,TRACKING_BUOY (MANUAL),290,-30
1786032942.652,2026-08-06 23:15:42,MANUAL,True,-7.9262246,112.5948633,231.19,0.0,0.0,TRACKING_BUOY (MANUAL),291,-29
1786032942.803,2026-08-06 23:15:42,MANUAL,True,-7.9262248,112.5948644,231.18,0.0,0.0,TRACKING_BUOY (MANUAL),297,-23
1786032942.957,2026-08-06 23:15:42,MANUAL,True,-7.9262249,112.5948647,231.18,0.0,0.0,TRACKING_BUOY (MANUAL),303,-17
1786032943.105,2026-08-06 23:15:43,MANUAL,True,-7.926225,112.5948655,231.14,0.0,0.0,TRACKING_BUOY (MANUAL),308,-12
1786032943.253,2026-08-06 23:15:43,MANUAL,True,-7.9262251,112.5948659,231.14,0.0,0.0,TRACKING_BUOY (MANUAL),318,-2
1786032943.397,2026-08-06 23:15:43,MANUAL,True,-7.9262252,112.5948669,231.13,0.0,0.0,TRACKING_BUOY (MANUAL),321,1
1786032943.540,2026-08-06 23:15:43,MANUAL,True,-7.9262252,112.5948673,231.13,0.0,0.0,TRACKING_BUOY (MANUAL),325,5
1786032943.682,2026-08-06 23:15:43,MANUAL,True,-7.9262252,112.5948681,231.05,0.0,0.0,TRACKING_BUOY (MANUAL),327,7
1786032943.848,2026-08-06 23:15:43,MANUAL,True,-7.9262251,112.5948688,231.05,0.0,0.0,TRACKING_BUOY (MANUAL),329,9
1786032943.993,2026-08-06 23:15:43,MANUAL,True,-7.9262251,112.5948692,231.06,0.0,0.0,TRACKING_BUOY (MANUAL),334,14
1786032944.142,2026-08-06 23:15:44,MANUAL,True,-7.9262252,112.5948701,231.07,0.0,0.0,TRACKING_BUOY (MANUAL),336,16
1786032944.289,2026-08-06 23:15:44,MANUAL,True,-7.9262252,112.5948705,231.08,0.0,0.0,TRACKING_BUOY (MANUAL),338,18
1786032944.439,2026-08-06 23:15:44,MANUAL,True,-7.9262253,112.5948713,231.06,0.0,0.0,TRACKING_BUOY (MANUAL),339,19
1786032944.616,2026-08-06 23:15:44,MANUAL,True,-7.9262254,112.5948717,231.08,0.0,0.0,TRACKING_BUOY (MANUAL),338,18
1786032944.770,2026-08-06 23:15:44,MANUAL,True,-7.9262256,112.5948727,231.08,0.0,0.0,TRACKING_BUOY (MANUAL),337,17
1786032944.917,2026-08-06 23:15:44,MANUAL,True,-7.9262258,112.5948738,231.1,0.0,0.0,TRACKING_BUOY (MANUAL),335,15
1786032945.057,2026-08-06 23:15:45,MANUAL,True,-7.9262259,112.5948744,231.12,0.0,0.0,TRACKING_BUOY (MANUAL),333,13
1786032945.205,2026-08-06 23:15:45,MANUAL,True,-7.9262261,112.5948751,231.12,0.0,0.0,TRACKING_BUOY (MANUAL),331,11
1786032945.363,2026-08-06 23:15:45,MANUAL,True,-7.9262264,112.5948765,231.12,0.0,0.0,TRACKING_BUOY (MANUAL),328,8
1786032945.514,2026-08-06 23:15:45,MANUAL,True,-7.9262267,112.5948778,231.13,0.0,0.0,TRACKING_BUOY (MANUAL),325,5
1786032945.661,2026-08-06 23:15:45,MANUAL,True,-7.9262269,112.5948783,231.13,0.0,0.0,TRACKING_BUOY (MANUAL),323,3
1786032945.808,2026-08-06 23:15:45,MANUAL,True,-7.9262271,112.594879,231.12,0.0,0.0,TRACKING_BUOY (MANUAL),321,1
1786032945.955,2026-08-06 23:15:45,MANUAL,True,-7.9262274,112.5948798,231.13,0.0,0.0,TRACKING_BUOY (MANUAL),320,0
1786032946.106,2026-08-06 23:15:46,MANUAL,True,-7.9262276,112.5948802,231.12,0.0,0.0,TRACKING_BUOY (MANUAL),319,-1
1786032946.259,2026-08-06 23:15:46,MANUAL,True,-7.926228,112.594881,231.16,0.0,0.0,TRACKING_BUOY (MANUAL),315,-5
1786032946.407,2026-08-06 23:15:46,MANUAL,True,-7.9262283,112.5948813,231.15,0.0,0.0,TRACKING_BUOY (MANUAL),314,-6
1786032946.557,2026-08-06 23:15:46,MANUAL,True,-7.9262288,112.5948819,231.22,0.0,0.0,TRACKING_BUOY (MANUAL),311,-9
1786032946.707,2026-08-06 23:15:46,MANUAL,True,-7.9262291,112.5948822,231.19,0.0,0.0,TRACKING_BUOY (MANUAL),308,-12
1786032946.850,2026-08-06 23:15:46,MANUAL,True,-7.9262295,112.5948827,231.2,0.0,0.0,TRACKING_BUOY (MANUAL),306,-14
1786032946.997,2026-08-06 23:15:46,MANUAL,True,-7.9262298,112.594883,231.18,0.0,0.0,TRACKING_BUOY (MANUAL),304,-16
1786032947.155,2026-08-06 23:15:47,MANUAL,True,-7.9262303,112.5948837,231.2,0.0,0.0,TRACKING_BUOY (MANUAL),302,-18
1786032947.313,2026-08-06 23:15:47,MANUAL,True,-7.9262309,112.5948846,231.22,0.0,0.0,TRACKING_BUOY (MANUAL),300,-20
1786032947.456,2026-08-06 23:15:47,MANUAL,True,-7.9262312,112.5948851,231.22,0.0,0.0,TRACKING_BUOY (MANUAL),299,-21
1786032947.613,2026-08-06 23:15:47,MANUAL,True,-7.9262315,112.5948856,231.21,0.0,0.0,TRACKING_BUOY (MANUAL),299,-21
1786032947.766,2026-08-06 23:15:47,MANUAL,True,-7.9262321,112.5948866,231.23,0.0,0.0,TRACKING_BUOY (MANUAL),298,-22
1786032947.919,2026-08-06 23:15:47,MANUAL,True,-7.9262328,112.5948878,231.23,0.0,0.0,TRACKING_BUOY (MANUAL),298,-22
1786032948.072,2026-08-06 23:15:48,MANUAL,True,-7.9262331,112.5948884,231.22,0.0,0.0,TRACKING_BUOY (MANUAL),297,-23
1786032948.224,2026-08-06 23:15:48,MANUAL,True,-7.9262336,112.5948895,231.21,0.0,0.0,TRACKING_BUOY (MANUAL),296,-24
1786032948.375,2026-08-06 23:15:48,MANUAL,True,-7.9262338,112.59489,231.21,0.0,0.0,TRACKING_BUOY (MANUAL),295,-25
1786032948.525,2026-08-06 23:15:48,MANUAL,True,-7.9262345,112.5948912,231.2,0.0,0.0,TRACKING_BUOY (MANUAL),291,-29
1786032948.676,2026-08-06 23:15:48,MANUAL,True,-7.9262349,112.5948919,231.19,0.0,0.0,TRACKING_BUOY (MANUAL),290,-30
1786032948.847,2026-08-06 23:15:48,MANUAL,True,-7.9262357,112.5948934,231.19,0.0,0.0,TRACKING_BUOY (MANUAL),287,-33
1786032949.016,2026-08-06 23:15:49,MANUAL,True,-7.9262364,112.5948948,231.2,0.0,0.0,TRACKING_BUOY (MANUAL),283,-37
1786032949.174,2026-08-06 23:15:49,MANUAL,True,-7.9262367,112.5948955,231.19,0.0,0.0,TRACKING_BUOY (MANUAL),281,-39
1786032949.324,2026-08-06 23:15:49,MANUAL,True,-7.9262372,112.5948964,231.19,0.0,0.0,TRACKING_BUOY (MANUAL),275,-45
1786032949.492,2026-08-06 23:15:49,MANUAL,True,-7.9262374,112.5948968,231.18,0.0,0.0,TRACKING_BUOY (MANUAL),270,-50
1786032949.644,2026-08-06 23:15:49,MANUAL,True,-7.9262378,112.5948974,231.17,0.0,0.0,TRACKING_BUOY (MANUAL),265,-55
1786032949.792,2026-08-06 23:15:49,MANUAL,True,-7.9262379,112.5948976,231.16,0.0,0.0,TRACKING_BUOY (MANUAL),252,-68
1786032949.948,2026-08-06 23:15:49,MANUAL,True,-7.9262383,112.5948981,231.16,0.0,0.0,TRACKING_BUOY (MANUAL),244,-76
1786032950.103,2026-08-06 23:15:50,MANUAL,True,-7.9262384,112.5948982,231.16,0.0,0.0,🔴 FAILSAFE: TARGET LOST,,
1786032950.252,2026-08-06 23:15:50,MANUAL,True,-7.9262385,112.5948984,231.15,0.0,0.0,🔴 FAILSAFE: TARGET LOST,,
1786032950.396,2026-08-06 23:15:50,MANUAL,True,-7.9262385,112.5948982,231.07,0.0,0.0,TRACKING_BUOY (MANUAL),201,-119
1786032950.549,2026-08-06 23:15:50,MANUAL,True,-7.9262384,112.5948979,231.1,0.0,0.0,🔴 FAILSAFE: TARGET LOST,,
1786032950.697,2026-08-06 23:15:50,MANUAL,True,-7.9262384,112.5948977,231.12,0.0,0.0,TRACKING_BUOY (MANUAL),189,-131
1786032950.841,2026-08-06 23:15:50,MANUAL,True,-7.9262382,112.5948973,231.14,0.0,0.0,🔴 FAILSAFE: TARGET LOST,,
1786032950.988,2026-08-06 23:15:50,MANUAL,True,-7.9262381,112.5948971,231.15,0.0,0.0,TRACKING_BUOY (MANUAL),201,-119
1786032951.140,2026-08-06 23:15:51,MANUAL,True,-7.9262379,112.5948967,231.12,0.0,0.0,TRACKING_BUOY (MANUAL),208,-112
1786032951.288,2026-08-06 23:15:51,MANUAL,True,-7.9262378,112.5948963,231.14,0.0,0.0,TRACKING_BUOY (MANUAL),214,-106
1786032951.433,2026-08-06 23:15:51,MANUAL,True,-7.9262374,112.5948958,231.11,0.0,0.0,TRACKING_BUOY (MANUAL),219,-101
1786032951.577,2026-08-06 23:15:51,MANUAL,True,-7.9262372,112.5948956,231.11,0.0,0.0,TRACKING_BUOY (MANUAL),224,-96
1786032951.724,2026-08-06 23:15:51,MANUAL,True,-7.9262369,112.5948952,231.09,0.0,0.0,TRACKING_BUOY (MANUAL),231,-89
1786032951.875,2026-08-06 23:15:51,MANUAL,True,-7.9262366,112.5948949,231.09,0.0,0.0,TRACKING_BUOY (MANUAL),239,-81
1786032952.016,2026-08-06 23:15:52,MANUAL,True,-7.9262362,112.5948948,231.08,0.0,0.0,TRACKING_BUOY (MANUAL),245,-75
1786032952.179,2026-08-06 23:15:52,MANUAL,True,-7.926236,112.5948948,231.07,0.0,0.0,🔴 FAILSAFE: TARGET LOST,,
1786032952.326,2026-08-06 23:15:52,MANUAL,True,-7.9262355,112.5948946,230.98,0.0,0.0,🔴 FAILSAFE: TARGET LOST,,
1786032952.477,2026-08-06 23:15:52,MANUAL,True,-7.9262354,112.5948944,230.98,0.0,0.0,🔴 FAILSAFE: TARGET LOST,,
1786032952.626,2026-08-06 23:15:52,MANUAL,True,-7.9262352,112.5948944,230.98,0.0,0.0,🔴 FAILSAFE: TARGET LOST,,
1786032952.767,2026-08-06 23:15:52,MANUAL,True,-7.9262347,112.5948941,230.89,0.0,0.0,🔴 FAILSAFE: TARGET LOST,,
1786032952.910,2026-08-06 23:15:52,MANUAL,True,-7.9262345,112.5948939,230.93,0.0,0.0,TRACKING_BUOY (MANUAL),336,16
1786032953.055,2026-08-06 23:15:53,MANUAL,True,-7.926234,112.5948936,230.93,0.0,0.0,TRACKING_BUOY (MANUAL),309,-11
1786032953.218,2026-08-06 23:15:53,MANUAL,True,-7.9262334,112.5948932,230.98,0.0,0.0,TRACKING_BUOY (MANUAL),306,-14
1786032953.366,2026-08-06 23:15:53,MANUAL,True,-7.9262332,112.594893,231.03,0.0,0.0,TRACKING_BUOY (MANUAL),317,-3
1786032953.510,2026-08-06 23:15:53,MANUAL,True,-7.9262329,112.5948927,231.04,0.0,0.0,TRACKING_BUOY (MANUAL),319,-1
1786032953.657,2026-08-06 23:15:53,MANUAL,True,-7.9262323,112.5948922,230.94,0.0,0.0,TRACKING_BUOY (MANUAL),318,-2
1786032953.821,2026-08-06 23:15:53,MANUAL,True,-7.9262318,112.5948918,230.91,0.0,0.0,TRACKING_BUOY (MANUAL),310,-10
1786032953.967,2026-08-06 23:15:53,MANUAL,True,-7.9262316,112.5948916,230.86,0.0,0.0,TRACKING_BUOY (MANUAL),302,-18
1786032954.112,2026-08-06 23:15:54,MANUAL,True,-7.9262313,112.5948914,230.79,0.0,0.0,TRACKING_BUOY (MANUAL),293,-27
1786032954.259,2026-08-06 23:15:54,MANUAL,True,-7.9262308,112.594891,230.73,0.0,0.0,TRACKING_BUOY (MANUAL),292,-28
1786032954.405,2026-08-06 23:15:54,MANUAL,True,-7.9262305,112.5948908,230.71,0.0,0.0,TRACKING_BUOY (MANUAL),290,-30
1786032954.557,2026-08-06 23:15:54,MANUAL,True,-7.92623,112.5948905,230.67,0.0,0.0,TRACKING_BUOY (MANUAL),287,-33
1786032954.713,2026-08-06 23:15:54,MANUAL,True,-7.9262294,112.59489,230.66,0.0,0.0,TRACKING_BUOY (MANUAL),289,-31
1786032954.865,2026-08-06 23:15:54,MANUAL,True,-7.9262292,112.5948898,230.67,0.0,0.0,TRACKING_BUOY (MANUAL),297,-23
1786032955.009,2026-08-06 23:15:55,MANUAL,True,-7.926229,112.5948895,230.66,0.0,0.0,TRACKING_BUOY (MANUAL),303,-17
1786032955.165,2026-08-06 23:15:55,MANUAL,True,-7.9262285,112.594889,230.7,0.0,0.0,TRACKING_BUOY (MANUAL),306,-14
1786032955.317,2026-08-06 23:15:55,MANUAL,True,-7.926228,112.5948882,230.73,0.0,0.0,TRACKING_BUOY (MANUAL),314,-6
1786032955.466,2026-08-06 23:15:55,MANUAL,True,-7.9262277,112.5948879,230.75,0.0,0.0,TRACKING_BUOY (MANUAL),320,0
1786032955.617,2026-08-06 23:15:55,MANUAL,True,-7.9262274,112.5948876,230.76,0.0,0.0,TRACKING_BUOY (MANUAL),320,0
1786032955.762,2026-08-06 23:15:55,MANUAL,True,-7.9262272,112.5948872,230.78,0.0,0.0,TRACKING_BUOY (MANUAL),321,1
1786032955.913,2026-08-06 23:15:55,MANUAL,True,-7.9262271,112.594887,230.8,0.0,0.0,TRACKING_BUOY (MANUAL),321,1
1786032956.058,2026-08-06 23:15:56,MANUAL,True,-7.926227,112.594887,230.8,0.0,0.0,TRACKING_BUOY (MANUAL),321,1
1786032956.213,2026-08-06 23:15:56,MANUAL,True,-7.926227,112.5948871,230.79,0.0,0.0,TRACKING_BUOY (MANUAL),321,1
1786032956.362,2026-08-06 23:15:56,MANUAL,True,-7.926227,112.5948871,230.8,0.0,0.0,TRACKING_BUOY (MANUAL),320,0
1786032956.508,2026-08-06 23:15:56,MANUAL,True,-7.926227,112.5948872,230.8,0.0,0.0,TRACKING_BUOY (MANUAL),321,1
1786032956.648,2026-08-06 23:15:56,MANUAL,True,-7.9262271,112.5948873,230.81,0.0,0.0,TRACKING_BUOY (MANUAL),320,0
1786032956.792,2026-08-06 23:15:56,MANUAL,True,-7.9262274,112.5948875,230.8,0.0,0.0,TRACKING_BUOY (MANUAL),320,0
1786032956.939,2026-08-06 23:15:56,MANUAL,True,-7.9262277,112.5948878,230.81,0.0,0.0,TRACKING_BUOY (MANUAL),318,-2
1786032957.085,2026-08-06 23:15:57,MANUAL,True,-7.9262278,112.594888,230.8,0.0,0.0,TRACKING_BUOY (MANUAL),316,-4
1786032957.235,2026-08-06 23:15:57,MANUAL,True,-7.9262282,112.5948884,230.8,0.0,0.0,TRACKING_BUOY (MANUAL),316,-4
1786032957.384,2026-08-06 23:15:57,MANUAL,True,-7.9262284,112.5948885,230.78,0.0,0.0,TRACKING_BUOY (MANUAL),315,-5
1786032957.535,2026-08-06 23:15:57,MANUAL,True,-7.9262286,112.5948887,230.78,0.0,0.0,TRACKING_BUOY (MANUAL),318,-2
1786032957.689,2026-08-06 23:15:57,MANUAL,True,-7.9262286,112.5948887,230.76,0.0,0.0,TRACKING_BUOY (MANUAL),319,-1
1786032957.841,2026-08-06 23:15:57,MANUAL,True,-7.9262289,112.5948886,230.75,0.0,0.0,TRACKING_BUOY (MANUAL),321,1
1786032957.988,2026-08-06 23:15:57,MANUAL,True,-7.926229,112.5948885,230.76,0.0,0.0,TRACKING_BUOY (MANUAL),322,2
1786032958.152,2026-08-06 23:15:58,MANUAL,True,-7.9262292,112.5948885,230.79,0.0,0.0,TRACKING_BUOY (MANUAL),321,1
1786032958.302,2026-08-06 23:15:58,MANUAL,True,-7.9262293,112.5948885,230.79,0.0,0.0,TRACKING_BUOY (MANUAL),321,1
1786032958.451,2026-08-06 23:15:58,MANUAL,True,-7.9262294,112.5948883,230.78,0.0,0.0,TRACKING_BUOY (MANUAL),322,2
1786032958.613,2026-08-06 23:15:58,MANUAL,True,-7.9262295,112.5948883,230.79,0.0,0.0,TRACKING_BUOY (MANUAL),322,2
1786032958.758,2026-08-06 23:15:58,MANUAL,True,-7.9262295,112.5948882,230.78,0.0,0.0,TRACKING_BUOY (MANUAL),323,3
1786032958.913,2026-08-06 23:15:58,MANUAL,True,-7.9262296,112.594888,230.77,0.0,0.0,TRACKING_BUOY (MANUAL),323,3
1786032959.080,2026-08-06 23:15:59,MANUAL,True,-7.9262297,112.5948877,230.77,0.0,0.0,TRACKING_BUOY (MANUAL),322,2
1786032959.234,2026-08-06 23:15:59,MANUAL,True,-7.9262296,112.5948874,230.77,0.0,0.0,TRACKING_BUOY (MANUAL),322,2
1786032959.382,2026-08-06 23:15:59,MANUAL,True,-7.9262296,112.5948872,230.76,0.0,0.0,TRACKING_BUOY (MANUAL),321,1
1786032959.555,2026-08-06 23:15:59,MANUAL,True,-7.9262294,112.5948867,230.76,0.0,0.0,TRACKING_BUOY (MANUAL),321,1
1786032959.702,2026-08-06 23:15:59,MANUAL,True,-7.9262294,112.5948863,230.76,0.0,0.0,TRACKING_BUOY (MANUAL),319,-1
1786032959.883,2026-08-06 23:15:59,MANUAL,True,-7.9262291,112.5948856,230.75,0.0,0.0,TRACKING_BUOY (MANUAL),318,-2
1786032960.033,2026-08-06 23:16:00,MANUAL,True,-7.9262287,112.5948848,230.75,0.0,0.0,TRACKING_BUOY (MANUAL),315,-5
1786032960.186,2026-08-06 23:16:00,MANUAL,True,-7.9262284,112.5948843,230.76,0.0,0.0,TRACKING_BUOY (MANUAL),311,-9
1786032960.344,2026-08-06 23:16:00,MANUAL,True,-7.9262278,112.5948835,230.77,0.0,0.0,TRACKING_BUOY (MANUAL),309,-11
1786032960.493,2026-08-06 23:16:00,MANUAL,True,-7.9262276,112.5948831,230.78,0.0,0.0,TRACKING_BUOY (MANUAL),307,-13
1786032960.645,2026-08-06 23:16:00,MANUAL,True,-7.9262272,112.5948825,230.79,0.0,0.0,TRACKING_BUOY (MANUAL),310,-10
1786032960.789,2026-08-06 23:16:00,MANUAL,True,-7.9262268,112.5948818,230.79,0.0,0.0,TRACKING_BUOY (MANUAL),316,-4
1786032960.937,2026-08-06 23:16:00,MANUAL,True,-7.9262262,112.5948807,230.79,0.0,0.0,TRACKING_BUOY (MANUAL),327,7
1786032961.090,2026-08-06 23:16:01,MANUAL,True,-7.9262255,112.5948795,230.69,0.0,0.0,TRACKING_BUOY (MANUAL),341,21
1786032961.238,2026-08-06 23:16:01,MANUAL,True,-7.926225,112.5948789,230.81,0.0,0.0,TRACKING_BUOY (MANUAL),373,53
1786032961.387,2026-08-06 23:16:01,MANUAL,True,-7.9262244,112.5948778,230.78,0.0,0.0,TRACKING_BUOY (MANUAL),393,73
1786032961.539,2026-08-06 23:16:01,MANUAL,True,-7.9262241,112.5948773,230.71,0.0,0.0,TRACKING_BUOY (MANUAL),405,85
1786032961.684,2026-08-06 23:16:01,MANUAL,True,-7.9262236,112.5948767,230.73,0.0,0.0,TRACKING_BUOY (MANUAL),410,90
1786032961.832,2026-08-06 23:16:01,MANUAL,True,-7.9262229,112.5948757,230.75,0.0,0.0,TRACKING_BUOY (MANUAL),415,95
1786032961.983,2026-08-06 23:16:01,MANUAL,True,-7.9262222,112.5948746,230.74,0.0,0.0,TRACKING_BUOY (MANUAL),416,96
1786032962.142,2026-08-06 23:16:02,MANUAL,True,-7.9262219,112.5948741,230.74,0.0,0.0,TRACKING_BUOY (MANUAL),416,96
1786032962.290,2026-08-06 23:16:02,MANUAL,True,-7.9262213,112.5948733,230.76,0.0,0.0,TRACKING_BUOY (MANUAL),412,92
1786032962.434,2026-08-06 23:16:02,MANUAL,True,-7.926221,112.5948728,230.76,0.0,0.0,TRACKING_BUOY (MANUAL),398,78
1786032962.581,2026-08-06 23:16:02,MANUAL,True,-7.9262204,112.594872,230.79,0.0,0.0,TRACKING_BUOY (MANUAL),387,67
1786032962.724,2026-08-06 23:16:02,MANUAL,True,-7.9262204,112.594872,230.79,0.0,0.0,TRACKING_BUOY (MANUAL),382,62
1786032962.876,2026-08-06 23:16:02,MANUAL,True,-7.9262197,112.5948712,230.79,0.0,0.0,TRACKING_BUOY (MANUAL),378,58
1786032963.019,2026-08-06 23:16:03,MANUAL,True,-7.9262192,112.5948705,230.8,0.0,0.0,TRACKING_BUOY (MANUAL),371,51
1786032963.173,2026-08-06 23:16:03,MANUAL,True,-7.9262189,112.5948702,230.8,0.0,0.0,TRACKING_BUOY (MANUAL),368,48
1786032963.329,2026-08-06 23:16:03,MANUAL,True,-7.9262185,112.5948697,230.82,0.0,0.0,TRACKING_BUOY (MANUAL),364,44
1786032963.476,2026-08-06 23:16:03,MANUAL,True,-7.9262182,112.5948694,230.82,0.0,0.0,TRACKING_BUOY (MANUAL),361,41
1786032963.620,2026-08-06 23:16:03,MANUAL,True,-7.9262177,112.594869,230.84,0.0,0.0,TRACKING_BUOY (MANUAL),358,38
1786032963.772,2026-08-06 23:16:03,MANUAL,True,-7.9262175,112.5948688,230.84,0.0,0.0,TRACKING_BUOY (MANUAL),356,36
1786032963.925,2026-08-06 23:16:03,MANUAL,True,-7.9262171,112.5948684,230.86,0.0,0.0,TRACKING_BUOY (MANUAL),353,33
1786032964.071,2026-08-06 23:16:04,MANUAL,True,-7.9262168,112.5948682,230.86,0.0,0.0,TRACKING_BUOY (MANUAL),352,32
1786032964.221,2026-08-06 23:16:04,MANUAL,True,-7.9262164,112.5948679,230.84,0.0,0.0,TRACKING_BUOY (MANUAL),351,31
1786032964.369,2026-08-06 23:16:04,MANUAL,True,-7.9262162,112.5948678,230.85,0.0,0.0,TRACKING_BUOY (MANUAL),349,29
1786032964.518,2026-08-06 23:16:04,MANUAL,True,-7.9262157,112.5948673,230.86,0.0,0.0,TRACKING_BUOY (MANUAL),346,26
1786032964.668,2026-08-06 23:16:04,MANUAL,True,-7.9262154,112.5948669,230.87,0.0,0.0,TRACKING_BUOY (MANUAL),344,24
1786032964.816,2026-08-06 23:16:04,MANUAL,True,-7.9262149,112.5948663,230.89,0.0,0.0,TRACKING_BUOY (MANUAL),343,23
1786032964.989,2026-08-06 23:16:04,MANUAL,True,-7.9262146,112.594866,230.88,0.0,0.0,TRACKING_BUOY (MANUAL),339,19
1786032965.143,2026-08-06 23:16:05,MANUAL,True,-7.9262141,112.5948654,230.9,0.0,0.0,TRACKING_BUOY (MANUAL),342,22
1786032965.287,2026-08-06 23:16:05,MANUAL,True,-7.9262139,112.5948653,230.9,0.0,0.0,TRACKING_BUOY (MANUAL),338,18
1786032965.431,2026-08-06 23:16:05,MANUAL,True,-7.9262134,112.5948649,230.92,0.0,0.0,TRACKING_BUOY (MANUAL),338,18
1786032965.580,2026-08-06 23:16:05,MANUAL,True,-7.9262132,112.5948646,230.91,0.0,0.0,TRACKING_BUOY (MANUAL),338,18
1786032965.728,2026-08-06 23:16:05,MANUAL,True,-7.9262129,112.5948641,230.9,0.0,0.0,TRACKING_BUOY (MANUAL),338,18
1786032965.874,2026-08-06 23:16:05,MANUAL,True,-7.9262127,112.5948638,230.9,0.0,0.0,TRACKING_BUOY (MANUAL),337,17
1786032966.022,2026-08-06 23:16:06,MANUAL,True,-7.9262124,112.5948634,230.91,0.0,0.0,TRACKING_BUOY (MANUAL),334,14
1786032966.176,2026-08-06 23:16:06,MANUAL,True,-7.9262122,112.5948633,230.92,0.0,0.0,TRACKING_BUOY (MANUAL),334,14
1786032966.324,2026-08-06 23:16:06,MANUAL,True,-7.9262119,112.5948628,230.92,0.0,0.0,TRACKING_BUOY (MANUAL),331,11
1786032966.469,2026-08-06 23:16:06,MANUAL,True,-7.9262117,112.5948627,230.93,0.0,0.0,TRACKING_BUOY (MANUAL),330,10
1786032966.617,2026-08-06 23:16:06,MANUAL,True,-7.9262113,112.5948626,230.91,0.0,0.0,TRACKING_BUOY (MANUAL),330,10
1786032966.767,2026-08-06 23:16:06,MANUAL,True,-7.9262111,112.5948625,230.91,0.0,0.0,TRACKING_BUOY (MANUAL),328,8
1786032966.918,2026-08-06 23:16:06,MANUAL,True,-7.9262106,112.5948624,230.93,0.0,0.0,TRACKING_BUOY (MANUAL),328,8
1786032967.067,2026-08-06 23:16:07,MANUAL,True,-7.9262103,112.5948623,230.99,0.0,0.0,TRACKING_BUOY (MANUAL),328,8
1786032967.216,2026-08-06 23:16:07,MANUAL,True,-7.9262099,112.5948621,230.95,0.0,0.0,TRACKING_BUOY (MANUAL),327,7
1786032967.370,2026-08-06 23:16:07,MANUAL,True,-7.9262096,112.594862,230.97,0.0,0.0,TRACKING_BUOY (MANUAL),326,6
1786032967.520,2026-08-06 23:16:07,MANUAL,True,-7.9262092,112.5948618,230.98,0.0,0.0,TRACKING_BUOY (MANUAL),326,6
1786032967.688,2026-08-06 23:16:07,MANUAL,True,-7.9262089,112.5948617,230.98,0.0,0.0,TRACKING_BUOY (MANUAL),324,4
1786032967.855,2026-08-06 23:16:07,MANUAL,True,-7.9262085,112.5948617,231.0,0.0,0.0,TRACKING_BUOY (MANUAL),325,5
1786032968.047,2026-08-06 23:16:08,MANUAL,True,-7.9262081,112.5948616,231.02,0.0,0.0,TRACKING_BUOY (MANUAL),324,4
1786032968.199,2026-08-06 23:16:08,MANUAL,True,-7.9262079,112.5948615,231.03,0.0,0.0,TRACKING_BUOY (MANUAL),322,2
1786032968.350,2026-08-06 23:16:08,MANUAL,True,-7.9262076,112.5948614,231.03,0.0,0.0,TRACKING_BUOY (MANUAL),322,2
1786032968.498,2026-08-06 23:16:08,MANUAL,True,-7.9262074,112.5948614,231.04,0.0,0.0,TRACKING_BUOY (MANUAL),324,4
1786032968.649,2026-08-06 23:16:08,MANUAL,True,-7.9262073,112.5948614,231.03,0.0,0.0,TRACKING_BUOY (MANUAL),325,5
1786032968.801,2026-08-06 23:16:08,MANUAL,True,-7.926207,112.5948614,231.03,0.0,0.0,TRACKING_BUOY (MANUAL),324,4
1786032968.954,2026-08-06 23:16:08,MANUAL,True,-7.9262067,112.5948614,231.05,0.0,0.0,TRACKING_BUOY (MANUAL),325,5
1786032969.120,2026-08-06 23:16:09,MANUAL,True,-7.9262066,112.5948615,231.04,0.0,0.0,TRACKING_BUOY (MANUAL),324,4
1786032969.264,2026-08-06 23:16:09,MANUAL,True,-7.9262064,112.5948615,231.07,0.0,0.0,TRACKING_BUOY (MANUAL),324,4
1786032969.414,2026-08-06 23:16:09,MANUAL,True,-7.9262063,112.5948615,231.09,0.0,0.0,TRACKING_BUOY (MANUAL),325,5
1786032969.578,2026-08-06 23:16:09,MANUAL,True,-7.9262062,112.5948614,231.06,0.0,0.0,TRACKING_BUOY (MANUAL),323,3
1786032969.721,2026-08-06 23:16:09,MANUAL,True,-7.9262062,112.5948614,231.07,0.0,0.0,TRACKING_BUOY (MANUAL),322,2
1786032969.872,2026-08-06 23:16:09,MANUAL,True,-7.9262062,112.5948615,231.09,0.0,0.0,TRACKING_BUOY (MANUAL),314,-6
1786032970.039,2026-08-06 23:16:10,MANUAL,True,-7.9262063,112.5948615,231.08,0.0,0.0,TRACKING_BUOY (MANUAL),308,-12
1786032970.188,2026-08-06 23:16:10,MANUAL,True,-7.9262063,112.5948614,231.09,0.0,0.0,TRACKING_BUOY (MANUAL),306,-14
1786032970.345,2026-08-06 23:16:10,MANUAL,True,-7.9262064,112.5948614,231.1,0.0,0.0,TRACKING_BUOY (MANUAL),307,-13
1786032970.496,2026-08-06 23:16:10,MANUAL,True,-7.9262065,112.5948613,231.11,0.0,0.0,TRACKING_BUOY (MANUAL),305,-15
1786032970.645,2026-08-06 23:16:10,MANUAL,True,-7.9262066,112.5948614,231.12,0.0,0.0,TRACKING_BUOY (MANUAL),305,-15
1786032970.791,2026-08-06 23:16:10,MANUAL,True,-7.9262068,112.5948614,231.12,0.0,0.0,TRACKING_BUOY (MANUAL),306,-14
1786032970.938,2026-08-06 23:16:10,MANUAL,True,-7.9262069,112.5948615,231.11,0.0,0.0,TRACKING_BUOY (MANUAL),310,-10
1786032971.086,2026-08-06 23:16:11,MANUAL,True,-7.9262071,112.5948617,231.12,0.0,0.0,TRACKING_BUOY (MANUAL),313,-7
1786032971.233,2026-08-06 23:16:11,MANUAL,True,-7.9262074,112.5948619,231.11,0.0,0.0,TRACKING_BUOY (MANUAL),314,-6
1786032971.381,2026-08-06 23:16:11,MANUAL,True,-7.9262077,112.594862,231.11,0.0,0.0,TRACKING_BUOY (MANUAL),316,-4
1786032971.528,2026-08-06 23:16:11,MANUAL,True,-7.9262078,112.5948622,231.12,0.0,0.0,TRACKING_BUOY (MANUAL),317,-3
1786032971.672,2026-08-06 23:16:11,MANUAL,True,-7.926208,112.5948623,231.1,0.0,0.0,TRACKING_BUOY (MANUAL),320,0
1786032971.817,2026-08-06 23:16:11,MANUAL,True,-7.9262084,112.5948627,231.1,0.0,0.0,TRACKING_BUOY (MANUAL),320,0
1786032971.963,2026-08-06 23:16:11,MANUAL,True,-7.9262088,112.5948631,231.1,0.0,0.0,TRACKING_BUOY (MANUAL),322,2
1786032972.108,2026-08-06 23:16:12,MANUAL,True,-7.926209,112.5948632,231.09,0.0,0.0,TRACKING_BUOY (MANUAL),321,1
1786032972.251,2026-08-06 23:16:12,MANUAL,True,-7.9262094,112.5948636,231.12,0.0,0.0,TRACKING_BUOY (MANUAL),320,0
1786032972.400,2026-08-06 23:16:12,MANUAL,True,-7.9262097,112.5948639,231.13,0.0,0.0,TRACKING_BUOY (MANUAL),319,-1
1786032972.546,2026-08-06 23:16:12,MANUAL,True,-7.9262099,112.5948641,231.12,0.0,0.0,TRACKING_BUOY (MANUAL),319,-1
1786032972.689,2026-08-06 23:16:12,MANUAL,True,-7.9262101,112.5948643,231.11,0.0,0.0,TRACKING_BUOY (MANUAL),319,-1
1786032972.834,2026-08-06 23:16:12,MANUAL,True,-7.9262106,112.5948648,231.12,0.0,0.0,TRACKING_BUOY (MANUAL),319,-1
1786032972.990,2026-08-06 23:16:12,MANUAL,True,-7.9262107,112.594865,231.12,0.0,0.0,TRACKING_BUOY (MANUAL),320,0
1786032973.139,2026-08-06 23:16:13,MANUAL,True,-7.9262112,112.5948655,231.12,0.0,0.0,🔴 FAILSAFE: TARGET LOST,,
1786032973.284,2026-08-06 23:16:13,MANUAL,True,-7.9262114,112.5948657,231.13,0.0,0.0,🔴 FAILSAFE: TARGET LOST,,
1786032973.428,2026-08-06 23:16:13,MANUAL,True,-7.9262118,112.594866,231.14,0.0,0.0,🔴 FAILSAFE: TARGET LOST,,
1786032973.574,2026-08-06 23:16:13,MANUAL,True,-7.926212,112.5948661,231.13,0.0,0.0,🔴 FAILSAFE: TARGET LOST,,
1786032973.724,2026-08-06 23:16:13,MANUAL,True,-7.9262123,112.5948664,231.1,0.0,0.0,🔴 FAILSAFE: TARGET LOST,,
1786032973.872,2026-08-06 23:16:13,MANUAL,True,-7.9262126,112.5948668,231.11,0.0,0.0,🔴 FAILSAFE: TARGET LOST,,
1786032974.024,2026-08-06 23:16:14,MANUAL,True,-7.926213,112.5948673,231.15,0.0,0.0,🔴 FAILSAFE: TARGET LOST,,
1786032974.190,2026-08-06 23:16:14,MANUAL,True,-7.9262132,112.5948675,231.15,0.0,0.0,🔴 FAILSAFE: TARGET LOST,,
1786032974.340,2026-08-06 23:16:14,MANUAL,True,-7.9262136,112.5948678,231.16,0.0,0.0,🔴 FAILSAFE: TARGET LOST,,
1786032974.486,2026-08-06 23:16:14,MANUAL,True,-7.9262138,112.594868,231.16,0.0,0.0,🔴 FAILSAFE: TARGET LOST,,
1786032974.632,2026-08-06 23:16:14,MANUAL,True,-7.926214,112.5948682,231.15,0.0,0.0,🔴 FAILSAFE: TARGET LOST,,
1786032974.772,2026-08-06 23:16:14,MANUAL,True,-7.9262144,112.5948686,231.17,0.0,0.0,🔴 FAILSAFE: TARGET LOST,,
1786032974.924,2026-08-06 23:16:14,MANUAL,True,-7.9262148,112.5948691,231.17,0.0,0.0,🔴 FAILSAFE: TARGET LOST,,
1786032975.257,2026-08-06 23:16:15,MANUAL,True,-7.9262155,112.5948696,231.17,0.0,0.0,🔴 FAILSAFE: TARGET LOST,,
1786032975.529,2026-08-06 23:16:15,MANUAL,True,-7.9262164,112.5948703,231.18,0.0,0.0,🔴 FAILSAFE: TARGET LOST,,
1786032975.723,2026-08-06 23:16:15,MANUAL,True,-7.9262166,112.5948705,231.19,0.0,0.0,🔴 FAILSAFE: TARGET LOST,,
1786032975.896,2026-08-06 23:16:15,MANUAL,True,-7.9262172,112.5948708,231.19,0.0,0.0,🔴 FAILSAFE: TARGET LOST,,
1786032976.110,2026-08-06 23:16:16,MANUAL,True,-7.9262176,112.5948712,231.2,0.0,0.0,TRACKING_BUOY,,
1786032976.344,2026-08-06 23:16:16,MANUAL,True,-7.9262182,112.5948718,231.21,0.0,0.0,FINISH,,
1786032976.492,2026-08-06 23:16:16,MANUAL,True,-7.9262184,112.5948719,231.21,0.0,0.0,IDLE,,
1786032976.638,2026-08-06 23:16:16,MANUAL,True,-7.9262188,112.5948723,231.21,0.0,0.0,IDLE,,
1786032976.801,2026-08-06 23:16:16,MANUAL,True,-7.926219,112.5948725,231.21,0.0,0.0,IDLE,,
1786032976.954,2026-08-06 23:16:16,MANUAL,True,-7.9262193,112.5948728,231.21,0.0,0.0,IDLE,,
1786032977.107,2026-08-06 23:16:17,MANUAL,True,-7.9262195,112.594873,231.22,0.0,0.0,IDLE,,
1786032977.251,2026-08-06 23:16:17,MANUAL,True,-7.9262198,112.5948731,231.25,0.0,0.0,IDLE,,
1786032977.412,2026-08-06 23:16:17,MANUAL,True,-7.9262199,112.5948732,231.26,0.0,0.0,IDLE,,
1786032977.563,2026-08-06 23:16:17,MANUAL,True,-7.9262202,112.5948735,231.25,0.0,0.0,IDLE,,
1786032977.718,2026-08-06 23:16:17,MANUAL,True,-7.9262202,112.5948735,231.25,0.0,0.0,IDLE,,
1786032977.869,2026-08-06 23:16:17,MANUAL,True,-7.9262207,112.5948736,231.28,0.0,0.0,IDLE,,
1786032978.023,2026-08-06 23:16:18,MANUAL,True,-7.9262209,112.5948738,231.31,0.0,0.0,IDLE,,
1786032978.174,2026-08-06 23:16:18,MANUAL,True,-7.9262211,112.594874,231.31,0.0,0.0,IDLE,,
1786032978.317,2026-08-06 23:16:18,MANUAL,True,-7.9262212,112.5948741,231.32,0.0,0.0,IDLE,,
1786032978.458,2026-08-06 23:16:18,MANUAL,True,-7.9262215,112.5948744,231.33,0.0,0.0,IDLE,,
1786032978.604,2026-08-06 23:16:18,MANUAL,True,-7.9262217,112.5948747,231.34,0.0,0.0,IDLE,,
1786032978.766,2026-08-06 23:16:18,MANUAL,True,-7.9262217,112.5948747,231.34,0.0,0.0,IDLE,,
1786032978.920,2026-08-06 23:16:18,MANUAL,True,-7.9262223,112.5948754,231.36,0.0,0.0,IDLE,,
1786032979.088,2026-08-06 23:16:19,MANUAL,True,-7.9262226,112.5948757,231.39,0.0,0.0,IDLE,,
1786032979.231,2026-08-06 23:16:19,MANUAL,True,-7.926223,112.5948761,231.41,0.0,0.0,IDLE,,
1786032979.381,2026-08-06 23:16:19,MANUAL,True,-7.9262232,112.5948762,231.42,0.0,0.0,IDLE,,
1786032979.531,2026-08-06 23:16:19,MANUAL,True,-7.9262234,112.5948765,231.42,0.0,0.0,IDLE,,
1786032979.699,2026-08-06 23:16:19,MANUAL,True,-7.9262238,112.5948768,231.42,0.0,0.0,IDLE,,
1786032979.857,2026-08-06 23:16:19,MANUAL,True,-7.9262241,112.594877,231.39,0.0,0.0,IDLE,,
1786032980.006,2026-08-06 23:16:20,MANUAL,True,-7.9262243,112.594877,231.4,0.0,0.0,IDLE,,
1786032980.193,2026-08-06 23:16:20,MANUAL,True,-7.9262246,112.5948771,231.4,0.0,0.0,IDLE,,
1786032980.371,2026-08-06 23:16:20,MANUAL,True,-7.9262249,112.5948771,231.41,0.0,0.0,IDLE,,
1786032980.538,2026-08-06 23:16:20,MANUAL,True,-7.9262252,112.5948771,231.42,0.0,0.0,IDLE,,
1786032980.696,2026-08-06 23:16:20,MANUAL,True,-7.9262255,112.5948772,231.42,0.0,0.0,IDLE,,
1786032980.840,2026-08-06 23:16:20,MANUAL,True,-7.9262255,112.5948772,231.42,0.0,0.0,IDLE,,
1786032980.986,2026-08-06 23:16:20,MANUAL,True,-7.926226,112.5948776,231.47,0.0,0.0,IDLE,,
1786032981.137,2026-08-06 23:16:21,MANUAL,True,-7.9262262,112.5948778,231.48,0.0,0.0,IDLE,,
1786032981.285,2026-08-06 23:16:21,MANUAL,True,-7.9262264,112.594878,231.5,0.0,0.0,IDLE,,
1786032981.432,2026-08-06 23:16:21,MANUAL,True,-7.9262266,112.5948781,231.5,0.0,0.0,IDLE,,
1786032981.582,2026-08-06 23:16:21,MANUAL,True,-7.9262268,112.5948784,231.51,0.0,0.0,IDLE,,
1786032981.725,2026-08-06 23:16:21,MANUAL,True,-7.9262268,112.5948784,231.51,0.0,0.0,IDLE,,
1786032981.875,2026-08-06 23:16:21,MANUAL,True,-7.9262271,112.594879,231.55,0.0,0.0,IDLE,,
1786032982.021,2026-08-06 23:16:22,MANUAL,True,-7.9262273,112.5948792,231.54,0.0,0.0,IDLE,,
1786032982.174,2026-08-06 23:16:22,MANUAL,True,-7.9262274,112.5948793,231.55,0.0,0.0,IDLE,,
1786032982.319,2026-08-06 23:16:22,MANUAL,True,-7.9262276,112.5948794,231.55,0.0,0.0,IDLE,,
1786032982.470,2026-08-06 23:16:22,MANUAL,True,-7.9262277,112.5948795,231.56,0.0,0.0,IDLE,,
1786032982.614,2026-08-06 23:16:22,MANUAL,True,-7.9262278,112.5948796,231.57,0.0,0.0,IDLE,,
1786032982.756,2026-08-06 23:16:22,MANUAL,True,-7.9262279,112.59488,231.56,0.0,0.0,IDLE,,
1786032982.903,2026-08-06 23:16:22,MANUAL,True,-7.9262281,112.5948803,231.57,0.0,0.0,IDLE,,
1786032983.047,2026-08-06 23:16:23,MANUAL,True,-7.9262283,112.5948807,231.6,0.0,0.0,IDLE,,
1786032983.194,2026-08-06 23:16:23,MANUAL,True,-7.9262284,112.5948808,231.6,0.0,0.0,IDLE,,
1786032983.341,2026-08-06 23:16:23,MANUAL,True,-7.9262286,112.5948811,231.62,0.0,0.0,IDLE,,
1786032983.484,2026-08-06 23:16:23,MANUAL,True,-7.9262287,112.5948813,231.61,0.0,0.0,IDLE,,
1786032983.627,2026-08-06 23:16:23,MANUAL,True,-7.9262288,112.5948814,231.61,0.0,0.0,IDLE,,
1786032983.778,2026-08-06 23:16:23,MANUAL,True,-7.9262291,112.5948818,231.62,0.0,0.0,IDLE,,
1786032983.921,2026-08-06 23:16:23,MANUAL,True,-7.9262295,112.5948824,231.64,0.0,0.0,IDLE,,
1786032984.070,2026-08-06 23:16:24,MANUAL,True,-7.9262297,112.5948828,231.65,0.0,0.0,IDLE,,
1786032984.222,2026-08-06 23:16:24,MANUAL,True,-7.9262301,112.5948835,231.64,0.0,0.0,IDLE,,
1786032984.375,2026-08-06 23:16:24,MANUAL,True,-7.9262303,112.5948837,231.65,0.0,0.0,IDLE,,
1786032984.524,2026-08-06 23:16:24,MANUAL,True,-7.9262307,112.5948842,231.65,0.0,0.0,IDLE,,
1786032984.678,2026-08-06 23:16:24,MANUAL,True,-7.926231,112.5948845,231.64,0.0,0.0,IDLE,,
1786032984.826,2026-08-06 23:16:24,MANUAL,True,-7.9262315,112.5948848,231.65,0.0,0.0,IDLE,,
1786032984.973,2026-08-06 23:16:24,MANUAL,True,-7.9262317,112.594885,231.67,0.0,0.0,IDLE,,
1786032985.128,2026-08-06 23:16:25,MANUAL,True,-7.9262322,112.5948855,231.67,0.0,0.0,IDLE,,
1786032985.289,2026-08-06 23:16:25,MANUAL,True,-7.9262323,112.5948857,231.68,0.0,0.0,IDLE,,
1786032985.446,2026-08-06 23:16:25,MANUAL,True,-7.9262329,112.5948862,231.66,0.0,0.0,IDLE,,
1786032985.603,2026-08-06 23:16:25,MANUAL,True,-7.9262331,112.5948865,231.66,0.0,0.0,IDLE,,
1786032985.753,2026-08-06 23:16:25,MANUAL,True,-7.9262334,112.594887,231.68,0.0,0.0,IDLE,,
1786032985.915,2026-08-06 23:16:25,MANUAL,True,-7.9262339,112.5948878,231.7,0.0,0.0,IDLE,,
1786032986.076,2026-08-06 23:16:26,MANUAL,True,-7.9262343,112.5948885,231.7,0.0,0.0,IDLE,362,42
1786032986.232,2026-08-06 23:16:26,MANUAL,True,-7.9262347,112.5948891,231.71,0.0,0.0,IDLE,,
1786032986.378,2026-08-06 23:16:26,MANUAL,True,-7.9262349,112.5948893,231.71,0.0,0.0,IDLE,,
1786032986.525,2026-08-06 23:16:26,MANUAL,True,-7.9262351,112.5948896,231.72,0.0,0.0,IDLE,,
1786032986.683,2026-08-06 23:16:26,MANUAL,True,-7.9262354,112.5948903,231.74,0.0,0.0,IDLE,,
1786032986.826,2026-08-06 23:16:26,MANUAL,True,-7.9262355,112.5948906,231.73,0.0,0.0,IDLE,,
1786032986.971,2026-08-06 23:16:26,MANUAL,True,-7.9262358,112.5948911,231.74,0.0,0.0,IDLE,,
1786032987.144,2026-08-06 23:16:27,MANUAL,True,-7.9262361,112.5948914,231.74,0.0,0.0,IDLE,,
1786032987.288,2026-08-06 23:16:27,MANUAL,True,-7.9262362,112.5948916,231.73,0.0,0.0,IDLE,,
1786032987.442,2026-08-06 23:16:27,MANUAL,True,-7.9262364,112.5948918,231.75,0.0,0.0,IDLE,,
1786032987.588,2026-08-06 23:16:27,MANUAL,True,-7.9262365,112.5948918,231.74,0.0,0.0,IDLE,,
1786032987.738,2026-08-06 23:16:27,MANUAL,True,-7.9262366,112.5948919,231.74,0.0,0.0,IDLE,,
1786032987.887,2026-08-06 23:16:27,MANUAL,True,-7.9262368,112.5948922,231.75,0.0,0.0,IDLE,,
1786032988.040,2026-08-06 23:16:28,MANUAL,True,-7.926237,112.5948926,231.75,0.0,0.0,IDLE,,
1786032988.192,2026-08-06 23:16:28,MANUAL,True,-7.9262371,112.5948927,231.75,0.0,0.0,IDLE,,
1786032988.345,2026-08-06 23:16:28,MANUAL,True,-7.9262372,112.594893,231.78,0.0,0.0,IDLE,,
1786032988.510,2026-08-06 23:16:28,MANUAL,True,-7.9262373,112.5948931,231.79,0.0,0.0,IDLE,,
1786032988.666,2026-08-06 23:16:28,MANUAL,True,-7.9262375,112.5948933,231.8,0.0,0.0,IDLE,,
1786032988.845,2026-08-06 23:16:28,MANUAL,True,-7.9262377,112.5948934,231.81,0.0,0.0,IDLE,,
1786032988.994,2026-08-06 23:16:28,MANUAL,True,-7.9262378,112.5948934,231.8,0.0,0.0,IDLE,,
1786032989.173,2026-08-06 23:16:29,MANUAL,True,-7.926238,112.5948938,231.82,0.0,0.0,IDLE,,
1786032989.320,2026-08-06 23:16:29,MANUAL,True,-7.9262381,112.5948941,231.82,0.0,0.0,IDLE,,
1786032989.469,2026-08-06 23:16:29,MANUAL,True,-7.9262383,112.5948944,231.82,0.0,0.0,IDLE,,
1786032989.609,2026-08-06 23:16:29,MANUAL,True,-7.9262384,112.5948946,231.82,0.0,0.0,IDLE,,
1786032989.764,2026-08-06 23:16:29,MANUAL,True,-7.9262386,112.5948948,231.82,0.0,0.0,IDLE,,
1786032989.916,2026-08-06 23:16:29,MANUAL,True,-7.9262387,112.594895,231.81,0.0,0.0,IDLE,,
1786032990.063,2026-08-06 23:16:30,MANUAL,True,-7.9262388,112.5948952,231.8,0.0,0.0,IDLE,,
1786032990.215,2026-08-06 23:16:30,MANUAL,True,-7.926239,112.5948953,231.8,0.0,0.0,IDLE,,
1786032990.407,2026-08-06 23:16:30,MANUAL,True,-7.9262391,112.5948955,231.81,0.0,0.0,IDLE,,
1786032990.592,2026-08-06 23:16:30,MANUAL,True,-7.9262393,112.5948957,231.81,0.0,0.0,IDLE,,
1786032990.745,2026-08-06 23:16:30,MANUAL,True,-7.9262394,112.5948958,231.83,0.0,0.0,IDLE,,
1786032990.900,2026-08-06 23:16:30,MANUAL,True,-7.9262395,112.594896,231.85,0.0,0.0,IDLE,,
1786032991.056,2026-08-06 23:16:31,MANUAL,True,-7.9262397,112.5948962,231.86,0.0,0.0,IDLE,,
1786032991.201,2026-08-06 23:16:31,MANUAL,True,-7.9262397,112.5948963,231.86,0.0,0.0,IDLE,,
1786032991.354,2026-08-06 23:16:31,MANUAL,True,-7.9262398,112.5948963,231.85,0.0,0.0,IDLE,,
1786032991.503,2026-08-06 23:16:31,MANUAL,True,-7.9262399,112.5948963,231.86,0.0,0.0,IDLE,,
1786032991.650,2026-08-06 23:16:31,MANUAL,True,-7.9262399,112.5948962,231.85,0.0,0.0,IDLE,,
1786032991.800,2026-08-06 23:16:31,MANUAL,True,-7.9262399,112.5948961,231.85,0.0,0.0,IDLE,,
1786032991.946,2026-08-06 23:16:31,MANUAL,True,-7.92624,112.594896,231.85,0.0,0.0,IDLE,,
1786032992.093,2026-08-06 23:16:32,MANUAL,True,-7.92624,112.5948958,231.87,0.0,0.0,IDLE,,
1786032992.241,2026-08-06 23:16:32,MANUAL,True,-7.9262401,112.5948956,231.86,0.0,0.0,IDLE,,
1786032992.386,2026-08-06 23:16:32,MANUAL,True,-7.9262401,112.5948952,231.84,0.0,0.0,IDLE,,
1786032992.529,2026-08-06 23:16:32,MANUAL,True,-7.9262401,112.594895,231.85,0.0,0.0,IDLE,573,253
1786032992.676,2026-08-06 23:16:32,MANUAL,True,-7.9262401,112.5948944,231.87,0.0,0.0,IDLE,550,230
1786032992.824,2026-08-06 23:16:32,MANUAL,True,-7.9262401,112.5948942,231.88,0.0,0.0,IDLE,535,215
1786032992.973,2026-08-06 23:16:32,MANUAL,True,-7.9262401,112.5948937,231.89,0.0,0.0,IDLE,,
1786032993.122,2026-08-06 23:16:33,MANUAL,True,-7.92624,112.5948934,231.89,0.0,0.0,IDLE,,
1786032993.270,2026-08-06 23:16:33,MANUAL,True,-7.92624,112.594893,231.89,0.0,0.0,IDLE,,
1786032993.424,2026-08-06 23:16:33,MANUAL,True,-7.92624,112.5948929,231.9,0.0,0.0,IDLE,,
1786032993.649,2026-08-06 23:16:33,MANUAL,True,-7.9262399,112.5948927,231.91,0.0,0.0,IDLE,,
1786032993.905,2026-08-06 23:16:33,MANUAL,True,-7.9262399,112.5948927,231.9,0.0,0.0,IDLE,,
1786032994.160,2026-08-06 23:16:34,MANUAL,True,-7.9262398,112.5948926,231.9,0.0,0.0,IDLE,,
1786032994.335,2026-08-06 23:16:34,GUIDED,True,-7.9262398,112.5948925,231.91,0.0,0.0,START,,
1786032994.496,2026-08-06 23:16:34,GUIDED,True,-7.9262397,112.5948924,231.92,0.0,0.0,START,,
1786032994.657,2026-08-06 23:16:34,GUIDED,True,-7.9262396,112.5948924,231.91,0.0,0.0,START,,
1786032994.805,2026-08-06 23:16:34,GUIDED,True,-7.9262396,112.5948924,231.91,0.0,0.0,START,,
1786032994.959,2026-08-06 23:16:34,GUIDED,True,-7.9262394,112.5948921,231.91,0.0,0.0,START,,
1786032995.118,2026-08-06 23:16:35,GUIDED,True,-7.9262394,112.594892,231.92,0.0,0.0,START,,
1786032995.277,2026-08-06 23:16:35,GUIDED,True,-7.9262393,112.5948917,231.93,0.0,0.0,START,,
1786032995.489,2026-08-06 23:16:35,GUIDED,True,-7.9262392,112.5948914,231.93,0.0,0.0,START,,
1786032995.653,2026-08-06 23:16:35,GUIDED,True,-7.9262391,112.5948912,231.93,0.0,0.0,START,,
1786032995.801,2026-08-06 23:16:35,GUIDED,True,-7.926239,112.5948907,231.92,0.0,0.0,START,,
1786032995.955,2026-08-06 23:16:35,GUIDED,True,-7.9262389,112.5948902,231.94,0.0,0.0,START,,
1786032996.107,2026-08-06 23:16:36,GUIDED,True,-7.9262388,112.5948899,231.94,0.0,0.0,START,,
1786032996.270,2026-08-06 23:16:36,GUIDED,True,-7.9262387,112.5948893,231.94,0.0,0.0,START,,
1786032996.429,2026-08-06 23:16:36,GUIDED,True,-7.9262386,112.594889,231.93,0.0,0.0,TRACKING_BUOY (MANUAL),577,257
1786032996.615,2026-08-06 23:16:36,MANUAL,True,-7.9262385,112.5948884,231.93,0.0,0.0,TRACKING_BUOY (MANUAL),571,251
1786032996.771,2026-08-06 23:16:36,MANUAL,True,-7.9262385,112.5948884,231.93,0.0,0.0,TRACKING_BUOY (MANUAL),575,255
1786032996.927,2026-08-06 23:16:36,MANUAL,True,-7.9262382,112.5948873,231.93,0.0,0.0,TRACKING_BUOY (MANUAL),573,253
1786032997.089,2026-08-06 23:16:37,MANUAL,True,-7.9262381,112.5948868,231.94,0.0,0.0,TRACKING_BUOY (MANUAL),572,252
1786032997.253,2026-08-06 23:16:37,MANUAL,True,-7.926238,112.5948862,231.97,0.0,0.0,TRACKING_BUOY (MANUAL),572,252
1786032997.406,2026-08-06 23:16:37,MANUAL,True,-7.9262379,112.5948857,231.99,0.0,0.0,TRACKING_BUOY (MANUAL),573,253
1786032997.561,2026-08-06 23:16:37,MANUAL,True,-7.9262378,112.5948855,232.0,0.0,0.0,TRACKING_BUOY (MANUAL),577,257
1786032997.705,2026-08-06 23:16:37,MANUAL,True,-7.9262377,112.5948854,232.03,0.0,0.0,TRACKING_BUOY (MANUAL),587,267
1786032997.857,2026-08-06 23:16:37,MANUAL,True,-7.9262374,112.5948856,232.04,0.0,0.0,TRACKING_BUOY (MANUAL),599,279
1786032998.006,2026-08-06 23:16:38,MANUAL,True,-7.9262373,112.5948856,232.05,0.0,0.0,TRACKING_BUOY (MANUAL),624,304
1786032998.161,2026-08-06 23:16:38,MANUAL,True,-7.9262371,112.5948857,232.07,0.0,0.0,TRACKING_BUOY (MANUAL),640,320
1786032998.316,2026-08-06 23:16:38,MANUAL,True,-7.9262369,112.5948858,232.08,0.0,0.0,TRACKING_BUOY (MANUAL),640,320
1786032998.467,2026-08-06 23:16:38,MANUAL,True,-7.9262367,112.5948861,232.12,0.0,0.0,TRACKING_BUOY (MANUAL),637,317
1786032998.614,2026-08-06 23:16:38,MANUAL,True,-7.9262366,112.5948863,232.12,0.0,0.0,TRACKING_BUOY (MANUAL),606,286
1786032998.773,2026-08-06 23:16:38,MANUAL,True,-7.9262364,112.5948867,232.13,0.0,0.0,TRACKING_BUOY (MANUAL),567,247
1786032998.923,2026-08-06 23:16:38,MANUAL,True,-7.9262363,112.5948867,232.14,0.0,0.0,TRACKING_BUOY (MANUAL),523,203
1786032999.070,2026-08-06 23:16:39,MANUAL,True,-7.926236,112.5948868,232.14,0.0,0.0,TRACKING_BUOY (MANUAL),455,135
1786032999.239,2026-08-06 23:16:39,MANUAL,True,-7.9262357,112.594887,232.17,0.0,0.0,TRACKING_BUOY (MANUAL),410,90
1786032999.386,2026-08-06 23:16:39,MANUAL,True,-7.9262356,112.5948871,232.18,0.0,0.0,TRACKING_BUOY (MANUAL),376,56
1786032999.529,2026-08-06 23:16:39,MANUAL,True,-7.9262355,112.5948872,232.17,0.0,0.0,TRACKING_BUOY (MANUAL),343,23
1786032999.671,2026-08-06 23:16:39,MANUAL,True,-7.9262352,112.5948873,232.2,0.0,0.0,TRACKING_BUOY (MANUAL),332,12
1786032999.827,2026-08-06 23:16:39,MANUAL,True,-7.9262352,112.5948873,232.19,0.0,0.0,TRACKING_BUOY (MANUAL),324,4
1786032999.980,2026-08-06 23:16:39,MANUAL,True,-7.926235,112.5948872,232.21,0.0,0.0,TRACKING_BUOY (MANUAL),325,5
1786033000.130,2026-08-06 23:16:40,MANUAL,True,-7.9262348,112.5948869,232.23,0.0,0.0,TRACKING_BUOY (MANUAL),325,5
1786033000.274,2026-08-06 23:16:40,MANUAL,True,-7.9262347,112.5948868,232.24,0.0,0.0,TRACKING_BUOY (MANUAL),325,5
1786033000.424,2026-08-06 23:16:40,MANUAL,True,-7.9262346,112.5948866,232.25,0.0,0.0,TRACKING_BUOY (MANUAL),323,3
1786033000.601,2026-08-06 23:16:40,MANUAL,True,-7.9262346,112.5948862,232.27,0.0,0.0,TRACKING_BUOY (MANUAL),319,-1
1786033000.749,2026-08-06 23:16:40,MANUAL,True,-7.9262345,112.594886,232.28,0.0,0.0,TRACKING_BUOY (MANUAL),313,-7
1786033000.895,2026-08-06 23:16:40,MANUAL,True,-7.9262344,112.5948856,232.29,0.0,0.0,TRACKING_BUOY (MANUAL),309,-11
1786033001.047,2026-08-06 23:16:41,MANUAL,True,-7.9262344,112.5948854,232.29,0.0,0.0,TRACKING_BUOY (MANUAL),301,-19
1786033001.194,2026-08-06 23:16:41,MANUAL,True,-7.9262343,112.5948851,232.29,0.0,0.0,TRACKING_BUOY (MANUAL),282,-38
1786033001.348,2026-08-06 23:16:41,MANUAL,True,-7.9262343,112.5948849,232.29,0.0,0.0,TRACKING_BUOY (MANUAL),275,-45
1786033001.502,2026-08-06 23:16:41,MANUAL,True,-7.9262342,112.5948845,232.37,0.0,0.0,TRACKING_BUOY (MANUAL),271,-49
1786033001.654,2026-08-06 23:16:41,MANUAL,True,-7.9262342,112.5948842,232.39,0.0,0.0,TRACKING_BUOY (MANUAL),270,-50
1786033001.803,2026-08-06 23:16:41,MANUAL,True,-7.9262342,112.5948842,232.39,0.0,0.0,TRACKING_BUOY (MANUAL),264,-56
1786033001.954,2026-08-06 23:16:41,MANUAL,True,-7.9262341,112.594883,232.37,0.0,0.0,TRACKING_BUOY (MANUAL),262,-58
1786033002.107,2026-08-06 23:16:42,MANUAL,True,-7.9262341,112.5948827,232.36,0.0,0.0,TRACKING_BUOY (MANUAL),262,-58
1786033002.253,2026-08-06 23:16:42,MANUAL,True,-7.9262341,112.594882,232.33,0.0,0.0,TRACKING_BUOY (MANUAL),263,-57
1786033002.412,2026-08-06 23:16:42,MANUAL,True,-7.9262342,112.5948815,232.29,0.0,0.0,TRACKING_BUOY (MANUAL),270,-50
1786033002.565,2026-08-06 23:16:42,MANUAL,True,-7.9262343,112.5948812,232.27,0.0,0.0,TRACKING_BUOY (MANUAL),275,-45
1786033002.716,2026-08-06 23:16:42,MANUAL,True,-7.9262343,112.594881,232.26,0.0,0.0,TRACKING_BUOY (MANUAL),278,-42
1786033002.854,2026-08-06 23:16:42,MANUAL,True,-7.9262344,112.5948805,232.25,0.0,0.0,TRACKING_BUOY (MANUAL),287,-33
1786033003.003,2026-08-06 23:16:43,MANUAL,True,-7.9262344,112.5948803,232.23,0.0,0.0,TRACKING_BUOY (MANUAL),291,-29
1786033003.157,2026-08-06 23:16:43,MANUAL,True,-7.9262346,112.5948801,232.2,0.0,0.0,TRACKING_BUOY (MANUAL),292,-28
1786033003.334,2026-08-06 23:16:43,MANUAL,True,-7.9262346,112.5948798,232.2,0.0,0.0,TRACKING_BUOY (MANUAL),292,-28
1786033003.485,2026-08-06 23:16:43,MANUAL,True,-7.9262346,112.5948796,232.19,0.0,0.0,TRACKING_BUOY (MANUAL),293,-27
1786033003.630,2026-08-06 23:16:43,MANUAL,True,-7.9262346,112.5948789,232.16,0.0,0.0,TRACKING_BUOY (MANUAL),297,-23
1786033003.793,2026-08-06 23:16:43,MANUAL,True,-7.9262347,112.5948787,232.16,0.0,0.0,TRACKING_BUOY (MANUAL),298,-22
1786033003.937,2026-08-06 23:16:43,MANUAL,True,-7.9262347,112.5948783,232.16,0.0,0.0,TRACKING_BUOY (MANUAL),296,-24
1786033004.087,2026-08-06 23:16:44,MANUAL,True,-7.9262348,112.5948781,232.14,0.0,0.0,TRACKING_BUOY (MANUAL),297,-23
1786033004.235,2026-08-06 23:16:44,MANUAL,True,-7.9262348,112.5948778,232.13,0.0,0.0,TRACKING_BUOY (MANUAL),299,-21
1786033004.378,2026-08-06 23:16:44,MANUAL,True,-7.9262348,112.5948778,232.13,0.0,0.0,TRACKING_BUOY (MANUAL),301,-19
1786033004.523,2026-08-06 23:16:44,MANUAL,True,-7.9262348,112.5948777,232.12,0.0,0.0,TRACKING_BUOY (MANUAL),304,-16
1786033004.669,2026-08-06 23:16:44,MANUAL,True,-7.9262348,112.5948777,232.12,0.0,0.0,TRACKING_BUOY (MANUAL),305,-15
1786033004.822,2026-08-06 23:16:44,MANUAL,True,-7.9262348,112.5948776,232.14,0.0,0.0,TRACKING_BUOY (MANUAL),306,-14
1786033004.968,2026-08-06 23:16:44,MANUAL,True,-7.9262348,112.5948775,232.13,0.0,0.0,TRACKING_BUOY (MANUAL),311,-9
1786033005.122,2026-08-06 23:16:45,MANUAL,True,-7.9262346,112.5948772,232.11,0.0,0.0,TRACKING_BUOY (MANUAL),313,-7
1786033005.280,2026-08-06 23:16:45,MANUAL,True,-7.9262345,112.5948771,232.1,0.0,0.0,TRACKING_BUOY (MANUAL),314,-6
1786033005.440,2026-08-06 23:16:45,MANUAL,True,-7.9262345,112.5948767,232.08,0.0,0.0,TRACKING_BUOY (MANUAL),317,-3
1786033005.592,2026-08-06 23:16:45,MANUAL,True,-7.9262344,112.5948765,232.07,0.0,0.0,TRACKING_BUOY (MANUAL),318,-2
1786033005.738,2026-08-06 23:16:45,MANUAL,True,-7.9262343,112.5948762,232.1,0.0,0.0,TRACKING_BUOY (MANUAL),317,-3
1786033005.890,2026-08-06 23:16:45,MANUAL,True,-7.9262342,112.5948761,232.1,0.0,0.0,TRACKING_BUOY (MANUAL),317,-3
1786033006.039,2026-08-06 23:16:46,MANUAL,True,-7.9262342,112.5948759,232.11,0.0,0.0,TRACKING_BUOY (MANUAL),317,-3
1786033006.186,2026-08-06 23:16:46,MANUAL,True,-7.926234,112.5948758,232.11,0.0,0.0,TRACKING_BUOY (MANUAL),317,-3
1786033006.342,2026-08-06 23:16:46,MANUAL,True,-7.9262339,112.5948757,232.12,0.0,0.0,TRACKING_BUOY (MANUAL),315,-5
1786033006.489,2026-08-06 23:16:46,MANUAL,True,-7.9262338,112.5948757,232.11,0.0,0.0,TRACKING_BUOY (MANUAL),314,-6
1786033006.638,2026-08-06 23:16:46,MANUAL,True,-7.9262336,112.5948758,232.11,0.0,0.0,TRACKING_BUOY (MANUAL),314,-6
1786033006.793,2026-08-06 23:16:46,MANUAL,True,-7.9262335,112.5948757,232.11,0.0,0.0,TRACKING_BUOY (MANUAL),313,-7
1786033006.942,2026-08-06 23:16:46,MANUAL,True,-7.9262333,112.5948754,232.14,0.0,0.0,TRACKING_BUOY (MANUAL),312,-8
1786033007.097,2026-08-06 23:16:47,MANUAL,True,-7.9262333,112.5948752,232.14,0.0,0.0,TRACKING_BUOY (MANUAL),311,-9
1786033007.248,2026-08-06 23:16:47,MANUAL,True,-7.9262331,112.5948748,232.15,0.0,0.0,TRACKING_BUOY (MANUAL),311,-9
1786033007.392,2026-08-06 23:16:47,MANUAL,True,-7.9262331,112.5948747,232.21,0.0,0.0,TRACKING_BUOY (MANUAL),310,-10
1786033007.538,2026-08-06 23:16:47,MANUAL,True,-7.9262331,112.5948745,232.2,0.0,0.0,TRACKING_BUOY (MANUAL),310,-10
1786033007.693,2026-08-06 23:16:47,MANUAL,True,-7.926233,112.5948744,232.22,0.0,0.0,TRACKING_BUOY (MANUAL),308,-12
1786033007.835,2026-08-06 23:16:47,MANUAL,True,-7.926233,112.5948741,232.23,0.0,0.0,TRACKING_BUOY (MANUAL),309,-11
1786033007.980,2026-08-06 23:16:47,MANUAL,True,-7.9262329,112.5948739,232.23,0.0,0.0,TRACKING_BUOY (MANUAL),310,-10
1786033008.138,2026-08-06 23:16:48,MANUAL,True,-7.9262327,112.5948736,232.22,0.0,0.0,TRACKING_BUOY (MANUAL),311,-9
1786033008.290,2026-08-06 23:16:48,MANUAL,True,-7.9262327,112.5948734,232.21,0.0,0.0,TRACKING_BUOY (MANUAL),308,-12
1786033008.438,2026-08-06 23:16:48,MANUAL,True,-7.9262325,112.5948731,232.21,0.0,0.0,TRACKING_BUOY (MANUAL),307,-13
1786033008.589,2026-08-06 23:16:48,MANUAL,True,-7.9262325,112.594873,232.21,0.0,0.0,TRACKING_BUOY (MANUAL),305,-15
1786033008.734,2026-08-06 23:16:48,MANUAL,True,-7.9262323,112.5948724,232.19,0.0,0.0,TRACKING_BUOY (MANUAL),303,-17
1786033008.906,2026-08-06 23:16:48,MANUAL,True,-7.9262322,112.5948721,232.18,0.0,0.0,TRACKING_BUOY (MANUAL),301,-19
1786033009.055,2026-08-06 23:16:49,MANUAL,True,-7.926232,112.5948712,232.18,0.0,0.0,TRACKING_BUOY (MANUAL),300,-20
1786033009.207,2026-08-06 23:16:49,MANUAL,True,-7.926232,112.5948708,232.19,0.0,0.0,TRACKING_BUOY (MANUAL),295,-25
1786033009.363,2026-08-06 23:16:49,MANUAL,True,-7.9262318,112.5948699,232.2,0.0,0.0,TRACKING_BUOY (MANUAL),295,-25
1786033009.508,2026-08-06 23:16:49,MANUAL,True,-7.9262317,112.5948696,232.2,0.0,0.0,TRACKING_BUOY (MANUAL),294,-26
1786033009.651,2026-08-06 23:16:49,MANUAL,True,-7.9262315,112.5948688,232.2,0.0,0.0,TRACKING_BUOY (MANUAL),295,-25
1786033009.819,2026-08-06 23:16:49,MANUAL,True,-7.9262315,112.5948688,232.2,0.0,0.0,TRACKING_BUOY (MANUAL),296,-24
1786033009.968,2026-08-06 23:16:49,MANUAL,True,-7.9262312,112.5948675,232.19,0.0,0.0,TRACKING_BUOY (MANUAL),296,-24
1786033010.117,2026-08-06 23:16:50,MANUAL,True,-7.9262311,112.5948673,232.18,0.0,0.0,TRACKING_BUOY (MANUAL),297,-23
1786033010.259,2026-08-06 23:16:50,MANUAL,True,-7.9262309,112.5948671,232.19,0.0,0.0,TRACKING_BUOY (MANUAL),297,-23
1786033010.407,2026-08-06 23:16:50,MANUAL,True,-7.9262308,112.594867,232.2,0.0,0.0,TRACKING_BUOY (MANUAL),296,-24
1786033010.557,2026-08-06 23:16:50,MANUAL,True,-7.9262306,112.5948669,232.19,0.0,0.0,TRACKING_BUOY (MANUAL),296,-24
1786033010.717,2026-08-06 23:16:50,MANUAL,True,-7.9262306,112.5948669,232.19,0.0,0.0,TRACKING_BUOY (MANUAL),295,-25
1786033010.864,2026-08-06 23:16:50,MANUAL,True,-7.9262302,112.5948666,232.17,0.0,0.0,TRACKING_BUOY (MANUAL),297,-23
1786033011.014,2026-08-06 23:16:51,MANUAL,True,-7.9262301,112.5948664,232.16,0.0,0.0,TRACKING_BUOY (MANUAL),298,-22
1786033011.160,2026-08-06 23:16:51,MANUAL,True,-7.9262299,112.5948662,232.18,0.0,0.0,TRACKING_BUOY (MANUAL),300,-20
1786033011.305,2026-08-06 23:16:51,MANUAL,True,-7.9262299,112.5948661,232.16,0.0,0.0,TRACKING_BUOY (MANUAL),298,-22
1786033011.453,2026-08-06 23:16:51,MANUAL,True,-7.9262298,112.5948662,232.17,0.0,0.0,TRACKING_BUOY (MANUAL),298,-22
1786033011.602,2026-08-06 23:16:51,MANUAL,True,-7.9262298,112.5948663,232.15,0.0,0.0,TRACKING_BUOY (MANUAL),298,-22
1786033011.750,2026-08-06 23:16:51,MANUAL,True,-7.9262298,112.5948663,232.15,0.0,0.0,TRACKING_BUOY (MANUAL),299,-21
1786033011.900,2026-08-06 23:16:51,MANUAL,True,-7.9262296,112.5948662,232.13,0.0,0.0,TRACKING_BUOY (MANUAL),298,-22
1786033012.044,2026-08-06 23:16:52,MANUAL,True,-7.9262295,112.5948663,232.1,0.0,0.0,TRACKING_BUOY (MANUAL),301,-19
1786033012.190,2026-08-06 23:16:52,MANUAL,True,-7.9262294,112.5948664,232.1,0.0,0.0,TRACKING_BUOY (MANUAL),303,-17
1786033012.346,2026-08-06 23:16:52,MANUAL,True,-7.9262293,112.5948667,232.11,0.0,0.0,TRACKING_BUOY (MANUAL),304,-16
1786033012.490,2026-08-06 23:16:52,MANUAL,True,-7.9262291,112.5948671,232.09,0.0,0.0,TRACKING_BUOY (MANUAL),305,-15
1786033012.639,2026-08-06 23:16:52,MANUAL,True,-7.926229,112.5948673,232.08,0.0,0.0,TRACKING_BUOY (MANUAL),306,-14
1786033012.785,2026-08-06 23:16:52,MANUAL,True,-7.926229,112.5948673,232.08,0.0,0.0,TRACKING_BUOY (MANUAL),307,-13
1786033012.934,2026-08-06 23:16:52,MANUAL,True,-7.9262288,112.5948673,232.09,0.0,0.0,TRACKING_BUOY (MANUAL),311,-9
1786033013.087,2026-08-06 23:16:53,MANUAL,True,-7.9262286,112.5948673,232.07,0.0,0.0,TRACKING_BUOY (MANUAL),311,-9
1786033013.243,2026-08-06 23:16:53,MANUAL,True,-7.9262285,112.5948675,232.05,0.0,0.0,TRACKING_BUOY (MANUAL),311,-9
1786033013.392,2026-08-06 23:16:53,MANUAL,True,-7.9262285,112.5948674,232.06,0.0,0.0,TRACKING_BUOY (MANUAL),313,-7
1786033013.536,2026-08-06 23:16:53,MANUAL,True,-7.9262285,112.5948673,232.04,0.0,0.0,TRACKING_BUOY (MANUAL),313,-7
1786033013.689,2026-08-06 23:16:53,MANUAL,True,-7.9262283,112.5948672,232.05,0.0,0.0,TRACKING_BUOY (MANUAL),313,-7
1786033013.855,2026-08-06 23:16:53,MANUAL,True,-7.9262282,112.5948669,232.04,0.0,0.0,TRACKING_BUOY (MANUAL),313,-7
1786033014.006,2026-08-06 23:16:54,MANUAL,True,-7.9262282,112.5948667,232.03,0.0,0.0,TRACKING_BUOY (MANUAL),314,-6
1786033014.166,2026-08-06 23:16:54,MANUAL,True,-7.9262281,112.5948663,232.03,0.0,0.0,TRACKING_BUOY (MANUAL),314,-6
1786033014.319,2026-08-06 23:16:54,MANUAL,True,-7.926228,112.5948659,232.02,0.0,0.0,TRACKING_BUOY (MANUAL),315,-5
1786033014.469,2026-08-06 23:16:54,MANUAL,True,-7.9262278,112.5948655,232.02,0.0,0.0,TRACKING_BUOY (MANUAL),317,-3
1786033014.619,2026-08-06 23:16:54,MANUAL,True,-7.9262277,112.5948652,232.02,0.0,0.0,TRACKING_BUOY (MANUAL),317,-3
1786033014.779,2026-08-06 23:16:54,MANUAL,True,-7.9262273,112.5948644,232.01,0.0,0.0,TRACKING_BUOY (MANUAL),317,-3
1786033014.927,2026-08-06 23:16:54,MANUAL,True,-7.9262272,112.594864,232.01,0.0,0.0,TRACKING_BUOY (MANUAL),319,-1
1786033015.082,2026-08-06 23:16:55,MANUAL,True,-7.9262267,112.5948629,232.0,0.0,0.0,TRACKING_BUOY (MANUAL),318,-2
1786033015.228,2026-08-06 23:16:55,MANUAL,True,-7.9262264,112.5948624,231.99,0.0,0.0,TRACKING_BUOY (MANUAL),317,-3
1786033015.378,2026-08-06 23:16:55,MANUAL,True,-7.9262259,112.594861,232.0,0.0,0.0,TRACKING_BUOY (MANUAL),317,-3
1786033015.526,2026-08-06 23:16:55,MANUAL,True,-7.9262257,112.5948603,231.99,0.0,0.0,TRACKING_BUOY (MANUAL),318,-2
1786033015.670,2026-08-06 23:16:55,MANUAL,True,-7.9262251,112.5948589,231.98,0.0,0.0,TRACKING_BUOY (MANUAL),317,-3
1786033015.837,2026-08-06 23:16:55,MANUAL,True,-7.9262246,112.5948576,231.98,0.0,0.0,TRACKING_BUOY (MANUAL),317,-3
1786033015.988,2026-08-06 23:16:55,MANUAL,True,-7.9262244,112.5948568,231.98,0.0,0.0,TRACKING_BUOY (MANUAL),317,-3
1786033016.139,2026-08-06 23:16:56,MANUAL,True,-7.9262239,112.5948554,232.0,0.0,0.0,TRACKING_BUOY (MANUAL),318,-2
1786033016.292,2026-08-06 23:16:56,MANUAL,True,-7.9262236,112.5948546,232.0,0.0,0.0,TRACKING_BUOY (MANUAL),318,-2
1786033016.435,2026-08-06 23:16:56,MANUAL,True,-7.9262231,112.5948531,232.0,0.0,0.0,TRACKING_BUOY (MANUAL),318,-2
1786033016.585,2026-08-06 23:16:56,MANUAL,True,-7.9262229,112.5948522,232.0,0.0,0.0,TRACKING_BUOY (MANUAL),319,-1
1786033016.736,2026-08-06 23:16:56,MANUAL,True,-7.9262225,112.5948503,232.0,0.0,0.0,TRACKING_BUOY (MANUAL),320,0
1786033016.889,2026-08-06 23:16:56,MANUAL,True,-7.9262223,112.5948494,231.99,0.0,0.0,TRACKING_BUOY (MANUAL),321,1
1786033017.034,2026-08-06 23:16:57,MANUAL,True,-7.9262219,112.5948478,232.01,0.0,0.0,TRACKING_BUOY (MANUAL),321,1
1786033017.181,2026-08-06 23:16:57,MANUAL,True,-7.9262217,112.5948473,232.01,0.0,0.0,TRACKING_BUOY (MANUAL),323,3
1786033017.328,2026-08-06 23:16:57,MANUAL,True,-7.9262215,112.5948463,231.99,0.0,0.0,TRACKING_BUOY (MANUAL),323,3
1786033017.484,2026-08-06 23:16:57,MANUAL,True,-7.9262211,112.5948452,232.0,0.0,0.0,TRACKING_BUOY (MANUAL),324,4
1786033017.625,2026-08-06 23:16:57,MANUAL,True,-7.9262209,112.5948447,232.0,0.0,0.0,TRACKING_BUOY (MANUAL),325,5
1786033017.768,2026-08-06 23:16:57,MANUAL,True,-7.9262207,112.594844,231.99,0.0,0.0,TRACKING_BUOY (MANUAL),326,6
1786033017.917,2026-08-06 23:16:57,MANUAL,True,-7.9262203,112.5948435,231.94,0.0,0.0,TRACKING_BUOY (MANUAL),328,8
1786033018.064,2026-08-06 23:16:58,MANUAL,True,-7.9262198,112.5948426,231.95,0.0,0.0,TRACKING_BUOY (MANUAL),329,9
1786033018.217,2026-08-06 23:16:58,MANUAL,True,-7.9262196,112.5948422,231.98,0.0,0.0,TRACKING_BUOY (MANUAL),330,10
1786033018.367,2026-08-06 23:16:58,MANUAL,True,-7.9262191,112.5948412,231.97,0.0,0.0,TRACKING_BUOY (MANUAL),333,13
1786033018.513,2026-08-06 23:16:58,MANUAL,True,-7.9262189,112.5948408,231.97,0.0,0.0,TRACKING_BUOY (MANUAL),332,12
1786033018.658,2026-08-06 23:16:58,MANUAL,True,-7.9262184,112.5948395,231.97,0.0,0.0,TRACKING_BUOY (MANUAL),333,13
1786033018.817,2026-08-06 23:16:58,MANUAL,True,-7.9262182,112.5948389,231.99,0.0,0.0,TRACKING_BUOY (MANUAL),330,10
1786033018.978,2026-08-06 23:16:58,MANUAL,True,-7.9262176,112.5948376,231.98,0.0,0.0,TRACKING_BUOY (MANUAL),319,-1
1786033019.125,2026-08-06 23:16:59,MANUAL,True,-7.9262173,112.5948369,231.96,0.0,0.0,TRACKING_BUOY (MANUAL),313,-7
1786033019.274,2026-08-06 23:16:59,MANUAL,True,-7.9262168,112.5948357,232.01,0.0,0.0,TRACKING_BUOY (MANUAL),311,-9
1786033019.423,2026-08-06 23:16:59,MANUAL,True,-7.9262165,112.5948352,232.15,0.0,0.0,TRACKING_BUOY (MANUAL),309,-11
1786033019.571,2026-08-06 23:16:59,MANUAL,True,-7.926216,112.5948343,232.09,0.0,0.0,TRACKING_BUOY (MANUAL),305,-15
1786033019.718,2026-08-06 23:16:59,MANUAL,True,-7.9262158,112.5948339,232.07,0.0,0.0,TRACKING_BUOY (MANUAL),305,-15
1786033019.933,2026-08-06 23:16:59,MANUAL,True,-7.9262154,112.5948335,232.08,0.0,0.0,TRACKING_BUOY (MANUAL),309,-11
1786033020.107,2026-08-06 23:17:00,MANUAL,True,-7.926215,112.5948333,232.06,0.0,0.0,TRACKING_BUOY (MANUAL),319,-1
1786033020.302,2026-08-06 23:17:00,MANUAL,True,-7.9262146,112.594833,232.04,0.0,0.0,TRACKING_BUOY (MANUAL),334,14
1786033020.453,2026-08-06 23:17:00,MANUAL,True,-7.9262144,112.5948328,231.94,0.0,0.0,TRACKING_BUOY (MANUAL),346,26
1786033020.614,2026-08-06 23:17:00,MANUAL,True,-7.9262142,112.5948327,231.87,0.0,0.0,TRACKING_BUOY (MANUAL),351,31
1786033020.760,2026-08-06 23:17:00,MANUAL,True,-7.9262142,112.5948327,231.87,0.0,0.0,TRACKING_BUOY (MANUAL),360,40
1786033020.931,2026-08-06 23:17:00,MANUAL,True,-7.9262137,112.5948324,231.87,0.0,0.0,TRACKING_BUOY (MANUAL),365,45
1786033021.082,2026-08-06 23:17:01,MANUAL,True,-7.9262135,112.5948325,231.87,0.0,0.0,TRACKING_BUOY (MANUAL),361,41
1786033021.228,2026-08-06 23:17:01,MANUAL,True,-7.9262132,112.5948326,231.86,0.0,0.0,TRACKING_BUOY (MANUAL),349,29
1786033021.376,2026-08-06 23:17:01,MANUAL,True,-7.926213,112.5948327,231.86,0.0,0.0,TRACKING_BUOY (MANUAL),331,11
1786033021.530,2026-08-06 23:17:01,MANUAL,True,-7.9262128,112.5948332,231.86,0.0,0.0,TRACKING_BUOY (MANUAL),320,0
1786033021.678,2026-08-06 23:17:01,MANUAL,True,-7.9262125,112.5948337,231.89,0.0,0.0,TRACKING_BUOY (MANUAL),313,-7
1786033021.826,2026-08-06 23:17:01,MANUAL,True,-7.9262123,112.5948341,231.9,0.0,0.0,TRACKING_BUOY (MANUAL),302,-18
1786033021.974,2026-08-06 23:17:01,MANUAL,True,-7.9262121,112.5948342,231.89,0.0,0.0,TRACKING_BUOY (MANUAL),294,-26
1786033022.126,2026-08-06 23:17:02,MANUAL,True,-7.9262119,112.594835,232.13,0.0,0.0,TRACKING_BUOY (MANUAL),289,-31
1786033022.271,2026-08-06 23:17:02,MANUAL,True,-7.9262118,112.5948353,232.08,0.0,0.0,TRACKING_BUOY (MANUAL),287,-33
1786033022.421,2026-08-06 23:17:02,MANUAL,True,-7.9262117,112.5948361,232.05,0.0,0.0,TRACKING_BUOY (MANUAL),280,-40
1786033022.566,2026-08-06 23:17:02,MANUAL,True,-7.9262116,112.5948366,232.04,0.0,0.0,TRACKING_BUOY (MANUAL),275,-45
1786033022.713,2026-08-06 23:17:02,MANUAL,True,-7.9262115,112.5948372,232.0,0.0,0.0,TRACKING_BUOY (MANUAL),277,-43
1786033022.862,2026-08-06 23:17:02,MANUAL,True,-7.9262115,112.5948383,231.97,0.0,0.0,TRACKING_BUOY (MANUAL),290,-30
1786033023.009,2026-08-06 23:17:03,MANUAL,True,-7.9262115,112.5948397,231.95,0.0,0.0,TRACKING_BUOY (MANUAL),315,-5
1786033023.155,2026-08-06 23:17:03,MANUAL,True,-7.9262114,112.5948405,231.93,0.0,0.0,TRACKING_BUOY (MANUAL),343,23
1786033023.296,2026-08-06 23:17:03,MANUAL,True,-7.9262114,112.5948415,231.76,0.0,0.0,TRACKING_BUOY (MANUAL),382,62
1786033023.442,2026-08-06 23:17:03,MANUAL,True,-7.9262112,112.5948434,231.78,0.0,0.0,TRACKING_BUOY (MANUAL),413,93
1786033023.590,2026-08-06 23:17:03,MANUAL,True,-7.9262112,112.5948443,231.77,0.0,0.0,TRACKING_BUOY (MANUAL),475,155
1786033023.736,2026-08-06 23:17:03,MANUAL,True,-7.9262111,112.5948461,231.82,0.0,0.0,🔴 FAILSAFE: TARGET LOST,,
1786033023.884,2026-08-06 23:17:03,MANUAL,True,-7.9262111,112.5948471,231.82,0.0,0.0,🔴 FAILSAFE: TARGET LOST,,
1786033024.031,2026-08-06 23:17:04,MANUAL,True,-7.9262112,112.594849,231.85,0.0,0.0,🔴 FAILSAFE: TARGET LOST,,
1786033024.177,2026-08-06 23:17:04,MANUAL,True,-7.9262112,112.5948498,231.85,0.0,0.0,🔴 FAILSAFE: TARGET LOST,,
1786033024.329,2026-08-06 23:17:04,MANUAL,True,-7.9262114,112.5948517,231.85,0.0,0.0,🔴 FAILSAFE: TARGET LOST,,
1786033024.473,2026-08-06 23:17:04,MANUAL,True,-7.9262114,112.5948525,231.84,0.0,0.0,🔴 FAILSAFE: TARGET LOST,,
1786033024.628,2026-08-06 23:17:04,MANUAL,True,-7.9262115,112.5948533,231.83,0.0,0.0,🔴 FAILSAFE: TARGET LOST,,
1786033024.789,2026-08-06 23:17:04,MANUAL,True,-7.9262116,112.5948548,231.81,0.0,0.0,🔴 FAILSAFE: TARGET LOST,,
1786033024.952,2026-08-06 23:17:04,MANUAL,True,-7.9262117,112.5948561,231.81,0.0,0.0,🔴 FAILSAFE: TARGET LOST,,
1786033025.113,2026-08-06 23:17:05,MANUAL,True,-7.9262119,112.5948574,231.8,0.0,0.0,🔴 FAILSAFE: TARGET LOST,,
1786033025.270,2026-08-06 23:17:05,MANUAL,True,-7.9262119,112.5948581,231.81,0.0,0.0,🔴 FAILSAFE: TARGET LOST,,
1786033025.432,2026-08-06 23:17:05,MANUAL,True,-7.9262121,112.5948593,231.79,0.0,0.0,🔴 FAILSAFE: TARGET LOST,,
1786033025.584,2026-08-06 23:17:05,MANUAL,True,-7.9262121,112.5948597,231.79,0.0,0.0,🔴 FAILSAFE: TARGET LOST,,
1786033025.742,2026-08-06 23:17:05,MANUAL,True,-7.9262123,112.5948605,231.79,0.0,0.0,🔴 FAILSAFE: TARGET LOST,,
1786033025.902,2026-08-06 23:17:05,MANUAL,True,-7.9262124,112.5948608,231.78,0.0,0.0,🔴 FAILSAFE: TARGET LOST,,
1786033026.076,2026-08-06 23:17:06,MANUAL,True,-7.9262126,112.5948617,231.78,0.0,0.0,🔴 FAILSAFE: TARGET LOST,,
1786033026.242,2026-08-06 23:17:06,MANUAL,True,-7.9262128,112.5948629,231.77,0.0,0.0,🔴 FAILSAFE: TARGET LOST,,
1786033026.404,2026-08-06 23:17:06,MANUAL,True,-7.9262129,112.5948635,231.78,0.0,0.0,🔴 FAILSAFE: TARGET LOST,,
1786033026.576,2026-08-06 23:17:06,MANUAL,True,-7.9262133,112.5948646,231.79,0.0,0.0,🔴 FAILSAFE: TARGET LOST,,
1786033026.731,2026-08-06 23:17:06,MANUAL,True,-7.9262135,112.5948652,231.79,0.0,0.0,🔴 FAILSAFE: TARGET LOST,,
1786033026.901,2026-08-06 23:17:06,MANUAL,True,-7.926214,112.5948663,231.81,0.0,0.0,TRACKING_BUOY (MANUAL),462,142
1786033027.056,2026-08-06 23:17:07,MANUAL,True,-7.9262145,112.5948677,231.79,0.0,0.0,🔴 FAILSAFE: TARGET LOST,,
1786033027.220,2026-08-06 23:17:07,MANUAL,True,-7.9262147,112.5948683,231.79,0.0,0.0,🔴 FAILSAFE: TARGET LOST,,
1786033027.369,2026-08-06 23:17:07,MANUAL,True,-7.9262152,112.5948701,231.8,0.0,0.0,🔴 FAILSAFE: TARGET LOST,,
1786033027.512,2026-08-06 23:17:07,MANUAL,True,-7.9262154,112.5948708,231.8,0.0,0.0,🔴 FAILSAFE: TARGET LOST,,
1786033027.671,2026-08-06 23:17:07,MANUAL,True,-7.9262158,112.5948722,231.79,0.0,0.0,🔴 FAILSAFE: TARGET LOST,,
1786033027.821,2026-08-06 23:17:07,MANUAL,True,-7.9262158,112.5948722,231.79,0.0,0.0,🔴 FAILSAFE: TARGET LOST,,
1786033027.965,2026-08-06 23:17:07,MANUAL,True,-7.9262163,112.5948743,231.8,0.0,0.0,🔴 FAILSAFE: TARGET LOST,,
1786033028.117,2026-08-06 23:17:08,MANUAL,True,-7.9262164,112.594875,231.78,0.0,0.0,🔴 FAILSAFE: TARGET LOST,,
1786033028.272,2026-08-06 23:17:08,MANUAL,True,-7.9262168,112.5948764,231.76,0.0,0.0,TRACKING_BUOY (MANUAL),464,144
1786033028.432,2026-08-06 23:17:08,MANUAL,True,-7.9262171,112.5948778,231.76,0.0,0.0,TRACKING_BUOY (MANUAL),463,143
1786033028.578,2026-08-06 23:17:08,MANUAL,True,-7.9262173,112.5948786,231.75,0.0,0.0,TRACKING_BUOY (MANUAL),464,144
1786033028.998,2026-08-06 23:17:08,MANUAL,True,-7.926218,112.5948816,231.78,0.0,0.0,TRACKING_BUOY (MANUAL),464,144
1786033029.243,2026-08-06 23:17:09,MANUAL,True,-7.9262186,112.594884,231.8,0.0,0.0,TRACKING_BUOY (MANUAL),463,143
1786033029.465,2026-08-06 23:17:09,MANUAL,True,-7.926219,112.5948857,231.8,0.0,0.0,🔴 FAILSAFE: TARGET LOST,,
1786033029.623,2026-08-06 23:17:09,MANUAL,True,-7.9262192,112.5948865,231.81,0.0,0.0,TRACKING_BUOY (MANUAL),465,145
1786033029.797,2026-08-06 23:17:09,MANUAL,True,-7.9262196,112.5948882,231.82,0.0,0.0,🔴 FAILSAFE: TARGET LOST,,
1786033029.998,2026-08-06 23:17:09,MANUAL,True,-7.9262201,112.59489,231.82,0.0,0.0,🔴 FAILSAFE: TARGET LOST,,
1786033030.142,2026-08-06 23:17:10,MANUAL,True,-7.9262205,112.5948918,231.82,0.0,0.0,🔴 FAILSAFE: TARGET LOST,,
1786033030.284,2026-08-06 23:17:10,MANUAL,True,-7.9262208,112.5948927,231.84,0.0,0.0,🔴 FAILSAFE: TARGET LOST,,
1786033030.438,2026-08-06 23:17:10,MANUAL,True,-7.9262213,112.5948945,231.82,0.0,0.0,🔴 FAILSAFE: TARGET LOST,,
1786033030.586,2026-08-06 23:17:10,MANUAL,True,-7.9262215,112.5948955,231.82,0.0,0.0,🔴 FAILSAFE: TARGET LOST,,
1786033030.724,2026-08-06 23:17:10,MANUAL,True,-7.9262218,112.5948965,231.82,0.0,0.0,🔴 FAILSAFE: TARGET LOST,,
1786033030.875,2026-08-06 23:17:10,MANUAL,True,-7.9262223,112.5948984,231.82,0.0,0.0,🔴 FAILSAFE: TARGET LOST,,
1786033031.038,2026-08-06 23:17:11,MANUAL,True,-7.9262229,112.5949004,231.82,0.0,0.0,🔴 FAILSAFE: TARGET LOST,,
1786033031.189,2026-08-06 23:17:11,MANUAL,True,-7.9262231,112.5949012,231.82,0.0,0.0,🔴 FAILSAFE: TARGET LOST,,
1786033031.336,2026-08-06 23:17:11,MANUAL,True,-7.9262237,112.5949035,231.8,0.0,0.0,🔴 FAILSAFE: TARGET LOST,,
1786033031.485,2026-08-06 23:17:11,MANUAL,True,-7.926224,112.5949045,231.81,0.0,0.0,🔴 FAILSAFE: TARGET LOST,,
1786033031.635,2026-08-06 23:17:11,MANUAL,True,-7.9262243,112.5949056,231.81,0.0,0.0,🔴 FAILSAFE: TARGET LOST,,
1786033031.787,2026-08-06 23:17:11,MANUAL,True,-7.9262249,112.5949078,231.8,0.0,0.0,🔴 FAILSAFE: TARGET LOST,,
1786033031.938,2026-08-06 23:17:11,MANUAL,True,-7.9262256,112.59491,231.79,0.0,0.0,🔴 FAILSAFE: TARGET LOST,,
1786033032.090,2026-08-06 23:17:12,MANUAL,True,-7.9262259,112.5949111,231.8,0.0,0.0,🔴 FAILSAFE: TARGET LOST,,
1786033032.239,2026-08-06 23:17:12,MANUAL,True,-7.9262265,112.5949132,231.79,0.0,0.0,🔴 FAILSAFE: TARGET LOST,,
1786033032.389,2026-08-06 23:17:12,MANUAL,True,-7.9262269,112.5949146,231.79,0.0,0.0,🔴 FAILSAFE: TARGET LOST,,
1786033032.539,2026-08-06 23:17:12,MANUAL,True,-7.9262276,112.594917,231.77,0.0,0.0,🔴 FAILSAFE: TARGET LOST,,
1786033032.688,2026-08-06 23:17:12,MANUAL,True,-7.9262281,112.5949186,231.78,0.0,0.0,🔴 FAILSAFE: TARGET LOST,,
1786033032.843,2026-08-06 23:17:12,MANUAL,True,-7.9262287,112.5949206,231.77,0.0,0.0,🔴 FAILSAFE: TARGET LOST,,
1786033032.999,2026-08-06 23:17:12,MANUAL,True,-7.9262291,112.5949219,231.76,0.0,0.0,🔴 FAILSAFE: TARGET LOST,,
1786033033.161,2026-08-06 23:17:13,MANUAL,True,-7.9262299,112.5949244,231.77,0.0,0.0,🔴 FAILSAFE: TARGET LOST,,
1786033033.310,2026-08-06 23:17:13,MANUAL,True,-7.9262303,112.5949257,231.77,0.0,0.0,🔴 FAILSAFE: TARGET LOST,,
1786033033.454,2026-08-06 23:17:13,MANUAL,True,-7.9262311,112.5949283,231.79,0.0,0.0,🔴 FAILSAFE: TARGET LOST,,
1786033033.596,2026-08-06 23:17:13,MANUAL,True,-7.9262315,112.5949296,231.78,0.0,0.0,🔴 FAILSAFE: TARGET LOST,,
1786033033.734,2026-08-06 23:17:13,MANUAL,True,-7.9262319,112.594931,231.78,0.0,0.0,🔴 FAILSAFE: TARGET LOST,,
1786033033.876,2026-08-06 23:17:13,MANUAL,True,-7.9262327,112.5949337,231.76,0.0,0.0,🔴 FAILSAFE: TARGET LOST,,
1786033034.028,2026-08-06 23:17:14,MANUAL,True,-7.9262332,112.5949351,231.76,0.0,0.0,🔴 FAILSAFE: TARGET LOST,,
1786033034.183,2026-08-06 23:17:14,MANUAL,True,-7.926234,112.5949379,231.75,0.0,0.0,🔴 FAILSAFE: TARGET LOST,,
1786033034.340,2026-08-06 23:17:14,MANUAL,True,-7.9262179,112.594875,231.76,0.0,0.0,🔴 FAILSAFE: TARGET LOST,,
1786033034.489,2026-08-06 23:17:14,MANUAL,True,-7.9262179,112.594875,231.75,0.0,0.0,🔴 FAILSAFE: TARGET LOST,,
1786033034.651,2026-08-06 23:17:14,MANUAL,True,-7.9262179,112.594875,231.74,0.0,0.0,🔴 FAILSAFE: TARGET LOST,,
1786033034.795,2026-08-06 23:17:14,MANUAL,True,-7.9262179,112.594875,231.74,0.0,0.0,🔴 FAILSAFE: TARGET LOST,,
1786033034.941,2026-08-06 23:17:14,MANUAL,True,-7.9262179,112.594875,231.73,0.0,0.0,🔴 FAILSAFE: TARGET LOST,,
1786033035.092,2026-08-06 23:17:15,MANUAL,True,-7.9262179,112.594875,231.73,0.0,0.0,🔴 FAILSAFE: TARGET LOST,,
1786033035.240,2026-08-06 23:17:15,MANUAL,True,-7.9262179,112.594875,231.74,0.0,0.0,🔴 FAILSAFE: TARGET LOST,,
1786033035.392,2026-08-06 23:17:15,MANUAL,True,-7.9262179,112.594875,231.75,0.0,0.0,🔴 FAILSAFE: TARGET LOST,,
1786033035.547,2026-08-06 23:17:15,MANUAL,True,-7.9262179,112.594875,231.76,0.0,0.0,🔴 FAILSAFE: TARGET LOST,,
1786033035.699,2026-08-06 23:17:15,MANUAL,True,-7.9262179,112.594875,231.75,0.0,0.0,🔴 FAILSAFE: TARGET LOST,,
1786033035.847,2026-08-06 23:17:15,MANUAL,True,-7.9262179,112.594875,231.75,0.0,0.0,🔴 FAILSAFE: TARGET LOST,,
1786033036.025,2026-08-06 23:17:16,MANUAL,True,-7.9262179,112.594875,231.76,0.0,0.0,🔴 FAILSAFE: TARGET LOST,,
1786033036.225,2026-08-06 23:17:16,MANUAL,True,-7.9262179,112.594875,231.77,0.0,0.0,🔴 FAILSAFE: TARGET LOST,,
1786033036.410,2026-08-06 23:17:16,MANUAL,True,-7.9262179,112.594875,231.76,0.0,0.0,🔴 FAILSAFE: TARGET LOST,,
1786033036.565,2026-08-06 23:17:16,MANUAL,True,-7.9262179,112.594875,231.76,0.0,0.0,🔴 FAILSAFE: TARGET LOST,,
1786033036.716,2026-08-06 23:17:16,MANUAL,True,-7.9262179,112.594875,231.75,0.0,0.0,🔴 FAILSAFE: TARGET LOST,,
1786033036.867,2026-08-06 23:17:16,MANUAL,True,-7.9262179,112.594875,231.74,0.0,0.0,🔴 FAILSAFE: TARGET LOST,,
1786033037.008,2026-08-06 23:17:17,MANUAL,True,-7.9262179,112.594875,231.72,0.0,0.0,🔴 FAILSAFE: TARGET LOST,,
1786033037.157,2026-08-06 23:17:17,MANUAL,True,-7.9262179,112.594875,231.7,0.0,0.0,🔴 FAILSAFE: TARGET LOST,,
1786033037.306,2026-08-06 23:17:17,MANUAL,True,-7.9262179,112.594875,231.69,0.0,0.0,🔴 FAILSAFE: TARGET LOST,,
1786033037.460,2026-08-06 23:17:17,MANUAL,True,-7.9262179,112.594875,231.7,0.0,0.0,🔴 FAILSAFE: TARGET LOST,,
1786033037.607,2026-08-06 23:17:17,MANUAL,True,-7.9262179,112.594875,231.71,0.0,0.0,🔴 FAILSAFE: TARGET LOST,,
1786033037.751,2026-08-06 23:17:17,MANUAL,True,-7.9262179,112.594875,231.71,0.0,0.0,🔴 FAILSAFE: TARGET LOST,,
1786033037.901,2026-08-06 23:17:17,MANUAL,True,-7.9262179,112.594875,231.72,0.0,0.0,🔴 FAILSAFE: TARGET LOST,,
1786033038.054,2026-08-06 23:17:18,MANUAL,True,-7.9262179,112.594875,231.7,0.0,0.0,🔴 FAILSAFE: TARGET LOST,,
1786033038.206,2026-08-06 23:17:18,MANUAL,True,-7.9262179,112.594875,231.7,0.0,0.0,🔴 FAILSAFE: TARGET LOST,,
1786033038.351,2026-08-06 23:17:18,MANUAL,True,-7.9262179,112.594875,231.69,0.0,0.0,🔴 FAILSAFE: TARGET LOST,,
1786033038.497,2026-08-06 23:17:18,MANUAL,True,-7.9262179,112.594875,231.68,0.0,0.0,🔴 FAILSAFE: TARGET LOST,,
1786033038.645,2026-08-06 23:17:18,MANUAL,True,-7.9262179,112.594875,231.68,0.0,0.0,TRACKING_BUOY (MANUAL),640,320
1786033038.801,2026-08-06 23:17:18,MANUAL,True,-7.9262179,112.594875,231.7,0.0,0.0,TRACKING_BUOY (MANUAL),612,292
1786033038.946,2026-08-06 23:17:18,MANUAL,True,-7.9262179,112.594875,231.69,0.0,0.0,TRACKING_BUOY (MANUAL),599,279
1786033039.221,2026-08-06 23:17:19,MANUAL,True,-7.9262179,112.594875,231.68,0.0,0.0,TRACKING_BUOY (MANUAL),596,276
1786033039.510,2026-08-06 23:17:19,MANUAL,True,-7.9262179,112.594875,231.7,0.0,0.0,TRACKING_BUOY (MANUAL),584,264
1786033039.653,2026-08-06 23:17:19,MANUAL,True,-7.9262179,112.594875,231.71,0.0,0.0,TRACKING_BUOY (MANUAL),581,261
1786033039.805,2026-08-06 23:17:19,MANUAL,True,-7.9262179,112.594875,231.71,0.0,0.0,TRACKING_BUOY (MANUAL),575,255
1786033039.976,2026-08-06 23:17:19,MANUAL,True,-7.9262179,112.594875,231.72,0.0,0.0,TRACKING_BUOY (MANUAL),562,242
1786033040.123,2026-08-06 23:17:20,MANUAL,True,-7.9262303,112.594894,231.71,0.0,0.0,TRACKING_BUOY (MANUAL),553,233
1786033040.273,2026-08-06 23:17:20,MANUAL,True,-7.9262304,112.5948942,231.71,0.0,0.0,TRACKING_BUOY (MANUAL),549,229
1786033040.422,2026-08-06 23:17:20,MANUAL,True,-7.9262305,112.5948946,231.73,0.0,0.0,TRACKING_BUOY (MANUAL),554,234
1786033040.570,2026-08-06 23:17:20,MANUAL,True,-7.9262306,112.5948947,231.73,0.0,0.0,TRACKING_BUOY (MANUAL),566,246
1786033040.724,2026-08-06 23:17:20,MANUAL,True,-7.9262308,112.5948951,231.74,0.0,0.0,TRACKING_BUOY (MANUAL),582,262
1786033040.870,2026-08-06 23:17:20,MANUAL,True,-7.9262308,112.5948953,231.75,0.0,0.0,TRACKING_BUOY (MANUAL),598,278
1786033041.014,2026-08-06 23:17:21,MANUAL,True,-7.926231,112.5948957,231.75,0.0,0.0,TRACKING_BUOY (MANUAL),619,299
1786033041.169,2026-08-06 23:17:21,MANUAL,True,-7.9262311,112.5948948,231.75,0.0,0.0,TRACKING_BUOY (MANUAL),633,313
1786033041.325,2026-08-06 23:17:21,MANUAL,True,-7.9262308,112.594887,231.78,0.0,0.0,TRACKING_BUOY (MANUAL),640,320
1786033041.472,2026-08-06 23:17:21,MANUAL,True,-7.9262306,112.5948837,231.79,0.0,0.0,TRACKING_BUOY (MANUAL),640,320
1786033041.619,2026-08-06 23:17:21,MANUAL,True,-7.9262306,112.5948791,231.81,0.0,0.0,TRACKING_BUOY (MANUAL),640,320
1786033041.771,2026-08-06 23:17:21,MANUAL,True,-7.9262308,112.5948775,231.81,0.0,0.0,TRACKING_BUOY (MANUAL),640,320
1786033041.925,2026-08-06 23:17:21,MANUAL,True,-7.9262311,112.5948753,231.8,0.0,0.0,TRACKING_BUOY (MANUAL),633,313
1786033042.077,2026-08-06 23:17:22,MANUAL,True,-7.9262313,112.5948748,231.8,0.0,0.0,TRACKING_BUOY (MANUAL),595,275
1786033042.221,2026-08-06 23:17:22,MANUAL,True,-7.9262319,112.5948745,231.81,0.0,0.0,TRACKING_BUOY (MANUAL),537,217
1786033042.368,2026-08-06 23:17:22,MANUAL,True,-7.9262322,112.5948746,231.81,0.0,0.0,TRACKING_BUOY (MANUAL),497,177
1786033042.518,2026-08-06 23:17:22,MANUAL,True,-7.9262328,112.5948748,231.82,0.0,0.0,TRACKING_BUOY (MANUAL),465,145
1786033042.660,2026-08-06 23:17:22,MANUAL,True,-7.9262332,112.5948749,231.82,0.0,0.0,TRACKING_BUOY (MANUAL),440,120
1786033042.804,2026-08-06 23:17:22,MANUAL,True,-7.9262335,112.5948751,231.82,0.0,0.0,TRACKING_BUOY (MANUAL),427,107
1786033042.947,2026-08-06 23:17:22,MANUAL,True,-7.9262342,112.5948755,231.8,0.0,0.0,TRACKING_BUOY (MANUAL),407,87
1786033043.103,2026-08-06 23:17:23,MANUAL,True,-7.9262346,112.5948757,231.8,0.0,0.0,TRACKING_BUOY (MANUAL),395,75
1786033043.252,2026-08-06 23:17:23,MANUAL,True,-7.9262352,112.5948765,231.79,0.0,0.0,TRACKING_BUOY (MANUAL),387,67
1786033043.396,2026-08-06 23:17:23,MANUAL,True,-7.9262356,112.5948768,231.78,0.0,0.0,TRACKING_BUOY (MANUAL),376,56
1786033043.539,2026-08-06 23:17:23,MANUAL,True,-7.9262363,112.5948774,231.8,0.0,0.0,TRACKING_BUOY (MANUAL),362,42
1786033043.686,2026-08-06 23:17:23,MANUAL,True,-7.9262368,112.594878,231.81,0.0,0.0,TRACKING_BUOY (MANUAL),356,36
1786033043.842,2026-08-06 23:17:23,MANUAL,True,-7.9262374,112.5948786,231.8,0.0,0.0,TRACKING_BUOY (MANUAL),352,32
1786033043.991,2026-08-06 23:17:23,MANUAL,True,-7.9262378,112.5948789,231.81,0.0,0.0,TRACKING_BUOY (MANUAL),345,25
1786033044.137,2026-08-06 23:17:24,MANUAL,True,-7.9262384,112.5948793,231.82,0.0,0.0,TRACKING_BUOY (MANUAL),336,16
1786033044.279,2026-08-06 23:17:24,MANUAL,True,-7.9262388,112.5948796,231.83,0.0,0.0,TRACKING_BUOY (MANUAL),328,8
1786033044.420,2026-08-06 23:17:24,MANUAL,True,-7.9262391,112.5948797,231.83,0.0,0.0,TRACKING_BUOY (MANUAL),324,4
1786033044.564,2026-08-06 23:17:24,MANUAL,True,-7.9262396,112.5948798,231.83,0.0,0.0,TRACKING_BUOY (MANUAL),316,-4
1786033044.713,2026-08-06 23:17:24,MANUAL,True,-7.9262399,112.59488,231.86,0.0,0.0,TRACKING_BUOY (MANUAL),312,-8
1786033044.863,2026-08-06 23:17:24,MANUAL,True,-7.9262403,112.59488,231.89,0.0,0.0,TRACKING_BUOY (MANUAL),309,-11
1786033045.006,2026-08-06 23:17:25,MANUAL,True,-7.9262404,112.5948801,231.9,0.0,0.0,TRACKING_BUOY (MANUAL),302,-18
1786033045.154,2026-08-06 23:17:25,MANUAL,True,-7.9262406,112.5948805,231.9,0.0,0.0,TRACKING_BUOY (MANUAL),300,-20
1786033045.305,2026-08-06 23:17:25,MANUAL,True,-7.9262407,112.5948808,231.91,0.0,0.0,TRACKING_BUOY (MANUAL),299,-21
1786033045.457,2026-08-06 23:17:25,MANUAL,True,-7.9262407,112.5948811,231.92,0.0,0.0,TRACKING_BUOY (MANUAL),295,-25
1786033045.609,2026-08-06 23:17:25,MANUAL,True,-7.9262407,112.5948811,231.91,0.0,0.0,TRACKING_BUOY (MANUAL),292,-28
1786033045.760,2026-08-06 23:17:25,MANUAL,True,-7.9262408,112.594881,231.93,0.0,0.0,TRACKING_BUOY (MANUAL),292,-28
1786033045.912,2026-08-06 23:17:25,MANUAL,True,-7.9262408,112.594881,231.93,0.0,0.0,TRACKING_BUOY (MANUAL),291,-29
1786033046.063,2026-08-06 23:17:26,MANUAL,True,-7.9262409,112.5948806,231.94,0.0,0.0,TRACKING_BUOY (MANUAL),292,-28
1786033046.207,2026-08-06 23:17:26,MANUAL,True,-7.9262409,112.5948805,231.94,0.0,0.0,TRACKING_BUOY (MANUAL),297,-23
1786033046.400,2026-08-06 23:17:26,MANUAL,True,-7.9262409,112.5948802,231.95,0.0,0.0,TRACKING_BUOY (MANUAL),302,-18
1786033046.542,2026-08-06 23:17:26,MANUAL,True,-7.9262408,112.59488,231.95,0.0,0.0,TRACKING_BUOY (MANUAL),315,-5
1786033046.694,2026-08-06 23:17:26,MANUAL,True,-7.9262407,112.5948798,231.92,0.0,0.0,TRACKING_BUOY (MANUAL),318,-2
1786033046.838,2026-08-06 23:17:26,MANUAL,True,-7.9262405,112.5948794,231.89,0.0,0.0,TRACKING_BUOY (MANUAL),319,-1
1786033046.986,2026-08-06 23:17:26,MANUAL,True,-7.9262403,112.5948792,231.89,0.0,0.0,TRACKING_BUOY (MANUAL),318,-2
1786033047.157,2026-08-06 23:17:27,MANUAL,True,-7.9262402,112.5948789,231.91,0.0,0.0,TRACKING_BUOY (MANUAL),318,-2
1786033047.343,2026-08-06 23:17:27,MANUAL,True,-7.9262399,112.5948786,231.93,0.0,0.0,TRACKING_BUOY (MANUAL),318,-2
1786033047.522,2026-08-06 23:17:27,MANUAL,True,-7.9262396,112.5948783,231.95,0.0,0.0,TRACKING_BUOY (MANUAL),317,-3
1786033047.720,2026-08-06 23:17:27,MANUAL,True,-7.9262395,112.5948779,231.96,0.0,0.0,TRACKING_BUOY (MANUAL),316,-4
1786033047.860,2026-08-06 23:17:27,MANUAL,True,-7.926239,112.5948769,231.97,0.0,0.0,TRACKING_BUOY (MANUAL),316,-4
1786033048.004,2026-08-06 23:17:28,MANUAL,True,-7.9262385,112.5948759,231.97,0.0,0.0,TRACKING_BUOY (MANUAL),316,-4
1786033048.155,2026-08-06 23:17:28,MANUAL,True,-7.9262384,112.5948754,232.0,0.0,0.0,TRACKING_BUOY (MANUAL),315,-5
1786033048.306,2026-08-06 23:17:28,MANUAL,True,-7.9262378,112.5948746,232.01,0.0,0.0,TRACKING_BUOY (MANUAL),312,-8
1786033048.453,2026-08-06 23:17:28,MANUAL,True,-7.9262376,112.5948743,232.02,0.0,0.0,TRACKING_BUOY (MANUAL),309,-11
1786033048.602,2026-08-06 23:17:28,MANUAL,True,-7.9262374,112.5948741,232.03,0.0,0.0,TRACKING_BUOY (MANUAL),306,-14
1786033048.751,2026-08-06 23:17:28,MANUAL,True,-7.926237,112.5948738,232.03,0.0,0.0,TRACKING_BUOY (MANUAL),301,-19
1786033048.902,2026-08-06 23:17:28,MANUAL,True,-7.9262365,112.5948735,232.04,0.0,0.0,TRACKING_BUOY (MANUAL),301,-19
1786033049.056,2026-08-06 23:17:29,MANUAL,True,-7.926236,112.5948728,232.03,0.0,0.0,TRACKING_BUOY (MANUAL),301,-19
1786033049.199,2026-08-06 23:17:29,MANUAL,True,-7.9262357,112.5948725,232.08,0.0,0.0,TRACKING_BUOY (MANUAL),299,-21
1786033049.337,2026-08-06 23:17:29,MANUAL,True,-7.9262351,112.5948717,232.09,0.0,0.0,TRACKING_BUOY (MANUAL),298,-22
1786033049.493,2026-08-06 23:17:29,MANUAL,True,-7.9262348,112.5948712,232.11,0.0,0.0,TRACKING_BUOY (MANUAL),297,-23
1786033049.638,2026-08-06 23:17:29,MANUAL,True,-7.9262346,112.5948708,232.13,0.0,0.0,TRACKING_BUOY (MANUAL),296,-24
1786033049.787,2026-08-06 23:17:29,MANUAL,True,-7.926234,112.59487,232.13,0.0,0.0,TRACKING_BUOY (MANUAL),296,-24
1786033049.933,2026-08-06 23:17:29,MANUAL,True,-7.9262334,112.5948691,232.13,0.0,0.0,TRACKING_BUOY (MANUAL),295,-25
1786033050.098,2026-08-06 23:17:30,MANUAL,True,-7.9262331,112.5948688,232.13,0.0,0.0,TRACKING_BUOY (MANUAL),296,-24
1786033050.247,2026-08-06 23:17:30,MANUAL,True,-7.9262325,112.594868,232.15,0.0,0.0,TRACKING_BUOY (MANUAL),296,-24
1786033050.396,2026-08-06 23:17:30,MANUAL,True,-7.9262321,112.5948676,232.17,0.0,0.0,TRACKING_BUOY (MANUAL),299,-21
1786033050.538,2026-08-06 23:17:30,MANUAL,True,-7.9262314,112.5948667,232.15,0.0,0.0,TRACKING_BUOY (MANUAL),299,-21
1786033050.687,2026-08-06 23:17:30,MANUAL,True,-7.9262311,112.5948661,232.15,0.0,0.0,TRACKING_BUOY (MANUAL),299,-21
1786033050.834,2026-08-06 23:17:30,MANUAL,True,-7.9262303,112.594865,232.15,0.0,0.0,TRACKING_BUOY (MANUAL),299,-21
1786033050.975,2026-08-06 23:17:30,MANUAL,True,-7.92623,112.5948644,232.14,0.0,0.0,TRACKING_BUOY (MANUAL),299,-21
1786033051.129,2026-08-06 23:17:31,MANUAL,True,-7.9262294,112.5948633,232.12,0.0,0.0,TRACKING_BUOY (MANUAL),298,-22
1786033051.271,2026-08-06 23:17:31,MANUAL,True,-7.9262291,112.5948626,232.13,0.0,0.0,TRACKING_BUOY (MANUAL),299,-21
1786033051.449,2026-08-06 23:17:31,MANUAL,True,-7.9262285,112.5948613,232.16,0.0,0.0,TRACKING_BUOY (MANUAL),298,-22
1786033051.595,2026-08-06 23:17:31,MANUAL,True,-7.9262282,112.5948607,232.16,0.0,0.0,TRACKING_BUOY (MANUAL),298,-22
1786033051.736,2026-08-06 23:17:31,MANUAL,True,-7.9262279,112.59486,232.17,0.0,0.0,TRACKING_BUOY (MANUAL),297,-23
1786033051.877,2026-08-06 23:17:31,MANUAL,True,-7.9262274,112.5948588,232.18,0.0,0.0,TRACKING_BUOY (MANUAL),297,-23
1786033052.021,2026-08-06 23:17:32,MANUAL,True,-7.9262272,112.5948582,232.18,0.0,0.0,TRACKING_BUOY (MANUAL),297,-23
1786033052.191,2026-08-06 23:17:32,MANUAL,True,-7.9262268,112.5948572,232.2,0.0,0.0,TRACKING_BUOY (MANUAL),297,-23
1786033052.408,2026-08-06 23:17:32,MANUAL,True,-7.9262266,112.5948563,232.19,0.0,0.0,TRACKING_BUOY (MANUAL),293,-27
1786033052.562,2026-08-06 23:17:32,MANUAL,True,-7.9262265,112.5948554,232.18,0.0,0.0,TRACKING_BUOY (MANUAL),284,-36
1786033052.706,2026-08-06 23:17:32,MANUAL,True,-7.9262264,112.594855,232.19,0.0,0.0,TRACKING_BUOY (MANUAL),282,-38
1786033052.853,2026-08-06 23:17:32,MANUAL,True,-7.9262264,112.5948543,232.17,0.0,0.0,TRACKING_BUOY (MANUAL),278,-42
1786033053.000,2026-08-06 23:17:32,MANUAL,True,-7.9262264,112.5948541,232.17,0.0,0.0,TRACKING_BUOY (MANUAL),273,-47
1786033053.150,2026-08-06 23:17:33,MANUAL,True,-7.9262265,112.5948539,232.19,0.0,0.0,TRACKING_BUOY (MANUAL),270,-50
1786033053.299,2026-08-06 23:17:33,MANUAL,True,-7.9262266,112.5948539,232.19,0.0,0.0,TRACKING_BUOY (MANUAL),269,-51
1786033053.453,2026-08-06 23:17:33,MANUAL,True,-7.9262268,112.5948545,232.18,0.0,0.0,TRACKING_BUOY (MANUAL),267,-53
1786033053.605,2026-08-06 23:17:33,MANUAL,True,-7.926227,112.5948547,232.18,0.0,0.0,TRACKING_BUOY (MANUAL),265,-55
1786033053.751,2026-08-06 23:17:33,MANUAL,True,-7.926227,112.5948547,232.18,0.0,0.0,TRACKING_BUOY (MANUAL),260,-60
1786033053.895,2026-08-06 23:17:33,MANUAL,True,-7.9262275,112.5948551,232.16,0.0,0.0,TRACKING_BUOY (MANUAL),256,-64
1786033054.040,2026-08-06 23:17:34,MANUAL,True,-7.9262277,112.5948552,232.14,0.0,0.0,TRACKING_BUOY (MANUAL),250,-70
1786033054.196,2026-08-06 23:17:34,MANUAL,True,-7.9262282,112.5948557,232.13,0.0,0.0,TRACKING_BUOY (MANUAL),242,-78
1786033054.339,2026-08-06 23:17:34,MANUAL,True,-7.9262284,112.594856,232.13,0.0,0.0,TRACKING_BUOY (MANUAL),233,-87
1786033054.491,2026-08-06 23:17:34,MANUAL,True,-7.9262288,112.5948568,232.13,0.0,0.0,TRACKING_BUOY (MANUAL),224,-96
1786033054.647,2026-08-06 23:17:34,MANUAL,True,-7.9262292,112.5948572,232.13,0.0,0.0,TRACKING_BUOY (MANUAL),220,-100
1786033054.792,2026-08-06 23:17:34,MANUAL,True,-7.9262292,112.5948572,232.13,0.0,0.0,TRACKING_BUOY (MANUAL),217,-103
1786033054.939,2026-08-06 23:17:34,MANUAL,True,-7.9262299,112.5948587,232.11,0.0,0.0,TRACKING_BUOY (MANUAL),220,-100
1786033055.086,2026-08-06 23:17:35,MANUAL,True,-7.9262301,112.5948592,232.1,0.0,0.0,TRACKING_BUOY (MANUAL),222,-98
1786033055.236,2026-08-06 23:17:35,MANUAL,True,-7.9262307,112.5948602,232.11,0.0,0.0,TRACKING_BUOY (MANUAL),226,-94
1786033055.385,2026-08-06 23:17:35,MANUAL,True,-7.9262309,112.5948606,232.12,0.0,0.0,TRACKING_BUOY (MANUAL),234,-86
1786033055.535,2026-08-06 23:17:35,MANUAL,True,-7.9262314,112.5948615,232.1,0.0,0.0,TRACKING_BUOY (MANUAL),252,-68
1786033055.678,2026-08-06 23:17:35,MANUAL,True,-7.9262317,112.594862,232.1,0.0,0.0,TRACKING_BUOY (MANUAL),266,-54
1786033055.830,2026-08-06 23:17:35,MANUAL,True,-7.9262322,112.5948629,232.1,0.0,0.0,TRACKING_BUOY (MANUAL),275,-45
1786033055.978,2026-08-06 23:17:35,MANUAL,True,-7.9262324,112.5948635,232.09,0.0,0.0,TRACKING_BUOY (MANUAL),283,-37
1786033056.127,2026-08-06 23:17:36,MANUAL,True,-7.926233,112.5948647,232.07,0.0,0.0,TRACKING_BUOY (MANUAL),287,-33
1786033056.276,2026-08-06 23:17:36,MANUAL,True,-7.9262332,112.5948655,232.05,0.0,0.0,TRACKING_BUOY (MANUAL),294,-26
1786033056.432,2026-08-06 23:17:36,MANUAL,True,-7.9262338,112.5948671,232.05,0.0,0.0,TRACKING_BUOY,299,-21
1786033056.609,2026-08-06 23:17:36,MANUAL,True,-7.9262343,112.594869,231.96,0.0,0.0,FINISH,303,-17
1786033056.777,2026-08-06 23:17:36,MANUAL,True,-7.9262346,112.5948701,231.92,0.0,0.0,IDLE,311,-9
1786033056.922,2026-08-06 23:17:36,MANUAL,True,-7.9262351,112.5948722,231.92,0.0,0.0,IDLE,315,-5
1786033057.076,2026-08-06 23:17:37,MANUAL,True,-7.9262354,112.5948732,231.92,0.0,0.0,IDLE,318,-2
1786033057.236,2026-08-06 23:17:37,MANUAL,True,-7.9262358,112.5948752,231.93,0.0,0.0,IDLE,318,-2
1786033057.389,2026-08-06 23:17:37,MANUAL,True,-7.926236,112.594876,231.92,0.0,0.0,IDLE,318,-2
1786033057.539,2026-08-06 23:17:37,MANUAL,True,-7.9262363,112.5948775,231.94,0.0,0.0,IDLE,318,-2
1786033057.685,2026-08-06 23:17:37,MANUAL,True,-7.9262365,112.5948781,231.91,0.0,0.0,IDLE,321,1
1786033057.841,2026-08-06 23:17:37,MANUAL,True,-7.9262368,112.5948791,231.92,0.0,0.0,IDLE,331,11
1786033057.989,2026-08-06 23:17:37,MANUAL,True,-7.9262369,112.5948794,231.94,0.0,0.0,IDLE,345,25
1786033058.138,2026-08-06 23:17:38,MANUAL,True,-7.9262371,112.5948799,231.95,0.0,0.0,IDLE,,
1786033058.279,2026-08-06 23:17:38,MANUAL,True,-7.9262371,112.5948802,231.95,0.0,0.0,IDLE,,
1786033058.429,2026-08-06 23:17:38,MANUAL,True,-7.9262371,112.5948807,231.92,0.0,0.0,IDLE,,
1786033058.568,2026-08-06 23:17:38,MANUAL,True,-7.9262371,112.5948809,231.92,0.0,0.0,IDLE,,
1786033058.717,2026-08-06 23:17:38,MANUAL,True,-7.9262371,112.5948812,231.93,0.0,0.0,IDLE,,
1786033058.865,2026-08-06 23:17:38,MANUAL,True,-7.926237,112.5948819,231.93,0.0,0.0,IDLE,,
1786033059.021,2026-08-06 23:17:39,MANUAL,True,-7.926237,112.5948822,231.93,0.0,0.0,IDLE,,
1786033059.197,2026-08-06 23:17:39,MANUAL,True,-7.926237,112.5948829,231.93,0.0,0.0,IDLE,,
1786033059.341,2026-08-06 23:17:39,MANUAL,True,-7.9262371,112.5948831,231.93,0.0,0.0,IDLE,,
1786033059.503,2026-08-06 23:17:39,MANUAL,True,-7.9262371,112.5948836,231.91,0.0,0.0,IDLE,,
1786033059.653,2026-08-06 23:17:39,MANUAL,True,-7.9262371,112.5948838,231.89,0.0,0.0,IDLE,,
1786033059.807,2026-08-06 23:17:39,MANUAL,True,-7.9262371,112.5948842,231.85,0.0,0.0,IDLE,,
1786033059.960,2026-08-06 23:17:39,MANUAL,True,-7.9262372,112.5948844,231.81,0.0,0.0,IDLE,,
1786033060.138,2026-08-06 23:17:40,MANUAL,True,-7.9262372,112.5948845,231.81,0.0,0.0,IDLE,,
1786033060.284,2026-08-06 23:17:40,MANUAL,True,-7.9262373,112.5948845,231.79,0.0,0.0,IDLE,,
1786033060.429,2026-08-06 23:17:40,MANUAL,True,-7.9262373,112.5948845,231.79,0.0,0.0,IDLE,,
1786033060.582,2026-08-06 23:17:40,MANUAL,True,-7.9262372,112.5948844,231.81,0.0,0.0,IDLE,,
1786033060.737,2026-08-06 23:17:40,GUIDED,True,-7.9262372,112.5948843,231.83,0.0,0.0,START,,
1786033060.913,2026-08-06 23:17:40,GUIDED,True,-7.9262372,112.5948841,231.81,0.0,0.0,IDLE,,
1786033061.067,2026-08-06 23:17:41,GUIDED,True,-7.9262372,112.5948838,231.82,0.0,0.0,IDLE,,
1786033061.214,2026-08-06 23:17:41,GUIDED,True,-7.9262372,112.5948836,231.81,0.0,0.0,IDLE,,
1786033061.368,2026-08-06 23:17:41,GUIDED,True,-7.9262372,112.5948831,231.8,0.0,0.0,IDLE,,
1786033061.539,2026-08-06 23:17:41,GUIDED,True,-7.9262371,112.5948828,231.81,0.0,0.0,IDLE,,
1786033061.684,2026-08-06 23:17:41,GUIDED,True,-7.9262371,112.5948826,231.82,0.0,0.0,IDLE,,
1786033061.826,2026-08-06 23:17:41,GUIDED,True,-7.926237,112.5948816,231.82,0.0,0.0,IDLE,,
1786033061.976,2026-08-06 23:17:41,GUIDED,True,-7.9262369,112.5948812,231.82,0.0,0.0,IDLE,,
1786033062.130,2026-08-06 23:17:42,GUIDED,True,-7.9262367,112.5948805,231.83,0.0,0.0,START,,
1786033062.277,2026-08-06 23:17:42,GUIDED,True,-7.9262365,112.5948799,231.82,0.0,0.0,START,315,-5
1786033062.422,2026-08-06 23:17:42,GUIDED,True,-7.9262364,112.594879,231.82,0.0,0.0,START,,
1786033062.578,2026-08-06 23:17:42,GUIDED,True,-7.9262363,112.5948785,231.82,0.0,0.0,START,,
1786033062.725,2026-08-06 23:17:42,GUIDED,True,-7.9262361,112.5948776,231.84,0.0,0.0,START,,
1786033062.872,2026-08-06 23:17:42,GUIDED,True,-7.9262359,112.5948772,231.87,0.0,0.0,START,,
1786033063.030,2026-08-06 23:17:43,GUIDED,True,-7.9262357,112.5948764,231.9,0.0,0.0,IDLE,,
1786033063.180,2026-08-06 23:17:43,GUIDED,True,-7.9262355,112.5948761,231.9,0.0,0.0,IDLE,,
1786033063.339,2026-08-06 23:17:43,GUIDED,True,-7.9262352,112.5948753,231.9,0.0,0.0,IDLE,,
1786033063.512,2026-08-06 23:17:43,GUIDED,True,-7.926235,112.5948745,231.89,0.0,0.0,IDLE,,
1786033063.667,2026-08-06 23:17:43,GUIDED,True,-7.9262348,112.594874,231.89,0.0,0.0,IDLE,,
1786033063.839,2026-08-06 23:17:43,GUIDED,True,-7.9262344,112.5948733,231.89,0.0,0.0,IDLE,,
1786033063.992,2026-08-06 23:17:43,GUIDED,True,-7.9262342,112.5948729,231.9,0.0,0.0,IDLE,,
1786033064.145,2026-08-06 23:17:44,GUIDED,True,-7.9262339,112.5948722,231.9,0.0,0.0,IDLE,,
1786033064.300,2026-08-06 23:17:44,GUIDED,True,-7.9262336,112.5948717,231.89,0.0,0.0,IDLE,,
1786033064.457,2026-08-06 23:17:44,MANUAL,True,-7.9262331,112.5948708,231.87,0.0,0.0,IDLE,,
1786033064.606,2026-08-06 23:17:44,MANUAL,True,-7.9262329,112.5948703,231.87,0.0,0.0,IDLE,,
1786033064.754,2026-08-06 23:17:44,MANUAL,True,-7.9262325,112.5948695,231.86,0.0,0.0,IDLE,,
1786033064.900,2026-08-06 23:17:44,MANUAL,True,-7.9262323,112.5948691,231.86,0.0,0.0,IDLE,,
1786033065.052,2026-08-06 23:17:45,MANUAL,True,-7.926232,112.5948684,231.86,0.0,0.0,IDLE,,
1786033065.206,2026-08-06 23:17:45,MANUAL,True,-7.9262319,112.5948681,231.85,0.0,0.0,IDLE,,
1786033065.354,2026-08-06 23:17:45,MANUAL,True,-7.9262317,112.5948673,231.85,0.0,0.0,IDLE,,
1786033065.507,2026-08-06 23:17:45,MANUAL,True,-7.9262316,112.594867,231.84,0.0,0.0,IDLE,,
1786033065.658,2026-08-06 23:17:45,MANUAL,True,-7.9262315,112.5948666,231.84,0.0,0.0,IDLE,490,170
1786033065.804,2026-08-06 23:17:45,MANUAL,True,-7.9262314,112.5948661,231.83,0.0,0.0,IDLE,475,155
1786033065.950,2026-08-06 23:17:45,MANUAL,True,-7.9262311,112.5948652,231.84,0.0,0.0,IDLE,470,150
1786033066.100,2026-08-06 23:17:46,MANUAL,True,-7.9262309,112.5948649,231.86,0.0,0.0,IDLE,465,145
1786033066.245,2026-08-06 23:17:46,MANUAL,True,-7.9262306,112.5948644,231.85,0.0,0.0,IDLE,456,136
1786033066.410,2026-08-06 23:17:46,MANUAL,True,-7.9262305,112.5948642,231.86,0.0,0.0,IDLE,456,136
1786033066.555,2026-08-06 23:17:46,MANUAL,True,-7.9262303,112.5948638,231.86,0.0,0.0,IDLE,454,134
1786033066.712,2026-08-06 23:17:46,MANUAL,True,-7.9262303,112.5948636,231.86,0.0,0.0,IDLE,445,125
1786033066.856,2026-08-06 23:17:46,MANUAL,True,-7.9262302,112.5948632,231.86,0.0,0.0,IDLE,,
1786033067.000,2026-08-06 23:17:46,MANUAL,True,-7.9262302,112.594863,231.87,0.0,0.0,IDLE,,
1786033067.152,2026-08-06 23:17:47,MANUAL,True,-7.9262301,112.5948627,231.88,0.0,0.0,IDLE,,
1786033067.296,2026-08-06 23:17:47,MANUAL,True,-7.9262301,112.5948625,231.86,0.0,0.0,IDLE,,
1786033067.456,2026-08-06 23:17:47,MANUAL,True,-7.92623,112.5948621,231.86,0.0,0.0,IDLE,,
1786033067.618,2026-08-06 23:17:47,MANUAL,True,-7.92623,112.594862,231.87,0.0,0.0,IDLE,,
1786033067.778,2026-08-06 23:17:47,MANUAL,True,-7.92623,112.594862,231.87,0.0,0.0,IDLE,,
1786033067.936,2026-08-06 23:17:47,MANUAL,True,-7.9262299,112.5948616,231.89,0.0,0.0,IDLE,,
1786033068.095,2026-08-06 23:17:48,MANUAL,True,-7.9262301,112.5948616,231.89,0.0,0.0,IDLE,,
1786033068.262,2026-08-06 23:17:48,MANUAL,True,-7.9262303,112.5948618,231.91,0.0,0.0,IDLE,,
1786033068.425,2026-08-06 23:17:48,MANUAL,True,-7.9262306,112.5948619,231.91,0.0,0.0,IDLE,,
1786033068.591,2026-08-06 23:17:48,MANUAL,True,-7.9262307,112.594862,231.91,0.0,0.0,IDLE,,
1786033068.750,2026-08-06 23:17:48,MANUAL,True,-7.9262308,112.5948621,231.92,0.0,0.0,IDLE,,
1786033069.384,2026-08-06 23:17:49,MANUAL,True,-7.9262319,112.5948629,231.88,0.0,0.0,IDLE,,
1786033069.614,2026-08-06 23:17:49,MANUAL,True,-7.9262323,112.5948631,231.88,0.0,0.0,IDLE,,
1786033069.777,2026-08-06 23:17:49,MANUAL,True,-7.9262324,112.5948631,231.88,0.0,0.0,IDLE,,
1786033069.945,2026-08-06 23:17:49,MANUAL,True,-7.9262329,112.5948634,231.84,0.0,0.0,IDLE,,
1786033070.151,2026-08-06 23:17:50,MANUAL,True,-7.9262331,112.5948635,231.84,0.0,0.0,IDLE,,
1786033070.326,2026-08-06 23:17:50,MANUAL,True,-7.9262332,112.5948636,231.84,0.0,0.0,IDLE,,
1786033070.510,2026-08-06 23:17:50,MANUAL,True,-7.9262336,112.5948637,231.84,0.0,0.0,IDLE,,
1786033070.715,2026-08-06 23:17:50,MANUAL,True,-7.926234,112.5948639,231.84,0.0,0.0,IDLE,,
1786033070.867,2026-08-06 23:17:50,MANUAL,True,-7.9262344,112.5948641,231.86,0.0,0.0,IDLE,,
1786033071.008,2026-08-06 23:17:51,MANUAL,True,-7.9262346,112.5948643,231.85,0.0,0.0,IDLE,,
1786033071.183,2026-08-06 23:17:51,MANUAL,True,-7.926235,112.5948647,231.84,0.0,0.0,IDLE,,
1786033071.329,2026-08-06 23:17:51,MANUAL,True,-7.9262354,112.594865,231.85,0.0,0.0,IDLE,,
1786033071.473,2026-08-06 23:17:51,MANUAL,True,-7.9262355,112.5948652,231.85,0.0,0.0,IDLE,,
1786033071.626,2026-08-06 23:17:51,MANUAL,True,-7.9262356,112.5948653,231.84,0.0,0.0,IDLE,,
1786033071.789,2026-08-06 23:17:51,MANUAL,True,-7.9262359,112.5948656,231.84,0.0,0.0,IDLE,,
1786033071.926,2026-08-06 23:17:51,MANUAL,True,-7.926236,112.5948658,231.86,0.0,0.0,IDLE,,
1786033072.081,2026-08-06 23:17:52,MANUAL,True,-7.9262361,112.5948659,231.87,0.0,0.0,IDLE,,
1786033072.238,2026-08-06 23:17:52,MANUAL,True,-7.9262362,112.5948662,231.86,0.0,0.0,IDLE,,
1786033072.383,2026-08-06 23:17:52,MANUAL,True,-7.9262362,112.5948663,231.86,0.0,0.0,IDLE,,
1786033072.539,2026-08-06 23:17:52,MANUAL,True,-7.9262362,112.5948665,231.87,0.0,0.0,IDLE,,
1786033072.692,2026-08-06 23:17:52,MANUAL,True,-7.9262363,112.5948666,231.87,0.0,0.0,IDLE,,
1786033072.836,2026-08-06 23:17:52,MANUAL,True,-7.9262364,112.5948668,231.88,0.0,0.0,IDLE,,
1786033072.984,2026-08-06 23:17:52,MANUAL,True,-7.9262364,112.5948668,231.88,0.0,0.0,IDLE,,
1786033073.137,2026-08-06 23:17:53,MANUAL,True,-7.9262365,112.594867,231.88,0.0,0.0,IDLE,,
1786033073.288,2026-08-06 23:17:53,MANUAL,True,-7.9262366,112.594867,231.87,0.0,0.0,IDLE,,
1786033073.655,2026-08-06 23:17:53,MANUAL,True,-7.9262367,112.594867,231.91,0.0,0.0,IDLE,,
1786033073.869,2026-08-06 23:17:53,MANUAL,True,-7.9262368,112.594867,231.92,0.0,0.0,IDLE,,
1786033074.039,2026-08-06 23:17:54,MANUAL,True,-7.9262369,112.5948669,231.92,0.0,0.0,IDLE,,
1786033074.254,2026-08-06 23:17:54,MANUAL,True,-7.9262369,112.5948668,231.92,0.0,0.0,IDLE,,
1786033074.419,2026-08-06 23:17:54,MANUAL,True,-7.9262369,112.5948667,231.92,0.0,0.0,IDLE,,
1786033074.575,2026-08-06 23:17:54,MANUAL,True,-7.9262367,112.5948664,231.92,0.0,0.0,IDLE,,
1786033074.723,2026-08-06 23:17:54,MANUAL,True,-7.9262367,112.5948662,231.92,0.0,0.0,IDLE,328,8
1786033074.886,2026-08-06 23:17:54,MANUAL,True,-7.9262364,112.5948658,231.92,0.0,0.0,IDLE,,
1786033075.032,2026-08-06 23:17:55,MANUAL,True,-7.9262361,112.5948652,231.94,0.0,0.0,IDLE,,
1786033075.190,2026-08-06 23:17:55,MANUAL,True,-7.926236,112.594865,231.95,0.0,0.0,IDLE,,
1786033075.338,2026-08-06 23:17:55,MANUAL,True,-7.9262357,112.5948647,231.96,0.0,0.0,IDLE,,
1786033075.483,2026-08-06 23:17:55,MANUAL,True,-7.9262356,112.5948645,231.96,0.0,0.0,IDLE,,
1786033075.634,2026-08-06 23:17:55,GUIDED,True,-7.9262353,112.5948643,231.95,0.0,0.0,START,,
1786033075.775,2026-08-06 23:17:55,GUIDED,True,-7.9262352,112.5948642,231.94,0.0,0.0,START,,
1786033075.923,2026-08-06 23:17:55,GUIDED,True,-7.9262352,112.5948642,231.95,0.0,0.0,START,,
1786033076.096,2026-08-06 23:17:56,GUIDED,True,-7.9262349,112.5948643,231.95,0.0,0.0,START,327,7
1786033076.238,2026-08-06 23:17:56,GUIDED,True,-7.9262346,112.5948644,231.96,0.0,0.0,START,,
1786033076.379,2026-08-06 23:17:56,GUIDED,True,-7.9262345,112.5948645,231.95,0.0,0.0,START,,
1786033076.528,2026-08-06 23:17:56,GUIDED,True,-7.9262344,112.5948647,231.97,0.0,0.0,START,,
1786033076.712,2026-08-06 23:17:56,GUIDED,True,-7.9262344,112.5948647,231.97,0.0,0.0,START,331,11
1786033076.921,2026-08-06 23:17:56,GUIDED,True,-7.9262346,112.5948654,231.96,0.0,0.0,START,,
1786033077.089,2026-08-06 23:17:57,GUIDED,True,-7.9262348,112.5948658,231.98,0.0,0.0,START,330,10
1786033077.240,2026-08-06 23:17:57,GUIDED,True,-7.9262349,112.594866,231.98,0.0,0.0,START,,
1786033077.389,2026-08-06 23:17:57,GUIDED,True,-7.9262352,112.5948662,231.98,0.0,0.0,START,,
1786033077.540,2026-08-06 23:17:57,GUIDED,True,-7.9262352,112.5948662,231.98,0.0,0.0,START,,
1786033077.689,2026-08-06 23:17:57,GUIDED,True,-7.9262352,112.5948663,231.98,0.0,0.0,🔴 FAILSAFE: TARGET LOST,,
1786033077.839,2026-08-06 23:17:57,MANUAL,True,-7.9262353,112.5948667,231.99,0.0,0.0,🔴 FAILSAFE: TARGET LOST,,
1786033077.998,2026-08-06 23:17:57,MANUAL,True,-7.9262355,112.594867,231.98,0.0,0.0,🔴 FAILSAFE: TARGET LOST,,
1786033078.152,2026-08-06 23:17:58,MANUAL,True,-7.9262356,112.5948672,231.98,0.0,0.0,TRACKING_BUOY (MANUAL),548,228
1786033078.299,2026-08-06 23:17:58,MANUAL,True,-7.9262361,112.5948676,231.97,0.0,0.0,TRACKING_BUOY (MANUAL),552,232
1786033078.453,2026-08-06 23:17:58,MANUAL,True,-7.9262363,112.5948679,231.97,0.0,0.0,🔴 FAILSAFE: TARGET LOST,,
1786033078.605,2026-08-06 23:17:58,MANUAL,True,-7.9262364,112.594868,231.98,0.0,0.0,TRACKING_BUOY (MANUAL),536,216
1786033078.776,2026-08-06 23:17:58,MANUAL,True,-7.9262366,112.5948685,231.97,0.0,0.0,TRACKING_BUOY (MANUAL),535,215
1786033078.923,2026-08-06 23:17:58,MANUAL,True,-7.9262372,112.5948695,231.97,0.0,0.0,TRACKING_BUOY (MANUAL),536,216
1786033079.073,2026-08-06 23:17:59,MANUAL,True,-7.9262373,112.5948701,231.97,0.0,0.0,TRACKING_BUOY (MANUAL),534,214
1786033079.225,2026-08-06 23:17:59,MANUAL,True,-7.9262377,112.5948709,231.97,0.0,0.0,TRACKING_BUOY (MANUAL),532,212
1786033079.372,2026-08-06 23:17:59,MANUAL,True,-7.9262379,112.5948713,231.96,0.0,0.0,TRACKING_BUOY (MANUAL),536,216
1786033079.520,2026-08-06 23:17:59,MANUAL,True,-7.9262383,112.594872,231.94,0.0,0.0,TRACKING_BUOY (MANUAL),543,223
1786033079.686,2026-08-06 23:17:59,MANUAL,True,-7.9262386,112.5948725,231.95,0.0,0.0,TRACKING_BUOY (MANUAL),560,240
1786033079.839,2026-08-06 23:17:59,MANUAL,True,-7.9262389,112.594873,231.94,0.0,0.0,TRACKING_BUOY (MANUAL),579,259
1786033079.988,2026-08-06 23:17:59,MANUAL,True,-7.9262391,112.5948732,231.94,0.0,0.0,TRACKING_BUOY (MANUAL),602,282
1786033080.143,2026-08-06 23:18:00,MANUAL,True,-7.9262394,112.5948736,231.94,0.0,0.0,TRACKING_BUOY (MANUAL),614,294
1786033080.303,2026-08-06 23:18:00,MANUAL,True,-7.9262396,112.5948738,231.94,0.0,0.0,TRACKING_BUOY (MANUAL),618,298
1786033080.453,2026-08-06 23:18:00,MANUAL,True,-7.92624,112.5948743,231.94,0.0,0.0,TRACKING_BUOY (MANUAL),628,308
1786033080.609,2026-08-06 23:18:00,MANUAL,True,-7.9262402,112.5948745,231.95,0.0,0.0,TRACKING_BUOY (MANUAL),638,318
1786033080.754,2026-08-06 23:18:00,MANUAL,True,-7.9262406,112.5948748,231.95,0.0,0.0,TRACKING_BUOY (MANUAL),640,320
1786033080.895,2026-08-06 23:18:00,MANUAL,True,-7.9262411,112.5948752,231.94,0.0,0.0,TRACKING_BUOY (MANUAL),635,315
1786033081.036,2026-08-06 23:18:01,MANUAL,True,-7.9262417,112.5948758,231.94,0.0,0.0,TRACKING_BUOY (MANUAL),614,294
1786033081.176,2026-08-06 23:18:01,MANUAL,True,-7.926242,112.5948761,231.95,0.0,0.0,TRACKING_BUOY (MANUAL),580,260
1786033081.325,2026-08-06 23:18:01,MANUAL,True,-7.9262423,112.5948764,231.94,0.0,0.0,TRACKING_BUOY (MANUAL),535,215
1786033081.475,2026-08-06 23:18:01,MANUAL,True,-7.9262428,112.5948768,231.95,0.0,0.0,TRACKING_BUOY (MANUAL),489,169
1786033081.620,2026-08-06 23:18:01,MANUAL,True,-7.9262431,112.5948771,231.95,0.0,0.0,TRACKING_BUOY (MANUAL),438,118
1786033081.769,2026-08-06 23:18:01,MANUAL,True,-7.9262435,112.5948775,231.96,0.0,0.0,TRACKING_BUOY (MANUAL),374,54
1786033081.942,2026-08-06 23:18:01,MANUAL,True,-7.926244,112.5948778,231.95,0.0,0.0,TRACKING_BUOY (MANUAL),347,27
1786033082.091,2026-08-06 23:18:02,MANUAL,True,-7.9262443,112.594878,231.96,0.0,0.0,TRACKING_BUOY (MANUAL),331,11
1786033082.236,2026-08-06 23:18:02,MANUAL,True,-7.9262447,112.5948781,231.94,0.0,0.0,TRACKING_BUOY (MANUAL),303,-17
1786033082.396,2026-08-06 23:18:02,MANUAL,True,-7.9262449,112.5948781,231.92,0.0,0.0,TRACKING_BUOY (MANUAL),290,-30
1786033082.542,2026-08-06 23:18:02,MANUAL,True,-7.9262452,112.5948782,231.94,0.0,0.0,TRACKING_BUOY (MANUAL),282,-38
1786033082.690,2026-08-06 23:18:02,MANUAL,True,-7.9262455,112.5948783,231.95,0.0,0.0,TRACKING_BUOY (MANUAL),270,-50
1786033082.837,2026-08-06 23:18:02,MANUAL,True,-7.9262455,112.5948783,231.95,0.0,0.0,TRACKING_BUOY (MANUAL),256,-64
1786033082.982,2026-08-06 23:18:02,MANUAL,True,-7.9262462,112.5948783,232.0,0.0,0.0,TRACKING_BUOY (MANUAL),247,-73
1786033083.135,2026-08-06 23:18:03,MANUAL,True,-7.9262464,112.5948783,232.0,0.0,0.0,TRACKING_BUOY (MANUAL),238,-82
1786033083.277,2026-08-06 23:18:03,MANUAL,True,-7.9262469,112.5948784,231.97,0.0,0.0,TRACKING_BUOY (MANUAL),228,-92
1786033083.422,2026-08-06 23:18:03,MANUAL,True,-7.9262471,112.5948784,231.97,0.0,0.0,TRACKING_BUOY (MANUAL),224,-96
1786033083.572,2026-08-06 23:18:03,MANUAL,True,-7.9262476,112.5948786,231.97,0.0,0.0,TRACKING_BUOY (MANUAL),225,-95
1786033083.720,2026-08-06 23:18:03,MANUAL,True,-7.9262476,112.5948786,231.97,0.0,0.0,TRACKING_BUOY (MANUAL),231,-89
1786033083.869,2026-08-06 23:18:03,MANUAL,True,-7.9262483,112.5948786,231.97,0.0,0.0,TRACKING_BUOY (MANUAL),247,-73
1786033084.019,2026-08-06 23:18:04,MANUAL,True,-7.9262488,112.5948786,231.97,0.0,0.0,TRACKING_BUOY (MANUAL),269,-51
1786033084.171,2026-08-06 23:18:04,MANUAL,True,-7.926249,112.5948786,231.96,0.0,0.0,TRACKING_BUOY (MANUAL),304,-16
1786033084.317,2026-08-06 23:18:04,MANUAL,True,-7.9262496,112.5948788,231.94,0.0,0.0,TRACKING_BUOY (MANUAL),323,3
1786033084.462,2026-08-06 23:18:04,MANUAL,True,-7.9262498,112.5948788,231.82,0.0,0.0,TRACKING_BUOY (MANUAL),335,15
1786033084.606,2026-08-06 23:18:04,MANUAL,True,-7.9262499,112.5948789,231.8,0.0,0.0,TRACKING_BUOY (MANUAL),347,27
1786033084.751,2026-08-06 23:18:04,MANUAL,True,-7.9262504,112.5948791,231.8,0.0,0.0,TRACKING_BUOY (MANUAL),361,41
1786033084.895,2026-08-06 23:18:04,MANUAL,True,-7.926251,112.5948795,231.81,0.0,0.0,TRACKING_BUOY (MANUAL),377,57
1786033085.041,2026-08-06 23:18:05,MANUAL,True,-7.9262516,112.5948799,231.84,0.0,0.0,TRACKING_BUOY (MANUAL),381,61
1786033085.189,2026-08-06 23:18:05,MANUAL,True,-7.9262518,112.5948801,231.84,0.0,0.0,TRACKING_BUOY (MANUAL),380,60
1786033085.339,2026-08-06 23:18:05,MANUAL,True,-7.9262524,112.5948806,231.85,0.0,0.0,TRACKING_BUOY (MANUAL),362,42
1786033085.486,2026-08-06 23:18:05,MANUAL,True,-7.9262526,112.5948808,231.85,0.0,0.0,TRACKING_BUOY (MANUAL),334,14
1786033085.631,2026-08-06 23:18:05,MANUAL,True,-7.9262529,112.5948811,231.86,0.0,0.0,TRACKING_BUOY (MANUAL),287,-33
1786033085.777,2026-08-06 23:18:05,MANUAL,True,-7.9262537,112.5948816,231.84,0.0,0.0,TRACKING_BUOY (MANUAL),264,-56
1786033085.924,2026-08-06 23:18:05,MANUAL,True,-7.926254,112.5948818,231.85,0.0,0.0,TRACKING_BUOY (MANUAL),252,-68
1786033086.077,2026-08-06 23:18:06,MANUAL,True,-7.9262547,112.5948823,231.92,0.0,0.0,TRACKING_BUOY (MANUAL),252,-68
1786033086.235,2026-08-06 23:18:06,MANUAL,True,-7.9262555,112.5948827,231.92,0.0,0.0,TRACKING_BUOY (MANUAL),253,-67
1786033086.377,2026-08-06 23:18:06,MANUAL,True,-7.9262559,112.5948829,231.93,0.0,0.0,TRACKING_BUOY (MANUAL),263,-57
1786033086.538,2026-08-06 23:18:06,MANUAL,True,-7.9262568,112.5948833,231.92,0.0,0.0,TRACKING_BUOY (MANUAL),269,-51
1786033086.690,2026-08-06 23:18:06,MANUAL,True,-7.9262574,112.5948836,231.91,0.0,0.0,TRACKING_BUOY (MANUAL),279,-41
1786033086.842,2026-08-06 23:18:06,MANUAL,True,-7.9262581,112.5948838,231.9,0.0,0.0,TRACKING_BUOY (MANUAL),292,-28
1786033087.006,2026-08-06 23:18:07,MANUAL,True,-7.9262585,112.594884,231.89,0.0,0.0,TRACKING_BUOY (MANUAL),296,-24
1786033087.154,2026-08-06 23:18:07,MANUAL,True,-7.9262592,112.5948842,231.78,0.0,0.0,TRACKING_BUOY (MANUAL),299,-21
1786033087.297,2026-08-06 23:18:07,MANUAL,True,-7.9262597,112.5948844,231.82,0.0,0.0,TRACKING_BUOY (MANUAL),309,-11
1786033087.444,2026-08-06 23:18:07,MANUAL,True,-7.9262606,112.5948848,231.8,0.0,0.0,TRACKING_BUOY (MANUAL),311,-9
1786033087.592,2026-08-06 23:18:07,MANUAL,True,-7.926261,112.5948849,231.8,0.0,0.0,TRACKING_BUOY (MANUAL),312,-8
1786033087.741,2026-08-06 23:18:07,MANUAL,True,-7.9262613,112.5948851,231.8,0.0,0.0,TRACKING_BUOY (MANUAL),313,-7
1786033087.892,2026-08-06 23:18:07,MANUAL,True,-7.9262619,112.5948854,231.79,0.0,0.0,TRACKING_BUOY (MANUAL),313,-7
1786033088.037,2026-08-06 23:18:08,MANUAL,True,-7.9262625,112.5948858,231.79,0.0,0.0,TRACKING_BUOY (MANUAL),313,-7
1786033088.187,2026-08-06 23:18:08,MANUAL,True,-7.9262629,112.594886,231.79,0.0,0.0,TRACKING_BUOY (MANUAL),314,-6
1786033088.336,2026-08-06 23:18:08,MANUAL,True,-7.9262635,112.5948863,231.79,0.0,0.0,TRACKING_BUOY (MANUAL),315,-5
1786033088.487,2026-08-06 23:18:08,MANUAL,True,-7.9262637,112.5948864,231.79,0.0,0.0,TRACKING_BUOY (MANUAL),315,-5
1786033088.635,2026-08-06 23:18:08,MANUAL,True,-7.926264,112.5948866,231.78,0.0,0.0,TRACKING_BUOY (MANUAL),316,-4
1786033088.796,2026-08-06 23:18:08,MANUAL,True,-7.9262645,112.5948868,231.81,0.0,0.0,TRACKING_BUOY (MANUAL),319,-1
1786033088.946,2026-08-06 23:18:08,MANUAL,True,-7.926265,112.594887,231.82,0.0,0.0,TRACKING_BUOY (MANUAL),321,1
1786033089.093,2026-08-06 23:18:09,MANUAL,True,-7.9262652,112.5948871,231.82,0.0,0.0,TRACKING_BUOY (MANUAL),327,7
1786033089.243,2026-08-06 23:18:09,MANUAL,True,-7.9262657,112.5948874,231.82,0.0,0.0,TRACKING_BUOY (MANUAL),329,9
1786033089.395,2026-08-06 23:18:09,MANUAL,True,-7.926266,112.5948875,231.81,0.0,0.0,TRACKING_BUOY (MANUAL),331,11
1786033089.550,2026-08-06 23:18:09,MANUAL,True,-7.9262665,112.5948877,231.82,0.0,0.0,TRACKING_BUOY (MANUAL),331,11
1786033089.710,2026-08-06 23:18:09,MANUAL,True,-7.9262669,112.5948879,231.81,0.0,0.0,TRACKING_BUOY (MANUAL),332,12
1786033089.857,2026-08-06 23:18:09,MANUAL,True,-7.9262673,112.5948882,231.82,0.0,0.0,TRACKING_BUOY (MANUAL),331,11
1786033090.005,2026-08-06 23:18:10,MANUAL,True,-7.9262675,112.5948883,231.82,0.0,0.0,TRACKING_BUOY (MANUAL),330,10
1786033090.154,2026-08-06 23:18:10,MANUAL,True,-7.926268,112.5948887,231.84,0.0,0.0,TRACKING_BUOY (MANUAL),328,8
1786033090.317,2026-08-06 23:18:10,MANUAL,True,-7.9262682,112.5948889,231.85,0.0,0.0,TRACKING_BUOY (MANUAL),319,-1
1786033090.467,2026-08-06 23:18:10,MANUAL,True,-7.9262688,112.5948892,231.85,0.0,0.0,TRACKING_BUOY (MANUAL),316,-4
1786033090.616,2026-08-06 23:18:10,MANUAL,True,-7.9262692,112.5948894,231.86,0.0,0.0,TRACKING_BUOY (MANUAL),315,-5
1786033090.759,2026-08-06 23:18:10,MANUAL,True,-7.9262694,112.5948895,231.87,0.0,0.0,TRACKING_BUOY (MANUAL),313,-7
1786033090.911,2026-08-06 23:18:10,MANUAL,True,-7.9262702,112.5948902,231.87,0.0,0.0,TRACKING_BUOY (MANUAL),313,-7
1786033091.058,2026-08-06 23:18:11,MANUAL,True,-7.926271,112.5948907,231.88,0.0,0.0,TRACKING_BUOY (MANUAL),313,-7
1786033091.205,2026-08-06 23:18:11,MANUAL,True,-7.9262713,112.5948909,231.88,0.0,0.0,TRACKING_BUOY (MANUAL),313,-7
1786033091.352,2026-08-06 23:18:11,MANUAL,True,-7.9262719,112.5948911,231.9,0.0,0.0,TRACKING_BUOY (MANUAL),314,-6
1786033091.500,2026-08-06 23:18:11,MANUAL,True,-7.9262721,112.5948912,231.9,0.0,0.0,TRACKING_BUOY (MANUAL),311,-9
1786033091.651,2026-08-06 23:18:11,MANUAL,True,-7.9262724,112.5948913,231.94,0.0,0.0,TRACKING_BUOY (MANUAL),309,-11
1786033091.800,2026-08-06 23:18:11,MANUAL,True,-7.9262725,112.5948913,231.95,0.0,0.0,TRACKING_BUOY (MANUAL),308,-12
1786033091.949,2026-08-06 23:18:11,MANUAL,True,-7.9262728,112.5948914,231.96,0.0,0.0,TRACKING_BUOY (MANUAL),306,-14
1786033092.125,2026-08-06 23:18:12,MANUAL,True,-7.926273,112.5948914,231.96,0.0,0.0,TRACKING_BUOY (MANUAL),304,-16
1786033092.273,2026-08-06 23:18:12,MANUAL,True,-7.9262733,112.5948915,231.96,0.0,0.0,TRACKING_BUOY (MANUAL),304,-16
1786033092.423,2026-08-06 23:18:12,MANUAL,True,-7.9262735,112.5948915,231.97,0.0,0.0,TRACKING_BUOY (MANUAL),305,-15
1786033092.568,2026-08-06 23:18:12,MANUAL,True,-7.9262739,112.5948915,231.99,0.0,0.0,TRACKING_BUOY (MANUAL),306,-14
1786033092.721,2026-08-06 23:18:12,MANUAL,True,-7.9262739,112.5948915,231.99,0.0,0.0,TRACKING_BUOY (MANUAL),306,-14
1786033092.871,2026-08-06 23:18:12,MANUAL,True,-7.9262744,112.5948915,231.99,0.0,0.0,TRACKING_BUOY (MANUAL),308,-12
1786033093.021,2026-08-06 23:18:13,MANUAL,True,-7.9262744,112.5948914,232.01,0.0,0.0,TRACKING_BUOY (MANUAL),309,-11
1786033093.178,2026-08-06 23:18:13,MANUAL,True,-7.9262745,112.5948913,232.01,0.0,0.0,TRACKING_BUOY (MANUAL),311,-9
1786033093.320,2026-08-06 23:18:13,MANUAL,True,-7.9262744,112.5948909,232.03,0.0,0.0,TRACKING_BUOY (MANUAL),310,-10
1786033093.471,2026-08-06 23:18:13,MANUAL,True,-7.926274,112.5948903,232.05,0.0,0.0,TRACKING_BUOY (MANUAL),310,-10
1786033093.615,2026-08-06 23:18:13,MANUAL,True,-7.926274,112.5948903,232.05,0.0,0.0,TRACKING_BUOY (MANUAL),310,-10
1786033093.774,2026-08-06 23:18:13,MANUAL,True,-7.9262738,112.5948898,232.06,0.0,0.0,TRACKING_BUOY (MANUAL),306,-14
1786033093.924,2026-08-06 23:18:13,MANUAL,True,-7.9262736,112.5948891,232.09,0.0,0.0,TRACKING_BUOY (MANUAL),306,-14
1786033094.077,2026-08-06 23:18:14,MANUAL,True,-7.9262736,112.5948889,232.08,0.0,0.0,TRACKING_BUOY (MANUAL),305,-15
1786033094.224,2026-08-06 23:18:14,MANUAL,True,-7.9262735,112.5948884,232.06,0.0,0.0,TRACKING_BUOY (MANUAL),304,-16
1786033094.382,2026-08-06 23:18:14,MANUAL,True,-7.9262734,112.5948882,232.07,0.0,0.0,TRACKING_BUOY (MANUAL),303,-17
1786033094.536,2026-08-06 23:18:14,MANUAL,True,-7.9262733,112.5948879,232.09,0.0,0.0,TRACKING_BUOY (MANUAL),303,-17
1786033094.684,2026-08-06 23:18:14,MANUAL,True,-7.9262733,112.5948876,232.08,0.0,0.0,TRACKING_BUOY (MANUAL),303,-17
1786033094.833,2026-08-06 23:18:14,MANUAL,True,-7.9262728,112.5948871,232.07,0.0,0.0,TRACKING_BUOY (MANUAL),304,-16
1786033094.979,2026-08-06 23:18:14,MANUAL,True,-7.9262725,112.5948869,232.08,0.0,0.0,TRACKING_BUOY (MANUAL),304,-16
1786033095.130,2026-08-06 23:18:15,MANUAL,True,-7.926272,112.5948865,232.1,0.0,0.0,TRACKING_BUOY (MANUAL),306,-14
1786033095.281,2026-08-06 23:18:15,MANUAL,True,-7.9262714,112.5948862,232.11,0.0,0.0,TRACKING_BUOY (MANUAL),308,-12
1786033095.431,2026-08-06 23:18:15,MANUAL,True,-7.9262708,112.5948857,232.12,0.0,0.0,TRACKING_BUOY (MANUAL),311,-9
1786033095.583,2026-08-06 23:18:15,MANUAL,True,-7.9262706,112.5948855,232.13,0.0,0.0,TRACKING_BUOY (MANUAL),312,-8
1786033095.729,2026-08-06 23:18:15,MANUAL,True,-7.9262703,112.5948854,232.13,0.0,0.0,TRACKING_BUOY (MANUAL),312,-8
1786033095.875,2026-08-06 23:18:15,MANUAL,True,-7.9262696,112.5948849,232.12,0.0,0.0,TRACKING_BUOY (MANUAL),312,-8
1786033096.021,2026-08-06 23:18:16,MANUAL,True,-7.9262692,112.5948846,232.12,0.0,0.0,TRACKING_BUOY (MANUAL),313,-7
1786033096.167,2026-08-06 23:18:16,MANUAL,True,-7.9262685,112.5948841,232.14,0.0,0.0,TRACKING_BUOY (MANUAL),313,-7
1786033096.317,2026-08-06 23:18:16,MANUAL,True,-7.926268,112.5948838,232.13,0.0,0.0,TRACKING_BUOY (MANUAL),312,-8
1786033096.463,2026-08-06 23:18:16,MANUAL,True,-7.926267,112.594883,232.13,0.0,0.0,TRACKING_BUOY (MANUAL),310,-10
1786033096.609,2026-08-06 23:18:16,MANUAL,True,-7.9262665,112.5948826,232.14,0.0,0.0,TRACKING_BUOY (MANUAL),310,-10
1786033096.761,2026-08-06 23:18:16,MANUAL,True,-7.9262657,112.5948818,232.13,0.0,0.0,TRACKING_BUOY (MANUAL),310,-10
1786033096.909,2026-08-06 23:18:16,MANUAL,True,-7.9262652,112.5948815,232.13,0.0,0.0,TRACKING_BUOY (MANUAL),310,-10
1786033097.057,2026-08-06 23:18:17,MANUAL,True,-7.9262643,112.5948806,232.14,0.0,0.0,TRACKING_BUOY (MANUAL),309,-11
1786033097.236,2026-08-06 23:18:17,MANUAL,True,-7.9262632,112.5948796,232.14,0.0,0.0,TRACKING_BUOY (MANUAL),310,-10
1786033097.390,2026-08-06 23:18:17,MANUAL,True,-7.9262627,112.5948791,232.15,0.0,0.0,TRACKING_BUOY (MANUAL),311,-9
1786033097.543,2026-08-06 23:18:17,MANUAL,True,-7.9262617,112.5948782,232.17,0.0,0.0,TRACKING_BUOY (MANUAL),312,-8
1786033097.686,2026-08-06 23:18:17,MANUAL,True,-7.9262612,112.5948779,232.18,0.0,0.0,TRACKING_BUOY (MANUAL),312,-8
1786033097.841,2026-08-06 23:18:17,MANUAL,True,-7.9262607,112.5948774,232.18,0.0,0.0,TRACKING_BUOY (MANUAL),311,-9
1786033097.992,2026-08-06 23:18:17,MANUAL,True,-7.9262604,112.5948771,232.19,0.0,0.0,TRACKING_BUOY (MANUAL),310,-10
1786033098.142,2026-08-06 23:18:18,MANUAL,True,-7.9262599,112.5948767,232.17,0.0,0.0,TRACKING_BUOY (MANUAL),311,-9
1786033098.285,2026-08-06 23:18:18,MANUAL,True,-7.9262597,112.5948765,232.17,0.0,0.0,TRACKING_BUOY (MANUAL),312,-8
1786033098.431,2026-08-06 23:18:18,MANUAL,True,-7.9262592,112.5948761,232.14,0.0,0.0,TRACKING_BUOY (MANUAL),312,-8
1786033098.585,2026-08-06 23:18:18,MANUAL,True,-7.9262589,112.5948759,232.15,0.0,0.0,TRACKING_BUOY (MANUAL),313,-7
1786033098.732,2026-08-06 23:18:18,MANUAL,True,-7.9262582,112.5948753,232.16,0.0,0.0,TRACKING_BUOY (MANUAL),314,-6
1786033098.883,2026-08-06 23:18:18,MANUAL,True,-7.9262579,112.594875,232.15,0.0,0.0,TRACKING_BUOY (MANUAL),316,-4
1786033099.027,2026-08-06 23:18:19,MANUAL,True,-7.9262572,112.5948743,232.15,0.0,0.0,TRACKING_BUOY (MANUAL),317,-3
1786033099.181,2026-08-06 23:18:19,MANUAL,True,-7.9262568,112.594874,232.16,0.0,0.0,TRACKING_BUOY (MANUAL),321,1
1786033099.339,2026-08-06 23:18:19,MANUAL,True,-7.9262563,112.5948736,232.15,0.0,0.0,TRACKING_BUOY (MANUAL),319,-1
1786033099.486,2026-08-06 23:18:19,MANUAL,True,-7.926256,112.5948735,232.15,0.0,0.0,TRACKING_BUOY (MANUAL),322,2
1786033099.631,2026-08-06 23:18:19,MANUAL,True,-7.9262556,112.5948732,232.14,0.0,0.0,TRACKING_BUOY (MANUAL),321,1
1786033099.803,2026-08-06 23:18:19,MANUAL,True,-7.9262553,112.5948731,232.12,0.0,0.0,TRACKING_BUOY (MANUAL),322,2
1786033099.952,2026-08-06 23:18:19,MANUAL,True,-7.9262546,112.5948728,232.13,0.0,0.0,TRACKING_BUOY (MANUAL),322,2
1786033100.105,2026-08-06 23:18:20,MANUAL,True,-7.9262542,112.5948726,232.14,0.0,0.0,TRACKING_BUOY (MANUAL),322,2
1786033100.291,2026-08-06 23:18:20,MANUAL,True,-7.9262537,112.5948725,232.14,0.0,0.0,TRACKING_BUOY (MANUAL),322,2
1786033100.475,2026-08-06 23:18:20,MANUAL,True,-7.9262535,112.5948724,232.14,0.0,0.0,TRACKING_BUOY (MANUAL),324,4
1786033100.675,2026-08-06 23:18:20,MANUAL,True,-7.9262533,112.5948724,232.15,0.0,0.0,TRACKING_BUOY (MANUAL),325,5
1786033100.822,2026-08-06 23:18:20,MANUAL,True,-7.926253,112.5948724,232.11,0.0,0.0,TRACKING_BUOY (MANUAL),328,8
1786033100.972,2026-08-06 23:18:20,MANUAL,True,-7.9262528,112.5948724,232.1,0.0,0.0,TRACKING_BUOY (MANUAL),328,8
1786033101.123,2026-08-06 23:18:21,MANUAL,True,-7.9262527,112.5948724,232.09,0.0,0.0,TRACKING_BUOY (MANUAL),325,5
1786033101.272,2026-08-06 23:18:21,MANUAL,True,-7.9262523,112.5948724,232.12,0.0,0.0,TRACKING_BUOY (MANUAL),321,1
1786033101.419,2026-08-06 23:18:21,MANUAL,True,-7.9262522,112.5948725,232.12,0.0,0.0,TRACKING_BUOY (MANUAL),312,-8
1786033101.569,2026-08-06 23:18:21,MANUAL,True,-7.9262519,112.5948727,232.15,0.0,0.0,TRACKING_BUOY (MANUAL),311,-9
1786033101.713,2026-08-06 23:18:21,MANUAL,True,-7.9262519,112.5948727,232.15,0.0,0.0,TRACKING_BUOY (MANUAL),310,-10
1786033101.866,2026-08-06 23:18:21,MANUAL,True,-7.9262515,112.594873,232.26,0.0,0.0,TRACKING_BUOY (MANUAL),309,-11
1786033102.012,2026-08-06 23:18:22,MANUAL,True,-7.9262512,112.5948733,232.24,0.0,0.0,TRACKING_BUOY (MANUAL),307,-13
1786033102.159,2026-08-06 23:18:22,MANUAL,True,-7.9262511,112.5948735,232.23,0.0,0.0,TRACKING_BUOY (MANUAL),308,-12
1786033102.335,2026-08-06 23:18:22,MANUAL,True,-7.9262508,112.594874,232.23,0.0,0.0,TRACKING_BUOY (MANUAL),312,-8
1786033102.483,2026-08-06 23:18:22,MANUAL,True,-7.9262506,112.5948744,232.24,0.0,0.0,TRACKING_BUOY (MANUAL),313,-7
1786033102.623,2026-08-06 23:18:22,MANUAL,True,-7.9262506,112.5948744,232.24,0.0,0.0,TRACKING_BUOY (MANUAL),314,-6
1786033102.769,2026-08-06 23:18:22,MANUAL,True,-7.9262505,112.5948748,232.22,0.0,0.0,TRACKING_BUOY (MANUAL),316,-4
1786033102.918,2026-08-06 23:18:22,MANUAL,True,-7.9262502,112.5948754,232.2,0.0,0.0,TRACKING_BUOY (MANUAL),318,-2
1786033103.069,2026-08-06 23:18:23,MANUAL,True,-7.9262502,112.5948757,232.19,0.0,0.0,TRACKING_BUOY (MANUAL),319,-1
1786033103.236,2026-08-06 23:18:23,MANUAL,True,-7.92625,112.5948763,232.18,0.0,0.0,TRACKING_BUOY (MANUAL),313,-7
1786033103.388,2026-08-06 23:18:23,MANUAL,True,-7.92625,112.5948766,232.18,0.0,0.0,TRACKING_BUOY (MANUAL),307,-13
1786033103.535,2026-08-06 23:18:23,MANUAL,True,-7.92625,112.5948771,232.18,0.0,0.0,TRACKING_BUOY (MANUAL),306,-14
1786033103.677,2026-08-06 23:18:23,MANUAL,True,-7.9262501,112.5948775,232.17,0.0,0.0,TRACKING_BUOY (MANUAL),306,-14
1786033103.836,2026-08-06 23:18:23,MANUAL,True,-7.9262503,112.5948781,232.18,0.0,0.0,TRACKING_BUOY (MANUAL),307,-13
1786033103.986,2026-08-06 23:18:23,MANUAL,True,-7.9262504,112.5948784,232.17,0.0,0.0,TRACKING_BUOY (MANUAL),310,-10
1786033104.133,2026-08-06 23:18:24,MANUAL,True,-7.9262505,112.5948791,232.18,0.0,0.0,TRACKING_BUOY (MANUAL),317,-3
1786033104.286,2026-08-06 23:18:24,MANUAL,True,-7.9262505,112.5948794,232.17,0.0,0.0,TRACKING_BUOY (MANUAL),332,12
1786033104.431,2026-08-06 23:18:24,MANUAL,True,-7.9262506,112.5948799,232.15,0.0,0.0,TRACKING_BUOY (MANUAL),374,54
1786033104.584,2026-08-06 23:18:24,MANUAL,True,-7.9262505,112.59488,232.03,0.0,0.0,🔴 FAILSAFE: TARGET LOST,,
1786033104.729,2026-08-06 23:18:24,MANUAL,True,-7.9262502,112.5948804,232.0,0.0,0.0,🔴 FAILSAFE: TARGET LOST,,
1786033104.874,2026-08-06 23:18:24,MANUAL,True,-7.9262501,112.5948806,232.01,0.0,0.0,🔴 FAILSAFE: TARGET LOST,,
1786033105.019,2026-08-06 23:18:25,MANUAL,True,-7.9262502,112.5948812,232.04,0.0,0.0,🔴 FAILSAFE: TARGET LOST,,
1786033105.166,2026-08-06 23:18:25,MANUAL,True,-7.9262503,112.5948814,232.04,0.0,0.0,🔴 FAILSAFE: TARGET LOST,,
1786033105.318,2026-08-06 23:18:25,MANUAL,True,-7.9262507,112.5948821,232.05,0.0,0.0,🔴 FAILSAFE: TARGET LOST,,
1786033105.478,2026-08-06 23:18:25,MANUAL,True,-7.926251,112.5948825,232.06,0.0,0.0,🔴 FAILSAFE: TARGET LOST,,
1786033105.636,2026-08-06 23:18:25,MANUAL,True,-7.9262514,112.5948832,232.05,0.0,0.0,🔴 FAILSAFE: TARGET LOST,,
1786033105.784,2026-08-06 23:18:25,MANUAL,True,-7.9262515,112.5948834,232.06,0.0,0.0,🔴 FAILSAFE: TARGET LOST,,
1786033105.963,2026-08-06 23:18:25,MANUAL,True,-7.9262519,112.594884,232.07,0.0,0.0,🔴 FAILSAFE: TARGET LOST,,
1786033106.123,2026-08-06 23:18:26,MANUAL,True,-7.926252,112.5948844,232.06,0.0,0.0,🔴 FAILSAFE: TARGET LOST,,
1786033106.292,2026-08-06 23:18:26,MANUAL,True,-7.926252,112.5948846,232.05,0.0,0.0,🔴 FAILSAFE: TARGET LOST,,
1786033106.466,2026-08-06 23:18:26,MANUAL,True,-7.9262523,112.594885,232.07,0.0,0.0,🔴 FAILSAFE: TARGET LOST,,
1786033106.621,2026-08-06 23:18:26,MANUAL,True,-7.9262525,112.5948853,232.06,0.0,0.0,🔴 FAILSAFE: TARGET LOST,,
1786033106.791,2026-08-06 23:18:26,MANUAL,True,-7.9262529,112.5948858,232.08,0.0,0.0,🔴 FAILSAFE: TARGET LOST,,
1786033106.942,2026-08-06 23:18:26,MANUAL,True,-7.9262533,112.5948862,232.08,0.0,0.0,🔴 FAILSAFE: TARGET LOST,,
1786033107.089,2026-08-06 23:18:27,MANUAL,True,-7.9262536,112.5948865,232.08,0.0,0.0,🔴 FAILSAFE: TARGET LOST,,
1786033107.239,2026-08-06 23:18:27,MANUAL,True,-7.9262541,112.594887,232.06,0.0,0.0,🔴 FAILSAFE: TARGET LOST,,
1786033107.457,2026-08-06 23:18:27,MANUAL,True,-7.9262546,112.5948875,232.06,0.0,0.0,🔴 FAILSAFE: TARGET LOST,,
1786033107.613,2026-08-06 23:18:27,MANUAL,True,-7.9262551,112.5948879,232.08,0.0,0.0,🔴 FAILSAFE: TARGET LOST,,
1786033107.764,2026-08-06 23:18:27,MANUAL,True,-7.9262553,112.5948882,232.08,0.0,0.0,🔴 FAILSAFE: TARGET LOST,,
1786033107.923,2026-08-06 23:18:27,MANUAL,True,-7.9262558,112.5948887,232.06,0.0,0.0,🔴 FAILSAFE: TARGET LOST,,
1786033108.081,2026-08-06 23:18:28,MANUAL,True,-7.926256,112.5948889,232.05,0.0,0.0,🔴 FAILSAFE: TARGET LOST,,
1786033108.236,2026-08-06 23:18:28,MANUAL,True,-7.9262565,112.5948895,232.07,0.0,0.0,🔴 FAILSAFE: TARGET LOST,,
1786033108.382,2026-08-06 23:18:28,MANUAL,True,-7.9262567,112.5948897,232.07,0.0,0.0,🔴 FAILSAFE: TARGET LOST,,
1786033108.530,2026-08-06 23:18:28,MANUAL,True,-7.926257,112.5948897,232.07,0.0,0.0,🔴 FAILSAFE: TARGET LOST,,
1786033108.672,2026-08-06 23:18:28,MANUAL,True,-7.9262571,112.5948895,232.07,0.0,0.0,🔴 FAILSAFE: TARGET LOST,,
1786033108.829,2026-08-06 23:18:28,MANUAL,True,-7.9262574,112.5948893,232.08,0.0,0.0,🔴 FAILSAFE: TARGET LOST,,
1786033108.975,2026-08-06 23:18:28,MANUAL,True,-7.9262576,112.5948893,232.08,0.0,0.0,🔴 FAILSAFE: TARGET LOST,,
1786033109.121,2026-08-06 23:18:29,MANUAL,True,-7.9262579,112.5948893,232.1,0.0,0.0,🔴 FAILSAFE: TARGET LOST,,
1786033109.270,2026-08-06 23:18:29,MANUAL,True,-7.9262581,112.5948894,232.11,0.0,0.0,🔴 FAILSAFE: TARGET LOST,,
1786033109.432,2026-08-06 23:18:29,MANUAL,True,-7.9262585,112.5948897,232.1,0.0,0.0,🔴 FAILSAFE: TARGET LOST,,
1786033109.573,2026-08-06 23:18:29,MANUAL,True,-7.9262587,112.5948898,232.09,0.0,0.0,TRACKING_BUOY (MANUAL),556,236
1786033109.718,2026-08-06 23:18:29,MANUAL,True,-7.926259,112.59489,232.09,0.0,0.0,TRACKING_BUOY (MANUAL),544,224
1786033109.875,2026-08-06 23:18:29,MANUAL,True,-7.9262593,112.5948901,232.11,0.0,0.0,TRACKING_BUOY (MANUAL),540,220
1786033110.017,2026-08-06 23:18:30,MANUAL,True,-7.9262596,112.59489,232.11,0.0,0.0,TRACKING_BUOY (MANUAL),547,227
1786033110.167,2026-08-06 23:18:30,MANUAL,True,-7.9262597,112.5948899,232.13,0.0,0.0,TRACKING_BUOY (MANUAL),547,227
1786033110.309,2026-08-06 23:18:30,MANUAL,True,-7.92626,112.5948897,232.14,0.0,0.0,TRACKING_BUOY (MANUAL),550,230
1786033110.456,2026-08-06 23:18:30,MANUAL,True,-7.9262601,112.5948895,232.15,0.0,0.0,TRACKING_BUOY (MANUAL),550,230
1786033110.600,2026-08-06 23:18:30,MANUAL,True,-7.9262602,112.5948894,232.16,0.0,0.0,TRACKING_BUOY (MANUAL),548,228
1786033110.742,2026-08-06 23:18:30,MANUAL,True,-7.9262604,112.5948892,232.17,0.0,0.0,TRACKING_BUOY (MANUAL),541,221
1786033110.892,2026-08-06 23:18:30,MANUAL,True,-7.9262605,112.5948892,232.18,0.0,0.0,TRACKING_BUOY (MANUAL),526,206
1786033111.039,2026-08-06 23:18:31,MANUAL,True,-7.9262608,112.594889,232.16,0.0,0.0,TRACKING_BUOY (MANUAL),497,177
1786033111.189,2026-08-06 23:18:31,MANUAL,True,-7.9262609,112.594889,232.15,0.0,0.0,TRACKING_BUOY (MANUAL),474,154
1786033111.342,2026-08-06 23:18:31,MANUAL,True,-7.9262612,112.5948889,232.17,0.0,0.0,TRACKING_BUOY (MANUAL),428,108
1786033111.503,2026-08-06 23:18:31,MANUAL,True,-7.9262617,112.5948889,232.2,0.0,0.0,TRACKING_BUOY (MANUAL),420,100
1786033111.655,2026-08-06 23:18:31,MANUAL,True,-7.9262619,112.5948889,232.19,0.0,0.0,TRACKING_BUOY (MANUAL),431,111
1786033111.805,2026-08-06 23:18:31,MANUAL,True,-7.9262619,112.5948889,232.19,0.0,0.0,🔴 FAILSAFE: TARGET LOST,,
1786033111.953,2026-08-06 23:18:31,MANUAL,True,-7.9262627,112.5948889,232.21,0.0,0.0,🔴 FAILSAFE: TARGET LOST,,
1786033112.108,2026-08-06 23:18:32,MANUAL,True,-7.926263,112.5948889,232.22,0.0,0.0,🔴 FAILSAFE: TARGET LOST,,
1786033112.259,2026-08-06 23:18:32,MANUAL,True,-7.9262634,112.5948889,232.22,0.0,0.0,🔴 FAILSAFE: TARGET LOST,,
1786033112.420,2026-08-06 23:18:32,MANUAL,True,-7.9262638,112.594889,232.24,0.0,0.0,🔴 FAILSAFE: TARGET LOST,,
1786033112.563,2026-08-06 23:18:32,MANUAL,True,-7.9262639,112.594889,232.24,0.0,0.0,🔴 FAILSAFE: TARGET LOST,,
1786033112.712,2026-08-06 23:18:32,MANUAL,True,-7.9262641,112.594889,232.23,0.0,0.0,🔴 FAILSAFE: TARGET LOST,,
1786033112.853,2026-08-06 23:18:32,MANUAL,True,-7.9262644,112.594889,232.24,0.0,0.0,🔴 FAILSAFE: TARGET LOST,,
1786033113.005,2026-08-06 23:18:33,MANUAL,True,-7.9262645,112.594889,232.28,0.0,0.0,🔴 FAILSAFE: TARGET LOST,,
1786033113.155,2026-08-06 23:18:33,MANUAL,True,-7.9262648,112.594889,232.27,0.0,0.0,🔴 FAILSAFE: TARGET LOST,,
1786033113.306,2026-08-06 23:18:33,MANUAL,True,-7.9262649,112.594889,232.27,0.0,0.0,🔴 FAILSAFE: TARGET LOST,,
1786033113.454,2026-08-06 23:18:33,MANUAL,True,-7.9262652,112.5948891,232.15,0.0,0.0,🔴 FAILSAFE: TARGET LOST,,
1786033113.597,2026-08-06 23:18:33,MANUAL,True,-7.9262654,112.5948891,232.11,0.0,0.0,🔴 FAILSAFE: TARGET LOST,,
1786033113.740,2026-08-06 23:18:33,MANUAL,True,-7.9262657,112.5948891,232.09,0.0,0.0,🔴 FAILSAFE: TARGET LOST,,
1786033113.888,2026-08-06 23:18:33,MANUAL,True,-7.9262658,112.5948891,232.12,0.0,0.0,🔴 FAILSAFE: TARGET LOST,,
1786033114.036,2026-08-06 23:18:34,MANUAL,True,-7.9262661,112.5948891,232.17,0.0,0.0,🔴 FAILSAFE: TARGET LOST,,
1786033114.189,2026-08-06 23:18:34,MANUAL,True,-7.9262663,112.5948891,232.16,0.0,0.0,🔴 FAILSAFE: TARGET LOST,,
1786033114.333,2026-08-06 23:18:34,MANUAL,True,-7.9262666,112.5948891,232.11,0.0,0.0,🔴 FAILSAFE: TARGET LOST,,
1786033114.485,2026-08-06 23:18:34,MANUAL,True,-7.9262667,112.5948891,232.09,0.0,0.0,🔴 FAILSAFE: TARGET LOST,,
1786033114.634,2026-08-06 23:18:34,MANUAL,True,-7.926267,112.5948891,232.05,0.0,0.0,🔴 FAILSAFE: TARGET LOST,,
1786033114.784,2026-08-06 23:18:34,MANUAL,True,-7.926267,112.5948891,232.05,0.0,0.0,🔴 FAILSAFE: TARGET LOST,,
1786033114.929,2026-08-06 23:18:34,MANUAL,True,-7.9262675,112.594889,232.06,0.0,0.0,🔴 FAILSAFE: TARGET LOST,,
1786033115.074,2026-08-06 23:18:35,MANUAL,True,-7.9262677,112.594889,232.07,0.0,0.0,🔴 FAILSAFE: TARGET LOST,,
1786033115.230,2026-08-06 23:18:35,MANUAL,True,-7.926268,112.5948889,232.06,0.0,0.0,🔴 FAILSAFE: TARGET LOST,,
1786033115.374,2026-08-06 23:18:35,MANUAL,True,-7.9262682,112.5948889,232.05,0.0,0.0,🔴 FAILSAFE: TARGET LOST,,
1786033115.521,2026-08-06 23:18:35,MANUAL,True,-7.9262684,112.5948888,232.03,0.0,0.0,🔴 FAILSAFE: TARGET LOST,,
1786033115.663,2026-08-06 23:18:35,MANUAL,True,-7.9262688,112.5948887,232.01,0.0,0.0,🔴 FAILSAFE: TARGET LOST,,
1786033115.817,2026-08-06 23:18:35,MANUAL,True,-7.9262689,112.5948887,231.98,0.0,0.0,TRACKING_BUOY (MANUAL),640,320
1786033115.963,2026-08-06 23:18:35,MANUAL,True,-7.9262693,112.5948886,231.92,0.0,0.0,TRACKING_BUOY (MANUAL),640,320
1786033116.119,2026-08-06 23:18:36,MANUAL,True,-7.9262695,112.5948886,231.91,0.0,0.0,TRACKING_BUOY (MANUAL),640,320
1786033116.269,2026-08-06 23:18:36,MANUAL,True,-7.9262699,112.5948885,231.9,0.0,0.0,TRACKING_BUOY (MANUAL),640,320
1786033116.418,2026-08-06 23:18:36,MANUAL,True,-7.9262701,112.5948884,231.9,0.0,0.0,TRACKING_BUOY (MANUAL),640,320
1786033116.576,2026-08-06 23:18:36,MANUAL,True,-7.9262705,112.5948883,231.92,0.0,0.0,TRACKING_BUOY (MANUAL),640,320
1786033116.719,2026-08-06 23:18:36,MANUAL,True,-7.9262707,112.5948882,231.91,0.0,0.0,TRACKING_BUOY (MANUAL),640,320
1786033116.866,2026-08-06 23:18:36,MANUAL,True,-7.9262711,112.5948881,231.94,0.0,0.0,TRACKING_BUOY (MANUAL),640,320
1786033117.011,2026-08-06 23:18:37,MANUAL,True,-7.9262713,112.594888,231.94,0.0,0.0,TRACKING_BUOY (MANUAL),640,320
1786033117.161,2026-08-06 23:18:37,MANUAL,True,-7.9262717,112.5948879,231.96,0.0,0.0,TRACKING_BUOY (MANUAL),640,320
1786033117.305,2026-08-06 23:18:37,MANUAL,True,-7.9262719,112.5948878,231.96,0.0,0.0,TRACKING_BUOY (MANUAL),640,320
1786033117.460,2026-08-06 23:18:37,MANUAL,True,-7.9262724,112.5948877,231.97,0.0,0.0,TRACKING_BUOY (MANUAL),640,320
1786033117.617,2026-08-06 23:18:37,MANUAL,True,-7.9262726,112.5948876,231.97,0.0,0.0,🔴 FAILSAFE: TARGET LOST,,
1786033117.766,2026-08-06 23:18:37,MANUAL,True,-7.9262731,112.5948874,231.98,0.0,0.0,TRACKING_BUOY (MANUAL),79,-241
1786033117.912,2026-08-06 23:18:37,MANUAL,True,-7.9262733,112.5948873,231.98,0.0,0.0,🔴 FAILSAFE: TARGET LOST,,
1786033118.055,2026-08-06 23:18:38,MANUAL,True,-7.9262738,112.5948871,232.02,0.0,0.0,TRACKING_BUOY (MANUAL),53,-267
1786033118.203,2026-08-06 23:18:38,MANUAL,True,-7.926274,112.5948871,232.0,0.0,0.0,TRACKING_BUOY (MANUAL),39,-281
1786033118.353,2026-08-06 23:18:38,MANUAL,True,-7.9262745,112.5948869,232.06,0.0,0.0,TRACKING_BUOY (MANUAL),21,-299
1786033118.511,2026-08-06 23:18:38,MANUAL,True,-7.9262747,112.5948868,232.06,0.0,0.0,TRACKING_BUOY (MANUAL),8,-312
1786033118.654,2026-08-06 23:18:38,MANUAL,True,-7.9262753,112.5948865,232.05,0.0,0.0,TRACKING_BUOY (MANUAL),1,-319
1786033118.817,2026-08-06 23:18:38,MANUAL,True,-7.9262755,112.5948865,232.05,0.0,0.0,TRACKING_BUOY (MANUAL),0,-320
1786033118.973,2026-08-06 23:18:38,MANUAL,True,-7.9262665,112.59489,232.06,0.0,0.0,TRACKING_BUOY (MANUAL),0,-320
1786033119.138,2026-08-06 23:18:39,MANUAL,True,-7.9262665,112.59489,232.06,0.0,0.0,TRACKING_BUOY (MANUAL),0,-320
1786033119.293,2026-08-06 23:18:39,MANUAL,True,-7.9262665,112.59489,232.06,0.0,0.0,TRACKING_BUOY (MANUAL),0,-320
1786033119.454,2026-08-06 23:18:39,MANUAL,True,-7.9262665,112.59489,232.04,0.0,0.0,TRACKING_BUOY (MANUAL),0,-320
1786033119.598,2026-08-06 23:18:39,MANUAL,True,-7.9262665,112.59489,232.04,0.0,0.0,🔴 FAILSAFE: TARGET LOST,,
1786033119.745,2026-08-06 23:18:39,MANUAL,True,-7.9262665,112.59489,232.0,0.0,0.0,🔴 FAILSAFE: TARGET LOST,,
1786033119.917,2026-08-06 23:18:39,MANUAL,True,-7.9262665,112.59489,231.91,0.0,0.0,🔴 FAILSAFE: TARGET LOST,,
1786033120.062,2026-08-06 23:18:40,MANUAL,True,-7.9262665,112.59489,231.91,0.0,0.0,🔴 FAILSAFE: TARGET LOST,,
1786033120.207,2026-08-06 23:18:40,MANUAL,True,-7.9262665,112.59489,231.92,0.0,0.0,🔴 FAILSAFE: TARGET LOST,,
1786033120.355,2026-08-06 23:18:40,MANUAL,True,-7.9262665,112.59489,231.95,0.0,0.0,TRACKING_BUOY (MANUAL),517,197
1786033120.511,2026-08-06 23:18:40,MANUAL,True,-7.9262665,112.59489,231.96,0.0,0.0,🔴 FAILSAFE: TARGET LOST,,
1786033120.665,2026-08-06 23:18:40,MANUAL,True,-7.9262665,112.59489,231.98,0.0,0.0,🔴 FAILSAFE: TARGET LOST,,
1786033120.809,2026-08-06 23:18:40,MANUAL,True,-7.9262665,112.59489,231.98,0.0,0.0,🔴 FAILSAFE: TARGET LOST,,
1786033120.956,2026-08-06 23:18:40,MANUAL,True,-7.9262665,112.59489,231.97,0.0,0.0,🔴 FAILSAFE: TARGET LOST,,
1786033121.110,2026-08-06 23:18:41,MANUAL,True,-7.9262665,112.59489,231.98,0.0,0.0,🔴 FAILSAFE: TARGET LOST,,
1786033121.260,2026-08-06 23:18:41,MANUAL,True,-7.9262665,112.59489,231.99,0.0,0.0,TRACKING_BUOY (MANUAL),640,320
1786033121.410,2026-08-06 23:18:41,MANUAL,True,-7.9262665,112.59489,231.99,0.0,0.0,TRACKING_BUOY (MANUAL),574,254
1786033121.555,2026-08-06 23:18:41,MANUAL,True,-7.9262665,112.59489,231.99,0.0,0.0,TRACKING_BUOY (MANUAL),551,231
1786033121.705,2026-08-06 23:18:41,MANUAL,True,-7.9262665,112.59489,231.98,0.0,0.0,TRACKING_BUOY (MANUAL),549,229
1786033121.856,2026-08-06 23:18:41,MANUAL,True,-7.9262665,112.59489,231.96,0.0,0.0,TRACKING_BUOY (MANUAL),554,234
1786033121.997,2026-08-06 23:18:41,MANUAL,True,-7.9262665,112.59489,231.97,0.0,0.0,TRACKING_BUOY (MANUAL),551,231
1786033122.139,2026-08-06 23:18:42,MANUAL,True,-7.9262665,112.59489,231.97,0.0,0.0,TRACKING_BUOY (MANUAL),223,-97
1786033122.288,2026-08-06 23:18:42,MANUAL,True,-7.9262665,112.59489,231.98,0.0,0.0,TRACKING_BUOY (MANUAL),227,-93
1786033122.440,2026-08-06 23:18:42,MANUAL,True,-7.9262665,112.59489,232.04,0.0,0.0,TRACKING_BUOY (MANUAL),229,-91
1786033122.609,2026-08-06 23:18:42,MANUAL,True,-7.9262665,112.59489,232.05,0.0,0.0,TRACKING_BUOY (MANUAL),235,-85
1786033122.762,2026-08-06 23:18:42,MANUAL,True,-7.9262665,112.59489,232.05,0.0,0.0,TRACKING_BUOY (MANUAL),573,253
1786033122.908,2026-08-06 23:18:42,MANUAL,True,-7.9262665,112.59489,232.05,0.0,0.0,TRACKING_BUOY (MANUAL),582,262
1786033123.058,2026-08-06 23:18:43,MANUAL,True,-7.9262665,112.59489,231.93,0.0,0.0,TRACKING_BUOY (MANUAL),597,277
1786033123.210,2026-08-06 23:18:43,MANUAL,True,-7.9262665,112.59489,231.93,0.0,0.0,TRACKING_BUOY (MANUAL),600,280
1786033123.366,2026-08-06 23:18:43,MANUAL,True,-7.9262665,112.59489,231.99,0.0,0.0,TRACKING_BUOY (MANUAL),249,-71
1786033123.536,2026-08-06 23:18:43,MANUAL,True,-7.9262665,112.59489,231.98,0.0,0.0,TRACKING_BUOY (MANUAL),257,-63
1786033123.687,2026-08-06 23:18:43,MANUAL,True,-7.9262665,112.59489,232.01,0.0,0.0,TRACKING_BUOY (MANUAL),272,-48
1786033123.862,2026-08-06 23:18:43,MANUAL,True,-7.9262665,112.59489,232.07,0.0,0.0,TRACKING_BUOY (MANUAL),280,-40
1786033124.018,2026-08-06 23:18:44,MANUAL,True,-7.9262665,112.59489,232.07,0.0,0.0,TRACKING_BUOY (MANUAL),291,-29
1786033124.168,2026-08-06 23:18:44,MANUAL,True,-7.9262665,112.59489,232.07,0.0,0.0,TRACKING_BUOY (MANUAL),297,-23
1786033124.313,2026-08-06 23:18:44,MANUAL,True,-7.9262665,112.59489,231.96,0.0,0.0,TRACKING_BUOY (MANUAL),305,-15
1786033124.458,2026-08-06 23:18:44,MANUAL,True,-7.9262665,112.59489,231.95,0.0,0.0,TRACKING_BUOY (MANUAL),309,-11
1786033124.611,2026-08-06 23:18:44,MANUAL,True,-7.9262665,112.59489,231.98,0.0,0.0,TRACKING_BUOY (MANUAL),311,-9
1786033124.757,2026-08-06 23:18:44,MANUAL,True,-7.9262665,112.59489,231.97,0.0,0.0,TRACKING_BUOY (MANUAL),312,-8
1786033124.906,2026-08-06 23:18:44,MANUAL,True,-7.9262665,112.59489,231.96,0.0,0.0,TRACKING_BUOY (MANUAL),315,-5
1786033125.054,2026-08-06 23:18:45,MANUAL,True,-7.9262665,112.59489,231.96,0.0,0.0,TRACKING_BUOY (MANUAL),316,-4
1786033125.205,2026-08-06 23:18:45,MANUAL,True,-7.9262609,112.5948879,231.96,0.0,0.0,TRACKING_BUOY (MANUAL),317,-3
1786033125.354,2026-08-06 23:18:45,MANUAL,True,-7.9262609,112.5948878,231.95,0.0,0.0,TRACKING_BUOY (MANUAL),317,-3
1786033125.506,2026-08-06 23:18:45,MANUAL,True,-7.9262611,112.5948881,231.96,0.0,0.0,TRACKING_BUOY (MANUAL),318,-2
1786033125.655,2026-08-06 23:18:45,MANUAL,True,-7.9262616,112.5948887,231.95,0.0,0.0,TRACKING_BUOY (MANUAL),317,-3
1786033125.806,2026-08-06 23:18:45,MANUAL,True,-7.9262622,112.5948899,231.96,0.0,0.0,TRACKING_BUOY (MANUAL),317,-3
1786033125.954,2026-08-06 23:18:45,MANUAL,True,-7.9262624,112.5948904,231.96,0.0,0.0,TRACKING_BUOY (MANUAL),318,-2
1786033126.103,2026-08-06 23:18:46,MANUAL,True,-7.9262624,112.5948908,231.95,0.0,0.0,TRACKING_BUOY (MANUAL),319,-1
1786033126.248,2026-08-06 23:18:46,MANUAL,True,-7.9262623,112.5948916,231.97,0.0,0.0,TRACKING_BUOY (MANUAL),318,-2
1786033126.392,2026-08-06 23:18:46,MANUAL,True,-7.9262623,112.5948921,231.97,0.0,0.0,TRACKING_BUOY (MANUAL),317,-3
1786033126.540,2026-08-06 23:18:46,MANUAL,True,-7.9262622,112.5948929,231.96,0.0,0.0,TRACKING_BUOY (MANUAL),317,-3
1786033126.688,2026-08-06 23:18:46,MANUAL,True,-7.9262621,112.5948932,231.94,0.0,0.0,TRACKING_BUOY (MANUAL),320,0
1786033126.876,2026-08-06 23:18:46,MANUAL,True,-7.9262619,112.5948937,231.95,0.0,0.0,TRACKING_BUOY (MANUAL),321,1
1786033127.059,2026-08-06 23:18:47,MANUAL,True,-7.9262616,112.594894,231.97,0.0,0.0,TRACKING_BUOY (MANUAL),318,-2
1786033127.287,2026-08-06 23:18:47,MANUAL,True,-7.9262612,112.5948943,231.99,0.0,0.0,TRACKING_BUOY (MANUAL),320,0
1786033127.439,2026-08-06 23:18:47,MANUAL,True,-7.9262607,112.5948945,231.99,0.0,0.0,TRACKING_BUOY (MANUAL),323,3
1786033127.587,2026-08-06 23:18:47,MANUAL,True,-7.9262605,112.5948946,231.98,0.0,0.0,TRACKING_BUOY (MANUAL),322,2
1786033127.752,2026-08-06 23:18:47,MANUAL,True,-7.9262601,112.5948947,231.99,0.0,0.0,TRACKING_BUOY (MANUAL),323,3
1786033127.908,2026-08-06 23:18:47,MANUAL,True,-7.92626,112.5948947,231.99,0.0,0.0,TRACKING_BUOY (MANUAL),322,2
1786033128.055,2026-08-06 23:18:48,MANUAL,True,-7.9262595,112.5948947,231.99,0.0,0.0,TRACKING_BUOY (MANUAL),324,4
1786033128.206,2026-08-06 23:18:48,MANUAL,True,-7.9262593,112.5948947,231.98,0.0,0.0,TRACKING_BUOY (MANUAL),327,7
1786033128.358,2026-08-06 23:18:48,MANUAL,True,-7.9262589,112.5948948,231.99,0.0,0.0,TRACKING_BUOY (MANUAL),332,12
1786033128.518,2026-08-06 23:18:48,MANUAL,True,-7.9262588,112.5948948,231.97,0.0,0.0,TRACKING_BUOY (MANUAL),335,15
1786033128.664,2026-08-06 23:18:48,MANUAL,True,-7.9262587,112.5948947,231.96,0.0,0.0,TRACKING_BUOY (MANUAL),338,18
1786033128.820,2026-08-06 23:18:48,MANUAL,True,-7.9262583,112.5948947,231.97,0.0,0.0,TRACKING_BUOY (MANUAL),340,20
1786033128.972,2026-08-06 23:18:48,MANUAL,True,-7.9262582,112.5948946,231.97,0.0,0.0,TRACKING_BUOY (MANUAL),340,20
1786033129.131,2026-08-06 23:18:49,MANUAL,True,-7.9262578,112.5948946,231.96,0.0,0.0,TRACKING_BUOY (MANUAL),339,19
1786033129.278,2026-08-06 23:18:49,MANUAL,True,-7.9262573,112.5948943,231.97,0.0,0.0,TRACKING_BUOY (MANUAL),336,16
1786033129.427,2026-08-06 23:18:49,MANUAL,True,-7.9262568,112.594894,231.98,0.0,0.0,TRACKING_BUOY (MANUAL),331,11
1786033129.588,2026-08-06 23:18:49,MANUAL,True,-7.9262566,112.5948939,231.98,0.0,0.0,TRACKING_BUOY (MANUAL),322,2
1786033129.738,2026-08-06 23:18:49,MANUAL,True,-7.9262559,112.5948937,231.98,0.0,0.0,TRACKING_BUOY (MANUAL),317,-3
1786033129.908,2026-08-06 23:18:49,MANUAL,True,-7.926255,112.5948935,232.0,0.0,0.0,TRACKING_BUOY (MANUAL),313,-7
1786033130.061,2026-08-06 23:18:50,MANUAL,True,-7.9262543,112.5948934,231.99,0.0,0.0,TRACKING_BUOY (MANUAL),309,-11
1786033130.211,2026-08-06 23:18:50,MANUAL,True,-7.9262541,112.5948933,231.99,0.0,0.0,TRACKING_BUOY (MANUAL),307,-13
1786033130.360,2026-08-06 23:18:50,MANUAL,True,-7.9262536,112.5948929,232.0,0.0,0.0,TRACKING_BUOY (MANUAL),304,-16
1786033130.532,2026-08-06 23:18:50,MANUAL,True,-7.9262532,112.5948926,232.02,0.0,0.0,TRACKING_BUOY (MANUAL),301,-19
1786033130.673,2026-08-06 23:18:50,MANUAL,True,-7.9262529,112.5948924,232.02,0.0,0.0,TRACKING_BUOY (MANUAL),299,-21
1786033130.823,2026-08-06 23:18:50,MANUAL,True,-7.9262524,112.5948922,232.01,0.0,0.0,TRACKING_BUOY (MANUAL),298,-22
1786033130.984,2026-08-06 23:18:50,MANUAL,True,-7.926252,112.594892,232.04,0.0,0.0,TRACKING_BUOY (MANUAL),298,-22
1786033131.136,2026-08-06 23:18:51,MANUAL,True,-7.9262514,112.5948917,232.05,0.0,0.0,TRACKING_BUOY (MANUAL),297,-23
1786033131.297,2026-08-06 23:18:51,MANUAL,True,-7.926251,112.5948916,232.03,0.0,0.0,TRACKING_BUOY (MANUAL),299,-21
1786033131.445,2026-08-06 23:18:51,MANUAL,True,-7.9262505,112.5948918,232.03,0.0,0.0,TRACKING_BUOY (MANUAL),300,-20
1786033131.591,2026-08-06 23:18:51,MANUAL,True,-7.9262503,112.5948918,232.03,0.0,0.0,TRACKING_BUOY (MANUAL),300,-20
1786033131.741,2026-08-06 23:18:51,MANUAL,True,-7.9262502,112.5948918,232.01,0.0,0.0,TRACKING_BUOY (MANUAL),300,-20
1786033131.891,2026-08-06 23:18:51,MANUAL,True,-7.9262501,112.5948919,232.02,0.0,0.0,TRACKING_BUOY (MANUAL),300,-20
1786033132.037,2026-08-06 23:18:52,MANUAL,True,-7.9262496,112.5948918,232.02,0.0,0.0,TRACKING_BUOY (MANUAL),301,-19
1786033132.184,2026-08-06 23:18:52,MANUAL,True,-7.9262494,112.5948916,232.01,0.0,0.0,TRACKING_BUOY (MANUAL),299,-21
1786033132.333,2026-08-06 23:18:52,MANUAL,True,-7.9262488,112.5948911,232.01,0.0,0.0,TRACKING_BUOY (MANUAL),300,-20
1786033132.481,2026-08-06 23:18:52,MANUAL,True,-7.9262485,112.5948908,232.01,0.0,0.0,TRACKING_BUOY (MANUAL),302,-18
1786033132.624,2026-08-06 23:18:52,MANUAL,True,-7.9262479,112.5948904,232.0,0.0,0.0,TRACKING_BUOY (MANUAL),304,-16
1786033132.791,2026-08-06 23:18:52,MANUAL,True,-7.9262476,112.5948901,232.01,0.0,0.0,TRACKING_BUOY (MANUAL),304,-16
1786033132.936,2026-08-06 23:18:52,MANUAL,True,-7.9262469,112.5948897,232.0,0.0,0.0,TRACKING_BUOY (MANUAL),303,-17
1786033133.078,2026-08-06 23:18:53,MANUAL,True,-7.9262466,112.5948895,232.0,0.0,0.0,TRACKING_BUOY (MANUAL),304,-16
1786033133.226,2026-08-06 23:18:53,MANUAL,True,-7.9262459,112.5948891,231.99,0.0,0.0,TRACKING_BUOY (MANUAL),305,-15
1786033133.391,2026-08-06 23:18:53,MANUAL,True,-7.9262456,112.5948889,232.01,0.0,0.0,TRACKING_BUOY (MANUAL),306,-14
1786033133.540,2026-08-06 23:18:53,MANUAL,True,-7.926245,112.5948888,232.01,0.0,0.0,TRACKING_BUOY (MANUAL),306,-14
1786033133.690,2026-08-06 23:18:53,MANUAL,True,-7.926245,112.5948888,232.01,0.0,0.0,TRACKING_BUOY (MANUAL),305,-15
1786033133.856,2026-08-06 23:18:53,MANUAL,True,-7.9262439,112.5948884,232.01,0.0,0.0,TRACKING_BUOY (MANUAL),305,-15
1786033134.006,2026-08-06 23:18:54,MANUAL,True,-7.9262435,112.5948883,232.02,0.0,0.0,TRACKING_BUOY (MANUAL),305,-15
1786033134.158,2026-08-06 23:18:54,MANUAL,True,-7.9262429,112.594888,232.03,0.0,0.0,TRACKING_BUOY (MANUAL),304,-16
1786033134.304,2026-08-06 23:18:54,MANUAL,True,-7.9262427,112.594888,232.05,0.0,0.0,TRACKING_BUOY (MANUAL),305,-15
1786033134.455,2026-08-06 23:18:54,MANUAL,True,-7.926242,112.5948878,232.04,0.0,0.0,TRACKING_BUOY (MANUAL),301,-19
1786033134.605,2026-08-06 23:18:54,MANUAL,True,-7.9262417,112.5948877,232.06,0.0,0.0,TRACKING_BUOY (MANUAL),296,-24
1786033134.755,2026-08-06 23:18:54,MANUAL,True,-7.9262417,112.5948877,232.06,0.0,0.0,TRACKING_BUOY (MANUAL),283,-37
1786033134.909,2026-08-06 23:18:54,MANUAL,True,-7.9262412,112.5948873,232.06,0.0,0.0,TRACKING_BUOY (MANUAL),268,-52
1786033135.061,2026-08-06 23:18:55,MANUAL,True,-7.9262411,112.5948871,232.06,0.0,0.0,TRACKING_BUOY (MANUAL),243,-77
1786033135.212,2026-08-06 23:18:55,MANUAL,True,-7.9262408,112.5948868,232.07,0.0,0.0,TRACKING_BUOY (MANUAL),234,-86
1786033135.359,2026-08-06 23:18:55,MANUAL,True,-7.9262407,112.5948866,232.07,0.0,0.0,TRACKING_BUOY (MANUAL),224,-96
1786033135.522,2026-08-06 23:18:55,MANUAL,True,-7.9262404,112.5948865,232.06,0.0,0.0,TRACKING_BUOY (MANUAL),219,-101
1786033135.670,2026-08-06 23:18:55,MANUAL,True,-7.9262401,112.5948863,232.04,0.0,0.0,TRACKING_BUOY (MANUAL),223,-97
1786033135.818,2026-08-06 23:18:55,MANUAL,True,-7.9262398,112.5948861,232.02,0.0,0.0,TRACKING_BUOY (MANUAL),231,-89
1786033135.965,2026-08-06 23:18:55,MANUAL,True,-7.9262396,112.594886,232.02,0.0,0.0,TRACKING_BUOY (MANUAL),252,-68
1786033136.108,2026-08-06 23:18:56,MANUAL,True,-7.9262394,112.5948856,232.01,0.0,0.0,TRACKING_BUOY (MANUAL),288,-32
1786033136.251,2026-08-06 23:18:56,MANUAL,True,-7.9262392,112.5948855,232.01,0.0,0.0,TRACKING_BUOY (MANUAL),310,-10
1786033136.400,2026-08-06 23:18:56,MANUAL,True,-7.926239,112.5948853,232.01,0.0,0.0,TRACKING_BUOY (MANUAL),326,6
1786033136.558,2026-08-06 23:18:56,MANUAL,True,-7.9262387,112.5948852,231.92,0.0,0.0,TRACKING_BUOY (MANUAL),335,15
1786033136.701,2026-08-06 23:18:56,MANUAL,True,-7.9262384,112.5948851,231.9,0.0,0.0,TRACKING_BUOY (MANUAL),355,35
1786033136.850,2026-08-06 23:18:56,MANUAL,True,-7.9262381,112.5948851,231.89,0.0,0.0,TRACKING_BUOY (MANUAL),362,42
1786033136.996,2026-08-06 23:18:56,MANUAL,True,-7.926238,112.5948851,231.92,0.0,0.0,TRACKING_BUOY (MANUAL),365,45
1786033137.151,2026-08-06 23:18:57,MANUAL,True,-7.9262379,112.5948851,231.94,0.0,0.0,TRACKING_BUOY (MANUAL),369,49
1786033137.302,2026-08-06 23:18:57,MANUAL,True,-7.926238,112.5948852,231.96,0.0,0.0,TRACKING_BUOY (MANUAL),371,51
1786033137.453,2026-08-06 23:18:57,MANUAL,True,-7.926238,112.5948852,231.96,0.0,0.0,TRACKING_BUOY (MANUAL),370,50
1786033137.606,2026-08-06 23:18:57,MANUAL,True,-7.9262379,112.5948853,231.96,0.0,0.0,TRACKING_BUOY (MANUAL),364,44
1786033137.766,2026-08-06 23:18:57,MANUAL,True,-7.926238,112.5948854,231.97,0.0,0.0,TRACKING_BUOY,355,35
1786033137.944,2026-08-06 23:18:57,MANUAL,True,-7.9262383,112.5948856,231.97,0.0,0.0,FINISH,340,20
1786033138.101,2026-08-06 23:18:58,MANUAL,True,-7.9262384,112.5948859,231.97,0.0,0.0,IDLE,331,11
1786033138.259,2026-08-06 23:18:58,MANUAL,True,-7.9262384,112.5948863,231.97,0.0,0.0,IDLE,320,0
1786033138.428,2026-08-06 23:18:58,MANUAL,True,-7.9262383,112.5948868,231.95,0.0,0.0,IDLE,314,-6
1786033138.580,2026-08-06 23:18:58,MANUAL,True,-7.9262382,112.5948868,231.93,0.0,0.0,IDLE,308,-12
1786033138.737,2026-08-06 23:18:58,MANUAL,True,-7.9262379,112.594887,231.9,0.0,0.0,IDLE,305,-15
1786033138.889,2026-08-06 23:18:58,MANUAL,True,-7.9262378,112.5948871,231.89,0.0,0.0,IDLE,302,-18
1786033139.038,2026-08-06 23:18:59,MANUAL,True,-7.9262377,112.5948873,231.9,0.0,0.0,IDLE,301,-19
1786033139.190,2026-08-06 23:18:59,MANUAL,True,-7.9262376,112.5948874,231.89,0.0,0.0,IDLE,,
1786033139.342,2026-08-06 23:18:59,MANUAL,True,-7.926237,112.5948874,231.87,0.0,0.0,IDLE,,
1786033139.490,2026-08-06 23:18:59,MANUAL,True,-7.9262367,112.5948874,231.87,0.0,0.0,IDLE,,
1786033139.644,2026-08-06 23:18:59,MANUAL,True,-7.9262362,112.5948873,231.87,0.0,0.0,IDLE,,
1786033139.796,2026-08-06 23:18:59,MANUAL,True,-7.9262362,112.5948874,231.87,0.0,0.0,IDLE,,
1786033139.956,2026-08-06 23:18:59,MANUAL,True,-7.9262361,112.5948874,231.83,0.0,0.0,IDLE,,
1786033140.101,2026-08-06 23:19:00,MANUAL,True,-7.9262361,112.5948875,231.85,0.0,0.0,IDLE,,
1786033140.257,2026-08-06 23:19:00,MANUAL,True,-7.926236,112.5948876,231.83,0.0,0.0,IDLE,,
1786033140.410,2026-08-06 23:19:00,MANUAL,True,-7.9262358,112.5948877,231.83,0.0,0.0,IDLE,,
1786033140.568,2026-08-06 23:19:00,MANUAL,True,-7.9262357,112.5948878,231.83,0.0,0.0,IDLE,,
1786033140.727,2026-08-06 23:19:00,MANUAL,True,-7.9262356,112.5948878,231.84,0.0,0.0,IDLE,,
1786033140.885,2026-08-06 23:19:00,MANUAL,True,-7.9262353,112.5948879,231.85,0.0,0.0,IDLE,,
1786033141.040,2026-08-06 23:19:01,MANUAL,True,-7.926235,112.594888,231.84,0.0,0.0,IDLE,469,149
1786033141.225,2026-08-06 23:19:01,MANUAL,True,-7.9262349,112.5948881,231.84,0.0,0.0,IDLE,466,146
1786033141.398,2026-08-06 23:19:01,MANUAL,True,-7.9262348,112.5948882,231.84,0.0,0.0,IDLE,467,147
1786033141.547,2026-08-06 23:19:01,MANUAL,True,-7.9262347,112.5948884,231.77,0.0,0.0,IDLE,467,147
1786033141.695,2026-08-06 23:19:01,MANUAL,True,-7.9262347,112.5948884,231.76,0.0,0.0,IDLE,,
1786033141.851,2026-08-06 23:19:01,MANUAL,True,-7.9262345,112.5948884,231.7,0.0,0.0,IDLE,467,147
1786033142.012,2026-08-06 23:19:02,MANUAL,True,-7.9262345,112.5948884,231.67,0.0,0.0,IDLE,466,146
1786033142.170,2026-08-06 23:19:02,MANUAL,True,-7.9262345,112.5948884,231.66,0.0,0.0,IDLE,,
1786033142.329,2026-08-06 23:19:02,MANUAL,True,-7.9262341,112.5948883,231.67,0.0,0.0,IDLE,,
1786033142.482,2026-08-06 23:19:02,MANUAL,True,-7.9262339,112.5948882,231.68,0.0,0.0,IDLE,,
1786033142.626,2026-08-06 23:19:02,MANUAL,True,-7.9262338,112.5948881,231.68,0.0,0.0,IDLE,,
1786033142.775,2026-08-06 23:19:02,MANUAL,True,-7.9262336,112.5948879,231.65,0.0,0.0,IDLE,,
1786033142.930,2026-08-06 23:19:02,MANUAL,True,-7.9262336,112.5948879,231.61,0.0,0.0,IDLE,,
1786033143.084,2026-08-06 23:19:03,MANUAL,True,-7.9262336,112.5948879,231.6,0.0,0.0,IDLE,,
1786033143.233,2026-08-06 23:19:03,MANUAL,True,-7.9262336,112.5948878,231.5,0.0,0.0,IDLE,,
1786033143.548,2026-08-06 23:19:03,MANUAL,True,-7.9262335,112.5948876,230.8,0.0,0.0,IDLE,,
1786033143.851,2026-08-06 23:19:03,MANUAL,True,-7.9262332,112.5948875,230.74,0.0,0.0,IDLE,,
1786033144.210,2026-08-06 23:19:04,MANUAL,True,-7.9262333,112.5948874,230.72,0.0,0.0,IDLE,,
1786033144.373,2026-08-06 23:19:04,MANUAL,True,-7.9262327,112.594887,230.7,0.0,0.0,IDLE,,
1786033144.570,2026-08-06 23:19:04,MANUAL,True,-7.926232,112.5948865,230.71,0.0,0.0,IDLE,,
1786033144.715,2026-08-06 23:19:04,MANUAL,True,-7.9262317,112.5948863,230.97,0.0,0.0,IDLE,,
1786033144.860,2026-08-06 23:19:04,MANUAL,True,-7.926231,112.5948855,230.61,0.0,0.0,IDLE,,
1786033145.001,2026-08-06 23:19:05,MANUAL,True,-7.9262309,112.5948851,230.6,0.0,0.0,IDLE,,
1786033145.281,2026-08-06 23:19:05,MANUAL,True,-7.9262308,112.5948839,231.87,0.0,0.0,IDLE,,
1786033145.421,2026-08-06 23:19:05,MANUAL,True,-7.9262308,112.5948835,231.37,0.0,0.0,IDLE,,
1786033145.575,2026-08-06 23:19:05,MANUAL,True,-7.9262309,112.594883,226.77,0.0,0.0,IDLE,,
1786033145.725,2026-08-06 23:19:05,MANUAL,True,-7.9262309,112.594883,226.77,0.0,0.0,IDLE,,
1786033145.866,2026-08-06 23:19:05,MANUAL,True,-7.9262305,112.5948822,225.62,0.0,0.0,IDLE,,
1786033146.018,2026-08-06 23:19:06,MANUAL,True,-7.9262304,112.5948819,225.67,0.0,0.0,IDLE,,
1786033146.168,2026-08-06 23:19:06,MANUAL,True,-7.9262304,112.5948814,225.65,0.0,0.0,IDLE,,
1786033146.309,2026-08-06 23:19:06,MANUAL,True,-7.9262305,112.5948812,225.65,0.0,0.0,IDLE,,
1786033146.464,2026-08-06 23:19:06,MANUAL,True,-7.9262307,112.5948808,225.65,0.0,0.0,IDLE,,
1786033146.620,2026-08-06 23:19:06,MANUAL,True,-7.9262307,112.5948806,225.67,0.0,0.0,IDLE,,
1786033146.768,2026-08-06 23:19:06,MANUAL,True,-7.9262307,112.5948806,225.67,0.0,0.0,IDLE,,
1786033146.919,2026-08-06 23:19:06,MANUAL,True,-7.9262306,112.5948798,225.48,0.0,0.0,IDLE,,
1786033147.068,2026-08-06 23:19:07,MANUAL,True,-7.9262305,112.5948795,225.5,0.0,0.0,IDLE,,
1786033147.214,2026-08-06 23:19:07,MANUAL,True,-7.9262304,112.5948791,225.43,0.0,0.0,IDLE,,
1786033147.355,2026-08-06 23:19:07,MANUAL,True,-7.9262304,112.5948789,225.35,0.0,0.0,IDLE,,
1786033147.499,2026-08-06 23:19:07,MANUAL,True,-7.9262301,112.5948784,225.18,0.0,0.0,IDLE,,
1786033147.636,2026-08-06 23:19:07,MANUAL,True,-7.9262301,112.5948781,225.24,0.0,0.0,IDLE,,
1786033147.773,2026-08-06 23:19:07,MANUAL,True,-7.9262301,112.5948781,225.24,0.0,0.0,IDLE,,
1786033147.908,2026-08-06 23:19:07,MANUAL,True,-7.92623,112.5948773,225.32,0.0,0.0,IDLE,,
1786033148.062,2026-08-06 23:19:08,MANUAL,True,-7.9262299,112.5948769,225.43,0.0,0.0,IDLE,,
1786033148.204,2026-08-06 23:19:08,MANUAL,True,-7.9262297,112.5948761,225.46,0.0,0.0,IDLE,,
1786033148.343,2026-08-06 23:19:08,MANUAL,True,-7.9262295,112.5948757,225.48,0.0,0.0,IDLE,,
1786033148.483,2026-08-06 23:19:08,MANUAL,True,-7.9262293,112.5948752,225.49,0.0,0.0,IDLE,,
1786033148.621,2026-08-06 23:19:08,MANUAL,True,-7.9262292,112.5948747,225.54,0.0,0.0,IDLE,,
1786033148.758,2026-08-06 23:19:08,MANUAL,True,-7.9262289,112.5948736,225.9,0.0,0.0,IDLE,,
1786033148.906,2026-08-06 23:19:08,MANUAL,True,-7.9262286,112.5948727,225.84,0.0,0.0,IDLE,,
1786033149.040,2026-08-06 23:19:09,MANUAL,True,-7.9262284,112.5948723,225.46,0.0,0.0,IDLE,,
1786033149.189,2026-08-06 23:19:09,MANUAL,True,-7.9262283,112.5948718,225.5,0.0,0.0,IDLE,,
1786033149.329,2026-08-06 23:19:09,MANUAL,True,-7.9262278,112.594871,225.76,0.0,0.0,IDLE,,
1786033149.492,2026-08-06 23:19:09,MANUAL,True,-7.9262275,112.5948705,225.79,0.0,0.0,IDLE,,
1786033149.641,2026-08-06 23:19:09,MANUAL,True,-7.926227,112.5948696,225.79,0.0,0.0,IDLE,,
1786033149.782,2026-08-06 23:19:09,MANUAL,True,-7.9262266,112.5948692,225.79,0.0,0.0,IDLE,,
1786033149.932,2026-08-06 23:19:09,MANUAL,True,-7.926226,112.5948685,225.81,0.0,0.0,IDLE,,
1786033150.083,2026-08-06 23:19:10,MANUAL,True,-7.9262256,112.5948683,225.81,0.0,0.0,IDLE,,
1786033150.227,2026-08-06 23:19:10,MANUAL,True,-7.9262249,112.5948679,225.79,0.0,0.0,IDLE,,
1786033150.363,2026-08-06 23:19:10,MANUAL,True,-7.9262244,112.5948677,225.79,0.0,0.0,IDLE,,
1786033150.496,2026-08-06 23:19:10,MANUAL,True,-7.9262241,112.5948675,225.8,0.0,0.0,IDLE,,
1786033150.646,2026-08-06 23:19:10,MANUAL,True,-7.9262234,112.5948674,225.8,0.0,0.0,IDLE,,
1786033150.791,2026-08-06 23:19:10,MANUAL,True,-7.9262232,112.5948672,225.8,0.0,0.0,IDLE,,
1786033150.933,2026-08-06 23:19:10,MANUAL,True,-7.9262227,112.5948668,225.8,0.0,0.0,IDLE,,
1786033151.071,2026-08-06 23:19:11,MANUAL,True,-7.9262224,112.5948666,225.79,0.0,0.0,IDLE,,
1786033151.219,2026-08-06 23:19:11,MANUAL,True,-7.9262221,112.5948663,225.81,0.0,0.0,IDLE,,
1786033151.359,2026-08-06 23:19:11,MANUAL,True,-7.9262219,112.5948663,225.82,0.0,0.0,IDLE,,
1786033151.499,2026-08-06 23:19:11,MANUAL,True,-7.9262218,112.5948662,225.83,0.0,0.0,IDLE,,
1786033151.645,2026-08-06 23:19:11,MANUAL,True,-7.9262214,112.5948663,225.81,0.0,0.0,IDLE,,
1786033151.788,2026-08-06 23:19:11,MANUAL,True,-7.9262212,112.5948663,225.79,0.0,0.0,IDLE,,
1786033151.928,2026-08-06 23:19:11,MANUAL,True,-7.9262207,112.5948664,225.77,0.0,0.0,IDLE,,
1786033152.067,2026-08-06 23:19:12,MANUAL,True,-7.9262204,112.5948664,225.68,0.0,0.0,IDLE,,
1786033152.210,2026-08-06 23:19:12,MANUAL,True,-7.9262197,112.5948665,225.66,0.0,0.0,IDLE,,
1786033152.349,2026-08-06 23:19:12,MANUAL,True,-7.9262194,112.5948666,225.68,0.0,0.0,IDLE,,
1786033152.485,2026-08-06 23:19:12,MANUAL,True,-7.9262192,112.5948668,225.7,0.0,0.0,IDLE,,
1786033152.626,2026-08-06 23:19:12,MANUAL,True,-7.9262187,112.5948673,225.67,0.0,0.0,IDLE,,
1786033152.766,2026-08-06 23:19:12,MANUAL,True,-7.9262185,112.5948674,225.68,0.0,0.0,IDLE,,
1786033152.906,2026-08-06 23:19:12,MANUAL,True,-7.9262179,112.5948677,225.71,0.0,0.0,IDLE,,
1786033153.046,2026-08-06 23:19:13,MANUAL,True,-7.9262177,112.5948677,225.75,0.0,0.0,IDLE,,
1786033153.190,2026-08-06 23:19:13,MANUAL,True,-7.9262174,112.5948676,225.77,0.0,0.0,IDLE,,
1786033153.329,2026-08-06 23:19:13,MANUAL,True,-7.9262168,112.5948679,225.81,0.0,0.0,IDLE,,
1786033153.481,2026-08-06 23:19:13,MANUAL,True,-7.9262165,112.5948682,225.81,0.0,0.0,IDLE,,
1786033153.621,2026-08-06 23:19:13,MANUAL,True,-7.9262159,112.5948689,225.83,0.0,0.0,IDLE,,
1786033153.762,2026-08-06 23:19:13,MANUAL,True,-7.9262155,112.5948691,225.83,0.0,0.0,IDLE,,
1786033153.906,2026-08-06 23:19:13,MANUAL,True,-7.9262146,112.5948691,225.87,0.0,0.0,IDLE,,
1786033154.050,2026-08-06 23:19:14,MANUAL,True,-7.926214,112.5948691,225.9,0.0,0.0,IDLE,,
1786033154.193,2026-08-06 23:19:14,MANUAL,True,-7.9262136,112.5948691,225.9,0.0,0.0,IDLE,,
1786033154.337,2026-08-06 23:19:14,MANUAL,True,-7.9262126,112.5948689,225.93,0.0,0.0,IDLE,,
1786033154.474,2026-08-06 23:19:14,MANUAL,True,-7.9262121,112.5948689,225.94,0.0,0.0,IDLE,,
1786033154.613,2026-08-06 23:19:14,MANUAL,True,-7.9262117,112.5948688,225.96,0.0,0.0,IDLE,,
1786033154.757,2026-08-06 23:19:14,MANUAL,True,-7.9262109,112.5948687,225.99,0.0,0.0,IDLE,,
1786033154.901,2026-08-06 23:19:14,MANUAL,True,-7.9262103,112.5948688,226.03,0.0,0.0,IDLE,,
1786033155.047,2026-08-06 23:19:15,MANUAL,True,-7.9262099,112.5948689,226.05,0.0,0.0,IDLE,,
1786033155.186,2026-08-06 23:19:15,MANUAL,True,-7.9262096,112.5948689,226.05,0.0,0.0,IDLE,,
1786033155.335,2026-08-06 23:19:15,MANUAL,True,-7.926209,112.5948693,226.05,0.0,0.0,IDLE,,
1786033155.481,2026-08-06 23:19:15,MANUAL,True,-7.9262086,112.5948694,226.07,0.0,0.0,IDLE,,
1786033155.623,2026-08-06 23:19:15,MANUAL,True,-7.9262078,112.5948695,226.11,0.0,0.0,IDLE,,
1786033155.764,2026-08-06 23:19:15,MANUAL,True,-7.9262073,112.5948694,226.12,0.0,0.0,IDLE,,
1786033155.913,2026-08-06 23:19:15,MANUAL,True,-7.9262062,112.5948691,226.17,0.0,0.0,IDLE,,
1786033156.059,2026-08-06 23:19:16,MANUAL,True,-7.9262056,112.5948688,226.18,0.0,0.0,IDLE,,
1786033156.206,2026-08-06 23:19:16,MANUAL,True,-7.9262045,112.5948682,226.21,0.0,0.0,IDLE,,
1786033156.350,2026-08-06 23:19:16,MANUAL,True,-7.9262039,112.5948677,226.24,0.0,0.0,IDLE,,
1786033156.493,2026-08-06 23:19:16,MANUAL,True,-7.9262032,112.5948674,226.25,0.0,0.0,IDLE,,
1786033156.642,2026-08-06 23:19:16,MANUAL,True,-7.9262018,112.5948668,226.26,0.0,0.0,IDLE,,
1786033156.781,2026-08-06 23:19:16,MANUAL,True,-7.9262013,112.5948665,226.23,0.0,0.0,IDLE,,
1786033156.920,2026-08-06 23:19:16,MANUAL,True,-7.9262001,112.5948658,226.26,0.0,0.0,IDLE,,
1786033157.062,2026-08-06 23:19:17,MANUAL,True,-7.9261994,112.5948655,226.27,0.0,0.0,IDLE,,
1786033157.202,2026-08-06 23:19:17,MANUAL,True,-7.9261982,112.5948651,226.3,0.0,0.0,IDLE,,
1786033157.336,2026-08-06 23:19:17,MANUAL,True,-7.9261976,112.5948649,226.23,0.0,0.0,IDLE,,
1786033157.477,2026-08-06 23:19:17,MANUAL,True,-7.926197,112.5948647,226.28,0.0,0.0,IDLE,,
1786033157.622,2026-08-06 23:19:17,MANUAL,True,-7.9261965,112.5948647,226.19,0.0,0.0,IDLE,,
1786033157.761,2026-08-06 23:19:17,MANUAL,True,-7.9261954,112.5948648,226.19,0.0,0.0,IDLE,,
1786033157.902,2026-08-06 23:19:17,MANUAL,True,-7.9261943,112.5948651,226.25,0.0,0.0,IDLE,,
1786033158.043,2026-08-06 23:19:18,MANUAL,True,-7.9261938,112.5948652,226.26,0.0,0.0,IDLE,,
1786033158.219,2026-08-06 23:19:18,MANUAL,True,-7.9261928,112.5948661,226.32,0.0,0.0,IDLE,,
1786033158.364,2026-08-06 23:19:18,MANUAL,True,-7.9261922,112.5948667,226.36,0.0,0.0,IDLE,,
1786033158.505,2026-08-06 23:19:18,MANUAL,True,-7.926191,112.5948676,226.42,0.0,0.0,IDLE,,
1786033158.650,2026-08-06 23:19:18,MANUAL,True,-7.9261904,112.594868,226.43,0.0,0.0,IDLE,,
1786033158.803,2026-08-06 23:19:18,MANUAL,True,-7.9261898,112.5948693,226.46,0.0,0.0,IDLE,,
1786033158.942,2026-08-06 23:19:18,MANUAL,True,-7.9261896,112.5948699,226.46,0.0,0.0,IDLE,,
1786033159.087,2026-08-06 23:19:19,MANUAL,True,-7.9261893,112.5948702,226.36,0.0,0.0,IDLE,,
1786033159.228,2026-08-06 23:19:19,MANUAL,True,-7.9261885,112.5948705,226.53,0.0,0.0,IDLE,,
1786033159.374,2026-08-06 23:19:19,MANUAL,True,-7.9261881,112.5948705,226.52,0.0,0.0,IDLE,,
1786033159.513,2026-08-06 23:19:19,MANUAL,True,-7.9261873,112.5948705,226.6,0.0,0.0,IDLE,,
1786033159.682,2026-08-06 23:19:19,MANUAL,True,-7.9261868,112.5948704,226.62,0.0,0.0,IDLE,,
1786033159.818,2026-08-06 23:19:19,MANUAL,True,-7.9261863,112.5948705,226.62,0.0,0.0,IDLE,,
1786033160.168,2026-08-06 23:19:20,MANUAL,True,-7.9261861,112.5948714,226.61,0.0,0.0,IDLE,,
1786033160.321,2026-08-06 23:19:20,MANUAL,True,-7.9261862,112.5948722,226.62,0.0,0.0,IDLE,,
1786033160.459,2026-08-06 23:19:20,MANUAL,True,-7.9261862,112.5948724,226.62,0.0,0.0,IDLE,,
1786033160.599,2026-08-06 23:19:20,MANUAL,True,-7.9261862,112.5948726,226.65,0.0,0.0,IDLE,,
1786033160.741,2026-08-06 23:19:20,MANUAL,True,-7.926186,112.5948728,226.63,0.0,0.0,IDLE,,
1786033160.888,2026-08-06 23:19:20,MANUAL,True,-7.9261858,112.5948728,226.61,0.0,0.0,IDLE,,
1786033161.033,2026-08-06 23:19:21,MANUAL,True,-7.9261854,112.5948729,226.68,0.0,0.0,IDLE,,
1786033161.179,2026-08-06 23:19:21,MANUAL,True,-7.9261852,112.5948729,226.69,0.0,0.0,IDLE,,
1786033161.319,2026-08-06 23:19:21,MANUAL,True,-7.9261847,112.5948729,226.76,0.0,0.0,IDLE,,
1786033161.466,2026-08-06 23:19:21,MANUAL,True,-7.9261845,112.5948728,226.78,0.0,0.0,IDLE,,
1786033161.608,2026-08-06 23:19:21,MANUAL,True,-7.9261841,112.5948729,226.85,0.0,0.0,IDLE,,
1786033161.751,2026-08-06 23:19:21,MANUAL,True,-7.9261839,112.594873,226.85,0.0,0.0,IDLE,,
1786033161.890,2026-08-06 23:19:21,MANUAL,True,-7.9261838,112.594873,226.87,0.0,0.0,IDLE,,
1786033162.039,2026-08-06 23:19:22,MANUAL,True,-7.9261833,112.594873,226.91,0.0,0.0,IDLE,,
1786033162.180,2026-08-06 23:19:22,MANUAL,True,-7.9261831,112.594873,226.91,0.0,0.0,IDLE,,
1786033162.317,2026-08-06 23:19:22,MANUAL,True,-7.9261827,112.5948728,226.92,0.0,0.0,IDLE,,
1786033162.457,2026-08-06 23:19:22,MANUAL,True,-7.9261824,112.5948725,226.93,0.0,0.0,IDLE,,
1786033162.606,2026-08-06 23:19:22,MANUAL,True,-7.9261821,112.5948722,226.95,0.0,0.0,IDLE,,
1786033162.746,2026-08-06 23:19:22,MANUAL,True,-7.9261816,112.5948713,226.99,0.0,0.0,IDLE,,
1786033162.892,2026-08-06 23:19:22,MANUAL,True,-7.9261814,112.5948707,227.02,0.0,0.0,IDLE,,
1786033163.033,2026-08-06 23:19:23,MANUAL,True,-7.9261811,112.5948693,227.05,0.0,0.0,IDLE,,
1786033163.451,2026-08-06 23:19:23,MANUAL,True,-7.9261804,112.5948657,227.14,0.0,0.0,IDLE,,
1786033163.633,2026-08-06 23:19:23,MANUAL,True,-7.9261802,112.5948647,227.17,0.0,0.0,IDLE,,
1786033163.779,2026-08-06 23:19:23,MANUAL,True,-7.9261794,112.5948629,227.2,0.0,0.0,IDLE,,
1786033163.916,2026-08-06 23:19:23,MANUAL,True,-7.9261785,112.5948613,227.2,0.0,0.0,IDLE,,
1786033164.061,2026-08-06 23:19:24,MANUAL,True,-7.9261782,112.5948609,227.22,0.0,0.0,IDLE,,
1786033164.199,2026-08-06 23:19:24,MANUAL,True,-7.9261779,112.5948605,227.22,0.0,0.0,IDLE,,
1786033164.341,2026-08-06 23:19:24,MANUAL,True,-7.9261773,112.5948594,227.25,0.0,0.0,IDLE,,
1786033164.481,2026-08-06 23:19:24,MANUAL,True,-7.926177,112.5948589,227.23,0.0,0.0,IDLE,,
1786033164.621,2026-08-06 23:19:24,MANUAL,True,-7.9261764,112.5948582,227.29,0.0,0.0,IDLE,,
1786033164.759,2026-08-06 23:19:24,MANUAL,True,-7.9261762,112.594858,227.32,0.0,0.0,IDLE,,
1786033164.893,2026-08-06 23:19:24,MANUAL,True,-7.926176,112.5948578,227.31,0.0,0.0,IDLE,,
1786033165.032,2026-08-06 23:19:25,MANUAL,True,-7.9261756,112.5948575,227.43,0.0,0.0,IDLE,,
1786033165.169,2026-08-06 23:19:25,MANUAL,True,-7.9261754,112.5948574,227.46,0.0,0.0,IDLE,,
1786033165.303,2026-08-06 23:19:25,MANUAL,True,-7.926175,112.594857,227.45,0.0,0.0,IDLE,,
1786033165.440,2026-08-06 23:19:25,MANUAL,True,-7.9261748,112.5948567,227.48,0.0,0.0,IDLE,,
1786033165.579,2026-08-06 23:19:25,MANUAL,True,-7.9261746,112.5948563,227.46,0.0,0.0,IDLE,,
1786033165.721,2026-08-06 23:19:25,MANUAL,True,-7.9261741,112.5948555,227.56,0.0,0.0,IDLE,,
1786033165.859,2026-08-06 23:19:25,MANUAL,True,-7.9261739,112.594855,227.56,0.0,0.0,IDLE,,
1786033165.996,2026-08-06 23:19:25,MANUAL,True,-7.9261736,112.5948548,227.59,0.0,0.0,IDLE,,
1786033166.132,2026-08-06 23:19:26,MANUAL,True,-7.9261729,112.5948548,227.63,0.0,0.0,IDLE,,
1786033166.276,2026-08-06 23:19:26,MANUAL,True,-7.9261727,112.5948548,227.69,0.0,0.0,IDLE,,
1786033166.415,2026-08-06 23:19:26,MANUAL,True,-7.9261722,112.5948548,227.91,0.0,0.0,IDLE,,
1786033166.554,2026-08-06 23:19:26,MANUAL,True,-7.926172,112.5948547,227.92,0.0,0.0,IDLE,,
1786033166.699,2026-08-06 23:19:26,MANUAL,True,-7.9261717,112.5948546,227.97,0.0,0.0,IDLE,,
1786033166.843,2026-08-06 23:19:26,MANUAL,True,-7.9261713,112.5948542,228.09,0.0,0.0,IDLE,,
1786033166.981,2026-08-06 23:19:26,MANUAL,True,-7.9261709,112.5948539,228.15,0.0,0.0,IDLE,,
1786033167.115,2026-08-06 23:19:27,MANUAL,True,-7.92617,112.5948531,228.61,0.0,0.0,IDLE,,
1786033167.258,2026-08-06 23:19:27,MANUAL,True,-7.9261696,112.5948526,228.37,0.0,0.0,IDLE,,
1786033167.394,2026-08-06 23:19:27,MANUAL,True,-7.9261692,112.5948522,228.35,0.0,0.0,IDLE,,
1786033167.528,2026-08-06 23:19:27,MANUAL,True,-7.9261686,112.5948517,228.33,0.0,0.0,IDLE,,
1786033167.668,2026-08-06 23:19:27,MANUAL,True,-7.9261684,112.5948515,228.3,0.0,0.0,IDLE,,
1786033167.956,2026-08-06 23:19:27,MANUAL,True,-7.9261674,112.59485,228.38,0.0,0.0,IDLE,,
1786033168.118,2026-08-06 23:19:28,MANUAL,True,-7.9261668,112.5948488,228.42,0.0,0.0,IDLE,,
1786033168.335,2026-08-06 23:19:28,MANUAL,True,-7.9261658,112.5948466,228.45,0.0,0.0,IDLE,,
1786033168.615,2026-08-06 23:19:28,MANUAL,True,-7.9261648,112.5948439,228.49,0.0,0.0,IDLE,,
1786033168.750,2026-08-06 23:19:28,MANUAL,True,-7.9261638,112.5948414,228.53,0.0,0.0,IDLE,,
1786033168.888,2026-08-06 23:19:28,MANUAL,True,-7.9261634,112.5948402,228.54,0.0,0.0,IDLE,,
1786033169.040,2026-08-06 23:19:29,MANUAL,True,-7.9261627,112.5948379,228.57,0.0,0.0,IDLE,,
1786033169.239,2026-08-06 23:19:29,MANUAL,True,-7.926162,112.5948359,228.6,0.0,0.0,IDLE,,
1786033169.385,2026-08-06 23:19:29,MANUAL,True,-7.9261617,112.5948347,228.61,0.0,0.0,IDLE,,
1786033169.544,2026-08-06 23:19:29,MANUAL,True,-7.9261612,112.5948326,228.64,0.0,0.0,IDLE,,
1786033169.711,2026-08-06 23:19:29,MANUAL,True,-7.9261606,112.5948301,228.67,0.0,0.0,IDLE,,
1786033169.864,2026-08-06 23:19:29,MANUAL,True,-7.9261603,112.594829,228.67,0.0,0.0,IDLE,,
1786033170.028,2026-08-06 23:19:30,MANUAL,True,-7.9261601,112.5948267,228.7,0.0,0.0,IDLE,,
1786033170.240,2026-08-06 23:19:30,MANUAL,True,-7.9261602,112.594825,228.71,0.0,0.0,IDLE,,
1786033170.398,2026-08-06 23:19:30,MANUAL,True,-7.9261604,112.5948243,228.72,0.0,0.0,IDLE,,
1786033170.556,2026-08-06 23:19:30,MANUAL,True,-7.9261609,112.5948231,228.74,0.0,0.0,IDLE,,
1786033170.848,2026-08-06 23:19:30,MANUAL,True,-7.9261618,112.5948211,228.77,0.0,0.0,IDLE,,
1786033171.025,2026-08-06 23:19:31,MANUAL,True,-7.9261626,112.5948199,228.79,0.0,0.0,IDLE,,
1786033171.201,2026-08-06 23:19:31,MANUAL,True,-7.9261635,112.594819,228.8,0.0,0.0,IDLE,,
1786033171.351,2026-08-06 23:19:31,MANUAL,True,-7.9261642,112.5948188,228.83,0.0,0.0,IDLE,,
1786033171.519,2026-08-06 23:19:31,MANUAL,True,-7.9261654,112.5948184,228.84,0.0,0.0,IDLE,,
1786033171.671,2026-08-06 23:19:31,MANUAL,True,-7.926166,112.5948181,228.86,0.0,0.0,IDLE,,
1786033171.819,2026-08-06 23:19:31,MANUAL,True,-7.9261671,112.5948177,228.89,0.0,0.0,IDLE,,
1786033171.967,2026-08-06 23:19:31,MANUAL,True,-7.9261676,112.5948174,228.9,0.0,0.0,IDLE,,
1786033172.121,2026-08-06 23:19:32,MANUAL,True,-7.9261687,112.5948166,228.91,0.0,0.0,IDLE,,
1786033172.276,2026-08-06 23:19:32,MANUAL,True,-7.9261693,112.5948161,228.93,0.0,0.0,IDLE,,
1786033172.427,2026-08-06 23:19:32,MANUAL,True,-7.9261708,112.5948155,228.94,0.0,0.0,IDLE,,
1786033172.575,2026-08-06 23:19:32,MANUAL,True,-7.9261716,112.5948154,228.94,0.0,0.0,IDLE,,
1786033172.721,2026-08-06 23:19:32,MANUAL,True,-7.9261733,112.5948152,228.95,0.0,0.0,IDLE,,
1786033172.862,2026-08-06 23:19:32,MANUAL,True,-7.9261742,112.5948152,228.94,0.0,0.0,IDLE,,
1786033173.024,2026-08-06 23:19:33,MANUAL,True,-7.9261759,112.5948155,228.96,0.0,0.0,IDLE,,
1786033173.174,2026-08-06 23:19:33,MANUAL,True,-7.9261766,112.5948156,228.98,0.0,0.0,IDLE,,
1786033173.334,2026-08-06 23:19:33,MANUAL,True,-7.9261782,112.594816,228.98,0.0,0.0,IDLE,,
1786033173.508,2026-08-06 23:19:33,MANUAL,True,-7.9261801,112.5948169,228.98,0.0,0.0,IDLE,,
1786033173.664,2026-08-06 23:19:33,MANUAL,True,-7.9261811,112.5948176,228.98,0.0,0.0,IDLE,,
1786033173.827,2026-08-06 23:19:33,MANUAL,True,-7.926183,112.5948191,229.0,0.0,0.0,IDLE,,
1786033173.976,2026-08-06 23:19:33,MANUAL,True,-7.926184,112.5948199,229.0,0.0,0.0,IDLE,,
1786033174.129,2026-08-06 23:19:34,MANUAL,True,-7.9261857,112.5948215,229.02,0.0,0.0,IDLE,,
1786033174.325,2026-08-06 23:19:34,MANUAL,True,-7.9261877,112.5948238,229.02,0.0,0.0,IDLE,,
1786033174.487,2026-08-06 23:19:34,MANUAL,True,-7.9261888,112.5948248,229.0,0.0,0.0,IDLE,,
1786033174.644,2026-08-06 23:19:34,MANUAL,True,-7.9261908,112.5948268,229.01,0.0,0.0,IDLE,,
1786033174.799,2026-08-06 23:19:34,MANUAL,True,-7.9261915,112.5948276,229.02,0.0,0.0,IDLE,,
1786033174.970,2026-08-06 23:19:34,MANUAL,True,-7.9261931,112.5948296,229.05,0.0,0.0,IDLE,,
1786033175.199,2026-08-06 23:19:35,MANUAL,True,-7.9261955,112.5948326,229.06,0.0,0.0,IDLE,,
1786033175.389,2026-08-06 23:19:35,MANUAL,True,-7.9261962,112.5948337,229.07,0.0,0.0,IDLE,,
1786033175.579,2026-08-06 23:19:35,MANUAL,True,-7.9261977,112.5948356,229.08,0.0,0.0,IDLE,,
1786033175.745,2026-08-06 23:19:35,MANUAL,True,-7.926199,112.5948374,229.1,0.0,0.0,IDLE,,
1786033176.116,2026-08-06 23:19:36,MANUAL,True,-7.9262013,112.5948406,229.12,0.0,0.0,IDLE,,
1786033176.288,2026-08-06 23:19:36,MANUAL,True,-7.9262017,112.5948413,229.12,0.0,0.0,IDLE,,
1786033176.550,2026-08-06 23:19:36,MANUAL,True,-7.9262026,112.5948429,229.16,0.0,0.0,IDLE,,
1786033176.697,2026-08-06 23:19:36,MANUAL,True,-7.9262028,112.5948433,229.17,0.0,0.0,IDLE,,
1786033176.845,2026-08-06 23:19:36,MANUAL,True,-7.926203,112.5948438,229.21,0.0,0.0,IDLE,,
1786033176.995,2026-08-06 23:19:36,MANUAL,True,-7.926203,112.5948439,229.21,0.0,0.0,IDLE,,
1786033177.167,2026-08-06 23:19:37,MANUAL,True,-7.9262032,112.594844,229.24,0.0,0.0,IDLE,,
1786033177.312,2026-08-06 23:19:37,MANUAL,True,-7.926203,112.594844,229.24,0.0,0.0,IDLE,,
1786033177.473,2026-08-06 23:19:37,MANUAL,True,-7.9262029,112.594844,229.25,0.0,0.0,IDLE,,
1786033177.619,2026-08-06 23:19:37,MANUAL,True,-7.9262027,112.5948442,229.26,0.0,0.0,IDLE,,
1786033177.773,2026-08-06 23:19:37,MANUAL,True,-7.9262026,112.5948442,229.28,0.0,0.0,IDLE,,
1786033177.931,2026-08-06 23:19:37,MANUAL,True,-7.9262025,112.5948444,229.29,0.0,0.0,IDLE,,
1786033178.105,2026-08-06 23:19:38,MANUAL,True,-7.9262024,112.5948451,229.34,0.0,0.0,IDLE,,
1786033178.260,2026-08-06 23:19:38,MANUAL,True,-7.9262023,112.5948456,229.34,0.0,0.0,IDLE,,
1786033178.410,2026-08-06 23:19:38,MANUAL,True,-7.9262019,112.5948468,229.36,0.0,0.0,IDLE,,
1786033178.590,2026-08-06 23:19:38,MANUAL,True,-7.9262018,112.5948474,229.37,0.0,0.0,IDLE,,
1786033178.741,2026-08-06 23:19:38,MANUAL,True,-7.9262015,112.5948484,229.38,0.0,0.0,IDLE,,
1786033178.888,2026-08-06 23:19:38,MANUAL,True,-7.9262014,112.5948489,229.39,0.0,0.0,IDLE,,
1786033179.037,2026-08-06 23:19:39,MANUAL,True,-7.9262012,112.59485,229.43,0.0,0.0,IDLE,,
1786033179.184,2026-08-06 23:19:39,MANUAL,True,-7.9262012,112.5948506,229.42,0.0,0.0,IDLE,,
1786033179.336,2026-08-06 23:19:39,MANUAL,True,-7.9262011,112.5948517,229.43,0.0,0.0,IDLE,,
1786033179.485,2026-08-06 23:19:39,MANUAL,True,-7.9262011,112.5948523,229.43,0.0,0.0,IDLE,,
1786033179.653,2026-08-06 23:19:39,MANUAL,True,-7.9262009,112.5948531,229.43,0.0,0.0,IDLE,,
1786033179.825,2026-08-06 23:19:39,MANUAL,True,-7.9262007,112.5948541,229.43,0.0,0.0,IDLE,,
1786033179.977,2026-08-06 23:19:39,MANUAL,True,-7.9262007,112.5948548,229.44,0.0,0.0,IDLE,,
1786033180.122,2026-08-06 23:19:40,MANUAL,True,-7.9262008,112.5948561,229.48,0.0,0.0,IDLE,,
1786033180.269,2026-08-06 23:19:40,MANUAL,True,-7.9262008,112.5948568,229.49,0.0,0.0,IDLE,,
1786033180.421,2026-08-06 23:19:40,MANUAL,True,-7.9262008,112.5948581,229.51,0.0,0.0,IDLE,,
1786033180.568,2026-08-06 23:19:40,MANUAL,True,-7.9262008,112.5948588,229.51,0.0,0.0,IDLE,,
1786033180.714,2026-08-06 23:19:40,MANUAL,True,-7.9262008,112.5948599,229.54,0.0,0.0,IDLE,,
1786033180.866,2026-08-06 23:19:40,MANUAL,True,-7.9262008,112.5948604,229.56,0.0,0.0,IDLE,,
1786033181.010,2026-08-06 23:19:41,MANUAL,True,-7.9262008,112.5948615,229.59,0.0,0.0,IDLE,,
1786033181.156,2026-08-06 23:19:41,MANUAL,True,-7.9262008,112.594862,229.6,0.0,0.0,IDLE,,
1786033181.316,2026-08-06 23:19:41,MANUAL,True,-7.9262007,112.5948628,229.62,0.0,0.0,IDLE,,
1786033181.467,2026-08-06 23:19:41,MANUAL,True,-7.9262005,112.594863,229.63,0.0,0.0,IDLE,,
1786033181.713,2026-08-06 23:19:41,MANUAL,True,-7.9262,112.5948632,229.63,0.0,0.0,IDLE,,
1786033181.886,2026-08-06 23:19:41,MANUAL,True,-7.9262,112.594863,229.66,0.0,0.0,IDLE,,
1786033182.052,2026-08-06 23:19:42,MANUAL,True,-7.9261998,112.5948627,229.7,0.0,0.0,IDLE,,
1786033182.191,2026-08-06 23:19:42,MANUAL,True,-7.9261997,112.5948627,229.7,0.0,0.0,IDLE,,
1786033182.331,2026-08-06 23:19:42,MANUAL,True,-7.9261998,112.5948628,229.69,0.0,0.0,IDLE,,
1786033182.527,2026-08-06 23:19:42,MANUAL,True,-7.9261999,112.594863,229.7,0.0,0.0,IDLE,,
1786033182.676,2026-08-06 23:19:42,MANUAL,True,-7.9262,112.5948632,229.7,0.0,0.0,IDLE,,
1786033182.845,2026-08-06 23:19:42,MANUAL,True,-7.9262003,112.5948634,229.71,0.0,0.0,IDLE,,
1786033182.990,2026-08-06 23:19:42,MANUAL,True,-7.9262006,112.5948635,229.72,0.0,0.0,IDLE,,
1786033183.126,2026-08-06 23:19:43,MANUAL,True,-7.9262011,112.5948639,229.76,0.0,0.0,IDLE,,
1786033183.271,2026-08-06 23:19:43,MANUAL,True,-7.9262014,112.594864,229.71,0.0,0.0,IDLE,,
1786033183.412,2026-08-06 23:19:43,MANUAL,True,-7.9262022,112.5948645,229.67,0.0,0.0,IDLE,,
1786033183.552,2026-08-06 23:19:43,MANUAL,True,-7.9262025,112.5948649,229.64,0.0,0.0,IDLE,,
1786033183.701,2026-08-06 23:19:43,MANUAL,True,-7.9262032,112.5948658,229.62,0.0,0.0,IDLE,,
1786033183.847,2026-08-06 23:19:43,MANUAL,True,-7.9262036,112.5948663,229.62,0.0,0.0,IDLE,,
1786033183.987,2026-08-06 23:19:43,MANUAL,True,-7.926204,112.5948668,229.61,0.0,0.0,IDLE,,
1786033184.134,2026-08-06 23:19:44,MANUAL,True,-7.9262048,112.5948678,229.6,0.0,0.0,IDLE,,
1786033184.292,2026-08-06 23:19:44,MANUAL,True,-7.9262053,112.5948684,229.6,0.0,0.0,IDLE,,
1786033184.430,2026-08-06 23:19:44,MANUAL,True,-7.9262062,112.5948693,229.59,0.0,0.0,IDLE,,
1786033184.569,2026-08-06 23:19:44,MANUAL,True,-7.9262066,112.5948698,229.61,0.0,0.0,IDLE,,
1786033184.860,2026-08-06 23:19:44,MANUAL,True,-7.9262076,112.5948713,229.61,0.0,0.0,IDLE,,
1786033185.010,2026-08-06 23:19:45,MANUAL,True,-7.9262081,112.594872,229.63,0.0,0.0,IDLE,,
1786033185.152,2026-08-06 23:19:45,MANUAL,True,-7.9262082,112.5948723,229.62,0.0,0.0,IDLE,,
1786033185.293,2026-08-06 23:19:45,MANUAL,True,-7.9262084,112.5948726,229.63,0.0,0.0,IDLE,,
1786033185.435,2026-08-06 23:19:45,MANUAL,True,-7.9262088,112.5948731,229.66,0.0,0.0,IDLE,,
1786033185.797,2026-08-06 23:19:45,MANUAL,True,-7.9262091,112.5948736,229.65,0.0,0.0,IDLE,,
1786033185.940,2026-08-06 23:19:45,MANUAL,True,-7.9262093,112.594874,229.64,0.0,0.0,IDLE,,
1786033186.081,2026-08-06 23:19:46,MANUAL,True,-7.9262096,112.5948741,229.64,0.0,0.0,IDLE,,
1786033186.220,2026-08-06 23:19:46,MANUAL,True,-7.9262102,112.5948745,229.64,0.0,0.0,IDLE,,
1786033186.356,2026-08-06 23:19:46,MANUAL,True,-7.9262107,112.5948747,229.63,0.0,0.0,IDLE,,
1786033186.493,2026-08-06 23:19:46,MANUAL,True,-7.9262109,112.5948749,229.63,0.0,0.0,IDLE,,
1786033186.631,2026-08-06 23:19:46,MANUAL,True,-7.9262118,112.5948752,229.63,0.0,0.0,IDLE,,
1786033186.765,2026-08-06 23:19:46,MANUAL,True,-7.9262121,112.5948753,229.64,0.0,0.0,IDLE,,
1786033186.902,2026-08-06 23:19:46,MANUAL,True,-7.926213,112.5948755,229.64,0.0,0.0,IDLE,,
1786033187.044,2026-08-06 23:19:47,MANUAL,True,-7.9262135,112.5948756,229.64,0.0,0.0,IDLE,,
1786033187.186,2026-08-06 23:19:47,MANUAL,True,-7.926214,112.5948758,229.63,0.0,0.0,IDLE,,
1786033187.322,2026-08-06 23:19:47,MANUAL,True,-7.9262151,112.5948757,229.65,0.0,0.0,IDLE,,
1786033187.463,2026-08-06 23:19:47,MANUAL,True,-7.9262154,112.5948756,229.65,0.0,0.0,IDLE,,
1786033187.605,2026-08-06 23:19:47,MANUAL,True,-7.926216,112.5948756,229.63,0.0,0.0,IDLE,,
1786033187.746,2026-08-06 23:19:47,MANUAL,True,-7.9262172,112.5948757,229.62,0.0,0.0,IDLE,,
1786033187.883,2026-08-06 23:19:47,MANUAL,True,-7.9262178,112.5948757,229.62,0.0,0.0,IDLE,,
1786033188.020,2026-08-06 23:19:48,MANUAL,True,-7.9262189,112.5948759,229.64,0.0,0.0,IDLE,,
1786033188.158,2026-08-06 23:19:48,MANUAL,True,-7.9262194,112.594876,229.64,0.0,0.0,IDLE,,
1786033188.297,2026-08-06 23:19:48,MANUAL,True,-7.92622,112.594876,229.64,0.0,0.0,IDLE,,
1786033188.435,2026-08-06 23:19:48,MANUAL,True,-7.926221,112.5948759,229.66,0.0,0.0,IDLE,,
1786033188.570,2026-08-06 23:19:48,MANUAL,True,-7.9262215,112.594876,229.65,0.0,0.0,IDLE,,
1786033188.719,2026-08-06 23:19:48,MANUAL,True,-7.9262226,112.594876,229.64,0.0,0.0,IDLE,,
1786033188.868,2026-08-06 23:19:48,MANUAL,True,-7.926223,112.594876,229.63,0.0,0.0,IDLE,,
1786033189.012,2026-08-06 23:19:49,MANUAL,True,-7.9262238,112.5948759,229.64,0.0,0.0,IDLE,,
1786033189.155,2026-08-06 23:19:49,MANUAL,True,-7.9262241,112.5948759,229.65,0.0,0.0,IDLE,,
1786033189.305,2026-08-06 23:19:49,MANUAL,True,-7.9262246,112.5948756,229.66,0.0,0.0,IDLE,,
1786033189.466,2026-08-06 23:19:49,MANUAL,True,-7.926225,112.5948755,229.66,0.0,0.0,IDLE,,
1786033189.624,2026-08-06 23:19:49,MANUAL,True,-7.9262257,112.5948755,229.65,0.0,0.0,IDLE,,
1786033189.821,2026-08-06 23:19:49,MANUAL,True,-7.9262264,112.5948755,229.64,0.0,0.0,IDLE,,
1786033189.965,2026-08-06 23:19:49,MANUAL,True,-7.9262268,112.5948755,229.64,0.0,0.0,IDLE,,
1786033190.106,2026-08-06 23:19:50,MANUAL,True,-7.9262276,112.5948756,229.63,0.0,0.0,IDLE,,
1786033190.259,2026-08-06 23:19:50,MANUAL,True,-7.9262278,112.5948755,229.62,0.0,0.0,IDLE,,
1786033190.396,2026-08-06 23:19:50,MANUAL,True,-7.9262279,112.5948753,229.64,0.0,0.0,IDLE,,
1786033190.540,2026-08-06 23:19:50,MANUAL,True,-7.9262279,112.5948748,229.65,0.0,0.0,IDLE,,
1786033190.732,2026-08-06 23:19:50,MANUAL,True,-7.9262282,112.5948745,229.65,0.0,0.0,IDLE,,
1786033190.941,2026-08-06 23:19:50,MANUAL,True,-7.9262284,112.5948741,229.68,0.0,0.0,IDLE,,
1786033191.098,2026-08-06 23:19:51,MANUAL,True,-7.9262284,112.5948738,229.69,0.0,0.0,IDLE,,
1786033191.265,2026-08-06 23:19:51,MANUAL,True,-7.9262283,112.5948733,229.69,0.0,0.0,IDLE,,
1786033191.427,2026-08-06 23:19:51,MANUAL,True,-7.926228,112.5948728,229.71,0.0,0.0,IDLE,,
1786033191.608,2026-08-06 23:19:51,MANUAL,True,-7.9262281,112.5948725,229.7,0.0,0.0,IDLE,,
1786033191.787,2026-08-06 23:19:51,MANUAL,True,-7.9262283,112.5948724,229.69,0.0,0.0,IDLE,,
1786033191.945,2026-08-06 23:19:51,MANUAL,True,-7.9262287,112.5948722,229.68,0.0,0.0,IDLE,,
1786033192.085,2026-08-06 23:19:52,MANUAL,True,-7.9262289,112.5948722,229.67,0.0,0.0,IDLE,,
1786033192.224,2026-08-06 23:19:52,MANUAL,True,-7.9262294,112.5948723,229.63,0.0,0.0,IDLE,,
1786033192.367,2026-08-06 23:19:52,MANUAL,True,-7.9262298,112.5948722,229.63,0.0,0.0,IDLE,,
1786033192.505,2026-08-06 23:19:52,MANUAL,True,-7.9262304,112.594872,229.64,0.0,0.0,IDLE,,
1786033192.644,2026-08-06 23:19:52,MANUAL,True,-7.9262308,112.5948719,229.65,0.0,0.0,IDLE,,
1786033192.779,2026-08-06 23:19:52,MANUAL,True,-7.9262311,112.5948718,229.65,0.0,0.0,IDLE,,
1786033192.914,2026-08-06 23:19:52,MANUAL,True,-7.9262319,112.5948718,229.65,0.0,0.0,IDLE,,
1786033193.054,2026-08-06 23:19:53,MANUAL,True,-7.9262323,112.5948719,229.65,0.0,0.0,IDLE,,
1786033193.196,2026-08-06 23:19:53,MANUAL,True,-7.9262327,112.594872,229.67,0.0,0.0,IDLE,,
1786033193.341,2026-08-06 23:19:53,MANUAL,True,-7.9262337,112.5948723,229.66,0.0,0.0,IDLE,,
1786033193.483,2026-08-06 23:19:53,MANUAL,True,-7.9262341,112.5948725,229.66,0.0,0.0,IDLE,,
1786033193.620,2026-08-06 23:19:53,MANUAL,True,-7.9262346,112.5948726,229.67,0.0,0.0,IDLE,,
1786033193.762,2026-08-06 23:19:53,MANUAL,True,-7.9262356,112.5948727,229.67,0.0,0.0,IDLE,,
1786033193.902,2026-08-06 23:19:53,MANUAL,True,-7.9262368,112.5948731,229.67,0.0,0.0,IDLE,,
1786033194.043,2026-08-06 23:19:54,MANUAL,True,-7.9262374,112.5948733,229.68,0.0,0.0,IDLE,,
1786033194.180,2026-08-06 23:19:54,MANUAL,True,-7.926238,112.5948735,229.68,0.0,0.0,IDLE,,
1786033194.320,2026-08-06 23:19:54,MANUAL,True,-7.9262392,112.594874,229.68,0.0,0.0,IDLE,,
1786033194.464,2026-08-06 23:19:54,MANUAL,True,-7.9262398,112.5948742,229.69,0.0,0.0,IDLE,,
1786033194.603,2026-08-06 23:19:54,MANUAL,True,-7.9262408,112.5948745,229.71,0.0,0.0,IDLE,,
1786033194.747,2026-08-06 23:19:54,MANUAL,True,-7.9262413,112.5948746,229.71,0.0,0.0,IDLE,,
1786033194.894,2026-08-06 23:19:54,MANUAL,True,-7.9262419,112.5948748,229.72,0.0,0.0,IDLE,,
1786033195.036,2026-08-06 23:19:55,MANUAL,True,-7.9262432,112.5948753,229.72,0.0,0.0,IDLE,,
1786033195.177,2026-08-06 23:19:55,MANUAL,True,-7.9262437,112.5948755,229.71,0.0,0.0,IDLE,,
1786033195.313,2026-08-06 23:19:55,MANUAL,True,-7.9262448,112.594876,229.74,0.0,0.0,IDLE,,
1786033195.455,2026-08-06 23:19:55,MANUAL,True,-7.9262453,112.5948763,229.75,0.0,0.0,IDLE,,
1786033195.594,2026-08-06 23:19:55,MANUAL,True,-7.9262458,112.5948764,229.76,0.0,0.0,IDLE,,
1786033195.731,2026-08-06 23:19:55,MANUAL,True,-7.9262466,112.5948767,229.76,0.0,0.0,IDLE,,
1786033195.868,2026-08-06 23:19:55,MANUAL,True,-7.9262469,112.5948767,229.75,0.0,0.0,IDLE,,
1786033196.008,2026-08-06 23:19:56,MANUAL,True,-7.9262475,112.5948767,229.75,0.0,0.0,IDLE,,
1786033196.150,2026-08-06 23:19:56,MANUAL,True,-7.9262477,112.5948766,229.77,0.0,0.0,IDLE,,
1786033196.296,2026-08-06 23:19:56,MANUAL,True,-7.926248,112.5948766,229.77,0.0,0.0,IDLE,,
1786033196.438,2026-08-06 23:19:56,MANUAL,True,-7.9262482,112.5948766,229.76,0.0,0.0,IDLE,,
1786033196.573,2026-08-06 23:19:56,MANUAL,True,-7.9262483,112.5948765,229.76,0.0,0.0,IDLE,,
1786033196.713,2026-08-06 23:19:56,MANUAL,True,-7.9262483,112.5948764,229.76,0.0,0.0,IDLE,,
1786033196.858,2026-08-06 23:19:56,MANUAL,True,-7.9262483,112.5948765,229.77,0.0,0.0,IDLE,,
1786033196.998,2026-08-06 23:19:56,MANUAL,True,-7.9262485,112.5948765,229.78,0.0,0.0,IDLE,,
1786033197.148,2026-08-06 23:19:57,MANUAL,True,-7.9262487,112.5948765,229.78,0.0,0.0,IDLE,,
1786033197.289,2026-08-06 23:19:57,MANUAL,True,-7.9262487,112.5948764,229.78,0.0,0.0,IDLE,,
1786033197.429,2026-08-06 23:19:57,MANUAL,True,-7.9262485,112.5948763,229.81,0.0,0.0,IDLE,,
1786033197.570,2026-08-06 23:19:57,MANUAL,True,-7.9262484,112.5948762,229.82,0.0,0.0,IDLE,,
1786033197.712,2026-08-06 23:19:57,MANUAL,True,-7.9262483,112.5948762,229.83,0.0,0.0,IDLE,,
1786033197.851,2026-08-06 23:19:57,MANUAL,True,-7.9262482,112.5948761,229.83,0.0,0.0,IDLE,,
1786033197.994,2026-08-06 23:19:57,MANUAL,True,-7.9262482,112.5948759,229.83,0.0,0.0,IDLE,,
1786033198.134,2026-08-06 23:19:58,MANUAL,True,-7.9262482,112.5948756,229.83,0.0,0.0,IDLE,,
1786033198.275,2026-08-06 23:19:58,MANUAL,True,-7.9262482,112.5948753,229.84,0.0,0.0,IDLE,,
1786033198.422,2026-08-06 23:19:58,MANUAL,True,-7.9262481,112.5948745,229.84,0.0,0.0,IDLE,,
1786033198.562,2026-08-06 23:19:58,MANUAL,True,-7.9262481,112.5948742,229.84,0.0,0.0,IDLE,,
1786033198.698,2026-08-06 23:19:58,MANUAL,True,-7.9262481,112.5948738,229.85,0.0,0.0,IDLE,,
1786033198.859,2026-08-06 23:19:58,MANUAL,True,-7.9262481,112.5948727,229.86,0.0,0.0,IDLE,,
1786033198.999,2026-08-06 23:19:58,MANUAL,True,-7.926248,112.5948721,229.87,0.0,0.0,IDLE,,
1786033199.142,2026-08-06 23:19:59,MANUAL,True,-7.9262479,112.5948712,229.85,0.0,0.0,IDLE,,
1786033199.283,2026-08-06 23:19:59,MANUAL,True,-7.9262478,112.5948704,229.87,0.0,0.0,IDLE,,
1786033199.420,2026-08-06 23:19:59,MANUAL,True,-7.9262476,112.5948696,229.86,0.0,0.0,IDLE,,
1786033199.557,2026-08-06 23:19:59,MANUAL,True,-7.9262474,112.5948683,229.87,0.0,0.0,IDLE,,
1786033199.693,2026-08-06 23:19:59,MANUAL,True,-7.9262474,112.5948683,229.87,0.0,0.0,IDLE,,
1786033199.845,2026-08-06 23:19:59,MANUAL,True,-7.926247,112.5948664,229.88,0.0,0.0,IDLE,,
1786033199.981,2026-08-06 23:19:59,MANUAL,True,-7.9262468,112.5948659,229.89,0.0,0.0,IDLE,,
1786033200.120,2026-08-06 23:20:00,MANUAL,True,-7.9262467,112.5948654,229.87,0.0,0.0,IDLE,,
1786033200.274,2026-08-06 23:20:00,MANUAL,True,-7.9262464,112.5948643,229.88,0.0,0.0,IDLE,,
1786033200.417,2026-08-06 23:20:00,MANUAL,True,-7.9262461,112.5948635,229.88,0.0,0.0,IDLE,,
1786033200.554,2026-08-06 23:20:00,MANUAL,True,-7.9262458,112.5948624,229.88,0.0,0.0,IDLE,,
1786033200.707,2026-08-06 23:20:00,MANUAL,True,-7.9262458,112.5948624,229.88,0.0,0.0,IDLE,,
1786033200.853,2026-08-06 23:20:00,MANUAL,True,-7.9262455,112.5948614,229.86,0.0,0.0,IDLE,,
1786033201.000,2026-08-06 23:20:00,MANUAL,True,-7.9262452,112.5948606,229.87,0.0,0.0,IDLE,,
1786033201.143,2026-08-06 23:20:01,MANUAL,True,-7.926245,112.5948601,229.86,0.0,0.0,IDLE,,
1786033201.289,2026-08-06 23:20:01,MANUAL,True,-7.9262447,112.5948594,229.86,0.0,0.0,IDLE,,
1786033201.451,2026-08-06 23:20:01,MANUAL,True,-7.9262445,112.5948592,229.84,0.0,0.0,IDLE,,
1786033201.688,2026-08-06 23:20:01,MANUAL,True,-7.9262442,112.5948587,229.83,0.0,0.0,IDLE,,
1786033201.825,2026-08-06 23:20:01,MANUAL,True,-7.9262439,112.5948584,229.84,0.0,0.0,IDLE,,
1786033201.963,2026-08-06 23:20:01,MANUAL,True,-7.9262438,112.5948582,229.84,0.0,0.0,IDLE,,
1786033202.098,2026-08-06 23:20:02,MANUAL,True,-7.9262436,112.5948578,229.82,0.0,0.0,IDLE,,
1786033202.243,2026-08-06 23:20:02,MANUAL,True,-7.9262433,112.5948574,229.81,0.0,0.0,IDLE,,
1786033202.378,2026-08-06 23:20:02,MANUAL,True,-7.9262431,112.5948571,229.8,0.0,0.0,IDLE,,
1786033202.518,2026-08-06 23:20:02,MANUAL,True,-7.9262424,112.5948561,229.82,0.0,0.0,IDLE,,
1786033202.659,2026-08-06 23:20:02,MANUAL,True,-7.9262419,112.5948554,229.82,0.0,0.0,IDLE,,
1786033202.799,2026-08-06 23:20:02,MANUAL,True,-7.9262414,112.5948549,229.84,0.0,0.0,IDLE,,
1786033202.939,2026-08-06 23:20:02,MANUAL,True,-7.9262412,112.5948547,229.83,0.0,0.0,IDLE,,
1786033203.081,2026-08-06 23:20:03,MANUAL,True,-7.9262409,112.5948545,229.82,0.0,0.0,IDLE,,
1786033203.219,2026-08-06 23:20:03,MANUAL,True,-7.9262405,112.5948543,229.81,0.0,0.0,IDLE,,
1786033203.358,2026-08-06 23:20:03,MANUAL,True,-7.9262403,112.5948541,229.8,0.0,0.0,IDLE,,
1786033203.501,2026-08-06 23:20:03,MANUAL,True,-7.9262398,112.5948537,229.82,0.0,0.0,IDLE,,
1786033203.644,2026-08-06 23:20:03,MANUAL,True,-7.9262397,112.5948537,229.8,0.0,0.0,IDLE,,
1786033203.795,2026-08-06 23:20:03,MANUAL,True,-7.9262396,112.5948536,229.8,0.0,0.0,IDLE,,
1786033203.973,2026-08-06 23:20:03,MANUAL,True,-7.9262394,112.5948536,229.79,0.0,0.0,IDLE,,
1786033204.136,2026-08-06 23:20:04,MANUAL,True,-7.9262392,112.5948536,229.79,0.0,0.0,IDLE,,
1786033204.302,2026-08-06 23:20:04,MANUAL,True,-7.926239,112.5948535,229.8,0.0,0.0,IDLE,,
1786033204.439,2026-08-06 23:20:04,MANUAL,True,-7.926239,112.5948535,229.79,0.0,0.0,IDLE,,
1786033204.575,2026-08-06 23:20:04,MANUAL,True,-7.9262389,112.5948533,229.79,0.0,0.0,IDLE,,
1786033204.708,2026-08-06 23:20:04,MANUAL,True,-7.9262386,112.5948529,229.78,0.0,0.0,IDLE,,
1786033204.846,2026-08-06 23:20:04,MANUAL,True,-7.9262385,112.5948526,229.79,0.0,0.0,IDLE,,
1786033204.990,2026-08-06 23:20:04,MANUAL,True,-7.9262383,112.5948524,229.8,0.0,0.0,IDLE,,
1786033205.128,2026-08-06 23:20:05,MANUAL,True,-7.9262378,112.594852,229.79,0.0,0.0,IDLE,,
1786033205.268,2026-08-06 23:20:05,MANUAL,True,-7.9262376,112.5948518,229.78,0.0,0.0,IDLE,,
1786033205.410,2026-08-06 23:20:05,MANUAL,True,-7.9262372,112.5948514,229.77,0.0,0.0,IDLE,,
1786033205.548,2026-08-06 23:20:05,MANUAL,True,-7.9262371,112.5948513,229.77,0.0,0.0,IDLE,,
1786033205.687,2026-08-06 23:20:05,MANUAL,True,-7.9262369,112.5948513,229.76,0.0,0.0,IDLE,,
1786033205.829,2026-08-06 23:20:05,MANUAL,True,-7.9262366,112.5948515,229.77,0.0,0.0,IDLE,,
1786033205.969,2026-08-06 23:20:05,MANUAL,True,-7.9262365,112.5948516,229.76,0.0,0.0,IDLE,,
1786033206.109,2026-08-06 23:20:06,MANUAL,True,-7.9262362,112.5948517,229.77,0.0,0.0,IDLE,,
1786033206.253,2026-08-06 23:20:06,MANUAL,True,-7.926236,112.5948518,229.76,0.0,0.0,IDLE,,
1786033206.399,2026-08-06 23:20:06,MANUAL,True,-7.9262356,112.5948518,229.76,0.0,0.0,IDLE,,
1786033206.552,2026-08-06 23:20:06,MANUAL,True,-7.9262354,112.5948516,229.77,0.0,0.0,IDLE,,
1786033206.694,2026-08-06 23:20:06,MANUAL,True,-7.9262351,112.5948514,229.76,0.0,0.0,IDLE,,
1786033206.834,2026-08-06 23:20:06,MANUAL,True,-7.9262343,112.5948507,229.75,0.0,0.0,IDLE,,
1786033206.974,2026-08-06 23:20:06,MANUAL,True,-7.9262339,112.5948504,229.76,0.0,0.0,IDLE,,
1786033207.115,2026-08-06 23:20:07,MANUAL,True,-7.926233,112.5948497,229.74,0.0,0.0,IDLE,,
1786033207.258,2026-08-06 23:20:07,MANUAL,True,-7.9262327,112.5948496,229.73,0.0,0.0,IDLE,,
1786033207.400,2026-08-06 23:20:07,MANUAL,True,-7.9262321,112.5948496,229.74,0.0,0.0,IDLE,,
1786033207.544,2026-08-06 23:20:07,MANUAL,True,-7.9262318,112.5948495,229.74,0.0,0.0,IDLE,,
1786033207.675,2026-08-06 23:20:07,MANUAL,True,-7.9262314,112.5948494,229.74,0.0,0.0,IDLE,,
1786033207.814,2026-08-06 23:20:07,MANUAL,True,-7.9262314,112.5948494,229.74,0.0,0.0,IDLE,,
1786033207.953,2026-08-06 23:20:07,MANUAL,True,-7.9262299,112.5948485,229.74,0.0,0.0,IDLE,,
1786033208.091,2026-08-06 23:20:08,MANUAL,True,-7.9262294,112.5948482,229.73,0.0,0.0,IDLE,,
1786033208.231,2026-08-06 23:20:08,MANUAL,True,-7.9262286,112.5948478,229.75,0.0,0.0,IDLE,,
1786033208.369,2026-08-06 23:20:08,MANUAL,True,-7.9262281,112.5948477,229.75,0.0,0.0,IDLE,,
1786033208.510,2026-08-06 23:20:08,MANUAL,True,-7.9262276,112.5948476,229.75,0.0,0.0,IDLE,,
1786033208.650,2026-08-06 23:20:08,MANUAL,True,-7.9262264,112.5948473,229.75,0.0,0.0,IDLE,,
1786033208.798,2026-08-06 23:20:08,MANUAL,True,-7.9262264,112.5948473,229.75,0.0,0.0,IDLE,,
1786033208.939,2026-08-06 23:20:08,MANUAL,True,-7.926225,112.5948466,229.75,0.0,0.0,IDLE,,
1786033209.090,2026-08-06 23:20:09,MANUAL,True,-7.9262246,112.5948465,229.76,0.0,0.0,IDLE,,
1786033209.255,2026-08-06 23:20:09,MANUAL,True,-7.9262238,112.5948463,229.77,0.0,0.0,IDLE,,
1786033209.422,2026-08-06 23:20:09,MANUAL,True,-7.9262231,112.5948461,229.76,0.0,0.0,IDLE,,
1786033209.563,2026-08-06 23:20:09,MANUAL,True,-7.9262228,112.5948459,229.75,0.0,0.0,IDLE,,
1786033209.699,2026-08-06 23:20:09,MANUAL,True,-7.9262223,112.5948458,229.74,0.0,0.0,IDLE,,
1786033209.834,2026-08-06 23:20:09,MANUAL,True,-7.9262216,112.5948456,229.75,0.0,0.0,IDLE,,
1786033209.980,2026-08-06 23:20:09,MANUAL,True,-7.926221,112.5948454,229.74,0.0,0.0,IDLE,,
1786033210.120,2026-08-06 23:20:10,MANUAL,True,-7.9262199,112.594845,229.75,0.0,0.0,IDLE,,
1786033210.259,2026-08-06 23:20:10,MANUAL,True,-7.9262194,112.5948447,229.74,0.0,0.0,IDLE,,
1786033210.404,2026-08-06 23:20:10,MANUAL,True,-7.9262189,112.5948444,229.74,0.0,0.0,IDLE,,
1786033210.540,2026-08-06 23:20:10,MANUAL,True,-7.9262177,112.5948437,229.72,0.0,0.0,IDLE,,
1786033210.679,2026-08-06 23:20:10,MANUAL,True,-7.9262171,112.5948432,229.73,0.0,0.0,IDLE,,
1786033210.812,2026-08-06 23:20:10,MANUAL,True,-7.9262165,112.594843,229.73,0.0,0.0,IDLE,,
1786033210.961,2026-08-06 23:20:10,MANUAL,True,-7.9262153,112.5948426,229.75,0.0,0.0,IDLE,,
1786033211.097,2026-08-06 23:20:11,MANUAL,True,-7.9262147,112.5948424,229.76,0.0,0.0,IDLE,,
1786033211.241,2026-08-06 23:20:11,MANUAL,True,-7.9262136,112.5948423,229.74,0.0,0.0,IDLE,,
1786033211.381,2026-08-06 23:20:11,MANUAL,True,-7.9262131,112.5948423,229.74,0.0,0.0,IDLE,,
1786033211.526,2026-08-06 23:20:11,MANUAL,True,-7.9262121,112.5948423,229.74,0.0,0.0,IDLE,,
1786033211.677,2026-08-06 23:20:11,MANUAL,True,-7.9262115,112.5948422,229.74,0.0,0.0,IDLE,,
1786033211.818,2026-08-06 23:20:11,MANUAL,True,-7.9262107,112.5948422,229.74,0.0,0.0,IDLE,,
1786033211.958,2026-08-06 23:20:11,MANUAL,True,-7.9262104,112.5948423,229.74,0.0,0.0,IDLE,,
1786033212.097,2026-08-06 23:20:12,MANUAL,True,-7.92621,112.5948424,229.73,0.0,0.0,IDLE,,
1786033212.238,2026-08-06 23:20:12,MANUAL,True,-7.9262092,112.5948423,229.72,0.0,0.0,IDLE,,
1786033212.376,2026-08-06 23:20:12,MANUAL,True,-7.9262087,112.5948422,229.73,0.0,0.0,IDLE,,
1786033212.520,2026-08-06 23:20:12,MANUAL,True,-7.9262077,112.5948417,229.74,0.0,0.0,IDLE,,
1786033212.676,2026-08-06 23:20:12,MANUAL,True,-7.9262071,112.5948415,229.75,0.0,0.0,IDLE,,
1786033212.849,2026-08-06 23:20:12,MANUAL,True,-7.9262064,112.5948411,229.77,0.0,0.0,IDLE,,
1786033213.020,2026-08-06 23:20:13,MANUAL,True,-7.9262056,112.5948409,229.79,0.0,0.0,IDLE,,
1786033213.162,2026-08-06 23:20:13,MANUAL,True,-7.9262052,112.5948408,229.8,0.0,0.0,IDLE,,
1786033213.304,2026-08-06 23:20:13,MANUAL,True,-7.9262047,112.5948408,229.8,0.0,0.0,IDLE,,
1786033213.443,2026-08-06 23:20:13,MANUAL,True,-7.926204,112.5948411,229.78,0.0,0.0,IDLE,,
1786033213.583,2026-08-06 23:20:13,MANUAL,True,-7.9262038,112.5948414,229.79,0.0,0.0,IDLE,,
1786033213.722,2026-08-06 23:20:13,MANUAL,True,-7.9262032,112.5948421,229.79,0.0,0.0,IDLE,,
1786033213.865,2026-08-06 23:20:13,MANUAL,True,-7.9262029,112.5948424,229.77,0.0,0.0,IDLE,,
1786033214.007,2026-08-06 23:20:14,MANUAL,True,-7.9262025,112.5948427,229.77,0.0,0.0,IDLE,,
1786033214.157,2026-08-06 23:20:14,MANUAL,True,-7.9262019,112.5948431,229.76,0.0,0.0,IDLE,,
1786033214.299,2026-08-06 23:20:14,MANUAL,True,-7.9262015,112.5948432,229.75,0.0,0.0,IDLE,,
1786033214.439,2026-08-06 23:20:14,MANUAL,True,-7.9262009,112.5948437,229.76,0.0,0.0,IDLE,,
1786033214.574,2026-08-06 23:20:14,MANUAL,True,-7.9262005,112.5948437,229.77,0.0,0.0,IDLE,,
1786033214.710,2026-08-06 23:20:14,MANUAL,True,-7.9262,112.5948437,229.75,0.0,0.0,IDLE,,
1786033214.850,2026-08-06 23:20:14,MANUAL,True,-7.9261993,112.5948435,229.75,0.0,0.0,IDLE,,
1786033214.988,2026-08-06 23:20:14,MANUAL,True,-7.9261988,112.5948433,229.74,0.0,0.0,IDLE,,
1786033215.130,2026-08-06 23:20:15,MANUAL,True,-7.926198,112.594843,229.73,0.0,0.0,IDLE,,
1786033215.274,2026-08-06 23:20:15,MANUAL,True,-7.9261976,112.5948427,229.72,0.0,0.0,IDLE,,
1786033215.413,2026-08-06 23:20:15,MANUAL,True,-7.9261973,112.5948426,229.72,0.0,0.0,IDLE,,
1786033215.553,2026-08-06 23:20:15,MANUAL,True,-7.9261967,112.5948424,229.7,0.0,0.0,IDLE,,
1786033215.690,2026-08-06 23:20:15,MANUAL,True,-7.9261964,112.5948423,229.68,0.0,0.0,IDLE,,
1786033215.827,2026-08-06 23:20:15,MANUAL,True,-7.926196,112.5948424,229.67,0.0,0.0,IDLE,,
1786033215.995,2026-08-06 23:20:15,MANUAL,True,-7.9261959,112.5948425,229.65,0.0,0.0,IDLE,,
1786033216.133,2026-08-06 23:20:16,MANUAL,True,-7.9261954,112.5948426,229.64,0.0,0.0,IDLE,,
1786033216.274,2026-08-06 23:20:16,MANUAL,True,-7.926195,112.5948425,229.65,0.0,0.0,IDLE,,
1786033216.409,2026-08-06 23:20:16,MANUAL,True,-7.9261947,112.5948425,229.64,0.0,0.0,IDLE,,
1786033216.698,2026-08-06 23:20:16,MANUAL,True,-7.9261937,112.5948427,229.64,0.0,0.0,IDLE,,
1786033216.933,2026-08-06 23:20:16,MANUAL,True,-7.9261931,112.5948433,229.62,0.0,0.0,IDLE,,
1786033217.074,2026-08-06 23:20:17,MANUAL,True,-7.9261929,112.5948434,229.62,0.0,0.0,IDLE,,
1786033217.208,2026-08-06 23:20:17,MANUAL,True,-7.9261927,112.5948434,229.61,0.0,0.0,IDLE,,
1786033217.353,2026-08-06 23:20:17,MANUAL,True,-7.9261922,112.5948434,229.63,0.0,0.0,IDLE,,
1786033217.500,2026-08-06 23:20:17,MANUAL,True,-7.926192,112.5948436,229.63,0.0,0.0,IDLE,,
1786033217.644,2026-08-06 23:20:17,MANUAL,True,-7.9261919,112.5948439,229.61,0.0,0.0,IDLE,,
1786033217.786,2026-08-06 23:20:17,MANUAL,True,-7.9261918,112.5948441,229.61,0.0,0.0,IDLE,,
1786033217.927,2026-08-06 23:20:17,MANUAL,True,-7.9261915,112.5948443,229.6,0.0,0.0,IDLE,,
1786033218.068,2026-08-06 23:20:18,MANUAL,True,-7.9261912,112.5948443,229.59,0.0,0.0,IDLE,,
1786033218.209,2026-08-06 23:20:18,MANUAL,True,-7.9261909,112.5948444,229.58,0.0,0.0,IDLE,,
1786033218.343,2026-08-06 23:20:18,MANUAL,True,-7.9261907,112.5948446,229.58,0.0,0.0,IDLE,,
1786033218.485,2026-08-06 23:20:18,MANUAL,True,-7.9261907,112.5948446,229.56,0.0,0.0,IDLE,,
1786033218.631,2026-08-06 23:20:18,MANUAL,True,-7.9261907,112.5948448,229.56,0.0,0.0,IDLE,,
1786033218.771,2026-08-06 23:20:18,MANUAL,True,-7.9261909,112.5948454,229.55,0.0,0.0,IDLE,,
1786033218.912,2026-08-06 23:20:18,MANUAL,True,-7.9261909,112.5948457,229.55,0.0,0.0,IDLE,,
1786033219.060,2026-08-06 23:20:19,MANUAL,True,-7.9261909,112.5948466,229.53,0.0,0.0,IDLE,,
1786033219.220,2026-08-06 23:20:19,MANUAL,True,-7.9261908,112.5948473,229.53,0.0,0.0,IDLE,,
1786033219.356,2026-08-06 23:20:19,MANUAL,True,-7.9261907,112.5948475,229.53,0.0,0.0,IDLE,,
1786033219.495,2026-08-06 23:20:19,MANUAL,True,-7.9261906,112.5948476,229.53,0.0,0.0,IDLE,,
1786033219.637,2026-08-06 23:20:19,MANUAL,True,-7.9261903,112.5948478,229.53,0.0,0.0,IDLE,,
1786033219.777,2026-08-06 23:20:19,MANUAL,True,-7.9261902,112.5948477,229.53,0.0,0.0,IDLE,,
1786033219.924,2026-08-06 23:20:19,MANUAL,True,-7.9261898,112.5948476,229.53,0.0,0.0,IDLE,,
1786033220.073,2026-08-06 23:20:20,MANUAL,True,-7.9261896,112.5948475,229.55,0.0,0.0,IDLE,,
1786033220.214,2026-08-06 23:20:20,MANUAL,True,-7.9261895,112.5948474,229.54,0.0,0.0,IDLE,,
1786033220.369,2026-08-06 23:20:20,MANUAL,True,-7.9261892,112.594847,229.56,0.0,0.0,IDLE,,
1786033220.526,2026-08-06 23:20:20,MANUAL,True,-7.926189,112.5948462,229.57,0.0,0.0,IDLE,,
1786033220.664,2026-08-06 23:20:20,MANUAL,True,-7.9261888,112.5948458,229.57,0.0,0.0,IDLE,,
1786033220.802,2026-08-06 23:20:20,MANUAL,True,-7.9261886,112.5948454,229.58,0.0,0.0,IDLE,,
1786033220.947,2026-08-06 23:20:20,MANUAL,True,-7.9261881,112.5948442,229.59,0.0,0.0,IDLE,,
1786033221.090,2026-08-06 23:20:21,MANUAL,True,-7.9261879,112.5948436,229.6,0.0,0.0,IDLE,,
1786033221.234,2026-08-06 23:20:21,MANUAL,True,-7.9261876,112.5948425,229.59,0.0,0.0,IDLE,,
1786033221.377,2026-08-06 23:20:21,MANUAL,True,-7.9261874,112.5948418,229.58,0.0,0.0,IDLE,,
1786033221.511,2026-08-06 23:20:21,MANUAL,True,-7.9261873,112.594841,229.58,0.0,0.0,IDLE,,
1786033221.649,2026-08-06 23:20:21,MANUAL,True,-7.9261872,112.5948405,229.58,0.0,0.0,IDLE,,
1786033221.785,2026-08-06 23:20:21,MANUAL,True,-7.9261872,112.5948397,229.6,0.0,0.0,IDLE,,
1786033221.924,2026-08-06 23:20:21,MANUAL,True,-7.9261871,112.5948388,229.6,0.0,0.0,IDLE,,
1786033222.063,2026-08-06 23:20:22,MANUAL,True,-7.9261872,112.5948384,229.61,0.0,0.0,IDLE,,
1786033222.206,2026-08-06 23:20:22,MANUAL,True,-7.9261872,112.5948381,229.61,0.0,0.0,IDLE,,
1786033222.341,2026-08-06 23:20:22,MANUAL,True,-7.9261871,112.594837,229.63,0.0,0.0,IDLE,,
1786033222.481,2026-08-06 23:20:22,MANUAL,True,-7.926187,112.5948365,229.63,0.0,0.0,IDLE,,
1786033222.621,2026-08-06 23:20:22,MANUAL,True,-7.926187,112.5948357,229.63,0.0,0.0,IDLE,,
1786033222.764,2026-08-06 23:20:22,MANUAL,True,-7.9261871,112.5948354,229.63,0.0,0.0,IDLE,,
1786033222.909,2026-08-06 23:20:22,MANUAL,True,-7.9261872,112.5948351,229.64,0.0,0.0,IDLE,,
1786033223.047,2026-08-06 23:20:23,MANUAL,True,-7.9261873,112.5948346,229.65,0.0,0.0,IDLE,,
1786033223.192,2026-08-06 23:20:23,MANUAL,True,-7.9261874,112.5948344,229.64,0.0,0.0,IDLE,,
1786033223.332,2026-08-06 23:20:23,MANUAL,True,-7.9261875,112.5948342,229.64,0.0,0.0,IDLE,,
1786033223.474,2026-08-06 23:20:23,MANUAL,True,-7.9261874,112.594834,229.64,0.0,0.0,IDLE,,
1786033223.620,2026-08-06 23:20:23,MANUAL,True,-7.9261874,112.594834,229.64,0.0,0.0,IDLE,,
1786033223.756,2026-08-06 23:20:23,MANUAL,True,-7.9261874,112.5948341,229.64,0.0,0.0,IDLE,,
1786033223.897,2026-08-06 23:20:23,MANUAL,True,-7.9261873,112.5948342,229.63,0.0,0.0,IDLE,,
1786033224.048,2026-08-06 23:20:24,MANUAL,True,-7.926187,112.594834,229.64,0.0,0.0,IDLE,,
1786033224.191,2026-08-06 23:20:24,MANUAL,True,-7.9261868,112.5948339,229.63,0.0,0.0,IDLE,,
1786033224.354,2026-08-06 23:20:24,MANUAL,True,-7.9261863,112.5948336,229.65,0.0,0.0,IDLE,,
1786033224.493,2026-08-06 23:20:24,MANUAL,True,-7.9261861,112.5948334,229.65,0.0,0.0,IDLE,,
1786033224.635,2026-08-06 23:20:24,MANUAL,True,-7.9261858,112.5948333,229.65,0.0,0.0,IDLE,,
1786033224.772,2026-08-06 23:20:24,MANUAL,True,-7.9261856,112.5948335,229.63,0.0,0.0,IDLE,,
1786033224.910,2026-08-06 23:20:24,MANUAL,True,-7.9261856,112.5948337,229.63,0.0,0.0,IDLE,,
1786033225.231,2026-08-06 23:20:25,MANUAL,True,-7.9261858,112.5948351,229.61,0.0,0.0,IDLE,,
1786033225.383,2026-08-06 23:20:25,MANUAL,True,-7.9261857,112.5948355,229.59,0.0,0.0,IDLE,,
1786033225.532,2026-08-06 23:20:25,MANUAL,True,-7.9261854,112.5948362,229.6,0.0,0.0,IDLE,,
1786033225.692,2026-08-06 23:20:25,MANUAL,True,-7.9261853,112.5948364,229.6,0.0,0.0,IDLE,,
1786033225.837,2026-08-06 23:20:25,MANUAL,True,-7.9261849,112.5948366,229.6,0.0,0.0,IDLE,,
1786033225.983,2026-08-06 23:20:25,MANUAL,True,-7.9261847,112.5948368,229.62,0.0,0.0,IDLE,,
1786033226.161,2026-08-06 23:20:26,MANUAL,True,-7.9261845,112.594837,229.62,0.0,0.0,IDLE,,
1786033226.586,2026-08-06 23:20:26,MANUAL,True,-7.9261832,112.5948374,229.61,0.0,0.0,IDLE,,
1786033226.751,2026-08-06 23:20:26,MANUAL,True,-7.9261826,112.5948374,229.62,0.0,0.0,IDLE,,
1786033226.972,2026-08-06 23:20:26,MANUAL,True,-7.9261819,112.5948376,229.62,0.0,0.0,IDLE,,
1786033227.176,2026-08-06 23:20:27,MANUAL,True,-7.9261814,112.594838,229.64,0.0,0.0,IDLE,,
1786033227.364,2026-08-06 23:20:27,MANUAL,True,-7.9261807,112.5948385,229.63,0.0,0.0,IDLE,,
1786033227.542,2026-08-06 23:20:27,MANUAL,True,-7.9261799,112.5948389,229.66,0.0,0.0,IDLE,,
1786033227.724,2026-08-06 23:20:27,MANUAL,True,-7.926179,112.5948392,229.66,0.0,0.0,IDLE,,
1786033227.920,2026-08-06 23:20:27,MANUAL,True,-7.926178,112.5948391,229.66,0.0,0.0,IDLE,,
1786033228.107,2026-08-06 23:20:28,MANUAL,True,-7.9261775,112.594839,229.65,0.0,0.0,IDLE,,
1786033228.308,2026-08-06 23:20:28,MANUAL,True,-7.9261766,112.5948388,229.66,0.0,0.0,IDLE,,
1786033228.490,2026-08-06 23:20:28,MANUAL,True,-7.9261759,112.5948388,229.65,0.0,0.0,IDLE,,
1786033228.869,2026-08-06 23:20:28,MANUAL,True,-7.9261746,112.5948391,229.66,0.0,0.0,IDLE,,
1786033229.031,2026-08-06 23:20:29,MANUAL,True,-7.9261738,112.5948392,229.67,0.0,0.0,IDLE,,
1786033229.239,2026-08-06 23:20:29,MANUAL,True,-7.9261729,112.5948392,229.69,0.0,0.0,IDLE,,
1786033229.468,2026-08-06 23:20:29,MANUAL,True,-7.9261722,112.5948395,229.67,0.0,0.0,IDLE,,
1786033229.675,2026-08-06 23:20:29,MANUAL,True,-7.9261714,112.5948396,229.66,0.0,0.0,IDLE,,
1786033229.867,2026-08-06 23:20:29,MANUAL,True,-7.9261706,112.5948397,229.66,0.0,0.0,IDLE,,
1786033230.028,2026-08-06 23:20:30,MANUAL,True,-7.9261697,112.5948397,229.67,0.0,0.0,IDLE,,
1786033230.351,2026-08-06 23:20:30,MANUAL,True,-7.9261684,112.5948393,229.67,0.0,0.0,IDLE,,
1786033230.499,2026-08-06 23:20:30,MANUAL,True,-7.9261681,112.5948393,229.67,0.0,0.0,IDLE,,
1786033230.657,2026-08-06 23:20:30,MANUAL,True,-7.9261671,112.5948392,229.68,0.0,0.0,IDLE,,
1786033230.814,2026-08-06 23:20:30,MANUAL,True,-7.9261669,112.5948392,229.67,0.0,0.0,IDLE,,
1786033230.954,2026-08-06 23:20:30,MANUAL,True,-7.9261662,112.594839,229.65,0.0,0.0,IDLE,,
1786033231.096,2026-08-06 23:20:31,MANUAL,True,-7.9261659,112.5948389,229.65,0.0,0.0,IDLE,,
1786033231.236,2026-08-06 23:20:31,MANUAL,True,-7.9261653,112.5948388,229.65,0.0,0.0,IDLE,,
1786033231.384,2026-08-06 23:20:31,MANUAL,True,-7.9261651,112.5948388,229.64,0.0,0.0,IDLE,,
1786033231.521,2026-08-06 23:20:31,MANUAL,True,-7.9261647,112.594839,229.62,0.0,0.0,IDLE,,
1786033231.656,2026-08-06 23:20:31,MANUAL,True,-7.9261646,112.594839,229.61,0.0,0.0,IDLE,,
1786033231.788,2026-08-06 23:20:31,MANUAL,True,-7.9261645,112.5948392,229.61,0.0,0.0,IDLE,,
1786033231.927,2026-08-06 23:20:31,MANUAL,True,-7.9261645,112.5948396,229.6,0.0,0.0,IDLE,,
1786033232.068,2026-08-06 23:20:32,MANUAL,True,-7.9261646,112.5948401,229.59,0.0,0.0,IDLE,,
1786033232.208,2026-08-06 23:20:32,MANUAL,True,-7.9261647,112.5948405,229.59,0.0,0.0,IDLE,,
1786033232.343,2026-08-06 23:20:32,MANUAL,True,-7.9261649,112.594841,229.6,0.0,0.0,IDLE,,
1786033232.485,2026-08-06 23:20:32,MANUAL,True,-7.926165,112.5948412,229.6,0.0,0.0,IDLE,,
1786033232.629,2026-08-06 23:20:32,MANUAL,True,-7.9261651,112.5948415,229.59,0.0,0.0,IDLE,,
1786033232.771,2026-08-06 23:20:32,MANUAL,True,-7.9261654,112.5948422,229.59,0.0,0.0,IDLE,,
1786033232.911,2026-08-06 23:20:32,MANUAL,True,-7.9261655,112.5948424,229.6,0.0,0.0,IDLE,,
1786033233.052,2026-08-06 23:20:33,MANUAL,True,-7.9261659,112.5948431,229.6,0.0,0.0,IDLE,,
1786033233.190,2026-08-06 23:20:33,MANUAL,True,-7.9261659,112.5948434,229.59,0.0,0.0,IDLE,,
1786033233.329,2026-08-06 23:20:33,MANUAL,True,-7.9261664,112.5948442,229.58,0.0,0.0,IDLE,,
1786033233.467,2026-08-06 23:20:33,MANUAL,True,-7.9261666,112.5948446,229.58,0.0,0.0,IDLE,,
1786033233.607,2026-08-06 23:20:33,MANUAL,True,-7.9261669,112.5948449,229.58,0.0,0.0,IDLE,,
1786033233.748,2026-08-06 23:20:33,MANUAL,True,-7.9261672,112.5948454,229.56,0.0,0.0,IDLE,,
1786033233.883,2026-08-06 23:20:33,MANUAL,True,-7.9261673,112.5948455,229.57,0.0,0.0,IDLE,,
1786033234.023,2026-08-06 23:20:34,MANUAL,True,-7.9261677,112.5948457,229.56,0.0,0.0,IDLE,,
1786033234.160,2026-08-06 23:20:34,MANUAL,True,-7.926168,112.5948458,229.56,0.0,0.0,IDLE,,
1786033234.304,2026-08-06 23:20:34,MANUAL,True,-7.9261684,112.5948459,229.55,0.0,0.0,IDLE,,
1786033234.451,2026-08-06 23:20:34,MANUAL,True,-7.9261693,112.5948462,229.55,0.0,0.0,IDLE,,
1786033234.585,2026-08-06 23:20:34,MANUAL,True,-7.9261699,112.5948464,229.57,0.0,0.0,IDLE,,
1786033234.724,2026-08-06 23:20:34,MANUAL,True,-7.9261706,112.5948467,229.56,0.0,0.0,IDLE,,
1786033234.865,2026-08-06 23:20:34,MANUAL,True,-7.926171,112.594847,229.56,0.0,0.0,IDLE,,
1786033235.004,2026-08-06 23:20:35,MANUAL,True,-7.9261714,112.5948472,229.56,0.0,0.0,IDLE,,
1786033235.147,2026-08-06 23:20:35,MANUAL,True,-7.926172,112.5948474,229.57,0.0,0.0,IDLE,,
1786033235.292,2026-08-06 23:20:35,MANUAL,True,-7.9261723,112.5948475,229.56,0.0,0.0,IDLE,,
1786033235.427,2026-08-06 23:20:35,MANUAL,True,-7.9261728,112.5948475,229.55,0.0,0.0,IDLE,,
1786033235.566,2026-08-06 23:20:35,MANUAL,True,-7.926173,112.5948476,229.54,0.0,0.0,IDLE,,
1786033235.705,2026-08-06 23:20:35,MANUAL,True,-7.9261733,112.5948478,229.56,0.0,0.0,IDLE,,
1786033235.844,2026-08-06 23:20:35,MANUAL,True,-7.9261738,112.5948481,229.56,0.0,0.0,IDLE,,
1786033235.982,2026-08-06 23:20:35,MANUAL,True,-7.9261741,112.5948482,229.55,0.0,0.0,IDLE,,
1786033236.118,2026-08-06 23:20:36,MANUAL,True,-7.9261745,112.5948483,229.55,0.0,0.0,IDLE,,
1786033236.263,2026-08-06 23:20:36,MANUAL,True,-7.9261746,112.5948484,229.54,0.0,0.0,IDLE,,
1786033236.399,2026-08-06 23:20:36,MANUAL,True,-7.9261748,112.5948484,229.53,0.0,0.0,IDLE,,
1786033236.535,2026-08-06 23:20:36,MANUAL,True,-7.9261749,112.5948482,229.5,0.0,0.0,IDLE,,
1786033236.678,2026-08-06 23:20:36,MANUAL,True,-7.9261749,112.594848,229.51,0.0,0.0,IDLE,,
1786033236.819,2026-08-06 23:20:36,MANUAL,True,-7.926175,112.594848,229.5,0.0,0.0,IDLE,,
1786033236.960,2026-08-06 23:20:36,MANUAL,True,-7.9261751,112.594848,229.5,0.0,0.0,IDLE,,
1786033237.105,2026-08-06 23:20:37,MANUAL,True,-7.9261751,112.5948481,229.5,0.0,0.0,IDLE,,
1786033237.244,2026-08-06 23:20:37,MANUAL,True,-7.9261754,112.5948484,229.49,0.0,0.0,IDLE,,
1786033237.382,2026-08-06 23:20:37,MANUAL,True,-7.9261756,112.5948486,229.5,0.0,0.0,IDLE,,
1786033237.532,2026-08-06 23:20:37,MANUAL,True,-7.9261758,112.5948492,229.5,0.0,0.0,IDLE,,
1786033237.820,2026-08-06 23:20:37,MANUAL,True,-7.926176,112.5948502,229.51,0.0,0.0,IDLE,,
1786033237.974,2026-08-06 23:20:37,MANUAL,True,-7.926176,112.5948505,229.52,0.0,0.0,IDLE,,
1786033238.111,2026-08-06 23:20:38,MANUAL,True,-7.9261761,112.5948507,229.52,0.0,0.0,IDLE,,
1786033238.250,2026-08-06 23:20:38,MANUAL,True,-7.9261763,112.594851,229.52,0.0,0.0,IDLE,,
1786033238.387,2026-08-06 23:20:38,MANUAL,True,-7.9261763,112.5948511,229.52,0.0,0.0,IDLE,,
1786033238.524,2026-08-06 23:20:38,MANUAL,True,-7.9261763,112.594851,229.52,0.0,0.0,IDLE,,
1786033238.662,2026-08-06 23:20:38,MANUAL,True,-7.9261763,112.5948511,229.51,0.0,0.0,IDLE,,
1786033238.808,2026-08-06 23:20:38,MANUAL,True,-7.9261763,112.5948512,229.52,0.0,0.0,IDLE,,
1786033238.953,2026-08-06 23:20:38,MANUAL,True,-7.9261762,112.5948514,229.52,0.0,0.0,IDLE,,
1786033239.094,2026-08-06 23:20:39,MANUAL,True,-7.9261761,112.5948515,229.52,0.0,0.0,IDLE,,
1786033239.236,2026-08-06 23:20:39,MANUAL,True,-7.9261759,112.5948516,229.51,0.0,0.0,IDLE,,
1786033239.373,2026-08-06 23:20:39,MANUAL,True,-7.9261757,112.5948516,229.52,0.0,0.0,IDLE,,
1786033239.522,2026-08-06 23:20:39,MANUAL,True,-7.9261753,112.5948515,229.51,0.0,0.0,IDLE,,
1786033239.654,2026-08-06 23:20:39,MANUAL,True,-7.9261753,112.5948515,229.51,0.0,0.0,IDLE,,
1786033239.788,2026-08-06 23:20:39,MANUAL,True,-7.9261751,112.5948514,229.52,0.0,0.0,IDLE,,
1786033239.922,2026-08-06 23:20:39,MANUAL,True,-7.9261749,112.5948513,229.51,0.0,0.0,IDLE,,
1786033240.066,2026-08-06 23:20:40,MANUAL,True,-7.9261748,112.5948512,229.52,0.0,0.0,IDLE,,
1786033240.203,2026-08-06 23:20:40,MANUAL,True,-7.9261747,112.5948511,229.51,0.0,0.0,IDLE,,
1786033240.341,2026-08-06 23:20:40,MANUAL,True,-7.9261741,112.5948502,229.5,0.0,0.0,IDLE,,
1786033240.491,2026-08-06 23:20:40,MANUAL,True,-7.9261738,112.5948497,229.52,0.0,0.0,IDLE,,
1786033240.631,2026-08-06 23:20:40,MANUAL,True,-7.9261732,112.5948486,229.52,0.0,0.0,IDLE,,
1786033240.771,2026-08-06 23:20:40,MANUAL,True,-7.9261729,112.5948481,229.52,0.0,0.0,IDLE,,
1786033240.912,2026-08-06 23:20:40,MANUAL,True,-7.9261726,112.5948477,229.52,0.0,0.0,IDLE,,
1786033241.057,2026-08-06 23:20:41,MANUAL,True,-7.9261721,112.5948467,229.52,0.0,0.0,IDLE,,
1786033241.193,2026-08-06 23:20:41,MANUAL,True,-7.9261718,112.5948463,229.53,0.0,0.0,IDLE,,
1786033241.326,2026-08-06 23:20:41,MANUAL,True,-7.9261716,112.5948458,229.51,0.0,0.0,IDLE,,
1786033241.464,2026-08-06 23:20:41,MANUAL,True,-7.9261715,112.5948456,229.51,0.0,0.0,IDLE,,
1786033241.607,2026-08-06 23:20:41,MANUAL,True,-7.9261715,112.5948455,229.53,0.0,0.0,IDLE,,
1786033241.747,2026-08-06 23:20:41,MANUAL,True,-7.9261714,112.5948453,229.52,0.0,0.0,IDLE,,
1786033241.889,2026-08-06 23:20:41,MANUAL,True,-7.9261713,112.5948451,229.52,0.0,0.0,IDLE,,
1786033242.029,2026-08-06 23:20:42,MANUAL,True,-7.9261715,112.5948453,229.51,0.0,0.0,IDLE,,
1786033242.167,2026-08-06 23:20:42,MANUAL,True,-7.9261716,112.5948454,229.51,0.0,0.0,IDLE,,
1786033242.309,2026-08-06 23:20:42,MANUAL,True,-7.9261717,112.5948455,229.53,0.0,0.0,IDLE,,
1786033242.447,2026-08-06 23:20:42,MANUAL,True,-7.9261722,112.5948458,229.53,0.0,0.0,IDLE,,
1786033242.585,2026-08-06 23:20:42,MANUAL,True,-7.9261727,112.594846,229.54,0.0,0.0,IDLE,,
1786033242.727,2026-08-06 23:20:42,MANUAL,True,-7.9261734,112.5948466,229.52,0.0,0.0,IDLE,,
1786033242.868,2026-08-06 23:20:42,MANUAL,True,-7.9261738,112.594847,229.51,0.0,0.0,IDLE,,
1786033243.009,2026-08-06 23:20:43,MANUAL,True,-7.9261743,112.5948474,229.52,0.0,0.0,IDLE,,
1786033243.152,2026-08-06 23:20:43,MANUAL,True,-7.9261751,112.5948484,229.52,0.0,0.0,IDLE,,
1786033243.302,2026-08-06 23:20:43,MANUAL,True,-7.9261754,112.5948488,229.53,0.0,0.0,IDLE,,
1786033243.461,2026-08-06 23:20:43,MANUAL,True,-7.9261763,112.5948495,229.51,0.0,0.0,IDLE,,
1786033243.627,2026-08-06 23:20:43,MANUAL,True,-7.926177,112.59485,229.51,0.0,0.0,IDLE,,
1786033243.771,2026-08-06 23:20:43,MANUAL,True,-7.9261773,112.59485,229.51,0.0,0.0,IDLE,,
1786033243.906,2026-08-06 23:20:43,MANUAL,True,-7.9261775,112.5948501,229.51,0.0,0.0,IDLE,,
1786033244.049,2026-08-06 23:20:44,MANUAL,True,-7.926178,112.5948501,229.5,0.0,0.0,IDLE,,
1786033244.187,2026-08-06 23:20:44,MANUAL,True,-7.9261782,112.5948501,229.5,0.0,0.0,IDLE,,
1786033244.324,2026-08-06 23:20:44,MANUAL,True,-7.9261788,112.5948504,229.5,0.0,0.0,IDLE,,
1786033244.462,2026-08-06 23:20:44,MANUAL,True,-7.9261791,112.5948507,229.5,0.0,0.0,IDLE,,
1786033244.615,2026-08-06 23:20:44,MANUAL,True,-7.9261794,112.5948512,229.49,0.0,0.0,IDLE,,
1786033244.755,2026-08-06 23:20:44,MANUAL,True,-7.92618,112.5948519,229.5,0.0,0.0,IDLE,,
1786033244.895,2026-08-06 23:20:44,MANUAL,True,-7.9261803,112.5948523,229.52,0.0,0.0,IDLE,,
1786033245.032,2026-08-06 23:20:45,MANUAL,True,-7.9261808,112.5948531,229.54,0.0,0.0,IDLE,,
1786033245.171,2026-08-06 23:20:45,MANUAL,True,-7.926181,112.5948534,229.54,0.0,0.0,IDLE,,
1786033245.312,2026-08-06 23:20:45,MANUAL,True,-7.9261813,112.5948539,229.54,0.0,0.0,IDLE,,
1786033245.449,2026-08-06 23:20:45,MANUAL,True,-7.926182,112.5948549,229.53,0.0,0.0,IDLE,,
1786033245.590,2026-08-06 23:20:45,MANUAL,True,-7.9261823,112.5948556,229.53,0.0,0.0,IDLE,,
1786033245.757,2026-08-06 23:20:45,MANUAL,True,-7.9261829,112.5948569,229.54,0.0,0.0,IDLE,,
1786033245.932,2026-08-06 23:20:45,MANUAL,True,-7.9261838,112.5948583,229.52,0.0,0.0,IDLE,,
1786033246.091,2026-08-06 23:20:46,MANUAL,True,-7.9261842,112.5948589,229.53,0.0,0.0,IDLE,,
1786033246.227,2026-08-06 23:20:46,MANUAL,True,-7.9261847,112.5948599,229.53,0.0,0.0,IDLE,,
1786033246.366,2026-08-06 23:20:46,MANUAL,True,-7.9261849,112.5948603,229.53,0.0,0.0,IDLE,,
1786033246.505,2026-08-06 23:20:46,MANUAL,True,-7.926185,112.5948607,229.53,0.0,0.0,IDLE,,
1786033246.645,2026-08-06 23:20:46,MANUAL,True,-7.9261851,112.5948612,229.53,0.0,0.0,IDLE,,
1786033246.789,2026-08-06 23:20:46,MANUAL,True,-7.9261851,112.5948615,229.52,0.0,0.0,IDLE,,
1786033246.929,2026-08-06 23:20:46,MANUAL,True,-7.926185,112.5948622,229.51,0.0,0.0,IDLE,,
1786033247.073,2026-08-06 23:20:47,MANUAL,True,-7.926185,112.5948626,229.52,0.0,0.0,IDLE,,
1786033247.215,2026-08-06 23:20:47,MANUAL,True,-7.926185,112.5948633,229.51,0.0,0.0,IDLE,,
1786033247.359,2026-08-06 23:20:47,MANUAL,True,-7.9261849,112.5948636,229.51,0.0,0.0,IDLE,,
1786033247.502,2026-08-06 23:20:47,MANUAL,True,-7.9261847,112.5948638,229.52,0.0,0.0,IDLE,,
1786033247.640,2026-08-06 23:20:47,MANUAL,True,-7.9261843,112.5948645,229.53,0.0,0.0,IDLE,,
1786033247.777,2026-08-06 23:20:47,MANUAL,True,-7.9261842,112.5948646,229.52,0.0,0.0,IDLE,,
1786033247.918,2026-08-06 23:20:47,MANUAL,True,-7.9261838,112.594865,229.51,0.0,0.0,IDLE,,
1786033248.054,2026-08-06 23:20:48,MANUAL,True,-7.9261836,112.5948651,229.5,0.0,0.0,IDLE,,
1786033248.198,2026-08-06 23:20:48,MANUAL,True,-7.9261835,112.5948653,229.51,0.0,0.0,IDLE,,
1786033248.339,2026-08-06 23:20:48,MANUAL,True,-7.926183,112.5948654,229.51,0.0,0.0,IDLE,,
1786033248.524,2026-08-06 23:20:48,MANUAL,True,-7.9261824,112.5948656,229.5,0.0,0.0,IDLE,,
1786033248.688,2026-08-06 23:20:48,MANUAL,True,-7.926182,112.5948656,229.51,0.0,0.0,IDLE,,
1786033248.861,2026-08-06 23:20:48,MANUAL,True,-7.9261813,112.5948654,229.52,0.0,0.0,IDLE,,
1786033249.001,2026-08-06 23:20:49,MANUAL,True,-7.926181,112.5948655,229.51,0.0,0.0,IDLE,,
1786033249.141,2026-08-06 23:20:49,MANUAL,True,-7.9261805,112.5948657,229.51,0.0,0.0,IDLE,,
1786033249.284,2026-08-06 23:20:49,MANUAL,True,-7.9261803,112.594866,229.49,0.0,0.0,IDLE,,
1786033249.426,2026-08-06 23:20:49,MANUAL,True,-7.9261798,112.594866,229.47,0.0,0.0,IDLE,,
1786033249.563,2026-08-06 23:20:49,MANUAL,True,-7.9261795,112.594866,229.47,0.0,0.0,IDLE,,
1786033249.720,2026-08-06 23:20:49,MANUAL,True,-7.9261792,112.5948659,229.47,0.0,0.0,IDLE,,
1786033249.858,2026-08-06 23:20:49,MANUAL,True,-7.9261792,112.594866,229.48,0.0,0.0,IDLE,,
1786033249.999,2026-08-06 23:20:49,MANUAL,True,-7.9261792,112.5948661,229.47,0.0,0.0,IDLE,,
1786033250.150,2026-08-06 23:20:50,MANUAL,True,-7.926179,112.5948663,229.48,0.0,0.0,IDLE,,
1786033250.292,2026-08-06 23:20:50,MANUAL,True,-7.926179,112.5948664,229.48,0.0,0.0,IDLE,,
1786033250.433,2026-08-06 23:20:50,MANUAL,True,-7.926179,112.5948667,229.47,0.0,0.0,IDLE,,
1786033250.571,2026-08-06 23:20:50,MANUAL,True,-7.926179,112.5948668,229.48,0.0,0.0,IDLE,,
1786033250.707,2026-08-06 23:20:50,MANUAL,True,-7.9261789,112.594867,229.46,0.0,0.0,IDLE,,
1786033250.850,2026-08-06 23:20:50,MANUAL,True,-7.9261789,112.5948673,229.46,0.0,0.0,IDLE,,
1786033250.991,2026-08-06 23:20:50,MANUAL,True,-7.9261789,112.5948673,229.46,0.0,0.0,IDLE,,
1786033251.137,2026-08-06 23:20:51,MANUAL,True,-7.9261787,112.5948675,229.46,0.0,0.0,IDLE,,
1786033251.273,2026-08-06 23:20:51,MANUAL,True,-7.9261786,112.5948675,229.45,0.0,0.0,IDLE,,
1786033251.412,2026-08-06 23:20:51,MANUAL,True,-7.9261784,112.5948675,229.45,0.0,0.0,IDLE,,
1786033251.553,2026-08-06 23:20:51,MANUAL,True,-7.9261782,112.5948674,229.46,0.0,0.0,IDLE,,
1786033251.694,2026-08-06 23:20:51,MANUAL,True,-7.9261781,112.5948674,229.47,0.0,0.0,IDLE,,
1786033251.830,2026-08-06 23:20:51,MANUAL,True,-7.9261781,112.5948673,229.46,0.0,0.0,IDLE,,
1786033251.965,2026-08-06 23:20:51,MANUAL,True,-7.9261782,112.5948674,229.47,0.0,0.0,IDLE,,
1786033252.107,2026-08-06 23:20:52,MANUAL,True,-7.9261783,112.5948675,229.48,0.0,0.0,IDLE,,
1786033252.268,2026-08-06 23:20:52,MANUAL,True,-7.9261785,112.5948678,229.48,0.0,0.0,IDLE,,
1786033252.407,2026-08-06 23:20:52,MANUAL,True,-7.9261786,112.5948681,229.48,0.0,0.0,IDLE,,
1786033252.551,2026-08-06 23:20:52,MANUAL,True,-7.9261792,112.5948689,229.47,0.0,0.0,IDLE,,
1786033252.696,2026-08-06 23:20:52,MANUAL,True,-7.9261795,112.5948693,229.48,0.0,0.0,IDLE,,
1786033252.839,2026-08-06 23:20:52,MANUAL,True,-7.9261802,112.59487,229.47,0.0,0.0,IDLE,,
1786033253.161,2026-08-06 23:20:53,MANUAL,True,-7.926181,112.5948708,229.45,0.0,0.0,IDLE,,
1786033253.326,2026-08-06 23:20:53,MANUAL,True,-7.9261815,112.594871,229.45,0.0,0.0,IDLE,,
1786033253.468,2026-08-06 23:20:53,MANUAL,True,-7.9261817,112.594871,229.45,0.0,0.0,IDLE,,
1786033253.617,2026-08-06 23:20:53,MANUAL,True,-7.926182,112.594871,229.45,0.0,0.0,IDLE,,
1786033253.756,2026-08-06 23:20:53,MANUAL,True,-7.9261822,112.5948708,229.47,0.0,0.0,IDLE,,
1786033253.891,2026-08-06 23:20:53,MANUAL,True,-7.9261824,112.5948707,229.47,0.0,0.0,IDLE,,
1786033254.035,2026-08-06 23:20:54,MANUAL,True,-7.9261827,112.5948704,229.47,0.0,0.0,IDLE,,
1786033254.202,2026-08-06 23:20:54,MANUAL,True,-7.9261829,112.5948703,229.47,0.0,0.0,IDLE,,
1786033254.346,2026-08-06 23:20:54,MANUAL,True,-7.9261832,112.5948701,229.48,0.0,0.0,IDLE,,
1786033254.490,2026-08-06 23:20:54,MANUAL,True,-7.9261833,112.5948699,229.5,0.0,0.0,IDLE,,
1786033254.631,2026-08-06 23:20:54,MANUAL,True,-7.9261836,112.5948697,229.51,0.0,0.0,IDLE,,
1786033254.783,2026-08-06 23:20:54,MANUAL,True,-7.9261842,112.5948695,229.52,0.0,0.0,IDLE,,
1786033254.919,2026-08-06 23:20:54,MANUAL,True,-7.9261852,112.5948697,229.5,0.0,0.0,IDLE,,
1786033255.055,2026-08-06 23:20:55,MANUAL,True,-7.9261858,112.5948698,229.5,0.0,0.0,IDLE,,
1786033255.210,2026-08-06 23:20:55,MANUAL,True,-7.9261863,112.5948699,229.5,0.0,0.0,IDLE,,
1786033255.365,2026-08-06 23:20:55,MANUAL,True,-7.9261876,112.5948701,229.51,0.0,0.0,IDLE,,
1786033255.511,2026-08-06 23:20:55,MANUAL,True,-7.9261882,112.5948703,229.5,0.0,0.0,IDLE,,
1786033255.647,2026-08-06 23:20:55,MANUAL,True,-7.9261897,112.5948708,229.48,0.0,0.0,IDLE,,
1786033255.792,2026-08-06 23:20:55,MANUAL,True,-7.9261902,112.5948709,229.48,0.0,0.0,IDLE,,
1786033255.937,2026-08-06 23:20:55,MANUAL,True,-7.9261912,112.5948709,229.49,0.0,0.0,IDLE,,
1786033256.079,2026-08-06 23:20:56,MANUAL,True,-7.9261917,112.5948707,229.48,0.0,0.0,IDLE,,
1786033256.222,2026-08-06 23:20:56,MANUAL,True,-7.9261925,112.5948704,229.48,0.0,0.0,IDLE,,
1786033256.359,2026-08-06 23:20:56,MANUAL,True,-7.9261929,112.5948703,229.47,0.0,0.0,IDLE,,
1786033256.501,2026-08-06 23:20:56,MANUAL,True,-7.9261934,112.5948701,229.48,0.0,0.0,IDLE,,
1786033256.635,2026-08-06 23:20:56,MANUAL,True,-7.9261942,112.5948692,229.47,0.0,0.0,IDLE,,
1786033256.772,2026-08-06 23:20:56,MANUAL,True,-7.9261944,112.5948688,229.48,0.0,0.0,IDLE,,
1786033256.915,2026-08-06 23:20:56,MANUAL,True,-7.9261949,112.5948681,229.5,0.0,0.0,IDLE,,
1786033257.056,2026-08-06 23:20:57,MANUAL,True,-7.9261951,112.5948677,229.5,0.0,0.0,IDLE,,
1786033257.204,2026-08-06 23:20:57,MANUAL,True,-7.9261953,112.5948674,229.49,0.0,0.0,IDLE,,
1786033257.349,2026-08-06 23:20:57,MANUAL,True,-7.9261956,112.5948667,229.48,0.0,0.0,IDLE,,
1786033257.482,2026-08-06 23:20:57,MANUAL,True,-7.9261957,112.5948663,229.48,0.0,0.0,IDLE,,
1786033257.619,2026-08-06 23:20:57,MANUAL,True,-7.9261958,112.5948659,229.49,0.0,0.0,IDLE,,
1786033257.758,2026-08-06 23:20:57,MANUAL,True,-7.9261957,112.5948649,229.5,0.0,0.0,IDLE,,
1786033257.899,2026-08-06 23:20:57,MANUAL,True,-7.9261956,112.5948643,229.5,0.0,0.0,IDLE,,
1786033258.042,2026-08-06 23:20:58,MANUAL,True,-7.9261951,112.594863,229.52,0.0,0.0,IDLE,,
1786033258.190,2026-08-06 23:20:58,MANUAL,True,-7.9261948,112.5948624,229.52,0.0,0.0,IDLE,,
1786033258.336,2026-08-06 23:20:58,MANUAL,True,-7.9261941,112.594861,229.54,0.0,0.0,IDLE,,
1786033258.485,2026-08-06 23:20:58,MANUAL,True,-7.9261936,112.5948603,229.55,0.0,0.0,IDLE,,
1786033258.623,2026-08-06 23:20:58,MANUAL,True,-7.9261927,112.5948592,229.56,0.0,0.0,IDLE,,
1786033258.759,2026-08-06 23:20:58,MANUAL,True,-7.9261923,112.5948588,229.56,0.0,0.0,IDLE,,
1786033258.897,2026-08-06 23:20:58,MANUAL,True,-7.926192,112.5948585,229.55,0.0,0.0,IDLE,,
1786033259.040,2026-08-06 23:20:59,MANUAL,True,-7.9261912,112.5948576,229.57,0.0,0.0,IDLE,,
1786033259.188,2026-08-06 23:20:59,MANUAL,True,-7.9261908,112.5948572,229.58,0.0,0.0,IDLE,,
1786033259.338,2026-08-06 23:20:59,MANUAL,True,-7.9261898,112.5948563,229.59,0.0,0.0,IDLE,,
1786033259.480,2026-08-06 23:20:59,MANUAL,True,-7.9261893,112.594856,229.59,0.0,0.0,IDLE,,
1786033259.624,2026-08-06 23:20:59,MANUAL,True,-7.9261888,112.5948556,229.6,0.0,0.0,IDLE,,
1786033259.771,2026-08-06 23:20:59,MANUAL,True,-7.9261877,112.5948546,229.6,0.0,0.0,IDLE,,
1786033259.927,2026-08-06 23:20:59,MANUAL,True,-7.9261865,112.5948535,229.6,0.0,0.0,IDLE,,
1786033260.074,2026-08-06 23:21:00,MANUAL,True,-7.9261858,112.5948529,229.61,0.0,0.0,IDLE,,
1786033260.246,2026-08-06 23:21:00,MANUAL,True,-7.9261844,112.5948516,229.62,0.0,0.0,IDLE,,
1786033260.385,2026-08-06 23:21:00,MANUAL,True,-7.9261837,112.5948508,229.63,0.0,0.0,IDLE,,
1786033260.537,2026-08-06 23:21:00,MANUAL,True,-7.9261822,112.5948493,229.63,0.0,0.0,IDLE,,
1786033260.684,2026-08-06 23:21:00,MANUAL,True,-7.9261813,112.5948485,229.66,0.0,0.0,IDLE,,
1786033260.821,2026-08-06 23:21:00,MANUAL,True,-7.9261803,112.5948476,229.67,0.0,0.0,IDLE,,
1786033260.963,2026-08-06 23:21:00,MANUAL,True,-7.9261797,112.5948469,229.67,0.0,0.0,IDLE,,
1786033261.099,2026-08-06 23:21:01,MANUAL,True,-7.926179,112.5948461,229.67,0.0,0.0,IDLE,,
1786033261.249,2026-08-06 23:21:01,MANUAL,True,-7.9261779,112.5948448,229.69,0.0,0.0,IDLE,,
1786033261.391,2026-08-06 23:21:01,MANUAL,True,-7.9261773,112.5948442,229.68,0.0,0.0,IDLE,,
1786033261.534,2026-08-06 23:21:01,MANUAL,True,-7.9261762,112.5948429,229.67,0.0,0.0,IDLE,,
1786033261.672,2026-08-06 23:21:01,MANUAL,True,-7.9261757,112.5948422,229.66,0.0,0.0,IDLE,,
1786033261.822,2026-08-06 23:21:01,MANUAL,True,-7.9261744,112.5948407,229.67,0.0,0.0,IDLE,,
1786033261.968,2026-08-06 23:21:01,MANUAL,True,-7.9261738,112.5948399,229.68,0.0,0.0,IDLE,,
1786033262.106,2026-08-06 23:21:02,MANUAL,True,-7.9261732,112.5948392,229.68,0.0,0.0,IDLE,,
1786033262.249,2026-08-06 23:21:02,MANUAL,True,-7.9261721,112.5948379,229.67,0.0,0.0,IDLE,,
1786033262.397,2026-08-06 23:21:02,MANUAL,True,-7.9261716,112.5948372,229.66,0.0,0.0,IDLE,,
1786033262.546,2026-08-06 23:21:02,MANUAL,True,-7.9261706,112.5948358,229.66,0.0,0.0,IDLE,,
1786033262.687,2026-08-06 23:21:02,MANUAL,True,-7.9261701,112.5948351,229.63,0.0,0.0,IDLE,,
1786033262.825,2026-08-06 23:21:02,MANUAL,True,-7.9261694,112.5948343,229.61,0.0,0.0,IDLE,,
1786033263.117,2026-08-06 23:21:03,MANUAL,True,-7.9261684,112.5948333,229.58,0.0,0.0,IDLE,,
1786033263.325,2026-08-06 23:21:03,MANUAL,True,-7.9261679,112.5948327,229.58,0.0,0.0,IDLE,,
1786033263.458,2026-08-06 23:21:03,MANUAL,True,-7.9261675,112.5948323,229.57,0.0,0.0,IDLE,,
1786033263.836,2026-08-06 23:21:03,MANUAL,True,-7.9261662,112.5948309,229.56,0.0,0.0,IDLE,,
1786033263.975,2026-08-06 23:21:03,MANUAL,True,-7.9261659,112.5948303,229.57,0.0,0.0,IDLE,,
1786033264.114,2026-08-06 23:21:04,MANUAL,True,-7.9261655,112.5948297,229.59,0.0,0.0,IDLE,,
1786033264.255,2026-08-06 23:21:04,MANUAL,True,-7.9261649,112.5948288,229.59,0.0,0.0,IDLE,,
1786033264.393,2026-08-06 23:21:04,MANUAL,True,-7.9261647,112.5948284,229.6,0.0,0.0,IDLE,,
1786033264.535,2026-08-06 23:21:04,MANUAL,True,-7.9261645,112.5948279,229.62,0.0,0.0,IDLE,,
1786033264.674,2026-08-06 23:21:04,MANUAL,True,-7.9261643,112.5948277,229.62,0.0,0.0,IDLE,,
1786033264.813,2026-08-06 23:21:04,MANUAL,True,-7.9261641,112.5948272,229.6,0.0,0.0,IDLE,,
1786033264.964,2026-08-06 23:21:04,MANUAL,True,-7.926164,112.594827,229.61,0.0,0.0,IDLE,,
1786033265.099,2026-08-06 23:21:05,MANUAL,True,-7.9261639,112.5948267,229.61,0.0,0.0,IDLE,,
1786033265.233,2026-08-06 23:21:05,MANUAL,True,-7.9261638,112.5948264,229.63,0.0,0.0,IDLE,,
1786033265.374,2026-08-06 23:21:05,MANUAL,True,-7.9261636,112.5948261,229.62,0.0,0.0,IDLE,,
1786033265.513,2026-08-06 23:21:05,MANUAL,True,-7.9261634,112.5948259,229.61,0.0,0.0,IDLE,,
1786033265.653,2026-08-06 23:21:05,MANUAL,True,-7.9261633,112.5948254,229.59,0.0,0.0,IDLE,,
1786033265.792,2026-08-06 23:21:05,MANUAL,True,-7.9261633,112.5948254,229.59,0.0,0.0,IDLE,,
1786033265.930,2026-08-06 23:21:05,MANUAL,True,-7.9261635,112.5948254,229.59,0.0,0.0,IDLE,,
1786033266.067,2026-08-06 23:21:06,MANUAL,True,-7.9261636,112.5948255,229.59,0.0,0.0,IDLE,,
1786033266.205,2026-08-06 23:21:06,MANUAL,True,-7.9261636,112.5948254,229.6,0.0,0.0,IDLE,,
1786033266.339,2026-08-06 23:21:06,MANUAL,True,-7.926164,112.5948257,229.59,0.0,0.0,IDLE,,
1786033266.482,2026-08-06 23:21:06,MANUAL,True,-7.9261641,112.5948258,229.6,0.0,0.0,IDLE,,
1786033266.624,2026-08-06 23:21:06,MANUAL,True,-7.9261643,112.594826,229.6,0.0,0.0,IDLE,,
1786033266.910,2026-08-06 23:21:06,MANUAL,True,-7.9261649,112.5948266,229.6,0.0,0.0,IDLE,,
1786033267.052,2026-08-06 23:21:07,MANUAL,True,-7.9261652,112.5948268,229.6,0.0,0.0,IDLE,,
1786033267.190,2026-08-06 23:21:07,MANUAL,True,-7.9261654,112.5948268,229.61,0.0,0.0,IDLE,,
1786033267.330,2026-08-06 23:21:07,MANUAL,True,-7.9261656,112.5948266,229.57,0.0,0.0,IDLE,,
1786033267.470,2026-08-06 23:21:07,MANUAL,True,-7.9261656,112.5948266,229.56,0.0,0.0,IDLE,,
1786033267.609,2026-08-06 23:21:07,MANUAL,True,-7.9261657,112.5948267,229.55,0.0,0.0,IDLE,,
1786033267.751,2026-08-06 23:21:07,MANUAL,True,-7.9261661,112.5948269,229.56,0.0,0.0,IDLE,,
1786033267.896,2026-08-06 23:21:07,MANUAL,True,-7.9261662,112.594827,229.56,0.0,0.0,IDLE,,
1786033268.035,2026-08-06 23:21:08,MANUAL,True,-7.9261664,112.5948272,229.54,0.0,0.0,IDLE,,
1786033268.170,2026-08-06 23:21:08,MANUAL,True,-7.9261665,112.5948272,229.54,0.0,0.0,IDLE,,
1786033268.322,2026-08-06 23:21:08,MANUAL,True,-7.9261667,112.5948275,229.53,0.0,0.0,IDLE,,
1786033268.462,2026-08-06 23:21:08,MANUAL,True,-7.9261668,112.5948278,229.53,0.0,0.0,IDLE,,
1786033268.600,2026-08-06 23:21:08,MANUAL,True,-7.926167,112.5948281,229.53,0.0,0.0,IDLE,,
1786033268.738,2026-08-06 23:21:08,MANUAL,True,-7.9261674,112.5948288,229.51,0.0,0.0,IDLE,,
1786033268.887,2026-08-06 23:21:08,MANUAL,True,-7.9261676,112.5948292,229.51,0.0,0.0,IDLE,,
1786033269.025,2026-08-06 23:21:09,MANUAL,True,-7.9261682,112.5948299,229.51,0.0,0.0,IDLE,,
1786033269.168,2026-08-06 23:21:09,MANUAL,True,-7.9261684,112.5948302,229.5,0.0,0.0,IDLE,,
1786033269.315,2026-08-06 23:21:09,MANUAL,True,-7.926169,112.5948311,229.5,0.0,0.0,IDLE,,
1786033269.457,2026-08-06 23:21:09,MANUAL,True,-7.9261693,112.5948318,229.5,0.0,0.0,IDLE,,
1786033269.598,2026-08-06 23:21:09,MANUAL,True,-7.9261697,112.5948325,229.5,0.0,0.0,IDLE,,
1786033269.736,2026-08-06 23:21:09,MANUAL,True,-7.9261706,112.5948342,229.49,0.0,0.0,IDLE,,
1786033269.876,2026-08-06 23:21:09,MANUAL,True,-7.9261711,112.5948351,229.47,0.0,0.0,IDLE,,
1786033270.025,2026-08-06 23:21:10,MANUAL,True,-7.9261721,112.5948368,229.45,0.0,0.0,IDLE,,
1786033270.171,2026-08-06 23:21:10,MANUAL,True,-7.9261726,112.5948376,229.44,0.0,0.0,IDLE,,
1786033270.367,2026-08-06 23:21:10,MANUAL,True,-7.9261738,112.5948393,229.43,0.0,0.0,IDLE,,
1786033270.507,2026-08-06 23:21:10,MANUAL,True,-7.9261743,112.5948402,229.42,0.0,0.0,IDLE,,
1786033270.707,2026-08-06 23:21:10,MANUAL,True,-7.9261753,112.5948415,229.42,0.0,0.0,IDLE,,
1786033270.976,2026-08-06 23:21:10,MANUAL,True,-7.9261767,112.5948434,229.4,0.0,0.0,IDLE,,
1786033271.374,2026-08-06 23:21:11,MANUAL,True,-7.9261787,112.5948461,229.36,0.0,0.0,IDLE,,
1786033271.533,2026-08-06 23:21:11,MANUAL,True,-7.9261798,112.5948472,229.35,0.0,0.0,IDLE,,
1786033271.686,2026-08-06 23:21:11,MANUAL,True,-7.9261804,112.5948477,229.35,0.0,0.0,IDLE,,
1786033271.831,2026-08-06 23:21:11,MANUAL,True,-7.9261812,112.5948481,229.35,0.0,0.0,IDLE,,
1786033271.979,2026-08-06 23:21:11,MANUAL,True,-7.9261815,112.5948482,229.35,0.0,0.0,IDLE,,
1786033272.136,2026-08-06 23:21:12,MANUAL,True,-7.926182,112.5948479,229.34,0.0,0.0,IDLE,,
1786033272.285,2026-08-06 23:21:12,MANUAL,True,-7.9261821,112.5948476,229.34,0.0,0.0,IDLE,,
1786033272.432,2026-08-06 23:21:12,MANUAL,True,-7.9261823,112.594847,229.34,0.0,0.0,IDLE,,
1786033272.576,2026-08-06 23:21:12,MANUAL,True,-7.9261824,112.5948467,229.33,0.0,0.0,IDLE,,
1786033272.782,2026-08-06 23:21:12,MANUAL,True,-7.9261827,112.5948462,229.35,0.0,0.0,IDLE,,
1786033272.925,2026-08-06 23:21:12,MANUAL,True,-7.926183,112.5948455,229.36,0.0,0.0,IDLE,,
1786033273.068,2026-08-06 23:21:13,MANUAL,True,-7.9261831,112.5948452,229.37,0.0,0.0,IDLE,,
1786033273.212,2026-08-06 23:21:13,MANUAL,True,-7.9261834,112.5948448,229.38,0.0,0.0,IDLE,,
1786033273.349,2026-08-06 23:21:13,MANUAL,True,-7.9261835,112.5948446,229.39,0.0,0.0,IDLE,,
1786033273.489,2026-08-06 23:21:13,MANUAL,True,-7.9261837,112.5948444,229.39,0.0,0.0,IDLE,,
1786033273.629,2026-08-06 23:21:13,MANUAL,True,-7.9261842,112.5948441,229.38,0.0,0.0,IDLE,,
1786033273.776,2026-08-06 23:21:13,MANUAL,True,-7.9261845,112.594844,229.38,0.0,0.0,IDLE,,
1786033273.915,2026-08-06 23:21:13,MANUAL,True,-7.9261852,112.5948438,229.38,0.0,0.0,IDLE,52,-268
1786033274.058,2026-08-06 23:21:14,MANUAL,True,-7.9261854,112.5948437,229.38,0.0,0.0,IDLE,,
1786033274.204,2026-08-06 23:21:14,MANUAL,True,-7.9261857,112.5948437,229.37,0.0,0.0,IDLE,,
1786033274.339,2026-08-06 23:21:14,MANUAL,True,-7.9261864,112.5948439,229.36,0.0,0.0,IDLE,51,-269
1786033274.477,2026-08-06 23:21:14,MANUAL,True,-7.9261867,112.5948439,229.36,0.0,0.0,IDLE,,
1786033274.614,2026-08-06 23:21:14,MANUAL,True,-7.9261871,112.594844,229.36,0.0,0.0,IDLE,,
1786033274.750,2026-08-06 23:21:14,MANUAL,True,-7.9261878,112.5948441,229.35,0.0,0.0,IDLE,51,-269
1786033274.890,2026-08-06 23:21:14,MANUAL,True,-7.9261882,112.5948441,229.36,0.0,0.0,IDLE,,
1786033275.030,2026-08-06 23:21:15,MANUAL,True,-7.9261887,112.5948439,229.35,0.0,0.0,IDLE,,
1786033275.179,2026-08-06 23:21:15,MANUAL,True,-7.9261889,112.5948438,229.35,0.0,0.0,IDLE,,
1786033275.379,2026-08-06 23:21:15,MANUAL,True,-7.9261894,112.5948435,229.35,0.0,0.0,IDLE,,
1786033275.537,2026-08-06 23:21:15,MANUAL,True,-7.92619,112.5948432,229.36,0.0,0.0,IDLE,,
1786033275.685,2026-08-06 23:21:15,MANUAL,True,-7.9261902,112.5948428,229.36,0.0,0.0,IDLE,,
1786033275.838,2026-08-06 23:21:15,MANUAL,True,-7.9261906,112.5948425,229.36,0.0,0.0,IDLE,,
1786033275.990,2026-08-06 23:21:15,MANUAL,True,-7.9261908,112.5948424,229.36,0.0,0.0,IDLE,24,-296
1786033276.139,2026-08-06 23:21:16,MANUAL,True,-7.9261913,112.5948422,229.35,0.0,0.0,IDLE,21,-299
1786033276.293,2026-08-06 23:21:16,MANUAL,True,-7.9261914,112.594842,229.37,0.0,0.0,IDLE,,
1786033276.451,2026-08-06 23:21:16,MANUAL,True,-7.9261918,112.5948419,229.35,0.0,0.0,IDLE,44,-276
1786033276.602,2026-08-06 23:21:16,MANUAL,True,-7.926192,112.594842,229.35,0.0,0.0,IDLE,,
1786033276.754,2026-08-06 23:21:16,MANUAL,True,-7.9261924,112.5948423,229.37,0.0,0.0,IDLE,,
1786033276.904,2026-08-06 23:21:16,MANUAL,True,-7.9261926,112.5948425,229.36,0.0,0.0,IDLE,0,-320
1786033277.054,2026-08-06 23:21:17,MANUAL,True,-7.926193,112.5948428,229.35,0.0,0.0,IDLE,0,-320
1786033277.203,2026-08-06 23:21:17,MANUAL,True,-7.9261933,112.5948429,229.37,0.0,0.0,IDLE,0,-320
1786033277.387,2026-08-06 23:21:17,MANUAL,True,-7.9261937,112.5948434,229.36,0.0,0.0,IDLE,0,-320
1786033277.577,2026-08-06 23:21:17,MANUAL,True,-7.9261939,112.594844,229.34,0.0,0.0,IDLE,0,-320
1786033277.727,2026-08-06 23:21:17,MANUAL,True,-7.9261942,112.5948447,229.35,0.0,0.0,IDLE,0,-320
1786033277.870,2026-08-06 23:21:17,MANUAL,True,-7.9261943,112.5948449,229.35,0.0,0.0,IDLE,0,-320
1786033278.006,2026-08-06 23:21:18,MANUAL,True,-7.9261945,112.5948451,229.36,0.0,0.0,IDLE,0,-320
1786033278.146,2026-08-06 23:21:18,MANUAL,True,-7.9261948,112.5948455,229.37,0.0,0.0,IDLE,0,-320
1786033278.292,2026-08-06 23:21:18,MANUAL,True,-7.9261951,112.5948459,229.36,0.0,0.0,IDLE,0,-320
1786033278.424,2026-08-06 23:21:18,MANUAL,True,-7.9261954,112.5948463,229.36,0.0,0.0,IDLE,0,-320
1786033278.567,2026-08-06 23:21:18,MANUAL,True,-7.9261956,112.5948464,229.34,0.0,0.0,IDLE,,
1786033278.711,2026-08-06 23:21:18,MANUAL,True,-7.9261959,112.5948466,229.34,0.0,0.0,IDLE,0,-320
1786033278.865,2026-08-06 23:21:18,MANUAL,True,-7.9261962,112.5948468,229.34,0.0,0.0,IDLE,0,-320
1786033279.009,2026-08-06 23:21:19,MANUAL,True,-7.9261964,112.594847,229.35,0.0,0.0,IDLE,0,-320
1786033279.151,2026-08-06 23:21:19,MANUAL,True,-7.9261969,112.5948475,229.36,0.0,0.0,IDLE,,
1786033279.293,2026-08-06 23:21:19,MANUAL,True,-7.9261971,112.5948478,229.36,0.0,0.0,IDLE,,
1786033279.432,2026-08-06 23:21:19,MANUAL,True,-7.9261974,112.5948483,229.41,0.0,0.0,IDLE,,
1786033279.568,2026-08-06 23:21:19,MANUAL,True,-7.9261976,112.5948485,229.41,0.0,0.0,IDLE,,
1786033279.705,2026-08-06 23:21:19,MANUAL,True,-7.9261978,112.5948487,229.43,0.0,0.0,IDLE,,
1786033279.857,2026-08-06 23:21:19,MANUAL,True,-7.9261982,112.5948491,229.46,0.0,0.0,IDLE,,
1786033279.993,2026-08-06 23:21:19,MANUAL,True,-7.9261983,112.5948493,229.46,0.0,0.0,IDLE,,
1786033280.142,2026-08-06 23:21:20,MANUAL,True,-7.9261985,112.5948495,229.46,0.0,0.0,IDLE,,
1786033280.293,2026-08-06 23:21:20,MANUAL,True,-7.9261985,112.5948494,229.47,0.0,0.0,IDLE,,
1786033280.431,2026-08-06 23:21:20,MANUAL,True,-7.9261986,112.5948493,229.49,0.0,0.0,IDLE,,
1786033280.573,2026-08-06 23:21:20,MANUAL,True,-7.9261986,112.5948492,229.48,0.0,0.0,IDLE,,
1786033280.721,2026-08-06 23:21:20,MANUAL,True,-7.9261986,112.5948491,229.48,0.0,0.0,IDLE,,
1786033280.868,2026-08-06 23:21:20,MANUAL,True,-7.9261986,112.594849,229.49,0.0,0.0,IDLE,,
1786033281.003,2026-08-06 23:21:21,MANUAL,True,-7.9261986,112.594849,229.48,0.0,0.0,IDLE,,
1786033281.141,2026-08-06 23:21:21,MANUAL,True,-7.9261986,112.594849,229.49,0.0,0.0,IDLE,,
1786033281.299,2026-08-06 23:21:21,MANUAL,True,-7.9261988,112.5948491,229.48,0.0,0.0,IDLE,,
1786033281.443,2026-08-06 23:21:21,MANUAL,True,-7.9261991,112.5948495,229.47,0.0,0.0,IDLE,,
1786033281.589,2026-08-06 23:21:21,MANUAL,True,-7.9261992,112.5948497,229.46,0.0,0.0,IDLE,,
1786033281.727,2026-08-06 23:21:21,MANUAL,True,-7.9261996,112.5948502,229.45,0.0,0.0,IDLE,,
1786033281.866,2026-08-06 23:21:21,MANUAL,True,-7.9261997,112.5948503,229.45,0.0,0.0,IDLE,,
1786033282.004,2026-08-06 23:21:22,MANUAL,True,-7.9261998,112.5948503,229.46,0.0,0.0,IDLE,,
1786033282.143,2026-08-06 23:21:22,MANUAL,True,-7.9261998,112.5948503,229.48,0.0,0.0,IDLE,,
1786033282.285,2026-08-06 23:21:22,MANUAL,True,-7.9261999,112.5948503,229.49,0.0,0.0,IDLE,,
1786033282.455,2026-08-06 23:21:22,MANUAL,True,-7.9261999,112.5948504,229.52,0.0,0.0,IDLE,,
1786033282.702,2026-08-06 23:21:22,MANUAL,True,-7.9261998,112.5948503,229.53,0.0,0.0,IDLE,,
1786033282.839,2026-08-06 23:21:22,MANUAL,True,-7.9261996,112.5948499,229.52,0.0,0.0,IDLE,,
1786033282.978,2026-08-06 23:21:22,MANUAL,True,-7.9261996,112.5948499,229.52,0.0,0.0,IDLE,,
1786033283.118,2026-08-06 23:21:23,MANUAL,True,-7.9261997,112.5948499,229.54,0.0,0.0,IDLE,,
1786033283.259,2026-08-06 23:21:23,MANUAL,True,-7.9261997,112.5948501,229.53,0.0,0.0,IDLE,,
1786033283.399,2026-08-06 23:21:23,MANUAL,True,-7.9261998,112.5948504,229.53,0.0,0.0,IDLE,,
1786033283.538,2026-08-06 23:21:23,MANUAL,True,-7.9262001,112.5948509,229.53,0.0,0.0,IDLE,,
1786033283.677,2026-08-06 23:21:23,MANUAL,True,-7.9262001,112.5948509,229.53,0.0,0.0,IDLE,,
1786033283.823,2026-08-06 23:21:23,MANUAL,True,-7.9262003,112.5948515,229.52,0.0,0.0,IDLE,,
1786033283.963,2026-08-06 23:21:23,MANUAL,True,-7.9262004,112.5948518,229.52,0.0,0.0,IDLE,,
1786033284.179,2026-08-06 23:21:24,MANUAL,True,-7.9262004,112.5948519,229.54,0.0,0.0,IDLE,,
1786033284.402,2026-08-06 23:21:24,MANUAL,True,-7.9262005,112.594852,229.53,0.0,0.0,IDLE,,
1786033284.546,2026-08-06 23:21:24,MANUAL,True,-7.9262009,112.5948522,229.53,0.0,0.0,IDLE,0,-320
1786033284.682,2026-08-06 23:21:24,MANUAL,True,-7.9262009,112.5948522,229.53,0.0,0.0,IDLE,0,-320
1786033284.824,2026-08-06 23:21:24,MANUAL,True,-7.9262014,112.5948525,229.54,0.0,0.0,IDLE,24,-296
1786033284.966,2026-08-06 23:21:24,MANUAL,True,-7.9262017,112.5948529,229.57,0.0,0.0,IDLE,68,-252
1786033285.112,2026-08-06 23:21:25,MANUAL,True,-7.9262018,112.5948531,229.58,0.0,0.0,IDLE,82,-238
1786033285.276,2026-08-06 23:21:25,MANUAL,True,-7.9262022,112.5948536,229.59,0.0,0.0,IDLE,94,-226
1786033285.414,2026-08-06 23:21:25,MANUAL,True,-7.9262025,112.5948539,229.59,0.0,0.0,IDLE,94,-226
1786033285.557,2026-08-06 23:21:25,MANUAL,True,-7.9262031,112.5948546,229.56,0.0,0.0,IDLE,,
1786033285.739,2026-08-06 23:21:25,MANUAL,True,-7.9262031,112.5948546,229.56,0.0,0.0,IDLE,,
1786033285.885,2026-08-06 23:21:25,MANUAL,True,-7.9262038,112.5948554,229.57,0.0,0.0,IDLE,,
1786033286.030,2026-08-06 23:21:26,MANUAL,True,-7.9262043,112.5948558,229.58,0.0,0.0,IDLE,,
1786033286.224,2026-08-06 23:21:26,MANUAL,True,-7.9262047,112.5948559,229.6,0.0,0.0,IDLE,,
1786033286.499,2026-08-06 23:21:26,MANUAL,True,-7.9262052,112.5948559,229.62,0.0,0.0,IDLE,,
1786033286.733,2026-08-06 23:21:26,MANUAL,True,-7.9262053,112.5948558,229.62,0.0,0.0,IDLE,,
1786033287.005,2026-08-06 23:21:27,MANUAL,True,-7.9262057,112.5948556,229.62,0.0,0.0,IDLE,,
1786033287.202,2026-08-06 23:21:27,MANUAL,True,-7.9262061,112.5948558,229.63,0.0,0.0,IDLE,,
1786033287.532,2026-08-06 23:21:27,MANUAL,True,-7.9262067,112.5948556,229.64,0.0,0.0,IDLE,,
1786033287.897,2026-08-06 23:21:27,MANUAL,True,-7.9262074,112.5948553,229.66,0.0,0.0,IDLE,,
1786033288.072,2026-08-06 23:21:28,MANUAL,True,-7.9262075,112.5948552,229.66,0.0,0.0,IDLE,,
1786033288.235,2026-08-06 23:21:28,MANUAL,True,-7.9262076,112.594855,229.66,0.0,0.0,IDLE,,
1786033288.384,2026-08-06 23:21:28,MANUAL,True,-7.9262077,112.5948549,229.66,0.0,0.0,IDLE,,
1786033288.538,2026-08-06 23:21:28,MANUAL,True,-7.9262077,112.5948543,229.68,0.0,0.0,IDLE,,
1786033288.705,2026-08-06 23:21:28,MANUAL,True,-7.9262076,112.5948538,229.7,0.0,0.0,IDLE,,
1786033288.918,2026-08-06 23:21:28,MANUAL,True,-7.9262074,112.5948528,229.66,0.0,0.0,IDLE,,
1786033289.154,2026-08-06 23:21:29,MANUAL,True,-7.9262072,112.5948517,229.67,0.0,0.0,IDLE,,
1786033289.308,2026-08-06 23:21:29,MANUAL,True,-7.9262071,112.594851,229.67,0.0,0.0,IDLE,,
1786033289.453,2026-08-06 23:21:29,MANUAL,True,-7.9262069,112.5948504,229.67,0.0,0.0,IDLE,,
1786033289.613,2026-08-06 23:21:29,MANUAL,True,-7.9262069,112.5948501,229.68,0.0,0.0,IDLE,,
1786033289.768,2026-08-06 23:21:29,MANUAL,True,-7.9262068,112.5948496,229.68,0.0,0.0,IDLE,,
1786033289.947,2026-08-06 23:21:29,MANUAL,True,-7.9262068,112.5948493,229.68,0.0,0.0,IDLE,,
1786033290.094,2026-08-06 23:21:30,MANUAL,True,-7.9262069,112.5948493,229.68,0.0,0.0,IDLE,,
1786033290.231,2026-08-06 23:21:30,MANUAL,True,-7.926207,112.5948494,229.67,0.0,0.0,IDLE,,
1786033290.396,2026-08-06 23:21:30,MANUAL,True,-7.926207,112.5948494,229.68,0.0,0.0,IDLE,,
1786033290.538,2026-08-06 23:21:30,MANUAL,True,-7.9262071,112.5948495,229.69,0.0,0.0,IDLE,,
1786033290.696,2026-08-06 23:21:30,MANUAL,True,-7.9262073,112.5948496,229.7,0.0,0.0,IDLE,,
1786033290.843,2026-08-06 23:21:30,MANUAL,True,-7.9262075,112.5948499,229.69,0.0,0.0,IDLE,,
1786033290.979,2026-08-06 23:21:30,MANUAL,True,-7.9262076,112.5948499,229.68,0.0,0.0,IDLE,,
1786033291.122,2026-08-06 23:21:31,MANUAL,True,-7.9262078,112.5948499,229.69,0.0,0.0,IDLE,,
1786033291.264,2026-08-06 23:21:31,MANUAL,True,-7.926208,112.5948499,229.68,0.0,0.0,IDLE,,
1786033291.406,2026-08-06 23:21:31,MANUAL,True,-7.9262081,112.5948498,229.69,0.0,0.0,IDLE,,
1786033291.550,2026-08-06 23:21:31,MANUAL,True,-7.9262081,112.5948495,229.69,0.0,0.0,IDLE,,
1786033291.693,2026-08-06 23:21:31,MANUAL,True,-7.9262081,112.5948493,229.68,0.0,0.0,IDLE,,
1786033291.833,2026-08-06 23:21:31,MANUAL,True,-7.9262082,112.5948493,229.69,0.0,0.0,IDLE,,
1786033291.973,2026-08-06 23:21:31,MANUAL,True,-7.9262083,112.5948493,229.69,0.0,0.0,IDLE,,
1786033292.138,2026-08-06 23:21:32,MANUAL,True,-7.9262085,112.5948494,229.69,0.0,0.0,IDLE,,
1786033292.300,2026-08-06 23:21:32,MANUAL,True,-7.9262087,112.5948495,229.71,0.0,0.0,IDLE,,
1786033292.451,2026-08-06 23:21:32,MANUAL,True,-7.9262091,112.5948497,229.73,0.0,0.0,IDLE,,
1786033292.622,2026-08-06 23:21:32,MANUAL,True,-7.9262093,112.5948499,229.73,0.0,0.0,IDLE,,
1786033292.770,2026-08-06 23:21:32,MANUAL,True,-7.9262097,112.5948505,229.72,0.0,0.0,IDLE,,
1786033292.907,2026-08-06 23:21:32,MANUAL,True,-7.9262098,112.5948507,229.72,0.0,0.0,IDLE,,
1786033293.044,2026-08-06 23:21:33,MANUAL,True,-7.9262099,112.5948509,229.72,0.0,0.0,IDLE,,
1786033293.184,2026-08-06 23:21:33,MANUAL,True,-7.9262101,112.5948514,229.71,0.0,0.0,IDLE,,
1786033293.327,2026-08-06 23:21:33,MANUAL,True,-7.9262102,112.5948516,229.72,0.0,0.0,IDLE,,
1786033293.490,2026-08-06 23:21:33,MANUAL,True,-7.9262103,112.5948522,229.72,0.0,0.0,IDLE,,
1786033293.626,2026-08-06 23:21:33,MANUAL,True,-7.9262104,112.5948527,229.74,0.0,0.0,IDLE,,
1786033293.796,2026-08-06 23:21:33,MANUAL,True,-7.9262104,112.5948527,229.74,0.0,0.0,IDLE,,
1786033293.938,2026-08-06 23:21:33,MANUAL,True,-7.9262106,112.5948533,229.74,0.0,0.0,IDLE,,
1786033294.078,2026-08-06 23:21:34,MANUAL,True,-7.9262109,112.5948537,229.75,0.0,0.0,IDLE,,
1786033294.243,2026-08-06 23:21:34,MANUAL,True,-7.9262112,112.5948544,229.75,0.0,0.0,IDLE,,
1786033294.388,2026-08-06 23:21:34,MANUAL,True,-7.9262114,112.5948546,229.76,0.0,0.0,IDLE,,
1786033294.529,2026-08-06 23:21:34,MANUAL,True,-7.9262117,112.5948555,229.78,0.0,0.0,IDLE,,
1786033294.674,2026-08-06 23:21:34,MANUAL,True,-7.9262118,112.5948558,229.77,0.0,0.0,IDLE,,
1786033294.827,2026-08-06 23:21:34,MANUAL,True,-7.926212,112.5948564,229.78,0.0,0.0,IDLE,,
1786033294.972,2026-08-06 23:21:34,MANUAL,True,-7.9262122,112.5948568,229.78,0.0,0.0,IDLE,,
1786033295.123,2026-08-06 23:21:35,MANUAL,True,-7.9262126,112.5948575,229.79,0.0,0.0,IDLE,,
1786033295.284,2026-08-06 23:21:35,MANUAL,True,-7.9262129,112.594858,229.79,0.0,0.0,IDLE,,
1786033295.472,2026-08-06 23:21:35,MANUAL,True,-7.9262132,112.5948588,229.78,0.0,0.0,IDLE,,
1786033295.618,2026-08-06 23:21:35,MANUAL,True,-7.9262133,112.5948591,229.78,0.0,0.0,IDLE,,
1786033295.766,2026-08-06 23:21:35,MANUAL,True,-7.9262131,112.5948596,229.79,0.0,0.0,IDLE,,
1786033295.907,2026-08-06 23:21:35,MANUAL,True,-7.926213,112.5948599,229.78,0.0,0.0,IDLE,,
1786033296.096,2026-08-06 23:21:36,MANUAL,True,-7.9262131,112.5948603,229.8,0.0,0.0,IDLE,,
1786033296.272,2026-08-06 23:21:36,MANUAL,True,-7.926213,112.5948606,229.81,0.0,0.0,IDLE,,
1786033296.408,2026-08-06 23:21:36,MANUAL,True,-7.9262129,112.5948607,229.8,0.0,0.0,IDLE,100,-220
1786033296.570,2026-08-06 23:21:36,MANUAL,True,-7.9262124,112.594861,229.81,0.0,0.0,IDLE,,
1786033296.717,2026-08-06 23:21:36,MANUAL,True,-7.9262123,112.5948613,229.82,0.0,0.0,IDLE,100,-220
1786033296.858,2026-08-06 23:21:36,MANUAL,True,-7.9262122,112.5948615,229.83,0.0,0.0,IDLE,105,-215
1786033296.997,2026-08-06 23:21:36,MANUAL,True,-7.9262122,112.5948616,229.82,0.0,0.0,IDLE,105,-215
1786033297.138,2026-08-06 23:21:37,MANUAL,True,-7.9262124,112.5948618,229.81,0.0,0.0,IDLE,106,-214
1786033297.288,2026-08-06 23:21:37,MANUAL,True,-7.9262124,112.5948618,229.8,0.0,0.0,IDLE,,
1786033297.429,2026-08-06 23:21:37,MANUAL,True,-7.9262125,112.594862,229.78,0.0,0.0,IDLE,,
1786033297.616,2026-08-06 23:21:37,MANUAL,True,-7.9262129,112.5948622,229.76,0.0,0.0,IDLE,109,-211
1786033297.795,2026-08-06 23:21:37,MANUAL,True,-7.926213,112.5948623,229.75,0.0,0.0,IDLE,,
1786033297.959,2026-08-06 23:21:37,MANUAL,True,-7.9262132,112.5948625,229.74,0.0,0.0,IDLE,,
1786033298.125,2026-08-06 23:21:38,MANUAL,True,-7.9262136,112.5948626,229.73,0.0,0.0,IDLE,,
1786033298.329,2026-08-06 23:21:38,MANUAL,True,-7.9262138,112.5948625,229.73,0.0,0.0,IDLE,,
1786033298.505,2026-08-06 23:21:38,MANUAL,True,-7.926214,112.5948623,229.73,0.0,0.0,IDLE,,
1786033298.639,2026-08-06 23:21:38,MANUAL,True,-7.9262144,112.5948622,229.73,0.0,0.0,IDLE,,
1786033298.787,2026-08-06 23:21:38,MANUAL,True,-7.9262145,112.5948621,229.74,0.0,0.0,IDLE,,
1786033298.934,2026-08-06 23:21:38,MANUAL,True,-7.9262148,112.594862,229.73,0.0,0.0,IDLE,,
1786033299.100,2026-08-06 23:21:39,MANUAL,True,-7.9262151,112.5948619,229.72,0.0,0.0,IDLE,,
1786033299.253,2026-08-06 23:21:39,MANUAL,True,-7.9262156,112.5948617,229.72,0.0,0.0,IDLE,,
1786033299.393,2026-08-06 23:21:39,MANUAL,True,-7.9262157,112.5948616,229.73,0.0,0.0,IDLE,,
1786033299.537,2026-08-06 23:21:39,MANUAL,True,-7.9262164,112.5948615,229.72,0.0,0.0,IDLE,,
1786033299.925,2026-08-06 23:21:39,MANUAL,True,-7.9262177,112.5948615,229.71,0.0,0.0,IDLE,,
1786033300.089,2026-08-06 23:21:40,MANUAL,True,-7.9262182,112.5948615,229.72,0.0,0.0,IDLE,,
1786033300.239,2026-08-06 23:21:40,MANUAL,True,-7.9262189,112.5948615,229.71,0.0,0.0,IDLE,,
1786033300.467,2026-08-06 23:21:40,MANUAL,True,-7.9262196,112.5948613,229.69,0.0,0.0,IDLE,,
1786033300.610,2026-08-06 23:21:40,MANUAL,True,-7.9262198,112.5948612,229.69,0.0,0.0,IDLE,109,-211
1786033300.808,2026-08-06 23:21:40,MANUAL,True,-7.9262204,112.5948609,229.68,0.0,0.0,IDLE,,
1786033300.955,2026-08-06 23:21:40,MANUAL,True,-7.9262209,112.5948607,229.69,0.0,0.0,IDLE,,
1786033301.111,2026-08-06 23:21:41,MANUAL,True,-7.9262213,112.5948606,229.68,0.0,0.0,IDLE,,
1786033301.262,2026-08-06 23:21:41,MANUAL,True,-7.9262218,112.5948604,229.67,0.0,0.0,IDLE,,
1786033301.461,2026-08-06 23:21:41,MANUAL,True,-7.9262223,112.5948602,229.66,0.0,0.0,IDLE,,
1786033301.628,2026-08-06 23:21:41,MANUAL,True,-7.9262225,112.5948601,229.66,0.0,0.0,IDLE,,
1786033301.811,2026-08-06 23:21:41,MANUAL,True,-7.9262228,112.5948596,229.66,0.0,0.0,IDLE,,
1786033301.953,2026-08-06 23:21:41,MANUAL,True,-7.9262233,112.5948591,229.65,0.0,0.0,IDLE,,
1786033302.097,2026-08-06 23:21:42,MANUAL,True,-7.9262235,112.5948588,229.65,0.0,0.0,IDLE,,
1786033302.261,2026-08-06 23:21:42,MANUAL,True,-7.9262238,112.5948581,229.65,0.0,0.0,IDLE,,
1786033302.436,2026-08-06 23:21:42,MANUAL,True,-7.9262239,112.5948575,229.67,0.0,0.0,IDLE,,
1786033302.576,2026-08-06 23:21:42,MANUAL,True,-7.9262239,112.5948572,229.67,0.0,0.0,IDLE,,
1786033302.909,2026-08-06 23:21:42,MANUAL,True,-7.9262238,112.5948561,229.65,0.0,0.0,IDLE,,
1786033303.226,2026-08-06 23:21:43,MANUAL,True,-7.9262241,112.5948549,229.66,0.0,0.0,IDLE,,
1786033303.794,2026-08-06 23:21:43,MANUAL,True,-7.9262247,112.5948537,229.68,0.0,0.0,IDLE,,
