timestamp,iso_time,mode,armed,lat,lng,heading,sog_knots,battery_v,state,gate_x,error_px
1785925887.739,2026-08-05 17:31:27,GUIDED,True,-7.9262264,112.594866,152.53,0.0,0.0,IDLE,,
1785925887.893,2026-08-05 17:31:27,GUIDED,True,-7.9262264,112.594866,152.54,0.0,0.0,IDLE,,
1785925888.041,2026-08-05 17:31:28,GUIDED,True,-7.9262264,112.594866,152.55,0.0,0.0,IDLE,,
1785925888.184,2026-08-05 17:31:28,GUIDED,True,-7.9262264,112.594866,152.56,0.0,0.0,IDLE,,
1785925888.325,2026-08-05 17:31:28,GUIDED,True,-7.9262264,112.594866,152.57,0.0,0.0,IDLE,,
1785925888.459,2026-08-05 17:31:28,GUIDED,True,-7.9262264,112.594866,152.56,0.0,0.0,IDLE,,
1785925888.606,2026-08-05 17:31:28,GUIDED,True,-7.9262264,112.594866,152.57,0.0,0.0,IDLE,,
1785925888.767,2026-08-05 17:31:28,GUIDED,True,-7.9262264,112.594866,152.58,0.0,0.0,IDLE,,
1785925888.918,2026-08-05 17:31:28,GUIDED,True,-7.9262264,112.594866,152.57,0.0,0.0,IDLE,,
1785925889.062,2026-08-05 17:31:29,GUIDED,True,-7.9262264,112.594866,152.59,0.0,0.0,IDLE,,
1785925889.215,2026-08-05 17:31:29,GUIDED,True,-7.9262264,112.594866,152.61,0.0,0.0,IDLE,,
1785925889.360,2026-08-05 17:31:29,GUIDED,True,-7.9262264,112.594866,152.62,0.0,0.0,IDLE,,
1785925889.506,2026-08-05 17:31:29,GUIDED,True,-7.9262264,112.594866,152.62,0.0,0.0,IDLE,,
1785925889.655,2026-08-05 17:31:29,GUIDED,True,-7.9262264,112.594866,152.61,0.0,0.0,IDLE,,
1785925889.815,2026-08-05 17:31:29,GUIDED,True,-7.9262264,112.594866,152.63,0.0,0.0,START,,
1785925889.958,2026-08-05 17:31:29,GUIDED,True,-7.9262264,112.594866,152.62,0.0,0.0,START,,
1785925890.106,2026-08-05 17:31:30,GUIDED,True,-7.9262264,112.594866,152.63,0.0,0.0,START,,
1785925890.243,2026-08-05 17:31:30,GUIDED,True,-7.9262264,112.594866,152.63,0.0,0.0,START,,
1785925890.382,2026-08-05 17:31:30,GUIDED,True,-7.9262264,112.594866,152.63,0.0,0.0,START,,
1785925890.531,2026-08-05 17:31:30,GUIDED,True,-7.9262264,112.594866,152.63,0.0,0.0,START,,
1785925890.671,2026-08-05 17:31:30,GUIDED,True,-7.9262264,112.594866,152.63,0.0,0.0,START,,
1785925890.829,2026-08-05 17:31:30,GUIDED,True,-7.9262264,112.594866,152.64,0.0,0.0,START,,
1785925890.969,2026-08-05 17:31:30,GUIDED,True,-7.9262264,112.594866,152.65,0.0,0.0,START,,
1785925891.109,2026-08-05 17:31:31,GUIDED,True,-7.9262264,112.594866,152.66,0.0,0.0,START,,
1785925891.255,2026-08-05 17:31:31,GUIDED,True,-7.9262264,112.594866,152.66,0.0,0.0,START,120.0,-200.0
1785925891.434,2026-08-05 17:31:31,GUIDED,True,-7.9262264,112.594866,152.66,0.0,0.0,START,,
1785925891.581,2026-08-05 17:31:31,GUIDED,True,-7.9262264,112.594866,152.67,0.0,0.0,START,,
1785925891.735,2026-08-05 17:31:31,GUIDED,True,-7.9262264,112.594866,152.66,0.0,0.0,START,,
1785925891.881,2026-08-05 17:31:31,GUIDED,True,-7.9262264,112.594866,152.67,0.0,0.0,TRACKING_BUOY,,
1785925892.046,2026-08-05 17:31:32,GUIDED,True,-7.9262264,112.594866,152.67,0.0,0.0,TRACKING_BUOY,,
1785925892.202,2026-08-05 17:31:32,GUIDED,True,-7.9262264,112.594866,152.69,0.0,0.0,TRACKING_BUOY,,
1785925892.368,2026-08-05 17:31:32,GUIDED,True,-7.9262264,112.594866,152.69,0.0,0.0,TRACKING_BUOY,,
1785925892.515,2026-08-05 17:31:32,GUIDED,True,-7.9262264,112.594866,152.71,0.0,0.0,TRACKING_BUOY,,
1785925892.661,2026-08-05 17:31:32,GUIDED,True,-7.9262264,112.594866,152.71,0.0,0.0,TRACKING_BUOY,,
1785925892.802,2026-08-05 17:31:32,GUIDED,True,-7.9262264,112.594866,152.71,0.0,0.0,TRACKING_BUOY,,
1785925892.952,2026-08-05 17:31:32,GUIDED,True,-7.9262264,112.594866,152.72,0.0,0.0,TRACKING_BUOY,,
1785925893.091,2026-08-05 17:31:33,GUIDED,True,-7.9262264,112.594866,152.72,0.0,0.0,TRACKING_BUOY,,
1785925893.227,2026-08-05 17:31:33,GUIDED,True,-7.9262264,112.594866,152.72,0.0,0.0,TRACKING_BUOY,,
1785925893.366,2026-08-05 17:31:33,GUIDED,True,-7.9262264,112.594866,152.73,0.0,0.0,TRACKING_BUOY,,
1785925893.503,2026-08-05 17:31:33,GUIDED,True,-7.9262264,112.594866,152.73,0.0,0.0,TRACKING_BUOY,,
1785925893.644,2026-08-05 17:31:33,GUIDED,True,-7.9262264,112.594866,152.72,0.0,0.0,TRACKING_BUOY,286.0,-34.0
1785925893.798,2026-08-05 17:31:33,GUIDED,True,-7.9262264,112.594866,152.73,0.0,0.0,TRACKING_BUOY,284.65000000000003,-35.349999999999966
1785925893.937,2026-08-05 17:31:33,GUIDED,True,-7.9262264,112.594866,152.73,0.0,0.0,TRACKING_BUOY,283.00750000000005,-36.99249999999995
1785925894.076,2026-08-05 17:31:34,GUIDED,True,-7.9262264,112.594866,152.74,0.0,0.0,TRACKING_BUOY,281.20412500000003,-38.79587499999997
1785925894.214,2026-08-05 17:31:34,GUIDED,True,-7.9262264,112.594866,152.73,0.0,0.0,TRACKING_BUOY,280.21226875,-39.78773124999998
1785925894.349,2026-08-05 17:31:34,GUIDED,True,-7.9262264,112.594866,152.74,0.0,0.0,TRACKING_BUOY,278.3167478125,-41.68325218749999
1785925894.488,2026-08-05 17:31:34,GUIDED,True,-7.9262264,112.594866,152.71,0.0,0.0,TRACKING_BUOY,275.474211296875,-44.52578870312499
1785925894.625,2026-08-05 17:31:34,GUIDED,True,-7.9262264,112.594866,152.71,0.0,0.0,TRACKING_BUOY,273.91081621328124,-46.08918378671876
1785925894.770,2026-08-05 17:31:34,GUIDED,True,-7.9262264,112.594866,152.7,0.0,0.0,TRACKING_BUOY,271.2509489173047,-48.7490510826953
1785925894.906,2026-08-05 17:31:34,GUIDED,True,-7.9262264,112.594866,152.72,0.0,0.0,TRACKING_BUOY,265.7380219045176,-54.26197809548239
1785925895.040,2026-08-05 17:31:35,GUIDED,True,-7.9262264,112.594866,152.73,0.0,0.0,TRACKING_BUOY,253.70591204748467,-66.29408795251533
1785925895.195,2026-08-05 17:31:35,GUIDED,True,-7.9262264,112.594866,152.73,0.0,0.0,TRACKING_BUOY,237.1882516261166,-82.8117483738834
1785925895.329,2026-08-05 17:31:35,GUIDED,True,-7.9262264,112.594866,152.74,0.0,0.0,TRACKING_BUOY,219.55353839436412,-100.44646160563588
1785925895.465,2026-08-05 17:31:35,GUIDED,True,-7.9262264,112.594866,152.75,0.0,0.0,TRACKING_BUOY,202.20444611690027,-117.79555388309973
1785925895.604,2026-08-05 17:31:35,GUIDED,True,-7.9262264,112.594866,152.75,0.0,0.0,TRACKING_BUOY,187.71244536429515,-132.28755463570485
1785925895.763,2026-08-05 17:31:35,GUIDED,True,-7.9262264,112.594866,152.74,0.0,0.0,TRACKING_BUOY,163.54184495036233,-156.45815504963767
1785925895.900,2026-08-05 17:31:35,GUIDED,True,-7.9262264,112.594866,152.73,0.0,0.0,TRACKING_BUOY,149.12301472269928,-170.87698527730072
1785925896.036,2026-08-05 17:31:36,GUIDED,True,-7.9262264,112.594866,152.74,0.0,0.0,TRACKING_BUOY,158.51765809748463,-161.48234190251537
1785925896.185,2026-08-05 17:31:36,GUIDED,True,-7.9262264,112.594866,152.76,0.0,0.0,TRACKING_BUOY,169.53471195361658,-150.46528804638342
1785925896.330,2026-08-05 17:31:36,GUIDED,True,-7.9262264,112.594866,152.75,0.0,0.0,TRACKING_BUOY,182.34409157448914,-137.65590842551086
1785925896.476,2026-08-05 17:31:36,GUIDED,True,-7.9262264,112.594866,152.75,0.0,0.0,TRACKING_BUOY,192.98925036596904,-127.01074963403096
1785925896.612,2026-08-05 17:31:36,GUIDED,True,-7.9262264,112.594866,152.74,0.0,0.0,TRACKING_BUOY,201.99408770128298,-118.00591229871702
1785925896.749,2026-08-05 17:31:36,GUIDED,True,-7.9262264,112.594866,152.75,0.0,0.0,TRACKING_BUOY,209.64674823570564,-110.35325176429436
1785925896.888,2026-08-05 17:31:36,GUIDED,True,-7.9262264,112.594866,152.74,0.0,0.0,TRACKING_BUOY,217.00571152963812,-102.99428847036188
1785925897.021,2026-08-05 17:31:37,GUIDED,True,-7.9262264,112.594866,152.74,0.0,0.0,TRACKING_BUOY,243.10314134130095,-76.89685865869905
1785925897.157,2026-08-05 17:31:37,GUIDED,True,-7.9262264,112.594866,152.75,0.0,0.0,TRACKING_BUOY,254.30672773771556,-65.69327226228444
1785925897.295,2026-08-05 17:31:37,GUIDED,True,-7.9262264,112.594866,152.75,0.0,0.0,TRACKING_BUOY,256.41870025574354,-63.581299744256455
1785925897.434,2026-08-05 17:31:37,GUIDED,True,-7.9262264,112.594866,152.77,0.0,0.0,TRACKING_BUOY,254.43028514065898,-65.56971485934102
1785925897.579,2026-08-05 17:31:37,GUIDED,True,-7.9262264,112.594866,152.78,0.0,0.0,TRACKING_BUOY,251.31165682736244,-68.68834317263756
1785925897.719,2026-08-05 17:31:37,GUIDED,True,-7.9262264,112.594866,152.77,0.0,0.0,TRACKING_BUOY,249.14641125504937,-70.85358874495063
1785925897.864,2026-08-05 17:31:37,GUIDED,True,-7.9262264,112.594866,152.78,0.0,0.0,TRACKING_BUOY,247.73052619027715,-72.26947380972285
1785925898.000,2026-08-05 17:31:38,GUIDED,True,-7.9262264,112.594866,152.76,0.0,0.0,TRACKING_BUOY,246.95178940465246,-73.04821059534754
1785925898.139,2026-08-05 17:31:38,GUIDED,True,-7.9262264,112.594866,152.77,0.0,0.0,TRACKING_BUOY,245.39848417255888,-74.60151582744112
1785925898.274,2026-08-05 17:31:38,GUIDED,True,-7.9262264,112.594866,152.77,0.0,0.0,TRACKING_BUOY,243.8691662949074,-76.13083370509261
1785925898.417,2026-08-05 17:31:38,GUIDED,True,-7.9262264,112.594866,152.76,0.0,0.0,TRACKING_BUOY,246.8530414621991,-73.14695853780091
1785925898.553,2026-08-05 17:31:38,GUIDED,True,-7.9262264,112.594866,152.78,0.0,0.0,TRACKING_BUOY,260.6441728042095,-59.35582719579048
1785925898.695,2026-08-05 17:31:38,GUIDED,True,-7.9262264,112.594866,152.78,0.0,0.0,TRACKING_BUOY,282.1792950423153,-37.82070495768471
1785925898.838,2026-08-05 17:31:38,GUIDED,True,-7.9262264,112.594866,152.79,0.0,0.0,TRACKING_BUOY,301.89861227327344,-18.101387726726557
1785925898.976,2026-08-05 17:31:38,GUIDED,True,-7.9262264,112.594866,152.79,0.0,0.0,TRACKING_BUOY,337.7192367503004,17.71923675030041
1785925899.112,2026-08-05 17:31:39,GUIDED,True,-7.9262264,112.594866,152.8,0.0,0.0,TRACKING_BUOY,367.54558021266524,47.54558021266524
1785925899.249,2026-08-05 17:31:39,GUIDED,True,-7.9262264,112.594866,152.79,0.0,0.0,TRACKING_BUOY,388.6750691169659,68.67506911696591
1785925899.396,2026-08-05 17:31:39,GUIDED,True,-7.9262264,112.594866,152.8,0.0,0.0,TRACKING_BUOY,402.54628801433125,82.54628801433125
1785925899.536,2026-08-05 17:31:39,GUIDED,True,-7.9262264,112.594866,152.8,0.0,0.0,TRACKING_BUOY,412.4254584078822,92.42545840788222
1785925899.672,2026-08-05 17:31:39,GUIDED,True,-7.9262264,112.594866,152.82,0.0,0.0,TRACKING_BUOY,417.40900212433525,97.40900212433525
1785925899.818,2026-08-05 17:31:39,GUIDED,True,-7.9262264,112.594866,152.81,0.0,0.0,TRACKING_BUOY,418.34995116838445,98.34995116838445
1785925899.961,2026-08-05 17:31:39,GUIDED,True,-7.9262264,112.594866,152.82,0.0,0.0,TRACKING_BUOY,413.24247314261146,93.24247314261146
1785925900.119,2026-08-05 17:31:40,GUIDED,True,-7.9262264,112.594866,152.81,0.0,0.0,TRACKING_BUOY,406.38336022843635,86.38336022843635
1785925900.256,2026-08-05 17:31:40,GUIDED,True,-7.9262264,112.594866,152.82,0.0,0.0,TRACKING_BUOY,397.21084812564004,77.21084812564004
1785925900.396,2026-08-05 17:31:40,GUIDED,True,-7.9262264,112.594866,152.81,0.0,0.0,TRACKING_BUOY,385.86596646910203,65.86596646910203
1785925900.550,2026-08-05 17:31:40,GUIDED,True,-7.9262264,112.594866,152.79,0.0,0.0,TRACKING_BUOY,360.7262815580061,40.72628155800612
1785925900.687,2026-08-05 17:31:40,GUIDED,True,-7.9262264,112.594866,152.79,0.0,0.0,TRACKING_BUOY,337.8994548569034,17.89945485690339
1785925900.827,2026-08-05 17:31:40,GUIDED,True,-7.9262264,112.594866,152.8,0.0,0.0,TRACKING_BUOY,311.1697001712969,-8.830299828703119
1785925900.973,2026-08-05 17:31:40,GUIDED,True,-7.9262264,112.594866,152.81,0.0,0.0,TRACKING_BUOY,265.1933350942133,-54.806664905786704
1785925901.114,2026-08-05 17:31:41,GUIDED,True,-7.9262264,112.594866,152.8,0.0,0.0,TRACKING_BUOY,228.6563343018173,-91.34366569818269
1785925901.258,2026-08-05 17:31:41,GUIDED,True,-7.9262264,112.594866,152.8,0.0,0.0,TRACKING_BUOY,222.28598386599953,-97.71401613400047
1785925901.403,2026-08-05 17:31:41,GUIDED,True,-7.9262264,112.594866,152.79,0.0,0.0,TRACKING_BUOY,219.23229112629974,-100.76770887370026
1785925901.580,2026-08-05 17:31:41,GUIDED,True,-7.9262264,112.594866,152.79,0.0,0.0,TRACKING_BUOY,203.82776011946487,-116.17223988053513
1785925901.723,2026-08-05 17:31:41,GUIDED,True,-7.9262264,112.594866,152.77,0.0,0.0,TRACKING_BUOY,225.73026806570567,-94.26973193429433
1785925901.870,2026-08-05 17:31:41,GUIDED,True,-7.9262264,112.594866,152.77,0.0,0.0,TRACKING_BUOY,250.82664743613813,-69.17335256386187
1785925902.009,2026-08-05 17:31:42,GUIDED,True,-7.9262264,112.594866,152.78,0.0,0.0,TRACKING_BUOY,268.454656089876,-51.54534391012402
1785925902.151,2026-08-05 17:31:42,GUIDED,True,-7.9262264,112.594866,152.76,0.0,0.0,TRACKING_BUOY,297.0500608494318,-22.949939150568184
1785925902.291,2026-08-05 17:31:42,GUIDED,True,-7.9262264,112.594866,152.77,0.0,0.0,TRACKING_BUOY,328.3025334671875,8.302533467187516
1785925902.431,2026-08-05 17:31:42,GUIDED,True,-7.9262264,112.594866,152.76,0.0,0.0,TRACKING_BUOY,343.91639340695315,23.916393406953148
1785925902.571,2026-08-05 17:31:42,GUIDED,True,-7.9262264,112.594866,152.75,0.0,0.0,TRACKING_BUOY,364.42901637382425,44.429016373824254
1785925902.719,2026-08-05 17:31:42,GUIDED,True,-7.9262264,112.594866,152.76,0.0,0.0,TRACKING_BUOY,378.41095900560333,58.41095900560333
1785925902.858,2026-08-05 17:31:42,GUIDED,True,-7.9262264,112.594866,152.74,0.0,0.0,TRACKING_BUOY,387.2260274530819,67.22602745308188
1785925902.996,2026-08-05 17:31:42,GUIDED,True,-7.9262264,112.594866,152.74,0.0,0.0,TRACKING_BUOY,391.6243150991951,71.62431509919509
1785925903.170,2026-08-05 17:31:43,GUIDED,True,-7.9262264,112.594866,152.74,0.0,0.0,TRACKING_BUOY,392.2433733045573,72.24337330455728
1785925903.387,2026-08-05 17:31:43,GUIDED,True,-7.9262264,112.594866,152.73,0.0,0.0,TRACKING_BUOY,387.6338553175065,67.63385531750652
1785925903.527,2026-08-05 17:31:43,GUIDED,True,-7.9262264,112.594866,152.73,0.0,0.0,TRACKING_BUOY,375.64862042462863,55.64862042462863
1785925903.681,2026-08-05 17:31:43,GUIDED,True,-7.9262264,112.594866,152.72,0.0,0.0,TRACKING_BUOY,360.95674123354576,40.956741233545756
1785925903.836,2026-08-05 17:31:43,GUIDED,True,-7.9262264,112.594866,152.73,0.0,0.0,TRACKING_BUOY,337.80120767845017,17.80120767845017
1785925903.979,2026-08-05 17:31:43,GUIDED,True,-7.9262264,112.594866,152.74,0.0,0.0,TRACKING_BUOY,315.61566422314763,-4.384335776852367
1785925904.119,2026-08-05 17:31:44,GUIDED,True,-7.9262264,112.594866,152.76,0.0,0.0,TRACKING_BUOY,295.9886153227312,-24.01138467726878
1785925904.264,2026-08-05 17:31:44,GUIDED,True,-7.9262264,112.594866,152.73,0.0,0.0,TRACKING_BUOY,279.5687384275022,-40.43126157249782
1785925904.408,2026-08-05 17:31:44,GUIDED,True,-7.9262264,112.594866,152.73,0.0,0.0,TRACKING_BUOY,256.3628061351262,-63.63719386487378
1785925904.540,2026-08-05 17:31:44,GUIDED,True,-7.9262264,112.594866,152.73,0.0,0.0,TRACKING_BUOY,245.84954337431947,-74.15045662568053
1785925904.676,2026-08-05 17:31:44,GUIDED,True,-7.9262264,112.594866,152.72,0.0,0.0,TRACKING_BUOY,241.4172488558757,-78.5827511441243
1785925904.812,2026-08-05 17:31:44,GUIDED,True,-7.9262264,112.594866,152.72,0.0,0.0,TRACKING_BUOY,242.5794868707316,-77.42051312926839
1785925904.966,2026-08-05 17:31:44,GUIDED,True,-7.9262264,112.594866,152.71,0.0,0.0,TRACKING_BUOY,258.5187177789024,-61.481282221097615
1785925905.105,2026-08-05 17:31:45,GUIDED,True,-7.9262264,112.594866,152.72,0.0,0.0,TRACKING_BUOY,272.23529477839634,-47.76470522160366
1785925905.246,2026-08-05 17:31:45,GUIDED,True,-7.9262264,112.594866,152.72,0.0,0.0,TRACKING_BUOY,285.629412128118,-34.37058787188198
1785925905.391,2026-08-05 17:31:45,GUIDED,True,-7.9262264,112.594866,152.72,0.0,0.0,TRACKING_BUOY,298.84617667046496,-21.153823329535044
1785925905.530,2026-08-05 17:31:45,GUIDED,True,-7.9262264,112.594866,152.72,0.0,0.0,TRACKING_BUOY,311.96539716875577,-8.034602831244229
1785925905.669,2026-08-05 17:31:45,GUIDED,True,-7.9262264,112.594866,152.73,0.0,0.0,TRACKING_BUOY,322.3309684428157,2.3309684428156743
1785925905.810,2026-08-05 17:31:45,GUIDED,True,-7.9262264,112.594866,152.73,0.0,0.0,TRACKING_BUOY,328.4820326435487,8.482032643548678
1785925905.950,2026-08-05 17:31:45,GUIDED,True,-7.9262264,112.594866,152.74,0.0,0.0,TRACKING_BUOY,329.39011795395174,9.390117953951744
1785925906.088,2026-08-05 17:31:46,GUIDED,True,-7.9262264,112.594866,152.73,0.0,0.0,TRACKING_BUOY,327.86456487467353,7.864564874673533
1785925906.228,2026-08-05 17:31:46,GUIDED,True,-7.9262264,112.594866,152.73,0.0,0.0,TRACKING_BUOY,325.22551068107043,5.225510681070432
1785925906.364,2026-08-05 17:31:46,GUIDED,True,-7.9262264,112.594866,152.73,0.0,0.0,TRACKING_BUOY,322.19903087458874,2.1990308745887432
1785925906.502,2026-08-05 17:31:46,GUIDED,True,-7.9262264,112.594866,152.73,0.0,0.0,TRACKING_BUOY,319.40946698102385,-0.5905330189761457
1785925906.661,2026-08-05 17:31:46,GUIDED,True,-7.9262264,112.594866,152.73,0.0,0.0,TRACKING_BUOY,318.7752068395631,-1.2247931604368887
1785925906.802,2026-08-05 17:31:46,GUIDED,True,-7.9262264,112.594866,152.73,0.0,0.0,TRACKING_BUOY,321.12636376175976,1.1263637617597624
1785925906.948,2026-08-05 17:31:46,GUIDED,True,-7.9262264,112.594866,152.75,0.0,0.0,TRACKING_BUOY,325.79450006896786,5.794500068967864
1785925907.092,2026-08-05 17:31:47,GUIDED,True,-7.9262264,112.594866,152.75,0.0,0.0,TRACKING_BUOY,331.51197503793236,11.511975037932359
1785925907.232,2026-08-05 17:31:47,GUIDED,True,-7.9262264,112.594866,152.75,0.0,0.0,TRACKING_BUOY,336.9065862708628,16.906586270862817
1785925907.378,2026-08-05 17:31:47,GUIDED,True,-7.9262264,112.594866,152.74,0.0,0.0,TRACKING_BUOY,342.7986224489746,22.798622448974584
1785925907.519,2026-08-05 17:31:47,GUIDED,True,-7.9262264,112.594866,152.72,0.0,0.0,TRACKING_BUOY,348.73924234693607,28.739242346936066
1785925907.658,2026-08-05 17:31:47,GUIDED,True,-7.9262264,112.594866,152.72,0.0,0.0,TRACKING_BUOY,353.35658329081485,33.356583290814854
1785925907.800,2026-08-05 17:31:47,GUIDED,True,-7.9262264,112.594866,152.69,0.0,0.0,TRACKING_BUOY,358.3711208099482,38.371120809948195
1785925907.944,2026-08-05 17:31:47,GUIDED,True,-7.9262264,112.594866,152.69,0.0,0.0,TRACKING_BUOY,362.7041164454715,42.70411644547153
1785925908.080,2026-08-05 17:31:48,GUIDED,True,-7.9262264,112.594866,152.69,0.0,0.0,TRACKING_BUOY,367.1122640450094,47.1122640450094
1785925908.217,2026-08-05 17:31:48,GUIDED,True,-7.9262264,112.594866,152.69,0.0,0.0,TRACKING_BUOY,371.5617452247552,51.561745224755214
1785925908.367,2026-08-05 17:31:48,GUIDED,True,-7.9262264,112.594866,152.66,0.0,0.0,TRACKING_BUOY,375.5839598736154,55.58395987361541
1785925908.515,2026-08-05 17:31:48,GUIDED,True,-7.9262264,112.594866,152.66,0.0,0.0,TRACKING_BUOY,378.02117793048853,58.021177930488534
1785925908.664,2026-08-05 17:31:48,GUIDED,True,-7.9262264,112.594866,152.66,0.0,0.0,TRACKING_BUOY,378.9116478617687,58.9116478617687
1785925908.900,2026-08-05 17:31:48,GUIDED,True,-7.9262264,112.594866,152.65,0.0,0.0,TRACKING_BUOY,378.7264063239728,58.72640632397281
1785925909.111,2026-08-05 17:31:49,GUIDED,True,-7.9262264,112.594866,152.65,0.0,0.0,TRACKING_BUOY,373.67452347818505,53.67452347818505
1785925909.289,2026-08-05 17:31:49,GUIDED,True,-7.9262264,112.594866,152.66,0.0,0.0,TRACKING_BUOY,368.4209879130018,48.420987913001795
1785925909.472,2026-08-05 17:31:49,GUIDED,True,-7.9262264,112.594866,152.66,0.0,0.0,TRACKING_BUOY,363.281543352151,43.281543352151004
1785925909.609,2026-08-05 17:31:49,GUIDED,True,-7.9262264,112.594866,152.67,0.0,0.0,TRACKING_BUOY,358.4298488436831,38.42984884368309
1785925909.752,2026-08-05 17:31:49,GUIDED,True,-7.9262264,112.594866,152.67,0.0,0.0,TRACKING_BUOY,355.3114168640257,35.311416864025716
1785925909.892,2026-08-05 17:31:49,GUIDED,True,-7.9262264,112.594866,152.68,0.0,0.0,TRACKING_BUOY,352.92127927521415,32.92127927521415
1785925910.031,2026-08-05 17:31:50,GUIDED,True,-7.9262264,112.594866,152.68,0.0,0.0,TRACKING_BUOY,350.7067036013678,30.706703601367792
1785925910.201,2026-08-05 17:31:50,GUIDED,True,-7.9262264,112.594866,152.7,0.0,0.0,TRACKING_BUOY,349.2636869807523,29.26368698075231
1785925910.338,2026-08-05 17:31:50,GUIDED,True,-7.9262264,112.594866,152.69,0.0,0.0,TRACKING_BUOY,345.7700278394138,25.770027839413785
1785925910.474,2026-08-05 17:31:50,GUIDED,True,-7.9262264,112.594866,152.7,0.0,0.0,TRACKING_BUOY,342.27351531167756,22.273515311677556
1785925910.624,2026-08-05 17:31:50,GUIDED,True,-7.9262264,112.594866,152.7,0.0,0.0,TRACKING_BUOY,338.3254334214227,18.3254334214227
1785925910.768,2026-08-05 17:31:50,GUIDED,True,-7.9262264,112.594866,152.7,0.0,0.0,TRACKING_BUOY,334.5789883817825,14.578988381782494
1785925910.918,2026-08-05 17:31:50,GUIDED,True,-7.9262264,112.594866,152.71,0.0,0.0,TRACKING_BUOY,329.81844360998036,9.818443609980363
1785925911.058,2026-08-05 17:31:51,GUIDED,True,-7.9262264,112.594866,152.71,0.0,0.0,TRACKING_BUOY,324.0501439854892,4.050143985489228
1785925911.195,2026-08-05 17:31:51,GUIDED,True,-7.9262264,112.594866,152.7,0.0,0.0,TRACKING_BUOY,318.1775791920191,-1.8224208079809046
1785925911.347,2026-08-05 17:31:51,GUIDED,True,-7.9262264,112.594866,152.69,0.0,0.0,TRACKING_BUOY,311.7976685556105,-8.202331444389472
1785925911.483,2026-08-05 17:31:51,GUIDED,True,-7.9262264,112.594866,152.71,0.0,0.0,TRACKING_BUOY,304.6887177055858,-15.311282294414184
1785925911.636,2026-08-05 17:31:51,GUIDED,True,-7.9262264,112.594866,152.69,0.0,0.0,TRACKING_BUOY,298.9787947380722,-21.021205261927776
1785925911.813,2026-08-05 17:31:51,GUIDED,True,-7.9262264,112.594866,152.73,0.0,0.0,TRACKING_BUOY,294.0383371059397,-25.961662894060282
1785925911.948,2026-08-05 17:31:51,GUIDED,True,-7.9262264,112.594866,152.74,0.0,0.0,TRACKING_BUOY,282.77108540826686,-37.228914591733144
1785925912.081,2026-08-05 17:31:52,GUIDED,True,-7.9262264,112.594866,152.72,0.0,0.0,TRACKING_BUOY,275.6740969745468,-44.325903025453215
1785925912.218,2026-08-05 17:31:52,GUIDED,True,-7.9262264,112.594866,152.72,0.0,0.0,TRACKING_BUOY,271.32075333600073,-48.679246663999265
1785925912.355,2026-08-05 17:31:52,GUIDED,True,-7.9262264,112.594866,152.69,0.0,0.0,TRACKING_BUOY,269.8264143348004,-50.173585665199596
1785925912.495,2026-08-05 17:31:52,GUIDED,True,-7.9262264,112.594866,152.7,0.0,0.0,TRACKING_BUOY,271.70452788414025,-48.29547211585975
1785925912.645,2026-08-05 17:31:52,GUIDED,True,-7.9262264,112.594866,152.7,0.0,0.0,TRACKING_BUOY,279.93749033627716,-40.062509663722835
1785925912.784,2026-08-05 17:31:52,GUIDED,True,-7.9262264,112.594866,152.7,0.0,0.0,TRACKING_BUOY,286.49061968495243,-33.509380315047565
1785925912.927,2026-08-05 17:31:52,GUIDED,True,-7.9262264,112.594866,152.7,0.0,0.0,TRACKING_BUOY,293.2448408267239,-26.755159173276127
1785925913.064,2026-08-05 17:31:53,GUIDED,True,-7.9262264,112.594866,152.7,0.0,0.0,TRACKING_BUOY,299.8846624546982,-20.115337545301827
1785925913.204,2026-08-05 17:31:53,GUIDED,True,-7.9262264,112.594866,152.68,0.0,0.0,TRACKING_BUOY,303.086564350084,-16.913435649915982
1785925913.342,2026-08-05 17:31:53,GUIDED,True,-7.9262264,112.594866,152.68,0.0,0.0,TRACKING_BUOY,313.1726103925462,-6.827389607453824
1785925913.476,2026-08-05 17:31:53,GUIDED,True,-7.9262264,112.594866,152.7,0.0,0.0,TRACKING_BUOY,320.7449357159004,0.7449357159003966
1785925913.611,2026-08-05 17:31:53,GUIDED,True,-7.9262264,112.594866,152.69,0.0,0.0,TRACKING_BUOY,326.4847146437453,6.484714643745292
1785925913.798,2026-08-05 17:31:53,GUIDED,True,-7.9262264,112.594866,152.69,0.0,0.0,TRACKING_BUOY,331.2165930540599,11.2165930540599
1785925913.940,2026-08-05 17:31:53,GUIDED,True,-7.9262264,112.594866,152.69,0.0,0.0,TRACKING_BUOY,336.51912617973295,16.51912617973295
1785925914.083,2026-08-05 17:31:54,GUIDED,True,-7.9262264,112.594866,152.67,0.0,0.0,TRACKING_BUOY,339.88551939885315,19.88551939885315
1785925914.223,2026-08-05 17:31:54,GUIDED,True,-7.9262264,112.594866,152.69,0.0,0.0,TRACKING_BUOY,340.6120356693692,20.61203566936922
1785925914.359,2026-08-05 17:31:54,GUIDED,True,-7.9262264,112.594866,152.69,0.0,0.0,TRACKING_BUOY,337.8616196181531,17.8616196181531
1785925914.498,2026-08-05 17:31:54,GUIDED,True,-7.9262264,112.594866,152.68,0.0,0.0,TRACKING_BUOY,332.07389078998426,12.073890789984262
1785925914.637,2026-08-05 17:31:54,GUIDED,True,-7.9262264,112.594866,152.69,0.0,0.0,TRACKING_BUOY,323.26563993449133,3.2656399344913325
1785925914.779,2026-08-05 17:31:54,GUIDED,True,-7.9262264,112.594866,152.67,0.0,0.0,TRACKING_BUOY,313.4711019639702,-6.528898036029773
1785925914.915,2026-08-05 17:31:54,GUIDED,True,-7.9262264,112.594866,152.67,0.0,0.0,TRACKING_BUOY,304.7091060801837,-15.290893919816313
1785925915.052,2026-08-05 17:31:55,GUIDED,True,-7.9262264,112.594866,152.67,0.0,0.0,TRACKING_BUOY,296.51500834410103,-23.484991655898966
1785925915.194,2026-08-05 17:31:55,GUIDED,True,-7.9262264,112.594866,152.69,0.0,0.0,TRACKING_BUOY,289.75825458925556,-30.241745410744443
1785925915.329,2026-08-05 17:31:55,GUIDED,True,-7.9262264,112.594866,152.69,0.0,0.0,TRACKING_BUOY,285.5920400240906,-34.40795997590942
1785925915.469,2026-08-05 17:31:55,GUIDED,True,-7.9262264,112.594866,152.68,0.0,0.0,TRACKING_BUOY,283.7506220132498,-36.249377986750176
1785925915.613,2026-08-05 17:31:55,GUIDED,True,-7.9262264,112.594866,152.68,0.0,0.0,TRACKING_BUOY,282.96284210728743,-37.03715789271257
1785925915.764,2026-08-05 17:31:55,GUIDED,True,-7.9262264,112.594866,152.67,0.0,0.0,TRACKING_BUOY,282.0795631590081,-37.9204368409919
1785925915.905,2026-08-05 17:31:55,GUIDED,True,-7.9262264,112.594866,152.67,0.0,0.0,TRACKING_BUOY,281.1437597374545,-38.8562402625455
1785925916.042,2026-08-05 17:31:56,GUIDED,True,-7.9262264,112.594866,152.7,0.0,0.0,TRACKING_BUOY,280.1790678556,-39.82093214439999
1785925916.190,2026-08-05 17:31:56,GUIDED,True,-7.9262264,112.594866,152.69,0.0,0.0,TRACKING_BUOY,279.42348732058,-40.57651267941998
1785925916.329,2026-08-05 17:31:56,GUIDED,True,-7.9262264,112.594866,152.7,0.0,0.0,TRACKING_BUOY,280.13291802631903,-39.86708197368097
1785925916.469,2026-08-05 17:31:56,GUIDED,True,-7.9262264,112.594866,152.69,0.0,0.0,TRACKING_BUOY,279.84810491447547,-40.15189508552453
1785925916.615,2026-08-05 17:31:56,GUIDED,True,-7.9262264,112.594866,152.67,0.0,0.0,TRACKING_BUOY,279.2414577029615,-40.7585422970385
1785925916.765,2026-08-05 17:31:56,GUIDED,True,-7.9262264,112.594866,152.7,0.0,0.0,TRACKING_BUOY,274.4078017366288,-45.59219826337119
1785925916.962,2026-08-05 17:31:56,GUIDED,True,-7.9262264,112.594866,152.67,0.0,0.0,TRACKING_BUOY,259.37429095514585,-60.62570904485415
1785925917.098,2026-08-05 17:31:57,GUIDED,True,-7.9262264,112.594866,152.67,0.0,0.0,TRACKING_BUOY,247.28086002533024,-72.71913997466976
1785925917.238,2026-08-05 17:31:57,GUIDED,True,-7.9262264,112.594866,152.68,0.0,0.0,TRACKING_BUOY,237.9294730139316,-82.07052698606839
1785925917.376,2026-08-05 17:31:57,GUIDED,True,-7.9262264,112.594866,152.68,0.0,0.0,TRACKING_BUOY,233.46121015766238,-86.53878984233762
1785925917.513,2026-08-05 17:31:57,GUIDED,True,-7.9262264,112.594866,152.67,0.0,0.0,TRACKING_BUOY,235.05366558671432,-84.94633441328568
1785925917.656,2026-08-05 17:31:57,GUIDED,True,-7.9262264,112.594866,152.68,0.0,0.0,TRACKING_BUOY,241.55451607269288,-78.44548392730712
1785925917.804,2026-08-05 17:31:57,GUIDED,True,-7.9262264,112.594866,152.69,0.0,0.0,TRACKING_BUOY,251.65498383998107,-68.34501616001893
1785925917.949,2026-08-05 17:31:57,GUIDED,True,-7.9262264,112.594866,152.7,0.0,0.0,TRACKING_BUOY,270.7102411119896,-49.2897588880104
1785925918.088,2026-08-05 17:31:58,GUIDED,True,-7.9262264,112.594866,152.7,0.0,0.0,TRACKING_BUOY,291.3156326115943,-28.68436738840569
1785925918.232,2026-08-05 17:31:58,GUIDED,True,-7.9262264,112.594866,152.71,0.0,0.0,TRACKING_BUOY,310.52359793637686,-9.47640206362314
1785925918.376,2026-08-05 17:31:58,GUIDED,True,-7.9262264,112.594866,152.73,0.0,0.0,TRACKING_BUOY,326.93797886500727,6.937978865007267
1785925918.516,2026-08-05 17:31:58,GUIDED,True,-7.9262264,112.594866,152.72,0.0,0.0,TRACKING_BUOY,339.565888375754,19.565888375754014
1785925918.656,2026-08-05 17:31:58,GUIDED,True,-7.9262264,112.594866,152.74,0.0,0.0,TRACKING_BUOY,348.0862386066648,28.08623860666478
1785925918.803,2026-08-05 17:31:58,GUIDED,True,-7.9262264,112.594866,152.74,0.0,0.0,TRACKING_BUOY,351.64743123366566,31.647431233665657
1785925918.945,2026-08-05 17:31:58,GUIDED,True,-7.9262264,112.594866,152.73,0.0,0.0,TRACKING_BUOY,350.0060871785161,30.00608717851611
1785925919.083,2026-08-05 17:31:59,GUIDED,True,-7.9262264,112.594866,152.76,0.0,0.0,TRACKING_BUOY,344.15334794818386,24.153347948183864
1785925919.223,2026-08-05 17:31:59,GUIDED,True,-7.9262264,112.594866,152.76,0.0,0.0,TRACKING_BUOY,334.18434137150115,14.184341371501148
1785925919.364,2026-08-05 17:31:59,GUIDED,True,-7.9262264,112.594866,152.74,0.0,0.0,TRACKING_BUOY,320.15138775432564,0.1513877543256399
1785925919.503,2026-08-05 17:31:59,GUIDED,True,-7.9262264,112.594866,152.72,0.0,0.0,TRACKING_BUOY,301.85826326487916,-18.141736735120844
1785925919.649,2026-08-05 17:31:59,GUIDED,True,-7.9262264,112.594866,152.74,0.0,0.0,TRACKING_BUOY,281.6720447956835,-38.32795520431648
1785925919.800,2026-08-05 17:31:59,GUIDED,True,-7.9262264,112.594866,152.74,0.0,0.0,TRACKING_BUOY,255.71962463762594,-64.28037536237406
1785925919.939,2026-08-05 17:31:59,GUIDED,True,-7.9262264,112.594866,152.74,0.0,0.0,TRACKING_BUOY,244.14579355069426,-75.85420644930574
1785925920.076,2026-08-05 17:32:00,GUIDED,True,-7.9262264,112.594866,152.75,0.0,0.0,TRACKING_BUOY,238.00518645288184,-81.99481354711816
1785925920.234,2026-08-05 17:32:00,GUIDED,True,-7.9262264,112.594866,152.74,0.0,0.0,TRACKING_BUOY,236.20285254908504,-83.79714745091496
1785925920.371,2026-08-05 17:32:00,GUIDED,True,-7.9262264,112.594866,152.72,0.0,0.0,TRACKING_BUOY,236.7865689019968,-83.21343109800321
1785925920.507,2026-08-05 17:32:00,GUIDED,True,-7.9262264,112.594866,152.73,0.0,0.0,TRACKING_BUOY,235.08261289609823,-84.91738710390177
1785925920.673,2026-08-05 17:32:00,GUIDED,True,-7.9262264,112.594866,152.72,0.0,0.0,TRACKING_BUOY,244.94543709285404,-75.05456290714596
1785925920.812,2026-08-05 17:32:00,GUIDED,True,-7.9262264,112.594866,152.71,0.0,0.0,TRACKING_BUOY,277.1449904010698,-42.85500959893022
1785925920.949,2026-08-05 17:32:00,GUIDED,True,-7.9262264,112.594866,152.71,0.0,0.0,TRACKING_BUOY,308.3547447205884,-11.645255279411572
1785925921.084,2026-08-05 17:32:01,GUIDED,True,-7.9262264,112.594866,152.7,0.0,0.0,TRACKING_BUOY,334.29510959632364,14.295109596323641
1785925921.224,2026-08-05 17:32:01,GUIDED,True,-7.9262264,112.594866,152.71,0.0,0.0,TRACKING_BUOY,352.837310277978,32.83731027797802
1785925921.365,2026-08-05 17:32:01,GUIDED,True,-7.9262264,112.594866,152.72,0.0,0.0,TRACKING_BUOY,364.61052065288794,44.61052065288794
1785925921.507,2026-08-05 17:32:01,GUIDED,True,-7.9262264,112.594866,152.72,0.0,0.0,TRACKING_BUOY,367.48578635908837,47.485786359088365
1785925921.655,2026-08-05 17:32:01,GUIDED,True,-7.9262264,112.594866,152.72,0.0,0.0,TRACKING_BUOY,361.1921824974986,41.19218249749861
1785925921.794,2026-08-05 17:32:01,GUIDED,True,-7.9262264,112.594866,152.72,0.0,0.0,TRACKING_BUOY,335.90570037362426,15.905700373624256
1785925921.975,2026-08-05 17:32:01,GUIDED,True,-7.9262264,112.594866,152.72,0.0,0.0,TRACKING_BUOY,302.64813520549336,-17.35186479450664
1785925922.121,2026-08-05 17:32:02,GUIDED,True,-7.9262264,112.594866,152.71,0.0,0.0,TRACKING_BUOY,264.5564743630214,-55.44352563697862
1785925922.262,2026-08-05 17:32:02,GUIDED,True,-7.9262264,112.594866,152.73,0.0,0.0,TRACKING_BUOY,224.7060608996618,-95.2939391003382
1785925922.406,2026-08-05 17:32:02,GUIDED,True,-7.9262264,112.594866,152.74,0.0,0.0,TRACKING_BUOY,202.33833349481398,-117.66166650518602
1785925922.551,2026-08-05 17:32:02,GUIDED,True,-7.9262264,112.594866,152.75,0.0,0.0,TRACKING_BUOY,193.6360834221477,-126.36391657785231
1785925922.691,2026-08-05 17:32:02,GUIDED,True,-7.9262264,112.594866,152.74,0.0,0.0,TRACKING_BUOY,,
1785925922.853,2026-08-05 17:32:02,GUIDED,True,-7.9262264,112.594866,152.75,0.0,0.0,TRACKING_BUOY,,
1785925922.999,2026-08-05 17:32:02,GUIDED,True,-7.9262264,112.594866,152.76,0.0,0.0,TRACKING_BUOY,,
1785925923.136,2026-08-05 17:32:03,GUIDED,True,-7.9262264,112.594866,152.74,0.0,0.0,TRACKING_BUOY,,
1785925923.271,2026-08-05 17:32:03,GUIDED,True,-7.9262264,112.594866,152.73,0.0,0.0,TRACKING_BUOY,268.0,-52.0
1785925923.408,2026-08-05 17:32:03,GUIDED,True,-7.9262264,112.594866,152.73,0.0,0.0,TRACKING_BUOY,,
1785925923.541,2026-08-05 17:32:03,GUIDED,True,-7.9262264,112.594866,152.72,0.0,0.0,TRACKING_BUOY,,
1785925923.679,2026-08-05 17:32:03,GUIDED,True,-7.9262264,112.594866,152.72,0.0,0.0,TRACKING_BUOY,,
1785925923.839,2026-08-05 17:32:03,GUIDED,True,-7.9262264,112.594866,152.72,0.0,0.0,TRACKING_BUOY,,
1785925923.981,2026-08-05 17:32:03,GUIDED,True,-7.9262264,112.594866,152.72,0.0,0.0,TRACKING_BUOY,,
1785925924.122,2026-08-05 17:32:04,GUIDED,True,-7.9262264,112.594866,152.71,0.0,0.0,TRACKING_BUOY,30.0,-290.0
1785925924.260,2026-08-05 17:32:04,GUIDED,False,-7.9262264,112.594866,152.7,0.0,0.0,TRACKING_BUOY,30.450000000000003,-289.55
1785925924.406,2026-08-05 17:32:04,GUIDED,False,-7.9262264,112.594866,152.7,0.0,0.0,TRACKING_BUOY,31.1475,-288.8525
1785925924.550,2026-08-05 17:32:04,GUIDED,False,-7.9262264,112.594866,152.71,0.0,0.0,TRACKING_BUOY,32.431125,-287.568875
1785925924.692,2026-08-05 17:32:04,GUIDED,False,-7.9262264,112.594866,152.71,0.0,0.0,TRACKING_BUOY,,
1785925924.834,2026-08-05 17:32:04,GUIDED,False,-7.9262264,112.594866,152.7,0.0,0.0,TRACKING_BUOY,63.0,-257.0
1785925924.973,2026-08-05 17:32:04,GUIDED,False,-7.9262264,112.594866,152.7,0.0,0.0,TRACKING_BUOY,63.45,-256.55
1785925925.115,2026-08-05 17:32:05,GUIDED,False,-7.9262264,112.594866,152.69,0.0,0.0,TRACKING_BUOY,,
1785925925.256,2026-08-05 17:32:05,GUIDED,False,-7.9262264,112.594866,152.7,0.0,0.0,TRACKING_BUOY,,
1785925925.396,2026-08-05 17:32:05,GUIDED,False,-7.9262264,112.594866,152.7,0.0,0.0,TRACKING_BUOY,,
1785925925.531,2026-08-05 17:32:05,GUIDED,False,-7.9262264,112.594866,152.7,0.0,0.0,TRACKING_BUOY,,
1785925925.667,2026-08-05 17:32:05,GUIDED,False,-7.9262264,112.594866,152.69,0.0,0.0,TRACKING_BUOY,,
1785925925.811,2026-08-05 17:32:05,GUIDED,False,-7.9262264,112.594866,152.71,0.0,0.0,TRACKING_BUOY,,
1785925925.949,2026-08-05 17:32:05,GUIDED,False,-7.9262264,112.594866,152.72,0.0,0.0,TRACKING_BUOY,,
1785925926.084,2026-08-05 17:32:06,GUIDED,False,-7.9262264,112.594866,152.72,0.0,0.0,TRACKING_BUOY,,
1785925926.235,2026-08-05 17:32:06,GUIDED,False,-7.9262264,112.594866,152.73,0.0,0.0,TRACKING_BUOY,,
1785925926.375,2026-08-05 17:32:06,GUIDED,False,-7.9262264,112.594866,152.72,0.0,0.0,TRACKING_BUOY,,
1785925926.514,2026-08-05 17:32:06,GUIDED,False,-7.9262264,112.594866,152.71,0.0,0.0,TRACKING_BUOY,,
1785925926.651,2026-08-05 17:32:06,GUIDED,False,-7.9262264,112.594866,152.7,0.0,0.0,TRACKING_BUOY,,
1785925926.794,2026-08-05 17:32:06,GUIDED,False,-7.9262264,112.594866,152.72,0.0,0.0,TRACKING_BUOY,,
1785925926.938,2026-08-05 17:32:06,GUIDED,False,-7.9262264,112.594866,152.71,0.0,0.0,TRACKING_BUOY,,
1785925927.092,2026-08-05 17:32:07,GUIDED,False,-7.9262264,112.594866,152.7,0.0,0.0,TRACKING_BUOY,,
1785925927.232,2026-08-05 17:32:07,GUIDED,False,-7.9262264,112.594866,152.71,0.0,0.0,TRACKING_BUOY,,
1785925927.370,2026-08-05 17:32:07,GUIDED,False,-7.9262264,112.594866,152.72,0.0,0.0,TRACKING_BUOY,,
1785925927.507,2026-08-05 17:32:07,GUIDED,False,-7.9262264,112.594866,152.72,0.0,0.0,TRACKING_BUOY,,
1785925927.644,2026-08-05 17:32:07,GUIDED,False,-7.9262264,112.594866,152.7,0.0,0.0,TRACKING_BUOY,,
1785925927.785,2026-08-05 17:32:07,GUIDED,False,-7.9262264,112.594866,152.7,0.0,0.0,TRACKING_BUOY,,
1785925927.926,2026-08-05 17:32:07,GUIDED,False,-7.9262264,112.594866,152.69,0.0,0.0,TRACKING_BUOY,,
1785925928.059,2026-08-05 17:32:08,GUIDED,False,-7.9262264,112.594866,152.69,0.0,0.0,TRACKING_BUOY,,
1785925928.195,2026-08-05 17:32:08,GUIDED,False,-7.9262264,112.594866,152.69,0.0,0.0,TRACKING_BUOY,,
1785925928.332,2026-08-05 17:32:08,GUIDED,False,-7.9262264,112.594866,152.68,0.0,0.0,TRACKING_BUOY,,
1785925928.466,2026-08-05 17:32:08,GUIDED,False,-7.9262264,112.594866,152.69,0.0,0.0,TRACKING_BUOY,,
1785925928.605,2026-08-05 17:32:08,GUIDED,False,-7.9262264,112.594866,152.68,0.0,0.0,TRACKING_BUOY,466.0,146.0
1785925928.750,2026-08-05 17:32:08,GUIDED,False,-7.9262264,112.594866,152.68,0.0,0.0,TRACKING_BUOY,,
1785925928.886,2026-08-05 17:32:08,GUIDED,False,-7.9262264,112.594866,152.67,0.0,0.0,TRACKING_BUOY,,
1785925929.026,2026-08-05 17:32:09,GUIDED,False,-7.9262264,112.594866,152.67,0.0,0.0,TRACKING_BUOY,,
1785925929.165,2026-08-05 17:32:09,GUIDED,False,-7.9262264,112.594866,152.67,0.0,0.0,TRACKING_BUOY,33.0,-287.0
1785925929.304,2026-08-05 17:32:09,GUIDED,False,-7.9262264,112.594866,152.69,0.0,0.0,TRACKING_BUOY,32.550000000000004,-287.45
1785925929.442,2026-08-05 17:32:09,GUIDED,False,-7.9262264,112.594866,152.68,0.0,0.0,TRACKING_BUOY,32.3025,-287.6975
1785925929.576,2026-08-05 17:32:09,GUIDED,False,-7.9262264,112.594866,152.67,0.0,0.0,TRACKING_BUOY,32.166375,-287.833625
1785925929.716,2026-08-05 17:32:09,GUIDED,False,-7.9262264,112.594866,152.67,0.0,0.0,TRACKING_BUOY,32.09150625,-287.90849375
1785925929.858,2026-08-05 17:32:09,GUIDED,False,-7.9262264,112.594866,152.65,0.0,0.0,TRACKING_BUOY,32.5003284375,-287.4996715625
1785925930.001,2026-08-05 17:32:10,GUIDED,False,-7.9262264,112.594866,152.66,0.0,0.0,TRACKING_BUOY,32.725180640625005,-287.274819359375
1785925930.136,2026-08-05 17:32:10,GUIDED,False,-7.9262264,112.594866,152.67,0.0,0.0,TRACKING_BUOY,32.39884935234375,-287.60115064765625
1785925930.290,2026-08-05 17:32:10,GUIDED,False,-7.9262264,112.594866,152.66,0.0,0.0,TRACKING_BUOY,32.219367143789064,-287.78063285621096
1785925930.431,2026-08-05 17:32:10,GUIDED,False,-7.9262264,112.594866,152.67,0.0,0.0,TRACKING_BUOY,34.82065192908399,-285.17934807091603
1785925930.581,2026-08-05 17:32:10,GUIDED,False,-7.9262264,112.594866,152.66,0.0,0.0,TRACKING_BUOY,,
1785925930.725,2026-08-05 17:32:10,GUIDED,False,-7.9262264,112.594866,152.66,0.0,0.0,TRACKING_BUOY,,
1785925930.865,2026-08-05 17:32:10,GUIDED,False,-7.9262264,112.594866,152.67,0.0,0.0,TRACKING_BUOY,,
1785925931.001,2026-08-05 17:32:11,GUIDED,False,-7.9262264,112.594866,152.68,0.0,0.0,TRACKING_BUOY,,
1785925931.151,2026-08-05 17:32:11,GUIDED,False,-7.9262264,112.594866,152.69,0.0,0.0,TRACKING_BUOY,,
1785925931.299,2026-08-05 17:32:11,GUIDED,False,-7.9262264,112.594866,152.69,0.0,0.0,TRACKING_BUOY,,
1785925931.437,2026-08-05 17:32:11,GUIDED,False,-7.9262264,112.594866,152.69,0.0,0.0,TRACKING_BUOY,,
1785925931.578,2026-08-05 17:32:11,GUIDED,False,-7.9262264,112.594866,152.69,0.0,0.0,TRACKING_BUOY,,
1785925931.738,2026-08-05 17:32:11,GUIDED,False,-7.9262264,112.594866,152.68,0.0,0.0,TRACKING_BUOY,,
1785925931.886,2026-08-05 17:32:11,GUIDED,False,-7.9262264,112.594866,152.69,0.0,0.0,TRACKING_BUOY,,
1785925932.029,2026-08-05 17:32:12,GUIDED,False,-7.9262264,112.594866,152.71,0.0,0.0,TRACKING_BUOY,,
1785925932.182,2026-08-05 17:32:12,GUIDED,False,-7.9262264,112.594866,152.72,0.0,0.0,TRACKING_BUOY,,
1785925932.318,2026-08-05 17:32:12,GUIDED,False,-7.9262264,112.594866,152.73,0.0,0.0,TRACKING_BUOY,,
1785925932.453,2026-08-05 17:32:12,GUIDED,False,-7.9262264,112.594866,152.72,0.0,0.0,TRACKING_BUOY,,
1785925932.591,2026-08-05 17:32:12,GUIDED,False,-7.9262264,112.594866,152.72,0.0,0.0,TRACKING_BUOY,,
1785925932.736,2026-08-05 17:32:12,GUIDED,False,-7.9262264,112.594866,152.73,0.0,0.0,TRACKING_BUOY,,
1785925932.875,2026-08-05 17:32:12,GUIDED,False,-7.9262264,112.594866,152.72,0.0,0.0,TRACKING_BUOY,,
1785925933.016,2026-08-05 17:32:13,GUIDED,False,-7.9262264,112.594866,152.72,0.0,0.0,TRACKING_BUOY,,
1785925933.158,2026-08-05 17:32:13,GUIDED,False,-7.9262264,112.594866,152.71,0.0,0.0,TRACKING_BUOY,,
1785925933.303,2026-08-05 17:32:13,GUIDED,True,-7.9262264,112.594866,152.69,0.0,0.0,TRACKING_BUOY,,
1785925933.457,2026-08-05 17:32:13,GUIDED,True,-7.9262264,112.594866,152.71,0.0,0.0,TRACKING_BUOY,,
1785925933.606,2026-08-05 17:32:13,GUIDED,True,-7.9262264,112.594866,152.71,0.0,0.0,TRACKING_BUOY,,
1785925933.759,2026-08-05 17:32:13,GUIDED,True,-7.9262264,112.594866,152.71,0.0,0.0,TRACKING_BUOY,,
1785925933.900,2026-08-05 17:32:13,GUIDED,True,-7.9262264,112.594866,152.7,0.0,0.0,TRACKING_BUOY,,
1785925934.047,2026-08-05 17:32:14,GUIDED,True,-7.9262264,112.594866,152.7,0.0,0.0,TRACKING_BUOY,,
1785925934.185,2026-08-05 17:32:14,GUIDED,True,-7.9262264,112.594866,152.71,0.0,0.0,TRACKING_BUOY,,
1785925934.328,2026-08-05 17:32:14,GUIDED,True,-7.9262264,112.594866,152.72,0.0,0.0,TRACKING_BUOY,,
1785925934.468,2026-08-05 17:32:14,GUIDED,True,-7.9262264,112.594866,152.71,0.0,0.0,TRACKING_BUOY,,
1785925934.607,2026-08-05 17:32:14,GUIDED,True,-7.9262264,112.594866,152.72,0.0,0.0,TRACKING_BUOY,,
1785925934.755,2026-08-05 17:32:14,GUIDED,True,-7.9262264,112.594866,152.71,0.0,0.0,TRACKING_BUOY,,
1785925934.893,2026-08-05 17:32:14,GUIDED,True,-7.9262264,112.594866,152.73,0.0,0.0,TRACKING_BUOY,,
1785925935.035,2026-08-05 17:32:15,GUIDED,True,-7.9262264,112.594866,152.74,0.0,0.0,TRACKING_BUOY,,
1785925935.178,2026-08-05 17:32:15,GUIDED,True,-7.9262264,112.594866,152.74,0.0,0.0,TRACKING_BUOY,205.0,-115.0
1785925935.314,2026-08-05 17:32:15,GUIDED,True,-7.9262264,112.594866,152.74,0.0,0.0,TRACKING_BUOY,241.675,-78.32499999999999
1785925935.452,2026-08-05 17:32:15,GUIDED,True,-7.9262264,112.594866,152.73,0.0,0.0,TRACKING_BUOY,263.87125000000003,-56.12874999999997
1785925935.590,2026-08-05 17:32:15,GUIDED,True,-7.9262264,112.594866,152.73,0.0,0.0,TRACKING_BUOY,276.75418750000006,-43.24581249999994
1785925935.737,2026-08-05 17:32:15,GUIDED,True,-7.9262264,112.594866,152.72,0.0,0.0,TRACKING_BUOY,283.16480312500005,-36.83519687499995
1785925935.877,2026-08-05 17:32:15,GUIDED,True,-7.9262264,112.594866,152.73,0.0,0.0,TRACKING_BUOY,285.79064171875007,-34.20935828124993
1785925936.014,2026-08-05 17:32:16,GUIDED,True,-7.9262264,112.594866,152.73,0.0,0.0,TRACKING_BUOY,285.88485294531256,-34.11514705468744
1785925936.155,2026-08-05 17:32:16,GUIDED,True,-7.9262264,112.594866,152.75,0.0,0.0,TRACKING_BUOY,285.4866691199219,-34.513330880078115
1785925936.291,2026-08-05 17:32:16,GUIDED,True,-7.9262264,112.594866,152.73,0.0,0.0,TRACKING_BUOY,285.26766801595704,-34.73233198404296
1785925936.433,2026-08-05 17:32:16,GUIDED,True,-7.9262264,112.594866,152.73,0.0,0.0,TRACKING_BUOY,286.49721740877635,-33.50278259122365
1785925936.568,2026-08-05 17:32:16,GUIDED,True,-7.9262264,112.594866,152.74,0.0,0.0,TRACKING_BUOY,282.67346957482704,-37.32653042517296
1785925936.711,2026-08-05 17:32:16,GUIDED,True,-7.9262264,112.594866,152.74,0.0,0.0,TRACKING_BUOY,286.42040826615494,-33.579591733845064
1785925936.853,2026-08-05 17:32:16,GUIDED,True,-7.9262264,112.594866,152.74,0.0,0.0,TRACKING_BUOY,289.3812245463852,-30.618775453614774
1785925936.994,2026-08-05 17:32:16,GUIDED,True,-7.9262264,112.594866,152.73,0.0,0.0,TRACKING_BUOY,289.20967350051194,-30.79032649948806
1785925937.135,2026-08-05 17:32:17,GUIDED,True,-7.9262264,112.594866,152.73,0.0,0.0,TRACKING_BUOY,299.2403204252816,-20.759679574718405
1785925937.280,2026-08-05 17:32:17,GUIDED,True,-7.9262264,112.594866,152.74,0.0,0.0,TRACKING_BUOY,306.3321762339049,-13.667823766095125
1785925937.422,2026-08-05 17:32:17,GUIDED,True,-7.9262264,112.594866,152.74,0.0,0.0,TRACKING_BUOY,319.23269692864767,-0.7673030713523303
1785925937.603,2026-08-05 17:32:17,GUIDED,True,-7.9262264,112.594866,152.74,0.0,0.0,TRACKING_BUOY,331.2779833107562,11.277983310756213
1785925937.805,2026-08-05 17:32:17,GUIDED,True,-7.9262264,112.594866,152.73,0.0,0.0,TRACKING_BUOY,346.67789082091593,26.677890820915934
1785925937.982,2026-08-05 17:32:17,GUIDED,True,-7.9262264,112.594866,152.74,0.0,0.0,TRACKING_BUOY,352.22283995150383,32.22283995150383
1785925938.199,2026-08-05 17:32:18,GUIDED,True,-7.9262264,112.594866,152.75,0.0,0.0,TRACKING_BUOY,353.6975619733271,33.69756197332708
1785925938.339,2026-08-05 17:32:18,GUIDED,True,-7.9262264,112.594866,152.75,0.0,0.0,TRACKING_BUOY,355.1836590853299,35.18365908532991
1785925938.480,2026-08-05 17:32:18,GUIDED,True,-7.9262264,112.594866,152.75,0.0,0.0,TRACKING_BUOY,356.0010124969315,36.00101249693148
1785925938.620,2026-08-05 17:32:18,GUIDED,True,-7.9262264,112.594866,152.74,0.0,0.0,TRACKING_BUOY,356.45055687331234,36.45055687331234
1785925938.774,2026-08-05 17:32:18,GUIDED,True,-7.9262264,112.594866,152.72,0.0,0.0,TRACKING_BUOY,357.8228062803218,37.8228062803218
1785925938.909,2026-08-05 17:32:18,GUIDED,True,-7.9262264,112.594866,152.7,0.0,0.0,TRACKING_BUOY,360.827543454177,40.827543454176976
1785925939.043,2026-08-05 17:32:19,GUIDED,True,-7.9262264,112.594866,152.7,0.0,0.0,TRACKING_BUOY,363.83014889979734,43.83014889979734
1785925939.181,2026-08-05 17:32:19,GUIDED,True,-7.9262264,112.594866,152.71,0.0,0.0,TRACKING_BUOY,367.9565818948886,47.956581894888586
1785925939.320,2026-08-05 17:32:19,GUIDED,True,-7.9262264,112.594866,152.71,0.0,0.0,TRACKING_BUOY,373.37612004218875,53.376120042188745
1785925939.457,2026-08-05 17:32:19,GUIDED,True,-7.9262264,112.594866,152.73,0.0,0.0,TRACKING_BUOY,378.6068660232038,58.60686602320379
1785925939.593,2026-08-05 17:32:19,GUIDED,True,-7.9262264,112.594866,152.74,0.0,0.0,TRACKING_BUOY,376.9837763127621,56.983776312762075
1785925939.736,2026-08-05 17:32:19,GUIDED,True,-7.9262264,112.594866,152.76,0.0,0.0,TRACKING_BUOY,385.54107697201914,65.54107697201914
1785925939.880,2026-08-05 17:32:19,GUIDED,True,-7.9262264,112.594866,152.74,0.0,0.0,TRACKING_BUOY,392.72259233461057,72.72259233461057
1785925940.019,2026-08-05 17:32:20,GUIDED,True,-7.9262264,112.594866,152.74,0.0,0.0,TRACKING_BUOY,398.47242578403586,78.47242578403586
1785925940.160,2026-08-05 17:32:20,GUIDED,True,-7.9262264,112.594866,152.72,0.0,0.0,TRACKING_BUOY,402.75983418121973,82.75983418121973
1785925940.319,2026-08-05 17:32:20,GUIDED,True,-7.9262264,112.594866,152.73,0.0,0.0,TRACKING_BUOY,405.1179087996709,85.11790879967089
1785925940.465,2026-08-05 17:32:20,GUIDED,True,-7.9262264,112.594866,152.72,0.0,0.0,TRACKING_BUOY,392.464849839819,72.46484983981901
1785925940.606,2026-08-05 17:32:20,GUIDED,True,-7.9262264,112.594866,152.73,0.0,0.0,TRACKING_BUOY,378.30566741190046,58.30566741190046
1785925940.782,2026-08-05 17:32:20,GUIDED,True,-7.9262264,112.594866,152.73,0.0,0.0,TRACKING_BUOY,367.1431170765453,47.14311707654531
1785925940.924,2026-08-05 17:32:20,GUIDED,True,-7.9262264,112.594866,152.73,0.0,0.0,TRACKING_BUOY,343.9037143920999,23.903714392099914
1785925941.065,2026-08-05 17:32:21,GUIDED,True,-7.9262264,112.594866,152.72,0.0,0.0,TRACKING_BUOY,318.972042915655,-1.0279570843450188
1785925941.201,2026-08-05 17:32:21,GUIDED,True,-7.9262264,112.594866,152.72,0.0,0.0,TRACKING_BUOY,294.68462360361025,-25.315376396389752
1785925941.345,2026-08-05 17:32:21,GUIDED,True,-7.9262264,112.594866,152.72,0.0,0.0,TRACKING_BUOY,271.87654298198566,-48.123457018014335
1785925941.483,2026-08-05 17:32:21,GUIDED,True,-7.9262264,112.594866,152.72,0.0,0.0,TRACKING_BUOY,252.35709864009215,-67.64290135990785
1785925941.625,2026-08-05 17:32:21,GUIDED,True,-7.9262264,112.594866,152.72,0.0,0.0,TRACKING_BUOY,227.44640425205068,-92.55359574794932
1785925941.788,2026-08-05 17:32:21,GUIDED,True,-7.9262264,112.594866,152.72,0.0,0.0,TRACKING_BUOY,218.9205223386279,-101.0794776613721
1785925941.937,2026-08-05 17:32:21,GUIDED,True,-7.9262264,112.594866,152.72,0.0,0.0,TRACKING_BUOY,201.40628728624534,-118.59371271375466
1785925942.077,2026-08-05 17:32:22,GUIDED,True,-7.9262264,112.594866,152.73,0.0,0.0,TRACKING_BUOY,192.22345800743494,-127.77654199256506
1785925942.225,2026-08-05 17:32:22,GUIDED,True,-7.9262264,112.594866,152.75,0.0,0.0,TRACKING_BUOY,190.77290190408922,-129.22709809591078
1785925942.365,2026-08-05 17:32:22,GUIDED,True,-7.9262264,112.594866,152.73,0.0,0.0,TRACKING_BUOY,203.0250960472491,-116.9749039527509
1785925942.501,2026-08-05 17:32:22,GUIDED,True,-7.9262264,112.594866,152.72,0.0,0.0,TRACKING_BUOY,216.963802825987,-103.03619717401301
1785925942.640,2026-08-05 17:32:22,GUIDED,True,-7.9262264,112.594866,152.73,0.0,0.0,TRACKING_BUOY,234.98009155429287,-85.01990844570713
1785925942.785,2026-08-05 17:32:22,GUIDED,True,-7.9262264,112.594866,152.73,0.0,0.0,TRACKING_BUOY,257.4890503548611,-62.51094964513891
1785925942.922,2026-08-05 17:32:22,GUIDED,True,-7.9262264,112.594866,152.73,0.0,0.0,TRACKING_BUOY,282.2439776951736,-37.75602230482639
1785925943.067,2026-08-05 17:32:23,GUIDED,True,-7.9262264,112.594866,152.72,0.0,0.0,TRACKING_BUOY,309.5841877323455,-10.415812267654474
1785925943.212,2026-08-05 17:32:23,GUIDED,True,-7.9262264,112.594866,152.71,0.0,0.0,TRACKING_BUOY,335.42130325279004,15.42130325279004
1785925943.353,2026-08-05 17:32:23,GUIDED,True,-7.9262264,112.594866,152.72,0.0,0.0,TRACKING_BUOY,356.38171678903456,36.381716789034556
1785925943.489,2026-08-05 17:32:23,GUIDED,True,-7.9262264,112.594866,152.73,0.0,0.0,TRACKING_BUOY,372.409944233969,52.409944233968986
1785925943.628,2026-08-05 17:32:23,GUIDED,True,-7.9262264,112.594866,152.72,0.0,0.0,TRACKING_BUOY,383.70046932868297,63.70046932868297
1785925943.785,2026-08-05 17:32:23,GUIDED,True,-7.9262264,112.594866,152.73,0.0,0.0,TRACKING_BUOY,389.01025813077564,69.01025813077564
1785925943.924,2026-08-05 17:32:23,GUIDED,True,-7.9262264,112.594866,152.73,0.0,0.0,TRACKING_BUOY,386.08064197192664,66.08064197192664
1785925944.061,2026-08-05 17:32:24,GUIDED,True,-7.9262264,112.594866,152.73,0.0,0.0,TRACKING_BUOY,374.5693530845597,54.56935308455968
1785925944.204,2026-08-05 17:32:24,GUIDED,True,-7.9262264,112.594866,152.71,0.0,0.0,TRACKING_BUOY,356.3131441965079,36.31314419650789
1785925944.344,2026-08-05 17:32:24,GUIDED,True,-7.9262264,112.594866,152.71,0.0,0.0,TRACKING_BUOY,332.7722293080794,12.772229308079375
1785925944.487,2026-08-05 17:32:24,GUIDED,True,-7.9262264,112.594866,152.72,0.0,0.0,TRACKING_BUOY,306.0997261194437,-13.900273880556313
1785925944.648,2026-08-05 17:32:24,GUIDED,True,-7.9262264,112.594866,152.72,0.0,0.0,TRACKING_BUOY,279.279849365694,-40.72015063430598
1785925944.792,2026-08-05 17:32:24,GUIDED,True,-7.9262264,112.594866,152.73,0.0,0.0,TRACKING_BUOY,241.35391715113172,-78.64608284886828
1785925944.929,2026-08-05 17:32:24,GUIDED,True,-7.9262264,112.594866,152.74,0.0,0.0,TRACKING_BUOY,219.14465443312247,-100.85534556687753
1785925945.067,2026-08-05 17:32:25,GUIDED,True,-7.9262264,112.594866,152.74,0.0,0.0,TRACKING_BUOY,208.27955993821735,-111.72044006178265
1785925945.209,2026-08-05 17:32:25,GUIDED,True,-7.9262264,112.594866,152.74,0.0,0.0,TRACKING_BUOY,205.00375796601955,-114.99624203398045
1785925945.350,2026-08-05 17:32:25,GUIDED,True,-7.9262264,112.594866,152.73,0.0,0.0,TRACKING_BUOY,207.70206688131077,-112.29793311868923
1785925945.497,2026-08-05 17:32:25,GUIDED,True,-7.9262264,112.594866,152.73,0.0,0.0,TRACKING_BUOY,215.93613678472093,-104.06386321527907
1785925945.635,2026-08-05 17:32:25,GUIDED,True,-7.9262264,112.594866,152.72,0.0,0.0,TRACKING_BUOY,239.58987523159652,-80.41012476840348
1785925945.780,2026-08-05 17:32:25,GUIDED,True,-7.9262264,112.594866,152.72,0.0,0.0,TRACKING_BUOY,255.9744313773781,-64.0255686226219
1785925945.916,2026-08-05 17:32:25,GUIDED,True,-7.9262264,112.594866,152.71,0.0,0.0,TRACKING_BUOY,256.885937257558,-63.114062742442
1785925946.052,2026-08-05 17:32:26,GUIDED,True,-7.9262264,112.594866,152.7,0.0,0.0,TRACKING_BUOY,265.0372654916569,-54.96273450834309
1785925946.201,2026-08-05 17:32:26,GUIDED,True,-7.9262264,112.594866,152.68,0.0,0.0,TRACKING_BUOY,266.5954960204113,-53.404503979588696
1785925946.340,2026-08-05 17:32:26,GUIDED,True,-7.9262264,112.594866,152.69,0.0,0.0,TRACKING_BUOY,264.97752281122627,-55.022477188773735
1785925946.495,2026-08-05 17:32:26,GUIDED,True,-7.9262264,112.594866,152.69,0.0,0.0,TRACKING_BUOY,262.51263754617446,-57.48736245382554
1785925946.633,2026-08-05 17:32:26,GUIDED,True,-7.9262264,112.594866,152.69,0.0,0.0,TRACKING_BUOY,259.581950650396,-60.41804934960402
1785925946.775,2026-08-05 17:32:26,GUIDED,True,-7.9262264,112.594866,152.68,0.0,0.0,TRACKING_BUOY,256.1700728577178,-63.8299271422822
1785925946.931,2026-08-05 17:32:26,GUIDED,True,-7.9262264,112.594866,152.67,0.0,0.0,TRACKING_BUOY,252.4935400717448,-67.5064599282552
1785925947.071,2026-08-05 17:32:27,GUIDED,True,-7.9262264,112.594866,152.68,0.0,0.0,TRACKING_BUOY,249.79644703945962,-70.20355296054038
1785925947.219,2026-08-05 17:32:27,GUIDED,True,-7.9262264,112.594866,152.67,0.0,0.0,TRACKING_BUOY,247.63804587170281,-72.36195412829719
1785925947.400,2026-08-05 17:32:27,GUIDED,True,-7.9262264,112.594866,152.65,0.0,0.0,TRACKING_BUOY,246.22592522943657,-73.77407477056343
1785925947.549,2026-08-05 17:32:27,GUIDED,True,-7.9262264,112.594866,152.66,0.0,0.0,TRACKING_BUOY,245.44925887619013,-74.55074112380987
1785925947.718,2026-08-05 17:32:27,GUIDED,True,-7.9262264,112.594866,152.66,0.0,0.0,TRACKING_BUOY,244.79709238190458,-75.20290761809542
1785925947.874,2026-08-05 17:32:27,GUIDED,True,-7.9262264,112.594866,152.66,0.0,0.0,TRACKING_BUOY,245.56340081004754,-74.43659918995246
1785925948.024,2026-08-05 17:32:28,GUIDED,True,-7.9262264,112.594866,152.66,0.0,0.0,TRACKING_BUOY,251.38487044552613,-68.61512955447387
1785925948.168,2026-08-05 17:32:28,GUIDED,True,-7.9262264,112.594866,152.65,0.0,0.0,TRACKING_BUOY,269.4366787450394,-50.56332125496061
1785925948.316,2026-08-05 17:32:28,GUIDED,True,-7.9262264,112.594866,152.64,0.0,0.0,TRACKING_BUOY,290.61517330977165,-29.38482669022835
1785925948.455,2026-08-05 17:32:28,GUIDED,True,-7.9262264,112.594866,152.65,0.0,0.0,TRACKING_BUOY,312.16334532037445,-7.836654679625553
1785925948.599,2026-08-05 17:32:28,GUIDED,True,-7.9262264,112.594866,152.65,0.0,0.0,TRACKING_BUOY,331.889839926206,11.88983992620598
1785925948.755,2026-08-05 17:32:28,GUIDED,True,-7.9262264,112.594866,152.64,0.0,0.0,TRACKING_BUOY,346.7894119594133,26.789411959413314
1785925948.893,2026-08-05 17:32:28,GUIDED,True,-7.9262264,112.594866,152.64,0.0,0.0,TRACKING_BUOY,355.43417657767736,35.43417657767736
1785925949.031,2026-08-05 17:32:29,GUIDED,True,-7.9262264,112.594866,152.64,0.0,0.0,TRACKING_BUOY,354.78879711772254,34.78879711772254
1785925949.168,2026-08-05 17:32:29,GUIDED,True,-7.9262264,112.594866,152.64,0.0,0.0,TRACKING_BUOY,345.4338384147474,25.433838414747413
1785925949.305,2026-08-05 17:32:29,GUIDED,True,-7.9262264,112.594866,152.65,0.0,0.0,TRACKING_BUOY,,
1785925949.441,2026-08-05 17:32:29,GUIDED,True,-7.9262264,112.594866,152.66,0.0,0.0,TRACKING_BUOY,,
1785925949.580,2026-08-05 17:32:29,GUIDED,True,-7.9262264,112.594866,152.67,0.0,0.0,TRACKING_BUOY,,
1785925949.720,2026-08-05 17:32:29,GUIDED,True,-7.9262264,112.594866,152.68,0.0,0.0,TRACKING_BUOY,,
1785925949.870,2026-08-05 17:32:29,GUIDED,True,-7.9262264,112.594866,152.69,0.0,0.0,TRACKING_BUOY,247.0,-73.0
1785925950.014,2026-08-05 17:32:30,GUIDED,True,-7.9262264,112.594866,152.69,0.0,0.0,TRACKING_BUOY,,
1785925950.153,2026-08-05 17:32:30,GUIDED,True,-7.9262264,112.594866,152.68,0.0,0.0,TRACKING_BUOY,,
1785925950.291,2026-08-05 17:32:30,GUIDED,True,-7.9262264,112.594866,152.68,0.0,0.0,TRACKING_BUOY,,
1785925950.429,2026-08-05 17:32:30,GUIDED,True,-7.9262264,112.594866,152.67,0.0,0.0,TRACKING_BUOY,264.0,-56.0
1785925950.566,2026-08-05 17:32:30,GUIDED,True,-7.9262264,112.594866,152.68,0.0,0.0,TRACKING_BUOY,264.90000000000003,-55.099999999999966
1785925950.709,2026-08-05 17:32:30,GUIDED,True,-7.9262264,112.594866,152.68,0.0,0.0,TRACKING_BUOY,267.64500000000004,-52.35499999999996
1785925950.848,2026-08-05 17:32:30,GUIDED,True,-7.9262264,112.594866,152.68,0.0,0.0,TRACKING_BUOY,,
1785925950.988,2026-08-05 17:32:30,GUIDED,True,-7.9262264,112.594866,152.69,0.0,0.0,TRACKING_BUOY,,
1785925951.128,2026-08-05 17:32:31,GUIDED,True,-7.9262264,112.594866,152.69,0.0,0.0,TRACKING_BUOY,271.0,-49.0
1785925951.268,2026-08-05 17:32:31,GUIDED,False,-7.9262264,112.594866,152.71,0.0,0.0,TRACKING_BUOY,271.45000000000005,-48.549999999999955
1785925951.414,2026-08-05 17:32:31,GUIDED,False,-7.9262264,112.594866,152.7,0.0,0.0,TRACKING_BUOY,271.69750000000005,-48.30249999999995
1785925951.571,2026-08-05 17:32:31,GUIDED,False,-7.9262264,112.594866,152.69,0.0,0.0,TRACKING_BUOY,271.38362500000005,-48.61637499999995
1785925951.717,2026-08-05 17:32:31,GUIDED,False,-7.9262264,112.594866,152.69,0.0,0.0,TRACKING_BUOY,,
1785925951.887,2026-08-05 17:32:31,GUIDED,False,-7.9262264,112.594866,152.7,0.0,0.0,TRACKING_BUOY,,
1785925952.023,2026-08-05 17:32:32,GUIDED,False,-7.9262264,112.594866,152.71,0.0,0.0,TRACKING_BUOY,,
1785925952.166,2026-08-05 17:32:32,GUIDED,False,-7.9262264,112.594866,152.71,0.0,0.0,TRACKING_BUOY,,
1785925952.303,2026-08-05 17:32:32,GUIDED,False,-7.9262264,112.594866,152.7,0.0,0.0,TRACKING_BUOY,,
1785925952.476,2026-08-05 17:32:32,GUIDED,False,-7.9262264,112.594866,152.7,0.0,0.0,TRACKING_BUOY,,
1785925952.613,2026-08-05 17:32:32,GUIDED,False,-7.9262264,112.594866,152.7,0.0,0.0,TRACKING_BUOY,,
1785925952.751,2026-08-05 17:32:32,GUIDED,False,-7.9262264,112.594866,152.72,0.0,0.0,TRACKING_BUOY,,
1785925952.888,2026-08-05 17:32:32,GUIDED,False,-7.9262264,112.594866,152.71,0.0,0.0,TRACKING_BUOY,,
1785925953.024,2026-08-05 17:32:33,GUIDED,False,-7.9262264,112.594866,152.7,0.0,0.0,TRACKING_BUOY,,
1785925953.164,2026-08-05 17:32:33,GUIDED,False,-7.9262264,112.594866,152.7,0.0,0.0,TRACKING_BUOY,,
1785925953.304,2026-08-05 17:32:33,GUIDED,False,-7.9262264,112.594866,152.69,0.0,0.0,TRACKING_BUOY,,
1785925953.443,2026-08-05 17:32:33,GUIDED,False,-7.9262264,112.594866,152.66,0.0,0.0,TRACKING_BUOY,,
1785925953.576,2026-08-05 17:32:33,GUIDED,False,-7.9262264,112.594866,152.66,0.0,0.0,TRACKING_BUOY,,
1785925953.715,2026-08-05 17:32:33,GUIDED,False,-7.9262264,112.594866,152.66,0.0,0.0,TRACKING_BUOY,,
1785925953.854,2026-08-05 17:32:33,GUIDED,False,-7.9262264,112.594866,152.65,0.0,0.0,TRACKING_BUOY,,
1785925953.991,2026-08-05 17:32:33,GUIDED,False,-7.9262264,112.594866,152.64,0.0,0.0,TRACKING_BUOY,,
1785925954.131,2026-08-05 17:32:34,GUIDED,False,-7.9262264,112.594866,152.64,0.0,0.0,TRACKING_BUOY,,
1785925954.267,2026-08-05 17:32:34,GUIDED,False,-7.9262264,112.594866,152.64,0.0,0.0,TRACKING_BUOY,119.0,-201.0
1785925954.407,2026-08-05 17:32:34,GUIDED,False,-7.9262264,112.594866,152.65,0.0,0.0,TRACKING_BUOY,,
1785925954.541,2026-08-05 17:32:34,GUIDED,False,-7.9262264,112.594866,152.65,0.0,0.0,TRACKING_BUOY,,
1785925954.676,2026-08-05 17:32:34,GUIDED,False,-7.9262264,112.594866,152.65,0.0,0.0,TRACKING_BUOY,,
1785925954.817,2026-08-05 17:32:34,GUIDED,False,-7.9262264,112.594866,152.65,0.0,0.0,TRACKING_BUOY,,
1785925954.950,2026-08-05 17:32:34,GUIDED,False,-7.9262264,112.594866,152.65,0.0,0.0,TRACKING_BUOY,,
1785925955.087,2026-08-05 17:32:35,GUIDED,False,-7.9262264,112.594866,152.64,0.0,0.0,TRACKING_BUOY,,
1785925955.229,2026-08-05 17:32:35,GUIDED,False,-7.9262264,112.594866,152.63,0.0,0.0,TRACKING_BUOY,,
1785925955.368,2026-08-05 17:32:35,GUIDED,False,-7.9262264,112.594866,152.62,0.0,0.0,TRACKING_BUOY,,
1785925955.506,2026-08-05 17:32:35,GUIDED,False,-7.9262264,112.594866,152.6,0.0,0.0,TRACKING_BUOY,,
1785925955.646,2026-08-05 17:32:35,GUIDED,False,-7.9262264,112.594866,152.56,0.0,0.0,TRACKING_BUOY,,
1785925955.786,2026-08-05 17:32:35,GUIDED,False,-7.9262264,112.594866,152.56,0.0,0.0,TRACKING_BUOY,,
1785925955.923,2026-08-05 17:32:35,GUIDED,False,-7.9262264,112.594866,152.55,0.0,0.0,TRACKING_BUOY,,
1785925956.064,2026-08-05 17:32:36,GUIDED,False,-7.9262264,112.594866,152.54,0.0,0.0,TRACKING_BUOY,,
1785925956.201,2026-08-05 17:32:36,GUIDED,False,-7.9262264,112.594866,152.54,0.0,0.0,TRACKING_BUOY,,
1785925956.337,2026-08-05 17:32:36,GUIDED,False,-7.9262264,112.594866,152.54,0.0,0.0,TRACKING_BUOY,,
1785925956.474,2026-08-05 17:32:36,GUIDED,False,-7.9262264,112.594866,152.55,0.0,0.0,TRACKING_BUOY,,
1785925956.608,2026-08-05 17:32:36,GUIDED,False,-7.9262264,112.594866,152.55,0.0,0.0,TRACKING_BUOY,,
1785925956.750,2026-08-05 17:32:36,GUIDED,False,-7.9262264,112.594866,152.56,0.0,0.0,TRACKING_BUOY,,
1785925956.908,2026-08-05 17:32:36,GUIDED,False,-7.9262264,112.594866,152.56,0.0,0.0,TRACKING_BUOY,,
1785925957.059,2026-08-05 17:32:37,GUIDED,False,-7.9262264,112.594866,152.56,0.0,0.0,TRACKING_BUOY,279.0,-41.0
1785925957.199,2026-08-05 17:32:37,GUIDED,False,-7.9262264,112.594866,152.57,0.0,0.0,TRACKING_BUOY,,
1785925957.338,2026-08-05 17:32:37,GUIDED,False,-7.9262264,112.594866,152.57,0.0,0.0,TRACKING_BUOY,279.0,-41.0
1785925957.495,2026-08-05 17:32:37,GUIDED,False,-7.9262264,112.594866,152.57,0.0,0.0,TRACKING_BUOY,278.55,-41.44999999999999
1785925957.632,2026-08-05 17:32:37,GUIDED,False,-7.9262264,112.594866,152.6,0.0,0.0,TRACKING_BUOY,278.3025,-41.69749999999999
1785925957.774,2026-08-05 17:32:37,GUIDED,False,-7.9262264,112.594866,152.59,0.0,0.0,TRACKING_BUOY,279.066375,-40.933625000000006
1785925957.916,2026-08-05 17:32:37,GUIDED,False,-7.9262264,112.594866,152.6,0.0,0.0,TRACKING_BUOY,279.03650625,-40.96349375
1785925958.055,2026-08-05 17:32:38,GUIDED,False,-7.9262264,112.594866,152.57,0.0,0.0,TRACKING_BUOY,,
1785925958.196,2026-08-05 17:32:38,GUIDED,False,-7.9262264,112.594866,152.55,0.0,0.0,TRACKING_BUOY,276.0,-44.0
1785925958.335,2026-08-05 17:32:38,GUIDED,False,-7.9262264,112.594866,152.55,0.0,0.0,TRACKING_BUOY,,
1785925958.471,2026-08-05 17:32:38,GUIDED,False,-7.9262264,112.594866,152.55,0.0,0.0,TRACKING_BUOY,,
1785925958.608,2026-08-05 17:32:38,GUIDED,False,-7.9262264,112.594866,152.55,0.0,0.0,TRACKING_BUOY,,
1785925958.756,2026-08-05 17:32:38,GUIDED,False,-7.9262264,112.594866,152.55,0.0,0.0,TRACKING_BUOY,,
1785925958.899,2026-08-05 17:32:38,GUIDED,False,-7.9262264,112.594866,152.53,0.0,0.0,TRACKING_BUOY,,
1785925959.033,2026-08-05 17:32:39,GUIDED,False,-7.9262264,112.594866,152.53,0.0,0.0,TRACKING_BUOY,,
1785925959.173,2026-08-05 17:32:39,GUIDED,False,-7.9262264,112.594866,152.53,0.0,0.0,TRACKING_BUOY,,
1785925959.309,2026-08-05 17:32:39,GUIDED,False,-7.9262264,112.594866,152.52,0.0,0.0,TRACKING_BUOY,284.0,-36.0
1785925959.453,2026-08-05 17:32:39,GUIDED,False,-7.9262264,112.594866,152.51,0.0,0.0,TRACKING_BUOY,284.45000000000005,-35.549999999999955
1785925959.590,2026-08-05 17:32:39,GUIDED,False,-7.9262264,112.594866,152.5,0.0,0.0,TRACKING_BUOY,,
1785925959.730,2026-08-05 17:32:39,GUIDED,False,-7.9262264,112.594866,152.49,0.0,0.0,TRACKING_BUOY,,
1785925959.871,2026-08-05 17:32:39,GUIDED,False,-7.9262264,112.594866,152.48,0.0,0.0,TRACKING_BUOY,,
1785925960.009,2026-08-05 17:32:40,GUIDED,False,-7.9262264,112.594866,152.46,0.0,0.0,TRACKING_BUOY,291.0,-29.0
1785925960.143,2026-08-05 17:32:40,GUIDED,False,-7.9262264,112.594866,152.45,0.0,0.0,TRACKING_BUOY,291.45000000000005,-28.549999999999955
1785925960.283,2026-08-05 17:32:40,GUIDED,False,-7.9262264,112.594866,152.41,0.0,0.0,TRACKING_BUOY,,
1785925960.432,2026-08-05 17:32:40,GUIDED,False,-7.9262264,112.594866,152.42,0.0,0.0,TRACKING_BUOY,294.0,-26.0
1785925960.566,2026-08-05 17:32:40,GUIDED,False,-7.9262264,112.594866,152.4,0.0,0.0,TRACKING_BUOY,294.0,-26.0
1785925960.703,2026-08-05 17:32:40,GUIDED,False,-7.9262264,112.594866,152.41,0.0,0.0,TRACKING_BUOY,294.45000000000005,-25.549999999999955
1785925960.858,2026-08-05 17:32:40,GUIDED,False,-7.9262264,112.594866,152.39,0.0,0.0,TRACKING_BUOY,294.24750000000006,-25.75249999999994
1785925960.998,2026-08-05 17:32:40,GUIDED,False,-7.9262264,112.594866,152.39,0.0,0.0,TRACKING_BUOY,,
1785925961.136,2026-08-05 17:32:41,GUIDED,False,-7.9262264,112.594866,152.43,0.0,0.0,TRACKING_BUOY,,
1785925961.277,2026-08-05 17:32:41,GUIDED,False,-7.9262264,112.594866,152.41,0.0,0.0,TRACKING_BUOY,,
1785925961.414,2026-08-05 17:32:41,GUIDED,False,-7.9262264,112.594866,152.4,0.0,0.0,TRACKING_BUOY,,
1785925961.548,2026-08-05 17:32:41,GUIDED,False,-7.9262264,112.594866,152.39,0.0,0.0,TRACKING_BUOY,,
1785925961.680,2026-08-05 17:32:41,GUIDED,False,-7.9262264,112.594866,152.39,0.0,0.0,TRACKING_BUOY,,
1785925961.816,2026-08-05 17:32:41,GUIDED,False,-7.9262264,112.594866,152.4,0.0,0.0,TRACKING_BUOY,,
1785925961.960,2026-08-05 17:32:41,GUIDED,False,-7.9262264,112.594866,152.4,0.0,0.0,TRACKING_BUOY,465.0,145.0
1785925962.093,2026-08-05 17:32:42,GUIDED,False,-7.9262264,112.594866,152.41,0.0,0.0,TRACKING_BUOY,,
1785925962.233,2026-08-05 17:32:42,GUIDED,False,-7.9262264,112.594866,152.41,0.0,0.0,TRACKING_BUOY,,
1785925962.372,2026-08-05 17:32:42,GUIDED,False,-7.9262264,112.594866,152.39,0.0,0.0,TRACKING_BUOY,,
1785925962.511,2026-08-05 17:32:42,GUIDED,False,-7.9262264,112.594866,152.38,0.0,0.0,TRACKING_BUOY,,
1785925962.675,2026-08-05 17:32:42,GUIDED,False,-7.9262264,112.594866,152.37,0.0,0.0,TRACKING_BUOY,,
1785925962.815,2026-08-05 17:32:42,GUIDED,False,-7.9262264,112.594866,152.36,0.0,0.0,TRACKING_BUOY,,
1785925962.956,2026-08-05 17:32:42,GUIDED,False,-7.9262264,112.594866,152.32,0.0,0.0,TRACKING_BUOY,,
1785925963.091,2026-08-05 17:32:43,GUIDED,False,-7.9262264,112.594866,152.33,0.0,0.0,TRACKING_BUOY,,
1785925963.227,2026-08-05 17:32:43,GUIDED,False,-7.9262264,112.594866,152.33,0.0,0.0,TRACKING_BUOY,,
1785925963.364,2026-08-05 17:32:43,GUIDED,False,-7.9262264,112.594866,152.33,0.0,0.0,TRACKING_BUOY,,
1785925963.500,2026-08-05 17:32:43,GUIDED,False,-7.9262264,112.594866,152.35,0.0,0.0,TRACKING_BUOY,,
1785925963.644,2026-08-05 17:32:43,GUIDED,False,-7.9262264,112.594866,152.33,0.0,0.0,TRACKING_BUOY,,
1785925963.831,2026-08-05 17:32:43,GUIDED,False,-7.9262264,112.594866,152.35,0.0,0.0,IDLE,,
1785925963.971,2026-08-05 17:32:43,GUIDED,False,-7.9262264,112.594866,152.34,0.0,0.0,IDLE,,
1785925964.106,2026-08-05 17:32:44,GUIDED,False,-7.9262264,112.594866,152.33,0.0,0.0,IDLE,,
1785925964.252,2026-08-05 17:32:44,GUIDED,False,-7.9262264,112.594866,152.33,0.0,0.0,IDLE,,
1785925964.398,2026-08-05 17:32:44,GUIDED,False,-7.9262264,112.594866,152.33,0.0,0.0,IDLE,,
1785925964.533,2026-08-05 17:32:44,GUIDED,False,-7.9262264,112.594866,152.33,0.0,0.0,IDLE,,
1785925964.673,2026-08-05 17:32:44,GUIDED,False,-7.9262264,112.594866,152.34,0.0,0.0,IDLE,,
1785925964.816,2026-08-05 17:32:44,GUIDED,False,-7.9262264,112.594866,152.34,0.0,0.0,IDLE,,
1785925965.346,2026-08-05 17:32:45,GUIDED,False,-7.9262264,112.594866,152.35,0.0,0.0,IDLE,,
1785925965.726,2026-08-05 17:32:45,GUIDED,False,-7.9262264,112.594866,152.37,0.0,0.0,IDLE,,
1785925965.905,2026-08-05 17:32:45,GUIDED,False,-7.9262264,112.594866,152.36,0.0,0.0,IDLE,,
1785925966.054,2026-08-05 17:32:46,GUIDED,False,-7.9262264,112.594866,152.36,0.0,0.0,IDLE,,
1785925966.209,2026-08-05 17:32:46,GUIDED,False,-7.9262264,112.594866,152.37,0.0,0.0,IDLE,,
1785925966.341,2026-08-05 17:32:46,GUIDED,False,-7.9262264,112.594866,152.36,0.0,0.0,IDLE,,
1785925966.466,2026-08-05 17:32:46,GUIDED,False,-7.9262264,112.594866,152.36,0.0,0.0,IDLE,,
1785925966.601,2026-08-05 17:32:46,GUIDED,False,-7.9262264,112.594866,152.35,0.0,0.0,IDLE,,
1785925966.753,2026-08-05 17:32:46,GUIDED,False,-7.9262264,112.594866,152.36,0.0,0.0,IDLE,,
1785925966.907,2026-08-05 17:32:46,GUIDED,False,-7.9262264,112.594866,152.36,0.0,0.0,IDLE,,
1785925967.045,2026-08-05 17:32:47,GUIDED,False,-7.9262264,112.594866,152.36,0.0,0.0,IDLE,,
1785925967.183,2026-08-05 17:32:47,GUIDED,False,-7.9262264,112.594866,152.37,0.0,0.0,IDLE,,
1785925967.321,2026-08-05 17:32:47,GUIDED,False,-7.9262264,112.594866,152.36,0.0,0.0,IDLE,,
1785925967.452,2026-08-05 17:32:47,GUIDED,False,-7.9262264,112.594866,152.36,0.0,0.0,IDLE,,
1785925967.581,2026-08-05 17:32:47,GUIDED,False,-7.9262264,112.594866,152.35,0.0,0.0,IDLE,,
1785925967.725,2026-08-05 17:32:47,GUIDED,False,-7.9262264,112.594866,152.35,0.0,0.0,IDLE,,
1785925967.852,2026-08-05 17:32:47,GUIDED,False,-7.9262264,112.594866,152.35,0.0,0.0,IDLE,,
1785925967.985,2026-08-05 17:32:47,GUIDED,False,-7.9262264,112.594866,152.34,0.0,0.0,IDLE,,
1785925968.117,2026-08-05 17:32:48,GUIDED,False,-7.9262264,112.594866,152.35,0.0,0.0,IDLE,,
1785925968.251,2026-08-05 17:32:48,GUIDED,False,-7.9262264,112.594866,152.35,0.0,0.0,IDLE,,
1785925968.389,2026-08-05 17:32:48,GUIDED,False,-7.9262264,112.594866,152.35,0.0,0.0,IDLE,,
1785925968.518,2026-08-05 17:32:48,GUIDED,False,-7.9262264,112.594866,152.35,0.0,0.0,IDLE,,
1785925968.654,2026-08-05 17:32:48,GUIDED,False,-7.9262264,112.594866,152.35,0.0,0.0,IDLE,,
1785925968.790,2026-08-05 17:32:48,GUIDED,False,-7.9262264,112.594866,152.35,0.0,0.0,IDLE,,
1785925968.921,2026-08-05 17:32:48,GUIDED,False,-7.9262264,112.594866,152.34,0.0,0.0,IDLE,,
1785925969.054,2026-08-05 17:32:49,GUIDED,False,-7.9262264,112.594866,152.33,0.0,0.0,IDLE,,
1785925969.194,2026-08-05 17:32:49,GUIDED,False,-7.9262264,112.594866,152.34,0.0,0.0,IDLE,,
1785925969.333,2026-08-05 17:32:49,GUIDED,False,-7.9262264,112.594866,152.34,0.0,0.0,IDLE,,
1785925969.463,2026-08-05 17:32:49,GUIDED,False,-7.9262264,112.594866,152.34,0.0,0.0,IDLE,,
1785925969.599,2026-08-05 17:32:49,GUIDED,False,-7.9262264,112.594866,152.34,0.0,0.0,IDLE,,
1785925969.729,2026-08-05 17:32:49,GUIDED,False,-7.9262264,112.594866,152.34,0.0,0.0,IDLE,114.0,-206.0
1785925969.863,2026-08-05 17:32:49,GUIDED,False,-7.9262264,112.594866,152.33,0.0,0.0,IDLE,,
1785925969.999,2026-08-05 17:32:49,GUIDED,False,-7.9262264,112.594866,152.35,0.0,0.0,IDLE,,
1785925970.127,2026-08-05 17:32:50,GUIDED,False,-7.9262264,112.594866,152.36,0.0,0.0,IDLE,,
1785925970.258,2026-08-05 17:32:50,GUIDED,False,-7.9262264,112.594866,152.36,0.0,0.0,IDLE,,
1785925970.388,2026-08-05 17:32:50,GUIDED,False,-7.9262264,112.594866,152.36,0.0,0.0,IDLE,,
1785925970.527,2026-08-05 17:32:50,GUIDED,False,-7.9262264,112.594866,152.35,0.0,0.0,IDLE,,
1785925970.660,2026-08-05 17:32:50,GUIDED,False,-7.9262264,112.594866,152.33,0.0,0.0,IDLE,118.0,-202.0
1785925970.795,2026-08-05 17:32:50,GUIDED,False,-7.9262264,112.594866,152.34,0.0,0.0,IDLE,,
1785925970.932,2026-08-05 17:32:50,GUIDED,False,-7.9262264,112.594866,152.34,0.0,0.0,IDLE,624.0,304.0
1785925971.065,2026-08-05 17:32:51,GUIDED,False,-7.9262264,112.594866,152.33,0.0,0.0,IDLE,,
1785925971.198,2026-08-05 17:32:51,GUIDED,False,-7.9262264,112.594866,152.33,0.0,0.0,IDLE,,
1785925971.324,2026-08-05 17:32:51,GUIDED,False,-7.9262264,112.594866,152.32,0.0,0.0,IDLE,,
1785925971.455,2026-08-05 17:32:51,GUIDED,False,-7.9262264,112.594866,152.31,0.0,0.0,IDLE,,
1785925971.589,2026-08-05 17:32:51,GUIDED,False,-7.9262264,112.594866,152.3,0.0,0.0,IDLE,624.0,304.0
1785925971.721,2026-08-05 17:32:51,GUIDED,False,-7.9262264,112.594866,152.29,0.0,0.0,IDLE,,
1785925971.868,2026-08-05 17:32:51,GUIDED,False,-7.9262264,112.594866,152.29,0.0,0.0,IDLE,,
1785925972.000,2026-08-05 17:32:52,GUIDED,False,-7.9262264,112.594866,152.29,0.0,0.0,IDLE,,
1785925972.131,2026-08-05 17:32:52,GUIDED,False,-7.9262264,112.594866,152.3,0.0,0.0,IDLE,,
1785925972.263,2026-08-05 17:32:52,GUIDED,False,-7.9262264,112.594866,152.29,0.0,0.0,IDLE,,
1785925972.395,2026-08-05 17:32:52,GUIDED,False,-7.9262264,112.594866,152.28,0.0,0.0,IDLE,,
1785925972.531,2026-08-05 17:32:52,GUIDED,False,-7.9262264,112.594866,152.28,0.0,0.0,IDLE,,
1785925972.670,2026-08-05 17:32:52,GUIDED,False,-7.9262264,112.594866,152.31,0.0,0.0,IDLE,624.0,304.0
1785925972.811,2026-08-05 17:32:52,GUIDED,False,-7.9262264,112.594866,152.3,0.0,0.0,IDLE,,
1785925972.942,2026-08-05 17:32:52,GUIDED,False,-7.9262264,112.594866,152.29,0.0,0.0,IDLE,624.0,304.0
1785925973.076,2026-08-05 17:32:53,GUIDED,False,-7.9262264,112.594866,152.29,0.0,0.0,IDLE,,
1785925973.209,2026-08-05 17:32:53,GUIDED,False,-7.9262264,112.594866,152.28,0.0,0.0,IDLE,,
1785925973.340,2026-08-05 17:32:53,GUIDED,False,-7.9262264,112.594866,152.27,0.0,0.0,IDLE,,
1785925973.471,2026-08-05 17:32:53,GUIDED,False,-7.9262264,112.594866,152.25,0.0,0.0,IDLE,,
1785925973.601,2026-08-05 17:32:53,GUIDED,False,-7.9262264,112.594866,152.27,0.0,0.0,IDLE,,
1785925973.734,2026-08-05 17:32:53,GUIDED,False,-7.9262264,112.594866,152.26,0.0,0.0,IDLE,,
1785925973.859,2026-08-05 17:32:53,GUIDED,False,-7.9262264,112.594866,152.27,0.0,0.0,IDLE,,
1785925973.988,2026-08-05 17:32:53,GUIDED,False,-7.9262264,112.594866,152.26,0.0,0.0,IDLE,,
1785925974.121,2026-08-05 17:32:54,GUIDED,False,-7.9262264,112.594866,152.26,0.0,0.0,IDLE,,
1785925974.254,2026-08-05 17:32:54,GUIDED,False,-7.9262264,112.594866,152.27,0.0,0.0,IDLE,,
1785925974.387,2026-08-05 17:32:54,GUIDED,False,-7.9262264,112.594866,152.26,0.0,0.0,IDLE,,
1785925974.516,2026-08-05 17:32:54,GUIDED,False,-7.9262264,112.594866,152.25,0.0,0.0,IDLE,,
1785925974.651,2026-08-05 17:32:54,GUIDED,False,-7.9262264,112.594866,152.25,0.0,0.0,IDLE,,
1785925974.793,2026-08-05 17:32:54,GUIDED,False,-7.9262264,112.594866,152.22,0.0,0.0,IDLE,,
1785925974.928,2026-08-05 17:32:54,GUIDED,False,-7.9262264,112.594866,152.22,0.0,0.0,IDLE,,
1785925975.055,2026-08-05 17:32:55,GUIDED,False,-7.9262264,112.594866,152.22,0.0,0.0,IDLE,,
1785925975.186,2026-08-05 17:32:55,GUIDED,False,-7.9262264,112.594866,152.21,0.0,0.0,IDLE,,
1785925975.325,2026-08-05 17:32:55,GUIDED,False,-7.9262264,112.594866,152.21,0.0,0.0,IDLE,,
1785925975.451,2026-08-05 17:32:55,GUIDED,False,-7.9262264,112.594866,152.21,0.0,0.0,IDLE,,
1785925975.587,2026-08-05 17:32:55,GUIDED,False,-7.9262264,112.594866,152.2,0.0,0.0,IDLE,,
1785925975.728,2026-08-05 17:32:55,GUIDED,False,-7.9262264,112.594866,152.2,0.0,0.0,IDLE,,
1785925975.857,2026-08-05 17:32:55,GUIDED,False,-7.9262264,112.594866,152.17,0.0,0.0,IDLE,,
1785925975.995,2026-08-05 17:32:55,GUIDED,False,-7.9262264,112.594866,152.17,0.0,0.0,IDLE,624.0,304.0
1785925976.128,2026-08-05 17:32:56,GUIDED,False,-7.9262264,112.594866,152.16,0.0,0.0,IDLE,,
1785925976.258,2026-08-05 17:32:56,GUIDED,False,-7.9262264,112.594866,152.15,0.0,0.0,IDLE,,
1785925976.386,2026-08-05 17:32:56,GUIDED,False,-7.9262264,112.594866,152.15,0.0,0.0,IDLE,,
1785925976.519,2026-08-05 17:32:56,GUIDED,False,-7.9262264,112.594866,152.14,0.0,0.0,IDLE,,
1785925976.651,2026-08-05 17:32:56,GUIDED,False,-7.9262264,112.594866,152.13,0.0,0.0,IDLE,,
1785925976.784,2026-08-05 17:32:56,GUIDED,False,-7.9262264,112.594866,152.14,0.0,0.0,IDLE,,
1785925976.929,2026-08-05 17:32:56,GUIDED,False,-7.9262264,112.594866,152.14,0.0,0.0,IDLE,,
1785925977.070,2026-08-05 17:32:57,GUIDED,False,-7.9262264,112.594866,152.14,0.0,0.0,IDLE,,
1785925977.199,2026-08-05 17:32:57,GUIDED,False,-7.9262264,112.594866,152.13,0.0,0.0,IDLE,,
1785925977.324,2026-08-05 17:32:57,GUIDED,False,-7.9262264,112.594866,152.12,0.0,0.0,IDLE,,
1785925977.453,2026-08-05 17:32:57,GUIDED,False,-7.9262264,112.594866,152.12,0.0,0.0,IDLE,,
1785925977.585,2026-08-05 17:32:57,GUIDED,False,-7.9262264,112.594866,152.11,0.0,0.0,IDLE,,
1785925977.726,2026-08-05 17:32:57,GUIDED,False,-7.9262264,112.594866,152.12,0.0,0.0,IDLE,,
1785925977.878,2026-08-05 17:32:57,GUIDED,False,-7.9262264,112.594866,152.11,0.0,0.0,IDLE,,
1785925978.012,2026-08-05 17:32:58,GUIDED,False,-7.9262264,112.594866,152.1,0.0,0.0,IDLE,,
1785925978.154,2026-08-05 17:32:58,GUIDED,False,-7.9262264,112.594866,152.09,0.0,0.0,IDLE,,
1785925978.285,2026-08-05 17:32:58,GUIDED,False,-7.9262264,112.594866,152.1,0.0,0.0,IDLE,,
1785925978.421,2026-08-05 17:32:58,GUIDED,False,-7.9262264,112.594866,152.08,0.0,0.0,IDLE,,
1785925978.554,2026-08-05 17:32:58,GUIDED,False,-7.9262264,112.594866,152.11,0.0,0.0,IDLE,,
1785925978.684,2026-08-05 17:32:58,GUIDED,False,-7.9262264,112.594866,152.1,0.0,0.0,IDLE,,
1785925978.837,2026-08-05 17:32:58,GUIDED,False,-7.9262264,112.594866,152.11,0.0,0.0,IDLE,,
1785925978.975,2026-08-05 17:32:58,GUIDED,False,-7.9262264,112.594866,152.09,0.0,0.0,IDLE,,
1785925979.109,2026-08-05 17:32:59,GUIDED,False,-7.9262264,112.594866,152.09,0.0,0.0,IDLE,,
1785925979.246,2026-08-05 17:32:59,GUIDED,False,-7.9262264,112.594866,152.08,0.0,0.0,IDLE,,
1785925979.381,2026-08-05 17:32:59,GUIDED,False,-7.9262264,112.594866,152.07,0.0,0.0,IDLE,,
1785925979.519,2026-08-05 17:32:59,GUIDED,False,-7.9262264,112.594866,152.06,0.0,0.0,IDLE,,
1785925979.660,2026-08-05 17:32:59,GUIDED,False,-7.9262264,112.594866,152.06,0.0,0.0,IDLE,,
1785925979.799,2026-08-05 17:32:59,GUIDED,False,-7.9262264,112.594866,152.07,0.0,0.0,IDLE,,
1785925980.144,2026-08-05 17:33:00,GUIDED,False,-7.9262264,112.594866,152.08,0.0,0.0,IDLE,624.0,304.0
1785925980.278,2026-08-05 17:33:00,GUIDED,False,-7.9262264,112.594866,152.07,0.0,0.0,IDLE,,
1785925980.409,2026-08-05 17:33:00,GUIDED,False,-7.9262264,112.594866,152.07,0.0,0.0,IDLE,,
1785925980.544,2026-08-05 17:33:00,GUIDED,False,-7.9262264,112.594866,152.08,0.0,0.0,IDLE,,
1785925980.675,2026-08-05 17:33:00,GUIDED,False,-7.9262264,112.594866,152.09,0.0,0.0,IDLE,,
1785925980.806,2026-08-05 17:33:00,GUIDED,False,-7.9262264,112.594866,152.08,0.0,0.0,IDLE,,
1785925980.954,2026-08-05 17:33:00,GUIDED,False,-7.9262264,112.594866,152.07,0.0,0.0,IDLE,,
1785925981.091,2026-08-05 17:33:01,GUIDED,False,-7.9262264,112.594866,152.07,0.0,0.0,IDLE,,
1785925981.226,2026-08-05 17:33:01,GUIDED,False,-7.9262264,112.594866,152.07,0.0,0.0,IDLE,,
1785925981.368,2026-08-05 17:33:01,GUIDED,False,-7.9262264,112.594866,152.06,0.0,0.0,IDLE,624.0,304.0
1785925981.506,2026-08-05 17:33:01,GUIDED,False,-7.9262264,112.594866,152.08,0.0,0.0,IDLE,,
1785925981.642,2026-08-05 17:33:01,GUIDED,False,-7.9262264,112.594866,152.08,0.0,0.0,IDLE,,
1785925981.782,2026-08-05 17:33:01,GUIDED,False,-7.9262264,112.594866,152.08,0.0,0.0,IDLE,,
1785925981.930,2026-08-05 17:33:01,GUIDED,False,-7.9262264,112.594866,152.07,0.0,0.0,IDLE,,
1785925982.061,2026-08-05 17:33:02,GUIDED,False,-7.9262264,112.594866,152.07,0.0,0.0,IDLE,,
1785925982.190,2026-08-05 17:33:02,GUIDED,False,-7.9262264,112.594866,152.06,0.0,0.0,IDLE,,
1785925982.320,2026-08-05 17:33:02,GUIDED,False,-7.9262264,112.594866,152.09,0.0,0.0,IDLE,,
1785925982.454,2026-08-05 17:33:02,GUIDED,False,-7.9262264,112.594866,152.09,0.0,0.0,IDLE,,
1785925982.588,2026-08-05 17:33:02,GUIDED,False,-7.9262264,112.594866,152.07,0.0,0.0,IDLE,,
1785925982.718,2026-08-05 17:33:02,GUIDED,False,-7.9262264,112.594866,152.07,0.0,0.0,IDLE,,
1785925982.843,2026-08-05 17:33:02,GUIDED,False,-7.9262264,112.594866,152.06,0.0,0.0,IDLE,,
1785925982.990,2026-08-05 17:33:02,GUIDED,False,-7.9262264,112.594866,152.06,0.0,0.0,IDLE,,
1785925983.119,2026-08-05 17:33:03,GUIDED,False,-7.9262264,112.594866,152.06,0.0,0.0,IDLE,,
1785925983.247,2026-08-05 17:33:03,GUIDED,False,-7.9262264,112.594866,152.06,0.0,0.0,IDLE,,
1785925983.378,2026-08-05 17:33:03,GUIDED,False,-7.9262264,112.594866,152.05,0.0,0.0,IDLE,,
1785925983.509,2026-08-05 17:33:03,GUIDED,False,-7.9262264,112.594866,152.06,0.0,0.0,IDLE,,
1785925983.649,2026-08-05 17:33:03,GUIDED,False,-7.9262264,112.594866,152.06,0.0,0.0,IDLE,,
1785925983.797,2026-08-05 17:33:03,GUIDED,False,-7.9262264,112.594866,152.06,0.0,0.0,IDLE,,
1785925983.931,2026-08-05 17:33:03,GUIDED,False,-7.9262264,112.594866,152.05,0.0,0.0,IDLE,,
1785925984.059,2026-08-05 17:33:04,GUIDED,False,-7.9262264,112.594866,152.06,0.0,0.0,IDLE,,
1785925984.191,2026-08-05 17:33:04,GUIDED,False,-7.9262264,112.594866,152.05,0.0,0.0,IDLE,,
1785925984.331,2026-08-05 17:33:04,GUIDED,False,-7.9262264,112.594866,152.07,0.0,0.0,IDLE,624.0,304.0
1785925984.467,2026-08-05 17:33:04,GUIDED,False,-7.9262264,112.594866,152.05,0.0,0.0,IDLE,,
1785925984.603,2026-08-05 17:33:04,GUIDED,False,-7.9262264,112.594866,152.07,0.0,0.0,IDLE,,
1785925984.739,2026-08-05 17:33:04,GUIDED,False,-7.9262264,112.594866,152.08,0.0,0.0,IDLE,,
1785925984.870,2026-08-05 17:33:04,GUIDED,False,-7.9262264,112.594866,152.07,0.0,0.0,IDLE,,
1785925985.005,2026-08-05 17:33:05,GUIDED,False,-7.9262264,112.594866,152.08,0.0,0.0,IDLE,,
1785925985.153,2026-08-05 17:33:05,GUIDED,False,-7.9262264,112.594866,152.09,0.0,0.0,IDLE,,
1785925985.283,2026-08-05 17:33:05,GUIDED,False,-7.9262264,112.594866,152.1,0.0,0.0,IDLE,,
1785925985.421,2026-08-05 17:33:05,GUIDED,False,-7.9262264,112.594866,152.11,0.0,0.0,IDLE,,
1785925985.549,2026-08-05 17:33:05,GUIDED,False,-7.9262264,112.594866,152.11,0.0,0.0,IDLE,624.0,304.0
1785925985.687,2026-08-05 17:33:05,GUIDED,False,-7.9262264,112.594866,152.1,0.0,0.0,IDLE,,
1785925985.819,2026-08-05 17:33:05,GUIDED,False,-7.9262264,112.594866,152.11,0.0,0.0,IDLE,,
1785925985.958,2026-08-05 17:33:05,GUIDED,False,-7.9262264,112.594866,152.09,0.0,0.0,IDLE,,
1785925986.093,2026-08-05 17:33:06,GUIDED,False,-7.9262264,112.594866,152.1,0.0,0.0,IDLE,,
1785925986.229,2026-08-05 17:33:06,GUIDED,False,-7.9262264,112.594866,152.1,0.0,0.0,IDLE,,
1785925986.366,2026-08-05 17:33:06,GUIDED,False,-7.9262264,112.594866,152.11,0.0,0.0,IDLE,,
1785925986.503,2026-08-05 17:33:06,GUIDED,False,-7.9262264,112.594866,152.11,0.0,0.0,IDLE,,
1785925986.637,2026-08-05 17:33:06,GUIDED,False,-7.9262264,112.594866,152.1,0.0,0.0,IDLE,,
1785925986.768,2026-08-05 17:33:06,GUIDED,False,-7.9262264,112.594866,152.11,0.0,0.0,IDLE,,
1785925986.907,2026-08-05 17:33:06,GUIDED,False,-7.9262264,112.594866,152.11,0.0,0.0,IDLE,,
1785925987.041,2026-08-05 17:33:07,GUIDED,False,-7.9262264,112.594866,152.11,0.0,0.0,IDLE,,
1785925987.176,2026-08-05 17:33:07,GUIDED,False,-7.9262264,112.594866,152.12,0.0,0.0,IDLE,,
1785925987.312,2026-08-05 17:33:07,GUIDED,False,-7.9262264,112.594866,152.11,0.0,0.0,IDLE,,
1785925987.447,2026-08-05 17:33:07,GUIDED,False,-7.9262264,112.594866,152.1,0.0,0.0,IDLE,,
1785925987.576,2026-08-05 17:33:07,GUIDED,False,-7.9262264,112.594866,152.11,0.0,0.0,IDLE,,
1785925987.708,2026-08-05 17:33:07,GUIDED,False,-7.9262264,112.594866,152.1,0.0,0.0,IDLE,,
1785925987.836,2026-08-05 17:33:07,GUIDED,False,-7.9262264,112.594866,152.09,0.0,0.0,IDLE,,
1785925987.992,2026-08-05 17:33:07,GUIDED,False,-7.9262264,112.594866,152.1,0.0,0.0,IDLE,,
1785925988.128,2026-08-05 17:33:08,GUIDED,False,-7.9262264,112.594866,152.09,0.0,0.0,IDLE,,
1785925988.260,2026-08-05 17:33:08,GUIDED,False,-7.9262264,112.594866,152.11,0.0,0.0,IDLE,,
1785925988.388,2026-08-05 17:33:08,GUIDED,False,-7.9262264,112.594866,152.09,0.0,0.0,IDLE,119.0,-201.0
1785925988.519,2026-08-05 17:33:08,GUIDED,False,-7.9262264,112.594866,152.09,0.0,0.0,IDLE,,
1785925988.650,2026-08-05 17:33:08,GUIDED,False,-7.9262264,112.594866,152.11,0.0,0.0,IDLE,,
1785925988.797,2026-08-05 17:33:08,GUIDED,False,-7.9262264,112.594866,152.11,0.0,0.0,IDLE,,
1785925988.935,2026-08-05 17:33:08,GUIDED,False,-7.9262264,112.594866,152.11,0.0,0.0,IDLE,,
1785925989.063,2026-08-05 17:33:09,GUIDED,False,-7.9262264,112.594866,152.12,0.0,0.0,IDLE,,
1785925989.191,2026-08-05 17:33:09,GUIDED,False,-7.9262264,112.594866,152.11,0.0,0.0,IDLE,119.0,-201.0
1785925989.321,2026-08-05 17:33:09,GUIDED,False,-7.9262264,112.594866,152.12,0.0,0.0,IDLE,,
1785925989.450,2026-08-05 17:33:09,GUIDED,False,-7.9262264,112.594866,152.14,0.0,0.0,IDLE,,
1785925989.582,2026-08-05 17:33:09,GUIDED,False,-7.9262264,112.594866,152.12,0.0,0.0,IDLE,116.0,-204.0
1785925989.714,2026-08-05 17:33:09,GUIDED,False,-7.9262264,112.594866,152.13,0.0,0.0,IDLE,351.8,31.80000000000001
1785925989.847,2026-08-05 17:33:09,GUIDED,False,-7.9262264,112.594866,152.13,0.0,0.0,IDLE,244.79000000000002,-75.20999999999998
1785925989.979,2026-08-05 17:33:09,GUIDED,False,-7.9262264,112.594866,152.09,0.0,0.0,IDLE,,
1785925990.112,2026-08-05 17:33:10,GUIDED,False,-7.9262264,112.594866,152.1,0.0,0.0,IDLE,114.0,-206.0
1785925990.241,2026-08-05 17:33:10,GUIDED,False,-7.9262264,112.594866,152.11,0.0,0.0,IDLE,,
1785925990.374,2026-08-05 17:33:10,GUIDED,False,-7.9262264,112.594866,152.12,0.0,0.0,IDLE,,
1785925990.511,2026-08-05 17:33:10,GUIDED,False,-7.9262264,112.594866,152.12,0.0,0.0,IDLE,115.0,-205.0
1785925990.642,2026-08-05 17:33:10,GUIDED,False,-7.9262264,112.594866,152.13,0.0,0.0,IDLE,115.45000000000002,-204.54999999999998
1785925990.780,2026-08-05 17:33:10,GUIDED,False,-7.9262264,112.594866,152.11,0.0,0.0,IDLE,274.9975,-45.0025
1785925990.908,2026-08-05 17:33:10,GUIDED,False,-7.9262264,112.594866,152.11,0.0,0.0,IDLE,,
1785925991.043,2026-08-05 17:33:11,GUIDED,False,-7.9262264,112.594866,152.11,0.0,0.0,IDLE,624.0,304.0
1785925991.182,2026-08-05 17:33:11,GUIDED,False,-7.9262264,112.594866,152.11,0.0,0.0,IDLE,,
1785925991.318,2026-08-05 17:33:11,GUIDED,False,-7.9262264,112.594866,152.12,0.0,0.0,IDLE,119.0,-201.0
1785925991.447,2026-08-05 17:33:11,GUIDED,False,-7.9262264,112.594866,152.12,0.0,0.0,IDLE,,
1785925991.583,2026-08-05 17:33:11,GUIDED,False,-7.9262264,112.594866,152.11,0.0,0.0,IDLE,118.0,-202.0
1785925991.717,2026-08-05 17:33:11,GUIDED,False,-7.9262264,112.594866,152.12,0.0,0.0,IDLE,118.0,-202.0
1785925991.848,2026-08-05 17:33:11,GUIDED,False,-7.9262264,112.594866,152.13,0.0,0.0,IDLE,,
1785925991.992,2026-08-05 17:33:11,GUIDED,False,-7.9262264,112.594866,152.12,0.0,0.0,IDLE,117.0,-203.0
1785925992.122,2026-08-05 17:33:12,GUIDED,False,-7.9262264,112.594866,152.13,0.0,0.0,IDLE,,
1785925992.258,2026-08-05 17:33:12,GUIDED,False,-7.9262264,112.594866,152.13,0.0,0.0,IDLE,118.0,-202.0
1785925992.388,2026-08-05 17:33:12,GUIDED,False,-7.9262264,112.594866,152.12,0.0,0.0,IDLE,,
1785925992.516,2026-08-05 17:33:12,GUIDED,False,-7.9262264,112.594866,152.14,0.0,0.0,IDLE,,
1785925992.646,2026-08-05 17:33:12,GUIDED,False,-7.9262264,112.594866,152.13,0.0,0.0,IDLE,,
1785925992.784,2026-08-05 17:33:12,GUIDED,False,-7.9262264,112.594866,152.14,0.0,0.0,IDLE,120.0,-200.0
1785925992.917,2026-08-05 17:33:12,GUIDED,False,-7.9262264,112.594866,152.15,0.0,0.0,IDLE,,
1785925993.061,2026-08-05 17:33:13,GUIDED,False,-7.9262264,112.594866,152.16,0.0,0.0,IDLE,,
1785925993.194,2026-08-05 17:33:13,GUIDED,False,-7.9262264,112.594866,152.16,0.0,0.0,IDLE,,
1785925993.328,2026-08-05 17:33:13,GUIDED,False,-7.9262264,112.594866,152.15,0.0,0.0,IDLE,,
1785925993.463,2026-08-05 17:33:13,GUIDED,False,-7.9262264,112.594866,152.15,0.0,0.0,IDLE,,
1785925993.591,2026-08-05 17:33:13,GUIDED,False,-7.9262264,112.594866,152.16,0.0,0.0,IDLE,,
1785925993.723,2026-08-05 17:33:13,GUIDED,False,-7.9262264,112.594866,152.14,0.0,0.0,IDLE,,
1785925994.060,2026-08-05 17:33:14,GUIDED,False,-7.9262264,112.594866,152.14,0.0,0.0,IDLE,,
1785925994.603,2026-08-05 17:33:14,GUIDED,False,-7.9262264,112.594866,152.11,0.0,0.0,IDLE,,
1785925994.736,2026-08-05 17:33:14,GUIDED,False,-7.9262264,112.594866,152.11,0.0,0.0,IDLE,,
1785925994.882,2026-08-05 17:33:14,GUIDED,False,-7.9262264,112.594866,152.12,0.0,0.0,IDLE,,
1785925995.021,2026-08-05 17:33:15,GUIDED,False,-7.9262264,112.594866,152.12,0.0,0.0,IDLE,,
1785925995.172,2026-08-05 17:33:15,GUIDED,False,-7.9262264,112.594866,152.12,0.0,0.0,IDLE,,
1785925995.316,2026-08-05 17:33:15,GUIDED,False,-7.9262264,112.594866,152.11,0.0,0.0,IDLE,,
1785925995.450,2026-08-05 17:33:15,GUIDED,False,-7.9262264,112.594866,152.11,0.0,0.0,IDLE,,
1785925995.592,2026-08-05 17:33:15,GUIDED,False,-7.9262264,112.594866,152.11,0.0,0.0,IDLE,,
1785925995.736,2026-08-05 17:33:15,GUIDED,False,-7.9262264,112.594866,152.13,0.0,0.0,IDLE,,
1785925995.879,2026-08-05 17:33:15,GUIDED,False,-7.9262264,112.594866,152.13,0.0,0.0,IDLE,,
1785925996.021,2026-08-05 17:33:16,GUIDED,False,-7.9262264,112.594866,152.13,0.0,0.0,IDLE,,
1785925996.194,2026-08-05 17:33:16,GUIDED,False,-7.9262264,112.594866,152.12,0.0,0.0,IDLE,,
1785925996.334,2026-08-05 17:33:16,GUIDED,False,-7.9262264,112.594866,152.13,0.0,0.0,IDLE,,
1785925996.470,2026-08-05 17:33:16,GUIDED,False,-7.9262264,112.594866,152.12,0.0,0.0,IDLE,,
1785925996.613,2026-08-05 17:33:16,GUIDED,False,-7.9262264,112.594866,152.13,0.0,0.0,IDLE,,
1785925996.751,2026-08-05 17:33:16,GUIDED,False,-7.9262264,112.594866,152.13,0.0,0.0,IDLE,,
1785925996.897,2026-08-05 17:33:16,GUIDED,False,-7.9262264,112.594866,152.12,0.0,0.0,IDLE,,
1785925997.042,2026-08-05 17:33:17,GUIDED,False,-7.9262264,112.594866,152.12,0.0,0.0,IDLE,,
1785925997.178,2026-08-05 17:33:17,GUIDED,False,-7.9262264,112.594866,152.13,0.0,0.0,IDLE,,
1785925997.316,2026-08-05 17:33:17,GUIDED,False,-7.9262264,112.594866,152.13,0.0,0.0,IDLE,,
1785925997.457,2026-08-05 17:33:17,GUIDED,False,-7.9262264,112.594866,152.12,0.0,0.0,IDLE,,
1785925997.592,2026-08-05 17:33:17,GUIDED,False,-7.9262264,112.594866,152.13,0.0,0.0,IDLE,468.0,148.0
1785925997.732,2026-08-05 17:33:17,GUIDED,False,-7.9262264,112.594866,152.13,0.0,0.0,IDLE,538.2,218.20000000000005
1785925997.866,2026-08-05 17:33:17,GUIDED,False,-7.9262264,112.594866,152.12,0.0,0.0,IDLE,310.41,-9.589999999999975
1785925998.003,2026-08-05 17:33:18,GUIDED,False,-7.9262264,112.594866,152.11,0.0,0.0,IDLE,182.42550000000003,-137.57449999999997
1785925998.190,2026-08-05 17:33:18,GUIDED,False,-7.9262264,112.594866,152.12,0.0,0.0,IDLE,108.88402500000002,-211.115975
1785925998.332,2026-08-05 17:33:18,GUIDED,False,-7.9262264,112.594866,152.12,0.0,0.0,IDLE,202.76121375000002,-117.23878624999998
1785925998.475,2026-08-05 17:33:18,GUIDED,False,-7.9262264,112.594866,152.13,0.0,0.0,IDLE,,
1785925998.611,2026-08-05 17:33:18,GUIDED,False,-7.9262264,112.594866,152.13,0.0,0.0,IDLE,,
1785925998.761,2026-08-05 17:33:18,GUIDED,False,-7.9262264,112.594866,152.12,0.0,0.0,IDLE,,
1785925998.904,2026-08-05 17:33:18,GUIDED,False,-7.9262264,112.594866,152.13,0.0,0.0,IDLE,,
1785925999.047,2026-08-05 17:33:19,GUIDED,False,-7.9262264,112.594866,152.13,0.0,0.0,IDLE,,
1785925999.196,2026-08-05 17:33:19,GUIDED,False,-7.9262264,112.594866,152.13,0.0,0.0,IDLE,,
1785925999.333,2026-08-05 17:33:19,GUIDED,False,-7.9262264,112.594866,152.14,0.0,0.0,IDLE,,
1785925999.470,2026-08-05 17:33:19,GUIDED,False,-7.9262264,112.594866,152.14,0.0,0.0,IDLE,,
1785925999.605,2026-08-05 17:33:19,GUIDED,False,-7.9262264,112.594866,152.15,0.0,0.0,IDLE,,
1785925999.752,2026-08-05 17:33:19,GUIDED,False,-7.9262264,112.594866,152.15,0.0,0.0,IDLE,,
1785925999.889,2026-08-05 17:33:19,GUIDED,False,-7.9262264,112.594866,152.14,0.0,0.0,IDLE,,
1785926000.025,2026-08-05 17:33:20,GUIDED,False,-7.9262264,112.594866,152.14,0.0,0.0,IDLE,,
1785926000.170,2026-08-05 17:33:20,GUIDED,False,-7.9262264,112.594866,152.13,0.0,0.0,IDLE,,
1785926000.300,2026-08-05 17:33:20,GUIDED,False,-7.9262264,112.594866,152.13,0.0,0.0,IDLE,,
1785926000.433,2026-08-05 17:33:20,GUIDED,False,-7.9262264,112.594866,152.13,0.0,0.0,IDLE,,
1785926000.592,2026-08-05 17:33:20,GUIDED,False,-7.9262264,112.594866,152.14,0.0,0.0,IDLE,,
1785926000.869,2026-08-05 17:33:20,GUIDED,False,-7.9262264,112.594866,152.14,0.0,0.0,IDLE,,
1785926001.040,2026-08-05 17:33:21,GUIDED,False,-7.9262264,112.594866,152.13,0.0,0.0,IDLE,623.0,303.0
1785926001.185,2026-08-05 17:33:21,GUIDED,False,-7.9262264,112.594866,152.15,0.0,0.0,IDLE,,
1785926001.323,2026-08-05 17:33:21,GUIDED,False,-7.9262264,112.594866,152.16,0.0,0.0,IDLE,,
1785926001.461,2026-08-05 17:33:21,GUIDED,False,-7.9262264,112.594866,152.18,0.0,0.0,IDLE,,
1785926001.599,2026-08-05 17:33:21,GUIDED,False,-7.9262264,112.594866,152.17,0.0,0.0,IDLE,344.0,24.0
1785926001.744,2026-08-05 17:33:21,GUIDED,False,-7.9262264,112.594866,152.18,0.0,0.0,IDLE,,
1785926001.892,2026-08-05 17:33:21,GUIDED,False,-7.9262264,112.594866,152.16,0.0,0.0,IDLE,,
1785926002.050,2026-08-05 17:33:22,GUIDED,False,-7.9262264,112.594866,152.18,0.0,0.0,IDLE,,
1785926002.187,2026-08-05 17:33:22,GUIDED,False,-7.9262264,112.594866,152.19,0.0,0.0,IDLE,343.0,23.0
1785926002.326,2026-08-05 17:33:22,GUIDED,False,-7.9262264,112.594866,152.2,0.0,0.0,IDLE,,
1785926002.467,2026-08-05 17:33:22,GUIDED,False,-7.9262264,112.594866,152.18,0.0,0.0,IDLE,,
1785926002.609,2026-08-05 17:33:22,GUIDED,False,-7.9262264,112.594866,152.18,0.0,0.0,IDLE,,
1785926002.754,2026-08-05 17:33:22,GUIDED,False,-7.9262264,112.594866,152.18,0.0,0.0,IDLE,,
1785926002.893,2026-08-05 17:33:22,GUIDED,False,-7.9262264,112.594866,152.18,0.0,0.0,IDLE,,
1785926003.036,2026-08-05 17:33:23,GUIDED,False,-7.9262264,112.594866,152.16,0.0,0.0,IDLE,,
1785926003.173,2026-08-05 17:33:23,GUIDED,False,-7.9262264,112.594866,152.18,0.0,0.0,IDLE,,
1785926003.321,2026-08-05 17:33:23,GUIDED,False,-7.9262264,112.594866,152.17,0.0,0.0,IDLE,,
1785926003.461,2026-08-05 17:33:23,GUIDED,False,-7.9262264,112.594866,152.18,0.0,0.0,IDLE,,
1785926003.598,2026-08-05 17:33:23,GUIDED,False,-7.9262264,112.594866,152.19,0.0,0.0,IDLE,,
1785926003.742,2026-08-05 17:33:23,GUIDED,False,-7.9262264,112.594866,152.18,0.0,0.0,IDLE,,
1785926003.881,2026-08-05 17:33:23,GUIDED,False,-7.9262264,112.594866,152.2,0.0,0.0,IDLE,,
1785926004.020,2026-08-05 17:33:24,GUIDED,False,-7.9262264,112.594866,152.2,0.0,0.0,IDLE,,
1785926004.156,2026-08-05 17:33:24,GUIDED,False,-7.9262264,112.594866,152.22,0.0,0.0,IDLE,624.0,304.0
1785926004.297,2026-08-05 17:33:24,GUIDED,False,-7.9262264,112.594866,152.2,0.0,0.0,IDLE,,
1785926004.437,2026-08-05 17:33:24,GUIDED,False,-7.9262264,112.594866,152.21,0.0,0.0,IDLE,,
1785926004.579,2026-08-05 17:33:24,GUIDED,False,-7.9262264,112.594866,152.21,0.0,0.0,IDLE,624.0,304.0
1785926004.719,2026-08-05 17:33:24,GUIDED,False,-7.9262264,112.594866,152.21,0.0,0.0,IDLE,,
1785926004.859,2026-08-05 17:33:24,GUIDED,False,-7.9262264,112.594866,152.22,0.0,0.0,IDLE,,
1785926004.995,2026-08-05 17:33:24,GUIDED,False,-7.9262264,112.594866,152.22,0.0,0.0,IDLE,,
1785926005.131,2026-08-05 17:33:25,GUIDED,False,-7.9262264,112.594866,152.22,0.0,0.0,IDLE,,
1785926005.272,2026-08-05 17:33:25,GUIDED,False,-7.9262264,112.594866,152.24,0.0,0.0,IDLE,624.0,304.0
1785926005.413,2026-08-05 17:33:25,GUIDED,False,-7.9262264,112.594866,152.25,0.0,0.0,IDLE,,
1785926005.551,2026-08-05 17:33:25,GUIDED,False,-7.9262264,112.594866,152.25,0.0,0.0,IDLE,,
1785926005.688,2026-08-05 17:33:25,GUIDED,False,-7.9262264,112.594866,152.25,0.0,0.0,IDLE,,
1785926005.826,2026-08-05 17:33:25,GUIDED,False,-7.9262264,112.594866,152.26,0.0,0.0,IDLE,,
1785926005.966,2026-08-05 17:33:25,GUIDED,False,-7.9262264,112.594866,152.26,0.0,0.0,IDLE,,
1785926006.109,2026-08-05 17:33:26,GUIDED,False,-7.9262264,112.594866,152.27,0.0,0.0,IDLE,,
1785926006.247,2026-08-05 17:33:26,GUIDED,False,-7.9262264,112.594866,152.27,0.0,0.0,IDLE,,
1785926006.385,2026-08-05 17:33:26,GUIDED,False,-7.9262264,112.594866,152.28,0.0,0.0,IDLE,,
1785926006.520,2026-08-05 17:33:26,GUIDED,False,-7.9262264,112.594866,152.29,0.0,0.0,IDLE,,
1785926006.657,2026-08-05 17:33:26,GUIDED,False,-7.9262264,112.594866,152.31,0.0,0.0,IDLE,,
1785926006.910,2026-08-05 17:33:26,GUIDED,False,-7.9262264,112.594866,152.32,0.0,0.0,IDLE,623.0,303.0
1785926007.047,2026-08-05 17:33:27,GUIDED,False,-7.9262264,112.594866,152.33,0.0,0.0,IDLE,,
1785926007.189,2026-08-05 17:33:27,GUIDED,False,-7.9262264,112.594866,152.33,0.0,0.0,IDLE,,
1785926007.330,2026-08-05 17:33:27,GUIDED,False,-7.9262264,112.594866,152.33,0.0,0.0,IDLE,,
1785926007.473,2026-08-05 17:33:27,GUIDED,False,-7.9262264,112.594866,152.35,0.0,0.0,IDLE,,
1785926007.611,2026-08-05 17:33:27,GUIDED,False,-7.9262264,112.594866,152.34,0.0,0.0,IDLE,,
1785926007.754,2026-08-05 17:33:27,GUIDED,False,-7.9262264,112.594866,152.34,0.0,0.0,IDLE,,
1785926007.897,2026-08-05 17:33:27,GUIDED,False,-7.9262264,112.594866,152.34,0.0,0.0,IDLE,,
1785926008.040,2026-08-05 17:33:28,GUIDED,False,-7.9262264,112.594866,152.33,0.0,0.0,IDLE,,
1785926008.181,2026-08-05 17:33:28,GUIDED,False,-7.9262264,112.594866,152.32,0.0,0.0,IDLE,,
1785926008.354,2026-08-05 17:33:28,GUIDED,False,-7.9262264,112.594866,152.32,0.0,0.0,IDLE,,
1785926008.489,2026-08-05 17:33:28,GUIDED,False,-7.9262264,112.594866,152.34,0.0,0.0,IDLE,,
1785926008.628,2026-08-05 17:33:28,GUIDED,False,-7.9262264,112.594866,152.34,0.0,0.0,IDLE,,
1785926008.784,2026-08-05 17:33:28,GUIDED,False,-7.9262264,112.594866,152.35,0.0,0.0,IDLE,,
1785926008.922,2026-08-05 17:33:28,GUIDED,False,-7.9262264,112.594866,152.34,0.0,0.0,IDLE,,
1785926009.058,2026-08-05 17:33:29,GUIDED,False,-7.9262264,112.594866,152.33,0.0,0.0,IDLE,,
1785926009.205,2026-08-05 17:33:29,GUIDED,False,-7.9262264,112.594866,152.33,0.0,0.0,IDLE,624.0,304.0
1785926009.353,2026-08-05 17:33:29,GUIDED,False,-7.9262264,112.594866,152.32,0.0,0.0,IDLE,,
1785926009.493,2026-08-05 17:33:29,GUIDED,False,-7.9262264,112.594866,152.31,0.0,0.0,IDLE,,
1785926009.632,2026-08-05 17:33:29,GUIDED,False,-7.9262264,112.594866,152.31,0.0,0.0,IDLE,,
1785926009.769,2026-08-05 17:33:29,GUIDED,False,-7.9262264,112.594866,152.31,0.0,0.0,IDLE,,
1785926009.909,2026-08-05 17:33:29,GUIDED,False,-7.9262264,112.594866,152.32,0.0,0.0,IDLE,,
1785926010.051,2026-08-05 17:33:30,GUIDED,False,-7.9262264,112.594866,152.32,0.0,0.0,IDLE,,
1785926010.186,2026-08-05 17:33:30,GUIDED,False,-7.9262264,112.594866,152.33,0.0,0.0,IDLE,,
1785926010.321,2026-08-05 17:33:30,GUIDED,False,-7.9262264,112.594866,152.32,0.0,0.0,IDLE,,
1785926010.458,2026-08-05 17:33:30,GUIDED,False,-7.9262264,112.594866,152.33,0.0,0.0,IDLE,,
1785926010.601,2026-08-05 17:33:30,GUIDED,False,-7.9262264,112.594866,152.34,0.0,0.0,IDLE,,
1785926010.741,2026-08-05 17:33:30,GUIDED,False,-7.9262264,112.594866,152.34,0.0,0.0,IDLE,,
1785926010.877,2026-08-05 17:33:30,GUIDED,False,-7.9262264,112.594866,152.36,0.0,0.0,IDLE,,
1785926011.023,2026-08-05 17:33:31,GUIDED,False,-7.9262264,112.594866,152.36,0.0,0.0,IDLE,,
1785926011.157,2026-08-05 17:33:31,GUIDED,False,-7.9262264,112.594866,152.37,0.0,0.0,IDLE,,
1785926011.294,2026-08-05 17:33:31,GUIDED,False,-7.9262264,112.594866,152.38,0.0,0.0,IDLE,,
1785926011.434,2026-08-05 17:33:31,GUIDED,False,-7.9262264,112.594866,152.39,0.0,0.0,IDLE,,
1785926011.575,2026-08-05 17:33:31,GUIDED,False,-7.9262264,112.594866,152.39,0.0,0.0,IDLE,,
1785926011.709,2026-08-05 17:33:31,GUIDED,False,-7.9262264,112.594866,152.4,0.0,0.0,IDLE,,
1785926011.856,2026-08-05 17:33:31,GUIDED,False,-7.9262264,112.594866,152.39,0.0,0.0,IDLE,,
1785926011.995,2026-08-05 17:33:31,GUIDED,False,-7.9262264,112.594866,152.4,0.0,0.0,IDLE,,
1785926012.154,2026-08-05 17:33:32,GUIDED,False,-7.9262264,112.594866,152.38,0.0,0.0,IDLE,338.0,18.0
1785926012.291,2026-08-05 17:33:32,GUIDED,False,-7.9262264,112.594866,152.4,0.0,0.0,IDLE,,
1785926012.429,2026-08-05 17:33:32,GUIDED,False,-7.9262264,112.594866,152.39,0.0,0.0,IDLE,,
1785926012.565,2026-08-05 17:33:32,GUIDED,False,-7.9262264,112.594866,152.41,0.0,0.0,IDLE,,
1785926012.705,2026-08-05 17:33:32,GUIDED,False,-7.9262264,112.594866,152.4,0.0,0.0,IDLE,,
1785926012.842,2026-08-05 17:33:32,GUIDED,False,-7.9262264,112.594866,152.4,0.0,0.0,IDLE,,
1785926012.985,2026-08-05 17:33:32,GUIDED,False,-7.9262264,112.594866,152.4,0.0,0.0,IDLE,,
1785926013.124,2026-08-05 17:33:33,GUIDED,False,-7.9262264,112.594866,152.39,0.0,0.0,IDLE,,
1785926013.263,2026-08-05 17:33:33,GUIDED,False,-7.9262264,112.594866,152.38,0.0,0.0,IDLE,,
1785926013.420,2026-08-05 17:33:33,GUIDED,False,-7.9262264,112.594866,152.36,0.0,0.0,IDLE,,
1785926013.556,2026-08-05 17:33:33,GUIDED,False,-7.9262264,112.594866,152.39,0.0,0.0,IDLE,,
1785926013.696,2026-08-05 17:33:33,GUIDED,False,-7.9262264,112.594866,152.39,0.0,0.0,IDLE,,
1785926013.852,2026-08-05 17:33:33,GUIDED,False,-7.9262264,112.594866,152.42,0.0,0.0,IDLE,,
1785926014.023,2026-08-05 17:33:34,GUIDED,False,-7.9262264,112.594866,152.41,0.0,0.0,IDLE,,
1785926014.161,2026-08-05 17:33:34,GUIDED,False,-7.9262264,112.594866,152.4,0.0,0.0,IDLE,329.0,9.0
1785926014.299,2026-08-05 17:33:34,GUIDED,False,-7.9262264,112.594866,152.41,0.0,0.0,IDLE,,
1785926014.439,2026-08-05 17:33:34,GUIDED,False,-7.9262264,112.594866,152.4,0.0,0.0,IDLE,,
1785926014.583,2026-08-05 17:33:34,GUIDED,False,-7.9262264,112.594866,152.39,0.0,0.0,IDLE,,
1785926014.720,2026-08-05 17:33:34,GUIDED,False,-7.9262264,112.594866,152.38,0.0,0.0,IDLE,624.0,304.0
1785926014.864,2026-08-05 17:33:34,GUIDED,False,-7.9262264,112.594866,152.36,0.0,0.0,IDLE,,
1785926015.011,2026-08-05 17:33:35,GUIDED,False,-7.9262264,112.594866,152.38,0.0,0.0,IDLE,,
1785926015.157,2026-08-05 17:33:35,GUIDED,False,-7.9262264,112.594866,152.38,0.0,0.0,IDLE,,
1785926015.295,2026-08-05 17:33:35,GUIDED,False,-7.9262264,112.594866,152.37,0.0,0.0,IDLE,,
1785926015.429,2026-08-05 17:33:35,GUIDED,False,-7.9262264,112.594866,152.37,0.0,0.0,IDLE,,
1785926015.561,2026-08-05 17:33:35,GUIDED,False,-7.9262264,112.594866,152.37,0.0,0.0,IDLE,,
1785926015.701,2026-08-05 17:33:35,GUIDED,False,-7.9262264,112.594866,152.37,0.0,0.0,IDLE,,
1785926015.841,2026-08-05 17:33:35,GUIDED,False,-7.9262264,112.594866,152.36,0.0,0.0,IDLE,,
1785926016.179,2026-08-05 17:33:36,GUIDED,False,-7.9262264,112.594866,152.39,0.0,0.0,IDLE,,
1785926016.360,2026-08-05 17:33:36,GUIDED,False,-7.9262264,112.594866,152.38,0.0,0.0,IDLE,,
1785926016.536,2026-08-05 17:33:36,GUIDED,False,-7.9262264,112.594866,152.39,0.0,0.0,IDLE,,
1785926016.766,2026-08-05 17:33:36,GUIDED,False,-7.9262264,112.594866,152.4,0.0,0.0,IDLE,330.0,10.0
1785926016.920,2026-08-05 17:33:36,GUIDED,False,-7.9262264,112.594866,152.4,0.0,0.0,IDLE,,
1785926017.059,2026-08-05 17:33:37,GUIDED,False,-7.9262264,112.594866,152.4,0.0,0.0,IDLE,,
1785926017.203,2026-08-05 17:33:37,GUIDED,False,-7.9262264,112.594866,152.4,0.0,0.0,IDLE,,
1785926017.343,2026-08-05 17:33:37,GUIDED,False,-7.9262264,112.594866,152.4,0.0,0.0,IDLE,,
1785926017.477,2026-08-05 17:33:37,GUIDED,False,-7.9262264,112.594866,152.41,0.0,0.0,IDLE,,
1785926017.616,2026-08-05 17:33:37,GUIDED,False,-7.9262264,112.594866,152.42,0.0,0.0,IDLE,,
1785926017.753,2026-08-05 17:33:37,GUIDED,False,-7.9262264,112.594866,152.44,0.0,0.0,IDLE,623.0,303.0
1785926017.890,2026-08-05 17:33:37,GUIDED,False,-7.9262264,112.594866,152.44,0.0,0.0,IDLE,,
1785926018.025,2026-08-05 17:33:38,GUIDED,False,-7.9262264,112.594866,152.44,0.0,0.0,IDLE,,
1785926018.165,2026-08-05 17:33:38,GUIDED,False,-7.9262264,112.594866,152.42,0.0,0.0,IDLE,,
1785926018.300,2026-08-05 17:33:38,GUIDED,False,-7.9262264,112.594866,152.41,0.0,0.0,IDLE,,
1785926018.440,2026-08-05 17:33:38,GUIDED,False,-7.9262264,112.594866,152.42,0.0,0.0,IDLE,,
1785926018.591,2026-08-05 17:33:38,GUIDED,False,-7.9262264,112.594866,152.42,0.0,0.0,IDLE,329.0,9.0
1785926018.862,2026-08-05 17:33:38,GUIDED,False,-7.9262264,112.594866,152.43,0.0,0.0,IDLE,,
1785926019.072,2026-08-05 17:33:39,GUIDED,False,-7.9262264,112.594866,152.45,0.0,0.0,IDLE,,
1785926019.232,2026-08-05 17:33:39,GUIDED,False,-7.9262264,112.594866,152.45,0.0,0.0,IDLE,,
1785926019.370,2026-08-05 17:33:39,GUIDED,False,-7.9262264,112.594866,152.46,0.0,0.0,IDLE,,
1785926019.513,2026-08-05 17:33:39,GUIDED,False,-7.9262264,112.594866,152.47,0.0,0.0,IDLE,,
1785926019.651,2026-08-05 17:33:39,GUIDED,False,-7.9262264,112.594866,152.47,0.0,0.0,IDLE,,
1785926019.791,2026-08-05 17:33:39,GUIDED,False,-7.9262264,112.594866,152.46,0.0,0.0,IDLE,,
1785926019.933,2026-08-05 17:33:39,GUIDED,False,-7.9262264,112.594866,152.46,0.0,0.0,IDLE,,
1785926020.070,2026-08-05 17:33:40,GUIDED,False,-7.9262264,112.594866,152.48,0.0,0.0,IDLE,,
1785926020.210,2026-08-05 17:33:40,GUIDED,False,-7.9262264,112.594866,152.48,0.0,0.0,IDLE,,
1785926020.349,2026-08-05 17:33:40,GUIDED,False,-7.9262264,112.594866,152.47,0.0,0.0,IDLE,,
1785926020.486,2026-08-05 17:33:40,GUIDED,False,-7.9262264,112.594866,152.48,0.0,0.0,IDLE,,
1785926020.623,2026-08-05 17:33:40,GUIDED,False,-7.9262264,112.594866,152.47,0.0,0.0,IDLE,,
1785926020.773,2026-08-05 17:33:40,GUIDED,False,-7.9262264,112.594866,152.49,0.0,0.0,IDLE,,
1785926020.910,2026-08-05 17:33:40,GUIDED,False,-7.9262264,112.594866,152.48,0.0,0.0,IDLE,,
1785926021.050,2026-08-05 17:33:41,GUIDED,False,-7.9262264,112.594866,152.47,0.0,0.0,IDLE,,
1785926021.193,2026-08-05 17:33:41,GUIDED,False,-7.9262264,112.594866,152.47,0.0,0.0,IDLE,,
1785926021.344,2026-08-05 17:33:41,GUIDED,False,-7.9262264,112.594866,152.47,0.0,0.0,IDLE,624.0,304.0
1785926021.485,2026-08-05 17:33:41,GUIDED,False,-7.9262264,112.594866,152.46,0.0,0.0,IDLE,,
1785926021.619,2026-08-05 17:33:41,GUIDED,False,-7.9262264,112.594866,152.47,0.0,0.0,IDLE,,
1785926021.893,2026-08-05 17:33:41,GUIDED,False,-7.9262264,112.594866,152.47,0.0,0.0,IDLE,,
1785926022.034,2026-08-05 17:33:42,GUIDED,False,-7.9262264,112.594866,152.47,0.0,0.0,IDLE,,
1785926022.204,2026-08-05 17:33:42,GUIDED,False,-7.9262264,112.594866,152.46,0.0,0.0,IDLE,,
1785926022.358,2026-08-05 17:33:42,GUIDED,False,-7.9262264,112.594866,152.45,0.0,0.0,IDLE,,
1785926022.541,2026-08-05 17:33:42,GUIDED,False,-7.9262264,112.594866,152.44,0.0,0.0,IDLE,,
1785926022.727,2026-08-05 17:33:42,GUIDED,False,-7.9262264,112.594866,152.46,0.0,0.0,IDLE,,
1785926022.870,2026-08-05 17:33:42,GUIDED,False,-7.9262264,112.594866,152.48,0.0,0.0,IDLE,,
1785926023.024,2026-08-05 17:33:43,GUIDED,False,-7.9262264,112.594866,152.47,0.0,0.0,IDLE,,
1785926023.177,2026-08-05 17:33:43,GUIDED,False,-7.9262264,112.594866,152.48,0.0,0.0,IDLE,623.0,303.0
1785926023.319,2026-08-05 17:33:43,GUIDED,False,-7.9262264,112.594866,152.49,0.0,0.0,IDLE,,
1785926023.470,2026-08-05 17:33:43,GUIDED,False,-7.9262264,112.594866,152.47,0.0,0.0,IDLE,,
1785926023.633,2026-08-05 17:33:43,GUIDED,False,-7.9262264,112.594866,152.46,0.0,0.0,IDLE,,
1785926023.786,2026-08-05 17:33:43,GUIDED,False,-7.9262264,112.594866,152.48,0.0,0.0,IDLE,,
1785926023.924,2026-08-05 17:33:43,GUIDED,False,-7.9262264,112.594866,152.49,0.0,0.0,IDLE,321.0,1.0
1785926024.065,2026-08-05 17:33:44,GUIDED,False,-7.9262264,112.594866,152.49,0.0,0.0,IDLE,,
1785926024.201,2026-08-05 17:33:44,GUIDED,False,-7.9262264,112.594866,152.5,0.0,0.0,IDLE,,
1785926024.336,2026-08-05 17:33:44,GUIDED,False,-7.9262264,112.594866,152.5,0.0,0.0,IDLE,,
1785926024.473,2026-08-05 17:33:44,GUIDED,False,-7.9262264,112.594866,152.5,0.0,0.0,IDLE,,
1785926024.609,2026-08-05 17:33:44,GUIDED,False,-7.9262264,112.594866,152.51,0.0,0.0,IDLE,,
1785926024.748,2026-08-05 17:33:44,GUIDED,False,-7.9262264,112.594866,152.5,0.0,0.0,IDLE,,
1785926024.893,2026-08-05 17:33:44,GUIDED,False,-7.9262264,112.594866,152.51,0.0,0.0,IDLE,,
1785926025.033,2026-08-05 17:33:45,GUIDED,False,-7.9262264,112.594866,152.49,0.0,0.0,IDLE,,
1785926025.174,2026-08-05 17:33:45,GUIDED,False,-7.9262264,112.594866,152.49,0.0,0.0,IDLE,623.0,303.0
1785926025.318,2026-08-05 17:33:45,GUIDED,False,-7.9262264,112.594866,152.5,0.0,0.0,IDLE,,
1785926025.454,2026-08-05 17:33:45,GUIDED,False,-7.9262264,112.594866,152.49,0.0,0.0,IDLE,,
1785926025.603,2026-08-05 17:33:45,GUIDED,False,-7.9262264,112.594866,152.5,0.0,0.0,IDLE,,
1785926025.890,2026-08-05 17:33:45,GUIDED,False,-7.9262264,112.594866,152.52,0.0,0.0,IDLE,,
1785926026.057,2026-08-05 17:33:46,GUIDED,False,-7.9262264,112.594866,152.52,0.0,0.0,IDLE,623.0,303.0
1785926026.205,2026-08-05 17:33:46,GUIDED,False,-7.9262264,112.594866,152.53,0.0,0.0,IDLE,,
1785926026.342,2026-08-05 17:33:46,GUIDED,False,-7.9262264,112.594866,152.52,0.0,0.0,IDLE,,
1785926026.478,2026-08-05 17:33:46,GUIDED,False,-7.9262264,112.594866,152.5,0.0,0.0,IDLE,,
1785926026.615,2026-08-05 17:33:46,GUIDED,False,-7.9262264,112.594866,152.5,0.0,0.0,IDLE,,
1785926026.753,2026-08-05 17:33:46,GUIDED,False,-7.9262264,112.594866,152.49,0.0,0.0,IDLE,623.0,303.0
1785926026.903,2026-08-05 17:33:46,GUIDED,False,-7.9262264,112.594866,152.48,0.0,0.0,IDLE,,
1785926027.046,2026-08-05 17:33:47,GUIDED,False,-7.9262264,112.594866,152.49,0.0,0.0,IDLE,,
1785926027.190,2026-08-05 17:33:47,GUIDED,False,-7.9262264,112.594866,152.48,0.0,0.0,IDLE,,
1785926027.327,2026-08-05 17:33:47,GUIDED,False,-7.9262264,112.594866,152.48,0.0,0.0,IDLE,,
1785926027.467,2026-08-05 17:33:47,GUIDED,False,-7.9262264,112.594866,152.48,0.0,0.0,IDLE,,
1785926027.612,2026-08-05 17:33:47,GUIDED,False,-7.9262264,112.594866,152.47,0.0,0.0,IDLE,623.0,303.0
1785926027.748,2026-08-05 17:33:47,GUIDED,False,-7.9262264,112.594866,152.46,0.0,0.0,IDLE,,
1785926027.991,2026-08-05 17:33:47,GUIDED,False,-7.9262264,112.594866,152.45,0.0,0.0,IDLE,,
1785926028.132,2026-08-05 17:33:48,GUIDED,False,-7.9262264,112.594866,152.44,0.0,0.0,IDLE,,
1785926028.321,2026-08-05 17:33:48,GUIDED,False,-7.9262264,112.594866,152.46,0.0,0.0,IDLE,,
1785926028.485,2026-08-05 17:33:48,GUIDED,False,-7.9262264,112.594866,152.46,0.0,0.0,IDLE,,
1785926028.720,2026-08-05 17:33:48,GUIDED,False,-7.9262264,112.594866,152.45,0.0,0.0,IDLE,,
1785926028.934,2026-08-05 17:33:48,GUIDED,False,-7.9262264,112.594866,152.45,0.0,0.0,IDLE,624.0,304.0
1785926029.071,2026-08-05 17:33:49,GUIDED,False,-7.9262264,112.594866,152.46,0.0,0.0,IDLE,,
1785926029.208,2026-08-05 17:33:49,GUIDED,False,-7.9262264,112.594866,152.47,0.0,0.0,IDLE,,
1785926029.347,2026-08-05 17:33:49,GUIDED,False,-7.9262264,112.594866,152.48,0.0,0.0,IDLE,,
1785926029.482,2026-08-05 17:33:49,GUIDED,False,-7.9262264,112.594866,152.49,0.0,0.0,IDLE,,
1785926029.617,2026-08-05 17:33:49,GUIDED,False,-7.9262264,112.594866,152.49,0.0,0.0,IDLE,,
1785926029.753,2026-08-05 17:33:49,GUIDED,False,-7.9262264,112.594866,152.5,0.0,0.0,IDLE,,
1785926029.892,2026-08-05 17:33:49,GUIDED,False,-7.9262264,112.594866,152.5,0.0,0.0,IDLE,,
1785926030.037,2026-08-05 17:33:50,GUIDED,False,-7.9262264,112.594866,152.49,0.0,0.0,IDLE,,
1785926030.180,2026-08-05 17:33:50,GUIDED,False,-7.9262264,112.594866,152.49,0.0,0.0,IDLE,,
1785926030.317,2026-08-05 17:33:50,GUIDED,False,-7.9262264,112.594866,152.5,0.0,0.0,IDLE,,
1785926030.457,2026-08-05 17:33:50,GUIDED,False,-7.9262264,112.594866,152.5,0.0,0.0,IDLE,,
1785926030.606,2026-08-05 17:33:50,GUIDED,False,-7.9262264,112.594866,152.49,0.0,0.0,IDLE,,
1785926030.764,2026-08-05 17:33:50,GUIDED,False,-7.9262264,112.594866,152.48,0.0,0.0,IDLE,320.0,0.0
1785926030.904,2026-08-05 17:33:50,GUIDED,False,-7.9262264,112.594866,152.48,0.0,0.0,IDLE,320.0,0.0
1785926031.044,2026-08-05 17:33:51,GUIDED,False,-7.9262264,112.594866,152.47,0.0,0.0,IDLE,,
1785926031.195,2026-08-05 17:33:51,GUIDED,False,-7.9262264,112.594866,152.48,0.0,0.0,IDLE,,
1785926031.342,2026-08-05 17:33:51,GUIDED,False,-7.9262264,112.594866,152.48,0.0,0.0,IDLE,,
1785926031.490,2026-08-05 17:33:51,GUIDED,False,-7.9262264,112.594866,152.47,0.0,0.0,IDLE,,
1785926031.797,2026-08-05 17:33:51,GUIDED,False,-7.9262264,112.594866,152.46,0.0,0.0,IDLE,,
1785926031.955,2026-08-05 17:33:51,GUIDED,False,-7.9262264,112.594866,152.44,0.0,0.0,IDLE,,
1785926032.093,2026-08-05 17:33:52,GUIDED,False,-7.9262264,112.594866,152.44,0.0,0.0,IDLE,,
1785926032.275,2026-08-05 17:33:52,GUIDED,False,-7.9262264,112.594866,152.43,0.0,0.0,IDLE,,
1785926032.410,2026-08-05 17:33:52,GUIDED,False,-7.9262264,112.594866,152.43,0.0,0.0,IDLE,,
1785926032.547,2026-08-05 17:33:52,GUIDED,False,-7.9262264,112.594866,152.43,0.0,0.0,IDLE,623.0,303.0
1785926032.688,2026-08-05 17:33:52,GUIDED,False,-7.9262264,112.594866,152.43,0.0,0.0,IDLE,,
1785926032.825,2026-08-05 17:33:52,GUIDED,False,-7.9262264,112.594866,152.44,0.0,0.0,IDLE,,
1785926032.963,2026-08-05 17:33:52,GUIDED,False,-7.9262264,112.594866,152.44,0.0,0.0,IDLE,,
1785926033.098,2026-08-05 17:33:53,GUIDED,False,-7.9262264,112.594866,152.43,0.0,0.0,IDLE,,
1785926033.238,2026-08-05 17:33:53,GUIDED,False,-7.9262264,112.594866,152.44,0.0,0.0,IDLE,,
1785926033.378,2026-08-05 17:33:53,GUIDED,False,-7.9262264,112.594866,152.44,0.0,0.0,IDLE,,
1785926033.520,2026-08-05 17:33:53,GUIDED,False,-7.9262264,112.594866,152.44,0.0,0.0,IDLE,,
1785926033.658,2026-08-05 17:33:53,GUIDED,False,-7.9262264,112.594866,152.44,0.0,0.0,IDLE,,
1785926033.850,2026-08-05 17:33:53,GUIDED,False,-7.9262264,112.594866,152.46,0.0,0.0,IDLE,,
1785926033.989,2026-08-05 17:33:53,GUIDED,False,-7.9262264,112.594866,152.46,0.0,0.0,IDLE,,
1785926034.125,2026-08-05 17:33:54,GUIDED,False,-7.9262264,112.594866,152.46,0.0,0.0,IDLE,,
1785926034.269,2026-08-05 17:33:54,GUIDED,False,-7.9262264,112.594866,152.46,0.0,0.0,IDLE,,
1785926034.410,2026-08-05 17:33:54,GUIDED,False,-7.9262264,112.594866,152.47,0.0,0.0,IDLE,624.0,304.0
1785926034.549,2026-08-05 17:33:54,GUIDED,False,-7.9262264,112.594866,152.46,0.0,0.0,IDLE,,
1785926034.686,2026-08-05 17:33:54,GUIDED,False,-7.9262264,112.594866,152.45,0.0,0.0,IDLE,,
1785926034.827,2026-08-05 17:33:54,GUIDED,False,-7.9262264,112.594866,152.46,0.0,0.0,IDLE,,
1785926034.965,2026-08-05 17:33:54,GUIDED,False,-7.9262264,112.594866,152.47,0.0,0.0,IDLE,327.0,7.0
1785926035.102,2026-08-05 17:33:55,GUIDED,False,-7.9262264,112.594866,152.47,0.0,0.0,IDLE,460.20000000000005,140.20000000000005
1785926035.279,2026-08-05 17:33:55,GUIDED,False,-7.9262264,112.594866,152.48,0.0,0.0,IDLE,,
1785926035.475,2026-08-05 17:33:55,GUIDED,False,-7.9262264,112.594866,152.46,0.0,0.0,IDLE,624.0,304.0
1785926035.613,2026-08-05 17:33:55,GUIDED,False,-7.9262264,112.594866,152.46,0.0,0.0,IDLE,,
1785926035.751,2026-08-05 17:33:55,GUIDED,False,-7.9262264,112.594866,152.45,0.0,0.0,IDLE,624.0,304.0
1785926035.891,2026-08-05 17:33:55,GUIDED,False,-7.9262264,112.594866,152.46,0.0,0.0,IDLE,,
1785926036.033,2026-08-05 17:33:56,GUIDED,False,-7.9262264,112.594866,152.46,0.0,0.0,IDLE,,
1785926036.179,2026-08-05 17:33:56,GUIDED,False,-7.9262264,112.594866,152.48,0.0,0.0,IDLE,,
1785926036.319,2026-08-05 17:33:56,GUIDED,False,-7.9262264,112.594866,152.48,0.0,0.0,IDLE,,
1785926036.457,2026-08-05 17:33:56,GUIDED,False,-7.9262264,112.594866,152.48,0.0,0.0,IDLE,,
1785926036.593,2026-08-05 17:33:56,GUIDED,False,-7.9262264,112.594866,152.47,0.0,0.0,IDLE,,
1785926036.731,2026-08-05 17:33:56,GUIDED,False,-7.9262264,112.594866,152.48,0.0,0.0,IDLE,,
1785926036.877,2026-08-05 17:33:56,GUIDED,False,-7.9262264,112.594866,152.49,0.0,0.0,IDLE,,
1785926037.016,2026-08-05 17:33:57,GUIDED,False,-7.9262264,112.594866,152.49,0.0,0.0,IDLE,,
1785926037.173,2026-08-05 17:33:57,GUIDED,False,-7.9262264,112.594866,152.5,0.0,0.0,IDLE,,
1785926037.338,2026-08-05 17:33:57,GUIDED,False,-7.9262264,112.594866,152.49,0.0,0.0,IDLE,,
1785926037.571,2026-08-05 17:33:57,GUIDED,False,-7.9262264,112.594866,152.49,0.0,0.0,IDLE,,
1785926037.709,2026-08-05 17:33:57,GUIDED,False,-7.9262264,112.594866,152.48,0.0,0.0,IDLE,,
1785926037.853,2026-08-05 17:33:57,GUIDED,False,-7.9262264,112.594866,152.49,0.0,0.0,IDLE,,
1785926037.994,2026-08-05 17:33:57,GUIDED,False,-7.9262264,112.594866,152.48,0.0,0.0,IDLE,,
1785926038.132,2026-08-05 17:33:58,GUIDED,False,-7.9262264,112.594866,152.49,0.0,0.0,IDLE,623.0,303.0
1785926038.274,2026-08-05 17:33:58,GUIDED,False,-7.9262264,112.594866,152.49,0.0,0.0,IDLE,,
1785926038.438,2026-08-05 17:33:58,GUIDED,False,-7.9262264,112.594866,152.49,0.0,0.0,IDLE,,
1785926038.574,2026-08-05 17:33:58,GUIDED,False,-7.9262264,112.594866,152.5,0.0,0.0,IDLE,,
1785926038.717,2026-08-05 17:33:58,GUIDED,False,-7.9262264,112.594866,152.51,0.0,0.0,IDLE,624.0,304.0
1785926038.885,2026-08-05 17:33:58,GUIDED,False,-7.9262264,112.594866,152.5,0.0,0.0,IDLE,,
1785926039.023,2026-08-05 17:33:59,GUIDED,False,-7.9262264,112.594866,152.5,0.0,0.0,IDLE,,
1785926039.163,2026-08-05 17:33:59,GUIDED,False,-7.9262264,112.594866,152.51,0.0,0.0,IDLE,,
1785926039.302,2026-08-05 17:33:59,GUIDED,False,-7.9262264,112.594866,152.51,0.0,0.0,IDLE,,
1785926039.442,2026-08-05 17:33:59,GUIDED,False,-7.9262264,112.594866,152.52,0.0,0.0,IDLE,,
1785926039.582,2026-08-05 17:33:59,GUIDED,False,-7.9262264,112.594866,152.52,0.0,0.0,IDLE,18.0,-302.0
1785926039.724,2026-08-05 17:33:59,GUIDED,False,-7.9262264,112.594866,152.51,0.0,0.0,IDLE,22.05,-297.95
1785926039.873,2026-08-05 17:33:59,GUIDED,False,-7.9262264,112.594866,152.49,0.0,0.0,IDLE,292.9275,-27.07249999999999
1785926040.014,2026-08-05 17:34:00,GUIDED,False,-7.9262264,112.594866,152.49,0.0,0.0,IDLE,,
1785926040.154,2026-08-05 17:34:00,GUIDED,False,-7.9262264,112.594866,152.49,0.0,0.0,IDLE,,
1785926040.294,2026-08-05 17:34:00,GUIDED,False,-7.9262264,112.594866,152.49,0.0,0.0,IDLE,,
1785926040.436,2026-08-05 17:34:00,GUIDED,False,-7.9262264,112.594866,152.5,0.0,0.0,IDLE,,
1785926040.636,2026-08-05 17:34:00,GUIDED,False,-7.9262264,112.594866,152.49,0.0,0.0,IDLE,,
1785926040.826,2026-08-05 17:34:00,GUIDED,False,-7.9262264,112.594866,152.5,0.0,0.0,IDLE,,
1785926040.993,2026-08-05 17:34:00,GUIDED,False,-7.9262264,112.594866,152.49,0.0,0.0,IDLE,,
1785926041.159,2026-08-05 17:34:01,GUIDED,False,-7.9262264,112.594866,152.5,0.0,0.0,IDLE,,
1785926041.346,2026-08-05 17:34:01,GUIDED,False,-7.9262264,112.594866,152.52,0.0,0.0,IDLE,,
1785926041.495,2026-08-05 17:34:01,GUIDED,False,-7.9262264,112.594866,152.51,0.0,0.0,IDLE,,
1785926041.635,2026-08-05 17:34:01,GUIDED,False,-7.9262264,112.594866,152.5,0.0,0.0,IDLE,,
1785926041.776,2026-08-05 17:34:01,GUIDED,False,-7.9262264,112.594866,152.5,0.0,0.0,IDLE,,
1785926041.927,2026-08-05 17:34:01,GUIDED,False,-7.9262264,112.594866,152.49,0.0,0.0,IDLE,,
1785926042.063,2026-08-05 17:34:02,GUIDED,False,-7.9262264,112.594866,152.49,0.0,0.0,IDLE,,
1785926042.211,2026-08-05 17:34:02,GUIDED,False,-7.9262264,112.594866,152.5,0.0,0.0,IDLE,,
1785926042.362,2026-08-05 17:34:02,GUIDED,False,-7.9262264,112.594866,152.5,0.0,0.0,IDLE,,
1785926042.503,2026-08-05 17:34:02,GUIDED,False,-7.9262264,112.594866,152.5,0.0,0.0,IDLE,,
1785926042.639,2026-08-05 17:34:02,GUIDED,False,-7.9262264,112.594866,152.5,0.0,0.0,IDLE,,
1785926042.788,2026-08-05 17:34:02,GUIDED,False,-7.9262264,112.594866,152.5,0.0,0.0,IDLE,,
1785926042.926,2026-08-05 17:34:02,GUIDED,False,-7.9262264,112.594866,152.51,0.0,0.0,IDLE,,
1785926043.068,2026-08-05 17:34:03,GUIDED,False,-7.9262264,112.594866,152.51,0.0,0.0,IDLE,,
1785926043.220,2026-08-05 17:34:03,GUIDED,False,-7.9262264,112.594866,152.51,0.0,0.0,IDLE,,
1785926043.508,2026-08-05 17:34:03,GUIDED,False,-7.9262264,112.594866,152.52,0.0,0.0,IDLE,,
1785926043.826,2026-08-05 17:34:03,GUIDED,False,-7.9262264,112.594866,152.5,0.0,0.0,IDLE,,
1785926044.003,2026-08-05 17:34:04,GUIDED,False,-7.9262264,112.594866,152.49,0.0,0.0,IDLE,,
1785926044.207,2026-08-05 17:34:04,GUIDED,False,-7.9262264,112.594866,152.47,0.0,0.0,IDLE,,
1785926044.418,2026-08-05 17:34:04,GUIDED,False,-7.9262264,112.594866,152.48,0.0,0.0,IDLE,,
1785926044.556,2026-08-05 17:34:04,GUIDED,False,-7.9262264,112.594866,152.47,0.0,0.0,IDLE,,
1785926044.702,2026-08-05 17:34:04,GUIDED,False,-7.9262264,112.594866,152.45,0.0,0.0,IDLE,624.0,304.0
1785926044.862,2026-08-05 17:34:04,GUIDED,False,-7.9262264,112.594866,152.45,0.0,0.0,IDLE,631.2,311.20000000000005
1785926044.993,2026-08-05 17:34:04,GUIDED,False,-7.9262264,112.594866,152.45,0.0,0.0,IDLE,,
1785926045.142,2026-08-05 17:34:05,GUIDED,False,-7.9262264,112.594866,152.46,0.0,0.0,IDLE,,
1785926045.278,2026-08-05 17:34:05,GUIDED,False,-7.9262264,112.594866,152.45,0.0,0.0,IDLE,,
1785926045.425,2026-08-05 17:34:05,GUIDED,False,-7.9262264,112.594866,152.45,0.0,0.0,IDLE,,
1785926045.627,2026-08-05 17:34:05,GUIDED,False,-7.9262264,112.594866,152.46,0.0,0.0,IDLE,624.0,304.0
1785926046.017,2026-08-05 17:34:06,GUIDED,False,-7.9262264,112.594866,152.47,0.0,0.0,IDLE,,
1785926046.183,2026-08-05 17:34:06,GUIDED,False,-7.9262264,112.594866,152.47,0.0,0.0,IDLE,,
1785926046.380,2026-08-05 17:34:06,GUIDED,False,-7.9262264,112.594866,152.46,0.0,0.0,IDLE,,
1785926046.607,2026-08-05 17:34:06,GUIDED,False,-7.9262264,112.594866,152.45,0.0,0.0,IDLE,,
1785926046.793,2026-08-05 17:34:06,GUIDED,False,-7.9262264,112.594866,152.44,0.0,0.0,IDLE,,
1785926047.030,2026-08-05 17:34:07,GUIDED,False,-7.9262264,112.594866,152.42,0.0,0.0,IDLE,,
1785926047.177,2026-08-05 17:34:07,GUIDED,False,-7.9262264,112.594866,152.43,0.0,0.0,IDLE,,
1785926047.322,2026-08-05 17:34:07,GUIDED,False,-7.9262264,112.594866,152.42,0.0,0.0,IDLE,,
1785926047.456,2026-08-05 17:34:07,GUIDED,False,-7.9262264,112.594866,152.41,0.0,0.0,IDLE,,
1785926047.593,2026-08-05 17:34:07,GUIDED,False,-7.9262264,112.594866,152.4,0.0,0.0,IDLE,,
1785926047.729,2026-08-05 17:34:07,GUIDED,False,-7.9262264,112.594866,152.39,0.0,0.0,IDLE,,
1785926047.864,2026-08-05 17:34:07,GUIDED,False,-7.9262264,112.594866,152.4,0.0,0.0,IDLE,624.0,304.0
1785926047.995,2026-08-05 17:34:07,GUIDED,False,-7.9262264,112.594866,152.4,0.0,0.0,IDLE,,
1785926048.127,2026-08-05 17:34:08,GUIDED,False,-7.9262264,112.594866,152.4,0.0,0.0,IDLE,,
1785926048.259,2026-08-05 17:34:08,GUIDED,False,-7.9262264,112.594866,152.41,0.0,0.0,IDLE,,
1785926048.389,2026-08-05 17:34:08,GUIDED,False,-7.9262264,112.594866,152.41,0.0,0.0,IDLE,,
1785926048.549,2026-08-05 17:34:08,GUIDED,False,-7.9262264,112.594866,152.39,0.0,0.0,IDLE,,
1785926048.714,2026-08-05 17:34:08,GUIDED,False,-7.9262264,112.594866,152.39,0.0,0.0,IDLE,,
1785926049.100,2026-08-05 17:34:09,GUIDED,False,-7.9262264,112.594866,152.38,0.0,0.0,IDLE,,
1785926049.247,2026-08-05 17:34:09,GUIDED,False,-7.9262264,112.594866,152.37,0.0,0.0,IDLE,,
1785926049.394,2026-08-05 17:34:09,GUIDED,False,-7.9262264,112.594866,152.37,0.0,0.0,IDLE,,
1785926049.525,2026-08-05 17:34:09,GUIDED,False,-7.9262264,112.594866,152.38,0.0,0.0,IDLE,,
1785926049.659,2026-08-05 17:34:09,GUIDED,False,-7.9262264,112.594866,152.38,0.0,0.0,IDLE,,
1785926049.809,2026-08-05 17:34:09,GUIDED,False,-7.9262264,112.594866,152.37,0.0,0.0,IDLE,,
1785926049.964,2026-08-05 17:34:09,GUIDED,False,-7.9262264,112.594866,152.36,0.0,0.0,IDLE,,
1785926050.117,2026-08-05 17:34:10,GUIDED,False,-7.9262264,112.594866,152.34,0.0,0.0,IDLE,,
1785926050.572,2026-08-05 17:34:10,GUIDED,False,-7.9262264,112.594866,152.35,0.0,0.0,IDLE,,
1785926050.894,2026-08-05 17:34:10,GUIDED,False,-7.9262264,112.594866,152.36,0.0,0.0,IDLE,,
1785926051.050,2026-08-05 17:34:11,GUIDED,False,-7.9262264,112.594866,152.35,0.0,0.0,IDLE,,
1785926051.210,2026-08-05 17:34:11,GUIDED,False,-7.9262264,112.594866,152.33,0.0,0.0,IDLE,,
1785926051.371,2026-08-05 17:34:11,GUIDED,False,-7.9262264,112.594866,152.33,0.0,0.0,IDLE,,
1785926051.519,2026-08-05 17:34:11,GUIDED,False,-7.9262264,112.594866,152.33,0.0,0.0,IDLE,,
1785926051.672,2026-08-05 17:34:11,GUIDED,False,-7.9262264,112.594866,152.32,0.0,0.0,IDLE,,
1785926051.815,2026-08-05 17:34:11,GUIDED,False,-7.9262264,112.594866,152.33,0.0,0.0,IDLE,,
1785926051.973,2026-08-05 17:34:11,GUIDED,False,-7.9262264,112.594866,152.34,0.0,0.0,IDLE,,
1785926052.105,2026-08-05 17:34:12,GUIDED,False,-7.9262264,112.594866,152.33,0.0,0.0,IDLE,,
1785926052.254,2026-08-05 17:34:12,GUIDED,False,-7.9262264,112.594866,152.34,0.0,0.0,IDLE,,
1785926052.399,2026-08-05 17:34:12,GUIDED,False,-7.9262264,112.594866,152.33,0.0,0.0,IDLE,,
1785926052.590,2026-08-05 17:34:12,GUIDED,False,-7.9262264,112.594866,152.31,0.0,0.0,IDLE,,
1785926052.749,2026-08-05 17:34:12,GUIDED,False,-7.9262264,112.594866,152.31,0.0,0.0,IDLE,,
1785926052.895,2026-08-05 17:34:12,GUIDED,False,-7.9262264,112.594866,152.31,0.0,0.0,IDLE,,
1785926053.059,2026-08-05 17:34:13,GUIDED,False,-7.9262264,112.594866,152.32,0.0,0.0,IDLE,,
1785926053.206,2026-08-05 17:34:13,GUIDED,False,-7.9262264,112.594866,152.31,0.0,0.0,IDLE,,
1785926053.337,2026-08-05 17:34:13,GUIDED,False,-7.9262264,112.594866,152.33,0.0,0.0,IDLE,,
1785926053.474,2026-08-05 17:34:13,GUIDED,False,-7.9262264,112.594866,152.34,0.0,0.0,IDLE,,
1785926053.613,2026-08-05 17:34:13,GUIDED,False,-7.9262264,112.594866,152.34,0.0,0.0,IDLE,,
1785926053.752,2026-08-05 17:34:13,GUIDED,False,-7.9262264,112.594866,152.36,0.0,0.0,IDLE,,
1785926053.887,2026-08-05 17:34:13,GUIDED,False,-7.9262264,112.594866,152.36,0.0,0.0,IDLE,,
1785926054.103,2026-08-05 17:34:14,GUIDED,False,-7.9262264,112.594866,152.37,0.0,0.0,IDLE,,
1785926054.324,2026-08-05 17:34:14,GUIDED,False,-7.9262264,112.594866,152.36,0.0,0.0,IDLE,,
1785926054.482,2026-08-05 17:34:14,GUIDED,False,-7.9262264,112.594866,152.33,0.0,0.0,IDLE,,
1785926054.617,2026-08-05 17:34:14,GUIDED,False,-7.9262264,112.594866,152.34,0.0,0.0,IDLE,624.0,304.0
1785926054.753,2026-08-05 17:34:14,GUIDED,False,-7.9262264,112.594866,152.34,0.0,0.0,IDLE,,
1785926054.884,2026-08-05 17:34:14,GUIDED,False,-7.9262264,112.594866,152.35,0.0,0.0,IDLE,,
1785926055.013,2026-08-05 17:34:15,GUIDED,False,-7.9262264,112.594866,152.35,0.0,0.0,IDLE,,
1785926055.178,2026-08-05 17:34:15,GUIDED,False,-7.9262264,112.594866,152.33,0.0,0.0,IDLE,624.0,304.0
1785926055.312,2026-08-05 17:34:15,GUIDED,False,-7.9262264,112.594866,152.33,0.0,0.0,IDLE,,
1785926055.442,2026-08-05 17:34:15,GUIDED,False,-7.9262264,112.594866,152.33,0.0,0.0,IDLE,,
1785926055.574,2026-08-05 17:34:15,GUIDED,False,-7.9262264,112.594866,152.33,0.0,0.0,IDLE,,
1785926055.730,2026-08-05 17:34:15,GUIDED,False,-7.9262264,112.594866,152.33,0.0,0.0,IDLE,,
1785926055.870,2026-08-05 17:34:15,GUIDED,False,-7.9262264,112.594866,152.34,0.0,0.0,IDLE,,
1785926056.012,2026-08-05 17:34:16,GUIDED,False,-7.9262264,112.594866,152.33,0.0,0.0,IDLE,,
1785926056.145,2026-08-05 17:34:16,GUIDED,False,-7.9262264,112.594866,152.34,0.0,0.0,IDLE,,
1785926056.287,2026-08-05 17:34:16,GUIDED,False,-7.9262264,112.594866,152.35,0.0,0.0,IDLE,,
1785926056.420,2026-08-05 17:34:16,GUIDED,False,-7.9262264,112.594866,152.34,0.0,0.0,IDLE,,
1785926056.555,2026-08-05 17:34:16,GUIDED,False,-7.9262264,112.594866,152.34,0.0,0.0,IDLE,,
1785926056.690,2026-08-05 17:34:16,GUIDED,False,-7.9262264,112.594866,152.35,0.0,0.0,IDLE,,
1785926056.843,2026-08-05 17:34:16,GUIDED,False,-7.9262264,112.594866,152.34,0.0,0.0,IDLE,,
1785926056.987,2026-08-05 17:34:16,GUIDED,False,-7.9262264,112.594866,152.35,0.0,0.0,IDLE,,
1785926057.376,2026-08-05 17:34:17,GUIDED,False,-7.9262264,112.594866,152.34,0.0,0.0,IDLE,,
1785926057.824,2026-08-05 17:34:17,GUIDED,False,-7.9262264,112.594866,152.33,0.0,0.0,IDLE,,
1785926058.102,2026-08-05 17:34:18,GUIDED,False,-7.9262264,112.594866,152.33,0.0,0.0,IDLE,,
1785926058.366,2026-08-05 17:34:18,GUIDED,False,-7.9262264,112.594866,152.3,0.0,0.0,IDLE,,
1785926058.528,2026-08-05 17:34:18,GUIDED,False,-7.9262264,112.594866,152.31,0.0,0.0,IDLE,,
1785926058.660,2026-08-05 17:34:18,GUIDED,False,-7.9262264,112.594866,152.31,0.0,0.0,IDLE,,
1785926058.841,2026-08-05 17:34:18,GUIDED,False,-7.9262264,112.594866,152.3,0.0,0.0,IDLE,,
1785926058.978,2026-08-05 17:34:18,GUIDED,False,-7.9262264,112.594866,152.32,0.0,0.0,IDLE,,
1785926059.117,2026-08-05 17:34:19,GUIDED,False,-7.9262264,112.594866,152.31,0.0,0.0,IDLE,,
1785926059.266,2026-08-05 17:34:19,GUIDED,False,-7.9262264,112.594866,152.31,0.0,0.0,IDLE,,
1785926059.401,2026-08-05 17:34:19,GUIDED,False,-7.9262264,112.594866,152.29,0.0,0.0,IDLE,,
1785926059.533,2026-08-05 17:34:19,GUIDED,False,-7.9262264,112.594866,152.3,0.0,0.0,IDLE,,
1785926059.667,2026-08-05 17:34:19,GUIDED,False,-7.9262264,112.594866,152.3,0.0,0.0,IDLE,,
1785926059.799,2026-08-05 17:34:19,GUIDED,False,-7.9262264,112.594866,152.29,0.0,0.0,IDLE,,
1785926059.927,2026-08-05 17:34:19,GUIDED,False,-7.9262264,112.594866,152.28,0.0,0.0,IDLE,,
1785926060.058,2026-08-05 17:34:20,GUIDED,False,-7.9262264,112.594866,152.28,0.0,0.0,IDLE,,
1785926060.196,2026-08-05 17:34:20,GUIDED,False,-7.9262264,112.594866,152.27,0.0,0.0,IDLE,,
1785926060.330,2026-08-05 17:34:20,GUIDED,False,-7.9262264,112.594866,152.28,0.0,0.0,IDLE,,
1785926060.461,2026-08-05 17:34:20,GUIDED,False,-7.9262264,112.594866,152.29,0.0,0.0,IDLE,,
1785926060.595,2026-08-05 17:34:20,GUIDED,False,-7.9262264,112.594866,152.28,0.0,0.0,IDLE,,
1785926060.723,2026-08-05 17:34:20,GUIDED,False,-7.9262264,112.594866,152.29,0.0,0.0,IDLE,,
1785926060.859,2026-08-05 17:34:20,GUIDED,False,-7.9262264,112.594866,152.28,0.0,0.0,IDLE,,
1785926060.989,2026-08-05 17:34:20,GUIDED,False,-7.9262264,112.594866,152.3,0.0,0.0,IDLE,,
1785926061.123,2026-08-05 17:34:21,GUIDED,False,-7.9262264,112.594866,152.29,0.0,0.0,IDLE,,
1785926061.252,2026-08-05 17:34:21,GUIDED,False,-7.9262264,112.594866,152.3,0.0,0.0,IDLE,,
1785926061.385,2026-08-05 17:34:21,GUIDED,False,-7.9262264,112.594866,152.3,0.0,0.0,IDLE,,
1785926061.514,2026-08-05 17:34:21,GUIDED,False,-7.9262264,112.594866,152.31,0.0,0.0,IDLE,,
1785926061.651,2026-08-05 17:34:21,GUIDED,False,-7.9262264,112.594866,152.31,0.0,0.0,IDLE,,
1785926061.817,2026-08-05 17:34:21,GUIDED,False,-7.9262264,112.594866,152.3,0.0,0.0,IDLE,624.0,304.0
1785926062.017,2026-08-05 17:34:22,GUIDED,False,-7.9262264,112.594866,152.3,0.0,0.0,IDLE,,
1785926062.183,2026-08-05 17:34:22,GUIDED,False,-7.9262264,112.594866,152.31,0.0,0.0,IDLE,,
1785926062.333,2026-08-05 17:34:22,GUIDED,False,-7.9262264,112.594866,152.31,0.0,0.0,IDLE,,
1785926062.503,2026-08-05 17:34:22,GUIDED,False,-7.9262264,112.594866,152.32,0.0,0.0,IDLE,,
1785926062.652,2026-08-05 17:34:22,GUIDED,False,-7.9262264,112.594866,152.33,0.0,0.0,IDLE,,
1785926062.809,2026-08-05 17:34:22,GUIDED,False,-7.9262264,112.594866,152.34,0.0,0.0,IDLE,,
1785926062.987,2026-08-05 17:34:22,GUIDED,False,-7.9262264,112.594866,152.35,0.0,0.0,IDLE,,
1785926063.274,2026-08-05 17:34:23,GUIDED,False,-7.9262264,112.594866,152.39,0.0,0.0,IDLE,,
1785926063.531,2026-08-05 17:34:23,GUIDED,False,-7.9262264,112.594866,152.4,0.0,0.0,IDLE,,
1785926063.663,2026-08-05 17:34:23,GUIDED,False,-7.9262264,112.594866,152.4,0.0,0.0,IDLE,,
1785926063.836,2026-08-05 17:34:23,GUIDED,False,-7.9262264,112.594866,152.4,0.0,0.0,IDLE,,
1785926063.970,2026-08-05 17:34:23,GUIDED,False,-7.9262264,112.594866,152.4,0.0,0.0,IDLE,,
1785926064.102,2026-08-05 17:34:24,GUIDED,False,-7.9262264,112.594866,152.39,0.0,0.0,IDLE,,
1785926064.249,2026-08-05 17:34:24,GUIDED,False,-7.9262264,112.594866,152.39,0.0,0.0,IDLE,,
1785926064.460,2026-08-05 17:34:24,GUIDED,False,-7.9262264,112.594866,152.39,0.0,0.0,IDLE,,
1785926064.591,2026-08-05 17:34:24,GUIDED,False,-7.9262264,112.594866,152.39,0.0,0.0,IDLE,,
1785926064.723,2026-08-05 17:34:24,GUIDED,False,-7.9262264,112.594866,152.4,0.0,0.0,IDLE,624.0,304.0
1785926064.860,2026-08-05 17:34:24,GUIDED,False,-7.9262264,112.594866,152.42,0.0,0.0,IDLE,,
1785926064.994,2026-08-05 17:34:24,GUIDED,False,-7.9262264,112.594866,152.43,0.0,0.0,IDLE,,
1785926065.124,2026-08-05 17:34:25,GUIDED,False,-7.9262264,112.594866,152.43,0.0,0.0,IDLE,,
1785926065.253,2026-08-05 17:34:25,GUIDED,False,-7.9262264,112.594866,152.42,0.0,0.0,IDLE,,
1785926065.383,2026-08-05 17:34:25,GUIDED,False,-7.9262264,112.594866,152.43,0.0,0.0,IDLE,,
1785926065.513,2026-08-05 17:34:25,GUIDED,False,-7.9262264,112.594866,152.43,0.0,0.0,IDLE,,
1785926065.640,2026-08-05 17:34:25,GUIDED,False,-7.9262264,112.594866,152.42,0.0,0.0,IDLE,,
1785926065.770,2026-08-05 17:34:25,GUIDED,False,-7.9262264,112.594866,152.43,0.0,0.0,IDLE,,
1785926065.896,2026-08-05 17:34:25,GUIDED,False,-7.9262264,112.594866,152.43,0.0,0.0,IDLE,,
1785926066.024,2026-08-05 17:34:26,GUIDED,False,-7.9262264,112.594866,152.44,0.0,0.0,IDLE,,
1785926066.158,2026-08-05 17:34:26,GUIDED,False,-7.9262264,112.594866,152.45,0.0,0.0,IDLE,,
1785926066.289,2026-08-05 17:34:26,GUIDED,False,-7.9262264,112.594866,152.44,0.0,0.0,IDLE,,
1785926066.419,2026-08-05 17:34:26,GUIDED,False,-7.9262264,112.594866,152.44,0.0,0.0,IDLE,,
1785926066.548,2026-08-05 17:34:26,GUIDED,False,-7.9262264,112.594866,152.46,0.0,0.0,IDLE,,
1785926066.679,2026-08-05 17:34:26,GUIDED,False,-7.9262264,112.594866,152.45,0.0,0.0,IDLE,,
1785926066.814,2026-08-05 17:34:26,GUIDED,False,-7.9262264,112.594866,152.44,0.0,0.0,IDLE,,
1785926066.956,2026-08-05 17:34:26,GUIDED,False,-7.9262264,112.594866,152.44,0.0,0.0,IDLE,,
1785926067.089,2026-08-05 17:34:27,GUIDED,False,-7.9262264,112.594866,152.44,0.0,0.0,IDLE,,
1785926067.221,2026-08-05 17:34:27,GUIDED,False,-7.9262264,112.594866,152.45,0.0,0.0,IDLE,,
1785926067.353,2026-08-05 17:34:27,GUIDED,False,-7.9262264,112.594866,152.45,0.0,0.0,IDLE,,
1785926067.484,2026-08-05 17:34:27,GUIDED,False,-7.9262264,112.594866,152.43,0.0,0.0,IDLE,,
1785926067.619,2026-08-05 17:34:27,GUIDED,False,-7.9262264,112.594866,152.43,0.0,0.0,IDLE,,
1785926067.749,2026-08-05 17:34:27,GUIDED,False,-7.9262264,112.594866,152.42,0.0,0.0,IDLE,,
1785926067.882,2026-08-05 17:34:27,GUIDED,False,-7.9262264,112.594866,152.44,0.0,0.0,IDLE,,
1785926068.014,2026-08-05 17:34:28,GUIDED,False,-7.9262264,112.594866,152.44,0.0,0.0,IDLE,,
1785926068.149,2026-08-05 17:34:28,GUIDED,False,-7.9262264,112.594866,152.44,0.0,0.0,IDLE,,
1785926068.285,2026-08-05 17:34:28,GUIDED,False,-7.9262264,112.594866,152.45,0.0,0.0,IDLE,,
1785926068.415,2026-08-05 17:34:28,GUIDED,False,-7.9262264,112.594866,152.44,0.0,0.0,IDLE,,
1785926068.547,2026-08-05 17:34:28,GUIDED,False,-7.9262264,112.594866,152.43,0.0,0.0,IDLE,,
1785926068.678,2026-08-05 17:34:28,GUIDED,False,-7.9262264,112.594866,152.45,0.0,0.0,IDLE,,
1785926068.832,2026-08-05 17:34:28,GUIDED,False,-7.9262264,112.594866,152.45,0.0,0.0,IDLE,,
1785926068.961,2026-08-05 17:34:28,GUIDED,False,-7.9262264,112.594866,152.46,0.0,0.0,IDLE,,
1785926069.089,2026-08-05 17:34:29,GUIDED,False,-7.9262264,112.594866,152.48,0.0,0.0,IDLE,,
1785926069.225,2026-08-05 17:34:29,GUIDED,False,-7.9262264,112.594866,152.48,0.0,0.0,IDLE,,
1785926069.362,2026-08-05 17:34:29,GUIDED,False,-7.9262264,112.594866,152.48,0.0,0.0,IDLE,,
1785926069.499,2026-08-05 17:34:29,GUIDED,False,-7.9262264,112.594866,152.49,0.0,0.0,IDLE,,
1785926069.630,2026-08-05 17:34:29,GUIDED,False,-7.9262264,112.594866,152.49,0.0,0.0,IDLE,,
1785926069.761,2026-08-05 17:34:29,GUIDED,False,-7.9262264,112.594866,152.49,0.0,0.0,IDLE,,
1785926069.896,2026-08-05 17:34:29,GUIDED,False,-7.9262264,112.594866,152.47,0.0,0.0,IDLE,,
1785926070.024,2026-08-05 17:34:30,GUIDED,False,-7.9262264,112.594866,152.47,0.0,0.0,IDLE,,
1785926070.159,2026-08-05 17:34:30,GUIDED,False,-7.9262264,112.594866,152.48,0.0,0.0,IDLE,,
1785926070.288,2026-08-05 17:34:30,GUIDED,False,-7.9262264,112.594866,152.49,0.0,0.0,IDLE,,
1785926070.421,2026-08-05 17:34:30,GUIDED,False,-7.9262264,112.594866,152.48,0.0,0.0,IDLE,,
1785926070.599,2026-08-05 17:34:30,GUIDED,False,-7.9262264,112.594866,152.46,0.0,0.0,IDLE,,
1785926070.890,2026-08-05 17:34:30,GUIDED,False,-7.9262264,112.594866,152.46,0.0,0.0,IDLE,,
1785926071.033,2026-08-05 17:34:31,GUIDED,False,-7.9262264,112.594866,152.46,0.0,0.0,IDLE,,
1785926071.161,2026-08-05 17:34:31,GUIDED,False,-7.9262264,112.594866,152.46,0.0,0.0,IDLE,,
1785926071.292,2026-08-05 17:34:31,GUIDED,False,-7.9262264,112.594866,152.46,0.0,0.0,IDLE,,
1785926071.425,2026-08-05 17:34:31,GUIDED,False,-7.9262264,112.594866,152.45,0.0,0.0,IDLE,,
1785926071.781,2026-08-05 17:34:31,GUIDED,False,-7.9262264,112.594866,152.45,0.0,0.0,IDLE,,
1785926071.919,2026-08-05 17:34:31,GUIDED,False,-7.9262264,112.594866,152.44,0.0,0.0,IDLE,,
1785926072.051,2026-08-05 17:34:32,GUIDED,False,-7.9262264,112.594866,152.43,0.0,0.0,IDLE,,
1785926072.187,2026-08-05 17:34:32,GUIDED,False,-7.9262264,112.594866,152.44,0.0,0.0,IDLE,,
1785926072.319,2026-08-05 17:34:32,GUIDED,False,-7.9262264,112.594866,152.45,0.0,0.0,IDLE,,
1785926072.457,2026-08-05 17:34:32,GUIDED,False,-7.9262264,112.594866,152.46,0.0,0.0,IDLE,624.0,304.0
1785926072.588,2026-08-05 17:34:32,GUIDED,False,-7.9262264,112.594866,152.46,0.0,0.0,IDLE,,
1785926072.716,2026-08-05 17:34:32,GUIDED,False,-7.9262264,112.594866,152.46,0.0,0.0,IDLE,,
1785926072.848,2026-08-05 17:34:32,GUIDED,False,-7.9262264,112.594866,152.46,0.0,0.0,IDLE,,
1785926072.980,2026-08-05 17:34:32,GUIDED,False,-7.9262264,112.594866,152.46,0.0,0.0,IDLE,,
1785926073.111,2026-08-05 17:34:33,GUIDED,False,-7.9262264,112.594866,152.46,0.0,0.0,IDLE,,
1785926073.240,2026-08-05 17:34:33,GUIDED,False,-7.9262264,112.594866,152.46,0.0,0.0,IDLE,,
1785926073.370,2026-08-05 17:34:33,GUIDED,False,-7.9262264,112.594866,152.48,0.0,0.0,IDLE,,
1785926073.504,2026-08-05 17:34:33,GUIDED,False,-7.9262264,112.594866,152.47,0.0,0.0,IDLE,,
1785926073.640,2026-08-05 17:34:33,GUIDED,False,-7.9262264,112.594866,152.47,0.0,0.0,IDLE,,
1785926073.776,2026-08-05 17:34:33,GUIDED,False,-7.9262264,112.594866,152.47,0.0,0.0,IDLE,,
1785926073.907,2026-08-05 17:34:33,GUIDED,False,-7.9262264,112.594866,152.47,0.0,0.0,IDLE,,
1785926074.037,2026-08-05 17:34:34,GUIDED,False,-7.9262264,112.594866,152.47,0.0,0.0,IDLE,,
1785926074.168,2026-08-05 17:34:34,GUIDED,False,-7.9262264,112.594866,152.48,0.0,0.0,IDLE,,
1785926074.306,2026-08-05 17:34:34,GUIDED,False,-7.9262264,112.594866,152.48,0.0,0.0,IDLE,,
1785926074.441,2026-08-05 17:34:34,GUIDED,False,-7.9262264,112.594866,152.48,0.0,0.0,IDLE,,
1785926074.595,2026-08-05 17:34:34,GUIDED,False,-7.9262264,112.594866,152.49,0.0,0.0,IDLE,,
1785926074.722,2026-08-05 17:34:34,GUIDED,False,-7.9262264,112.594866,152.51,0.0,0.0,IDLE,,
1785926074.856,2026-08-05 17:34:34,GUIDED,False,-7.9262264,112.594866,152.52,0.0,0.0,IDLE,,
1785926074.985,2026-08-05 17:34:34,GUIDED,False,-7.9262264,112.594866,152.51,0.0,0.0,IDLE,,
1785926075.124,2026-08-05 17:34:35,GUIDED,False,-7.9262264,112.594866,152.52,0.0,0.0,IDLE,,
1785926075.253,2026-08-05 17:34:35,GUIDED,False,-7.9262264,112.594866,152.52,0.0,0.0,IDLE,,
1785926075.384,2026-08-05 17:34:35,GUIDED,False,-7.9262264,112.594866,152.5,0.0,0.0,IDLE,,
1785926075.513,2026-08-05 17:34:35,GUIDED,False,-7.9262264,112.594866,152.5,0.0,0.0,IDLE,,
1785926075.643,2026-08-05 17:34:35,GUIDED,False,-7.9262264,112.594866,152.5,0.0,0.0,IDLE,,
1785926075.778,2026-08-05 17:34:35,GUIDED,False,-7.9262264,112.594866,152.5,0.0,0.0,IDLE,,
1785926075.909,2026-08-05 17:34:35,GUIDED,False,-7.9262264,112.594866,152.49,0.0,0.0,IDLE,,
1785926076.038,2026-08-05 17:34:36,GUIDED,False,-7.9262264,112.594866,152.49,0.0,0.0,IDLE,,
1785926076.168,2026-08-05 17:34:36,GUIDED,False,-7.9262264,112.594866,152.48,0.0,0.0,IDLE,,
1785926076.300,2026-08-05 17:34:36,GUIDED,False,-7.9262264,112.594866,152.48,0.0,0.0,IDLE,,
1785926076.430,2026-08-05 17:34:36,GUIDED,False,-7.9262264,112.594866,152.48,0.0,0.0,IDLE,,
1785926076.560,2026-08-05 17:34:36,GUIDED,False,-7.9262264,112.594866,152.49,0.0,0.0,IDLE,,
1785926076.687,2026-08-05 17:34:36,GUIDED,False,-7.9262264,112.594866,152.48,0.0,0.0,IDLE,,
1785926076.819,2026-08-05 17:34:36,GUIDED,False,-7.9262264,112.594866,152.48,0.0,0.0,IDLE,,
1785926076.957,2026-08-05 17:34:36,GUIDED,False,-7.9262264,112.594866,152.47,0.0,0.0,IDLE,,
1785926077.084,2026-08-05 17:34:37,GUIDED,False,-7.9262264,112.594866,152.48,0.0,0.0,IDLE,,
1785926077.211,2026-08-05 17:34:37,GUIDED,False,-7.9262264,112.594866,152.48,0.0,0.0,IDLE,,
1785926077.340,2026-08-05 17:34:37,GUIDED,False,-7.9262264,112.594866,152.5,0.0,0.0,IDLE,,
1785926077.469,2026-08-05 17:34:37,GUIDED,False,-7.9262264,112.594866,152.5,0.0,0.0,IDLE,,
1785926077.600,2026-08-05 17:34:37,GUIDED,False,-7.9262264,112.594866,152.51,0.0,0.0,IDLE,,
1785926077.731,2026-08-05 17:34:37,GUIDED,False,-7.9262264,112.594866,152.51,0.0,0.0,IDLE,,
1785926077.863,2026-08-05 17:34:37,GUIDED,False,-7.9262264,112.594866,152.52,0.0,0.0,IDLE,,
1785926077.996,2026-08-05 17:34:37,GUIDED,False,-7.9262264,112.594866,152.52,0.0,0.0,IDLE,,
1785926078.130,2026-08-05 17:34:38,GUIDED,False,-7.9262264,112.594866,152.52,0.0,0.0,IDLE,,
1785926078.260,2026-08-05 17:34:38,GUIDED,False,-7.9262264,112.594866,152.52,0.0,0.0,IDLE,,
1785926078.394,2026-08-05 17:34:38,GUIDED,False,-7.9262264,112.594866,152.52,0.0,0.0,IDLE,624.0,304.0
1785926078.524,2026-08-05 17:34:38,GUIDED,False,-7.9262264,112.594866,152.54,0.0,0.0,IDLE,,
1785926078.660,2026-08-05 17:34:38,GUIDED,False,-7.9262264,112.594866,152.56,0.0,0.0,IDLE,,
1785926078.804,2026-08-05 17:34:38,GUIDED,False,-7.9262264,112.594866,152.55,0.0,0.0,IDLE,,
1785926078.937,2026-08-05 17:34:38,GUIDED,False,-7.9262264,112.594866,152.57,0.0,0.0,IDLE,,
1785926079.070,2026-08-05 17:34:39,GUIDED,False,-7.9262264,112.594866,152.55,0.0,0.0,IDLE,,
1785926079.202,2026-08-05 17:34:39,GUIDED,False,-7.9262264,112.594866,152.55,0.0,0.0,IDLE,,
1785926079.334,2026-08-05 17:34:39,GUIDED,False,-7.9262264,112.594866,152.54,0.0,0.0,IDLE,,
1785926079.467,2026-08-05 17:34:39,GUIDED,False,-7.9262264,112.594866,152.52,0.0,0.0,IDLE,,
1785926079.602,2026-08-05 17:34:39,GUIDED,False,-7.9262264,112.594866,152.52,0.0,0.0,IDLE,,
1785926079.733,2026-08-05 17:34:39,GUIDED,False,-7.9262264,112.594866,152.52,0.0,0.0,IDLE,,
1785926079.868,2026-08-05 17:34:39,GUIDED,False,-7.9262264,112.594866,152.52,0.0,0.0,IDLE,,
1785926080.002,2026-08-05 17:34:40,GUIDED,False,-7.9262264,112.594866,152.53,0.0,0.0,IDLE,,
1785926080.135,2026-08-05 17:34:40,GUIDED,False,-7.9262264,112.594866,152.53,0.0,0.0,IDLE,,
1785926080.266,2026-08-05 17:34:40,GUIDED,False,-7.9262264,112.594866,152.54,0.0,0.0,IDLE,,
1785926080.395,2026-08-05 17:34:40,GUIDED,False,-7.9262264,112.594866,152.54,0.0,0.0,IDLE,,
1785926080.527,2026-08-05 17:34:40,GUIDED,False,-7.9262264,112.594866,152.54,0.0,0.0,IDLE,,
1785926080.659,2026-08-05 17:34:40,GUIDED,False,-7.9262264,112.594866,152.55,0.0,0.0,IDLE,,
1785926080.789,2026-08-05 17:34:40,GUIDED,False,-7.9262264,112.594866,152.56,0.0,0.0,IDLE,,
1785926080.922,2026-08-05 17:34:40,GUIDED,False,-7.9262264,112.594866,152.55,0.0,0.0,IDLE,,
1785926081.060,2026-08-05 17:34:41,GUIDED,False,-7.9262264,112.594866,152.56,0.0,0.0,IDLE,,
1785926081.197,2026-08-05 17:34:41,GUIDED,False,-7.9262264,112.594866,152.57,0.0,0.0,IDLE,,
1785926081.327,2026-08-05 17:34:41,GUIDED,False,-7.9262264,112.594866,152.57,0.0,0.0,IDLE,,
1785926081.465,2026-08-05 17:34:41,GUIDED,False,-7.9262264,112.594866,152.57,0.0,0.0,IDLE,,
1785926081.595,2026-08-05 17:34:41,GUIDED,False,-7.9262264,112.594866,152.58,0.0,0.0,IDLE,624.0,304.0
1785926081.728,2026-08-05 17:34:41,GUIDED,False,-7.9262264,112.594866,152.58,0.0,0.0,IDLE,,
1785926081.857,2026-08-05 17:34:41,GUIDED,False,-7.9262264,112.594866,152.57,0.0,0.0,IDLE,,
1785926081.996,2026-08-05 17:34:41,GUIDED,False,-7.9262264,112.594866,152.58,0.0,0.0,IDLE,,
1785926082.127,2026-08-05 17:34:42,GUIDED,False,-7.9262264,112.594866,152.58,0.0,0.0,IDLE,,
1785926082.256,2026-08-05 17:34:42,GUIDED,False,-7.9262264,112.594866,152.57,0.0,0.0,IDLE,,
1785926082.390,2026-08-05 17:34:42,GUIDED,False,-7.9262264,112.594866,152.57,0.0,0.0,IDLE,,
1785926082.531,2026-08-05 17:34:42,GUIDED,False,-7.9262264,112.594866,152.58,0.0,0.0,IDLE,,
1785926082.662,2026-08-05 17:34:42,GUIDED,False,-7.9262264,112.594866,152.58,0.0,0.0,IDLE,,
1785926082.794,2026-08-05 17:34:42,GUIDED,False,-7.9262264,112.594866,152.58,0.0,0.0,IDLE,,
1785926082.924,2026-08-05 17:34:42,GUIDED,False,-7.9262264,112.594866,152.58,0.0,0.0,IDLE,,
1785926083.059,2026-08-05 17:34:43,GUIDED,False,-7.9262264,112.594866,152.59,0.0,0.0,IDLE,,
1785926083.189,2026-08-05 17:34:43,GUIDED,False,-7.9262264,112.594866,152.59,0.0,0.0,IDLE,,
1785926083.319,2026-08-05 17:34:43,GUIDED,False,-7.9262264,112.594866,152.6,0.0,0.0,IDLE,,
1785926083.453,2026-08-05 17:34:43,GUIDED,False,-7.9262264,112.594866,152.62,0.0,0.0,IDLE,,
1785926083.584,2026-08-05 17:34:43,GUIDED,False,-7.9262264,112.594866,152.63,0.0,0.0,IDLE,,
1785926083.713,2026-08-05 17:34:43,GUIDED,False,-7.9262264,112.594866,152.63,0.0,0.0,IDLE,,
1785926083.851,2026-08-05 17:34:43,GUIDED,False,-7.9262264,112.594866,152.63,0.0,0.0,IDLE,,
1785926083.979,2026-08-05 17:34:43,GUIDED,False,-7.9262264,112.594866,152.63,0.0,0.0,IDLE,,
1785926084.107,2026-08-05 17:34:44,GUIDED,False,-7.9262264,112.594866,152.65,0.0,0.0,IDLE,,
1785926084.239,2026-08-05 17:34:44,GUIDED,False,-7.9262264,112.594866,152.63,0.0,0.0,IDLE,,
1785926084.370,2026-08-05 17:34:44,GUIDED,False,-7.9262264,112.594866,152.63,0.0,0.0,IDLE,,
1785926084.501,2026-08-05 17:34:44,GUIDED,False,-7.9262264,112.594866,152.64,0.0,0.0,IDLE,,
1785926084.630,2026-08-05 17:34:44,GUIDED,False,-7.9262264,112.594866,152.64,0.0,0.0,IDLE,,
1785926084.773,2026-08-05 17:34:44,GUIDED,False,-7.9262264,112.594866,152.64,0.0,0.0,IDLE,,
1785926084.900,2026-08-05 17:34:44,GUIDED,False,-7.9262264,112.594866,152.64,0.0,0.0,IDLE,,
1785926085.029,2026-08-05 17:34:45,GUIDED,False,-7.9262264,112.594866,152.63,0.0,0.0,IDLE,,
1785926085.161,2026-08-05 17:34:45,GUIDED,False,-7.9262264,112.594866,152.63,0.0,0.0,IDLE,,
1785926085.291,2026-08-05 17:34:45,GUIDED,False,-7.9262264,112.594866,152.64,0.0,0.0,IDLE,,
1785926085.422,2026-08-05 17:34:45,GUIDED,False,-7.9262264,112.594866,152.63,0.0,0.0,IDLE,,
1785926085.552,2026-08-05 17:34:45,GUIDED,False,-7.9262264,112.594866,152.65,0.0,0.0,IDLE,,
1785926085.681,2026-08-05 17:34:45,GUIDED,False,-7.9262264,112.594866,152.66,0.0,0.0,IDLE,,
1785926085.813,2026-08-05 17:34:45,GUIDED,False,-7.9262264,112.594866,152.65,0.0,0.0,IDLE,,
1785926085.945,2026-08-05 17:34:45,GUIDED,False,-7.9262264,112.594866,152.66,0.0,0.0,IDLE,,
1785926086.074,2026-08-05 17:34:46,GUIDED,False,-7.9262264,112.594866,152.69,0.0,0.0,IDLE,,
1785926086.203,2026-08-05 17:34:46,GUIDED,False,-7.9262264,112.594866,152.68,0.0,0.0,IDLE,,
1785926086.331,2026-08-05 17:34:46,GUIDED,False,-7.9262264,112.594866,152.68,0.0,0.0,IDLE,,
1785926086.459,2026-08-05 17:34:46,GUIDED,False,-7.9262264,112.594866,152.68,0.0,0.0,IDLE,,
1785926086.593,2026-08-05 17:34:46,GUIDED,False,-7.9262264,112.594866,152.68,0.0,0.0,IDLE,,
1785926086.725,2026-08-05 17:34:46,GUIDED,False,-7.9262264,112.594866,152.68,0.0,0.0,IDLE,,
1785926086.859,2026-08-05 17:34:46,GUIDED,False,-7.9262264,112.594866,152.7,0.0,0.0,IDLE,,
1785926087.009,2026-08-05 17:34:47,GUIDED,False,-7.9262264,112.594866,152.7,0.0,0.0,IDLE,,
1785926087.304,2026-08-05 17:34:47,GUIDED,False,-7.9262264,112.594866,152.71,0.0,0.0,IDLE,,
1785926087.433,2026-08-05 17:34:47,GUIDED,False,-7.9262264,112.594866,152.72,0.0,0.0,IDLE,,
1785926087.562,2026-08-05 17:34:47,GUIDED,False,-7.9262264,112.594866,152.73,0.0,0.0,IDLE,,
1785926087.695,2026-08-05 17:34:47,GUIDED,False,-7.9262264,112.594866,152.72,0.0,0.0,IDLE,,
1785926087.831,2026-08-05 17:34:47,GUIDED,False,-7.9262264,112.594866,152.73,0.0,0.0,IDLE,,
1785926087.962,2026-08-05 17:34:47,GUIDED,False,-7.9262264,112.594866,152.75,0.0,0.0,IDLE,,
1785926088.092,2026-08-05 17:34:48,GUIDED,False,-7.9262264,112.594866,152.77,0.0,0.0,IDLE,,
1785926088.222,2026-08-05 17:34:48,GUIDED,False,-7.9262264,112.594866,152.76,0.0,0.0,IDLE,,
1785926088.356,2026-08-05 17:34:48,GUIDED,False,-7.9262264,112.594866,152.76,0.0,0.0,IDLE,,
1785926088.493,2026-08-05 17:34:48,GUIDED,False,-7.9262264,112.594866,152.76,0.0,0.0,IDLE,,
1785926088.655,2026-08-05 17:34:48,GUIDED,False,-7.9262264,112.594866,152.76,0.0,0.0,IDLE,,
1785926088.796,2026-08-05 17:34:48,GUIDED,False,-7.9262264,112.594866,152.76,0.0,0.0,IDLE,,
1785926088.926,2026-08-05 17:34:48,GUIDED,False,-7.9262264,112.594866,152.76,0.0,0.0,IDLE,,
1785926089.055,2026-08-05 17:34:49,GUIDED,False,-7.9262264,112.594866,152.76,0.0,0.0,IDLE,,
1785926089.205,2026-08-05 17:34:49,GUIDED,False,-7.9262264,112.594866,152.78,0.0,0.0,IDLE,,
1785926089.379,2026-08-05 17:34:49,GUIDED,False,-7.9262264,112.594866,152.78,0.0,0.0,IDLE,,
1785926089.508,2026-08-05 17:34:49,GUIDED,False,-7.9262264,112.594866,152.78,0.0,0.0,IDLE,,
1785926089.635,2026-08-05 17:34:49,GUIDED,False,-7.9262264,112.594866,152.77,0.0,0.0,IDLE,,
1785926089.844,2026-08-05 17:34:49,GUIDED,False,-7.9262264,112.594866,152.76,0.0,0.0,IDLE,,
1785926090.010,2026-08-05 17:34:50,GUIDED,False,-7.9262264,112.594866,152.78,0.0,0.0,IDLE,,
1785926090.160,2026-08-05 17:34:50,GUIDED,False,-7.9262264,112.594866,152.76,0.0,0.0,IDLE,,
1785926090.307,2026-08-05 17:34:50,GUIDED,False,-7.9262264,112.594866,152.77,0.0,0.0,IDLE,,
1785926090.460,2026-08-05 17:34:50,GUIDED,False,-7.9262264,112.594866,152.77,0.0,0.0,IDLE,,
1785926090.600,2026-08-05 17:34:50,GUIDED,False,-7.9262264,112.594866,152.77,0.0,0.0,IDLE,,
1785926090.732,2026-08-05 17:34:50,GUIDED,False,-7.9262264,112.594866,152.77,0.0,0.0,IDLE,,
1785926090.899,2026-08-05 17:34:50,GUIDED,False,-7.9262264,112.594866,152.74,0.0,0.0,IDLE,,
1785926091.044,2026-08-05 17:34:51,GUIDED,False,-7.9262264,112.594866,152.73,0.0,0.0,IDLE,,
1785926091.174,2026-08-05 17:34:51,GUIDED,False,-7.9262264,112.594866,152.75,0.0,0.0,IDLE,,
1785926091.308,2026-08-05 17:34:51,GUIDED,False,-7.9262264,112.594866,152.74,0.0,0.0,IDLE,,
1785926091.449,2026-08-05 17:34:51,GUIDED,False,-7.9262264,112.594866,152.75,0.0,0.0,IDLE,,
1785926091.582,2026-08-05 17:34:51,GUIDED,False,-7.9262264,112.594866,152.74,0.0,0.0,IDLE,,
1785926091.713,2026-08-05 17:34:51,GUIDED,False,-7.9262264,112.594866,152.75,0.0,0.0,IDLE,,
1785926091.843,2026-08-05 17:34:51,GUIDED,False,-7.9262264,112.594866,152.73,0.0,0.0,IDLE,,
1785926091.980,2026-08-05 17:34:51,GUIDED,False,-7.9262264,112.594866,152.74,0.0,0.0,IDLE,,
1785926092.144,2026-08-05 17:34:52,GUIDED,False,-7.9262264,112.594866,152.75,0.0,0.0,IDLE,,
1785926092.285,2026-08-05 17:34:52,GUIDED,False,-7.9262264,112.594866,152.75,0.0,0.0,IDLE,,
1785926092.414,2026-08-05 17:34:52,GUIDED,False,-7.9262264,112.594866,152.75,0.0,0.0,IDLE,,
1785926092.552,2026-08-05 17:34:52,GUIDED,False,-7.9262264,112.594866,152.74,0.0,0.0,IDLE,,
1785926092.705,2026-08-05 17:34:52,GUIDED,False,-7.9262264,112.594866,152.75,0.0,0.0,IDLE,,
1785926092.850,2026-08-05 17:34:52,GUIDED,False,-7.9262264,112.594866,152.76,0.0,0.0,IDLE,,
1785926092.987,2026-08-05 17:34:52,GUIDED,False,-7.9262264,112.594866,152.76,0.0,0.0,IDLE,623.0,303.0
1785926093.137,2026-08-05 17:34:53,GUIDED,False,-7.9262264,112.594866,152.77,0.0,0.0,IDLE,,
1785926093.265,2026-08-05 17:34:53,GUIDED,False,-7.9262264,112.594866,152.76,0.0,0.0,IDLE,,
1785926093.403,2026-08-05 17:34:53,GUIDED,False,-7.9262264,112.594866,152.76,0.0,0.0,IDLE,,
